price_date,open,high,low,close,adj_close,volume,rule
2019-06-10,60.0,60.0,57.0,58.20000076293945,58.20000076293945,442,return_jump_no_corp_action
2019-06-11,59.400001525878906,63.0,59.400001525878906,63.0,63.0,75,return_jump_no_corp_action
2019-06-12,70.19999694824219,92.87999725341797,70.19999694824219,84.9000015258789,84.9000015258789,533,return_jump_no_corp_action
2019-06-13,85.80000305175781,85.80000305175781,73.80000305175781,84.0,84.0,175,return_jump_no_corp_action
2019-06-14,80.4000015258789,80.4000015258789,73.80000305175781,78.0,78.0,133,return_jump_no_corp_action
2019-06-17,82.19999694824219,82.31999969482422,82.19999694824219,82.31999969482422,82.31999969482422,50,return_jump_no_corp_action
2019-06-18,83.27999877929688,91.19999694824219,83.27999877929688,91.19999694824219,91.19999694824219,92,return_jump_no_corp_action
2019-06-19,91.55999755859375,92.04000091552734,91.19999694824219,91.91999816894531,91.91999816894531,183,return_jump_no_corp_action
2019-06-20,91.80000305175781,91.80000305175781,91.19999694824219,91.80000305175781,91.80000305175781,117,return_jump_no_corp_action
2019-06-21,90.5999984741211,98.4000015258789,90.5999984741211,98.4000015258789,98.4000015258789,108,return_jump_no_corp_action
2019-06-24,99.12000274658203,110.4000015258789,78.0,96.0,96.0,242,return_jump_no_corp_action
2019-06-25,99.23999786376953,99.5999984741211,99.23999786376953,99.5999984741211,99.5999984741211,25,return_jump_no_corp_action
2019-06-26,99.72000122070312,99.72000122070312,99.72000122070312,99.72000122070312,99.72000122070312,25,return_jump_no_corp_action
2019-06-27,96.72000122070312,96.72000122070312,93.72000122070312,93.72000122070312,93.72000122070312,50,return_jump_no_corp_action
2019-06-28,90.5999984741211,96.0,90.5999984741211,95.87999725341797,95.87999725341797,75,return_jump_no_corp_action
2019-07-01,94.19999694824219,94.19999694824219,94.19999694824219,94.19999694824219,94.19999694824219,25,return_jump_no_corp_action
2019-07-02,87.0,98.4000015258789,87.0,98.4000015258789,98.4000015258789,100,return_jump_no_corp_action
2019-07-03,93.0,98.4000015258789,93.0,98.4000015258789,98.4000015258789,33,return_jump_no_corp_action
2019-07-05,98.4000015258789,98.4000015258789,98.4000015258789,98.4000015258789,98.4000015258789,25,return_jump_no_corp_action
2019-07-08,90.0,90.0,90.0,90.0,90.0,25,return_jump_no_corp_action
2019-07-09,87.4800033569336,91.19999694824219,87.0,91.19999694824219,91.19999694824219,33,return_jump_no_corp_action
2019-07-10,73.31999969482422,83.76000213623047,72.5999984741211,83.76000213623047,83.76000213623047,75,return_jump_no_corp_action
2019-07-11,91.19999694824219,98.16000366210938,74.5199966430664,98.16000366210938,98.16000366210938,92,return_jump_no_corp_action
2019-07-12,83.5199966430664,96.0,74.4000015258789,81.0,81.0,158,return_jump_no_corp_action
2019-07-15,93.0,97.19999694824219,93.0,97.19999694824219,97.19999694824219,17,return_jump_no_corp_action
2019-07-16,97.19999694824219,97.19999694824219,97.19999694824219,97.19999694824219,97.19999694824219,0,return_jump_no_corp_action
2019-07-17,97.19999694824219,97.19999694824219,97.19999694824219,97.19999694824219,97.19999694824219,8,return_jump_no_corp_action
2019-07-18,97.19999694824219,97.19999694824219,97.19999694824219,97.19999694824219,97.19999694824219,0,return_jump_no_corp_action
2019-07-19,97.19999694824219,97.19999694824219,97.19999694824219,97.19999694824219,97.19999694824219,8,return_jump_no_corp_action
2019-07-22,78.5999984741211,90.5999984741211,78.5999984741211,90.5999984741211,90.5999984741211,33,return_jump_no_corp_action
2019-07-23,79.19999694824219,90.4800033569336,79.19999694824219,90.4800033569336,90.4800033569336,125,return_jump_no_corp_action
2019-07-24,87.0,90.0,85.19999694824219,90.0,90.0,25,return_jump_no_corp_action
2019-07-25,90.0,90.0,90.0,90.0,90.0,8,return_jump_no_corp_action
2019-07-26,90.0,90.0,90.0,90.0,90.0,8,return_jump_no_corp_action
2019-07-29,81.23999786376953,81.23999786376953,81.23999786376953,81.23999786376953,81.23999786376953,17,return_jump_no_corp_action
2019-07-30,81.83999633789062,84.18000030517578,72.72000122070312,80.5199966430664,80.5199966430664,133,return_jump_no_corp_action
2019-07-31,81.0,89.5199966430664,81.0,89.5199966430664,89.5199966430664,33,return_jump_no_corp_action
2019-08-01,89.5199966430664,89.5199966430664,89.5199966430664,89.5199966430664,89.5199966430664,8,return_jump_no_corp_action
2019-08-02,86.4000015258789,88.80000305175781,86.4000015258789,88.80000305175781,88.80000305175781,33,return_jump_no_corp_action
2019-08-05,76.08000183105469,89.5199966430664,75.77999877929688,81.0,81.0,117,return_jump_no_corp_action
2019-08-06,87.5999984741211,90.4800033569336,86.4000015258789,87.0,87.0,175,return_jump_no_corp_action
2019-08-07,87.5999984741211,90.4800033569336,86.4000015258789,87.0,87.0,8,return_jump_no_corp_action
2019-08-08,86.4000015258789,90.23999786376953,86.4000015258789,90.23999786376953,90.23999786376953,225,return_jump_no_corp_action
2019-08-09,90.4800033569336,90.4800033569336,90.4800033569336,90.4800033569336,90.4800033569336,25,return_jump_no_corp_action
2019-08-12,82.62000274658203,93.4800033569336,82.62000274658203,93.4800033569336,93.4800033569336,83,return_jump_no_corp_action
2019-08-13,93.0,95.27999877929688,93.0,95.27999877929688,95.27999877929688,142,return_jump_no_corp_action
2019-08-14,94.80000305175781,95.76000213623047,94.80000305175781,95.76000213623047,95.76000213623047,50,return_jump_no_corp_action
2019-08-15,95.76000213623047,95.76000213623047,94.80000305175781,95.76000213623047,95.76000213623047,33,return_jump_no_corp_action
2019-08-16,95.4000015258789,95.4000015258789,95.4000015258789,95.4000015258789,95.4000015258789,0,return_jump_no_corp_action
2019-08-19,95.76000213623047,95.76000213623047,95.76000213623047,95.76000213623047,95.76000213623047,17,return_jump_no_corp_action
2019-08-20,95.76000213623047,95.76000213623047,95.76000213623047,95.76000213623047,95.76000213623047,0,return_jump_no_corp_action
2019-08-21,89.16000366210938,90.0,89.16000366210938,90.0,90.0,33,return_jump_no_corp_action
2019-08-22,90.0,91.19999694824219,90.0,91.19999694824219,91.19999694824219,75,return_jump_no_corp_action
2019-08-23,90.0,90.0,90.0,90.0,90.0,33,return_jump_no_corp_action
2019-08-26,90.0,90.0,81.0,84.0,84.0,100,return_jump_no_corp_action
2019-08-27,93.76799774169922,93.76799774169922,85.5,93.5999984741211,93.5999984741211,75,return_jump_no_corp_action
2019-08-28,93.5999984741211,93.5999984741211,93.5999984741211,93.5999984741211,93.5999984741211,0,return_jump_no_corp_action
2019-08-29,86.76000213623047,95.4000015258789,81.0,95.4000015258789,95.4000015258789,200,return_jump_no_corp_action
2019-08-30,114.0,114.0,95.76000213623047,98.63999938964844,98.63999938964844,150,return_jump_no_corp_action
2019-09-03,98.63999938964844,98.63999938964844,98.63999938964844,98.63999938964844,98.63999938964844,0,return_jump_no_corp_action
2019-09-04,92.4000015258789,120.0,86.4000015258789,120.0,120.0,558,return_jump_no_corp_action
2019-09-05,103.80000305175781,126.0,103.80000305175781,126.0,126.0,117,return_jump_no_corp_action
2019-09-06,118.80000305175781,126.0,112.62000274658203,124.80000305175781,124.80000305175781,75,return_jump_no_corp_action
2019-09-09,119.27999877929688,129.0,119.27999877929688,129.0,129.0,183,return_jump_no_corp_action
2019-09-10,129.0,129.0,129.0,129.0,129.0,0,return_jump_no_corp_action
2019-09-11,130.67999267578125,130.67999267578125,120.0,125.76000213623047,125.76000213623047,83,return_jump_no_corp_action
2019-09-12,125.5199966430664,126.0,125.5199966430664,126.0,126.0,33,return_jump_no_corp_action
2019-09-13,127.91999816894531,128.39999389648438,126.5999984741211,126.5999984741211,126.5999984741211,33,return_jump_no_corp_action
2019-09-16,125.5199966430664,126.0,125.5199966430664,126.0,126.0,42,return_jump_no_corp_action
2019-09-17,126.0,126.0,126.0,126.0,126.0,8,return_jump_no_corp_action
2019-09-18,119.5199966430664,120.0,119.5199966430664,120.0,120.0,75,return_jump_no_corp_action
2019-09-19,119.76000213623047,119.76000213623047,119.76000213623047,119.76000213623047,119.76000213623047,33,return_jump_no_corp_action
2019-09-20,126.0,126.0,126.0,126.0,126.0,8,return_jump_no_corp_action
2019-09-23,120.0,132.0,114.0,129.0,129.0,158,return_jump_no_corp_action
2019-09-24,130.67999267578125,159.0,130.67999267578125,159.0,159.0,67,return_jump_no_corp_action
2019-09-25,159.0,159.0,159.0,159.0,159.0,17,return_jump_no_corp_action
2019-09-26,155.39999389648438,155.39999389648438,153.60000610351562,153.60000610351562,153.60000610351562,33,return_jump_no_corp_action
2019-09-27,153.60000610351562,153.60000610351562,151.1999969482422,153.60000610351562,153.60000610351562,83,return_jump_no_corp_action
2019-09-30,156.60000610351562,156.60000610351562,153.0,153.0,153.0,25,return_jump_no_corp_action
2019-10-01,147.0,147.0,147.0,147.0,147.0,100,return_jump_no_corp_action
2019-10-02,147.0,152.52000427246094,145.1999969482422,147.0,147.0,142,return_jump_no_corp_action
2019-10-03,147.0,147.0,147.0,147.0,147.0,0,return_jump_no_corp_action
2019-10-04,140.52000427246094,140.52000427246094,116.5199966430664,132.0,132.0,67,return_jump_no_corp_action
2019-10-07,120.12000274658203,131.8800048828125,117.0,124.19999694824219,124.19999694824219,75,return_jump_no_corp_action
2019-10-08,124.19999694824219,124.19999694824219,124.19999694824219,124.19999694824219,124.19999694824219,8,return_jump_no_corp_action
2019-10-09,124.80000305175781,144.0,124.80000305175781,144.0,144.0,58,return_jump_no_corp_action
2019-10-10,144.0,144.0,123.5999984741211,141.60000610351562,141.60000610351562,100,return_jump_no_corp_action
2019-10-11,141.60000610351562,141.60000610351562,140.52000427246094,140.52000427246094,140.52000427246094,42,return_jump_no_corp_action
2019-10-14,140.39999389648438,141.0,140.39999389648438,140.39999389648438,140.39999389648438,50,return_jump_no_corp_action
2019-10-15,140.39999389648438,141.0,124.19999694824219,141.0,141.0,133,return_jump_no_corp_action
2019-10-16,141.0,141.83999633789062,141.0,141.83999633789062,141.83999633789062,67,return_jump_no_corp_action
2019-10-17,126.23999786376953,141.47999572753906,126.23999786376953,140.39999389648438,140.39999389648438,125,return_jump_no_corp_action
2019-10-18,127.19999694824219,140.0399932861328,127.19999694824219,140.0399932861328,140.0399932861328,67,return_jump_no_corp_action
2019-10-21,127.55999755859375,139.8000030517578,127.55999755859375,139.8000030517578,139.8000030517578,75,return_jump_no_corp_action
2019-10-22,138.47999572753906,138.9600067138672,128.27999877929688,138.9600067138672,138.9600067138672,50,return_jump_no_corp_action
2019-10-23,137.52000427246094,138.0,128.27999877929688,136.0800018310547,136.0800018310547,125,return_jump_no_corp_action
2019-10-24,131.39999389648438,132.60000610351562,126.0,131.52000427246094,131.52000427246094,133,return_jump_no_corp_action
2019-10-25,132.0,141.60000610351562,108.0,122.4000015258789,122.4000015258789,258,return_jump_no_corp_action
2019-10-28,121.91999816894531,122.16000366210938,121.44000244140625,122.16000366210938,122.16000366210938,33,return_jump_no_corp_action
2019-10-29,121.68000030517578,123.0,121.68000030517578,123.0,123.0,75,return_jump_no_corp_action
2019-10-30,122.4000015258789,126.0,120.0,122.4000015258789,122.4000015258789,67,return_jump_no_corp_action
2019-10-31,123.0,129.0,120.83999633789062,120.83999633789062,120.83999633789062,75,return_jump_no_corp_action
2019-11-01,120.83999633789062,131.63999938964844,120.12000274658203,120.12000274658203,120.12000274658203,67,return_jump_no_corp_action
2019-11-04,126.5999984741211,139.67999267578125,126.5999984741211,137.75999450683594,137.75999450683594,158,return_jump_no_corp_action
2019-11-05,138.47999572753906,141.60000610351562,132.60000610351562,141.1199951171875,141.1199951171875,142,return_jump_no_corp_action
2019-11-06,141.60000610351562,141.83999633789062,141.60000610351562,141.83999633789062,141.83999633789062,75,return_jump_no_corp_action
2019-11-07,141.36000061035156,143.8800048828125,141.36000061035156,143.8800048828125,143.8800048828125,42,return_jump_no_corp_action
2019-11-08,138.1199951171875,146.27999877929688,132.0,137.52000427246094,137.52000427246094,183,return_jump_no_corp_action
2019-11-11,137.75999450683594,144.0,133.32000732421875,137.27999877929688,137.27999877929688,75,return_jump_no_corp_action
2019-11-12,137.27999877929688,143.52000427246094,132.72000122070312,132.72000122070312,132.72000122070312,83,return_jump_no_corp_action
2019-11-13,139.0800018310547,139.0800018310547,132.72000122070312,135.0,135.0,83,return_jump_no_corp_action
2019-11-14,134.27999877929688,134.27999877929688,132.0,133.44000244140625,133.44000244140625,58,return_jump_no_corp_action
2019-11-15,134.16000366210938,138.0,132.60000610351562,137.75999450683594,137.75999450683594,108,return_jump_no_corp_action
2019-11-18,132.24000549316406,138.1199951171875,127.44000244140625,133.1999969482422,133.1999969482422,133,return_jump_no_corp_action
2019-11-19,134.10000610351562,135.0,127.80000305175781,130.8000030517578,130.8000030517578,50,return_jump_no_corp_action
2019-11-20,131.39999389648438,132.0,120.36000061035156,127.80000305175781,127.80000305175781,175,return_jump_no_corp_action
2019-11-21,127.68000030517578,131.39999389648438,120.5999984741211,130.8000030517578,130.8000030517578,83,return_jump_no_corp_action
2019-11-22,130.8000030517578,130.8000030517578,130.8000030517578,130.8000030517578,130.8000030517578,8,return_jump_no_corp_action
2019-11-25,115.91999816894531,115.91999816894531,115.55999755859375,115.55999755859375,115.55999755859375,25,return_jump_no_corp_action
2019-11-26,124.19999694824219,124.19999694824219,120.0,120.0,120.0,67,return_jump_no_corp_action
2019-11-27,120.0,120.0,120.0,120.0,120.0,0,return_jump_no_corp_action
2019-11-29,117.0,117.0,109.80000305175781,109.80000305175781,109.80000305175781,50,return_jump_no_corp_action
2019-12-02,108.36000061035156,116.87999725341797,108.36000061035156,116.87999725341797,116.87999725341797,50,return_jump_no_corp_action
2019-12-03,116.63999938964844,116.63999938964844,116.63999938964844,116.63999938964844,116.63999938964844,25,return_jump_no_corp_action
2019-12-04,116.87999725341797,121.19999694824219,116.87999725341797,121.19999694824219,121.19999694824219,75,return_jump_no_corp_action
2019-12-05,120.12000274658203,126.0,120.0,126.0,126.0,83,return_jump_no_corp_action
2019-12-06,120.12000274658203,120.12000274658203,120.12000274658203,120.12000274658203,120.12000274658203,8,return_jump_no_corp_action
2019-12-09,120.12000274658203,120.36000061035156,120.12000274658203,120.36000061035156,120.36000061035156,92,return_jump_no_corp_action
2019-12-10,120.36000061035156,120.36000061035156,120.36000061035156,120.36000061035156,120.36000061035156,0,return_jump_no_corp_action
2019-12-11,111.72000122070312,121.80000305175781,111.72000122070312,121.80000305175781,121.80000305175781,58,return_jump_no_corp_action
2019-12-12,121.80000305175781,121.80000305175781,121.80000305175781,121.80000305175781,121.80000305175781,0,return_jump_no_corp_action
2019-12-13,121.80000305175781,121.80000305175781,121.80000305175781,121.80000305175781,121.80000305175781,0,return_jump_no_corp_action
2019-12-16,121.80000305175781,121.80000305175781,121.80000305175781,121.80000305175781,121.80000305175781,0,return_jump_no_corp_action
2019-12-17,111.5999984741211,117.5999984741211,108.5999984741211,117.5999984741211,117.5999984741211,50,return_jump_no_corp_action
2019-12-18,108.5999984741211,108.5999984741211,108.36000061035156,108.36000061035156,108.36000061035156,33,return_jump_no_corp_action
2019-12-19,108.36000061035156,108.36000061035156,108.36000061035156,108.36000061035156,108.36000061035156,0,return_jump_no_corp_action
2019-12-20,111.0,112.68000030517578,111.0,112.68000030517578,112.68000030517578,117,return_jump_no_corp_action
2019-12-23,112.19999694824219,112.19999694824219,112.19999694824219,112.19999694824219,112.19999694824219,50,return_jump_no_corp_action
2019-12-24,112.19999694824219,120.0,112.19999694824219,120.0,120.0,67,return_jump_no_corp_action
2019-12-26,105.12000274658203,110.87999725341797,105.12000274658203,110.4000015258789,110.4000015258789,75,return_jump_no_corp_action
2019-12-27,109.80000305175781,109.80000305175781,109.80000305175781,109.80000305175781,109.80000305175781,25,return_jump_no_corp_action
2019-12-30,109.80000305175781,109.80000305175781,109.80000305175781,109.80000305175781,109.80000305175781,17,return_jump_no_corp_action
2019-12-31,109.08000183105469,109.19999694824219,104.76000213623047,106.86000061035156,106.86000061035156,175,return_jump_no_corp_action
2020-01-02,114.95999908447266,119.63999938964844,114.83999633789062,119.63999938964844,119.63999938964844,100,return_jump_no_corp_action
2020-01-03,119.63999938964844,126.0,119.63999938964844,120.23999786376953,120.23999786376953,125,return_jump_no_corp_action
2020-01-06,123.23999786376953,123.23999786376953,123.23999786376953,123.23999786376953,123.23999786376953,33,return_jump_no_corp_action
2020-01-07,120.0,123.12000274658203,120.0,123.12000274658203,123.12000274658203,67,return_jump_no_corp_action
2020-01-08,123.12000274658203,123.12000274658203,123.12000274658203,123.12000274658203,123.12000274658203,0,return_jump_no_corp_action
2020-01-09,113.27999877929688,113.27999877929688,102.0,102.0,102.0,208,return_jump_no_corp_action
2020-01-10,105.0,118.19999694824219,105.0,117.4800033569336,117.4800033569336,133,return_jump_no_corp_action
2020-01-13,117.0,117.0,117.0,117.0,117.0,25,return_jump_no_corp_action
2020-01-14,117.0,117.0,117.0,117.0,117.0,0,return_jump_no_corp_action
2020-01-15,117.0,117.0,117.0,117.0,117.0,0,return_jump_no_corp_action
2020-01-16,107.27999877929688,116.4000015258789,107.27999877929688,116.4000015258789,116.4000015258789,108,return_jump_no_corp_action
2020-01-17,108.0,108.0,108.0,108.0,108.0,50,return_jump_no_corp_action
2020-01-21,108.0,108.0,108.0,108.0,108.0,0,return_jump_no_corp_action
2020-01-22,108.0,108.0,108.0,108.0,108.0,0,return_jump_no_corp_action
2020-01-23,108.0,108.0,108.0,108.0,108.0,0,return_jump_no_corp_action
2020-01-24,108.0,108.0,108.0,108.0,108.0,0,return_jump_no_corp_action
2020-01-27,108.0,108.0,108.0,108.0,108.0,0,return_jump_no_corp_action
2020-01-28,108.0,108.0,108.0,108.0,108.0,0,return_jump_no_corp_action
2020-01-29,107.27999877929688,107.4000015258789,107.27999877929688,107.4000015258789,107.4000015258789,42,return_jump_no_corp_action
2020-01-30,107.4000015258789,120.0,102.0,120.0,120.0,108,return_jump_no_corp_action
2020-01-31,120.0,120.0,120.0,120.0,120.0,0,return_jump_no_corp_action
2020-02-03,120.0,120.0,120.0,120.0,120.0,0,return_jump_no_corp_action
2020-02-04,108.0,108.0,101.76000213623047,101.76000213623047,101.76000213623047,75,return_jump_no_corp_action
2020-02-05,107.4000015258789,107.4000015258789,107.4000015258789,107.4000015258789,107.4000015258789,25,return_jump_no_corp_action
2020-02-06,106.80000305175781,113.76000213623047,99.83999633789062,108.0,108.0,142,return_jump_no_corp_action
2020-02-07,111.0,116.4000015258789,111.0,116.4000015258789,116.4000015258789,58,return_jump_no_corp_action
2020-02-10,105.0,113.4000015258789,104.63999938964844,113.4000015258789,113.4000015258789,67,return_jump_no_corp_action
2020-02-11,105.0,113.4000015258789,105.0,112.80000305175781,112.80000305175781,150,return_jump_no_corp_action
2020-02-12,112.91999816894531,112.91999816894531,108.0,108.0,108.0,67,return_jump_no_corp_action
2020-02-13,108.0,113.5199966430664,96.0,102.0,102.0,592,return_jump_no_corp_action
2020-02-14,110.76000213623047,114.0,102.0,107.4000015258789,107.4000015258789,333,return_jump_no_corp_action
2020-02-18,100.44000244140625,102.72000122070312,100.44000244140625,102.5999984741211,102.5999984741211,383,return_jump_no_corp_action
2020-02-19,104.4000015258789,104.4000015258789,104.4000015258789,104.4000015258789,104.4000015258789,92,return_jump_no_corp_action
2020-02-20,104.4000015258789,108.0,104.4000015258789,108.0,108.0,200,return_jump_no_corp_action
2020-02-21,123.0,123.0,108.5999984741211,111.0,111.0,117,return_jump_no_corp_action
2020-02-24,114.5999984741211,114.5999984741211,107.87999725341797,109.68000030517578,109.68000030517578,75,return_jump_no_corp_action
2020-02-25,105.0,105.0,104.4000015258789,105.0,105.0,150,return_jump_no_corp_action
2020-02-26,105.0,105.0,105.0,105.0,105.0,0,return_jump_no_corp_action
2020-02-27,96.0,102.0,96.0,101.5199966430664,101.5199966430664,67,return_jump_no_corp_action
2020-02-28,95.4000015258789,100.31999969482422,93.12000274658203,100.31999969482422,100.31999969482422,75,return_jump_no_corp_action
2020-03-02,93.23999786376953,105.5999984741211,93.23999786376953,105.5999984741211,105.5999984741211,25,return_jump_no_corp_action
2020-03-03,102.0,106.19999694824219,102.0,106.19999694824219,106.19999694824219,33,return_jump_no_corp_action
2020-03-04,102.95999908447266,102.95999908447266,102.95999908447266,102.95999908447266,102.95999908447266,17,return_jump_no_corp_action
2020-03-05,105.95999908447266,110.4000015258789,105.95999908447266,110.4000015258789,110.4000015258789,50,return_jump_no_corp_action
2020-03-06,111.0,111.0,110.4000015258789,110.4000015258789,110.4000015258789,58,return_jump_no_corp_action
2020-03-09,94.44000244140625,102.0,94.31999969482422,102.0,102.0,58,return_jump_no_corp_action
2020-03-10,84.4800033569336,106.80000305175781,84.4800033569336,96.12000274658203,96.12000274658203,158,return_jump_no_corp_action
2020-03-11,86.5199966430664,98.4000015258789,86.5199966430664,97.80000305175781,97.80000305175781,50,return_jump_no_corp_action
2020-03-12,97.80000305175781,97.80000305175781,97.80000305175781,97.80000305175781,97.80000305175781,17,return_jump_no_corp_action
2020-03-13,97.80000305175781,97.80000305175781,97.80000305175781,97.80000305175781,97.80000305175781,0,return_jump_no_corp_action
2020-03-16,97.80000305175781,97.80000305175781,97.80000305175781,97.80000305175781,97.80000305175781,0,return_jump_no_corp_action
2020-03-17,97.80000305175781,97.80000305175781,97.80000305175781,97.80000305175781,97.80000305175781,0,return_jump_no_corp_action
2020-03-18,97.80000305175781,97.80000305175781,97.80000305175781,97.80000305175781,97.80000305175781,0,return_jump_no_corp_action
2020-03-19,97.80000305175781,97.80000305175781,97.80000305175781,97.80000305175781,97.80000305175781,0,return_jump_no_corp_action
2020-03-20,81.36000061035156,95.4000015258789,81.36000061035156,95.4000015258789,95.4000015258789,50,return_jump_no_corp_action
2020-03-23,92.87999725341797,92.87999725341797,92.87999725341797,92.87999725341797,92.87999725341797,33,return_jump_no_corp_action
2020-03-24,96.0,98.16000366210938,92.87999725341797,92.87999725341797,92.87999725341797,100,return_jump_no_corp_action
2020-03-25,93.0,93.36000061035156,93.0,93.36000061035156,93.36000061035156,42,return_jump_no_corp_action
2020-03-26,93.4800033569336,102.0,93.4800033569336,102.0,102.0,125,return_jump_no_corp_action
2020-03-27,90.12000274658203,90.12000274658203,90.12000274658203,90.12000274658203,90.12000274658203,17,return_jump_no_corp_action
2020-03-30,100.86000061035156,104.87999725341797,94.80000305175781,101.76000213623047,101.76000213623047,575,return_jump_no_corp_action
2020-03-31,100.80000305175781,100.80000305175781,96.12000274658203,100.19999694824219,100.19999694824219,117,return_jump_no_corp_action
2020-04-01,96.5999984741211,100.19999694824219,90.0,98.4000015258789,98.4000015258789,225,return_jump_no_corp_action
2020-04-02,81.5999984741211,125.76000213623047,60.0,111.0,111.0,1058,return_jump_no_corp_action
2020-04-03,117.9000015258789,132.0,83.76000213623047,84.12000274658203,84.12000274658203,1092,return_jump_no_corp_action
2020-04-06,105.23999786376953,105.23999786376953,84.36000061035156,88.80000305175781,88.80000305175781,200,return_jump_no_corp_action
2020-04-07,88.80000305175781,88.80000305175781,84.0,85.19999694824219,85.19999694824219,425,return_jump_no_corp_action
2020-04-08,85.19999694824219,86.4000015258789,84.0,86.4000015258789,86.4000015258789,75,return_jump_no_corp_action
2020-04-09,84.0,85.19999694824219,84.0,84.0,84.0,1225,return_jump_no_corp_action
2020-04-13,84.0,97.68000030517578,84.0,96.0,96.0,167,return_jump_no_corp_action
2020-04-14,96.0,97.80000305175781,95.4000015258789,97.80000305175781,97.80000305175781,92,return_jump_no_corp_action
2020-04-15,97.68000030517578,108.0,97.08000183105469,99.0,99.0,917,return_jump_no_corp_action
2020-04-16,94.19999694824219,96.0,94.19999694824219,96.0,96.0,133,return_jump_no_corp_action
2020-04-17,96.0,98.4000015258789,96.0,98.4000015258789,98.4000015258789,67,return_jump_no_corp_action
2020-04-20,90.0,91.19999694824219,84.0,84.0,84.0,742,return_jump_no_corp_action
2020-04-21,85.19999694824219,85.68000030517578,82.80000305175781,84.0,84.0,433,return_jump_no_corp_action
2020-04-22,84.0,84.0,81.5999984741211,83.63999938964844,83.63999938964844,258,return_jump_no_corp_action
2020-04-23,83.4000015258789,89.27999877929688,83.4000015258789,88.44000244140625,88.44000244140625,392,return_jump_no_corp_action
2020-04-24,84.0,89.76000213623047,82.80000305175781,89.76000213623047,89.76000213623047,233,return_jump_no_corp_action
2020-04-27,89.76000213623047,111.0,88.80000305175781,99.72000122070312,99.72000122070312,308,return_jump_no_corp_action
2020-04-28,90.33599853515625,120.0,90.12000274658203,120.0,120.0,308,return_jump_no_corp_action
2020-04-29,120.0,120.0,96.23999786376953,107.87999725341797,107.87999725341797,233,return_jump_no_corp_action
2020-04-30,108.0,132.0,107.4000015258789,132.0,132.0,150,return_jump_no_corp_action
2020-05-01,135.0,139.1999969482422,132.0,135.0,135.0,525,return_jump_no_corp_action
2020-05-04,131.8800048828125,131.8800048828125,117.95999908447266,120.5999984741211,120.5999984741211,592,return_jump_no_corp_action
2020-05-05,123.0,135.0,123.0,131.8800048828125,131.8800048828125,1458,return_jump_no_corp_action
2020-05-06,137.8800048828125,167.8800048828125,136.44000244140625,154.1999969482422,154.1999969482422,1267,return_jump_no_corp_action
2020-05-07,166.67999267578125,204.72000122070312,166.67999267578125,183.0,183.0,2592,return_jump_no_corp_action
2020-05-08,180.0,198.0,180.0,192.0,192.0,1708,return_jump_no_corp_action
2020-05-11,192.1199951171875,264.0,192.1199951171875,217.1999969482422,217.1999969482422,4342,return_jump_no_corp_action
2020-05-12,227.8800048828125,227.8800048828125,170.52000427246094,191.8800048828125,191.8800048828125,2275,return_jump_no_corp_action
2020-05-13,189.0,191.8800048828125,144.0,145.8000030517578,145.8000030517578,2142,return_jump_no_corp_action
2020-05-14,145.8000030517578,145.8000030517578,120.0,120.0,120.0,1858,return_jump_no_corp_action
2020-05-15,122.87999725341797,138.0,120.0,129.60000610351562,129.60000610351562,1117,return_jump_no_corp_action
2020-05-18,132.0,132.0,117.83999633789062,119.27999877929688,119.27999877929688,1867,return_jump_no_corp_action
2020-05-19,108.12000274658203,132.0,108.12000274658203,132.0,132.0,417,return_jump_no_corp_action
2020-05-20,134.39999389648438,159.0,132.0,159.0,159.0,2992,return_jump_no_corp_action
2020-05-21,159.0,159.0,133.44000244140625,157.2480010986328,157.2480010986328,558,return_jump_no_corp_action
2020-05-22,176.39999389648438,176.39999389648438,133.44000244140625,138.0,138.0,1025,return_jump_no_corp_action
2020-05-26,138.0,155.8800048828125,138.0,144.0,144.0,767,return_jump_no_corp_action
2020-05-27,141.60000610351562,155.63999938964844,138.0,155.63999938964844,155.63999938964844,458,return_jump_no_corp_action
2020-05-28,155.63999938964844,155.63999938964844,135.72000122070312,141.9600067138672,141.9600067138672,800,return_jump_no_corp_action
2020-05-29,141.9600067138672,144.0,134.52000427246094,138.60000610351562,138.60000610351562,300,return_jump_no_corp_action
2020-06-01,136.8000030517578,138.60000610351562,133.1999969482422,135.0,135.0,233,return_jump_no_corp_action
2020-06-02,133.1999969482422,134.8800048828125,126.0,127.19999694824219,127.19999694824219,608,return_jump_no_corp_action
2020-06-03,120.0,129.0,117.0,121.19999694824219,121.19999694824219,967,return_jump_no_corp_action
2020-06-04,132.0,132.0,119.04000091552734,131.8800048828125,131.8800048828125,1392,return_jump_no_corp_action
2020-06-05,131.8800048828125,136.1999969482422,114.23999786376953,136.1999969482422,136.1999969482422,2292,return_jump_no_corp_action
2020-06-08,135.0,147.24000549316406,129.0,147.0,147.0,1217,return_jump_no_corp_action
2020-06-09,150.0,150.0,135.1199951171875,145.1999969482422,145.1999969482422,733,return_jump_no_corp_action
2020-06-10,144.0,144.83999633789062,132.1199951171875,144.0,144.0,292,return_jump_no_corp_action
2020-06-11,144.0,145.8000030517578,129.1199951171875,132.0,132.0,258,return_jump_no_corp_action
2020-06-12,121.44000244140625,143.75999450683594,121.44000244140625,143.75999450683594,143.75999450683594,642,return_jump_no_corp_action
2020-06-15,144.0,144.0,126.12000274658203,142.8000030517578,142.8000030517578,275,return_jump_no_corp_action
2020-06-16,142.8000030517578,144.0,132.0,132.60000610351562,132.60000610351562,300,return_jump_no_corp_action
2020-06-17,131.39999389648438,144.0,130.32000732421875,144.0,144.0,175,return_jump_no_corp_action
2020-06-18,141.0,141.0,132.0,136.0800018310547,136.0800018310547,583,return_jump_no_corp_action
2020-06-19,132.0,135.60000610351562,124.31999969482422,129.0,129.0,1042,return_jump_no_corp_action
2020-06-22,124.19999694824219,124.19999694824219,120.0,120.0,120.0,475,return_jump_no_corp_action
2020-06-23,120.0,124.80000305175781,115.19999694824219,120.0,120.0,608,return_jump_no_corp_action
2020-06-24,120.0,147.0,119.4000015258789,139.1999969482422,139.1999969482422,3392,return_jump_no_corp_action
2020-06-25,143.63999938964844,143.63999938964844,129.89999389648438,136.1999969482422,136.1999969482422,808,return_jump_no_corp_action
2020-06-26,137.8800048828125,139.17599487304688,129.72000122070312,133.8000030517578,133.8000030517578,367,return_jump_no_corp_action
2020-06-29,120.23999786376953,129.36000061035156,120.0,125.87999725341797,125.87999725341797,1183,return_jump_no_corp_action
2020-06-30,127.95600128173828,128.8800048828125,119.87999725341797,125.4000015258789,125.4000015258789,300,return_jump_no_corp_action
2020-07-01,127.80000305175781,151.1999969482422,127.80000305175781,127.80000305175781,127.80000305175781,1033,return_jump_no_corp_action
2020-07-02,127.80000305175781,127.80000305175781,120.0,120.0,120.0,1150,return_jump_no_corp_action
2020-07-06,120.0,121.80000305175781,97.44000244140625,110.01599884033203,110.01599884033203,5000,return_jump_no_corp_action
2020-07-07,108.0,111.0,102.0,104.27999877929688,104.27999877929688,2608,return_jump_no_corp_action
2020-07-08,111.0,131.39999389648438,106.19999694824219,126.12000274658203,126.12000274658203,2967,return_jump_no_corp_action
2020-07-09,132.0,132.0,126.0,128.39999389648438,128.39999389648438,1167,return_jump_no_corp_action
2020-07-10,126.0,129.0,117.5999984741211,123.95999908447266,123.95999908447266,825,return_jump_no_corp_action
2020-07-13,123.95999908447266,125.87999725341797,123.72000122070312,125.4000015258789,125.4000015258789,1000,return_jump_no_corp_action
2020-07-14,125.4000015258789,125.4000015258789,118.80000305175781,120.5999984741211,120.5999984741211,1858,return_jump_no_corp_action
2020-07-15,120.5999984741211,120.5999984741211,117.4800033569336,120.0,120.0,1450,return_jump_no_corp_action
2020-07-16,120.83999633789062,121.5,119.76000213623047,120.12000274658203,120.12000274658203,600,return_jump_no_corp_action
2020-07-17,119.4000015258789,123.5999984741211,119.4000015258789,121.80000305175781,121.80000305175781,525,return_jump_no_corp_action
2020-07-20,119.4000015258789,120.5999984741211,117.83999633789062,118.55999755859375,118.55999755859375,1442,return_jump_no_corp_action
2020-07-21,119.06400299072266,120.0,118.80000305175781,119.4000015258789,119.4000015258789,208,return_jump_no_corp_action
2020-07-22,120.0,123.0,118.55999755859375,120.0,120.0,558,return_jump_no_corp_action
2020-07-23,119.4000015258789,120.0,117.23999786376953,120.0,120.0,217,return_jump_no_corp_action
2020-07-24,119.87999725341797,120.0,108.12000274658203,118.19999694824219,118.19999694824219,1975,return_jump_no_corp_action
2020-07-27,118.19999694824219,118.19999694824219,117.5999984741211,117.5999984741211,117.5999984741211,292,return_jump_no_corp_action
2020-07-28,117.5999984741211,117.5999984741211,108.83999633789062,114.0,114.0,867,return_jump_no_corp_action
2020-07-29,114.0,118.19999694824219,108.95999908447266,118.19999694824219,118.19999694824219,917,return_jump_no_corp_action
2020-07-30,118.19999694824219,118.19999694824219,108.12000274658203,113.16000366210938,113.16000366210938,692,return_jump_no_corp_action
2020-07-31,115.9800033569336,120.5999984741211,113.04000091552734,120.0,120.0,650,return_jump_no_corp_action
2020-08-03,120.0,120.0,114.12000274658203,119.4000015258789,119.4000015258789,483,return_jump_no_corp_action
2020-08-04,116.27999877929688,123.5999984741211,116.27999877929688,118.19999694824219,118.19999694824219,733,return_jump_no_corp_action
2020-08-05,118.19999694824219,119.76000213623047,116.4000015258789,116.4000015258789,116.4000015258789,308,return_jump_no_corp_action
2020-08-06,118.80000305175781,123.0,116.4000015258789,120.95999908447266,120.95999908447266,733,return_jump_no_corp_action
2020-08-07,120.95999908447266,126.0,118.31999969482422,122.4000015258789,122.4000015258789,808,return_jump_no_corp_action
2020-08-10,120.0,120.0,118.80000305175781,120.0,120.0,575,return_jump_no_corp_action
2020-08-11,127.19999694824219,137.39999389648438,120.95999908447266,134.39999389648438,134.39999389648438,4383,return_jump_no_corp_action
2020-08-12,136.55999755859375,136.55999755859375,121.80000305175781,127.80000305175781,127.80000305175781,1525,return_jump_no_corp_action
2020-08-13,128.75999450683594,132.1199951171875,121.80000305175781,131.8800048828125,131.8800048828125,1542,return_jump_no_corp_action
2020-08-14,131.10000610351562,143.39999389648438,130.1999969482422,130.44000244140625,130.44000244140625,2125,return_jump_no_corp_action
2020-08-17,130.9199981689453,134.75999450683594,118.31999969482422,124.08000183105469,124.08000183105469,1900,return_jump_no_corp_action
2020-08-18,117.0,134.75999450683594,117.0,126.0,126.0,833,return_jump_no_corp_action
2020-08-19,124.5,136.8000030517578,124.19999694824219,135.60000610351562,135.60000610351562,1167,return_jump_no_corp_action
2020-08-20,135.9600067138672,135.9600067138672,125.27999877929688,128.39999389648438,128.39999389648438,1108,return_jump_no_corp_action
2020-08-21,128.27999877929688,134.39999389648438,125.33999633789062,126.0,126.0,7417,return_jump_no_corp_action
2020-08-24,126.0,126.0,120.5999984741211,126.0,126.0,400,return_jump_no_corp_action
2020-08-25,121.80000305175781,124.19999694824219,119.76000213623047,120.0,120.0,3492,return_jump_no_corp_action
2020-08-26,120.0,120.0,118.19999694824219,118.80000305175781,118.80000305175781,1292,return_jump_no_corp_action
2020-08-27,118.19999694824219,118.19999694824219,115.19999694824219,117.0,117.0,633,return_jump_no_corp_action
2020-08-28,117.0,117.0,108.23999786376953,117.0,117.0,5117,return_jump_no_corp_action
2020-08-31,121.19999694824219,121.19999694824219,109.19999694824219,117.5999984741211,117.5999984741211,1892,return_jump_no_corp_action
2020-09-01,115.19999694824219,117.5999984741211,115.19999694824219,117.23999786376953,117.23999786376953,1392,return_jump_no_corp_action
2020-09-02,115.80000305175781,117.5999984741211,115.19999694824219,117.36000061035156,117.36000061035156,2042,return_jump_no_corp_action
2020-09-03,119.87999725341797,120.0,112.31999969482422,116.4000015258789,116.4000015258789,1075,return_jump_no_corp_action
2020-09-04,111.0,114.0,110.5199966430664,112.31999969482422,112.31999969482422,642,return_jump_no_corp_action
2020-09-08,112.31999969482422,116.76000213623047,108.0,110.4000015258789,110.4000015258789,992,return_jump_no_corp_action
2020-09-09,117.0,117.0,108.5999984741211,109.80000305175781,109.80000305175781,1500,return_jump_no_corp_action
2020-09-10,108.0,114.9000015258789,105.5999984741211,108.0,108.0,1725,return_jump_no_corp_action
2020-09-11,107.04000091552734,119.63999938964844,107.04000091552734,109.08000183105469,109.08000183105469,4175,return_jump_no_corp_action
2020-09-14,112.19999694824219,112.19999694824219,110.4000015258789,111.5999984741211,111.5999984741211,883,return_jump_no_corp_action
2020-09-15,112.80000305175781,119.76000213623047,109.19999694824219,119.76000213623047,119.76000213623047,3883,return_jump_no_corp_action
2020-09-16,119.76000213623047,120.5999984741211,112.80000305175781,118.31999969482422,118.31999969482422,2983,return_jump_no_corp_action
2020-09-17,118.80000305175781,120.5999984741211,109.31999969482422,117.5999984741211,117.5999984741211,1742,return_jump_no_corp_action
2020-09-18,124.68000030517578,124.68000030517578,114.0,115.19999694824219,115.19999694824219,2342,return_jump_no_corp_action
2020-09-21,112.91999816894531,117.95999908447266,112.91999816894531,115.19999694824219,115.19999694824219,1233,return_jump_no_corp_action
2020-09-22,115.19999694824219,117.0,109.19999694824219,112.19999694824219,112.19999694824219,1775,return_jump_no_corp_action
2020-09-23,110.4000015258789,110.4000015258789,108.30000305175781,110.4000015258789,110.4000015258789,1150,return_jump_no_corp_action
2020-09-24,111.4800033569336,111.4800033569336,99.12000274658203,106.19999694824219,106.19999694824219,6900,return_jump_no_corp_action
2020-09-25,106.19999694824219,114.0,101.87999725341797,112.19999694824219,112.19999694824219,3017,return_jump_no_corp_action
2020-09-28,112.80000305175781,114.0,106.80000305175781,110.04000091552734,110.04000091552734,1992,return_jump_no_corp_action
2020-09-29,110.04000091552734,112.80000305175781,107.76000213623047,111.5999984741211,111.5999984741211,3225,return_jump_no_corp_action
2020-09-30,108.0,112.80000305175781,104.63999938964844,108.0,108.0,2592,return_jump_no_corp_action
2020-10-01,108.5999984741211,139.32000732421875,108.5999984741211,128.63999938964844,128.63999938964844,12492,return_jump_no_corp_action
2020-10-02,128.8800048828125,149.75999450683594,128.8800048828125,145.0800018310547,145.0800018310547,15525,return_jump_no_corp_action
2020-10-05,145.32000732421875,171.0,145.32000732421875,162.0,162.0,16942,return_jump_no_corp_action
2020-10-06,165.0,166.1999969482422,153.0,155.10000610351562,155.10000610351562,13883,return_jump_no_corp_action
2020-10-07,156.0,156.0,144.0,146.39999389648438,146.39999389648438,12250,return_jump_no_corp_action
2020-10-08,132.0,144.0,120.12000274658203,123.12000274658203,123.12000274658203,896825,return_jump_no_corp_action
2020-10-09,132.0,132.0,120.5999984741211,120.83999633789062,120.83999633789062,191308,return_jump_no_corp_action
2020-10-12,123.0,123.5999984741211,114.0,118.31999969482422,118.31999969482422,158217,return_jump_no_corp_action
2020-10-13,117.5999984741211,118.18800354003906,108.72000122070312,116.5199966430664,116.5199966430664,285617,return_jump_no_corp_action
2020-10-14,122.16000366210938,123.36000061035156,111.83999633789062,111.83999633789062,111.83999633789062,128792,return_jump_no_corp_action
2020-10-15,113.4000015258789,129.47999572753906,111.12000274658203,129.47999572753906,129.47999572753906,414267,return_jump_no_corp_action
2020-10-16,136.55999755859375,150.0,129.47999572753906,144.1199951171875,144.1199951171875,464775,return_jump_no_corp_action
2020-10-19,151.8000030517578,158.39999389648438,143.0399932861328,143.63999938964844,143.63999938964844,310467,return_jump_no_corp_action
2020-10-20,146.39999389648438,146.39999389648438,146.39999389648438,146.39999389648438,146.39999389648438,0,return_jump_no_corp_action
2020-10-21,146.39999389648438,146.39999389648438,146.39999389648438,146.39999389648438,146.39999389648438,0,return_jump_no_corp_action
2020-10-22,145.8000030517578,149.63999938964844,137.27999877929688,148.8000030517578,148.8000030517578,131800,return_jump_no_corp_action
2020-10-23,155.8800048828125,163.67999267578125,151.32000732421875,161.8800048828125,161.8800048828125,232525,return_jump_no_corp_action
2020-10-26,159.0,170.27999877929688,158.16000366210938,164.75999450683594,164.75999450683594,189617,return_jump_no_corp_action
2020-10-27,161.52000427246094,168.47999572753906,157.1999969482422,165.60000610351562,165.60000610351562,162083,return_jump_no_corp_action
2020-10-28,156.0,170.39999389648438,148.8000030517578,164.75999450683594,164.75999450683594,214217,return_jump_no_corp_action
2020-10-29,167.39999389648438,176.27999877929688,162.72000122070312,163.67999267578125,163.67999267578125,189692,return_jump_no_corp_action
2020-10-30,162.0,167.39999389648438,158.16000366210938,161.8800048828125,161.8800048828125,166167,return_jump_no_corp_action
2020-11-02,170.63999938964844,176.39999389648438,162.60000610351562,165.60000610351562,165.60000610351562,135383,return_jump_no_corp_action
2020-11-03,168.72000122070312,188.27999877929688,168.0,179.16000366210938,179.16000366210938,265917,return_jump_no_corp_action
2020-11-04,185.39999389648438,186.36000061035156,168.60000610351562,171.36000061035156,171.36000061035156,154475,return_jump_no_corp_action
2020-11-05,175.1999969482422,187.32000732421875,175.18800354003906,177.36000061035156,177.36000061035156,125567,return_jump_no_corp_action
2020-11-06,182.39999389648438,184.1999969482422,171.47999572753906,179.0399932861328,179.0399932861328,161258,return_jump_no_corp_action
2020-11-09,179.52000427246094,183.1199951171875,172.1999969482422,175.8000030517578,175.8000030517578,115092,return_jump_no_corp_action
2020-11-10,174.60000610351562,189.0,172.8000030517578,187.8000030517578,187.8000030517578,269558,return_jump_no_corp_action
2020-11-11,240.0,244.1999969482422,191.39999389648438,192.36000061035156,192.36000061035156,1051275,return_jump_no_corp_action
2020-11-12,196.8000030517578,199.8000030517578,178.44000244140625,185.0399932861328,185.0399932861328,397283,return_jump_no_corp_action
2020-11-13,181.44000244140625,198.83999633789062,179.52000427246094,183.83999633789062,183.83999633789062,372908,return_jump_no_corp_action
2020-11-16,188.63999938964844,224.52000427246094,187.8000030517578,223.0800018310547,223.0800018310547,391267,return_jump_no_corp_action
2020-11-17,219.60000610351562,269.2799987792969,219.60000610351562,259.9200134277344,259.9200134277344,1020408,return_jump_no_corp_action
2020-11-18,266.3999938964844,286.55999755859375,246.36000061035156,249.9600067138672,249.9600067138672,677317,return_jump_no_corp_action
2020-11-19,265.55999755859375,269.760009765625,238.1999969482422,266.3999938964844,266.3999938964844,364333,return_jump_no_corp_action
2020-11-20,273.6000061035156,294.0,273.6000061035156,283.79998779296875,283.79998779296875,432200,return_jump_no_corp_action
2020-11-23,298.44000244140625,334.79998779296875,292.55999755859375,309.0,309.0,699192,return_jump_no_corp_action
2020-11-24,331.32000732421875,331.32000732421875,273.0,298.20001220703125,298.20001220703125,609425,return_jump_no_corp_action
2020-11-25,294.1199951171875,306.8399963378906,276.0,303.1199951171875,303.1199951171875,477758,return_jump_no_corp_action
2020-11-27,310.79998779296875,329.0400085449219,307.20001220703125,325.20001220703125,325.20001220703125,330775,return_jump_no_corp_action
2020-11-30,334.9200134277344,343.9200134277344,322.79998779296875,332.3999938964844,332.3999938964844,454092,return_jump_no_corp_action
2020-12-01,336.9599914550781,339.6000061035156,319.1400146484375,320.8800048828125,320.8800048828125,415433,return_jump_no_corp_action
2020-12-02,342.0,350.5199890136719,312.3599853515625,328.79998779296875,328.79998779296875,862392,return_jump_no_corp_action
2020-12-03,321.0,339.6000061035156,315.6000061035156,322.79998779296875,322.79998779296875,424592,return_jump_no_corp_action
2020-12-04,326.3999938964844,327.3599853515625,312.7200012207031,324.0,324.0,391442,return_jump_no_corp_action
2020-12-07,334.67999267578125,357.1199951171875,324.0,331.20001220703125,331.20001220703125,574233,return_jump_no_corp_action
2020-12-08,328.79998779296875,355.8479919433594,326.0880126953125,348.0,348.0,349908,return_jump_no_corp_action
2020-12-09,348.0,392.760009765625,333.239990234375,357.4800109863281,357.4800109863281,671167,return_jump_no_corp_action
2020-12-10,344.2799987792969,359.8800048828125,337.32000732421875,346.79998779296875,346.79998779296875,398242,return_jump_no_corp_action
2020-12-11,342.0,351.239990234375,318.5639953613281,330.9599914550781,330.9599914550781,504025,return_jump_no_corp_action
2020-12-14,342.0,347.760009765625,306.6000061035156,325.79998779296875,325.79998779296875,363542,return_jump_no_corp_action
2020-12-15,331.79998779296875,331.79998779296875,312.3599853515625,317.6400146484375,317.6400146484375,252558,return_jump_no_corp_action
2020-12-16,331.20001220703125,373.20001220703125,323.1600036621094,356.3999938964844,356.3999938964844,992308,return_jump_no_corp_action
2020-12-17,362.6400146484375,430.44000244140625,355.20001220703125,423.8399963378906,423.8399963378906,1686533,return_jump_no_corp_action
2020-12-18,431.8800048828125,482.1600036621094,431.1600036621094,471.0,471.0,1640133,return_jump_no_corp_action
2020-12-21,505.67999267578125,619.6799926757812,478.71600341796875,593.760009765625,593.760009765625,2715025,return_jump_no_corp_action
2020-12-22,667.2000122070312,747.47998046875,630.0,744.0,744.0,2968675,return_jump_no_corp_action
2020-12-23,672.9600219726562,694.4400024414062,630.0,631.0800170898438,631.0800170898438,1667125,return_jump_no_corp_action
2020-12-24,606.3599853515625,606.5999755859375,513.8400268554688,530.1599731445312,530.1599731445312,2192267,return_jump_no_corp_action
2020-12-28,477.8399963378906,497.6400146484375,438.0,467.2799987792969,467.2799987792969,2446933,return_jump_no_corp_action
2020-12-29,477.8399963378906,479.2799987792969,433.44000244140625,464.8800048828125,464.8800048828125,1600583,return_jump_no_corp_action
2020-12-30,452.3999938964844,467.8800048828125,387.0,399.7200012207031,399.7200012207031,4473017,return_jump_no_corp_action
2020-12-31,367.79998779296875,367.79998779296875,328.20001220703125,336.0,336.0,5327825,return_jump_no_corp_action
2021-01-04,338.760009765625,338.8800048828125,278.0400085449219,290.8800048828125,290.8800048828125,5160292,return_jump_no_corp_action
2021-01-05,332.5199890136719,369.239990234375,321.239990234375,327.9599914550781,327.9599914550781,6324692,return_jump_no_corp_action
2021-01-06,337.0799865722656,350.2799987792969,307.3320007324219,326.0400085449219,326.0400085449219,3104933,return_jump_no_corp_action
2021-01-07,340.32000732421875,361.55999755859375,326.6400146484375,340.44000244140625,340.44000244140625,2178067,return_jump_no_corp_action
2021-01-08,347.6400146484375,352.79998779296875,312.1199951171875,327.7200012207031,327.7200012207031,1729183,return_jump_no_corp_action
2021-01-11,313.44000244140625,347.2799987792969,312.85198974609375,326.2799987792969,326.2799987792969,1094008,return_jump_no_corp_action
2021-01-12,373.44000244140625,442.79998779296875,354.6000061035156,437.760009765625,437.760009765625,6490100,return_jump_no_corp_action
2021-01-13,459.4800109863281,484.79998779296875,414.1199951171875,429.6000061035156,429.6000061035156,4460092,return_jump_no_corp_action
2021-01-14,432.8399963378906,442.44000244140625,390.239990234375,427.44000244140625,427.44000244140625,2742750,return_jump_no_corp_action
2021-01-15,421.20001220703125,434.3999938964844,380.3999938964844,385.55999755859375,385.55999755859375,1999708,return_jump_no_corp_action
2021-01-19,388.9200134277344,390.0,354.239990234375,368.8800048828125,368.8800048828125,1839892,return_jump_no_corp_action
2021-01-20,378.8399963378906,389.8800048828125,360.7200012207031,361.79998779296875,361.79998779296875,1542867,return_jump_no_corp_action
2021-01-21,380.1600036621094,432.0,376.32000732421875,426.0,426.0,4371892,return_jump_no_corp_action
2021-01-22,410.3999938964844,457.20001220703125,399.3599853515625,452.6400146484375,452.6400146484375,2792867,return_jump_no_corp_action
2021-01-25,483.8399963378906,537.3599853515625,433.20001220703125,491.760009765625,491.760009765625,4129667,return_jump_no_corp_action
2021-01-26,503.1600036621094,531.0,463.55999755859375,527.0399780273438,527.0399780273438,2323392,return_jump_no_corp_action
2021-01-27,571.5599975585938,689.6400146484375,534.5999755859375,561.0,561.0,4888742,return_jump_no_corp_action
2021-01-28,597.8400268554688,598.5599975585938,478.20001220703125,478.20001220703125,478.20001220703125,2809083,return_jump_no_corp_action
2021-01-29,544.6799926757812,556.2000122070312,486.0,507.0,507.0,2509242,return_jump_no_corp_action
2021-02-01,569.0399780273438,628.7999877929688,531.5999755859375,628.7999877929688,628.7999877929688,3678375,return_jump_no_corp_action
2021-02-02,610.2000122070312,615.719970703125,565.4400024414062,581.52001953125,581.52001953125,1746617,return_jump_no_corp_action
2021-02-03,588.1199951171875,606.0,570.0,589.2000122070312,589.2000122070312,933958,return_jump_no_corp_action
2021-02-04,609.5999755859375,650.8800048828125,599.6400146484375,612.5999755859375,612.5999755859375,1549650,return_jump_no_corp_action
2021-02-05,614.4000244140625,617.9879760742188,579.9600219726562,585.3599853515625,585.3599853515625,882125,return_jump_no_corp_action
2021-02-08,568.3200073242188,573.47998046875,543.5999755859375,555.8400268554688,555.8400268554688,1132442,return_jump_no_corp_action
2021-02-09,552.0,585.3599853515625,534.1199951171875,561.0,561.0,1113317,return_jump_no_corp_action
2021-02-10,573.9600219726562,594.0,522.0,550.2000122070312,550.2000122070312,1087517,return_jump_no_corp_action
2021-02-11,543.8400268554688,554.4000244140625,513.5999755859375,526.6799926757812,526.6799926757812,734433,return_jump_no_corp_action
2021-02-12,518.0399780273438,564.0,514.2479858398438,559.9199829101562,559.9199829101562,910192,return_jump_no_corp_action
2021-02-16,557.6400146484375,567.3599853515625,508.2959899902344,519.3599853515625,519.3599853515625,1088417,return_jump_no_corp_action
2021-02-17,537.1199951171875,555.5999755859375,516.0,551.52001953125,551.52001953125,1023967,return_jump_no_corp_action
2021-02-18,533.8800048828125,545.52001953125,500.3280029296875,506.760009765625,506.760009765625,951442,return_jump_no_corp_action
2021-02-19,517.5599975585938,535.6799926757812,506.3999938964844,515.4000244140625,515.4000244140625,850775,return_jump_no_corp_action
2021-02-22,503.2799987792969,514.2000122070312,484.55999755859375,489.8399963378906,489.8399963378906,958083,return_jump_no_corp_action
2021-02-23,431.3999938964844,475.67999267578125,396.0,467.1600036621094,467.1600036621094,1533017,return_jump_no_corp_action
2021-02-24,470.8800048828125,477.6000061035156,434.5199890136719,472.9200134277344,472.9200134277344,813383,return_jump_no_corp_action
2021-02-25,466.20001220703125,489.6000061035156,407.8800048828125,418.9200134277344,418.9200134277344,1016908,return_jump_no_corp_action
2021-02-26,422.5199890136719,439.9200134277344,399.6239929199219,423.6000061035156,423.6000061035156,825183,return_jump_no_corp_action
2021-03-01,447.0,465.3599853515625,435.1199951171875,465.3599853515625,465.3599853515625,638775,return_jump_no_corp_action
2021-03-02,518.52001953125,519.3599853515625,471.9599914550781,502.67999267578125,502.67999267578125,2177067,return_jump_no_corp_action
2021-03-03,452.3999938964844,452.760009765625,408.0,409.67999267578125,409.67999267578125,2359625,return_jump_no_corp_action
2021-03-04,409.0799865722656,426.0,328.79998779296875,385.32000732421875,385.32000732421875,2532867,return_jump_no_corp_action
2021-03-05,374.5199890136719,383.5199890136719,313.55999755859375,359.5199890136719,359.5199890136719,1609342,return_jump_no_corp_action
2021-03-08,356.8800048828125,374.0400085449219,321.6000061035156,327.7200012207031,327.7200012207031,980825,return_jump_no_corp_action
2021-03-09,343.9200134277344,356.8800048828125,336.17999267578125,346.9200134277344,346.9200134277344,878617,return_jump_no_corp_action
2021-03-10,364.9200134277344,384.0,355.79998779296875,360.6000061035156,360.6000061035156,968792,return_jump_no_corp_action
2021-03-11,376.0799865722656,409.67999267578125,366.1199951171875,403.79998779296875,403.79998779296875,925900,return_jump_no_corp_action
2021-03-12,377.1600036621094,398.8800048828125,368.5199890136719,387.7200012207031,387.7200012207031,602183,return_jump_no_corp_action
2021-03-15,384.9599914550781,412.20001220703125,378.7439880371094,401.1600036621094,401.1600036621094,809975,return_jump_no_corp_action
2021-03-16,416.5199890136719,416.6400146484375,376.67999267578125,383.5199890136719,383.5199890136719,677542,return_jump_no_corp_action
2021-03-17,362.0400085449219,389.5320129394531,352.79998779296875,384.6000061035156,384.6000061035156,709300,return_jump_no_corp_action
2021-03-18,369.1199951171875,382.2359924316406,357.6000061035156,362.5199890136719,362.5199890136719,442392,return_jump_no_corp_action
2021-03-19,358.79998779296875,387.239990234375,345.7200012207031,377.0400085449219,377.0400085449219,816000,return_jump_no_corp_action
2021-03-22,380.1600036621094,385.67999267578125,367.1400146484375,378.3599853515625,378.3599853515625,387192,return_jump_no_corp_action
2021-03-23,376.79998779296875,377.6400146484375,349.5840148925781,361.0799865722656,361.0799865722656,621192,return_jump_no_corp_action
2021-03-24,354.6000061035156,366.9599914550781,321.0,322.20001220703125,322.20001220703125,585958,return_jump_no_corp_action
2021-03-25,310.0799865722656,324.6000061035156,301.44000244140625,310.67999267578125,310.67999267578125,804308,return_jump_no_corp_action
2021-03-26,312.0,320.0400085449219,248.27999877929688,262.55999755859375,262.55999755859375,2645425,return_jump_no_corp_action
2021-03-29,264.1199951171875,269.66400146484375,248.39999389648438,252.72000122070312,252.72000122070312,1668067,return_jump_no_corp_action
2021-03-30,252.0,273.3599853515625,244.55999755859375,261.0,261.0,1567925,return_jump_no_corp_action
2021-03-31,271.9200134277344,273.8399963378906,254.92799377441406,265.44000244140625,265.44000244140625,1305508,return_jump_no_corp_action
2021-04-01,284.760009765625,288.1199951171875,266.6400146484375,269.2799987792969,269.2799987792969,1553833,return_jump_no_corp_action
2021-04-05,274.44000244140625,276.0,254.0399932861328,257.8800048828125,257.8800048828125,1297683,return_jump_no_corp_action
2021-04-06,257.8800048828125,278.2799987792969,250.8000030517578,268.44000244140625,268.44000244140625,1658667,return_jump_no_corp_action
2021-04-07,263.2799987792969,273.3599853515625,247.32000732421875,248.8800048828125,248.8800048828125,1340617,return_jump_no_corp_action
2021-04-08,249.24000549316406,255.1199951171875,243.1199951171875,248.39999389648438,248.39999389648438,1080700,return_jump_no_corp_action
2021-04-09,265.9200134277344,304.20001220703125,256.55999755859375,279.7200012207031,279.7200012207031,8773750,return_jump_no_corp_action
2021-04-12,271.67999267578125,279.3599853515625,250.1999969482422,256.20001220703125,256.20001220703125,2028158,return_jump_no_corp_action
2021-04-13,254.27999877929688,262.0799865722656,249.0,254.8800048828125,254.8800048828125,1017658,return_jump_no_corp_action
2021-04-14,255.83999633789062,266.1600036621094,250.44000244140625,251.63999938964844,251.63999938964844,1132783,return_jump_no_corp_action
2021-04-15,252.9600067138672,255.0,230.39999389648438,231.47999572753906,231.47999572753906,1559917,return_jump_no_corp_action
2021-04-16,225.1199951171875,235.55999755859375,219.9600067138672,226.32000732421875,226.32000732421875,1056683,return_jump_no_corp_action
2021-04-19,221.39999389648438,233.63999938964844,208.9199981689453,233.16000366210938,233.16000366210938,1393108,return_jump_no_corp_action
2021-04-20,230.75999450683594,235.78799438476562,213.0,222.9600067138672,222.9600067138672,937625,return_jump_no_corp_action
2021-04-21,218.39999389648438,237.47999572753906,211.0800018310547,236.52000427246094,236.52000427246094,1065350,return_jump_no_corp_action
2021-04-22,240.0,258.3599853515625,235.8000030517578,244.55999755859375,244.55999755859375,1652542,return_jump_no_corp_action
2021-04-23,244.8000030517578,253.67999267578125,243.0,247.9199981689453,247.9199981689453,678358,return_jump_no_corp_action
2021-04-26,252.0,267.7200012207031,249.9600067138672,261.4800109863281,261.4800109863281,822917,return_jump_no_corp_action
2021-04-27,265.44000244140625,271.55999755859375,253.9199981689453,265.32000732421875,265.32000732421875,734975,return_jump_no_corp_action
2021-04-28,263.6400146484375,269.1600036621094,255.36000061035156,261.3599853515625,261.3599853515625,473767,return_jump_no_corp_action
2021-04-29,264.3599853515625,266.3999938964844,242.77200317382812,247.9199981689453,247.9199981689453,933933,return_jump_no_corp_action
2021-04-30,244.0800018310547,251.16000366210938,239.16000366210938,241.9199981689453,241.9199981689453,505233,return_jump_no_corp_action
2021-05-03,242.16000366210938,244.67999267578125,234.1199951171875,237.1199951171875,237.1199951171875,852758,return_jump_no_corp_action
2021-05-04,234.0,235.1999969482422,218.39999389648438,226.55999755859375,226.55999755859375,772058,return_jump_no_corp_action
2021-05-05,225.83999633789062,229.8000030517578,215.0399932861328,216.0,216.0,628358,return_jump_no_corp_action
2021-05-06,212.27999877929688,214.67999267578125,198.83999633789062,204.83999633789062,204.83999633789062,870425,return_jump_no_corp_action
2021-05-07,209.27999877929688,222.60000610351562,206.75999450683594,206.8800048828125,206.8800048828125,672942,return_jump_no_corp_action
2021-05-10,206.0399932861328,206.0399932861328,195.36000061035156,196.1999969482422,196.1999969482422,703625,return_jump_no_corp_action
2021-05-11,177.9600067138672,213.0,175.67999267578125,212.0399932861328,212.0399932861328,2680533,return_jump_no_corp_action
2021-05-12,254.16000366210938,256.55999755859375,226.1999969482422,232.55999755859375,232.55999755859375,4762517,return_jump_no_corp_action
2021-05-13,226.1999969482422,232.55999755859375,211.32000732421875,219.24000549316406,219.24000549316406,1758633,return_jump_no_corp_action
2021-05-14,224.27999877929688,250.67999267578125,222.36000061035156,246.36000061035156,246.36000061035156,1684900,return_jump_no_corp_action
2021-05-17,243.47999572753906,264.0,236.63999938964844,244.8000030517578,244.8000030517578,1114617,return_jump_no_corp_action
2021-05-18,252.0,267.3599853515625,246.1199951171875,257.0400085449219,257.0400085449219,1160592,return_jump_no_corp_action
2021-05-19,244.8000030517578,256.67999267578125,240.0,246.83999633789062,246.83999633789062,1021400,return_jump_no_corp_action
2021-05-20,250.0800018310547,255.47999572753906,241.8000030517578,246.72000122070312,246.72000122070312,669800,return_jump_no_corp_action
2021-05-21,246.83999633789062,253.1999969482422,242.75999450683594,243.47999572753906,243.47999572753906,609625,return_jump_no_corp_action
2021-05-24,244.44000244140625,262.20001220703125,240.62399291992188,257.2799987792969,257.2799987792969,919142,return_jump_no_corp_action
2021-05-25,259.44000244140625,268.9200134277344,247.44000244140625,252.0,252.0,920942,return_jump_no_corp_action
2021-05-26,254.8800048828125,296.2799987792969,254.27999877929688,284.6400146484375,284.6400146484375,2156092,return_jump_no_corp_action
2021-05-27,286.79998779296875,307.32000732421875,277.32000732421875,307.32000732421875,307.32000732421875,1720933,return_jump_no_corp_action
2021-05-28,306.8399963378906,317.8800048828125,284.8800048828125,284.8800048828125,284.8800048828125,1381925,return_jump_no_corp_action
2021-06-01,288.0,297.0,283.32000732421875,291.6000061035156,291.6000061035156,801750,return_jump_no_corp_action
2021-06-02,290.8800048828125,343.9200134277344,289.260009765625,342.239990234375,342.239990234375,2115525,return_jump_no_corp_action
2021-06-03,334.67999267578125,338.1600036621094,315.6000061035156,328.55999755859375,328.55999755859375,1056433,return_jump_no_corp_action
2021-06-04,328.67999267578125,343.79998779296875,321.1199951171875,323.6400146484375,323.6400146484375,751875,return_jump_no_corp_action
2021-06-07,334.0799865722656,377.2799987792969,331.44000244140625,365.5199890136719,365.5199890136719,1791558,return_jump_no_corp_action
2021-06-08,365.8800048828125,378.8399963378906,350.0400085449219,360.9599914550781,360.9599914550781,1077967,return_jump_no_corp_action
2021-06-09,362.8800048828125,364.67999267578125,345.8999938964844,348.0,348.0,637758,return_jump_no_corp_action
2021-06-10,348.0,355.44000244140625,325.79998779296875,333.9599914550781,333.9599914550781,711575,return_jump_no_corp_action
2021-06-11,338.6400146484375,369.0,337.32000732421875,357.4800109863281,357.4800109863281,944133,return_jump_no_corp_action
2021-06-14,357.7200012207031,363.9599914550781,345.9599914550781,353.6400146484375,353.6400146484375,567108,return_jump_no_corp_action
2021-06-15,351.0,351.0,330.3599853515625,334.79998779296875,334.79998779296875,633767,return_jump_no_corp_action
2021-06-16,333.0,348.0,326.3999938964844,343.44000244140625,343.44000244140625,655375,return_jump_no_corp_action
2021-06-17,342.6000061035156,367.55999755859375,341.3999938964844,354.3599853515625,354.3599853515625,871117,return_jump_no_corp_action
2021-06-18,351.3599853515625,362.2799987792969,339.7200012207031,351.1199951171875,351.1199951171875,980408,return_jump_no_corp_action
2021-06-21,347.6400146484375,389.1600036621094,338.3999938964844,379.44000244140625,379.44000244140625,1622950,return_jump_no_corp_action
2021-06-22,384.239990234375,404.3999938964844,375.8399963378906,380.6400146484375,380.6400146484375,1448950,return_jump_no_corp_action
2021-06-23,384.8399963378906,403.9200134277344,374.5199890136719,390.9599914550781,390.9599914550781,1190867,return_jump_no_corp_action
2021-06-24,396.1199951171875,398.50799560546875,382.0799865722656,387.6000061035156,387.6000061035156,665525,return_jump_no_corp_action
2021-06-25,391.79998779296875,421.0799865722656,390.8399963378906,411.0,411.0,2823633,return_jump_no_corp_action
2021-06-28,407.1600036621094,410.5199890136719,393.37200927734375,405.8399963378906,405.8399963378906,796600,return_jump_no_corp_action
2021-06-29,405.4800109863281,409.20001220703125,380.1600036621094,383.2799987792969,383.2799987792969,743433,return_jump_no_corp_action
2021-06-30,376.9200134277344,391.55999755859375,365.1600036621094,385.32000732421875,385.32000732421875,617017,return_jump_no_corp_action
2021-07-01,392.2799987792969,393.0,368.6400146484375,371.5199890136719,371.5199890136719,513450,return_jump_no_corp_action
2021-07-02,370.79998779296875,374.760009765625,349.44000244140625,360.7200012207031,360.7200012207031,730417,return_jump_no_corp_action
2021-07-06,348.8399963378906,360.0,340.0920104980469,349.32000732421875,349.32000732421875,531567,return_jump_no_corp_action
2021-07-07,353.1600036621094,354.0,329.4360046386719,332.6400146484375,332.6400146484375,674525,return_jump_no_corp_action
2021-07-08,314.5199890136719,348.9599914550781,309.0,346.9200134277344,346.9200134277344,885542,return_jump_no_corp_action
2021-07-09,343.0799865722656,358.0799865722656,341.0400085449219,345.9599914550781,345.9599914550781,418150,return_jump_no_corp_action
2021-07-12,346.67999267578125,349.32000732421875,330.6000061035156,343.55999755859375,343.55999755859375,328533,return_jump_no_corp_action
2021-07-13,342.239990234375,357.6000061035156,328.0320129394531,330.1199951171875,330.1199951171875,465258,return_jump_no_corp_action
2021-07-14,330.1199951171875,332.4599914550781,306.1199951171875,308.3999938964844,308.3999938964844,585308,return_jump_no_corp_action
2021-07-15,308.1600036621094,322.67999267578125,295.20001220703125,308.2799987792969,308.2799987792969,590683,return_jump_no_corp_action
2021-07-16,324.6000061035156,336.0,306.4800109863281,311.6400146484375,311.6400146484375,832508,return_jump_no_corp_action
2021-07-19,299.8800048828125,317.760009765625,294.239990234375,311.5199890136719,311.5199890136719,495767,return_jump_no_corp_action
2021-07-20,311.3999938964844,321.6000061035156,297.9599914550781,318.1199951171875,318.1199951171875,364633,return_jump_no_corp_action
2021-07-21,318.4800109863281,327.9599914550781,316.8840026855469,327.3599853515625,327.3599853515625,381400,return_jump_no_corp_action
2021-07-22,331.79998779296875,332.8800048828125,311.760009765625,317.1600036621094,317.1600036621094,393542,return_jump_no_corp_action
2021-07-23,314.6400146484375,326.1600036621094,307.12799072265625,320.6400146484375,320.6400146484375,478100,return_jump_no_corp_action
2021-07-26,321.7200012207031,326.5199890136719,312.3599853515625,322.9200134277344,322.9200134277344,298267,return_jump_no_corp_action
2021-07-27,320.5199890136719,322.44000244140625,297.1199951171875,313.32000732421875,313.32000732421875,569700,return_jump_no_corp_action
2021-07-28,311.8800048828125,335.6400146484375,310.20001220703125,331.9200134277344,331.9200134277344,370950,return_jump_no_corp_action
2021-07-29,331.9200134277344,341.3999938964844,323.8800048828125,324.239990234375,324.239990234375,389317,return_jump_no_corp_action
2021-07-30,320.1600036621094,325.9440002441406,310.79998779296875,312.4800109863281,312.4800109863281,316075,return_jump_no_corp_action
2021-08-02,312.0,321.1080017089844,309.0,314.0400085449219,314.0400085449219,246783,return_jump_no_corp_action
2021-08-03,315.6000061035156,315.7200012207031,301.55999755859375,311.8800048828125,311.8800048828125,236867,return_jump_no_corp_action
2021-08-04,305.8800048828125,312.239990234375,297.7560119628906,302.8800048828125,302.8800048828125,368267,return_jump_no_corp_action
2021-08-05,301.9200134277344,318.7200012207031,298.79998779296875,316.20001220703125,316.20001220703125,306800,return_jump_no_corp_action
2021-08-06,320.5199890136719,321.6000061035156,310.20001220703125,314.5199890136719,314.5199890136719,241867,return_jump_no_corp_action
2021-08-09,317.2799987792969,340.9200134277344,315.9960021972656,335.1600036621094,335.1600036621094,586033,return_jump_no_corp_action
2021-08-10,339.4800109863281,349.32000732421875,327.1199951171875,343.67999267578125,343.67999267578125,1101750,return_jump_no_corp_action
2021-08-11,395.5199890136719,404.1600036621094,362.5199890136719,381.8399963378906,381.8399963378906,2981625,return_jump_no_corp_action
2021-08-12,381.6000061035156,390.239990234375,372.7200012207031,378.7200012207031,378.7200012207031,675667,return_jump_no_corp_action
2021-08-13,363.6000061035156,365.3999938964844,340.55999755859375,345.9599914550781,345.9599914550781,990675,return_jump_no_corp_action
2021-08-16,336.0,340.9200134277344,326.6400146484375,330.4800109863281,330.4800109863281,403850,return_jump_no_corp_action
2021-08-17,322.20001220703125,345.0,316.32000732421875,320.8800048828125,320.8800048828125,903450,return_jump_no_corp_action
2021-08-18,323.0400085449219,328.44000244140625,307.0799865722656,313.44000244140625,313.44000244140625,621450,return_jump_no_corp_action
2021-08-19,310.20001220703125,314.0400085449219,298.9200134277344,301.79998779296875,301.79998779296875,508375,return_jump_no_corp_action
2021-08-20,301.79998779296875,308.0400085449219,299.3999938964844,304.32000732421875,304.32000732421875,321258,return_jump_no_corp_action
2021-08-23,308.0400085449219,319.9200134277344,306.6000061035156,315.8399963378906,315.8399963378906,391525,return_jump_no_corp_action
2021-08-24,318.0,332.6400146484375,317.6759948730469,332.5199890136719,332.5199890136719,450475,return_jump_no_corp_action
2021-08-25,336.0,340.55999755859375,327.1199951171875,329.0400085449219,329.0400085449219,366267,return_jump_no_corp_action
2021-08-26,327.0,335.1600036621094,311.5199890136719,313.79998779296875,313.79998779296875,373758,return_jump_no_corp_action
2021-08-27,316.9200134277344,324.8399963378906,313.3919982910156,324.6000061035156,324.6000061035156,278667,return_jump_no_corp_action
2021-08-30,327.4800109863281,332.6400146484375,317.2799987792969,330.4800109863281,330.4800109863281,377250,return_jump_no_corp_action
2021-08-31,334.44000244140625,354.3599853515625,331.0799865722656,349.79998779296875,349.79998779296875,748492,return_jump_no_corp_action
2021-09-01,350.3999938964844,359.3999938964844,345.7560119628906,354.7200012207031,354.7200012207031,544308,return_jump_no_corp_action
2021-09-02,353.760009765625,365.1600036621094,351.239990234375,356.760009765625,356.760009765625,489058,return_jump_no_corp_action
2021-09-03,367.9200134277344,370.67999267578125,354.6000061035156,359.6400146484375,359.6400146484375,616675,return_jump_no_corp_action
2021-09-07,362.3999938964844,365.1600036621094,343.20001220703125,354.9599914550781,354.9599914550781,489808,return_jump_no_corp_action
2021-09-08,360.0,365.1600036621094,340.0799865722656,340.55999755859375,340.55999755859375,544033,return_jump_no_corp_action
2021-09-09,336.0,356.0400085449219,335.0400085449219,349.20001220703125,349.20001220703125,355033,return_jump_no_corp_action
2021-09-10,349.20001220703125,366.0,348.7200012207031,358.67999267578125,358.67999267578125,561225,return_jump_no_corp_action
2021-09-13,360.1199951171875,364.32000732421875,329.0400085449219,329.3999938964844,329.3999938964844,785283,return_jump_no_corp_action
2021-09-14,331.0799865722656,336.3840026855469,317.1600036621094,326.5199890136719,326.5199890136719,547642,return_jump_no_corp_action
2021-09-15,324.0,328.739990234375,319.0799865722656,325.79998779296875,325.79998779296875,320717,return_jump_no_corp_action
2021-09-16,324.3599853515625,331.44000244140625,321.1199951171875,330.6000061035156,330.6000061035156,272375,return_jump_no_corp_action
2021-09-17,334.79998779296875,340.44000244140625,325.83599853515625,339.3599853515625,339.3599853515625,548083,return_jump_no_corp_action
2021-09-20,325.79998779296875,330.0,308.760009765625,312.8399963378906,312.8399963378906,611917,return_jump_no_corp_action
2021-09-21,315.6000061035156,318.0,301.0799865722656,302.6400146484375,302.6400146484375,474842,return_jump_no_corp_action
2021-09-22,304.32000732421875,314.760009765625,303.6000061035156,313.9200134277344,313.9200134277344,329492,return_jump_no_corp_action
2021-09-23,317.6400146484375,318.8399963378906,310.67999267578125,311.2799987792969,311.2799987792969,370608,return_jump_no_corp_action
2021-09-24,309.8399963378906,310.44000244140625,300.3599853515625,305.0400085449219,305.0400085449219,364608,return_jump_no_corp_action
2021-09-27,302.1600036621094,313.8599853515625,297.1199951171875,309.0,309.0,287575,return_jump_no_corp_action
2021-09-28,304.9200134277344,308.1600036621094,285.6000061035156,286.9200134277344,286.9200134277344,591092,return_jump_no_corp_action
2021-09-29,288.0,288.8399963378906,273.239990234375,274.67999267578125,274.67999267578125,499675,return_jump_no_corp_action
2021-09-30,276.0,295.44000244140625,273.7200012207031,287.5199890136719,287.5199890136719,501692,return_jump_no_corp_action
2021-10-01,288.1199951171875,293.760009765625,281.0400085449219,292.9200134277344,292.9200134277344,338942,return_jump_no_corp_action
2021-10-04,288.1199951171875,288.7200012207031,272.6400146484375,279.0,279.0,410617,return_jump_no_corp_action
2021-10-05,280.79998779296875,285.4800109863281,276.1199951171875,282.4800109863281,282.4800109863281,261025,return_jump_no_corp_action
2021-10-06,278.8800048828125,293.3999938964844,275.8800048828125,289.55999755859375,289.55999755859375,317917,return_jump_no_corp_action
2021-10-07,293.3999938964844,308.1600036621094,292.0799865722656,300.3599853515625,300.3599853515625,400308,return_jump_no_corp_action
2021-10-08,300.0,306.3599853515625,295.67999267578125,301.44000244140625,301.44000244140625,290325,return_jump_no_corp_action
2021-10-11,298.55999755859375,315.239990234375,298.55999755859375,305.6400146484375,305.6400146484375,374708,return_jump_no_corp_action
2021-10-12,303.7200012207031,310.7040100097656,299.1600036621094,309.7200012207031,309.7200012207031,258458,return_jump_no_corp_action
2021-10-13,311.8800048828125,330.4800109863281,310.9440002441406,326.8800048828125,326.8800048828125,421042,return_jump_no_corp_action
2021-10-14,334.79998779296875,349.79998779296875,328.55999755859375,332.8800048828125,332.8800048828125,647025,return_jump_no_corp_action
2021-10-15,339.3599853515625,347.760009765625,332.6400146484375,336.1199951171875,336.1199951171875,419058,return_jump_no_corp_action
2021-10-18,331.79998779296875,359.3999938964844,330.9599914550781,358.9200134277344,358.9200134277344,535850,return_jump_no_corp_action
2021-10-19,366.0,371.760009765625,350.5199890136719,357.6000061035156,357.6000061035156,677658,return_jump_no_corp_action
2021-10-20,359.1600036621094,362.5199890136719,351.6000061035156,354.8399963378906,354.8399963378906,289983,return_jump_no_corp_action
2021-10-21,354.6000061035156,366.9599914550781,352.0799865722656,359.0400085449219,359.0400085449219,287633,return_jump_no_corp_action
2021-10-22,352.79998779296875,355.55999755859375,335.6400146484375,342.239990234375,342.239990234375,384608,return_jump_no_corp_action
2021-10-25,341.3999938964844,361.67999267578125,339.8399963378906,361.0799865722656,361.0799865722656,332717,return_jump_no_corp_action
2021-10-26,365.3999938964844,366.3599853515625,346.32000732421875,351.239990234375,351.239990234375,564942,return_jump_no_corp_action
2021-10-27,348.1199951171875,357.3599853515625,337.44000244140625,337.55999755859375,337.55999755859375,259958,return_jump_no_corp_action
2021-10-28,340.79998779296875,358.4639892578125,338.8800048828125,353.760009765625,353.760009765625,358083,return_jump_no_corp_action
2021-10-29,349.44000244140625,362.2799987792969,347.5920104980469,357.7200012207031,357.7200012207031,274392,return_jump_no_corp_action
2021-11-01,360.6000061035156,401.3999938964844,360.6000061035156,396.7200012207031,396.7200012207031,1111617,return_jump_no_corp_action
2021-11-02,394.79998779296875,406.79998779296875,382.0799865722656,405.1199951171875,405.1199951171875,466767,return_jump_no_corp_action
2021-11-03,406.79998779296875,416.1600036621094,396.1199951171875,406.44000244140625,406.44000244140625,503758,return_jump_no_corp_action
2021-11-04,410.3999938964844,421.20001220703125,387.239990234375,392.2799987792969,392.2799987792969,625558,return_jump_no_corp_action
2021-11-05,394.0799865722656,398.6400146484375,384.1199951171875,393.8399963378906,393.8399963378906,379100,return_jump_no_corp_action
2021-11-08,399.0,407.760009765625,396.9599914550781,404.0400085449219,404.0400085449219,344925,return_jump_no_corp_action
2021-11-09,410.2799987792969,411.6000061035156,381.239990234375,397.55999755859375,397.55999755859375,864825,return_jump_no_corp_action
2021-11-10,350.3999938964844,351.1199951171875,302.2799987792969,305.6400146484375,305.6400146484375,2777075,return_jump_no_corp_action
2021-11-11,309.9599914550781,317.1600036621094,298.55999755859375,300.0,300.0,1014475,return_jump_no_corp_action
2021-11-12,301.20001220703125,302.8800048828125,288.7200012207031,294.4800109863281,294.4800109863281,828683,return_jump_no_corp_action
2021-11-15,295.32000732421875,303.6000061035156,292.44000244140625,294.6000061035156,294.6000061035156,617133,return_jump_no_corp_action
2021-11-16,292.44000244140625,292.44000244140625,278.6400146484375,290.1600036621094,290.1600036621094,743633,return_jump_no_corp_action
2021-11-17,291.0,292.32000732421875,280.20001220703125,287.760009765625,287.760009765625,437833,return_jump_no_corp_action
2021-11-18,285.4800109863281,286.79998779296875,262.32000732421875,264.0,264.0,956200,return_jump_no_corp_action
2021-11-19,262.20001220703125,271.0799865722656,255.24000549316406,257.0400085449219,257.0400085449219,637508,return_jump_no_corp_action
2021-11-22,257.0400085449219,262.79998779296875,244.67999267578125,248.16000366210938,248.16000366210938,648367,return_jump_no_corp_action
2021-11-23,246.47999572753906,254.0399932861328,239.39999389648438,245.8800048828125,245.8800048828125,698383,return_jump_no_corp_action
2021-11-24,245.39999389648438,262.20001220703125,242.39999389648438,255.1199951171875,255.1199951171875,589967,return_jump_no_corp_action
2021-11-26,246.83999633789062,257.8800048828125,246.1199951171875,252.47999572753906,252.47999572753906,331258,return_jump_no_corp_action
2021-11-29,255.47999572753906,256.55999755859375,236.52000427246094,248.8800048828125,248.8800048828125,621742,return_jump_no_corp_action
2021-11-30,248.0399932861328,251.63999938964844,227.63999938964844,235.44000244140625,235.44000244140625,631367,return_jump_no_corp_action
2021-12-01,237.9600067138672,238.42799377441406,212.39999389648438,213.36000061035156,213.36000061035156,875142,return_jump_no_corp_action
2021-12-02,211.44000244140625,225.36000061035156,208.32000732421875,218.39999389648438,218.39999389648438,615300,return_jump_no_corp_action
2021-12-03,215.27999877929688,216.9600067138672,198.24000549316406,211.0800018310547,211.0800018310547,795758,return_jump_no_corp_action
2021-12-06,203.27999877929688,213.36000061035156,195.1199951171875,208.32000732421875,208.32000732421875,649442,return_jump_no_corp_action
2021-12-07,216.9600067138672,230.16000366210938,216.36000061035156,223.1999969482422,223.1999969482422,575975,return_jump_no_corp_action
2021-12-08,224.39999389648438,242.27999877929688,219.24000549316406,237.24000549316406,237.24000549316406,598992,return_jump_no_corp_action
2021-12-09,240.1199951171875,258.8399963378906,223.0800018310547,226.32000732421875,226.32000732421875,1043958,return_jump_no_corp_action
2021-12-10,228.1199951171875,235.44000244140625,210.83999633789062,213.72000122070312,213.72000122070312,762492,return_jump_no_corp_action
2021-12-13,213.24000549316406,215.52000427246094,198.24000549316406,205.67999267578125,205.67999267578125,564467,return_jump_no_corp_action
2021-12-14,199.0800018310547,205.44000244140625,195.1199951171875,200.39999389648438,200.39999389648438,619450,return_jump_no_corp_action
2021-12-15,197.39999389648438,208.3679962158203,189.72000122070312,206.52000427246094,206.52000427246094,687175,return_jump_no_corp_action
2021-12-16,209.63999938964844,212.75999450683594,190.9199981689453,195.47999572753906,195.47999572753906,654858,return_jump_no_corp_action
2021-12-17,190.55999755859375,200.75999450683594,182.16000366210938,199.44000244140625,199.44000244140625,877950,return_jump_no_corp_action
2021-12-20,192.24000549316406,198.72000122070312,186.1199951171875,192.0,192.0,555792,return_jump_no_corp_action
2021-12-21,193.67999267578125,206.6999969482422,193.32000732421875,203.52000427246094,203.52000427246094,526908,return_jump_no_corp_action
2021-12-22,201.83999633789062,206.16000366210938,197.16000366210938,199.0800018310547,199.0800018310547,485033,return_jump_no_corp_action
2021-12-23,198.47999572753906,216.1199951171875,196.32000732421875,212.39999389648438,212.39999389648438,978133,return_jump_no_corp_action
2021-12-27,210.0,211.69200134277344,199.32000732421875,201.72000122070312,201.72000122070312,727525,return_jump_no_corp_action
2021-12-28,200.0399932861328,201.9600067138672,189.83999633789062,190.44000244140625,190.44000244140625,783392,return_jump_no_corp_action
2021-12-29,189.36000061035156,192.39599609375,180.1199951171875,184.8000030517578,184.8000030517578,853575,return_jump_no_corp_action
2021-12-30,183.9600067138672,199.6199951171875,183.24000549316406,193.67999267578125,193.67999267578125,816858,return_jump_no_corp_action
2021-12-31,191.8800048828125,199.8000030517578,186.1199951171875,186.24000549316406,186.24000549316406,495683,return_jump_no_corp_action
2022-01-03,190.8000030517578,199.8000030517578,186.6959991455078,194.39999389648438,194.39999389648438,496233,return_jump_no_corp_action
2022-01-04,194.39999389648438,195.47999572753906,180.83999633789062,189.72000122070312,189.72000122070312,584608,return_jump_no_corp_action
2022-01-05,186.0,187.1999969482422,166.7760009765625,169.9199981689453,169.9199981689453,1110350,return_jump_no_corp_action
2022-01-06,168.1199951171875,174.17999267578125,158.16000366210938,167.0399932861328,167.0399932861328,772033,return_jump_no_corp_action
2022-01-07,167.75999450683594,174.72000122070312,163.32000732421875,167.63999938964844,167.63999938964844,630550,return_jump_no_corp_action
2022-01-10,164.52000427246094,164.75999450683594,153.47999572753906,162.72000122070312,162.72000122070312,1020108,return_jump_no_corp_action
2022-01-11,162.24000549316406,184.67999267578125,159.36000061035156,177.47999572753906,177.47999572753906,919642,return_jump_no_corp_action
2022-01-12,180.24000549316406,186.9600067138672,175.6199951171875,175.8000030517578,175.8000030517578,546767,return_jump_no_corp_action
2022-01-13,178.32000732421875,178.8000030517578,162.83999633789062,163.1999969482422,163.1999969482422,675775,return_jump_no_corp_action
2022-01-14,157.9199981689453,164.39999389648438,152.0399932861328,157.44000244140625,157.44000244140625,895058,return_jump_no_corp_action
2022-01-18,152.75999450683594,156.88800048828125,145.67999267578125,147.9600067138672,147.9600067138672,718700,return_jump_no_corp_action
2022-01-19,149.0399932861328,150.72000122070312,141.72000122070312,143.27999877929688,143.27999877929688,894292,return_jump_no_corp_action
2022-01-20,144.36000061035156,151.67999267578125,134.8800048828125,135.24000549316406,135.24000549316406,1123467,return_jump_no_corp_action
2022-01-21,126.95999908447266,129.4199981689453,120.95999908447266,122.5199966430664,122.5199966430664,1729108,return_jump_no_corp_action
2022-01-24,112.44000244140625,121.44000244140625,105.12000274658203,121.31999969482422,121.31999969482422,1607100,return_jump_no_corp_action
2022-01-25,116.27999877929688,123.12000274658203,113.69999694824219,118.55999755859375,118.55999755859375,870042,return_jump_no_corp_action
2022-01-26,122.87999725341797,128.71200561523438,112.55999755859375,113.63999938964844,113.63999938964844,1150933,return_jump_no_corp_action
2022-01-27,117.0,117.03600311279297,104.87999725341797,106.31999969482422,106.31999969482422,1071525,return_jump_no_corp_action
2022-01-28,107.4000015258789,119.04000091552734,107.4000015258789,118.08000183105469,118.08000183105469,1290592,return_jump_no_corp_action
2022-01-31,118.44000244140625,130.02000427246094,117.95999908447266,128.8800048828125,128.8800048828125,949175,return_jump_no_corp_action
2022-02-01,133.32000732421875,137.82000732421875,124.55999755859375,135.36000061035156,135.36000061035156,980042,return_jump_no_corp_action
2022-02-02,136.9199981689453,136.9199981689453,123.95999908447266,124.55999755859375,124.55999755859375,904092,return_jump_no_corp_action
2022-02-03,118.55999755859375,125.5199966430664,115.91999816894531,116.4000015258789,116.4000015258789,801017,return_jump_no_corp_action
2022-02-04,116.63999938964844,124.31999969482422,115.08000183105469,121.19999694824219,121.19999694824219,732025,return_jump_no_corp_action
2022-02-07,121.31999969482422,128.22000122070312,119.04000091552734,120.83999633789062,120.83999633789062,714267,return_jump_no_corp_action
2022-02-08,119.63999938964844,122.87999725341797,117.0,120.0,120.0,599167,return_jump_no_corp_action
2022-02-09,122.4000015258789,132.9600067138672,120.77999877929688,132.83999633789062,132.83999633789062,712933,return_jump_no_corp_action
2022-02-10,129.0,142.67999267578125,125.5199966430664,133.0800018310547,133.0800018310547,993175,return_jump_no_corp_action
2022-02-11,130.67999267578125,140.16000366210938,126.4800033569336,128.52000427246094,128.52000427246094,915592,return_jump_no_corp_action
2022-02-14,126.72000122070312,132.0,123.36000061035156,123.72000122070312,123.72000122070312,517917,return_jump_no_corp_action
2022-02-15,127.62000274658203,135.4199981689453,126.12000274658203,134.63999938964844,134.63999938964844,512525,return_jump_no_corp_action
2022-02-16,131.8800048828125,133.44000244140625,127.08000183105469,129.47999572753906,129.47999572753906,622583,return_jump_no_corp_action
2022-02-17,126.5999984741211,129.0,115.68000030517578,116.5199966430664,116.5199966430664,879608,return_jump_no_corp_action
2022-02-18,112.19999694824219,114.0,99.83999633789062,100.80000305175781,100.80000305175781,1505117,return_jump_no_corp_action
2022-02-22,98.04000091552734,102.95999908447266,95.4000015258789,96.12000274658203,96.12000274658203,990475,return_jump_no_corp_action
2022-02-23,96.83999633789062,99.30000305175781,90.83999633789062,91.44000244140625,91.44000244140625,1524092,return_jump_no_corp_action
2022-02-24,75.23999786376953,100.91999816894531,74.5199966430664,100.68000030517578,100.68000030517578,1947408,return_jump_no_corp_action
2022-02-25,99.12000274658203,100.44000244140625,92.87999725341797,97.68000030517578,97.68000030517578,984200,return_jump_no_corp_action
2022-02-28,99.36000061035156,106.31999969482422,96.0,102.5999984741211,102.5999984741211,951058,return_jump_no_corp_action
2022-03-01,102.95999908447266,105.98400115966797,98.76000213623047,101.63999938964844,101.63999938964844,642333,return_jump_no_corp_action
2022-03-02,102.4800033569336,103.8479995727539,97.93199920654297,102.12000274658203,102.12000274658203,668425,return_jump_no_corp_action
2022-03-03,102.5999984741211,103.19999694824219,90.5999984741211,90.95999908447266,90.95999908447266,881842,return_jump_no_corp_action
2022-03-04,92.04000091552734,93.23999786376953,87.0,88.44000244140625,88.44000244140625,937833,return_jump_no_corp_action
2022-03-07,88.68000030517578,92.63999938964844,86.69999694824219,87.5999984741211,87.5999984741211,866942,return_jump_no_corp_action
2022-03-08,86.4000015258789,89.87999725341797,82.44000244140625,85.31999969482422,85.31999969482422,1153592,return_jump_no_corp_action
2022-03-09,87.72000122070312,93.23999786376953,87.0,90.5999984741211,90.5999984741211,811783,return_jump_no_corp_action
2022-03-10,88.31999969482422,89.58000183105469,83.16000366210938,84.72000122070312,84.72000122070312,803858,return_jump_no_corp_action
2022-03-11,85.08000183105469,85.80000305175781,78.95999908447266,79.19999694824219,79.19999694824219,729633,return_jump_no_corp_action
2022-03-14,77.5199966430664,78.5999984741211,72.83999633789062,74.04000091552734,74.04000091552734,994617,return_jump_no_corp_action
2022-03-15,74.63999938964844,78.95999908447266,72.12000274658203,77.76000213623047,77.76000213623047,850808,return_jump_no_corp_action
2022-03-16,79.19999694824219,89.16000366210938,79.19999694824219,88.44000244140625,88.44000244140625,1390983,return_jump_no_corp_action
2022-03-17,86.04000091552734,95.27999877929688,84.83999633789062,95.27999877929688,95.27999877929688,834550,return_jump_no_corp_action
2022-03-18,93.0,98.81999969482422,92.63999938964844,95.5199966430664,95.5199966430664,1157583,return_jump_no_corp_action
2022-03-21,95.27999877929688,95.87999725341797,89.5199966430664,90.36000061035156,90.36000061035156,906167,return_jump_no_corp_action
2022-03-22,89.76000213623047,96.0,88.19999694824219,92.5199966430664,92.5199966430664,1113167,return_jump_no_corp_action
2022-03-23,92.16000366210938,95.5199966430664,89.0999984741211,90.95999908447266,90.95999908447266,891892,return_jump_no_corp_action
2022-03-24,91.55999755859375,92.27999877929688,85.68000030517578,87.72000122070312,87.72000122070312,864692,return_jump_no_corp_action
2022-03-25,87.72000122070312,87.72000122070312,82.19999694824219,83.63999938964844,83.63999938964844,1002000,return_jump_no_corp_action
2022-03-28,84.12000274658203,86.58000183105469,81.4800033569336,84.95999908447266,84.95999908447266,878825,return_jump_no_corp_action
2022-03-29,86.4000015258789,95.69999694824219,84.86399841308594,91.19999694824219,91.19999694824219,2452625,return_jump_no_corp_action
2022-03-30,89.76000213623047,95.87999725341797,85.26000213623047,85.55999755859375,85.55999755859375,1182958,return_jump_no_corp_action
2022-03-31,85.31999969482422,85.80000305175781,78.72000122070312,78.83999633789062,78.83999633789062,1471825,return_jump_no_corp_action
2022-04-01,79.08000183105469,80.63999938964844,76.44000244140625,78.5999984741211,78.5999984741211,1077900,return_jump_no_corp_action
2022-04-04,79.80000305175781,92.16000366210938,79.55999755859375,88.55999755859375,88.55999755859375,1542850,return_jump_no_corp_action
2022-04-05,87.5999984741211,88.44000244140625,81.83999633789062,83.04000091552734,83.04000091552734,922642,return_jump_no_corp_action
2022-04-06,80.87999725341797,81.12000274658203,72.5999984741211,74.5199966430664,74.5199966430664,1787900,return_jump_no_corp_action
2022-04-07,73.91999816894531,75.66000366210938,69.5999984741211,73.31999969482422,73.31999969482422,1454992,return_jump_no_corp_action
2022-04-08,72.23999786376953,73.62000274658203,69.5999984741211,69.72000122070312,69.72000122070312,894683,return_jump_no_corp_action
2022-04-11,67.91999816894531,71.76000213623047,65.81999969482422,70.31999969482422,70.31999969482422,871000,return_jump_no_corp_action
2022-04-12,71.16000366210938,74.63999938964844,67.68000030517578,67.91999816894531,67.91999816894531,1075075,return_jump_no_corp_action
2022-04-13,68.16000366210938,71.76000213623047,66.72000122070312,70.19999694824219,70.19999694824219,846050,return_jump_no_corp_action
2022-04-14,70.68000030517578,70.68000030517578,66.5999984741211,66.72000122070312,66.72000122070312,748767,return_jump_no_corp_action
2022-04-18,66.23999786376953,66.63600158691406,61.20000076293945,63.36000061035156,63.36000061035156,958067,return_jump_no_corp_action
2022-04-19,63.599998474121094,68.63999938964844,62.7599983215332,67.08000183105469,67.08000183105469,854992,return_jump_no_corp_action
2022-04-20,64.80000305175781,65.11199951171875,60.36000061035156,62.7599983215332,62.7599983215332,999908,return_jump_no_corp_action
2022-04-21,64.08000183105469,65.22000122070312,56.040000915527344,56.7599983215332,56.7599983215332,1170292,return_jump_no_corp_action
2022-04-22,56.7599983215332,57.84000015258789,52.619998931884766,54.599998474121094,54.599998474121094,996483,return_jump_no_corp_action
2022-04-25,53.7599983215332,55.31999969482422,52.20000076293945,53.400001525878906,53.400001525878906,1143142,return_jump_no_corp_action
2022-08-16,52.31999969482422,97.68000030517578,51.84000015258789,76.19999694824219,76.19999694824219,14001942,return_jump_no_corp_action
2025-01-06,47.7599983215332,63.599998474121094,36.599998474121094,60.720001220703125,60.720001220703125,56845842,return_jump_no_corp_action
2025-01-07,65.16000366210938,77.4000015258789,60.720001220703125,65.5199966430664,65.5199966430664,31999633,return_jump_no_corp_action
2025-01-08,55.560001373291016,73.19999694824219,54.599998474121094,64.19999694824219,64.19999694824219,14747683,return_jump_no_corp_action
2025-01-10,68.4000015258789,71.87999725341797,59.880001068115234,61.31999969482422,61.31999969482422,8371342,return_jump_no_corp_action
2025-01-13,58.560001373291016,58.7400016784668,51.599998474121094,53.400001525878906,53.400001525878906,4955358,return_jump_no_corp_action
2025-01-14,51.720001220703125,55.08000183105469,45.36000061035156,45.720001220703125,45.720001220703125,5515758,return_jump_no_corp_action
2025-01-15,48.599998474121094,51.2400016784668,46.91999816894531,47.15999984741211,47.15999984741211,3442217,return_jump_no_corp_action
2025-01-16,48.0,49.560001373291016,46.31999969482422,47.880001068115234,47.880001068115234,2799450,return_jump_no_corp_action
2025-01-17,48.84000015258789,51.599998474121094,45.36000061035156,45.84000015258789,45.84000015258789,2907692,return_jump_no_corp_action
2025-01-21,45.84000015258789,47.15999984741211,43.560001373291016,44.040000915527344,44.040000915527344,2165825,return_jump_no_corp_action
2025-01-22,43.560001373291016,44.880001068115234,42.119998931884766,43.439998626708984,43.439998626708984,1854758,return_jump_no_corp_action
2025-01-23,43.20000076293945,49.08000183105469,42.959999084472656,47.880001068115234,47.880001068115234,3306800,return_jump_no_corp_action
2025-01-24,47.15999984741211,49.79999923706055,46.31999969482422,48.47999954223633,48.47999954223633,2162517,return_jump_no_corp_action
2025-01-27,47.15999984741211,47.880001068115234,43.91999816894531,44.279998779296875,44.279998779296875,1589592,return_jump_no_corp_action
2025-01-28,44.880001068115234,48.060001373291016,44.52000045776367,47.400001525878906,47.400001525878906,1284800,return_jump_no_corp_action
2025-01-29,47.7599983215332,51.0,47.15999984741211,48.959999084472656,48.959999084472656,2593525,return_jump_no_corp_action
2025-01-30,50.15999984741211,51.599998474121094,47.400001525878906,49.439998626708984,49.439998626708984,2005075,return_jump_no_corp_action
2025-01-31,49.79999923706055,51.2400016784668,46.91999816894531,48.47999954223633,48.47999954223633,1732575,return_jump_no_corp_action
2025-02-03,46.619998931884766,49.91999816894531,45.720001220703125,49.91999816894531,49.91999816894531,1750667,return_jump_no_corp_action
2025-02-04,50.040000915527344,56.52000045776367,49.560001373291016,54.959999084472656,54.959999084472656,3201375,return_jump_no_corp_action
2025-02-05,54.959999084472656,55.2599983215332,51.959999084472656,53.52000045776367,53.52000045776367,1946875,return_jump_no_corp_action
2025-02-06,53.15999984741211,53.279998779296875,48.0,48.47999954223633,48.47999954223633,2006758,return_jump_no_corp_action
2025-02-07,48.36000061035156,48.47999954223633,46.68000030517578,47.400001525878906,47.400001525878906,1317800,return_jump_no_corp_action
2025-02-10,48.119998931884766,48.959999084472656,45.720001220703125,46.20000076293945,46.20000076293945,1405283,return_jump_no_corp_action
2025-02-11,45.84000015258789,48.29999923706055,44.52000045776367,44.63999938964844,44.63999938964844,1595700,return_jump_no_corp_action
2025-02-12,44.400001525878906,45.540000915527344,43.439998626708984,43.79999923706055,43.79999923706055,1631550,return_jump_no_corp_action
2025-02-13,43.91999816894531,47.040000915527344,43.68000030517578,46.79999923706055,46.79999923706055,1418817,return_jump_no_corp_action
2025-02-14,47.15999984741211,48.959999084472656,46.439998626708984,48.720001220703125,48.720001220703125,1133492,return_jump_no_corp_action
2025-02-18,48.959999084472656,51.2400016784668,47.52000045776367,48.720001220703125,48.720001220703125,1463875,return_jump_no_corp_action
2025-02-19,48.47999954223633,48.720001220703125,46.20000076293945,46.31999969482422,46.31999969482422,1219950,return_jump_no_corp_action
2025-02-20,46.439998626708984,47.040000915527344,44.52000045776367,46.20000076293945,46.20000076293945,1046417,return_jump_no_corp_action
2025-02-21,49.91999816894531,50.279998779296875,45.0,45.119998931884766,45.119998931884766,2132100,return_jump_no_corp_action
2025-02-24,45.84000015258789,51.47999954223633,44.7599983215332,48.119998931884766,48.119998931884766,3492892,return_jump_no_corp_action
2025-02-25,47.880001068115234,48.2400016784668,44.400001525878906,46.08000183105469,46.08000183105469,2023858,return_jump_no_corp_action
2025-02-26,46.31999969482422,47.040000915527344,42.0,43.20000076293945,43.20000076293945,2340075,return_jump_no_corp_action
2025-02-27,43.79999923706055,45.47999954223633,41.400001525878906,42.2400016784668,42.2400016784668,3022442,return_jump_no_corp_action
2025-02-28,35.52000045776367,36.959999084472656,30.65999984741211,36.36000061035156,36.36000061035156,5735025,return_jump_no_corp_action
2025-03-03,36.47999954223633,37.13999938964844,33.119998931884766,34.08000183105469,34.08000183105469,2632550,return_jump_no_corp_action
2025-03-04,32.220001220703125,37.20000076293945,32.040000915527344,36.119998931884766,36.119998931884766,2501242,return_jump_no_corp_action
2025-03-05,36.2400016784668,37.5,35.52000045776367,36.959999084472656,36.959999084472656,1382800,return_jump_no_corp_action
2025-03-06,35.880001068115234,37.20000076293945,35.15999984741211,35.880001068115234,35.880001068115234,1779817,return_jump_no_corp_action
2025-03-07,35.279998779296875,38.7599983215332,35.040000915527344,38.15999984741211,38.15999984741211,1714775,return_jump_no_corp_action
2025-03-10,37.2599983215332,39.36000061035156,35.040000915527344,36.119998931884766,36.119998931884766,2304300,return_jump_no_corp_action
2025-03-11,36.060001373291016,37.79999923706055,34.91999816894531,37.08000183105469,37.08000183105469,1751792,return_jump_no_corp_action
2025-03-12,37.79999923706055,38.34000015258789,36.47999954223633,37.20000076293945,37.20000076293945,1684392,return_jump_no_corp_action
2025-03-13,36.959999084472656,37.68000030517578,35.400001525878906,35.400001525878906,35.400001525878906,1329908,return_jump_no_corp_action
2025-03-14,35.880001068115234,38.15999984741211,35.652000427246094,38.15999984741211,38.15999984741211,1128300,return_jump_no_corp_action
2025-03-17,37.91999816894531,39.599998474121094,37.79999923706055,38.52000045776367,38.52000045776367,901433,return_jump_no_corp_action
2025-03-18,38.15999984741211,38.400001525878906,36.84000015258789,37.08000183105469,37.08000183105469,1012275,return_jump_no_corp_action
2025-03-19,37.31999969482422,38.52000045776367,37.08000183105469,38.15999984741211,38.15999984741211,839692,return_jump_no_corp_action
2025-03-20,37.79999923706055,38.15999984741211,36.599998474121094,36.959999084472656,36.959999084472656,925683,return_jump_no_corp_action
2025-03-21,36.119998931884766,38.15999984741211,36.0,38.15999984741211,38.15999984741211,985600,return_jump_no_corp_action
2025-03-24,38.7599983215332,39.2400016784668,37.79999923706055,39.2400016784668,39.2400016784668,990308,return_jump_no_corp_action
2025-03-25,39.36000061035156,39.720001220703125,38.279998779296875,39.720001220703125,39.720001220703125,731192,return_jump_no_corp_action
2025-03-26,39.84000015258789,40.20000076293945,36.720001220703125,36.959999084472656,36.959999084472656,964067,return_jump_no_corp_action
2025-03-27,36.720001220703125,37.31999969482422,35.880001068115234,36.2400016784668,36.2400016784668,946033,return_jump_no_corp_action
2025-03-28,35.880001068115234,36.2760009765625,34.439998626708984,34.79999923706055,34.79999923706055,1185892,return_jump_no_corp_action
2025-03-31,34.31999969482422,35.880001068115234,33.36000061035156,35.040000915527344,35.040000915527344,1103383,return_jump_no_corp_action
2025-04-01,35.040000915527344,35.7599983215332,34.31999969482422,35.52000045776367,35.52000045776367,894333,return_jump_no_corp_action
2025-04-02,34.91999816894531,37.79999923706055,34.439998626708984,37.79999923706055,37.79999923706055,998292,return_jump_no_corp_action
2025-04-03,35.15999984741211,36.720001220703125,34.91999816894531,36.2400016784668,36.2400016784668,1074158,return_jump_no_corp_action
2025-04-04,34.560001373291016,34.79999923706055,31.440000534057617,33.599998474121094,33.599998474121094,1592683,return_jump_no_corp_action
2025-04-07,30.84000015258789,36.0,30.0,32.880001068115234,32.880001068115234,1734400,return_jump_no_corp_action
2025-04-08,34.560001373291016,34.68000030517578,30.239999771118164,31.31999969482422,31.31999969482422,1047833,return_jump_no_corp_action
2025-04-09,30.959999084472656,35.70000076293945,30.299999237060547,35.040000915527344,35.040000915527344,2055408,return_jump_no_corp_action
2025-04-10,34.68000030517578,34.68000030517578,32.15999984741211,33.119998931884766,33.119998931884766,1332442,return_jump_no_corp_action
2025-04-11,33.119998931884766,34.31999969482422,32.63999938964844,34.20000076293945,34.20000076293945,1178275,return_jump_no_corp_action
2025-04-14,35.279998779296875,35.7599983215332,34.31999969482422,34.560001373291016,34.560001373291016,1171183,return_jump_no_corp_action
2025-04-15,34.79999923706055,36.599998474121094,34.380001068115234,35.880001068115234,35.880001068115234,1090425,return_jump_no_corp_action
2025-04-16,34.79999923706055,35.400001525878906,33.36000061035156,34.439998626708984,34.439998626708984,1180517,return_jump_no_corp_action
2025-04-17,34.560001373291016,35.880001068115234,33.959999084472656,35.880001068115234,35.880001068115234,1123325,return_jump_no_corp_action
2025-04-21,35.279998779296875,35.58000183105469,33.119998931884766,34.20000076293945,34.20000076293945,816550,return_jump_no_corp_action
2025-04-22,34.68000030517578,36.2400016784668,34.5,36.0,36.0,928433,return_jump_no_corp_action
2025-04-23,36.599998474121094,37.2599983215332,33.84000015258789,35.040000915527344,35.040000915527344,2171908,return_jump_no_corp_action
2025-04-24,35.040000915527344,36.36000061035156,34.91999816894531,35.880001068115234,35.880001068115234,906842,return_jump_no_corp_action
2025-04-25,36.0,36.599998474121094,35.400001525878906,36.2400016784668,36.2400016784668,843158,return_jump_no_corp_action
2025-04-28,36.36000061035156,37.79999923706055,36.2400016784668,37.560001373291016,37.560001373291016,1220250,return_jump_no_corp_action
2025-04-29,37.560001373291016,38.939998626708984,36.959999084472656,37.20000076293945,37.20000076293945,1451267,return_jump_no_corp_action
2025-04-30,35.880001068115234,36.36000061035156,34.91999816894531,36.0,36.0,1039242,return_jump_no_corp_action
2025-05-01,36.959999084472656,36.959999084472656,34.79999923706055,35.15999984741211,35.15999984741211,1315825,return_jump_no_corp_action
2025-05-02,31.68000030517578,32.507999420166016,28.799999237060547,29.040000915527344,29.040000915527344,3774117,return_jump_no_corp_action
2025-05-05,28.68000030517578,30.239999771118164,27.360000610351562,30.239999771118164,30.239999771118164,2591025,return_jump_no_corp_action
2025-05-06,29.280000686645508,31.440000534057617,29.040000915527344,31.31999969482422,31.31999969482422,2370750,return_jump_no_corp_action
2025-05-07,31.31999969482422,32.400001525878906,30.719999313354492,31.31999969482422,31.31999969482422,2155383,return_jump_no_corp_action
2025-05-08,31.559999465942383,32.7599983215332,31.139999389648438,32.400001525878906,32.400001525878906,1485342,return_jump_no_corp_action
2025-05-09,32.7599983215332,34.439998626708984,32.040000915527344,32.279998779296875,32.279998779296875,2051400,return_jump_no_corp_action
2025-05-12,34.20000076293945,35.15999984741211,33.720001220703125,34.08000183105469,34.08000183105469,2042208,return_jump_no_corp_action
2025-05-13,34.560001373291016,35.400001525878906,33.599998474121094,35.279998779296875,35.279998779296875,1416783,return_jump_no_corp_action
2025-05-14,35.63999938964844,36.36000061035156,35.099998474121094,35.52000045776367,35.52000045776367,1527717,return_jump_no_corp_action
2025-05-15,35.400001525878906,35.52000045776367,34.20000076293945,35.400001525878906,35.400001525878906,1546650,return_jump_no_corp_action
2025-05-16,35.7599983215332,39.36000061035156,35.459999084472656,38.52000045776367,38.52000045776367,2463958,return_jump_no_corp_action
2025-05-19,37.560001373291016,41.220001220703125,37.31999969482422,40.31999969482422,40.31999969482422,2072517,return_jump_no_corp_action
2025-05-20,40.560001373291016,41.279998779296875,39.599998474121094,39.84000015258789,39.84000015258789,1452067,return_jump_no_corp_action
2025-05-21,38.7599983215332,39.36000061035156,36.959999084472656,37.08000183105469,37.08000183105469,1203783,return_jump_no_corp_action
2025-05-22,36.84000015258789,37.91999816894531,36.2400016784668,37.91999816894531,37.91999816894531,1379042,return_jump_no_corp_action
2025-05-23,37.20000076293945,39.540000915527344,37.08000183105469,39.119998931884766,39.119998931884766,980992,return_jump_no_corp_action
2025-05-27,40.439998626708984,43.68000030517578,40.20000076293945,43.439998626708984,43.439998626708984,1942025,return_jump_no_corp_action
2025-05-28,44.040000915527344,46.08000183105469,44.040000915527344,45.2400016784668,45.2400016784668,1772075,return_jump_no_corp_action
2025-05-29,46.08000183105469,46.91999816894531,43.31999969482422,43.439998626708984,43.439998626708984,1769342,return_jump_no_corp_action
2025-05-30,42.47999954223633,44.7599983215332,42.0,43.91999816894531,43.91999816894531,1393292,return_jump_no_corp_action
2025-06-02,44.040000915527344,44.375999450683594,42.0,42.720001220703125,42.720001220703125,868617,return_jump_no_corp_action
2025-06-03,42.119998931884766,43.52399826049805,41.34000015258789,42.0,42.0,1050875,return_jump_no_corp_action
2025-06-04,42.119998931884766,44.400001525878906,41.400001525878906,43.08000183105469,43.08000183105469,1045717,return_jump_no_corp_action
2025-06-05,43.08000183105469,43.31999969482422,39.959999084472656,40.31999969482422,40.31999969482422,1032908,return_jump_no_corp_action
2025-06-06,41.040000915527344,42.0,40.7400016784668,40.91999816894531,40.91999816894531,947500,return_jump_no_corp_action
2025-06-09,41.52000045776367,41.939998626708984,40.08000183105469,40.08000183105469,40.08000183105469,841750,return_jump_no_corp_action
2025-06-10,40.560001373291016,40.79999923706055,39.2400016784668,39.36000061035156,39.36000061035156,704067,return_jump_no_corp_action
2025-06-11,39.599998474121094,41.040000915527344,39.2400016784668,40.439998626708984,40.439998626708984,735242,return_jump_no_corp_action
2025-06-12,39.959999084472656,42.36000061035156,39.47999954223633,40.91999816894531,40.91999816894531,788000,return_jump_no_corp_action
2025-06-13,39.47999954223633,39.959999084472656,37.91999816894531,38.040000915527344,38.040000915527344,778050,return_jump_no_corp_action
2025-06-16,38.7599983215332,40.560001373291016,38.400001525878906,39.119998931884766,39.119998931884766,728000,return_jump_no_corp_action
2025-06-17,38.52000045776367,39.119998931884766,38.15999984741211,38.279998779296875,38.279998779296875,524117,return_jump_no_corp_action
2025-06-18,38.400001525878906,38.939998626708984,37.439998626708984,37.91999816894531,37.91999816894531,765783,return_jump_no_corp_action
2025-06-20,38.279998779296875,38.81999969482422,36.959999084472656,37.439998626708984,37.439998626708984,900483,return_jump_no_corp_action
2025-06-23,37.08000183105469,38.400001525878906,35.63999938964844,38.15999984741211,38.15999984741211,920217,return_jump_no_corp_action
2025-06-24,38.880001068115234,41.15999984741211,38.81999969482422,41.040000915527344,41.040000915527344,982750,return_jump_no_corp_action
2025-06-25,41.7599983215332,42.599998474121094,40.31999969482422,40.560001373291016,40.560001373291016,752558,return_jump_no_corp_action
2025-06-26,40.91999816894531,41.7599983215332,40.5,41.400001525878906,41.400001525878906,838350,return_jump_no_corp_action
2025-06-27,41.63999938964844,43.560001373291016,41.15999984741211,42.36000061035156,42.36000061035156,1706058,return_jump_no_corp_action
2025-06-30,44.52000045776367,47.15999984741211,44.172000885009766,46.31999969482422,46.31999969482422,1505975,return_jump_no_corp_action
2025-07-01,46.20000076293945,46.68000030517578,44.63999938964844,45.2400016784668,45.2400016784668,838900,return_jump_no_corp_action
2025-07-02,45.119998931884766,45.959999084472656,43.31999969482422,43.79999923706055,43.79999923706055,1066392,return_jump_no_corp_action
2025-07-03,44.279998779296875,44.880001068115234,43.31999969482422,44.279998779296875,44.279998779296875,609075,return_jump_no_corp_action
2025-07-07,43.560001373291016,44.400001525878906,42.18000030517578,43.79999923706055,43.79999923706055,1131350,return_jump_no_corp_action
2025-07-08,44.400001525878906,45.119998931884766,43.08000183105469,43.31999969482422,43.31999969482422,952008,return_jump_no_corp_action
2025-07-09,43.5,44.15999984741211,40.91999816894531,41.880001068115234,41.880001068115234,1031875,return_jump_no_corp_action
2025-07-10,41.7599983215332,42.0,40.7400016784668,41.63999938964844,41.63999938964844,861058,return_jump_no_corp_action
2025-07-11,41.279998779296875,41.70000076293945,39.720001220703125,39.720001220703125,39.720001220703125,954675,return_jump_no_corp_action
2025-07-14,39.959999084472656,41.52000045776367,39.599998474121094,40.91999816894531,40.91999816894531,601125,return_jump_no_corp_action
2025-07-15,41.52000045776367,41.63999938964844,40.21200180053711,40.79999923706055,40.79999923706055,582883,return_jump_no_corp_action
2025-07-16,40.91999816894531,42.36000061035156,40.20000076293945,42.2400016784668,42.2400016784668,831400,return_jump_no_corp_action
2025-07-17,42.36000061035156,42.84000015258789,41.7599983215332,42.0,42.0,719042,return_jump_no_corp_action
2025-07-18,42.119998931884766,42.3120002746582,39.959999084472656,40.20000076293945,40.20000076293945,843900,return_jump_no_corp_action
2025-07-21,40.79999923706055,41.7599983215332,39.720001220703125,39.84000015258789,39.84000015258789,876767,return_jump_no_corp_action
2025-07-22,39.84000015258789,41.279998779296875,39.29999923706055,40.91999816894531,40.91999816894531,731733,return_jump_no_corp_action
2025-07-23,41.279998779296875,43.91999816894531,40.31999969482422,43.560001373291016,43.560001373291016,1523600,return_jump_no_corp_action
2025-07-24,44.15999984741211,44.7599983215332,42.720001220703125,43.20000076293945,43.20000076293945,1324925,return_jump_no_corp_action
2025-07-25,43.20000076293945,44.70000076293945,42.36000061035156,44.15999984741211,44.15999984741211,1405950,return_jump_no_corp_action
2025-07-28,44.15999984741211,44.279998779296875,42.119998931884766,42.36000061035156,42.36000061035156,1059400,return_jump_no_corp_action
2025-07-29,45.720001220703125,50.400001525878906,42.0,42.47999954223633,42.47999954223633,4805225,return_jump_no_corp_action
2025-07-30,47.81999969482422,52.20000076293945,46.31999969482422,49.91999816894531,49.91999816894531,5050058,return_jump_no_corp_action
2025-07-31,52.79999923706055,52.79999923706055,47.15999984741211,47.7599983215332,47.7599983215332,2479667,return_jump_no_corp_action
2025-08-01,46.439998626708984,46.439998626708984,44.040000915527344,45.0,45.0,1773333,return_jump_no_corp_action
2025-08-04,46.31999969482422,48.84000015258789,45.84000015258789,47.52000045776367,47.52000045776367,1430017,return_jump_no_corp_action
2025-08-05,48.0,49.08000183105469,46.31999969482422,47.040000915527344,47.040000915527344,1227592,return_jump_no_corp_action
2025-08-06,46.91999816894531,47.040000915527344,44.7599983215332,44.880001068115234,44.880001068115234,1084392,return_jump_no_corp_action
2025-08-07,45.599998474121094,46.439998626708984,43.439998626708984,44.400001525878906,44.400001525878906,1634142,return_jump_no_corp_action
2025-08-08,43.97999954223633,47.7599983215332,42.119998931884766,44.15999984741211,44.15999984741211,2878950,return_jump_no_corp_action
2025-08-11,43.91999816894531,44.880001068115234,42.0,43.08000183105469,43.08000183105469,1511358,return_jump_no_corp_action
2025-08-12,43.08000183105469,44.040000915527344,42.720001220703125,43.68000030517578,43.68000030517578,934208,return_jump_no_corp_action
2025-08-13,43.91999816894531,46.439998626708984,43.439998626708984,45.119998931884766,45.119998931884766,1539483,return_jump_no_corp_action
2025-08-14,44.15999984741211,44.63999938964844,42.84000015258789,44.400001525878906,44.400001525878906,1035933,return_jump_no_corp_action
2025-08-15,43.91999816894531,44.040000915527344,42.959999084472656,43.560001373291016,43.560001373291016,960875,return_jump_no_corp_action
2025-08-18,43.68000030517578,45.36000061035156,43.08000183105469,45.2400016784668,45.2400016784668,1034808,return_jump_no_corp_action
2025-08-19,45.599998474121094,45.599998474121094,41.63999938964844,41.7599983215332,41.7599983215332,1339167,return_jump_no_corp_action
2025-08-20,41.400001525878906,41.400001525878906,39.0,40.31999969482422,40.31999969482422,1230775,return_jump_no_corp_action
2025-08-21,39.959999084472656,41.040000915527344,39.720001220703125,40.68000030517578,40.68000030517578,827092,return_jump_no_corp_action
2025-08-22,40.79999923706055,42.36000061035156,40.439998626708984,41.880001068115234,41.880001068115234,909408,return_jump_no_corp_action
2025-08-25,41.7599983215332,42.599998474121094,41.52000045776367,41.63999938964844,41.63999938964844,679308,return_jump_no_corp_action
2025-08-26,41.63999938964844,42.119998931884766,40.91999816894531,41.400001525878906,41.400001525878906,609900,return_jump_no_corp_action
2025-08-27,41.15999984741211,41.34000015258789,40.439998626708984,40.91999816894531,40.91999816894531,637125,return_jump_no_corp_action
2025-08-28,41.400001525878906,42.18000030517578,40.79999923706055,41.7599983215332,41.7599983215332,905042,return_jump_no_corp_action
2025-08-29,42.599998474121094,45.720001220703125,42.2400016784668,42.36000061035156,42.36000061035156,1560700,return_jump_no_corp_action
2025-09-02,42.0,45.599998474121094,41.279998779296875,45.36000061035156,45.36000061035156,1533225,return_jump_no_corp_action
2025-09-03,45.599998474121094,45.720001220703125,43.5,44.52000045776367,44.52000045776367,1029575,return_jump_no_corp_action
2025-09-04,44.279998779296875,45.720001220703125,43.439998626708984,45.2400016784668,45.2400016784668,987683,return_jump_no_corp_action
2025-09-05,45.36000061035156,48.599998474121094,44.7599983215332,48.119998931884766,48.119998931884766,1577192,return_jump_no_corp_action
2025-09-08,48.29999923706055,50.279998779296875,47.279998779296875,49.439998626708984,49.439998626708984,1588508,return_jump_no_corp_action
2025-09-09,49.560001373291016,49.68000030517578,46.79999923706055,49.08000183105469,49.08000183105469,1077567,return_jump_no_corp_action
2025-09-10,49.439998626708984,49.91999816894531,47.040000915527344,47.15999984741211,47.15999984741211,1130083,return_jump_no_corp_action
2025-09-11,47.400001525878906,50.040000915527344,46.79999923706055,49.91999816894531,49.91999816894531,1371575,return_jump_no_corp_action
2025-09-12,49.79999923706055,51.84000015258789,48.84000015258789,51.2400016784668,51.2400016784668,1108425,return_jump_no_corp_action
2025-09-15,52.31999969482422,53.63999938964844,50.279998779296875,52.31999969482422,52.31999969482422,1253300,return_jump_no_corp_action
2025-09-16,52.31999969482422,52.619998931884766,49.91999816894531,51.47999954223633,51.47999954223633,850333,return_jump_no_corp_action
2025-09-17,51.47999954223633,52.08000183105469,49.68000030517578,50.52000045776367,50.52000045776367,997392,return_jump_no_corp_action
2025-09-18,50.7599983215332,54.47999954223633,50.7599983215332,52.560001373291016,52.560001373291016,1328317,return_jump_no_corp_action
2025-09-19,52.31999969482422,53.7599983215332,51.900001525878906,52.20000076293945,52.20000076293945,1075375,return_jump_no_corp_action
2025-09-22,51.84000015258789,54.720001220703125,50.7599983215332,54.720001220703125,54.720001220703125,1157342,return_jump_no_corp_action
2025-09-23,54.41999816894531,56.63999938964844,52.20000076293945,53.400001525878906,53.400001525878906,1482983,return_jump_no_corp_action
2025-09-24,54.720001220703125,55.03200149536133,49.79999923706055,49.79999923706055,49.79999923706055,1088292,return_jump_no_corp_action
2025-09-25,48.599998474121094,50.400001525878906,48.18000030517578,49.08000183105469,49.08000183105469,856392,return_jump_no_corp_action
2025-09-26,49.08000183105469,51.0,48.720001220703125,50.400001525878906,50.400001525878906,662992,return_jump_no_corp_action
2025-09-29,50.400001525878906,51.36000061035156,49.79999923706055,51.2400016784668,51.2400016784668,724675,return_jump_no_corp_action
2025-09-30,51.2400016784668,51.47999954223633,48.540000915527344,49.79999923706055,49.79999923706055,925200,return_jump_no_corp_action
2025-10-01,49.439998626708984,49.439998626708984,46.31999969482422,46.79999923706055,46.79999923706055,1205500,return_jump_no_corp_action
2025-10-02,47.279998779296875,48.119998931884766,45.0,47.400001525878906,47.400001525878906,1270475,return_jump_no_corp_action
2025-10-03,47.7599983215332,48.959999084472656,46.91999816894531,47.52000045776367,47.52000045776367,1111608,return_jump_no_corp_action
2025-10-06,47.7599983215332,48.3120002746582,46.20000076293945,47.040000915527344,47.040000915527344,855683,return_jump_no_corp_action
2025-10-07,47.279998779296875,48.36000061035156,45.720001220703125,46.439998626708984,46.439998626708984,1066667,return_jump_no_corp_action
2025-10-08,46.79999923706055,47.040000915527344,45.119998931884766,46.560001373291016,46.560001373291016,1012267,return_jump_no_corp_action
2025-10-09,46.439998626708984,46.68000030517578,45.36000061035156,45.959999084472656,45.959999084472656,679992,return_jump_no_corp_action
2025-10-10,46.08000183105469,46.91999816894531,43.68000030517578,44.15999984741211,44.15999984741211,1085442,return_jump_no_corp_action
2025-10-13,44.63999938964844,45.959999084472656,43.560001373291016,45.84000015258789,45.84000015258789,1114158,return_jump_no_corp_action
2025-10-14,45.0,47.63999938964844,43.79999923706055,45.959999084472656,45.959999084472656,1129292,return_jump_no_corp_action
2025-10-15,46.91999816894531,47.52000045776367,45.720001220703125,46.439998626708984,46.439998626708984,1080242,return_jump_no_corp_action
2025-10-16,46.439998626708984,46.68000030517578,43.560001373291016,44.15999984741211,44.15999984741211,979642,return_jump_no_corp_action
2025-10-17,43.20000076293945,44.040000915527344,42.599998474121094,43.68000030517578,43.68000030517578,847875,return_jump_no_corp_action
2025-10-20,44.400001525878906,44.880001068115234,43.560001373291016,43.79999923706055,43.79999923706055,727717,return_jump_no_corp_action
2025-10-21,43.79999923706055,44.400001525878906,43.08000183105469,43.79999923706055,43.79999923706055,626433,return_jump_no_corp_action
2025-10-22,43.08000183105469,43.439998626708984,40.35599899291992,41.63999938964844,41.63999938964844,1319325,return_jump_no_corp_action
2025-10-23,42.0,43.20000076293945,41.459999084472656,43.08000183105469,43.08000183105469,860242,return_jump_no_corp_action
2025-10-24,43.68000030517578,44.52000045776367,43.20000076293945,43.439998626708984,43.439998626708984,643983,return_jump_no_corp_action
2025-10-27,44.040000915527344,44.15999984741211,42.2400016784668,42.959999084472656,42.959999084472656,855683,return_jump_no_corp_action
2025-10-28,42.959999084472656,44.63999938964844,41.880001068115234,43.68000030517578,43.68000030517578,1487392,return_jump_no_corp_action
2025-10-29,51.599998474121094,52.68000030517578,43.91999816894531,44.279998779296875,44.279998779296875,6374558,return_jump_no_corp_action
2025-10-30,43.68000030517578,45.47999954223633,42.47999954223633,43.91999816894531,43.91999816894531,1939183,return_jump_no_corp_action
2025-10-31,43.91999816894531,45.599998474121094,43.2599983215332,45.36000061035156,45.36000061035156,2270500,return_jump_no_corp_action
2025-11-03,47.15999984741211,48.599998474121094,38.70000076293945,41.52000045776367,41.52000045776367,4205208,return_jump_no_corp_action
2025-11-04,40.31999969482422,45.119998931884766,39.720001220703125,44.15999984741211,44.15999984741211,2242117,return_jump_no_corp_action
2025-11-05,44.15999984741211,50.400001525878906,43.79999923706055,48.959999084472656,48.959999084472656,3338308,return_jump_no_corp_action
2025-11-06,48.720001220703125,48.959999084472656,45.0,45.2400016784668,45.2400016784668,1446242,return_jump_no_corp_action
2025-11-07,44.279998779296875,46.560001373291016,43.79999923706055,46.560001373291016,46.560001373291016,1366750,return_jump_no_corp_action
2025-11-10,47.15999984741211,48.2400016784668,46.20000076293945,47.279998779296875,47.279998779296875,1581267,return_jump_no_corp_action
2025-11-11,47.279998779296875,47.400001525878906,45.2400016784668,46.31999969482422,46.31999969482422,809525,return_jump_no_corp_action
2025-11-12,46.68000030517578,47.400001525878906,45.599998474121094,47.15999984741211,47.15999984741211,832825,return_jump_no_corp_action
2025-11-13,46.439998626708984,46.86000061035156,44.15999984741211,44.63999938964844,44.63999938964844,973367,return_jump_no_corp_action
2025-11-14,42.959999084472656,44.7599983215332,42.599998474121094,43.31999969482422,43.31999969482422,806225,return_jump_no_corp_action
2025-11-17,43.20000076293945,43.2599983215332,39.959999084472656,40.31999969482422,40.31999969482422,1196125,return_jump_no_corp_action
2025-11-18,40.20000076293945,43.68000030517578,39.720001220703125,42.47999954223633,42.47999954223633,1448875,return_jump_no_corp_action
2025-11-19,42.47999954223633,42.88800048828125,40.560001373291016,40.91999816894531,40.91999816894531,853942,return_jump_no_corp_action
2025-11-20,42.119998931884766,42.2400016784668,38.63999938964844,38.880001068115234,38.880001068115234,1204975,return_jump_no_corp_action
2025-11-21,39.0,39.2400016784668,36.599998474121094,37.91999816894531,37.91999816894531,1452975,return_jump_no_corp_action
2025-11-24,37.439998626708984,38.040000915527344,36.84000015258789,37.20000076293945,37.20000076293945,1173375,return_jump_no_corp_action
2025-11-25,37.31999969482422,37.560001373291016,36.47999954223633,37.31999969482422,37.31999969482422,757217,return_jump_no_corp_action
2025-11-26,37.439998626708984,37.439998626708984,36.119998931884766,36.119998931884766,36.119998931884766,963067,return_jump_no_corp_action
2025-11-28,36.36000061035156,36.959999084472656,35.400001525878906,36.47999954223633,36.47999954223633,718783,return_jump_no_corp_action
2025-12-01,35.63999938964844,35.7599983215332,34.79999923706055,34.79999923706055,34.79999923706055,856517,return_jump_no_corp_action
2025-12-02,35.040000915527344,35.52000045776367,33.959999084472656,34.560001373291016,34.560001373291016,902483,return_jump_no_corp_action
2025-12-03,34.68000030517578,35.15999984741211,34.20000076293945,34.31999969482422,34.31999969482422,695425,return_jump_no_corp_action
2025-12-04,34.560001373291016,34.79999923706055,33.720001220703125,34.79999923706055,34.79999923706055,801200,return_jump_no_corp_action
2025-12-05,34.79999923706055,35.49599838256836,34.08000183105469,34.20000076293945,34.20000076293945,732250,return_jump_no_corp_action
2025-12-08,34.380001068115234,34.439998626708984,33.36000061035156,34.08000183105469,34.08000183105469,739267,return_jump_no_corp_action
2025-12-09,33.84000015258789,34.79999923706055,33.540000915527344,34.560001373291016,34.560001373291016,608883,return_jump_no_corp_action
2025-12-10,34.439998626708984,34.560001373291016,33.2400016784668,33.2400016784668,33.2400016784668,1317033,return_jump_no_corp_action
2025-12-11,33.119998931884766,33.36000061035156,32.400001525878906,32.880001068115234,32.880001068115234,846917,return_jump_no_corp_action
2025-12-12,33.119998931884766,33.599998474121094,31.920000076293945,31.920000076293945,31.920000076293945,844642,return_jump_no_corp_action
2025-12-15,31.920000076293945,32.15999984741211,30.719999313354492,30.84000015258789,30.84000015258789,840200,return_jump_no_corp_action
2025-12-16,30.719999313354492,32.279998779296875,30.600000381469727,32.15999984741211,32.15999984741211,715033,return_jump_no_corp_action
2025-12-17,32.040000915527344,33.119998931884766,31.440000534057617,31.68000030517578,31.68000030517578,674975,return_jump_no_corp_action
2025-12-18,32.040000915527344,32.81999969482422,31.440000534057617,31.440000534057617,31.440000534057617,613683,return_jump_no_corp_action
2025-12-19,31.440000534057617,32.52000045776367,31.440000534057617,32.52000045776367,32.52000045776367,1189950,return_jump_no_corp_action
2025-12-22,33.0,33.47999954223633,31.440000534057617,31.799999237060547,31.799999237060547,864542,return_jump_no_corp_action
2025-12-23,31.559999465942383,32.459999084472656,31.200000762939453,32.400001525878906,32.400001525878906,1222358,return_jump_no_corp_action
2025-12-24,32.040000915527344,32.279998779296875,31.24799919128418,32.15999984741211,32.15999984741211,333692,return_jump_no_corp_action
2025-12-26,32.040000915527344,32.15999984741211,31.079999923706055,31.799999237060547,31.799999237060547,580792,return_jump_no_corp_action
2025-12-29,31.31999969482422,31.920000076293945,30.719999313354492,30.84000015258789,30.84000015258789,777758,return_jump_no_corp_action
2025-12-30,30.719999313354492,31.440000534057617,30.1200008392334,30.1200008392334,30.1200008392334,780392,return_jump_no_corp_action
2025-12-31,30.0,30.959999084472656,29.940000534057617,30.239999771118164,30.239999771118164,1126992,return_jump_no_corp_action
2026-01-02,30.479999542236328,31.31999969482422,29.8799991607666,31.079999923706055,31.079999923706055,829167,return_jump_no_corp_action
2026-01-05,31.079999923706055,31.200000762939453,30.360000610351562,30.360000610351562,30.360000610351562,806483,return_jump_no_corp_action
2026-01-06,30.479999542236328,30.58799934387207,29.399999618530273,30.0,30.0,770275,return_jump_no_corp_action
2026-01-07,30.0,30.239999771118164,29.040000915527344,30.0,30.0,1102192,return_jump_no_corp_action
2026-01-08,30.1200008392334,31.260000228881836,29.639999389648438,29.760000228881836,29.760000228881836,1184992,return_jump_no_corp_action
2026-01-09,30.239999771118164,30.84000015258789,29.399999618530273,30.719999313354492,30.719999313354492,1037133,return_jump_no_corp_action
2026-01-12,30.600000381469727,32.400001525878906,30.1200008392334,31.559999465942383,31.559999465942383,897608,return_jump_no_corp_action
2026-01-13,31.440000534057617,31.68000030517578,30.65999984741211,30.84000015258789,30.84000015258789,783150,return_jump_no_corp_action
2026-01-14,30.959999084472656,31.559999465942383,30.479999542236328,30.959999084472656,30.959999084472656,956767,return_jump_no_corp_action
2026-01-15,31.200000762939453,33.41999816894531,31.200000762939453,31.920000076293945,31.920000076293945,1200658,return_jump_no_corp_action
2026-01-16,31.559999465942383,32.040000915527344,30.959999084472656,32.040000915527344,32.040000915527344,907700,return_jump_no_corp_action
2026-01-20,31.079999923706055,31.559999465942383,30.360000610351562,30.84000015258789,30.84000015258789,817550,return_jump_no_corp_action
2026-01-21,30.84000015258789,31.31999969482422,29.8799991607666,30.959999084472656,30.959999084472656,831025,return_jump_no_corp_action
2026-01-22,31.200000762939453,31.920000076293945,30.420000076293945,30.719999313354492,30.719999313354492,886950,return_jump_no_corp_action
2026-01-23,30.360000610351562,30.719999313354492,29.760000228881836,29.760000228881836,29.760000228881836,711525,return_jump_no_corp_action
2026-01-26,29.399999618530273,29.520000457763672,27.0,27.239999771118164,27.239999771118164,1232392,return_jump_no_corp_action
2026-01-27,27.1200008392334,28.559999465942383,26.399999618530273,28.440000534057617,28.440000534057617,1147617,return_jump_no_corp_action
2026-01-28,28.559999465942383,29.15999984741211,27.851999282836914,27.959999084472656,27.959999084472656,1468342,return_jump_no_corp_action
2026-01-29,27.84000015258789,28.260000228881836,27.0,27.719999313354492,27.719999313354492,1043975,return_jump_no_corp_action
2026-01-30,27.600000381469727,28.31999969482422,26.760000228881836,26.760000228881836,26.760000228881836,1017808,return_jump_no_corp_action
2026-02-02,26.760000228881836,27.719999313354492,26.280000686645508,27.239999771118164,27.239999771118164,1446333,return_jump_no_corp_action
