price_date,open,high,low,close,adj_close,volume
2018-06-19,49.70000076293945,50.060001373291016,49.58000183105469,49.959999084472656,46.20410919189453,16600
2018-06-20,50.45000076293945,50.888999938964844,50.45000076293945,50.58000183105469,46.777503967285156,190000
2018-06-21,50.77000045776367,50.849998474121094,50.20000076293945,50.27000045776367,46.49081039428711,428700
2018-06-22,50.59000015258789,50.61000061035156,50.189998626708984,50.4900016784668,46.694278717041016,181500
2018-06-25,50.22999954223633,50.22999954223633,49.01499938964844,49.45000076293945,45.73244094848633,2509600
2018-06-26,49.720001220703125,49.779998779296875,49.349998474121094,49.53200149536133,45.808292388916016,104000
2018-06-27,49.81999969482422,50.0,49.099998474121094,49.099998474121094,45.40876770019531,144900
2018-06-28,49.099998474121094,49.790000915527344,48.970001220703125,49.59000015258789,45.86192321777344,336500
2018-06-29,49.79999923706055,49.84000015258789,49.41999816894531,49.529998779296875,45.80644607543945,152300
2018-07-02,49.11000061035156,49.84000015258789,48.939998626708984,49.84000015258789,46.09312438964844,321300
2018-07-03,50.0,50.0,49.18899917602539,49.22999954223633,45.528987884521484,97500
2018-07-05,49.59000015258789,50.0,49.33000183105469,49.97999954223633,46.22260284423828,324900
2018-07-06,50.13999938964844,50.816001892089844,49.93000030517578,50.77000045776367,46.95320510864258,199800
2018-07-09,51.20000076293945,51.20000076293945,50.650001525878906,51.060001373291016,47.22140884399414,118100
2018-07-10,51.209999084472656,51.209999084472656,50.869998931884766,51.03900146484375,47.201995849609375,1153200
2018-07-11,50.70000076293945,51.22999954223633,50.650001525878906,50.970001220703125,47.138179779052734,227500
2018-07-12,51.29999923706055,51.77000045776367,51.13999938964844,51.77000045776367,47.87803649902344,361400
2018-07-13,51.779998779296875,51.79999923706055,51.44900131225586,51.689998626708984,47.80405044555664,80100
2018-07-16,51.779998779296875,51.779998779296875,51.45000076293945,51.540000915527344,47.665321350097656,200700
2018-07-17,50.810001373291016,51.68000030517578,50.720001220703125,51.54999923706055,47.67457580566406,172600
2018-07-18,51.59000015258789,51.599998474121094,51.22999954223633,51.400001525878906,47.53585433959961,147800
2018-07-19,51.43000030517578,51.470001220703125,51.00600051879883,51.040000915527344,47.202911376953125,258400
2018-07-20,51.04999923706055,51.18600082397461,50.84000015258789,50.869998931884766,47.04568862915039,158400
2018-07-23,50.93000030517578,51.099998474121094,50.650001525878906,51.08000183105469,47.239906311035156,94800
2018-07-24,52.11000061035156,52.11000061035156,51.15999984741211,51.439998626708984,47.572837829589844,211200
2018-07-25,51.529998779296875,51.875,51.380001068115234,51.810001373291016,47.91501998901367,604300
2018-07-26,49.75,50.02000045776367,49.56999969482422,49.85599899291992,46.1079216003418,833400
2018-07-27,49.77000045776367,49.83000183105469,48.63800048828125,48.90999984741211,45.23303985595703,1111200
2018-07-30,49.02000045776367,49.02000045776367,47.86899948120117,48.13999938964844,44.52092742919922,251300
2018-07-31,48.369998931884766,48.77000045776367,48.13999938964844,48.459999084472656,44.81686782836914,1211400
2018-08-01,48.560001373291016,48.77899932861328,48.11899948120117,48.2599983215332,44.63190460205078,1250400
2018-08-02,48.09000015258789,48.65999984741211,47.900001525878906,48.58000183105469,44.927860260009766,190700
2018-08-03,48.09000015258789,48.93000030517578,48.09000015258789,48.90999984741211,45.23303985595703,117200
2018-08-06,48.90999984741211,49.40999984741211,48.81999969482422,49.400001525878906,45.68621826171875,110200
2018-08-07,49.68000030517578,49.79899978637695,49.41999816894531,49.459999084472656,45.74169921875,128800
2018-08-08,49.54999923706055,49.599998474121094,49.358001708984375,49.41999816894531,45.70470428466797,114200
2018-08-09,49.459999084472656,49.8849983215332,49.459999084472656,49.689998626708984,45.95441436767578,306400
2018-08-10,49.529998779296875,49.529998779296875,49.150001525878906,49.27000045776367,45.56597900390625,177600
2018-08-13,49.33000183105469,49.61000061035156,49.16999816894531,49.20000076293945,45.50123596191406,261000
2018-08-14,49.439998626708984,49.630001068115234,49.11000061035156,49.54999923706055,45.82493591308594,189800
2018-08-15,49.2400016784668,49.29999923706055,48.4900016784668,48.86000061035156,45.18680191040039,555100
2018-08-16,49.189998626708984,49.23500061035156,48.7599983215332,48.84000015258789,45.16830825805664,177600
2018-08-17,48.65999984741211,48.810001373291016,48.400001525878906,48.61000061035156,44.955596923828125,226900
2018-08-20,48.849998474121094,48.849998474121094,48.37099838256836,48.689998626708984,45.029579162597656,145800
2018-08-21,48.95000076293945,49.22999954223633,48.810001373291016,48.9900016784668,45.307029724121094,384900
2018-08-22,48.849998474121094,49.029998779296875,48.75,48.93000030517578,45.25154495239258,501900
2018-08-23,48.880001068115234,49.16999816894531,48.720001220703125,48.72999954223633,45.06658172607422,283700
2018-08-24,48.959999084472656,49.439998626708984,48.880001068115234,49.439998626708984,45.72320556640625,330900
2018-08-27,49.75,50.01900100708008,49.6609992980957,49.91999816894531,46.1671142578125,299200
2018-08-28,50.060001373291016,50.060001373291016,49.63100051879883,49.70000076293945,45.963661193847656,150200
2018-08-29,49.83000183105469,50.02000045776367,49.66999816894531,49.97999954223633,46.22260284423828,270900
2018-08-30,49.810001373291016,50.03499984741211,49.47999954223633,49.66999816894531,45.935909271240234,344400
2018-08-31,49.619998931884766,49.619998931884766,49.04199981689453,49.18000030517578,45.482749938964844,235000
2018-09-04,49.04999923706055,49.04999923706055,48.400001525878906,48.56999969482422,44.918609619140625,343700
2018-09-05,48.52000045776367,48.52000045776367,47.7599983215332,47.939998626708984,44.33597183227539,773600
2018-09-06,47.90999984741211,47.97999954223633,47.16999816894531,47.58000183105469,44.00303649902344,599600
2018-09-07,47.279998779296875,47.95000076293945,47.22999954223633,47.68000030517578,44.09552764892578,755700
2018-09-10,47.97999954223633,47.97999954223633,47.558998107910156,47.779998779296875,44.187992095947266,310900
2018-09-11,47.720001220703125,48.36000061035156,47.65999984741211,48.2599983215332,44.63190460205078,615700
2018-09-12,48.130001068115234,48.25,47.849998474121094,48.119998931884766,44.502437591552734,713300
2018-09-13,48.310001373291016,48.52000045776367,48.209999084472656,48.459999084472656,44.81686782836914,754500
2018-09-14,48.63999938964844,48.63999938964844,48.25,48.369998931884766,44.733642578125,1190800
2018-09-17,48.41999816894531,48.41999816894531,47.86000061035156,47.900001525878906,44.298973083496094,810800
2018-09-18,47.95000076293945,48.40999984741211,47.900001525878906,48.2400016784668,44.613407135009766,430100
2018-09-19,48.290000915527344,48.41999816894531,47.9900016784668,48.369998931884766,44.733642578125,2385200
2018-09-20,48.77000045776367,48.95000076293945,48.52000045776367,48.900001525878906,45.22380828857422,4554200
2018-09-21,49.02000045776367,49.040000915527344,48.41999816894531,48.54999923706055,45.02162551879883,7974600
2018-09-24,48.209999084472656,48.619998931884766,48.0099983215332,48.54999923706055,45.02162551879883,6769400
2018-09-25,48.540000915527344,48.650001525878906,48.25,48.56999969482422,45.04018783569336,3994500
2018-09-26,48.650001525878906,49.25,48.599998474121094,48.7599983215332,45.21637725830078,5688600
2018-09-27,49.060001373291016,49.529998779296875,48.88999938964844,49.18000030517578,45.605857849121094,3649400
2018-09-28,49.06999969482422,49.119998931884766,48.79800033569336,49.0,45.438941955566406,2306600
2018-10-01,49.16999816894531,49.220001220703125,48.56999969482422,48.79999923706055,45.253456115722656,7636900
2018-10-02,48.77000045776367,48.9630012512207,48.58000183105469,48.7599983215332,45.21637725830078,5823500
2018-10-03,49.029998779296875,49.189998626708984,48.849998474121094,48.97999954223633,45.42040252685547,5146200
2018-10-04,48.93000030517578,48.93000030517578,47.869998931884766,48.279998779296875,44.77126693725586,5292200
2018-10-05,48.349998474121094,48.529998779296875,47.47999954223633,47.81999969482422,44.344696044921875,2648400
2018-10-08,47.599998474121094,47.83000183105469,47.0099983215332,47.65999984741211,44.196311950683594,2170000
2018-10-09,47.65999984741211,48.119998931884766,47.56999969482422,47.630001068115234,44.168495178222656,1991400
2018-10-10,47.529998779296875,47.540000915527344,45.709999084472656,45.75,42.42511749267578,4050700
2018-10-11,45.65999984741211,46.27000045776367,44.93000030517578,45.36000061035156,42.063472747802734,8840700
2018-10-12,46.439998626708984,46.5,45.59000015258789,46.369998931884766,43.000083923339844,5877600
2018-10-15,46.209999084472656,46.68000030517578,46.0,46.189998626708984,42.83315658569336,1576900
2018-10-16,46.689998626708984,47.505001068115234,46.61000061035156,47.40999984741211,43.96448516845703,3707300
2018-10-17,47.7400016784668,47.7400016784668,47.11000061035156,47.599998474121094,44.14067840576172,4571000
2018-10-18,47.4900016784668,47.4900016784668,46.37699890136719,46.72999954223633,43.33390808105469,21297200
2018-10-19,47.0,47.40999984741211,46.540000915527344,46.720001220703125,43.324642181396484,3544400
2018-10-22,46.9900016784668,47.119998931884766,46.5099983215332,46.689998626708984,43.296817779541016,2711700
2018-10-23,46.029998779296875,46.790000915527344,45.63800048828125,46.59000015258789,43.20408630371094,2779600
2018-10-24,46.58000183105469,46.58000183105469,44.31999969482422,44.369998931884766,41.145416259765625,3552300
2018-10-25,45.16999816894531,46.150001525878906,45.16999816894531,45.84000015258789,42.50858688354492,3391700
2018-10-26,44.43000030517578,45.599998474121094,44.040000915527344,44.599998474121094,41.35871124267578,5229100
2018-10-29,45.29999923706055,45.599998474121094,43.06999969482422,43.90999984741211,40.71885299682617,3491000
2018-10-30,43.84000015258789,45.16999816894531,43.665000915527344,45.11000061035156,41.831642150878906,6283600
2018-10-31,45.9900016784668,46.54999923706055,45.790000915527344,46.040000915527344,42.69405746459961,3577200
2018-11-01,46.189998626708984,46.40999984741211,45.7400016784668,46.310001373291016,42.944435119628906,2550000
2018-11-02,46.45000076293945,46.74800109863281,45.540000915527344,45.84000015258789,42.50858688354492,2628600
2018-11-05,45.93000030517578,45.93000030517578,45.31999969482422,45.650001525878906,42.33240509033203,2439500
2018-11-06,45.70000076293945,46.18000030517578,45.56999969482422,45.91999816894531,42.582767486572266,2040300
2018-11-07,46.38999938964844,46.790000915527344,46.16999816894531,46.7599983215332,43.361724853515625,2705800
2018-11-08,46.790000915527344,46.790000915527344,46.04999923706055,46.31999969482422,42.95370864868164,1295700
2018-11-09,45.7400016784668,45.90999984741211,45.0099983215332,45.369998931884766,42.072750091552734,2234500
2018-11-12,45.31999969482422,45.369998931884766,44.5,44.689998626708984,41.442169189453125,1203700
2018-11-13,44.88999938964844,45.290000915527344,44.459999084472656,44.54999923706055,41.31233215332031,2186100
2018-11-14,45.029998779296875,45.150001525878906,44.40999984741211,44.77000045776367,41.516357421875,2137500
2018-11-15,44.560001373291016,45.18000030517578,44.13600158691406,45.099998474121094,41.822364807128906,3864100
2018-11-16,44.84000015258789,45.04999923706055,44.45000076293945,44.880001068115234,41.61835479736328,2092100
2018-11-19,44.72999954223633,44.7599983215332,43.38999938964844,43.52000045776367,40.35719299316406,2358000
2018-11-20,42.7400016784668,43.41999816894531,42.380001068115234,42.95000076293945,39.828617095947266,5028200
2018-11-21,43.38999938964844,43.86000061035156,43.31999969482422,43.459999084472656,40.30155563354492,3187400
2018-11-23,43.189998626708984,43.33000183105469,42.88999938964844,42.88999938964844,39.77296829223633,667100
2018-11-26,43.38999938964844,43.880001068115234,43.279998779296875,43.869998931884766,40.6817626953125,2563700
2018-11-27,43.720001220703125,44.150001525878906,43.529998779296875,44.0099983215332,40.811588287353516,2114400
2018-11-28,44.2400016784668,44.93000030517578,43.72999954223633,44.93000030517578,41.66472244262695,2707400
2018-11-29,44.689998626708984,45.30500030517578,44.53499984741211,45.08000183105469,41.80382537841797,2247700
2018-11-30,45.15999984741211,45.15999984741211,44.63999938964844,45.0099983215332,41.73891067504883,5563500
2018-12-03,45.97999954223633,45.97999954223633,44.900001525878906,45.08000183105469,41.80382537841797,5790400
2018-12-04,45.0,45.2599983215332,43.650001525878906,43.75,40.57048797607422,3268000
2018-12-06,43.099998474121094,44.2400016784668,42.970001220703125,44.2400016784668,41.024871826171875,3560400
2018-12-07,44.09000015258789,44.45000076293945,43.209999084472656,43.400001525878906,40.245914459228516,2625800
2018-12-10,43.52000045776367,43.939998626708984,42.90700149536133,43.72999954223633,40.55192184448242,3379500
2018-12-11,44.2599983215332,44.36000061035156,43.529998779296875,43.77000045776367,40.58901596069336,4425900
2018-12-12,44.18000030517578,44.83000183105469,44.18000030517578,44.2400016784668,41.024871826171875,3352600
2018-12-13,44.380001068115234,44.540000915527344,43.7599983215332,44.040000915527344,40.83939743041992,1984100
2018-12-14,43.59000015258789,44.13999938964844,43.52000045776367,43.61000061035156,40.44065856933594,1910800
2018-12-17,43.45000076293945,43.84000015258789,42.439998626708984,42.7599983215332,39.65242004394531,3275000
2018-12-18,42.9900016784668,43.41999816894531,42.70000076293945,42.95000076293945,39.828617095947266,3597400
2018-12-19,42.88999938964844,43.56999969482422,41.790000915527344,42.029998779296875,38.97548294067383,5714100
2018-12-20,41.779998779296875,42.209999084472656,40.766998291015625,41.290000915527344,38.28926467895508,9067000
2018-12-21,41.2599983215332,41.61000061035156,39.5,39.810001373291016,37.037017822265625,7987400
2018-12-24,39.529998779296875,40.15999984741211,38.970001220703125,38.970001220703125,36.25551223754883,3888500
2018-12-26,39.27000045776367,41.18000030517578,39.04100036621094,41.15999984741211,38.29297637939453,4104000
2018-12-27,40.59000015258789,41.349998474121094,39.75,41.349998474121094,38.46974563598633,3768600
2018-12-28,41.5099983215332,41.84000015258789,40.959999084472656,41.220001220703125,38.34880828857422,2631900
2018-12-31,41.540000915527344,41.68000030517578,40.7599983215332,41.279998779296875,38.40460968017578,5303600
2019-01-02,40.599998474121094,42.03499984741211,40.52000045776367,41.83000183105469,38.91632080078125,4625800
2019-01-03,41.560001373291016,41.880001068115234,41.060001373291016,41.130001068115234,38.265079498291016,3433700
2019-01-04,41.810001373291016,43.0099983215332,41.66999816894531,42.900001525878906,39.91178894042969,2647900
2019-01-07,42.95000076293945,43.56999969482422,42.810001373291016,43.38999938964844,40.36764907836914,4048400
2019-01-08,43.810001373291016,44.18000030517578,43.4900016784668,44.119998931884766,41.04680252075195,2144800
2019-01-09,44.2599983215332,44.290000915527344,43.790000915527344,44.18000030517578,41.10261917114258,1840800
2019-01-10,43.9900016784668,44.33000183105469,43.65999984741211,44.27000045776367,41.18634796142578,1340500
2019-01-11,43.9900016784668,44.119998931884766,43.65999984741211,44.04999923706055,40.98167419433594,1227900
2019-01-14,43.7599983215332,44.0620002746582,43.54999923706055,43.88999938964844,40.832820892333984,2344900
2019-01-15,44.11000061035156,44.720001220703125,44.029998779296875,44.619998931884766,41.5119743347168,2459700
2019-01-16,44.66999816894531,44.779998779296875,44.369998931884766,44.43000030517578,41.335201263427734,20343800
2019-01-17,44.33000183105469,44.72999954223633,44.189998626708984,44.61000061035156,41.5026741027832,3311000
2019-01-18,44.939998626708984,45.275001525878906,44.7599983215332,44.970001220703125,41.83759307861328,3375800
2019-01-22,44.65999984741211,44.720001220703125,43.7599983215332,44.040000915527344,40.97237014770508,4343200
2019-01-23,44.290000915527344,44.369998931884766,43.439998626708984,43.84000015258789,40.78630447387695,2540500
2019-01-24,43.81999969482422,44.09000015258789,43.59000015258789,44.040000915527344,40.97237014770508,2878700
2019-01-25,44.43000030517578,44.7400016784668,44.349998474121094,44.599998474121094,41.49337387084961,3341100
2019-01-28,44.18000030517578,44.27000045776367,43.82099914550781,44.209999084472656,41.130523681640625,4328200
2019-01-29,44.18000030517578,44.189998626708984,43.54999923706055,43.689998626708984,40.646751403808594,1138100
2019-01-30,43.95000076293945,44.40399932861328,43.5099983215332,44.31999969482422,41.232872009277344,2578000
2019-01-31,45.5,46.31999969482422,45.40999984741211,46.130001068115234,42.91679382324219,4798700
2019-02-01,46.029998779296875,46.36000061035156,45.90999984741211,45.970001220703125,42.7679443359375,4395100
2019-02-04,46.0099983215332,46.400001525878906,45.86000061035156,46.400001525878906,43.1679801940918,3703100
2019-02-05,46.36000061035156,46.95000076293945,46.33000183105469,46.90999984741211,43.6424560546875,2388600
2019-02-06,46.529998779296875,46.529998779296875,45.7599983215332,45.86000061035156,42.66559982299805,3748900
2019-02-07,45.45000076293945,45.5890007019043,44.93000030517578,45.41999816894531,42.256256103515625,2341500
2019-02-08,45.099998474121094,45.72999954223633,45.060001373291016,45.72999954223633,42.54466247558594,2600400
2019-02-11,45.91999816894531,46.02000045776367,45.22999954223633,45.2599983215332,42.107398986816406,2061100
2019-02-12,45.689998626708984,45.939998626708984,45.66999816894531,45.779998779296875,42.591163635253906,2442900
2019-02-13,45.970001220703125,46.16999816894531,45.77000045776367,45.810001373291016,42.619083404541016,3620700
2019-02-14,45.56999969482422,46.1879997253418,45.380001068115234,45.97999954223633,42.77723693847656,2103300
2019-02-15,46.29999923706055,46.29999923706055,45.939998626708984,46.18000030517578,42.96330261230469,2283500
2019-02-19,46.04999923706055,46.400001525878906,45.97999954223633,46.22999954223633,43.009822845458984,4218800
2019-02-20,46.279998779296875,46.380001068115234,45.81999969482422,46.06999969482422,42.86097717285156,3566300
2019-02-21,45.959999084472656,45.987998962402344,45.470001220703125,45.63999938964844,42.460914611816406,2631200
2019-02-22,45.83000183105469,46.09000015258789,45.720001220703125,46.06999969482422,42.86097717285156,4005400
2019-02-25,46.34000015258789,46.404998779296875,46.08000183105469,46.119998931884766,42.9074821472168,2410800
2019-02-26,45.97999954223633,46.33399963378906,45.849998474121094,46.119998931884766,42.9074821472168,4704600
2019-02-27,45.90999984741211,46.08000183105469,45.560001373291016,45.88999938964844,42.693504333496094,4009800
2019-02-28,45.849998474121094,46.06999969482422,45.810001373291016,45.91999816894531,42.721412658691406,2374200
2019-03-01,46.220001220703125,46.29999923706055,46.0099983215332,46.279998779296875,43.056339263916016,7114200
2019-03-04,46.5099983215332,46.630001068115234,45.744998931884766,46.34000015258789,43.112178802490234,2906600
2019-03-05,46.349998474121094,46.7599983215332,46.119998931884766,46.630001068115234,43.3819694519043,2805900
2019-03-06,46.709999084472656,46.80799865722656,46.470001220703125,46.61000061035156,43.36336135864258,6131600
2019-03-07,46.54999923706055,46.54999923706055,45.970001220703125,46.20000076293945,42.981903076171875,3377700
2019-03-08,45.70000076293945,46.20000076293945,45.560001373291016,46.16999816894531,42.95399475097656,2566500
2019-03-11,46.290000915527344,47.0099983215332,46.290000915527344,47.0,43.72618103027344,3594000
2019-03-12,47.09000015258789,47.349998474121094,47.06999969482422,47.209999084472656,43.92156982421875,8112500
2019-03-13,47.380001068115234,47.529998779296875,47.20000076293945,47.349998474121094,44.05180740356445,3486900
2019-03-14,47.20000076293945,47.29999923706055,47.0,47.13999938964844,43.856441497802734,3539800
2019-03-15,47.119998931884766,47.15999984741211,46.75699996948242,47.02000045776367,43.821956634521484,6868900
2019-03-18,46.81999969482422,46.869998931884766,46.51499938964844,46.619998931884766,43.44916534423828,2807200
2019-03-19,46.79999923706055,47.06999969482422,46.51499938964844,46.70000076293945,43.52372360229492,3570800
2019-03-20,46.70000076293945,47.2599983215332,46.529998779296875,47.119998931884766,43.9151496887207,7390700
2019-03-21,46.970001220703125,47.777000427246094,46.93000030517578,47.7400016784668,44.49298858642578,3183200
2019-03-22,47.52000045776367,47.71699905395508,46.83000183105469,46.970001220703125,43.77535629272461,5174600
2019-03-25,46.84000015258789,47.119998931884766,46.59000015258789,46.88999938964844,43.7008056640625,2408500
2019-03-26,47.130001068115234,47.540000915527344,46.90999984741211,47.119998931884766,43.9151496887207,2488600
2019-03-27,47.18000030517578,47.279998779296875,46.529998779296875,46.779998779296875,43.5982780456543,2465700
2019-03-28,46.7400016784668,46.79999923706055,46.439998626708984,46.66999816894531,43.49576950073242,1891100
2019-03-29,46.91999816894531,46.959999084472656,46.400001525878906,46.77000045776367,43.588966369628906,2542900
2019-04-01,47.130001068115234,47.52000045776367,47.130001068115234,47.47999954223633,44.25067138671875,4249700
2019-04-02,47.619998931884766,47.79999923706055,47.457000732421875,47.72999954223633,44.483665466308594,3323300
2019-04-03,47.95000076293945,48.33000183105469,47.810001373291016,47.90999984741211,44.65143585205078,2303600
2019-04-04,48.11000061035156,48.3489990234375,47.939998626708984,48.18000030517578,44.90304946899414,2788100
2019-04-05,48.349998474121094,48.36000061035156,48.16999816894531,48.31999969482422,45.03353500366211,2379700
2019-04-08,48.2599983215332,48.279998779296875,47.9900016784668,48.22999954223633,44.94966125488281,2340500
2019-04-09,48.119998931884766,48.439998626708984,48.11000061035156,48.36000061035156,45.070823669433594,4872800
2019-04-10,48.470001220703125,48.599998474121094,48.29999923706055,48.56999969482422,45.266536712646484,2265200
2019-04-11,48.65999984741211,48.720001220703125,48.51499938964844,48.599998474121094,45.29449462890625,2115300
2019-04-12,48.970001220703125,49.060001373291016,48.79499816894531,49.02000045776367,45.68593978881836,4894100
2019-04-15,49.029998779296875,49.064998626708984,48.689998626708984,48.97999954223633,45.64866256713867,2345700
2019-04-16,49.119998931884766,49.16999816894531,48.84000015258789,49.029998779296875,45.69524383544922,2157000
2019-04-17,49.220001220703125,49.244998931884766,49.0099983215332,49.119998931884766,45.77913284301758,2826000
2019-04-18,49.25,49.25,49.0099983215332,49.150001525878906,45.80708694458008,1755100
2019-04-22,49.04999923706055,49.369998931884766,49.00199890136719,49.369998931884766,46.01211929321289,2126800
2019-04-23,49.630001068115234,50.150001525878906,49.5099983215332,50.029998779296875,46.62722396850586,3929800
2019-04-24,50.040000915527344,50.04999923706055,49.720001220703125,49.79999923706055,46.412872314453125,3311500
2019-04-25,50.65999984741211,50.66999816894531,50.20000076293945,50.36000061035156,46.93479537963867,3064600
2019-04-26,50.4900016784668,50.779998779296875,50.22999954223633,50.7599983215332,47.30759048461914,2076600
2019-04-29,50.869998931884766,51.34000015258789,50.869998931884766,51.220001220703125,47.736297607421875,1340700
2019-04-30,50.279998779296875,50.41999816894531,49.8849983215332,50.06999969482422,46.66450881958008,3197100
2019-05-01,50.279998779296875,50.375,49.80500030517578,49.810001373291016,46.42219543457031,4262700
2019-05-02,49.849998474121094,49.970001220703125,49.189998626708984,49.61000061035156,46.23579788208008,4680800
2019-05-03,49.869998931884766,50.119998931884766,49.685001373291016,50.09000015258789,46.68315887451172,2050400
2019-05-06,49.27000045776367,50.09000015258789,49.2599983215332,50.0099983215332,46.60859680175781,3159800
2019-05-07,49.720001220703125,49.83000183105469,48.810001373291016,49.20000076293945,45.85368347167969,4342100
2019-05-08,49.220001220703125,49.40999984741211,49.06999969482422,49.119998931884766,45.77913284301758,3453500
2019-05-09,48.72999954223633,49.150001525878906,48.459999084472656,48.970001220703125,45.63932418823242,4241500
2019-05-10,48.869998931884766,49.28799819946289,48.16999816894531,49.11000061035156,45.76981735229492,2900500
2019-05-13,48.119998931884766,48.41999816894531,47.45000076293945,47.59000015258789,44.35319137573242,8211000
2019-05-14,47.869998931884766,48.279998779296875,47.540000915527344,47.86000061035156,44.60482406616211,5332000
2019-05-15,47.61000061035156,49.08000183105469,47.61000061035156,48.93000030517578,45.60205078125,7292700
2019-05-16,48.959999084472656,49.61000061035156,48.88199996948242,49.36000061035156,46.0028076171875,4627100
2019-05-17,48.939998626708984,49.5099983215332,48.880001068115234,49.0,45.667293548583984,3662800
2019-05-20,48.5,48.58000183105469,48.060001373291016,48.189998626708984,44.91238021850586,3854100
2019-05-21,48.58000183105469,48.810001373291016,48.380001068115234,48.720001220703125,45.406341552734375,3023900
2019-05-22,48.56999969482422,48.9900016784668,48.56999969482422,48.66999816894531,45.3597297668457,2793700
2019-05-23,48.18000030517578,48.31999969482422,47.709999084472656,47.9900016784668,44.725990295410156,2570200
2019-05-24,48.27000045776367,48.41999816894531,47.95000076293945,47.97999954223633,44.71665954589844,3442300
2019-05-28,48.18000030517578,48.61000061035156,48.13999938964844,48.189998626708984,44.91238021850586,2793400
2019-05-29,47.9900016784668,48.04999923706055,47.505001068115234,47.720001220703125,44.47433853149414,2512500
2019-05-30,47.81999969482422,47.96699905395508,47.58000183105469,47.83000183105469,44.576866149902344,2520600
2019-05-31,47.27000045776367,47.38600158691406,47.02000045776367,47.09000015258789,43.88719940185547,2484800
2019-06-03,46.630001068115234,46.630001068115234,45.310001373291016,45.61000061035156,42.50786209106445,7155200
2019-06-04,45.9900016784668,46.59000015258789,45.66999816894531,46.59000015258789,43.42120361328125,7110700
2019-06-05,46.720001220703125,46.720001220703125,46.16999816894531,46.61000061035156,43.43984603881836,5526400
2019-06-06,46.70000076293945,46.88999938964844,46.44900131225586,46.810001373291016,43.62623596191406,3175900
2019-06-07,47.0099983215332,47.72999954223633,46.970001220703125,47.56999969482422,44.33455276489258,3345600
2019-06-10,47.869998931884766,48.040000915527344,47.459999084472656,47.529998779296875,44.297271728515625,5163000
2019-06-11,48.04999923706055,48.16999816894531,47.672000885009766,47.72999954223633,44.483665466308594,2869800
2019-06-12,47.709999084472656,47.900001525878906,47.32500076293945,47.5,44.26930236816406,2459400
2019-06-13,47.650001525878906,48.04999923706055,47.540000915527344,48.029998779296875,44.763267517089844,6500400
2019-06-14,48.11000061035156,48.2599983215332,47.939998626708984,48.119998931884766,44.847137451171875,2734900
2019-06-17,48.29999923706055,48.790000915527344,48.2599983215332,48.66999816894531,45.3597297668457,4248700
2019-06-18,49.33000183105469,49.56999969482422,48.869998931884766,48.939998626708984,45.611366271972656,3843500
2019-06-19,48.939998626708984,49.06999969482422,48.599998474121094,49.0,45.667293548583984,3319400
2019-06-20,49.61000061035156,49.63399887084961,48.959999084472656,49.310001373291016,45.95620346069336,3340000
2019-06-21,49.11000061035156,49.47999954223633,49.060001373291016,49.400001525878906,46.15052795410156,10006600
2019-06-24,49.4900016784668,49.619998931884766,49.31999969482422,49.52000045776367,46.262630462646484,5236900
2019-06-25,49.5,49.5,48.505001068115234,48.599998474121094,45.40314483642578,2431900
2019-06-26,48.75,48.959999084472656,48.31999969482422,48.40999984741211,45.225643157958984,2380900
2019-06-27,48.7400016784668,48.84000015258789,48.52000045776367,48.75,45.54328536987305,1984700
2019-06-28,48.880001068115234,49.2599983215332,48.720001220703125,49.220001220703125,45.98236846923828,6084800
2019-07-01,49.77000045776367,49.88999938964844,49.43000030517578,49.619998931884766,46.356048583984375,2851800
2019-07-02,49.63999938964844,50.11000061035156,49.63999938964844,50.08000183105469,46.78579330444336,2336600
2019-07-03,50.209999084472656,50.459999084472656,50.11000061035156,50.34000015258789,47.02869415283203,1260700
2019-07-05,50.189998626708984,50.47999954223633,49.86000061035156,50.40999984741211,47.094078063964844,3006100
2019-07-08,50.209999084472656,50.21500015258789,49.84000015258789,49.959999084472656,46.673683166503906,1152800
2019-07-09,49.779998779296875,50.349998474121094,49.709999084472656,50.27000045776367,46.96330261230469,1714900
2019-07-10,50.599998474121094,50.89500045776367,50.400001525878906,50.84000015258789,47.49580001831055,2294400
2019-07-11,50.95000076293945,51.06999969482422,50.65999984741211,50.869998931884766,47.523826599121094,5463100
2019-07-12,50.86000061035156,51.25,50.779998779296875,51.2400016784668,47.86949157714844,2621800
2019-07-15,51.27000045776367,51.310001373291016,50.970001220703125,51.25,47.87882995605469,4075900
2019-07-16,51.279998779296875,51.349998474121094,51.040000915527344,51.130001068115234,47.7667236328125,2540800
2019-07-17,51.150001525878906,51.220001220703125,50.650001525878906,50.650001525878906,47.31830596923828,4760700
2019-07-18,50.18000030517578,50.31999969482422,49.845001220703125,50.2400016784668,46.93526840209961,1813800
2019-07-19,50.45000076293945,50.45000076293945,49.54999923706055,49.59000015258789,46.32801818847656,1979600
2019-07-22,49.7400016784668,49.79999923706055,49.45500183105469,49.779998779296875,46.50552749633789,2391500
2019-07-23,49.939998626708984,49.97999954223633,49.5,49.970001220703125,46.683021545410156,2624700
2019-07-24,49.599998474121094,50.459999084472656,49.560001373291016,50.40999984741211,47.094078063964844,1840700
2019-07-25,50.4900016784668,50.63999938964844,49.97999954223633,50.279998779296875,46.972633361816406,2192600
2019-07-26,51.16999816894531,51.869998931884766,51.13999938964844,51.720001220703125,48.31791305541992,5049700
2019-07-29,51.63999938964844,51.63999938964844,51.16999816894531,51.43000030517578,48.04698181152344,2582300
2019-07-30,51.11000061035156,51.39799880981445,51.040000915527344,51.189998626708984,47.82277297973633,2095800
2019-07-31,51.220001220703125,51.5099983215332,50.34000015258789,50.779998779296875,47.43974685668945,2090800
2019-08-01,50.91999816894531,51.599998474121094,50.33100128173828,50.540000915527344,47.215538024902344,4095700
2019-08-02,50.290000915527344,50.43000030517578,49.75,50.04999923706055,46.757755279541016,4656200
2019-08-05,49.09000015258789,49.2599983215332,47.970001220703125,48.43000030517578,45.244327545166016,6247900
2019-08-06,48.959999084472656,49.380001068115234,48.68000030517578,49.130001068115234,45.898292541503906,6548200
2019-08-07,48.54999923706055,49.30500030517578,48.16400146484375,49.189998626708984,45.95433044433594,3323300
2019-08-08,49.59000015258789,50.189998626708984,49.31999969482422,50.18000030517578,46.87921905517578,2456700
2019-08-09,49.880001068115234,50.08000183105469,49.310001373291016,49.619998931884766,46.356048583984375,1837100
2019-08-12,49.380001068115234,49.43000030517578,48.880001068115234,49.09000015258789,45.860904693603516,2329400
2019-08-13,49.040000915527344,50.290000915527344,48.97999954223633,49.810001373291016,46.53355026245117,4091700
2019-08-14,49.11000061035156,49.150001525878906,47.970001220703125,48.040000915527344,44.87998580932617,4532700
2019-08-15,48.20000076293945,48.369998931884766,47.779998779296875,48.119998931884766,44.9547119140625,3998600
2019-08-16,48.52000045776367,48.81999969482422,48.380001068115234,48.7400016784668,45.53394317626953,2499600
2019-08-19,49.310001373291016,49.709999084472656,49.27000045776367,49.5,46.24394607543945,2163500
2019-08-20,49.33000183105469,49.5099983215332,49.060001373291016,49.16999816894531,45.935638427734375,2156600
2019-08-21,49.5,49.59000015258789,49.29999923706055,49.36000061035156,46.1131591796875,2792300
2019-08-22,49.47999954223633,49.57500076293945,48.79999923706055,49.25,46.01039505004883,1649100
2019-08-23,49.0,49.380001068115234,47.73500061035156,47.900001525878906,44.74918746948242,4020300
2019-08-26,48.349998474121094,48.630001068115234,48.099998474121094,48.619998931884766,45.421844482421875,3155300
2019-08-27,49.099998474121094,49.16999816894531,48.560001373291016,48.709999084472656,45.50590515136719,3139100
2019-08-28,48.5099983215332,48.900001525878906,48.310001373291016,48.83000183105469,45.618011474609375,2088900
2019-08-29,49.34000015258789,49.7400016784668,49.220001220703125,49.59000015258789,46.32801818847656,2169000
2019-08-30,49.810001373291016,49.86000061035156,49.290000915527344,49.529998779296875,46.271976470947266,3045500
2019-09-03,49.189998626708984,49.51499938964844,48.90999984741211,49.040000915527344,45.814205169677734,3122100
2019-09-04,49.52000045776367,50.08000183105469,49.45500183105469,49.9900016784668,46.70170593261719,1865900
2019-09-05,50.47999954223633,50.89500045776367,50.38999938964844,50.84000015258789,47.49580001831055,3624600
2019-09-06,50.849998474121094,50.93000030517578,50.63999938964844,50.72999954223633,47.39303207397461,3445400
2019-09-09,51.0,51.20000076293945,50.61000061035156,50.88999938964844,47.542518615722656,6421800
2019-09-10,50.70000076293945,51.09000015258789,50.6349983215332,50.959999084472656,47.607906341552734,3638500
2019-09-11,51.0,51.310001373291016,50.95000076293945,51.22999954223633,47.860145568847656,6274100
2019-09-12,51.540000915527344,51.650001525878906,51.31100082397461,51.380001068115234,48.00028610229492,4014500
2019-09-13,51.380001068115234,51.5,51.18000030517578,51.290000915527344,47.916202545166016,3569400
2019-09-16,50.9900016784668,51.22999954223633,50.900001525878906,51.099998474121094,47.73869323730469,2527600
2019-09-17,51.09000015258789,51.15999984741211,50.810001373291016,51.150001525878906,47.785423278808594,4556200
2019-09-18,51.06999969482422,51.150001525878906,50.540000915527344,51.09000015258789,47.729347229003906,1741500
2019-09-19,51.189998626708984,51.439998626708984,50.9900016784668,51.13999938964844,47.77607727050781,2357900
2019-09-20,51.119998931884766,51.119998931884766,50.40999984741211,50.689998626708984,47.46611785888672,6357900
2019-09-23,50.52000045776367,50.650001525878906,50.2599983215332,50.5099983215332,47.29755783081055,2177300
2019-09-24,50.689998626708984,50.70000076293945,49.47999954223633,49.75,46.585906982421875,5371100
2019-09-25,49.720001220703125,50.40999984741211,49.380001068115234,50.31999969482422,47.11964797973633,2181200
2019-09-26,50.209999084472656,50.209999084472656,49.474998474121094,49.83000183105469,46.66080856323242,1793800
2019-09-27,49.91999816894531,49.93000030517578,48.88999938964844,49.27000045776367,46.13643264770508,1852900
2019-09-30,49.369998931884766,49.60499954223633,49.2760009765625,49.52000045776367,46.37053298950195,2466600
2019-10-01,49.650001525878906,49.790000915527344,48.939998626708984,49.02000045776367,45.9023323059082,2758700
2019-10-02,48.63999938964844,48.689998626708984,48.06999969482422,48.279998779296875,45.209388732910156,4405500
2019-10-03,48.31999969482422,48.790000915527344,47.720001220703125,48.75,45.64950180053711,6945800
2019-10-04,48.93000030517578,49.47999954223633,48.84000015258789,49.40999984741211,46.267520904541016,1920200
2019-10-07,49.279998779296875,49.72999954223633,49.13999938964844,49.40999984741211,46.267520904541016,1365500
2019-10-08,49.08000183105469,49.209999084472656,48.61000061035156,48.61000061035156,45.518409729003906,2431400
2019-10-09,48.90999984741211,49.08000183105469,48.744998931884766,48.900001525878906,45.78996658325195,4070600
2019-10-10,48.84000015258789,49.369998931884766,48.779998779296875,49.18000030517578,46.052162170410156,3093400
2019-10-11,49.650001525878906,50.20000076293945,49.63999938964844,49.7599983215332,46.595272064208984,4104900
2019-10-14,49.709999084472656,49.775001525878906,49.529998779296875,49.650001525878906,46.49226379394531,1246200
2019-10-15,49.72999954223633,50.61000061035156,49.65999984741211,50.5,47.2881965637207,2105200
2019-10-16,50.380001068115234,50.650001525878906,50.349998474121094,50.59000015258789,47.37248992919922,2285200
2019-10-17,50.9900016784668,51.0099983215332,50.70000076293945,50.88999938964844,47.65339279174805,2037200
2019-10-18,50.7599983215332,50.915000915527344,50.02000045776367,50.29999923706055,47.10091018676758,1958200
2019-10-21,50.5099983215332,50.7130012512207,50.452999114990234,50.599998474121094,47.3818473815918,1425400
2019-10-22,50.68000030517578,50.72999954223633,50.084999084472656,50.11000061035156,46.922996520996094,2433600
2019-10-23,50.099998474121094,50.54999923706055,50.099998474121094,50.5,47.2881965637207,1958500
2019-10-24,50.2400016784668,50.25,49.7599983215332,49.93000030517578,46.75445556640625,2444800
2019-10-25,50.0,50.58000183105469,49.900001525878906,50.31999969482422,47.11964797973633,1210800
2019-10-28,50.58000183105469,50.939998626708984,50.540000915527344,50.790000915527344,47.55976104736328,2882900
2019-10-29,50.689998626708984,50.77000045776367,50.2400016784668,50.33000183105469,47.12901306152344,1788600
2019-10-30,50.45000076293945,50.61000061035156,50.095001220703125,50.470001220703125,47.260128021240234,3900600
2019-10-31,50.84000015258789,50.84000015258789,50.16999816894531,50.619998931884766,47.400569915771484,4059900
2019-11-01,50.90999984741211,50.959999084472656,50.560001373291016,50.95000076293945,47.70957946777344,3450700
2019-11-04,51.119998931884766,51.314998626708984,51.029998779296875,51.22999954223633,47.97176742553711,4650500
2019-11-05,51.27000045776367,51.369998931884766,51.150001525878906,51.25,47.99051284790039,1886900
2019-11-06,51.25,51.27000045776367,50.84000015258789,51.06999969482422,47.82194900512695,2288300
2019-11-07,51.279998779296875,51.75,51.20000076293945,51.38999938964844,48.12159729003906,1976200
2019-11-08,51.380001068115234,51.689998626708984,51.310001373291016,51.529998779296875,48.25269317626953,1537500
2019-11-11,51.25,51.36000061035156,51.15999984741211,51.290000915527344,48.027957916259766,1133400
2019-11-12,51.34000015258789,51.529998779296875,51.209999084472656,51.349998474121094,48.08414077758789,6801000
2019-11-13,51.22999954223633,51.45500183105469,51.119998931884766,51.33000183105469,48.06541061401367,1471400
2019-11-14,51.29999923706055,51.65999984741211,51.22999954223633,51.560001373291016,48.28079605102539,1526200
2019-11-15,51.84000015258789,52.0099983215332,51.66999816894531,51.9900016784668,48.683441162109375,2798500
2019-11-18,51.90999984741211,52.2599983215332,51.630001068115234,52.16999816894531,48.85198974609375,1833000
2019-11-19,52.31999969482422,52.31999969482422,51.939998626708984,52.20000076293945,48.880088806152344,2134400
2019-11-20,51.959999084472656,52.13999938964844,51.47999954223633,51.880001068115234,48.5804328918457,2428600
2019-11-21,51.93000030517578,52.20000076293945,51.73500061035156,52.02000045776367,48.711524963378906,1374400
2019-11-22,52.11000061035156,52.13999938964844,51.810001373291016,52.040000915527344,48.73027038574219,1623200
2019-11-25,52.209999084472656,52.26499938964844,52.09000015258789,52.20000076293945,48.880088806152344,2358700
2019-11-26,52.310001373291016,52.38999938964844,52.119998931884766,52.369998931884766,49.039276123046875,2146600
2019-11-27,52.529998779296875,52.79999923706055,52.45000076293945,52.7400016784668,49.3857421875,3416700
2019-11-29,52.619998931884766,52.75,52.5099983215332,52.560001373291016,49.217193603515625,2396400
2019-12-02,52.61000061035156,52.70000076293945,51.75,52.060001373291016,48.748992919921875,4503300
2019-12-03,51.560001373291016,52.005001068115234,51.29999923706055,51.959999084472656,48.655338287353516,3795500
2019-12-04,52.25,52.404998779296875,52.08000183105469,52.22999954223633,48.90816879272461,4519600
2019-12-05,52.459999084472656,52.470001220703125,52.11000061035156,52.45000076293945,49.11418914794922,3688600
2019-12-06,52.79999923706055,52.83000183105469,52.630001068115234,52.7599983215332,49.40446472167969,4971800
2019-12-09,52.66999816894531,53.04999923706055,52.540000915527344,52.560001373291016,49.217193603515625,3016100
2019-12-10,52.540000915527344,52.59000015258789,52.2400016784668,52.380001068115234,49.04863739013672,6432200
2019-12-11,52.5,52.65999984741211,52.41999816894531,52.619998931884766,49.27337646484375,1436500
2019-12-12,52.63999938964844,53.060001373291016,52.400001525878906,52.68000030517578,49.32954788208008,2866800
2019-12-13,52.66999816894531,52.78499984741211,52.334999084472656,52.560001373291016,49.217193603515625,2834400
2019-12-16,52.849998474121094,53.150001525878906,52.849998474121094,53.08000183105469,49.7041130065918,5780800
2019-12-17,53.08000183105469,53.209999084472656,52.939998626708984,53.029998779296875,49.65729522705078,3222500
2019-12-18,53.209999084472656,53.57099914550781,53.150001525878906,53.38999938964844,49.99440002441406,1862800
2019-12-19,53.43000030517578,53.880001068115234,53.43000030517578,53.880001068115234,50.4532356262207,1873000
2019-12-20,54.04999923706055,54.084999084472656,53.650001525878906,53.93000030517578,50.60995864868164,3109700
2019-12-23,54.08000183105469,54.14500045776367,53.755001068115234,53.790000915527344,50.47857666015625,3248600
2019-12-24,53.849998474121094,53.88999938964844,53.73500061035156,53.779998779296875,50.469200134277344,891200
2019-12-26,53.849998474121094,54.189998626708984,53.849998474121094,54.189998626708984,50.85395431518555,830200
2019-12-27,54.31999969482422,54.349998474121094,53.97999954223633,54.09000015258789,50.760101318359375,3205000
2019-12-30,54.11000061035156,54.11000061035156,53.470001220703125,53.529998779296875,50.23458480834961,2141300
2019-12-31,53.439998626708984,53.70000076293945,53.380001068115234,53.630001068115234,50.32842254638672,2049700
2020-01-02,53.970001220703125,54.2599983215332,53.7400016784668,54.2599983215332,50.919639587402344,6379500
2020-01-03,53.66999816894531,54.20000076293945,53.560001373291016,53.90999984741211,50.5911979675293,2351400
2020-01-06,53.61000061035156,54.66999816894531,53.599998474121094,54.630001068115234,51.26685333251953,2535900
2020-01-07,54.689998626708984,54.90999984741211,54.5099983215332,54.70000076293945,51.332557678222656,2642800
2020-01-08,54.72999954223633,55.3650016784668,54.65999984741211,55.09000015258789,51.698543548583984,4161200
2020-01-09,55.529998779296875,55.55500030517578,55.095001220703125,55.380001068115234,51.9706916809082,2297100
2020-01-10,55.59000015258789,55.59000015258789,55.08000183105469,55.15999984741211,51.764244079589844,1941800
2020-01-13,55.41999816894531,55.709999084472656,55.18000030517578,55.68000030517578,52.252220153808594,2854000
2020-01-14,55.66999816894531,55.78499984741211,55.470001220703125,55.540000915527344,52.120845794677734,2909600
2020-01-15,55.68000030517578,55.91999816894531,55.59299850463867,55.810001373291016,52.37421798706055,2136800
2020-01-16,56.04999923706055,56.2400016784668,55.869998931884766,56.2400016784668,52.777748107910156,2031600
2020-01-17,56.47999954223633,56.69499969482422,56.29999923706055,56.68000030517578,53.19065475463867,6103700
2020-01-21,56.58000183105469,56.72600173950195,56.34000015258789,56.630001068115234,53.143741607666016,3182000
2020-01-22,56.869998931884766,56.904998779296875,56.540000915527344,56.599998474121094,53.11559295654297,4542800
2020-01-23,56.5,56.529998779296875,56.209999084472656,56.369998931884766,52.89974594116211,1985600
2020-01-24,56.5099983215332,56.5099983215332,55.43000030517578,55.689998626708984,52.26160430908203,3175800
2020-01-27,54.650001525878906,55.029998779296875,54.5099983215332,54.81999969482422,51.445167541503906,5708800
2020-01-28,55.16999816894531,55.67499923706055,54.90999984741211,55.45000076293945,52.036380767822266,6526600
2020-01-29,55.7599983215332,55.7599983215332,55.15999984741211,55.36000061035156,51.951927185058594,5983800
2020-01-30,54.11000061035156,54.83000183105469,53.9739990234375,54.79999923706055,51.42639923095703,3163200
2020-01-31,54.79999923706055,54.79999923706055,53.790000915527344,53.90999984741211,50.5911979675293,3635500
2020-02-03,54.349998474121094,54.810001373291016,54.349998474121094,54.54999923706055,51.191795349121094,5905700
2020-02-04,54.77000045776367,55.1510009765625,54.34000015258789,55.119998931884766,51.72669982910156,3504000
2020-02-05,55.599998474121094,55.650001525878906,54.91999816894531,55.209999084472656,51.811153411865234,3771700
2020-02-06,55.47999954223633,55.994998931884766,55.47999954223633,55.900001525878906,52.45867919921875,1998100
2020-02-07,55.720001220703125,56.060001373291016,55.54999923706055,55.86000061035156,52.421138763427734,2698600
2020-02-10,55.72999954223633,56.20000076293945,55.689998626708984,56.189998626708984,52.73082733154297,4420500
2020-02-11,56.47999954223633,56.560001373291016,56.060001373291016,56.130001068115234,52.67451858520508,1703300
2020-02-12,56.40999984741211,56.939998626708984,56.38999938964844,56.86000061035156,53.35957717895508,1730200
2020-02-13,56.540000915527344,57.084999084472656,56.40999984741211,56.869998931884766,53.368961334228516,2761600
2020-02-14,56.91999816894531,57.029998779296875,56.70500183105469,56.939998626708984,53.43465805053711,2111700
2020-02-18,56.81999969482422,57.435001373291016,56.810001373291016,57.31999969482422,53.79126739501953,2952900
2020-02-19,57.529998779296875,57.75,57.310001373291016,57.58000183105469,54.03525924682617,4301800
2020-02-20,57.33000183105469,57.375,56.459999084472656,56.9900016784668,53.4815788269043,2939000
2020-02-21,56.72999954223633,56.81999969482422,55.959999084472656,56.119998931884766,52.66512680053711,2927400
2020-02-24,54.400001525878906,54.779998779296875,53.849998474121094,54.2400016784668,50.900875091552734,5297200
2020-02-25,54.43000030517578,54.65999984741211,52.689998626708984,52.790000915527344,49.54014587402344,13048800
2020-02-26,53.099998474121094,53.76100158691406,52.400001525878906,52.689998626708984,49.446285247802734,6991500
2020-02-27,51.68000030517578,52.40999984741211,50.61000061035156,50.61000061035156,47.49433517456055,8635300
2020-02-28,49.20000076293945,50.849998474121094,49.040000915527344,50.7599983215332,47.63509750366211,17880300
2020-03-02,51.290000915527344,52.52000045776367,50.439998626708984,52.52000045776367,49.28675079345703,7324000
2020-03-03,52.59000015258789,53.209999084472656,50.47999954223633,50.790000915527344,47.66326904296875,9167600
2020-03-04,51.65999984741211,52.650001525878906,51.16999816894531,52.619998931884766,49.380611419677734,3398100
2020-03-05,51.439998626708984,51.7599983215332,50.31999969482422,50.70000076293945,47.57880401611328,4009100
2020-03-06,49.08000183105469,50.08000183105469,48.619998931884766,49.81999969482422,46.752967834472656,6736400
2020-03-09,46.54999923706055,48.20000076293945,45.0,46.5,43.63737106323242,6080000
2020-03-10,48.060001373291016,48.88999938964844,46.380001068115234,48.869998931884766,45.86146545410156,5108100
2020-03-11,47.689998626708984,47.93000030517578,46.08000183105469,46.77000045776367,43.890743255615234,5854600
2020-03-12,43.7599983215332,45.38999938964844,41.04999923706055,42.380001068115234,39.77100372314453,9472200
2020-03-13,45.0099983215332,46.25,42.630001068115234,46.189998626708984,43.3464469909668,7604700
2020-03-16,39.5099983215332,43.689998626708984,39.11000061035156,40.97999954223633,38.457183837890625,19813500
2020-03-17,41.79999923706055,43.459999084472656,40.150001525878906,42.7599983215332,40.127601623535156,14016600
2020-03-18,40.29999923706055,41.689998626708984,38.68000030517578,41.34000015258789,38.79502487182617,18094800
2020-03-19,41.0099983215332,43.52000045776367,40.20000076293945,42.08000183105469,39.48945999145508,14289200
2020-03-20,42.869998931884766,42.91999816894531,40.04999923706055,40.220001220703125,37.74398422241211,10077800
2020-03-23,40.0099983215332,41.16999816894531,39.029998779296875,40.31999969482422,37.944419860839844,15113800
2020-03-24,42.31999969482422,42.79999923706055,41.470001220703125,42.79999923706055,40.27830505371094,6497900
2020-03-25,42.65999984741211,43.95000076293945,41.41999816894531,42.13999938964844,39.65719223022461,5291400
2020-03-26,42.47999954223633,44.72999954223633,42.369998931884766,44.540000915527344,41.91579055786133,4691000
2020-03-27,43.279998779296875,43.935001373291016,42.59000015258789,42.7599983215332,40.240657806396484,3378100
2020-03-30,43.15999984741211,44.470001220703125,42.689998626708984,44.31999969482422,41.7087516784668,3025600
2020-03-31,44.310001373291016,45.03499984741211,43.94900131225586,44.2400016784668,41.633460998535156,4777200
2020-04-01,42.95000076293945,43.45000076293945,42.08000183105469,42.47999954223633,39.977149963378906,5481200
2020-04-02,42.29999923706055,43.290000915527344,42.2400016784668,43.02000045776367,40.485347747802734,4537200
2020-04-03,42.939998626708984,43.11000061035156,41.59000015258789,42.150001525878906,39.66660690307617,3071800
2020-04-06,43.72999954223633,45.16999816894531,43.47999954223633,44.93000030517578,42.282806396484375,3294700
2020-04-07,46.310001373291016,46.45000076293945,45.119998931884766,45.2599983215332,42.59336853027344,3694300
2020-04-08,45.7599983215332,46.439998626708984,45.290000915527344,46.22999954223633,43.506221771240234,2628200
2020-04-09,46.79999923706055,47.060001373291016,46.08000183105469,46.56999969482422,43.82617950439453,3256500
2020-04-13,46.45000076293945,46.72999954223633,45.560001373291016,46.63999938964844,43.89206314086914,2606200
2020-04-14,47.61000061035156,48.34600067138672,47.31999969482422,48.02000045776367,45.19075393676758,5554200
2020-04-15,47.18000030517578,47.970001220703125,46.97999954223633,47.56999969482422,44.76726531982422,1969100
2020-04-16,47.91999816894531,47.91999816894531,47.08000183105469,47.7599983215332,44.94606399536133,2475600
2020-04-17,48.599998474121094,48.599998474121094,47.7599983215332,48.40999984741211,45.55777359008789,3348400
2020-04-20,47.959999084472656,48.560001373291016,47.79999923706055,47.970001220703125,45.14369583129883,1948500
2020-04-21,47.349998474121094,47.43600082397461,46.119998931884766,46.459999084472656,43.72266387939453,4167700
2020-04-22,47.68000030517578,48.060001373291016,47.22999954223633,47.709999084472656,44.89901351928711,2151700
2020-04-23,47.939998626708984,48.630001068115234,47.779998779296875,48.04999923706055,45.21898651123047,2486900
2020-04-24,47.95000076293945,48.689998626708984,47.5,48.65999984741211,45.79304122924805,2693000
2020-04-27,49.13999938964844,49.29999923706055,48.915000915527344,49.060001373291016,46.16947937011719,2022300
2020-04-28,49.560001373291016,49.560001373291016,48.09000015258789,48.16999816894531,45.33190155029297,2583000
2020-04-29,49.900001525878906,50.959999084472656,49.79999923706055,50.5,47.52463150024414,3551600
2020-04-30,50.529998779296875,50.849998474121094,49.85200119018555,50.279998779296875,47.31760787963867,3663100
2020-05-01,49.75,50.310001373291016,49.16699981689453,49.58000183105469,46.65884017944336,2793500
2020-05-04,49.27000045776367,49.939998626708984,49.0,49.869998931884766,46.9317512512207,3721800
2020-05-05,50.279998779296875,50.70000076293945,50.029998779296875,50.130001068115234,47.17643737792969,2261500
2020-05-06,50.540000915527344,50.630001068115234,49.970001220703125,49.9900016784668,47.044677734375,2486000
2020-05-07,50.72999954223633,51.119998931884766,50.560001373291016,50.93000030517578,47.92929458618164,3207200
2020-05-08,51.54999923706055,51.93000030517578,51.25,51.86000061035156,48.80449676513672,4640700
2020-05-11,51.540000915527344,52.25,51.42399978637695,51.88999938964844,48.832740783691406,2269700
2020-05-12,52.04999923706055,52.13999938964844,50.869998931884766,50.880001068115234,47.88224792480469,13806400
2020-05-13,50.849998474121094,50.9900016784668,49.33000183105469,50.0099983215332,47.063499450683594,4338800
2020-05-14,49.59000015258789,50.54999923706055,49.05799865722656,50.54999923706055,47.571693420410156,3219800
2020-05-15,50.13999938964844,51.25,49.88999938964844,51.25,48.2304573059082,3938600
2020-05-18,51.81999969482422,52.61000061035156,51.66999816894531,52.33000183105469,49.24681091308594,2852300
2020-05-19,52.2599983215332,52.93000030517578,52.08000183105469,52.31999969482422,49.237396240234375,5526800
2020-05-20,53.08000183105469,53.900001525878906,53.040000915527344,53.77000045776367,50.601966857910156,4532500
2020-05-21,54.0,54.18000030517578,53.33000183105469,53.38999938964844,50.244361877441406,4016100
2020-05-22,53.369998931884766,53.79999923706055,53.09000015258789,53.709999084472656,50.545501708984375,3870900
2020-05-26,54.7400016784668,54.790000915527344,53.779998779296875,53.86000061035156,50.686676025390625,3651100
2020-05-27,53.900001525878906,54.2400016784668,52.89500045776367,54.2400016784668,51.04428482055664,5946600
2020-05-28,53.77000045776367,54.599998474121094,53.599998474121094,53.72999954223633,50.5643196105957,4074500
2020-05-29,53.70000076293945,54.16999816894531,53.14500045776367,54.02000045776367,50.837242126464844,6113400
2020-06-01,53.88999938964844,54.720001220703125,53.790000915527344,54.63999938964844,51.420711517333984,6930100
2020-06-02,54.70000076293945,54.880001068115234,54.06999969482422,54.86000061035156,51.62775421142578,3468600
2020-06-03,55.0,55.20500183105469,54.83000183105469,55.029998779296875,51.78773498535156,3217000
2020-06-04,54.880001068115234,55.11000061035156,54.220001220703125,54.619998931884766,51.401885986328125,2235300
2020-06-05,54.9900016784668,55.900001525878906,54.97999954223633,55.5099983215332,52.23944854736328,2784300
2020-06-08,55.52000045776367,56.59000015258789,55.369998931884766,56.54999923706055,53.218177795410156,3216000
2020-06-09,56.25,56.66999816894531,56.11000061035156,56.40999984741211,53.086429595947266,3549200
2020-06-10,56.7599983215332,56.79999923706055,55.86000061035156,56.2400016784668,52.92644500732422,2638100
2020-06-11,54.959999084472656,55.34000015258789,53.529998779296875,53.650001525878906,50.48904037475586,4669100
2020-06-12,54.83000183105469,55.029998779296875,53.11000061035156,54.119998931884766,50.931339263916016,4944200
2020-06-15,53.33000183105469,55.18000030517578,53.2400016784668,54.9900016784668,51.75008773803711,4114300
2020-06-16,56.09000015258789,56.11000061035156,54.650001525878906,55.439998626708984,52.173583984375,4335600
2020-06-17,55.560001373291016,55.93000030517578,55.06999969482422,55.5099983215332,52.23944854736328,2621400
2020-06-18,55.400001525878906,55.72999954223633,55.27000045776367,55.689998626708984,52.40884780883789,4696300
2020-06-19,56.36000061035156,56.36000061035156,55.130001068115234,55.540000915527344,52.267696380615234,4740400
2020-06-22,55.380001068115234,55.630001068115234,55.18600082397461,55.54999923706055,52.38272476196289,1995800
2020-06-23,55.90999984741211,56.47999954223633,55.709999084472656,55.90999984741211,52.722206115722656,4896900
2020-06-24,55.720001220703125,55.849998474121094,54.150001525878906,54.650001525878906,51.53404235839844,7736200
2020-06-25,54.61000061035156,55.0099983215332,54.06999969482422,54.88999938964844,51.760353088378906,4779400
2020-06-26,54.560001373291016,54.61000061035156,52.369998931884766,52.470001220703125,49.47834396362305,6241400
2020-06-29,52.18000030517578,53.439998626708984,51.92499923706055,53.439998626708984,50.393035888671875,3508300
2020-06-30,53.41999816894531,54.20000076293945,53.16999816894531,54.040000915527344,50.958831787109375,2815900
2020-07-01,54.220001220703125,55.59000015258789,54.18000030517578,55.380001068115234,52.2224235534668,5156500
2020-07-02,55.880001068115234,55.970001220703125,55.119998931884766,55.20000076293945,52.05268859863281,2252800
2020-07-06,55.81999969482422,56.38999938964844,55.650001525878906,56.310001373291016,53.09939956665039,2082200
2020-07-07,56.16999816894531,56.97999954223633,56.07400131225586,56.150001525878906,52.94852066040039,2392300
2020-07-08,56.220001220703125,56.75,55.79499816894531,56.650001525878906,53.420005798339844,3106800
2020-07-09,56.88999938964844,56.95000076293945,55.83000183105469,56.720001220703125,53.48602294921875,3453700
2020-07-10,56.68000030517578,57.7400016784668,56.37799835205078,57.70000076293945,54.41014099121094,2429100
2020-07-13,58.15999984741211,58.415000915527344,56.349998474121094,56.540000915527344,53.316287994384766,2954700
2020-07-14,55.970001220703125,57.15999984741211,55.724998474121094,57.099998474121094,53.844364166259766,3719800
2020-07-15,57.349998474121094,57.66999816894531,56.81999969482422,57.439998626708984,54.16497039794922,3089200
2020-07-16,56.939998626708984,57.619998931884766,56.72999954223633,57.540000915527344,54.259273529052734,2216700
2020-07-17,57.54999923706055,57.58000183105469,56.810001373291016,57.40999984741211,54.136688232421875,1928900
2020-07-20,57.310001373291016,58.22999954223633,56.849998474121094,58.099998474121094,54.78733825683594,2205300
2020-07-21,58.47999954223633,58.529998779296875,57.65999984741211,57.81999969482422,54.52330780029297,2228100
2020-07-22,57.810001373291016,57.92499923706055,57.46500015258789,57.880001068115234,54.57988357543945,1528700
2020-07-23,57.9900016784668,58.130001068115234,56.63999938964844,56.939998626708984,53.6934814453125,2271200
2020-07-24,56.54999923706055,57.0260009765625,56.2599983215332,56.849998474121094,53.608612060546875,3291800
2020-07-27,57.060001373291016,57.31999969482422,56.757999420166016,57.2400016784668,53.97637176513672,1556100
2020-07-28,57.08000183105469,57.290000915527344,56.560001373291016,56.650001525878906,53.420005798339844,1818100
2020-07-29,56.93000030517578,57.32500076293945,56.720001220703125,57.16999816894531,53.910362243652344,1720600
2020-07-30,56.630001068115234,57.43000030517578,56.349998474121094,57.33000183105469,54.061248779296875,2202100
2020-07-31,58.380001068115234,58.380001068115234,57.23500061035156,58.130001068115234,54.81562805175781,2741700
2020-08-03,58.279998779296875,58.349998474121094,57.757999420166016,58.18000030517578,54.86278533935547,2335700
2020-08-04,58.15999984741211,58.560001373291016,58.15999984741211,58.54999923706055,55.21167755126953,2829100
2020-08-05,58.720001220703125,58.810001373291016,58.290000915527344,58.459999084472656,55.126808166503906,1874200
2020-08-06,58.54999923706055,60.060001373291016,58.45000076293945,60.0,56.57900619506836,2277200
2020-08-07,59.849998474121094,60.880001068115234,59.43000030517578,59.93000030517578,56.513004302978516,2525900
2020-08-10,59.90999984741211,60.459999084472656,59.150001525878906,59.72999954223633,56.324398040771484,4230300
2020-08-11,59.65999984741211,60.01499938964844,58.720001220703125,58.84000015258789,55.485145568847656,3121200
2020-08-12,59.16999816894531,59.90999984741211,59.16999816894531,59.540000915527344,56.145240783691406,6266000
2020-08-13,59.599998474121094,60.268001556396484,59.569000244140625,59.84000015258789,56.42811965942383,1707300
2020-08-14,59.88999938964844,60.0099983215332,59.630001068115234,59.83000183105469,56.418701171875,1205100
2020-08-17,60.060001373291016,60.060001373291016,59.689998626708984,59.900001525878906,56.484710693359375,1179400
2020-08-18,60.060001373291016,60.630001068115234,59.79499816894531,60.439998626708984,56.99392318725586,1353100
2020-08-19,60.4900016784668,60.939998626708984,60.130001068115234,60.27000045776367,56.8336181640625,2143500
2020-08-20,60.029998779296875,61.09000015258789,59.994998931884766,61.02000045776367,57.54084777832031,7930600
2020-08-21,60.880001068115234,61.06999969482422,60.540000915527344,60.75,57.2862434387207,2003100
2020-08-24,61.189998626708984,61.7599983215332,61.112998962402344,61.4900016784668,57.98405838012695,3340600
2020-08-25,61.5099983215332,62.17499923706055,61.36000061035156,62.06999969482422,58.53098678588867,4156100
2020-08-26,62.20000076293945,64.26000213623047,62.18000030517578,64.19000244140625,60.53010559082031,3234100
2020-08-27,64.1500015258789,64.15399932861328,63.165000915527344,63.40999984741211,59.794586181640625,5037200
2020-08-28,63.56999969482422,63.65999984741211,63.22999954223633,63.560001373291016,59.93602752685547,1819300
2020-08-31,63.5,63.689998626708984,63.16999816894531,63.2599983215332,59.65312957763672,2728400
2020-09-01,63.380001068115234,63.9370002746582,63.119998931884766,63.779998779296875,60.14348602294922,4703000
2020-09-02,64.1500015258789,65.33999633789062,63.88999938964844,65.13999938964844,61.425933837890625,4321700
2020-09-03,64.55999755859375,64.70999908447266,62.185001373291016,62.93000030517578,59.341949462890625,7536500
2020-09-04,62.61000061035156,62.959999084472656,60.16999816894531,61.779998779296875,58.25751876831055,10039900
2020-09-08,60.2599983215332,61.01499938964844,60.02000045776367,60.150001525878906,56.720455169677734,8138700
2020-09-09,60.970001220703125,61.45000076293945,60.220001220703125,60.869998931884766,57.399391174316406,4940700
2020-09-10,61.2400016784668,61.70000076293945,59.790000915527344,59.970001220703125,56.55070877075195,4882100
2020-09-11,60.34000015258789,60.51300048828125,59.119998931884766,59.779998779296875,56.371559143066406,5509000
2020-09-14,60.43000030517578,61.130001068115234,59.97999954223633,60.0099983215332,56.588443756103516,3241600
2020-09-15,60.65999984741211,61.369998931884766,60.47999954223633,61.08000183105469,57.59742736816406,2024000
2020-09-16,61.08000183105469,61.560001373291016,60.31999969482422,60.41999816894531,56.975059509277344,2368600
2020-09-17,59.369998931884766,59.84000015258789,58.58000183105469,59.310001373291016,55.9283447265625,4600500
2020-09-18,59.650001525878906,59.68000030517578,57.959999084472656,58.7400016784668,55.390846252441406,4665400
2020-09-21,57.68000030517578,58.119998931884766,57.064998626708984,57.93000030517578,54.74258804321289,7845700
2020-09-22,58.459999084472656,59.16999816894531,58.02000045776367,59.04999923706055,55.800960540771484,2304600
2020-09-23,59.16999816894531,59.290000915527344,57.470001220703125,57.63999938964844,54.46855163574219,3913000
2020-09-24,57.279998779296875,58.290000915527344,57.18000030517578,57.75,54.57249450683594,2944900
2020-09-25,57.68000030517578,58.72100067138672,57.22999954223633,58.52000045776367,55.30012893676758,1879800
2020-09-28,59.400001525878906,59.5099983215332,58.849998474121094,59.29999923706055,56.03721618652344,2016800
2020-09-29,59.369998931884766,59.595001220703125,59.029998779296875,59.36000061035156,56.09391403198242,3249100
2020-09-30,59.41999816894531,60.0,59.06999969482422,59.400001525878906,56.131710052490234,2884000
2020-10-01,59.88999938964844,60.3849983215332,59.79999923706055,60.25,56.93494415283203,7536600
2020-10-02,59.279998779296875,59.900001525878906,58.81999969482422,59.060001373291016,55.81041717529297,3320200
2020-10-05,59.43000030517578,60.060001373291016,59.349998474121094,60.029998779296875,56.72704315185547,2122200
2020-10-06,59.75,60.06999969482422,58.66999816894531,58.77000045776367,55.53636932373047,2198400
2020-10-07,59.279998779296875,59.380001068115234,58.650001525878906,59.20000076293945,55.942710876464844,2063400
2020-10-08,59.5099983215332,60.0,59.5099983215332,59.970001220703125,56.670352935791016,1352300
2020-10-09,60.279998779296875,60.40999984741211,60.08000183105469,60.33000183105469,57.01054763793945,1838300
2020-10-12,61.220001220703125,62.58000183105469,60.98500061035156,61.91999816894531,58.51304244995117,3935600
2020-10-13,62.2400016784668,62.310001373291016,61.689998626708984,61.97999954223633,58.569759368896484,2581900
2020-10-14,62.2400016784668,62.290000915527344,61.060001373291016,61.2400016784668,57.87047576904297,1999800
2020-10-15,60.5099983215332,60.90999984741211,60.25,60.77000045776367,57.426326751708984,1700200
2020-10-16,61.16999816894531,61.400001525878906,60.685001373291016,60.779998779296875,57.43577575683594,2932200
2020-10-19,61.0,61.19499969482422,59.46500015258789,59.689998626708984,56.4057502746582,3320800
2020-10-20,59.81999969482422,60.63999938964844,59.56999969482422,60.119998931884766,56.81209182739258,4365000
2020-10-21,60.86000061035156,61.70000076293945,60.709999084472656,61.130001068115234,57.76652908325195,3262000
2020-10-22,61.33000183105469,61.672000885009766,60.71500015258789,61.529998779296875,58.14450454711914,2492900
2020-10-23,61.7400016784668,62.130001068115234,61.279998779296875,62.11000061035156,58.69260787963867,1839900
2020-10-26,61.56999969482422,61.86000061035156,60.17499923706055,60.75,57.407432556152344,2771500
2020-10-27,60.9900016784668,61.310001373291016,60.6349983215332,61.13999938964844,57.77596664428711,1582100
2020-10-28,60.06999969482422,60.13999938964844,58.65999984741211,58.7400016784668,55.508026123046875,4236400
2020-10-29,59.439998626708984,60.78499984741211,59.150001525878906,60.220001220703125,56.906585693359375,3172900
2020-10-30,60.369998931884766,60.72999954223633,58.56999969482422,59.20000076293945,55.942710876464844,3421000
2020-11-02,59.630001068115234,60.16999816894531,58.680999755859375,59.16999816894531,55.91436767578125,3668600
2020-11-03,59.630001068115234,60.56999969482422,59.40999984741211,60.04999923706055,56.74595260620117,3494500
2020-11-04,61.72999954223633,63.11000061035156,61.630001068115234,62.63999938964844,59.193443298339844,4571200
2020-11-05,63.709999084472656,64.29000091552734,63.2599983215332,63.849998474121094,60.33686828613281,3258000
2020-11-06,63.88999938964844,63.88999938964844,63.0099983215332,63.70000076293945,60.19511795043945,5735300
2020-11-09,64.66000366210938,64.8499984741211,63.119998931884766,63.15999984741211,59.6848258972168,6021600
2020-11-10,62.459999084472656,63.15999984741211,61.86000061035156,62.959999084472656,59.49583435058594,12894000
2020-11-11,63.400001525878906,63.61000061035156,63.20000076293945,63.529998779296875,60.03446578979492,5063100
2020-11-12,63.4900016784668,63.84000015258789,62.939998626708984,63.16999816894531,59.694271087646484,7035900
2020-11-13,63.630001068115234,64.20999908447266,63.27000045776367,64.11000061035156,60.582557678222656,1661300
2020-11-16,64.12999725341797,64.59500122070312,64.08999633789062,64.5199966430664,60.970008850097656,4772300
2020-11-17,64.22000122070312,64.5999984741211,63.970001220703125,64.29000091552734,60.752655029296875,3483100
2020-11-18,64.25,64.43000030517578,63.630001068115234,63.63999938964844,60.138431549072266,2470000
2020-11-19,63.369998931884766,64.16999816894531,63.279998779296875,64.02999877929688,60.5069580078125,3390400
2020-11-20,64.08000183105469,64.36000061035156,63.869998931884766,63.880001068115234,60.3652229309082,1876300
2020-11-23,64.11000061035156,64.23500061035156,63.279998779296875,63.90999984741211,60.39356994628906,2190900
2020-11-24,64.08000183105469,65.27999877929688,64.02999877929688,65.22000122070312,61.631492614746094,2179000
2020-11-25,65.3499984741211,65.36000061035156,64.64199829101562,65.20999908447266,61.62202453613281,1693300
2020-11-27,65.5199966430664,65.83999633789062,65.30000305175781,65.62999725341797,62.0189323425293,1229900
2020-11-30,65.4800033569336,65.4800033569336,64.72000122070312,65.4000015258789,61.80158233642578,3617300
2020-12-01,65.81999969482422,67.05000305175781,65.73999786376953,66.5999984741211,62.935546875,3888900
2020-12-02,66.51000213623047,67.41999816894531,66.19000244140625,67.22000122070312,63.52144241333008,2380800
2020-12-03,67.1500015258789,67.45999908447266,66.79000091552734,66.91999816894531,63.23795700073242,2129300
2020-12-04,66.91999816894531,67.12000274658203,66.7699966430664,66.9800033569336,63.29465103149414,1997000
2020-12-07,66.91999816894531,67.58499908447266,66.80000305175781,67.4000015258789,63.69153594970703,1981800
2020-12-08,67.33000183105469,67.38999938964844,66.78500366210938,67.30000305175781,63.5970344543457,1712800
2020-12-09,67.38999938964844,67.80999755859375,66.05999755859375,66.5,62.841060638427734,5494600
2020-12-10,66.12999725341797,66.6500015258789,65.5,66.54000091552734,62.87886428833008,2287400
2020-12-11,66.44000244140625,67.04000091552734,66.3499984741211,66.94000244140625,63.2568473815918,2668300
2020-12-14,67.12000274658203,67.5999984741211,66.68000030517578,66.7300033569336,63.05839920043945,2622800
2020-12-15,67.05999755859375,67.27999877929688,66.41000366210938,67.27999877929688,63.578128814697266,1604200
2020-12-16,67.38999938964844,67.44999694824219,66.96099853515625,67.22000122070312,63.52144241333008,3249300
2020-12-17,67.47000122070312,67.61499786376953,66.8949966430664,67.05000305175781,63.36082077026367,2437600
2020-12-18,67.20999908447266,67.32499694824219,66.58000183105469,67.11000061035156,63.417503356933594,4397800
2020-12-21,66.20999908447266,66.55000305175781,65.41999816894531,66.43000030517578,62.87514877319336,4508500
2020-12-22,66.43000030517578,66.43000030517578,65.41000366210938,65.80999755859375,62.28833770751953,2041900
2020-12-23,66.04000091552734,66.6500015258789,65.87000274658203,66.19000244140625,62.64801025390625,1671200
2020-12-24,66.26000213623047,66.52999877929688,66.03500366210938,66.26000213623047,62.714263916015625,859700
2020-12-28,66.80000305175781,67.55000305175781,66.58999633789062,67.44999694824219,63.840576171875,2806600
2020-12-29,67.61000061035156,67.7300033569336,67.30999755859375,67.38999938964844,63.78378677368164,1502000
2020-12-30,67.6500015258789,67.6500015258789,66.9000015258789,66.94000244140625,63.35786819458008,2151800
2020-12-31,66.86000061035156,67.58999633789062,66.86000061035156,67.4800033569336,63.86895751953125,2274200
2021-01-04,67.75,67.79000091552734,65.68000030517578,66.4800033569336,62.9224853515625,4456800
2021-01-05,66.31999969482422,66.9000015258789,66.25,66.72000122070312,63.149627685546875,2184600
2021-01-06,65.69000244140625,66.8499984741211,65.4800033569336,66.4000015258789,62.846763610839844,3904200
2021-01-07,66.69999694824219,67.5999984741211,66.58999633789062,67.27999877929688,63.679656982421875,2202600
2021-01-08,67.30999755859375,67.54000091552734,66.68000030517578,67.48999786376953,63.878440856933594,4993100
2021-01-11,66.51000213623047,66.88999938964844,66.1500015258789,66.29000091552734,62.74264907836914,2202900
2021-01-12,66.19000244140625,66.51000213623047,64.86000061035156,65.22000122070312,61.729915618896484,14316600
2021-01-13,65.19000244140625,65.7699966430664,65.0,65.44999694824219,61.94761276245117,3685300
2021-01-14,65.56999969482422,65.81999969482422,64.9749984741211,65.08000183105469,61.5974006652832,2543300
2021-01-15,65.08999633789062,65.5999984741211,64.78500366210938,65.29000091552734,61.7961540222168,4829000
2021-01-19,65.73999786376953,66.62999725341797,65.31999969482422,66.47000122070312,62.91301727294922,4431500
2021-01-20,67.80000305175781,68.87000274658203,67.58000183105469,68.55999755859375,64.89117431640625,4614800
2021-01-21,68.8499984741211,69.19999694824219,68.62999725341797,68.80999755859375,65.12779998779297,2393900
2021-01-22,68.73999786376953,69.09500122070312,68.58000183105469,68.83999633789062,65.15618133544922,1979400
2021-01-25,69.29000091552734,69.61000061035156,68.31999969482422,69.23999786376953,65.5347900390625,4084400
2021-01-26,69.16999816894531,70.30000305175781,69.16999816894531,70.18000030517578,66.4244613647461,3038300
2021-01-27,69.58000183105469,69.7699966430664,67.44000244140625,67.91000366210938,64.27595520019531,7709600
2021-01-28,68.5199966430664,69.37000274658203,68.12000274658203,68.1500015258789,64.50311279296875,6688200
2021-01-29,67.7300033569336,67.87000274658203,66.44000244140625,66.87999725341797,63.30107498168945,4555200
2021-02-01,67.47000122070312,68.43000030517578,66.94000244140625,68.12999725341797,64.48417663574219,3135100
2021-02-02,68.58000183105469,69.54000091552734,68.44999694824219,69.16999816894531,65.46852111816406,2010300
2021-02-03,70.2699966430664,70.68000030517578,69.65799713134766,70.0999984741211,66.34877014160156,2848300
2021-02-04,70.2300033569336,70.52999877929688,69.83000183105469,70.5199966430664,66.74629211425781,2639900
2021-02-05,70.91000366210938,71.5,70.9000015258789,71.41000366210938,67.58867645263672,1849400
2021-02-08,71.75,71.83000183105469,71.13999938964844,71.69000244140625,67.85367584228516,5201000
2021-02-09,71.51000213623047,72.30999755859375,71.38999938964844,71.93000030517578,68.08086395263672,6044200
2021-02-10,72.58000183105469,72.83000183105469,71.5999984741211,72.61000061035156,68.7244644165039,2494500
2021-02-11,72.76000213623047,72.76000213623047,72.05999755859375,72.69000244140625,68.80015563964844,1860100
2021-02-12,72.5999984741211,73.08999633789062,72.54000091552734,73.0,69.09358978271484,1573900
2021-02-16,73.0,73.84500122070312,73.0,73.3499984741211,69.42484283447266,1997000
2021-02-17,72.91999816894531,73.62000274658203,72.79000091552734,73.55999755859375,69.62359619140625,1976400
2021-02-18,73.05999755859375,73.48999786376953,72.66300201416016,73.19999694824219,69.2828598022461,2019900
2021-02-19,73.41000366210938,73.41000366210938,72.37999725341797,72.4800033569336,68.6014175415039,2500000
2021-02-22,71.79000091552734,72.86000061035156,71.73999786376953,72.19000244140625,68.32693481445312,2168100
2021-02-23,71.54000091552734,73.0,70.5,72.75,68.85694885253906,4639200
2021-02-24,72.01000213623047,73.05999755859375,71.80000305175781,72.87999725341797,68.9800033569336,4004600
2021-02-25,72.91000366210938,73.44999694824219,71.0199966430664,71.29000091552734,67.47509002685547,5492600
2021-02-26,71.69000244140625,72.875,71.05000305175781,71.56999969482422,67.74009704589844,5379400
2021-03-01,72.5199966430664,73.5999984741211,72.22000122070312,73.4000015258789,69.47218322753906,4196100
2021-03-02,73.41999816894531,73.87000274658203,72.80999755859375,72.86000061035156,68.96106719970703,4647700
2021-03-03,72.7699966430664,73.09500122070312,71.63999938964844,71.81999969482422,67.97672271728516,4724000
2021-03-04,71.80999755859375,73.1500015258789,70.80999755859375,71.69000244140625,67.85367584228516,8581100
2021-03-05,72.30000305175781,73.58999633789062,71.38999938964844,73.37000274658203,69.44379425048828,11937300
2021-03-08,73.43000030517578,73.87000274658203,72.33999633789062,72.38999938964844,68.51622772216797,8332000
2021-03-09,73.55000305175781,73.83000183105469,73.01000213623047,73.19999694824219,69.2828598022461,8758100
2021-03-10,74.11000061035156,74.11000061035156,73.12999725341797,73.51000213623047,69.5762939453125,5704600
2021-03-11,74.2300033569336,75.3550033569336,74.06999969482422,74.9000015258789,70.89190673828125,3256900
2021-03-12,74.30000305175781,74.79000091552734,74.04000091552734,74.69000244140625,70.6931381225586,3106500
2021-03-15,74.87999725341797,75.26499938964844,74.54000091552734,75.22000122070312,71.1948013305664,3338900
2021-03-16,75.6500015258789,76.5999984741211,75.41999816894531,76.01000213623047,71.94252014160156,3802800
2021-03-17,75.43299865722656,76.30999755859375,74.73999786376953,76.0199966430664,71.95196533203125,4617200
2021-03-18,75.0999984741211,75.79000091552734,74.68000030517578,74.76000213623047,70.7593994140625,5529800
2021-03-19,74.87999725341797,75.80000305175781,74.79000091552734,75.41000366210938,71.37461853027344,9243200
2021-03-22,75.48999786376953,76.41999816894531,75.13999938964844,75.91000366210938,71.97480010986328,5225800
2021-03-23,75.83000183105469,76.25499725341797,75.2249984741211,75.3499984741211,71.4438247680664,4294800
2021-03-24,75.3499984741211,75.3499984741211,73.43000030517578,73.44999694824219,69.642333984375,4263400
2021-03-25,73.04000091552734,73.63999938964844,72.5199966430664,73.08999633789062,69.30099487304688,3846200
2021-03-26,73.12999725341797,73.33000183105469,71.0199966430664,72.29000091552734,68.54248046875,4204600
2021-03-29,72.2699966430664,73.30999755859375,72.04000091552734,73.02999877929688,69.24411010742188,4274000
2021-03-30,73.02999877929688,73.19000244140625,72.70999908447266,73.02999877929688,69.24411010742188,2660300
2021-03-31,73.33000183105469,73.7699966430664,73.05000305175781,73.31999969482422,69.5190658569336,3857400
2021-04-01,73.9800033569336,74.62999725341797,73.9800033569336,74.58000183105469,70.7137680053711,4549600
2021-04-05,74.94000244140625,76.25499725341797,74.94000244140625,76.1500015258789,72.20235443115234,3970000
2021-04-06,76.12999725341797,76.56999969482422,75.97000122070312,76.33999633789062,72.38249206542969,2523500
2021-04-07,76.36000061035156,77.00900268554688,76.36000061035156,76.93000030517578,72.94192504882812,2347700
2021-04-08,77.33000183105469,77.38999938964844,76.69200134277344,76.94000244140625,72.951416015625,2891400
2021-04-09,76.63999938964844,76.9749984741211,76.36000061035156,76.91999816894531,72.93245697021484,2324100
2021-04-12,76.69999694824219,76.73500061035156,76.26000213623047,76.61000061035156,72.6385269165039,2234300
2021-04-13,76.83000183105469,77.16000366210938,76.5999984741211,76.70999908447266,72.73334503173828,2891100
2021-04-14,76.63999938964844,76.66999816894531,75.76000213623047,75.91999816894531,71.98428344726562,3939200
2021-04-15,76.44000244140625,77.0999984741211,76.33000183105469,76.88999938964844,72.90399169921875,4523500
2021-04-16,77.0999984741211,77.13999938964844,76.55000305175781,76.83999633789062,72.8565902709961,3378100
2021-04-19,76.63999938964844,77.05999755859375,76.01000213623047,76.41000366210938,72.44889068603516,3188300
2021-04-20,76.2699966430664,76.47000122070312,75.43000030517578,76.0,72.06012725830078,3535200
2021-04-21,75.55999755859375,76.1500015258789,75.08999633789062,76.12999725341797,72.18339538574219,7034100
2021-04-22,76.30999755859375,76.46499633789062,75.29000091552734,75.56999969482422,71.65242767333984,3532900
2021-04-23,75.9000015258789,76.66999816894531,75.73799896240234,76.44999694824219,72.48680114746094,2741900
2021-04-26,76.61000061035156,76.75,76.41999816894531,76.61000061035156,72.6385269165039,2767100
2021-04-27,76.7300033569336,76.87000274658203,76.20999908447266,76.30000305175781,72.34457397460938,4684900
2021-04-28,77.33999633789062,77.8499984741211,76.93000030517578,77.0,73.00828552246094,3355400
2021-04-29,78.80999755859375,79.22000122070312,78.25,79.12999725341797,75.02787780761719,4816200
2021-04-30,78.1500015258789,78.41000366210938,77.91999816894531,78.05000305175781,74.0038833618164,3819500
2021-05-03,78.36000061035156,78.4489974975586,77.55000305175781,77.63999938964844,73.61511993408203,3861300
2021-05-04,77.20999908447266,77.44999694824219,75.80999755859375,76.94000244140625,72.951416015625,6848700
2021-05-05,77.41000366210938,77.6500015258789,76.69499969482422,76.79000091552734,72.8091812133789,3829000
2021-05-06,76.69999694824219,77.70999908447266,76.58000183105469,77.69000244140625,73.66253662109375,5321700
2021-05-07,78.2699966430664,78.6449966430664,77.9000015258789,78.27999877929688,74.22193908691406,3636400
2021-05-10,77.88999938964844,77.91999816894531,76.7249984741211,76.77999877929688,72.79971313476562,4043500
2021-05-11,75.6500015258789,76.75,75.55999755859375,76.55999755859375,72.59110260009766,9642100
2021-05-12,75.62000274658203,76.08000183105469,74.83999633789062,75.05999755859375,71.16885375976562,5624800
2021-05-13,75.52999877929688,76.26000213623047,75.12999725341797,75.5999984741211,71.68085479736328,7711900
2021-05-14,76.27999877929688,77.25,76.1500015258789,77.08999633789062,73.09362030029297,3257000
2021-05-17,77.06999969482422,77.12999725341797,75.9800033569336,76.4800033569336,72.51526641845703,3006100
2021-05-18,76.47000122070312,76.70999908447266,75.68000030517578,75.69999694824219,71.77567291259766,2438200
2021-05-19,74.61299896240234,75.87000274658203,74.54000091552734,75.81999969482422,71.88947296142578,4936800
2021-05-20,76.19999694824219,77.28500366210938,76.0199966430664,77.12000274658203,73.1220932006836,3504500
2021-05-21,77.4800033569336,77.5,76.81999969482422,76.86000061035156,72.87554931640625,4452000
2021-05-24,77.44000244140625,78.45999908447266,77.29000091552734,78.26000213623047,74.2029800415039,3020000
2021-05-25,78.68000030517578,78.79000091552734,78.08000183105469,78.23999786376953,74.18401336669922,3079300
2021-05-26,78.47000122070312,79.08000183105469,78.30999755859375,78.75,74.66756439208984,4644900
2021-05-27,78.8479995727539,79.23899841308594,78.71499633789062,79.05000305175781,74.9520263671875,4462100
2021-05-28,79.2699966430664,79.30000305175781,78.71099853515625,78.79000091552734,74.70551300048828,2834100
2021-06-01,79.08000183105469,79.22000122070312,78.45999908447266,78.83999633789062,74.75291442871094,3301400
2021-06-02,78.98999786376953,79.0999984741211,78.20500183105469,78.5999984741211,74.52535247802734,2782000
2021-06-03,78.05000305175781,78.28800201416016,77.58999633789062,78.06999969482422,74.02281951904297,2812300
2021-06-04,78.38999938964844,79.30000305175781,78.2699966430664,79.19000244140625,75.08477783203125,2333200
2021-06-07,79.05999755859375,79.63999938964844,78.9800033569336,79.5999984741211,75.47349548339844,3321100
2021-06-08,79.81999969482422,79.81999969482422,78.9800033569336,79.37000274658203,75.25543975830078,3325100
2021-06-09,79.7300033569336,79.86000061035156,79.25,79.29000091552734,75.17958068847656,5168000
2021-06-10,79.37000274658203,79.84500122070312,79.08000183105469,79.72000122070312,75.58728790283203,2470300
2021-06-11,79.83999633789062,79.8550033569336,79.44000244140625,79.80999755859375,75.67261505126953,3729100
2021-06-14,79.87000274658203,80.36000061035156,79.63999938964844,80.33999633789062,76.1751480102539,2733200
2021-06-15,80.41000366210938,80.55000305175781,79.74299621582031,79.87999725341797,75.7389907836914,3085700
2021-06-16,80.04000091552734,80.04000091552734,78.51000213623047,79.18000030517578,75.07528686523438,4691900
2021-06-17,79.06999969482422,79.97000122070312,79.04000091552734,79.51000213623047,75.38817596435547,4556300
2021-06-18,79.15899658203125,79.23999786376953,78.45999908447266,78.58000183105469,74.50638580322266,6194800
2021-06-21,78.62000274658203,79.26000213623047,78.27999877929688,79.19999694824219,75.2292251586914,3274400
2021-06-22,79.27999877929688,79.98999786376953,79.05000305175781,79.87999725341797,75.87513732910156,4690300
2021-06-23,79.80999755859375,80.22000122070312,79.73500061035156,79.80000305175781,75.79914855957031,4669000
2021-06-24,80.18000030517578,80.58999633789062,80.12999725341797,80.55000305175781,76.51155090332031,3430900
2021-06-25,80.52999877929688,80.73999786376953,80.375,80.6500015258789,76.60652923583984,5843400
2021-06-28,80.83999633789062,81.66000366210938,80.58899688720703,81.55999755859375,77.47090911865234,3553900
2021-06-29,81.56999969482422,81.6500015258789,80.8949966430664,81.12000274658203,77.05297088623047,4272900
2021-06-30,81.05000305175781,81.19000244140625,80.68000030517578,80.97000122070312,76.9104995727539,2533700
2021-07-01,80.87000274658203,81.68000030517578,80.8499984741211,81.56999969482422,77.48041534423828,5227500
2021-07-02,81.87000274658203,82.25499725341797,81.73500061035156,82.13999938964844,78.02184295654297,4347500
2021-07-06,82.27999877929688,82.38600158691406,81.19000244140625,81.94000244140625,77.83185577392578,3829500
2021-07-07,82.31999969482422,82.31999969482422,81.62999725341797,81.81999969482422,77.71788024902344,3651700
2021-07-08,80.7699966430664,81.29000091552734,80.5199966430664,80.91999816894531,76.86298370361328,5237000
2021-07-09,80.94999694824219,81.76100158691406,80.94000244140625,81.63999938964844,77.5468978881836,2914300
2021-07-12,81.80999755859375,82.26000213623047,81.5,82.22000122070312,78.09782409667969,3568600
2021-07-13,82.13999938964844,82.6449966430664,81.93000030517578,82.01000213623047,77.89836883544922,3979100
2021-07-14,82.4800033569336,82.54000091552734,81.86000061035156,81.94999694824219,77.84136199951172,3459600
2021-07-15,82.05000305175781,82.05000305175781,81.02999877929688,81.37000274658203,77.29043579101562,4500500
2021-07-16,81.48999786376953,81.72000122070312,80.76000213623047,80.86000061035156,76.8060073852539,3509300
2021-07-19,80.20999908447266,80.22000122070312,79.26000213623047,79.62999725341797,75.6376724243164,6896900
2021-07-20,79.9000015258789,80.82499694824219,79.4749984741211,80.52999877929688,76.49254608154297,4111800
2021-07-21,80.5999984741211,81.20500183105469,80.55999755859375,81.19999694824219,77.12895202636719,2612700
2021-07-22,81.19000244140625,81.5,80.81999969482422,81.4800033569336,77.39491271972656,2254800
2021-07-23,82.43000030517578,83.72899627685547,82.06999969482422,83.5,79.31365203857422,3872500
2021-07-26,83.4000015258789,83.95500183105469,83.2699966430664,83.93000030517578,79.72209930419922,3189800
2021-07-27,83.83000183105469,83.91000366210938,82.31999969482422,82.93000030517578,78.77222442626953,4857500
2021-07-28,83.80999755859375,84.18000030517578,83.19999694824219,83.58000183105469,79.38964080810547,7295300
2021-07-29,83.04000091552734,83.31999969482422,82.63999938964844,82.68000030517578,78.53475189208984,5291200
2021-07-30,82.16999816894531,82.93499755859375,82.02999877929688,82.4000015258789,78.268798828125,2999500
2021-08-02,82.75,82.83000183105469,82.05999755859375,82.20999908447266,78.08834075927734,3988200
2021-08-03,82.23999786376953,82.25,80.91000366210938,81.83999633789062,77.73687744140625,4860500
2021-08-04,81.95999908447266,82.2699966430664,81.58999633789062,82.06999969482422,77.95533752441406,3864600
2021-08-05,82.30999755859375,82.83499908447266,82.11000061035156,82.81999969482422,78.6677474975586,2261300
2021-08-06,82.6500015258789,83.05000305175781,82.61000061035156,82.81999969482422,78.6677474975586,2764400
2021-08-09,82.80999755859375,82.81999969482422,82.38999938964844,82.66999816894531,78.5252685546875,2367800
2021-08-10,82.75,82.91999816894531,82.47000122070312,82.83000183105469,78.67724609375,6254400
2021-08-11,82.98999786376953,83.08499908447266,82.68000030517578,82.98999786376953,78.8292236328125,2457600
2021-08-12,82.9000015258789,83.18000030517578,82.47000122070312,83.13999938964844,78.9717025756836,2269000
2021-08-13,83.3499984741211,83.44999694824219,83.125,83.19000244140625,79.01920318603516,2144600
2021-08-16,82.9000015258789,83.3499984741211,82.25,83.33000183105469,79.15216064453125,3483200
2021-08-17,82.79000091552734,83.12999725341797,82.0999984741211,82.63999938964844,78.49677276611328,5941400
2021-08-18,82.44999694824219,82.91999816894531,81.95500183105469,82.01000213623047,77.89836883544922,3041200
2021-08-19,81.5,82.38999938964844,81.41999816894531,82.0199966430664,77.90785217285156,4409800
2021-08-20,82.0,82.85800170898438,81.83000183105469,82.7300033569336,78.58226776123047,4143100
2021-08-23,82.83999633789062,84.08000183105469,82.83999633789062,83.7300033569336,79.53211975097656,3062200
2021-08-24,83.91000366210938,84.3270034790039,83.7300033569336,84.0,79.78858947753906,3132700
2021-08-25,84.02999877929688,84.31999969482422,83.8499984741211,84.12999725341797,79.91207885742188,3835100
2021-08-26,84.06999969482422,84.19999694824219,83.4000015258789,83.4000015258789,79.21868133544922,3279800
2021-08-27,83.58999633789062,84.86000061035156,83.43000030517578,84.72000122070312,80.47248077392578,3437200
2021-08-30,84.69999694824219,85.4800033569336,84.41500091552734,85.30000305175781,81.02342987060547,2734700
2021-08-31,85.2699966430664,85.80999755859375,85.16999816894531,85.62000274658203,81.32735443115234,6091000
2021-09-01,85.76000213623047,86.3550033569336,85.75,86.05000305175781,81.73579406738281,3723200
2021-09-02,86.12000274658203,86.23999786376953,85.31999969482422,85.47000122070312,81.18489074707031,3229300
2021-09-03,85.33999633789062,85.61499786376953,85.1050033569336,85.47000122070312,81.18489074707031,2799000
2021-09-07,85.47000122070312,85.83000183105469,85.2699966430664,85.66999816894531,81.3748550415039,4117500
2021-09-08,85.5199966430664,85.76000213623047,84.94999694824219,85.2300033569336,80.9569091796875,3808500
2021-09-09,85.08000183105469,85.36000061035156,84.67500305175781,84.80999755859375,80.55796813964844,4114400
2021-09-10,85.12999725341797,85.26000213623047,84.21499633789062,84.26000213623047,80.03553771972656,5103400
2021-09-13,84.81999969482422,84.88999938964844,84.05000305175781,84.47000122070312,80.23500061035156,5291600
2021-09-14,84.69000244140625,84.79000091552734,83.5999984741211,83.73999786376953,79.54161834716797,5467600
2021-09-15,83.72000122070312,84.2979965209961,83.01499938964844,84.1500015258789,79.93106079101562,4996700
2021-09-16,84.04000091552734,84.33000183105469,83.46499633789062,84.06999969482422,79.85508728027344,3856600
2021-09-17,83.83999633789062,84.02999877929688,82.78399658203125,83.13999938964844,78.9717025756836,9970600
2021-09-20,81.91999816894531,82.04000091552734,80.30999755859375,81.33000183105469,77.38462829589844,8942900
2021-09-21,81.87999725341797,82.12999725341797,80.93000030517578,80.98999786376953,77.06111145019531,6469700
2021-09-22,80.73999786376953,81.37999725341797,80.58999633789062,80.94999694824219,77.02305603027344,6815400
2021-09-23,81.30999755859375,82.18000030517578,81.16999816894531,81.77999877929688,77.81277465820312,3989400
2021-09-24,81.41000366210938,82.6050033569336,81.30000305175781,82.44999694824219,78.45026397705078,4402100
2021-09-27,82.01000213623047,82.68000030517578,81.76000213623047,82.44000244140625,78.44076538085938,3459700
2021-09-28,81.61000061035156,81.80999755859375,80.30999755859375,80.43000030517578,76.52828979492188,8982600
2021-09-29,80.81999969482422,81.29000091552734,80.25,80.36000061035156,76.461669921875,5467100
2021-09-30,80.61000061035156,80.94999694824219,80.0999984741211,80.11000061035156,76.22379302978516,10771000
2021-10-01,80.52999877929688,81.82499694824219,80.16999816894531,81.45999908447266,77.50830841064453,7308600
2021-10-04,80.9000015258789,80.94999694824219,79.08100128173828,79.69999694824219,75.83367156982422,9449000
2021-10-05,79.9800033569336,81.31999969482422,79.91000366210938,80.88999938964844,76.96595001220703,3316100
2021-10-06,80.08000183105469,81.08999633789062,79.7300033569336,81.02999877929688,77.09915161132812,6599900
2021-10-07,81.72000122070312,82.1449966430664,81.31999969482422,81.37999725341797,77.43217468261719,4263900
2021-10-08,81.52999877929688,81.63999938964844,80.87999725341797,80.9800033569336,77.05159759521484,2732400
2021-10-11,80.63999938964844,80.94999694824219,79.7300033569336,79.76000213623047,75.89077758789062,3590000
2021-10-12,79.7699966430664,79.83899688720703,78.73999786376953,79.0199966430664,75.18667602539062,7990700
2021-10-13,79.5199966430664,79.6500015258789,78.9000015258789,79.38999938964844,75.5387191772461,4690400
2021-10-14,80.12999725341797,80.63999938964844,79.95999908447266,80.51000213623047,76.6043930053711,3614600
2021-10-15,80.77999877929688,80.80000305175781,80.19999694824219,80.31999969482422,76.42362213134766,3100400
2021-10-18,80.22000122070312,80.95999908447266,80.05999755859375,80.94000244140625,77.01353454589844,2975400
2021-10-19,81.36000061035156,81.7300033569336,81.16000366210938,81.72000122070312,77.75569915771484,2460300
2021-10-20,81.91000366210938,82.11000061035156,81.5999984741211,81.87999725341797,77.90792846679688,2934600
2021-10-21,81.8499984741211,82.16000366210938,81.55999755859375,82.12000274658203,78.13628387451172,2681200
2021-10-22,80.87999725341797,81.19999694824219,79.9800033569336,80.37999725341797,76.48070526123047,3131000
2021-10-25,80.13999938964844,80.7300033569336,79.69000244140625,80.7300033569336,76.813720703125,3225100
2021-10-26,81.06999969482422,81.16999816894531,79.62999725341797,80.01000213623047,76.12866973876953,6559500
2021-10-27,79.88999938964844,80.61000061035156,79.68499755859375,79.79000091552734,75.91932678222656,5846000
2021-10-28,79.8499984741211,80.5199966430664,79.3499984741211,80.05000305175781,76.16671752929688,3589100
2021-10-29,79.87000274658203,80.44000244140625,79.76000213623047,80.30000305175781,76.40458679199219,2845100
2021-11-01,80.58000183105469,81.05999755859375,80.20500183105469,80.43000030517578,76.52828979492188,4124600
2021-11-02,80.63999938964844,80.7750015258789,79.9749984741211,80.44000244140625,76.53778839111328,3982100
2021-11-03,80.0,80.76000213623047,79.76000213623047,80.7300033569336,76.813720703125,2834100
2021-11-04,80.9800033569336,81.41999816894531,80.68000030517578,81.05000305175781,77.11820983886719,6281800
2021-11-05,81.76000213623047,82.3499984741211,81.61000061035156,81.69999694824219,77.73667907714844,3237500
2021-11-08,82.11000061035156,82.11000061035156,81.26000213623047,81.33999633789062,77.39413452148438,3171700
2021-11-09,81.5199966430664,81.66999816894531,80.75,81.13999938964844,77.20381927490234,3920900
2021-11-10,80.7300033569336,81.0199966430664,79.91000366210938,80.22000122070312,76.3284683227539,4074900
2021-11-11,80.2300033569336,80.5199966430664,80.01499938964844,80.05999755859375,76.17620086669922,2046900
2021-11-12,80.45999908447266,81.30000305175781,80.16000366210938,81.2300033569336,77.28946685791016,3240200
2021-11-15,81.45999908447266,81.91000366210938,81.25,81.45999908447266,77.50830841064453,2319200
2021-11-16,81.29000091552734,81.44000244140625,80.80000305175781,80.8499984741211,76.92790222167969,2383200
2021-11-17,80.83999633789062,81.0199966430664,80.44300079345703,80.54000091552734,76.6329345703125,7330300
2021-11-18,80.3499984741211,80.37000274658203,79.62999725341797,79.95999908447266,76.08106231689453,3335900
2021-11-19,80.29000091552734,80.4800033569336,79.56999969482422,79.69000244140625,75.82418060302734,6857100
2021-11-22,79.80000305175781,80.0,78.70999908447266,78.72000122070312,74.90123748779297,4517100
2021-11-23,78.56999969482422,78.93000030517578,77.94999694824219,78.51000213623047,74.70140075683594,5080500
2021-11-24,78.30000305175781,78.7249984741211,77.9000015258789,78.62000274658203,74.80607604980469,4243100
2021-11-26,77.86000061035156,77.86499786376953,77.11000061035156,77.18000030517578,73.4359130859375,4963000
2021-11-29,78.05000305175781,78.19999694824219,77.375,77.83999633789062,74.06389617919922,6518700
2021-11-30,77.52999877929688,77.52999877929688,75.28500366210938,75.37000274658203,71.7137451171875,10423700
2021-12-01,76.44999694824219,76.66000366210938,73.58999633789062,73.62999725341797,70.05815124511719,9392300
2021-12-02,73.91000366210938,75.17500305175781,73.76000213623047,74.87000274658203,71.23799896240234,7579100
2021-12-03,75.2300033569336,75.36000061035156,73.7300033569336,74.69999694824219,71.07623291015625,8986900
2021-12-06,75.12000274658203,76.11499786376953,74.83000183105469,75.93000030517578,72.24656677246094,7739200
2021-12-07,76.7300033569336,77.08000183105469,76.4800033569336,76.70999908447266,72.98873901367188,4549200
2021-12-08,76.91999816894531,77.46499633789062,76.6449966430664,77.2699966430664,73.52156066894531,9484400
2021-12-09,77.05000305175781,77.49500274658203,76.4800033569336,76.66000366210938,72.941162109375,4065500
2021-12-10,77.12999725341797,77.27999877929688,76.12000274658203,76.69999694824219,72.9792251586914,4255400
2021-12-13,76.61000061035156,76.94999694824219,76.06500244140625,76.30000305175781,72.5986328125,4980800
2021-12-14,75.43000030517578,76.23999786376953,75.33000183105469,76.0999984741211,72.40833282470703,7010600
2021-12-15,75.91999816894531,76.98500061035156,74.91300201416016,76.9000015258789,73.16951751708984,6693200
2021-12-16,77.08000183105469,77.69000244140625,76.55000305175781,76.79000091552734,73.06484985351562,7365300
2021-12-17,76.29000091552734,77.07499694824219,75.81999969482422,76.4800033569336,72.7698974609375,9932400
2021-12-20,75.55999755859375,75.83999633789062,75.08000183105469,75.79000091552734,72.26171875,4487000
2021-12-21,76.1500015258789,77.32499694824219,75.9800033569336,77.2300033569336,73.63467407226562,5198200
2021-12-22,77.05999755859375,77.62999725341797,76.9000015258789,77.41999816894531,73.81582641601562,3267000
2021-12-23,77.5199966430664,78.37000274658203,77.4800033569336,78.11000061035156,74.47371673583984,2383200
2021-12-27,78.3499984741211,79.04499816894531,78.33999633789062,78.87000274658203,75.19831085205078,2667600
2021-12-28,78.95999908447266,79.54499816894531,78.71499633789062,78.83000183105469,75.16019439697266,3214700
2021-12-29,78.87000274658203,79.06999969482422,78.19300079345703,78.44000244140625,74.78833770751953,3775600
2021-12-30,78.62999725341797,79.19000244140625,78.61000061035156,78.7699966430664,75.10297393798828,4483500
2021-12-31,78.56999969482422,78.87000274658203,77.65499877929688,77.68000030517578,74.06369018554688,5689100
2022-01-03,77.86000061035156,78.51000213623047,77.80000305175781,78.22000122070312,74.57857513427734,11984800
2022-01-04,78.52999877929688,78.7300033569336,77.62000274658203,78.05000305175781,74.41648864746094,11729100
2022-01-05,78.05999755859375,78.44000244140625,76.06999969482422,76.08999633789062,72.5477523803711,19325400
2022-01-06,76.12999725341797,77.37999725341797,75.88999938964844,76.43000030517578,72.87191009521484,14641300
2022-01-07,76.43000030517578,76.95999908447266,76.1500015258789,76.44000244140625,72.8814468383789,7882800
2022-01-10,75.70999908447266,75.9800033569336,74.2300033569336,75.95999908447266,72.4238052368164,9446100
2022-01-11,75.88999938964844,76.91999816894531,75.48999786376953,76.91000366210938,73.32955169677734,6813400
2022-01-12,77.19000244140625,77.44000244140625,76.62999725341797,77.01000213623047,73.42491912841797,5666800
2022-01-13,77.19999694824219,77.37000274658203,76.07499694824219,76.20999908447266,72.66215515136719,6354100
2022-01-14,75.54000091552734,76.62000274658203,75.53500366210938,76.55999755859375,72.99586486816406,6608600
2022-01-18,76.5,76.62000274658203,75.4749984741211,75.62999725341797,72.10914611816406,5903000
2022-01-19,75.8499984741211,76.66899871826172,75.45099639892578,75.5,71.98519897460938,6647000
2022-01-20,75.94000244140625,76.83000183105469,74.66500091552734,74.75,71.27012634277344,7335300
2022-01-21,73.77999877929688,74.19499969482422,72.19000244140625,72.22000122070312,68.85791015625,14330900
2022-01-24,71.0999984741211,72.83999633789062,69.4800033569336,72.75,69.36322021484375,18812500
2022-01-25,71.54000091552734,72.22000122070312,70.62000274658203,71.26000213623047,67.9426040649414,9180300
2022-01-26,72.3499984741211,72.3499984741211,69.51000213623047,70.22000122070312,66.95100402832031,12982900
2022-01-27,70.72000122070312,71.75,70.18000030517578,70.30000305175781,67.02729797363281,9541500
2022-01-28,70.47000122070312,72.33000183105469,70.19999694824219,72.30999755859375,68.94371795654297,6249500
2022-01-31,72.30000305175781,74.0,71.81999969482422,73.94999694824219,70.50736236572266,6105900
2022-02-01,74.0,74.69000244140625,73.37999725341797,74.58999633789062,71.1175765991211,6284100
2022-02-02,76.56999969482422,76.56999969482422,75.26000213623047,76.08000183105469,72.5382080078125,5357300
2022-02-03,71.69999694824219,72.48999786376953,70.8499984741211,70.98999786376953,67.68516540527344,9281100
2022-02-04,70.72000122070312,71.75499725341797,69.9800033569336,71.16999816894531,67.85678100585938,6675800
2022-02-07,71.3499984741211,71.4000015258789,69.75499725341797,69.93000030517578,66.67452239990234,4843500
2022-02-08,69.66000366210938,70.1449966430664,69.36000061035156,69.9000015258789,66.64591979980469,6073900
2022-02-09,70.70999908447266,71.88999938964844,70.63999938964844,71.87000274658203,68.52418518066406,6325600
2022-02-10,70.87999725341797,72.1050033569336,70.5199966430664,70.83999633789062,67.54216003417969,6571600
2022-02-11,70.80000305175781,71.19000244140625,69.05999755859375,69.30999755859375,66.08338928222656,7358900
2022-02-14,69.2300033569336,69.76000213623047,68.77999877929688,69.31999969482422,66.09291076660156,5342600
2022-02-15,70.05999755859375,70.33000183105469,69.69999694824219,70.29000091552734,67.01776123046875,4291900
2022-02-16,69.36000061035156,69.94999694824219,68.94999694824219,69.80000305175781,66.5505599975586,4556400
2022-02-17,69.22000122070312,69.36000061035156,67.8949966430664,67.94000244140625,64.77717590332031,7516700
2022-02-18,68.13999938964844,68.58499908447266,67.20999908447266,67.41000366210938,64.27181243896484,7513300
2022-02-22,67.05999755859375,67.79499816894531,66.25,66.72000122070312,63.613929748535156,8859500
2022-02-23,67.16000366210938,67.31999969482422,65.55000305175781,65.5999984741211,62.546085357666016,6548700
2022-02-24,64.06999969482422,67.58000183105469,64.02999877929688,67.44000244140625,64.30043029785156,10993400
2022-02-25,67.58000183105469,68.625,67.12999725341797,68.52999877929688,65.33969116210938,7187100
2022-02-28,67.69999694824219,68.87000274658203,67.62000274658203,68.44999694824219,65.26341247558594,8388800
2022-03-01,68.13999938964844,68.58000183105469,67.20999908447266,67.58999633789062,64.44345092773438,6151100
2022-03-02,67.77999877929688,68.44000244140625,67.36000061035156,68.16999816894531,64.9964370727539,7782500
2022-03-03,68.66000366210938,68.77999877929688,67.18000030517578,67.45999908447266,64.31949615478516,6528200
2022-03-04,67.08999633789062,67.37999725341797,66.19000244140625,66.48999786376953,63.394649505615234,6324800
2022-03-07,66.38999938964844,66.38999938964844,64.23999786376953,64.27999877929688,61.28753662109375,7726800
2022-03-08,64.19000244140625,65.80999755859375,63.685001373291016,64.12000274658203,61.13499450683594,10154000
2022-03-09,65.62999725341797,66.25499725341797,65.37999725341797,66.04000091552734,62.965614318847656,6776000
2022-03-10,65.1500015258789,65.75,64.84500122070312,65.55000305175781,62.49840545654297,5783600
2022-03-11,65.97000122070312,66.05000305175781,64.29000091552734,64.37000274658203,61.37335968017578,4982600
2022-03-14,64.36000061035156,65.05000305175781,63.4900016784668,63.619998931884766,60.658260345458984,6998900
2022-03-15,64.0999984741211,64.94999694824219,63.75,64.83999633789062,61.82146072387695,6259300
2022-03-16,65.4000015258789,66.6500015258789,64.86000061035156,66.62999725341797,63.52811813354492,6621600
2022-03-17,66.41000366210938,67.3499984741211,66.16999816894531,67.3499984741211,64.21461486816406,5120700
2022-03-18,67.0999984741211,68.30999755859375,66.88999938964844,68.2300033569336,65.05365753173828,8622200
2022-03-21,67.77999877929688,67.91999816894531,66.73999786376953,67.41999816894531,64.44475555419922,6153900
2022-03-22,67.5199966430664,69.05000305175781,67.4800033569336,68.68000030517578,65.649169921875,4462400
2022-03-23,68.18000030517578,68.61499786376953,67.73500061035156,67.73999786376953,64.7506332397461,5143200
2022-03-24,68.16999816894531,68.87000274658203,67.93000030517578,68.8499984741211,65.8116455078125,4300700
2022-03-25,69.02999877929688,69.38999938964844,68.41000366210938,69.18000030517578,66.1270980834961,3854400
2022-03-28,69.0999984741211,69.41000366210938,68.4000015258789,69.4000015258789,66.3373794555664,2914400
2022-03-29,69.9800033569336,70.80999755859375,69.81999969482422,70.61000061035156,67.49398040771484,6935100
2022-03-30,70.33000183105469,70.61000061035156,69.8499984741211,70.11000061035156,67.01605987548828,4664600
2022-03-31,70.0999984741211,70.0999984741211,68.76300048828125,68.77999877929688,65.74474334716797,4784900
2022-04-01,69.11000061035156,69.33000183105469,68.7300033569336,69.29000091552734,66.23223114013672,4019000
2022-04-04,69.72000122070312,71.2750015258789,69.72000122070312,71.19999694824219,68.05795288085938,5201400
2022-04-05,71.2300033569336,71.56999969482422,70.12000274658203,70.29000091552734,67.18810272216797,3991300
2022-04-06,69.5199966430664,69.69999694824219,68.52999877929688,68.9800033569336,65.93594360351562,5010900
2022-04-07,68.87000274658203,69.02999877929688,67.41000366210938,68.37999725341797,65.36238861083984,4387200
2022-04-08,68.23999786376953,68.66999816894531,67.70999908447266,68.08000183105469,65.07564544677734,3827900
2022-04-11,67.62999725341797,68.26300048828125,67.11000061035156,67.19999694824219,64.23446655273438,5360900
2022-04-12,67.93000030517578,68.19000244140625,66.31500244140625,66.6500015258789,63.708744049072266,8250300
2022-04-13,66.55000305175781,67.9000015258789,66.44999694824219,67.62999725341797,64.6454849243164,6185900
2022-04-14,67.83999633789062,67.83999633789062,66.44000244140625,66.4800033569336,63.5462532043457,4718700
2022-04-18,66.44000244140625,66.75700378417969,65.68000030517578,66.26000213623047,63.3359489440918,6386400
2022-04-19,66.08000183105469,67.76000213623047,65.94000244140625,67.58000183105469,64.59770202636719,4526200
2022-04-20,66.36000061035156,66.37999725341797,64.33999633789062,64.6500015258789,61.79701232910156,9530500
2022-04-21,64.83999633789062,65.25,62.630001068115234,62.810001373291016,60.03820037841797,8232100
2022-04-22,62.81999969482422,62.970001220703125,61.209999084472656,61.31999969482422,58.61396026611328,9702000
2022-04-25,61.20000076293945,62.189998626708984,60.81999969482422,62.15999984741211,59.41688919067383,13360400
2022-04-26,61.7400016784668,61.7400016784668,60.09000015258789,60.119998931884766,57.466915130615234,9913000
2022-04-27,59.2599983215332,59.91999816894531,58.43000030517578,58.779998779296875,56.186038970947266,17372400
2022-04-28,60.81999969482422,61.51100158691406,59.33000183105469,61.130001068115234,58.43234634399414,11269800
2022-04-29,60.7400016784668,61.47999954223633,58.970001220703125,59.060001373291016,56.45368576049805,9692600
2022-05-02,59.18000030517578,60.7400016784668,59.060001373291016,60.689998626708984,58.01175308227539,11094700
2022-05-03,60.529998779296875,61.400001525878906,60.08000183105469,60.849998474121094,58.16469955444336,8362100
2022-05-04,60.58000183105469,63.09000015258789,60.005001068115234,62.939998626708984,60.1624641418457,9761100
2022-05-05,62.189998626708984,62.43000030517578,60.0,60.619998931884766,57.94484329223633,9109600
2022-05-06,60.150001525878906,60.31999969482422,58.91999816894531,59.369998931884766,56.750003814697266,9318600
2022-05-09,58.54999923706055,59.06999969482422,57.599998474121094,57.83000183105469,55.27796936035156,11949000
2022-05-10,58.75,59.15999984741211,57.560001373291016,58.09000015258789,55.5264892578125,9633000
2022-05-11,57.869998931884766,59.04999923706055,56.95000076293945,57.040000915527344,54.522830963134766,15059700
2022-05-12,56.56999969482422,58.380001068115234,56.279998779296875,57.65999984741211,55.11547088623047,16809300
2022-05-13,57.84000015258789,59.31999969482422,57.77000045776367,59.0099983215332,56.4058952331543,5895400
2022-05-16,58.66999816894531,59.31999969482422,58.4900016784668,58.630001068115234,56.042659759521484,6900800
2022-05-17,59.52000045776367,59.95000076293945,59.08000183105469,59.90999984741211,57.26618576049805,10530000
2022-05-18,59.22999954223633,59.5099983215332,57.779998779296875,57.95000076293945,55.39267349243164,9766400
2022-05-19,57.720001220703125,58.54999923706055,57.650001525878906,57.869998931884766,55.316200256347656,8299200
2022-05-20,58.58000183105469,58.80500030517578,56.63999938964844,58.02000045776367,55.4595832824707,8785200
2022-05-23,58.47999954223633,58.97999954223633,57.689998626708984,58.88999938964844,56.29117965698242,9217000
2022-05-24,56.90999984741211,57.029998779296875,55.68000030517578,56.79999923706055,54.29341125488281,8468800
2022-05-25,56.61000061035156,57.81999969482422,56.54999923706055,57.560001373291016,55.0198860168457,5346200
2022-05-26,57.70000076293945,59.13999938964844,57.68000030517578,58.959999084472656,56.35810470581055,4975200
2022-05-27,59.2400016784668,60.2400016784668,59.099998474121094,60.220001220703125,57.562496185302734,5187100
2022-05-31,60.099998474121094,60.790000915527344,59.58000183105469,60.18000030517578,57.52427291870117,7167800
2022-06-01,60.650001525878906,60.9900016784668,59.2599983215332,59.4900016784668,56.864715576171875,6233000
2022-06-02,59.41999816894531,61.005001068115234,59.27000045776367,60.939998626708984,58.25072479248047,7218600
2022-06-03,60.31999969482422,60.4900016784668,59.45000076293945,59.619998931884766,56.98896789550781,4498500
2022-06-06,60.279998779296875,60.53499984741211,59.505001068115234,59.91999816894531,57.275726318359375,4689100
2022-06-07,59.349998474121094,60.40999984741211,59.209999084472656,60.349998474121094,57.68675994873047,3251500
2022-06-08,60.130001068115234,61.0359992980957,60.07500076293945,60.189998626708984,57.5338249206543,3947500
2022-06-09,59.869998931884766,60.27000045776367,58.290000915527344,58.34000015258789,55.76546859741211,4422200
2022-06-10,57.46500015258789,57.630001068115234,56.60499954223633,56.709999084472656,54.207393646240234,6654000
2022-06-13,55.31999969482422,55.59000015258789,53.880001068115234,54.029998779296875,51.64566421508789,7046500
2022-06-14,54.369998931884766,54.564998626708984,53.43000030517578,53.880001068115234,51.50228500366211,4388400
2022-06-15,54.470001220703125,55.810001373291016,54.11000061035156,55.09000015258789,52.65888595581055,7353100
2022-06-16,53.88999938964844,54.16999816894531,52.73500061035156,53.08000183105469,50.737586975097656,6917900
2022-06-17,53.279998779296875,54.27000045776367,52.869998931884766,53.84000015258789,51.46404266357422,11930100
2022-06-21,54.470001220703125,54.880001068115234,53.96500015258789,54.09000015258789,51.82815933227539,4110000
2022-06-22,53.83000183105469,54.97999954223633,53.724998474121094,54.18000030517578,51.91439437866211,6472000
2022-06-23,54.459999084472656,54.9900016784668,53.959999084472656,54.849998474121094,52.55637741088867,6001300
2022-06-24,55.279998779296875,56.939998626708984,55.27000045776367,56.939998626708984,54.558982849121094,8894500
2022-06-27,57.060001373291016,57.11000061035156,56.13999938964844,56.400001525878906,54.04156494140625,3790200
2022-06-28,56.58000183105469,57.0,54.73500061035156,54.7599983215332,52.47013854980469,4805000
2022-06-29,54.90999984741211,55.16999816894531,54.34000015258789,54.93000030517578,52.633026123046875,3939100
2022-06-30,54.36000061035156,55.084999084472656,53.4900016784668,54.27000045776367,52.000633239746094,4901600
2022-07-01,54.08000183105469,54.88999938964844,53.70500183105469,54.81999969482422,52.52762985229492,4400400
2022-07-05,54.130001068115234,56.119998931884766,53.61000061035156,56.09000015258789,53.7445182800293,4237400
2022-07-06,56.09000015258789,56.54499816894531,55.492000579833984,56.099998474121094,53.75409698486328,4234900
2022-07-07,56.27000045776367,57.209999084472656,56.119998931884766,56.97999954223633,54.59730911254883,3297100
2022-07-08,56.45000076293945,57.130001068115234,56.16999816894531,56.709999084472656,54.33859634399414,2566900
2022-07-11,56.02000045776367,56.08000183105469,54.88999938964844,54.9900016784668,52.690528869628906,3350600
2022-07-12,55.189998626708984,55.68000030517578,54.75,54.959999084472656,52.661773681640625,4103500
2022-07-13,54.119998931884766,55.11000061035156,54.04800033569336,54.709999084472656,52.4222297668457,4924000
2022-07-14,54.029998779296875,54.27000045776367,53.40999984741211,54.02000045776367,51.76108169555664,4174000
2022-07-15,54.58000183105469,55.43000030517578,54.36000061035156,55.40999984741211,53.092960357666016,4048200
2022-07-18,55.79999923706055,56.2400016784668,54.97999954223633,55.130001068115234,52.82466506958008,3790900
2022-07-19,55.880001068115234,57.154998779296875,55.7599983215332,57.09000015258789,54.70271301269531,3235800
2022-07-20,57.36000061035156,58.334999084472656,57.000999450683594,58.029998779296875,55.6033935546875,5639600
2022-07-21,57.529998779296875,58.0,56.77000045776367,58.0,55.57465362548828,6391000
2022-07-22,56.72999954223633,57.369998931884766,55.619998931884766,55.9900016784668,53.64870071411133,3765800
2022-07-25,56.04999923706055,56.40999984741211,55.40999984741211,55.79999923706055,53.46665573120117,2894300
2022-07-26,55.470001220703125,55.470001220703125,54.52000045776367,54.68000030517578,52.39348602294922,4278000
2022-07-27,55.599998474121094,57.29999923706055,55.47999954223633,56.9900016784668,54.60688781738281,4802200
2022-07-28,55.939998626708984,56.349998474121094,55.2400016784668,56.34000015258789,53.984073638916016,4808900
2022-07-29,55.86000061035156,56.4900016784668,55.52000045776367,56.369998931884766,54.012813568115234,5981000
2022-08-01,55.95000076293945,56.869998931884766,55.58000183105469,56.290000915527344,53.93616485595703,3758200
2022-08-02,55.939998626708984,56.875,55.880001068115234,56.20000076293945,53.84992980957031,4688400
2022-08-03,56.41999816894531,57.72999954223633,56.31999969482422,57.54999923706055,55.14347457885742,4331600
2022-08-04,57.400001525878906,58.09000015258789,57.27000045776367,57.79999923706055,55.38301467895508,3261800
2022-08-05,56.689998626708984,57.439998626708984,56.57500076293945,57.09000015258789,54.70271301269531,3421900
2022-08-08,57.43000030517578,58.560001373291016,57.34000015258789,57.41999816894531,55.01890563964844,3962700
2022-08-09,57.27000045776367,57.27000045776367,56.58000183105469,56.86000061035156,54.482330322265625,2718100
2022-08-10,58.18000030517578,58.75,57.97999954223633,58.459999084472656,56.015419006347656,3338800
2022-08-11,59.15999984741211,59.75,58.40999984741211,58.52000045776367,56.07291030883789,3001700
2022-08-12,59.150001525878906,59.56999969482422,58.84000015258789,59.560001373291016,57.069427490234375,2779000
2022-08-15,59.279998779296875,59.90999984741211,59.18000030517578,59.77000045776367,57.27063751220703,2623700
2022-08-16,59.47999954223633,60.2400016784668,59.20000076293945,59.88999938964844,57.385623931884766,2471200
2022-08-17,59.130001068115234,59.36000061035156,58.61000061035156,58.72999954223633,56.27413558959961,4400800
2022-08-18,58.630001068115234,58.880001068115234,58.09000015258789,58.63999938964844,56.18788528442383,2416900
2022-08-19,58.11000061035156,58.189998626708984,57.42499923706055,57.689998626708984,55.277618408203125,3337800
2022-08-22,56.939998626708984,56.939998626708984,55.915000915527344,56.040000915527344,53.696617126464844,3312500
2022-08-23,55.880001068115234,56.279998779296875,55.470001220703125,55.560001373291016,53.23668670654297,5294800
2022-08-24,55.38999938964844,56.29999923706055,55.29999923706055,55.88999938964844,53.55289077758789,4279000
2022-08-25,56.11000061035156,57.0099983215332,56.04999923706055,56.97999954223633,54.59730911254883,2492100
2022-08-26,56.81999969482422,57.224998474121094,55.13999938964844,55.15999984741211,52.85340881347656,5293800
2022-08-29,54.77000045776367,55.38999938964844,54.680999755859375,54.72999954223633,52.44139862060547,3620800
2022-08-30,54.939998626708984,55.16999816894531,53.88999938964844,54.25,51.98146057128906,3754600
2022-08-31,55.29999923706055,55.540000915527344,54.369998931884766,54.380001068115234,52.10602951049805,5491400
2022-09-01,54.2400016784668,54.93000030517578,53.869998931884766,54.880001068115234,52.58512878417969,6217300
2022-09-02,55.220001220703125,55.2599983215332,53.630001068115234,53.84000015258789,51.58860397338867,5575700
2022-09-06,53.810001373291016,53.880001068115234,52.810001373291016,53.16999816894531,50.946632385253906,9950000
2022-09-07,53.119998931884766,54.34000015258789,53.11000061035156,54.2400016784668,51.971885681152344,7466700
2022-09-08,53.720001220703125,54.369998931884766,53.45000076293945,54.11000061035156,51.84731674194336,11092400
2022-09-09,54.5099983215332,55.685001373291016,54.5099983215332,55.619998931884766,53.29418182373047,9515600
2022-09-12,55.720001220703125,56.23500061035156,55.459999084472656,55.90999984741211,53.572052001953125,4837200
2022-09-13,54.310001373291016,54.43000030517578,52.689998626708984,52.84000015258789,50.63043212890625,7053200
2022-09-14,53.0,53.04999923706055,52.18000030517578,52.93000030517578,50.71666717529297,7515200
2022-09-15,52.709999084472656,53.560001373291016,52.494998931884766,52.70000076293945,50.49628448486328,6948600
2022-09-16,52.290000915527344,52.3489990234375,51.70000076293945,52.13999938964844,49.959693908691406,10953500
2022-09-19,51.720001220703125,52.33000183105469,51.564998626708984,52.33000183105469,50.24776077270508,7144500
2022-09-20,51.779998779296875,52.119998931884766,51.36000061035156,51.52000045776367,49.46999740600586,5358400
2022-09-21,51.650001525878906,52.029998779296875,50.2400016784668,50.2599983215332,48.260128021240234,6596000
2022-09-22,50.060001373291016,50.52000045776367,49.86000061035156,50.08000183105469,48.08729553222656,6186200
2022-09-23,49.63999938964844,49.70000076293945,48.51499938964844,49.11000061035156,47.15589141845703,7014300
2022-09-26,48.88999938964844,49.369998931884766,48.189998626708984,48.310001373291016,46.387718200683594,6194000
2022-09-27,48.810001373291016,49.13999938964844,47.79999923706055,48.04999923706055,46.13806915283203,6616900
2022-09-28,48.189998626708984,49.880001068115234,48.16999816894531,49.689998626708984,47.71280288696289,7825400
2022-09-29,49.15999984741211,49.15999984741211,48.040000915527344,48.47999954223633,46.550960540771484,6384600
2022-09-30,48.47999954223633,49.22999954223633,47.86000061035156,47.88999938964844,45.98442840576172,6277400
2022-10-03,48.439998626708984,49.47999954223633,48.29999923706055,49.22999954223633,47.271114349365234,5783700
2022-10-04,49.869998931884766,50.7599983215332,49.86000061035156,50.7400016784668,48.72102355957031,8840100
2022-10-05,49.95000076293945,50.58000183105469,49.27000045776367,50.349998474121094,48.346553802490234,5179800
2022-10-06,50.15999984741211,50.75,49.900001525878906,50.08000183105469,48.08729553222656,6508700
2022-10-07,49.439998626708984,49.61000061035156,48.5,48.72999954223633,46.79100799560547,4890300
2022-10-10,48.88999938964844,49.130001068115234,48.17499923706055,48.599998474121094,46.66617965698242,4931000
2022-10-11,48.290000915527344,48.55500030517578,47.43000030517578,47.689998626708984,45.79239273071289,7811700
2022-10-12,47.720001220703125,48.005001068115234,47.40999984741211,47.630001068115234,45.734779357910156,5351800
2022-10-13,46.650001525878906,48.974998474121094,46.472999572753906,48.779998779296875,46.83901596069336,10305300
2022-10-14,49.16999816894531,49.369998931884766,47.880001068115234,47.97999954223633,46.07084655761719,8173300
2022-10-17,48.79999923706055,49.619998931884766,48.7599983215332,49.29999923706055,47.33832931518555,6105200
2022-10-18,50.369998931884766,50.4900016784668,49.22999954223633,49.66999816894531,47.693607330322266,5524000
2022-10-19,49.779998779296875,50.42499923706055,49.41999816894531,49.709999084472656,47.73200607299805,11117400
2022-10-20,49.83000183105469,50.80500030517578,49.68000030517578,49.83000183105469,47.84724044799805,6788900
2022-10-21,49.029998779296875,50.20000076293945,48.86000061035156,50.150001525878906,48.15450668334961,7086500
2022-10-24,50.290000915527344,50.77000045776367,49.689998626708984,50.5,48.49058151245117,6334600
2022-10-25,50.7400016784668,51.95000076293945,50.72999954223633,51.84000015258789,49.777259826660156,4684400
2022-10-26,50.58000183105469,51.38999938964844,50.119998931884766,50.20000076293945,48.20252227783203,5786000
2022-10-27,48.400001525878906,49.02000045776367,47.790000915527344,47.81999969482422,45.91721725463867,6867800
2022-10-28,48.04999923706055,49.06999969482422,47.939998626708984,49.029998779296875,47.07906723022461,8235200
2022-10-31,48.66999816894531,48.86000061035156,47.93000030517578,48.209999084472656,46.29170608520508,7609400
2022-11-01,48.84000015258789,49.150001525878906,47.869998931884766,47.900001525878906,45.994041442871094,4956900
2022-11-02,47.84000015258789,48.31999969482422,46.529998779296875,46.54999923706055,44.69774627685547,10548700
2022-11-03,46.04999923706055,46.150001525878906,45.36000061035156,45.40999984741211,43.60310745239258,11167500
2022-11-04,45.93000030517578,46.150001525878906,44.86000061035156,45.720001220703125,43.90077209472656,6621200
2022-11-07,46.22999954223633,46.56999969482422,45.89500045776367,46.540000915527344,44.688148498535156,7202200
2022-11-08,46.43000030517578,47.11000061035156,45.95000076293945,46.59000015258789,44.73616409301758,8273000
2022-11-09,46.40999984741211,46.70000076293945,45.900001525878906,45.959999084472656,44.1312255859375,7028600
2022-11-10,47.810001373291016,48.810001373291016,47.349998474121094,48.7400016784668,46.80061721801758,8306200
2022-11-11,48.720001220703125,50.220001220703125,48.70000076293945,50.02000045776367,48.02967834472656,9255300
2022-11-14,49.65999984741211,50.560001373291016,49.61000061035156,49.81999969482422,47.83763122558594,5432300
2022-11-15,50.79199981689453,51.20000076293945,49.849998474121094,50.560001373291016,48.54818344116211,8965500
2022-11-16,50.27000045776367,50.41999816894531,49.845001220703125,50.060001373291016,48.068077087402344,5374000
2022-11-17,49.099998474121094,49.974998474121094,48.90999984741211,49.68000030517578,47.70321273803711,7109400
2022-11-18,50.09000015258789,50.198001861572266,49.2599983215332,49.529998779296875,47.559181213378906,4049300
2022-11-21,49.65999984741211,49.86000061035156,48.93000030517578,49.119998931884766,47.16549301147461,3202100
2022-11-22,49.209999084472656,49.900001525878906,48.84000015258789,49.849998474121094,47.86643981933594,5479200
2022-11-23,49.77000045776367,50.59000015258789,49.77000045776367,50.47999954223633,48.471370697021484,4605800
2022-11-25,50.18000030517578,50.45000076293945,50.13999938964844,50.20000076293945,48.20252227783203,1895800
2022-11-28,49.90999984741211,50.20500183105469,49.279998779296875,49.400001525878906,47.434349060058594,3680300
2022-11-29,49.43000030517578,49.54999923706055,48.970001220703125,49.41999816894531,47.45355987548828,3823100
2022-11-30,49.310001373291016,51.525001525878906,49.15999984741211,51.5099983215332,49.460384368896484,10313800
2022-12-01,51.61000061035156,52.189998626708984,51.415000915527344,51.810001373291016,49.74845504760742,6604300
2022-12-02,50.959999084472656,52.07500076293945,50.959999084472656,51.939998626708984,49.873287200927734,4402200
2022-12-05,51.529998779296875,52.09000015258789,50.96500015258789,51.119998931884766,49.08591079711914,4033200
2022-12-06,50.95000076293945,51.02000045776367,49.472999572753906,49.650001525878906,47.674400329589844,5811000
2022-12-07,49.5099983215332,49.79999923706055,49.099998474121094,49.400001525878906,47.434349060058594,4700900
2022-12-08,49.630001068115234,49.7599983215332,49.13999938964844,49.29999923706055,47.33832931518555,5180800
2022-12-09,49.290000915527344,49.97999954223633,49.040000915527344,49.439998626708984,47.472747802734375,6325000
2022-12-12,49.439998626708984,49.84000015258789,49.09000015258789,49.83000183105469,47.84724044799805,5129600
2022-12-13,51.650001525878906,52.06999969482422,50.29999923706055,50.66999816894531,48.653804779052734,9909700
2022-12-14,50.0,50.84000015258789,49.470001220703125,50.0099983215332,48.020076751708984,10321600
2022-12-15,49.11000061035156,49.29999923706055,47.84000015258789,48.060001373291016,46.147674560546875,9817300
2022-12-16,48.150001525878906,48.4900016784668,47.77000045776367,48.04999923706055,46.13806915283203,8563500
2022-12-19,47.689998626708984,47.790000915527344,46.68000030517578,46.810001373291016,45.05805969238281,5688200
2022-12-20,46.630001068115234,47.22999954223633,46.474998474121094,47.130001068115234,45.3660774230957,5743800
2022-12-21,47.29999923706055,47.97999954223633,47.130001068115234,47.75,45.96287155151367,5863300
2022-12-22,47.2599983215332,47.369998931884766,46.47999954223633,47.34000015258789,45.56822204589844,4384300
2022-12-23,47.150001525878906,47.81999969482422,47.060001373291016,47.79999923706055,46.01100540161133,3845500
2022-12-27,47.650001525878906,47.75,47.060001373291016,47.369998931884766,45.59709167480469,3905700
2022-12-28,47.20000076293945,47.625,46.66999816894531,46.68000030517578,44.932926177978516,6047800
2022-12-29,47.11000061035156,48.154998779296875,47.02000045776367,47.970001220703125,46.17464065551758,3466900
2022-12-30,47.380001068115234,48.0,47.220001220703125,47.9900016784668,46.19390106201172,4828600
2023-01-03,48.58000183105469,49.04999923706055,48.150001525878906,48.61000061035156,46.79069519042969,8577900
2023-01-04,49.279998779296875,49.83000183105469,48.79999923706055,49.52000045776367,47.6666374206543,5837200
2023-01-05,49.43000030517578,49.915000915527344,49.04999923706055,49.59000015258789,47.734012603759766,5407700
2023-01-06,50.04999923706055,50.53499984741211,49.349998474121094,50.400001525878906,48.513702392578125,4578400
2023-01-09,50.619998931884766,51.099998474121094,50.43000030517578,50.47999954223633,48.590702056884766,6430100
2023-01-10,50.06999969482422,51.244998931884766,50.02199935913086,51.2400016784668,49.32225799560547,8684900
2023-01-11,51.349998474121094,51.619998931884766,51.08000183105469,51.61000061035156,49.678409576416016,4098400
2023-01-12,51.75,52.349998474121094,51.150001525878906,52.18000030517578,50.22707748413086,4193700
2023-01-13,51.849998474121094,52.43000030517578,51.755001068115234,52.349998474121094,50.39070510864258,3712300
2023-01-17,52.220001220703125,52.279998779296875,51.540000915527344,51.86000061035156,49.9190559387207,3529900
2023-01-18,52.0099983215332,52.16999816894531,51.08100128173828,51.22999954223633,49.31262969970703,5930300
2023-01-19,50.970001220703125,51.755001068115234,50.79999923706055,51.4900016784668,49.56290817260742,7387400
2023-01-20,51.90999984741211,53.15599822998047,51.77000045776367,53.099998474121094,51.11264419555664,4874200
2023-01-23,53.150001525878906,54.154998779296875,53.02000045776367,54.029998779296875,52.00783157348633,6279000
2023-01-24,53.58000183105469,54.650001525878906,53.41299819946289,53.880001068115234,51.86345291137695,8867000
2023-01-25,53.5,54.189998626708984,53.310001373291016,54.06999969482422,52.04634094238281,4976800
2023-01-26,54.45000076293945,54.91999816894531,54.11000061035156,54.90999984741211,52.85490036010742,4303600
2023-01-27,54.79999923706055,55.59600067138672,54.79999923706055,55.290000915527344,53.220680236816406,3764100
2023-01-30,54.7400016784668,55.1150016784668,54.38999938964844,54.41999816894531,52.38324737548828,3857100
2023-01-31,54.43000030517578,55.095001220703125,54.43000030517578,55.08000183105469,53.0185432434082,4265500
2023-02-01,54.689998626708984,55.994998931884766,54.29999923706055,55.72999954223633,53.64420700073242,7523200
2023-02-02,58.45000076293945,59.790000915527344,58.125,59.38999938964844,57.167232513427734,9444700
2023-02-03,58.02000045776367,59.43000030517578,58.0099983215332,58.20000076293945,56.02176284790039,7829200
2023-02-06,57.52000045776367,57.97999954223633,57.16999816894531,57.5,55.34796905517578,5708300
2023-02-07,57.38999938964844,58.77000045776367,57.2599983215332,58.56999969482422,56.3779182434082,7167000
2023-02-08,57.630001068115234,57.810001373291016,56.43000030517578,56.72999954223633,54.60677719116211,6530400
2023-02-09,57.439998626708984,57.459999084472656,55.28499984741211,55.4900016784668,53.41320037841797,6056300
2023-02-10,55.34000015258789,55.56999969482422,54.810001373291016,54.959999084472656,52.90302276611328,4483300
2023-02-13,55.22999954223633,55.93000030517578,55.040000915527344,55.7400016784668,53.65384292602539,2956300
2023-02-14,55.459999084472656,55.939998626708984,54.970001220703125,55.7599983215332,53.67308807373047,5887900
2023-02-15,55.36000061035156,56.29999923706055,55.310001373291016,56.27000045776367,54.16400146484375,4233800
2023-02-16,55.279998779296875,56.11000061035156,55.15999984741211,55.40999984741211,53.33619689941406,5267600
2023-02-17,54.9900016784668,55.39500045776367,54.724998474121094,55.349998474121094,53.27843475341797,4245100
2023-02-21,54.790000915527344,55.08000183105469,54.11000061035156,54.130001068115234,52.104095458984375,4176400
2023-02-22,54.06999969482422,54.470001220703125,53.94499969482422,54.2400016784668,52.20997619628906,4410600
2023-02-23,54.290000915527344,54.349998474121094,53.380001068115234,53.9900016784668,51.96933364868164,5151100
2023-02-24,53.15999984741211,53.369998931884766,52.845001220703125,53.2400016784668,51.24740982055664,4842300
2023-02-27,53.630001068115234,53.900001525878906,53.25,53.40999984741211,51.411041259765625,3659200
2023-02-28,53.36000061035156,53.974998474121094,53.36000061035156,53.5,51.49766540527344,5728600
2023-03-01,53.400001525878906,53.619998931884766,53.0099983215332,53.09000015258789,51.103023529052734,7092300
2023-03-02,52.7599983215332,53.70500183105469,52.7400016784668,53.59000015258789,51.58430480957031,4649200
2023-03-03,54.06999969482422,54.82500076293945,53.939998626708984,54.7599983215332,52.71051025390625,5373300
2023-03-06,55.09000015258789,55.51499938964844,54.75,54.7599983215332,52.71051025390625,5626400
2023-03-07,55.0099983215332,55.15999984741211,54.040000915527344,54.20000076293945,52.171478271484375,5464500
2023-03-08,54.15999984741211,54.459999084472656,53.84000015258789,54.22999954223633,52.20035171508789,4289400
2023-03-09,54.29999923706055,54.65999984741211,52.82500076293945,53.0099983215332,51.02600860595703,6195400
2023-03-10,52.88999938964844,53.165000915527344,51.970001220703125,52.2599983215332,50.3040771484375,13124300
2023-03-13,51.849998474121094,52.970001220703125,51.369998931884766,52.2599983215332,50.3040771484375,15248700
2023-03-14,53.16999816894531,53.84000015258789,53.04999923706055,53.7400016784668,51.728694915771484,10217800
2023-03-15,53.279998779296875,54.38999938964844,53.0,54.31999969482422,52.2869873046875,12706500
2023-03-16,54.18000030517578,55.61000061035156,54.029998779296875,55.540000915527344,53.46132278442383,11404200
2023-03-17,55.36000061035156,55.68000030517578,54.810001373291016,55.0099983215332,52.95115280151367,12329700
2023-03-20,54.90999984741211,55.40999984741211,54.709999084472656,55.27000045776367,53.346900939941406,7192200
2023-03-21,55.880001068115234,56.560001373291016,55.650001525878906,56.45000076293945,54.485843658447266,5008700
2023-03-22,56.380001068115234,57.130001068115234,55.43000030517578,55.459999084472656,53.5302848815918,6751500
2023-03-23,56.040000915527344,56.97999954223633,55.904998779296875,56.36000061035156,54.398963928222656,7071100
2023-03-24,56.369998931884766,56.724998474121094,55.97999954223633,56.650001525878906,54.67888259887695,5494600
2023-03-27,56.650001525878906,56.869998931884766,56.11000061035156,56.33000183105469,54.37001419067383,3758300
2023-03-28,56.220001220703125,56.220001220703125,55.58000183105469,55.869998931884766,53.92601776123047,4113000
2023-03-29,56.38999938964844,56.66999816894531,56.150001525878906,56.61000061035156,54.64026641845703,4815700
2023-03-30,56.7400016784668,56.959999084472656,56.599998474121094,56.880001068115234,54.90087890625,6365100
2023-03-31,57.0,58.02000045776367,56.97999954223633,57.970001220703125,55.95294952392578,9690900
2023-04-03,57.54999923706055,58.2400016784668,57.4900016784668,58.209999084472656,56.184600830078125,8983800
2023-04-04,58.25,58.560001373291016,57.970001220703125,58.38999938964844,56.358333587646484,9755200
2023-04-05,58.41999816894531,58.47999954223633,57.790000915527344,58.20000076293945,56.174949645996094,12242800
2023-04-06,58.11000061035156,59.10499954223633,57.7599983215332,58.93000030517578,56.879539489746094,10713900
2023-04-10,58.4900016784668,58.814998626708984,58.189998626708984,58.79999923706055,56.754066467285156,4791100
2023-04-11,58.90999984741211,59.06999969482422,58.57500076293945,58.650001525878906,56.609291076660156,17443800
2023-04-12,59.029998779296875,59.15999984741211,57.97999954223633,58.040000915527344,56.020511627197266,5886200
2023-04-13,58.54999923706055,59.275001525878906,58.47999954223633,59.25,57.18840789794922,5416200
2023-04-14,58.88999938964844,59.43000030517578,58.65999984741211,59.22999954223633,57.169105529785156,4906200
2023-04-17,58.58000183105469,58.939998626708984,58.400001525878906,58.88999938964844,56.84093475341797,6479100
2023-04-18,59.130001068115234,59.20000076293945,58.47100067138672,58.59000015258789,56.55137252807617,4380300
2023-04-19,57.94200134277344,58.39500045776367,57.81999969482422,58.150001525878906,56.126686096191406,4409400
2023-04-20,57.540000915527344,58.099998474121094,57.400001525878906,57.54999923706055,55.54756164550781,4414100
2023-04-21,57.400001525878906,57.76499938964844,57.209999084472656,57.689998626708984,55.68268585205078,7125300
2023-04-24,57.709999084472656,57.95000076293945,57.2400016784668,57.630001068115234,55.62478256225586,4876000
2023-04-25,57.36000061035156,57.459999084472656,56.720001220703125,56.72999954223633,54.75609588623047,5345900
2023-04-26,56.75,57.11000061035156,56.064998626708984,56.130001068115234,54.17697525024414,6964600
2023-04-27,58.2400016784668,59.56999969482422,58.099998474121094,59.38999938964844,57.323543548583984,9597400
2023-04-28,59.119998931884766,59.90999984741211,59.06999969482422,59.900001525878906,57.815799713134766,7480600
2023-05-01,59.810001373291016,60.13999938964844,59.46500015258789,59.88999938964844,57.80613708496094,7220800
2023-05-02,59.70000076293945,59.79999923706055,58.4900016784668,58.779998779296875,56.73476791381836,10152100
2023-05-03,58.91999816894531,59.439998626708984,58.45500183105469,58.54999923706055,56.51276397705078,8671300
2023-05-04,58.209999084472656,58.22999954223633,57.58000183105469,57.61000061035156,55.60547637939453,7134000
2023-05-05,57.75,58.44499969482422,57.43000030517578,58.33000183105469,56.300418853759766,4970900
2023-05-08,58.25,59.0099983215332,58.20000076293945,58.91999816894531,56.869895935058594,3997000
2023-05-09,58.77000045776367,59.0099983215332,58.5,58.54999923706055,56.51276397705078,7635100
2023-05-10,59.09000015258789,59.244998931884766,58.209999084472656,59.06999969482422,57.01467514038086,6380700
2023-05-11,59.31999969482422,60.01499938964844,59.060001373291016,59.65999984741211,57.584144592285156,7617800
2023-05-12,59.77000045776367,59.880001068115234,59.32500076293945,59.709999084472656,57.63240051269531,4019800
2023-05-15,59.709999084472656,60.1349983215332,59.57500076293945,59.9900016784668,57.90266418457031,3557900
2023-05-16,59.689998626708984,60.14500045776367,59.606998443603516,59.91999816894531,57.83509826660156,3775800
2023-05-17,60.02000045776367,60.90999984741211,59.880001068115234,60.650001525878906,58.53969192504883,5544900
2023-05-18,60.689998626708984,61.79499816894531,60.689998626708984,61.7400016784668,59.59177780151367,6547900
2023-05-19,61.779998779296875,62.16999816894531,61.16999816894531,61.40999984741211,59.273250579833984,5739500
2023-05-22,61.5,62.43000030517578,61.470001220703125,61.970001220703125,59.81377029418945,4924900
2023-05-23,61.619998931884766,62.10499954223633,61.20000076293945,61.20000076293945,59.070560455322266,4214600
2023-05-24,60.869998931884766,61.20500183105469,60.56999969482422,60.91999816894531,58.80030059814453,6112700
2023-05-25,61.4900016784668,61.540000915527344,60.75,60.91999816894531,58.80030059814453,5962500
2023-05-26,61.02000045776367,62.20000076293945,60.7400016784668,62.15999984741211,59.99715805053711,8314700
2023-05-30,62.65999984741211,62.720001220703125,61.90999984741211,62.2599983215332,60.09367752075195,6807700
2023-05-31,62.0,62.38999938964844,61.779998779296875,62.2400016784668,60.074371337890625,7566500
2023-06-01,62.41999816894531,63.185001373291016,62.279998779296875,63.08000183105469,60.88515090942383,10175700
2023-06-02,62.81999969482422,63.375,62.630001068115234,63.15999984741211,60.962364196777344,8956400
2023-06-05,62.91999816894531,63.880001068115234,62.91999816894531,63.31999969482422,61.11678695678711,7260600
2023-06-06,63.279998779296875,63.970001220703125,63.150001525878906,63.58000183105469,61.36775207519531,4420100
2023-06-07,63.70000076293945,64.26000213623047,62.75,62.869998931884766,60.682456970214844,5343100
2023-06-08,62.619998931884766,63.400001525878906,62.53099822998047,63.189998626708984,60.99131774902344,4159300
2023-06-09,63.16999816894531,63.625,63.025001525878906,63.209999084472656,61.010623931884766,8008400
2023-06-12,63.439998626708984,64.01000213623047,63.310001373291016,63.959999084472656,61.73452377319336,4675100
2023-06-13,64.47000122070312,64.72000122070312,63.90999984741211,64.16999816894531,61.937217712402344,5138400
2023-06-14,64.11000061035156,64.70999908447266,63.58000183105469,64.27999877929688,62.043392181396484,5512800
2023-06-15,64.18000030517578,65.5199966430664,63.939998626708984,65.30000305175781,63.02790069580078,6185600
2023-06-16,65.58000183105469,65.61000061035156,64.66999816894531,64.76000213623047,62.5067024230957,7422300
2023-06-20,64.27999877929688,64.55000305175781,63.84000015258789,64.33999633789062,62.20215606689453,5617500
2023-06-21,64.06999969482422,64.12000274658203,63.54999923706055,63.70000076293945,61.58342742919922,5208100
2023-06-22,63.5099983215332,64.20999908447266,63.27000045776367,64.19999694824219,62.06681823730469,4281500
2023-06-23,63.65999984741211,64.27999877929688,63.54999923706055,64.05999755859375,61.93146514892578,6838400
2023-06-26,63.959999084472656,64.3499984741211,63.310001373291016,63.41999816894531,61.312721252441406,4905500
2023-06-27,63.47999954223633,64.76000213623047,63.439998626708984,64.48999786376953,62.347171783447266,6508500
2023-06-28,64.30999755859375,64.94000244140625,64.2750015258789,64.77999877929688,62.627540588378906,3975800
2023-06-29,64.5199966430664,64.7699966430664,64.26499938964844,64.43000030517578,62.28916931152344,3652600
2023-06-30,64.91999816894531,65.3270034790039,64.91999816894531,65.08000183105469,62.917572021484375,5248600
2023-07-03,64.87000274658203,65.30999755859375,64.81999969482422,65.30000305175781,63.1302604675293,2809000
2023-07-05,65.12000274658203,66.02999877929688,65.05000305175781,65.80000305175781,63.6136474609375,6774700
2023-07-06,65.31999969482422,65.45500183105469,64.875,65.27999877929688,63.110923767089844,5245600
2023-07-07,65.05000305175781,65.76000213623047,64.97000122070312,65.05000305175781,62.88856887817383,5070500
2023-07-10,65.16999816894531,65.48999786376953,64.5250015258789,64.87999725341797,62.724220275878906,4535300
2023-07-11,64.91000366210938,66.16000366210938,64.80000305175781,66.01000213623047,63.81666946411133,6782400
2023-07-12,66.55999755859375,67.0,66.36000061035156,66.80999755859375,64.59008026123047,6097200
2023-07-13,67.38999938964844,67.91999816894531,67.23999786376953,67.79000091552734,65.53752899169922,5963200
2023-07-14,67.5999984741211,67.83999633789062,67.0260009765625,67.1500015258789,64.91877746582031,6236300
2023-07-17,67.1500015258789,67.33499908447266,66.66000366210938,66.91000366210938,64.68675994873047,4982100
2023-07-18,66.87999725341797,67.4800033569336,66.87000274658203,67.37000274658203,65.13148498535156,5209500
2023-07-19,67.62999725341797,67.98999786376953,67.33999633789062,67.55999755859375,65.31515502929688,6908900
2023-07-20,67.08999633789062,67.4800033569336,66.1050033569336,66.22000122070312,64.01968383789062,8461900
2023-07-21,66.41999816894531,66.5,65.33999633789062,65.55999755859375,63.38162612915039,7016800
2023-07-24,65.8499984741211,66.12000274658203,65.45999908447266,65.68000030517578,63.49762725830078,5837200
2023-07-25,65.8499984741211,66.18000030517578,65.58000183105469,65.88999938964844,63.700653076171875,5463200
2023-07-26,67.0999984741211,67.2300033569336,66.38999938964844,66.91999816894531,64.69641876220703,6260700
2023-07-27,68.88999938964844,69.22000122070312,67.3499984741211,67.4800033569336,65.23783874511719,10384200
2023-07-28,68.1500015258789,69.13999938964844,68.02999877929688,68.80999755859375,66.52363586425781,6244300
2023-07-31,68.75,69.19499969482422,68.5199966430664,68.79000091552734,66.5042953491211,7829500
2023-08-01,68.41999816894531,68.91999816894531,68.31500244140625,68.69999694824219,66.41727447509766,5671800
2023-08-02,68.0199966430664,68.08999633789062,67.19999694824219,67.41000366210938,65.1701431274414,6492400
2023-08-03,67.01000213623047,67.6449966430664,66.91500091552734,67.23999786376953,65.00579071044922,4540500
2023-08-04,67.4800033569336,68.0250015258789,67.01899719238281,67.08999633789062,64.86077880859375,4904800
2023-08-07,67.45999908447266,68.16000366210938,67.38999938964844,68.12999725341797,65.86622619628906,4493400
2023-08-08,67.77999877929688,68.08000183105469,67.46099853515625,67.94000244140625,65.68254852294922,4531800
2023-08-09,68.02999877929688,68.13999938964844,66.97000122070312,67.20999908447266,64.97679901123047,8905900
2023-08-10,67.79000091552734,68.2699966430664,67.23999786376953,67.44000244140625,65.19915771484375,5574700
2023-08-11,66.9800033569336,67.44999694824219,66.80999755859375,67.12000274658203,64.88978576660156,4473700
2023-08-14,66.98999786376953,67.62999725341797,66.8499984741211,67.61000061035156,65.36349487304688,3788800
2023-08-15,67.3499984741211,67.47000122070312,66.86000061035156,67.01000213623047,64.78343963623047,5024700
2023-08-16,66.70999908447266,67.04000091552734,66.20999908447266,66.20999908447266,64.01002502441406,4912600
2023-08-17,66.41000366210938,66.55000305175781,65.44000244140625,65.44999694824219,63.275272369384766,6309800
2023-08-18,64.7300033569336,65.30999755859375,64.44000244140625,65.05999755859375,62.89824295043945,6811000
2023-08-21,65.0199966430664,65.65299987792969,64.86000061035156,65.52999877929688,63.35261154174805,3533500
2023-08-22,65.76000213623047,65.94000244140625,65.43000030517578,65.52999877929688,63.35261154174805,4628500
2023-08-23,65.77999877929688,66.90499877929688,65.7699966430664,66.58999633789062,64.37739562988281,5836600
2023-08-24,66.87000274658203,66.98999786376953,65.30999755859375,65.30999755859375,63.13991928100586,5732200
2023-08-25,65.4000015258789,65.69999694824219,64.31500244140625,65.37999725341797,63.20761489868164,6548200
2023-08-28,65.80000305175781,66.2300033569336,65.62999725341797,66.18000030517578,63.98101806640625,4719100
2023-08-29,66.33000183105469,67.76000213623047,66.30999755859375,67.6500015258789,65.40217590332031,5346300
2023-08-30,67.66000366210938,67.83999633789062,67.30999755859375,67.66000366210938,65.41185760498047,4556800
2023-08-31,67.73999786376953,68.22000122070312,67.67500305175781,67.7300033569336,65.47950744628906,4070400
2023-09-01,67.94999694824219,67.94999694824219,66.9229965209961,67.0999984741211,64.87044525146484,4034600
2023-09-05,67.02999877929688,67.48500061035156,67.02999877929688,67.08999633789062,64.86077880859375,4403700
2023-09-06,67.08999633789062,67.23999786376953,66.50499725341797,66.87999725341797,64.65776062011719,5208200
2023-09-07,66.58999633789062,67.29000091552734,66.2699966430664,66.76000213623047,64.54176330566406,4850300
2023-09-08,66.77999877929688,67.2699966430664,66.77999877929688,66.95999908447266,64.73509979248047,3645200
2023-09-11,67.2699966430664,68.1050033569336,67.2699966430664,67.97000122070312,65.71153259277344,5761100
2023-09-12,67.81999969482422,67.87000274658203,67.19999694824219,67.26000213623047,65.02513122558594,8751200
2023-09-13,67.3499984741211,67.62999725341797,66.97000122070312,67.4800033569336,65.23783874511719,4536000
2023-09-14,67.9000015258789,68.51000213623047,67.56500244140625,68.41999816894531,66.14659118652344,5912400
2023-09-15,68.4000015258789,68.46499633789062,67.37999725341797,67.51000213623047,65.2668228149414,7611000
2023-09-18,67.23999786376953,67.63500213623047,67.21099853515625,67.38999938964844,65.3133544921875,3755400
2023-09-19,67.2300033569336,67.63500213623047,66.87999725341797,67.44000244140625,65.36180877685547,3366200
2023-09-20,67.58000183105469,67.68000030517578,66.5199966430664,66.5199966430664,64.47014617919922,4766100
2023-09-21,65.9800033569336,66.37999725341797,65.69999694824219,65.69999694824219,63.675418853759766,6303400
2023-09-22,66.02999877929688,66.43000030517578,65.62000274658203,65.62000274658203,63.59789276123047,5348500
2023-09-25,65.37000274658203,65.77999877929688,65.13999938964844,65.77999877929688,63.752967834472656,4129700
2023-09-26,65.13999938964844,65.29000091552734,64.86000061035156,65.05000305175781,63.04545593261719,5199600
2023-09-27,65.2699966430664,65.55899810791016,64.30999755859375,65.22000122070312,63.21022033691406,6537600
2023-09-28,65.19999694824219,66.27999877929688,65.19000244140625,65.94000244140625,63.90803527832031,4803100
2023-09-29,66.37999725341797,66.58999633789062,65.37000274658203,65.56999969482422,63.54943084716797,6325900
2023-10-02,65.76000213623047,66.25499725341797,65.55899810791016,66.05999755859375,64.02433013916016,6891000
2023-10-03,65.70999908447266,66.16000366210938,65.03500366210938,65.16999816894531,63.16176223754883,6603800
2023-10-04,65.12000274658203,65.93000030517578,64.93000030517578,65.79000091552734,63.76265335083008,6884900
2023-10-05,65.72000122070312,65.87999725341797,65.04000091552734,65.69999694824219,63.675418853759766,4678000
2023-10-06,65.26000213623047,67.02999877929688,65.16999816894531,66.91000366210938,64.84813690185547,7387200
2023-10-09,66.58000183105469,67.82099914550781,66.45999908447266,67.62999725341797,65.54594421386719,6979700
2023-10-10,67.72000122070312,68.43000030517578,67.6500015258789,68.0199966430664,65.9239273071289,7788400
2023-10-11,68.29000091552734,68.875,68.23999786376953,68.63999938964844,66.52481842041016,7686800
2023-10-12,68.73999786376953,68.77999877929688,67.51000213623047,67.83000183105469,65.73979949951172,6276900
2023-10-13,67.81999969482422,68.12000274658203,66.71099853515625,67.06999969482422,65.00321197509766,8251500
2023-10-16,67.56999969482422,68.25,67.43499755859375,68.1500015258789,66.04991912841797,6463500
2023-10-17,67.7699966430664,68.49500274658203,67.71199798583984,68.38999938964844,66.28254699707031,4743600
2023-10-18,68.05999755859375,68.41300201416016,67.08499908447266,67.20999908447266,65.1388931274414,7334200
2023-10-19,68.23999786376953,68.33999633789062,67.0999984741211,67.13999938964844,65.07105255126953,9381400
2023-10-20,67.22000122070312,67.46900177001953,66.4749984741211,66.5199966430664,64.47014617919922,8249500
2023-10-23,66.45999908447266,67.34500122070312,66.08999633789062,66.87000274658203,64.80937194824219,6415200
2023-10-24,67.54000091552734,68.04499816894531,67.19000244140625,67.66000366210938,65.57504272460938,6181200
2023-10-25,66.1500015258789,66.23999786376953,64.68000030517578,64.7300033569336,62.73531723022461,11531200
2023-10-26,63.83000183105469,64.04000091552734,62.81999969482422,63.31999969482422,61.3687629699707,14266200
2023-10-27,63.380001068115234,63.7400016784668,62.834999084472656,63.09000015258789,61.14585876464844,10356300
2023-10-30,63.63999938964844,64.67500305175781,63.59000015258789,64.38999938964844,62.40579605102539,9146500
2023-10-31,64.58000183105469,64.75,64.1050033569336,64.72000122070312,62.72562789916992,6375400
2023-11-01,64.69999694824219,65.70800018310547,64.62999725341797,65.66999816894531,63.6463508605957,8172400
2023-11-02,66.4800033569336,66.69000244140625,66.125,66.54000091552734,64.48954010009766,7342500
2023-11-03,67.08000183105469,67.77999877929688,67.05999755859375,67.55999755859375,65.47810363769531,7059000
2023-11-06,67.58999633789062,67.73500061035156,67.08999633789062,67.37999725341797,65.30365753173828,4962500
2023-11-07,67.4800033569336,68.0,67.33499908447266,67.73999786376953,65.65254974365234,5996200
2023-11-08,67.5,67.68000030517578,67.18000030517578,67.41999816894531,65.34241485595703,4573700
2023-11-09,67.77999877929688,68.08499908447266,67.2300033569336,67.4000015258789,65.32305145263672,4941200
2023-11-10,67.51000213623047,68.48500061035156,67.2699966430664,68.47000122070312,66.36006927490234,5105500
2023-11-13,68.16000366210938,68.5999984741211,67.96900177001953,68.31999969482422,66.21468353271484,7809400
2023-11-14,69.38999938964844,69.98999786376953,69.30999755859375,69.43000030517578,67.29047393798828,6034400
2023-11-15,69.83999633789062,69.91000366210938,69.40499877929688,69.7699966430664,67.6199951171875,5401800
2023-11-16,69.79499816894531,70.11000061035156,69.45999908447266,70.08000183105469,67.92044830322266,7438400
2023-11-17,69.91000366210938,70.08999633789062,69.66000366210938,70.06999969482422,67.9107666015625,3914300
2023-11-20,69.88999938964844,70.93499755859375,69.80999755859375,70.86000061035156,68.6764144897461,5727700
2023-11-21,70.70999908447266,70.80899810791016,70.4000015258789,70.62000274658203,68.44381713867188,3902200
2023-11-22,70.9800033569336,71.49500274658203,70.97000122070312,71.19999694824219,69.00594329833984,4188500
2023-11-24,71.11000061035156,71.2300033569336,70.76499938964844,70.95999908447266,68.77333068847656,2416400
2023-11-27,70.61000061035156,70.9800033569336,70.4800033569336,70.5199966430664,68.34687805175781,3909800
2023-11-28,70.37000274658203,70.72000122070312,70.16000366210938,70.69000244140625,68.51166534423828,4779600
2023-11-29,70.88999938964844,70.95999908447266,70.02999877929688,70.18000030517578,68.01737213134766,4089000
2023-11-30,70.18000030517578,70.37999725341797,69.18000030517578,69.7699966430664,67.6199951171875,7202700
2023-12-01,69.6500015258789,69.95700073242188,69.20999908447266,69.91000366210938,67.75569915771484,7708500
2023-12-04,69.0,69.30000305175781,68.75,69.20999908447266,67.07726287841797,6609500
2023-12-05,69.04000091552734,69.48500061035156,68.51000213623047,68.88999938964844,66.76712799072266,5984500
2023-12-06,69.30000305175781,69.37000274658203,68.62999725341797,68.70999908447266,66.59265899658203,4552500
2023-12-07,69.38999938964844,70.51499938964844,69.37000274658203,70.1500015258789,67.9883041381836,6122600
2023-12-08,69.55999755859375,70.66000366210938,69.55999755859375,70.4800033569336,68.30811309814453,5282500
2023-12-11,70.19000244140625,70.2300033569336,69.63999938964844,69.94000244140625,67.78475952148438,6300500
2023-12-12,69.86000061035156,70.2300033569336,69.56999969482422,70.2300033569336,68.06583404541016,7862100
2023-12-13,70.29000091552734,71.04499816894531,70.05999755859375,70.88999938964844,68.70549011230469,7708400
2023-12-14,71.12000274658203,71.53500366210938,70.58499908447266,71.19999694824219,69.00594329833984,6461000
2023-12-15,70.88999938964844,71.37000274658203,70.7300033569336,71.0199966430664,68.83148193359375,7243200
2023-12-18,71.0,72.05000305175781,71.0,71.72000122070312,69.6806411743164,6993300
2023-12-19,71.8499984741211,72.55500030517578,71.8499984741211,72.44999694824219,70.3898696899414,4835800
2023-12-20,72.51000213623047,73.26499938964844,71.87999725341797,71.88999938964844,69.84578704833984,6523400
2023-12-21,72.47000122070312,72.66000366210938,71.98999786376953,72.5999984741211,70.53560638427734,4867100
2023-12-22,72.75,73.09500122070312,72.2699966430664,72.61000061035156,70.54532623291016,4763900
2023-12-26,72.72000122070312,72.9800033569336,72.56999969482422,72.88999938964844,70.81736755371094,2461800
2023-12-27,72.9000015258789,73.02999877929688,72.63500213623047,72.9000015258789,70.82707977294922,4508600
2023-12-28,72.98999786376953,73.35800170898438,72.98999786376953,73.0999984741211,71.0213851928711,5465800
2023-12-29,72.94999694824219,73.05000305175781,72.37000274658203,72.66000366210938,70.59391021728516,4744400
2024-01-02,72.30999755859375,72.41999816894531,71.66500091552734,72.25,70.19556427001953,6003800
2024-01-03,72.06999969482422,72.5199966430664,71.87999725341797,71.9800033569336,69.9332504272461,7592700
2024-01-04,72.08999633789062,72.18000030517578,71.73999786376953,71.73999786376953,69.70005798339844,6665400
2024-01-05,71.80000305175781,72.44999694824219,71.73999786376953,72.04000091552734,69.99153137207031,5277300
2024-01-08,72.27999877929688,73.18499755859375,72.08999633789062,73.16000366210938,71.0796890258789,4658200
2024-01-09,72.80999755859375,73.26000213623047,72.66999816894531,73.01000213623047,70.9339599609375,3533000
2024-01-10,73.16000366210938,73.97699737548828,73.05000305175781,73.69000244140625,71.5946273803711,7234900
2024-01-11,74.0,74.01000213623047,72.80999755859375,73.44999694824219,71.3614273071289,6962800
2024-01-12,73.75,74.11000061035156,73.6500015258789,73.80999755859375,71.71119689941406,3862400
2024-01-16,73.5,73.73999786376953,73.13500213623047,73.38999938964844,71.30314636230469,6365600
2024-01-17,72.94999694824219,73.0199966430664,72.31999969482422,72.94000244140625,70.8659439086914,6561800
2024-01-18,73.06999969482422,73.87999725341797,73.06999969482422,73.83000183105469,71.73062896728516,6420400
2024-01-19,74.19999694824219,74.875,73.91000366210938,74.83000183105469,72.70220184326172,6446700
2024-01-22,75.20999908447266,75.66000366210938,74.94000244140625,74.9800033569336,72.84793853759766,5694400
2024-01-23,75.54000091552734,75.75900268554688,75.3550033569336,75.72000122070312,73.56690216064453,4663500
2024-01-24,76.48999786376953,76.91999816894531,76.1240005493164,76.19000244140625,74.02352905273438,6991100
2024-01-25,76.54000091552734,77.43000030517578,76.30999755859375,77.43000030517578,75.228271484375,6161800
2024-01-26,77.31999969482422,77.98500061035156,77.30000305175781,77.68000030517578,75.47115325927734,4718200
2024-01-29,77.63999938964844,78.38999938964844,77.37200164794922,78.33000183105469,76.1026840209961,4065400
2024-01-30,78.13999938964844,78.36000061035156,77.76000213623047,77.80000305175781,75.58775329589844,4596900
2024-01-31,76.33999633789062,76.94999694824219,75.83999633789062,75.87999725341797,73.72234344482422,9336400
2024-02-01,76.56999969482422,76.9800033569336,76.32499694824219,76.66000366210938,74.48017120361328,6907200
2024-02-02,79.06999969482422,80.21499633789062,78.30000305175781,79.73999786376953,77.47257232666016,11971800
2024-02-05,79.29000091552734,79.58000183105469,78.58999633789062,78.62000274658203,76.38443756103516,7886300
2024-02-06,79.02999877929688,79.22000122070312,78.23500061035156,78.37999725341797,76.1512451171875,6738300
2024-02-07,78.75,79.04000091552734,78.59300231933594,78.77999877929688,76.53987884521484,5980100
2024-02-08,79.29000091552734,79.30000305175781,78.76000213623047,79.08000183105469,76.83135223388672,4267600
2024-02-09,79.16000366210938,79.41500091552734,78.86100006103516,79.16999816894531,76.91877746582031,7624600
2024-02-12,79.12000274658203,80.19000244140625,79.08000183105469,79.41999816894531,77.16168975830078,4285300
2024-02-13,78.19000244140625,78.73999786376953,77.91999816894531,78.30000305175781,76.07353210449219,8023900
2024-02-14,79.08000183105469,79.56999969482422,78.62999725341797,79.55000305175781,77.28799438476562,7344700
2024-02-15,79.31999969482422,80.41999816894531,79.16999816894531,80.19999694824219,77.91948699951172,6672500
2024-02-16,79.76000213623047,79.83999633789062,78.86000061035156,78.94999694824219,76.70503997802734,7036600
2024-02-20,78.52999877929688,79.08999633789062,78.48999786376953,78.83000183105469,76.58845520019531,8030600
2024-02-21,78.58000183105469,78.79000091552734,78.23500061035156,78.73999786376953,76.50101470947266,6142700
2024-02-22,79.66000366210938,80.15599822998047,79.1500015258789,79.91999816894531,77.6474609375,7108600
2024-02-23,79.8499984741211,80.23500061035156,79.56500244140625,79.72000122070312,77.45314025878906,7327500
2024-02-26,79.4000015258789,79.5,78.52999877929688,78.55999755859375,76.32613372802734,7872600
2024-02-27,78.61000061035156,79.20999908447266,78.5,79.19999694824219,76.94794464111328,4502500
2024-02-28,78.7699966430664,78.95999908447266,78.4800033569336,78.66000366210938,76.42329406738281,3774600
2024-02-29,79.16999816894531,79.61000061035156,78.66000366210938,79.36000061035156,77.1033935546875,6774300
2024-03-01,79.41999816894531,80.29499816894531,79.41500091552734,80.0199966430664,77.74461364746094,5829000
2024-03-04,79.83999633789062,79.88999938964844,78.86499786376953,78.97000122070312,76.72447967529297,7165800
2024-03-05,78.44000244140625,78.69000244140625,78.06999969482422,78.33000183105469,76.1026840209961,7602700
2024-03-06,78.95999908447266,79.06999969482422,78.18499755859375,78.44000244140625,76.20954895019531,6833300
2024-03-07,79.05000305175781,79.93000030517578,78.87999725341797,79.70999908447266,77.44344329833984,6460500
2024-03-08,79.83000183105469,80.73500061035156,79.19000244140625,79.58999633789062,77.32683563232422,8710000
2024-03-11,79.29000091552734,79.80999755859375,78.82499694824219,79.44000244140625,77.18111419677734,6934200
2024-03-12,79.83000183105469,80.41999816894531,79.4000015258789,80.13999938964844,77.86121368408203,7405100
2024-03-13,80.11000061035156,80.66999816894531,80.06999969482422,80.27999877929688,77.99723052978516,5496500
2024-03-14,80.54000091552734,80.5999984741211,79.62999725341797,80.08999633789062,77.81263732910156,7210300
2024-03-15,79.75,80.13999938964844,79.12999725341797,79.29000091552734,77.03538513183594,8166300
2024-03-18,80.55999755859375,81.00900268554688,80.44999694824219,80.69999694824219,78.61747741699219,5360600
2024-03-19,80.38999938964844,80.73999786376953,79.97000122070312,80.66999816894531,78.58824920654297,4777100
2024-03-20,80.80999755859375,81.77999877929688,80.55000305175781,81.62000274658203,79.51373291015625,4432700
2024-03-21,82.25,82.25,81.58999633789062,81.6500015258789,79.54296112060547,5377200
2024-03-22,81.86000061035156,82.16000366210938,81.66999816894531,81.81999969482422,79.70857238769531,3214200
2024-03-25,81.58999633789062,81.63999938964844,81.11000061035156,81.54000091552734,79.43578338623047,3732500
2024-03-26,81.69000244140625,82.01499938964844,81.2699966430664,81.37000274658203,79.27018737792969,5441600
2024-03-27,81.75,81.86000061035156,81.12999725341797,81.79000091552734,79.67933654785156,4177800
2024-03-28,81.7699966430664,81.9000015258789,81.51000213623047,81.66000366210938,79.5527114868164,5294700
2024-04-01,81.55000305175781,82.31999969482422,81.36000061035156,82.29000091552734,80.16645050048828,5290700
2024-04-02,81.58000183105469,82.22000122070312,81.4000015258789,82.16000366210938,80.039794921875,5271200
2024-04-03,82.0999984741211,82.87999725341797,82.02999877929688,82.80999755859375,80.67301940917969,5158900
2024-04-04,83.19000244140625,83.58499908447266,81.66000366210938,81.69000244140625,79.58191680908203,8000500
2024-04-05,81.8499984741211,82.91000366210938,81.69000244140625,82.5199966430664,80.39051055908203,6619400
2024-04-08,82.65499877929688,82.9800033569336,82.44999694824219,82.52999877929688,80.4002456665039,3503100
2024-04-09,82.73999786376953,83.19000244140625,82.12000274658203,82.62000274658203,80.48793029785156,4733100
2024-04-10,81.83499908447266,82.12000274658203,81.58000183105469,81.97000122070312,79.85470581054688,6845300
2024-04-11,82.30000305175781,82.93499755859375,81.80000305175781,82.69000244140625,80.55611419677734,4072900
2024-04-12,82.1500015258789,82.31999969482422,81.19999694824219,81.33000183105469,79.2312240600586,5997200
2024-04-15,81.98999786376953,82.08999633789062,80.08999633789062,80.30000305175781,78.22779846191406,6494700
2024-04-16,80.06999969482422,80.4800033569336,79.82499694824219,80.02999877929688,77.96475219726562,7501000
2024-04-17,80.58000183105469,80.63999938964844,79.5199966430664,79.95999908447266,77.89655303955078,4862200
2024-04-18,80.23999786376953,81.01000213623047,80.12999725341797,80.3499984741211,78.27649688720703,4539400
2024-04-19,80.16999816894531,80.19999694824219,78.88999938964844,79.47000122070312,77.41920471191406,6854700
2024-04-22,80.0199966430664,80.22000122070312,78.94999694824219,79.58000183105469,77.52637481689453,5458300
2024-04-23,80.06999969482422,81.07499694824219,79.9800033569336,80.79000091552734,78.70514678955078,5068000
2024-04-24,81.05000305175781,81.2300033569336,80.12000274658203,80.83999633789062,78.75384521484375,6196600
2024-04-25,76.63999938964844,78.23999786376953,76.4800033569336,77.95999908447266,75.94817352294922,14354200
2024-04-26,79.87999725341797,80.29499816894531,79.38999938964844,80.11000061035156,78.04269409179688,13015600
2024-04-29,79.7699966430664,79.8499984741211,78.8499984741211,79.18000030517578,77.1366958618164,5357800
2024-04-30,78.9000015258789,79.05000305175781,77.86000061035156,77.86000061035156,75.85075378417969,7333500
2024-05-01,77.97000122070312,79.81999969482422,77.91000366210938,78.58000183105469,76.55217742919922,9300500
2024-05-02,78.94999694824219,79.48999786376953,78.37000274658203,79.37000274658203,77.32179260253906,6956800
2024-05-03,79.95999908447266,80.37999725341797,79.55000305175781,80.20999908447266,78.14012145996094,4813300
2024-05-06,80.58999633789062,81.30000305175781,80.37999725341797,81.30000305175781,79.20198822021484,4714000
2024-05-07,81.20999908447266,81.62000274658203,81.13999938964844,81.38999938964844,79.2896728515625,3453300
2024-05-08,80.5999984741211,81.69200134277344,80.58999633789062,81.26000213623047,79.16301727294922,2941300
2024-05-09,81.1500015258789,81.66999816894531,81.04000091552734,81.66999816894531,79.56243896484375,3995900
2024-05-10,81.5,81.86000061035156,81.25499725341797,81.79000091552734,79.67933654785156,3563900
2024-05-13,81.30000305175781,81.68000030517578,81.09500122070312,81.63999938964844,79.53321838378906,2715500
2024-05-14,81.75,82.0999984741211,81.61499786376953,82.01000213623047,79.89366912841797,2730100
2024-05-15,82.47000122070312,82.5999984741211,81.95999908447266,82.52999877929688,80.4002456665039,3487700
2024-05-16,82.3499984741211,82.68599700927734,82.26000213623047,82.47000122070312,80.341796875,3136600
2024-05-17,82.47000122070312,82.62999725341797,82.26000213623047,82.61000061035156,80.47818756103516,2714100
2024-05-20,82.48999786376953,82.94499969482422,82.43000030517578,82.8499984741211,80.71198272705078,2157300
2024-05-21,82.70999908447266,82.94000244140625,82.48999786376953,82.73999786376953,80.60482788085938,2317200
2024-05-22,82.5999984741211,82.97000122070312,82.52999877929688,82.83999633789062,80.7022476196289,2602600
2024-05-23,83.0,83.1500015258789,81.54100036621094,81.9000015258789,79.78650665283203,3534100
2024-05-24,82.27999877929688,83.02999877929688,82.16999816894531,82.94999694824219,80.80941009521484,2028000
2024-05-28,82.70999908447266,83.1500015258789,82.62999725341797,83.08999633789062,80.94579315185547,2786100
2024-05-29,82.51000213623047,83.01000213623047,82.48999786376953,82.6500015258789,80.51714324951172,2768800
2024-05-30,82.55000305175781,82.55000305175781,82.04000091552734,82.37999725341797,80.25411224365234,2942200
2024-05-31,82.26000213623047,83.30000305175781,81.80500030517578,83.26000213623047,81.11140441894531,3600000
2024-06-03,83.5,83.91999816894531,82.87999725341797,83.58999633789062,81.4328842163086,5947600
2024-06-04,83.44999694824219,84.0,83.23999786376953,83.91000366210938,81.74462890625,2879000
2024-06-05,84.44000244140625,84.95999908447266,84.31999969482422,84.93000030517578,82.7383041381836,4160500
2024-06-06,84.87000274658203,85.55000305175781,84.8499984741211,84.9800033569336,82.78704071044922,3184500
2024-06-07,84.97000122070312,85.2750015258789,84.3239974975586,84.4000015258789,82.22198486328125,3463000
2024-06-10,84.33000183105469,84.69999694824219,84.00499725341797,84.61000061035156,82.42656707763672,3442900
2024-06-11,84.45999908447266,84.83999633789062,84.19999694824219,84.7699966430664,82.58245086669922,5804300
2024-06-12,85.3499984741211,85.62999725341797,84.06999969482422,84.58999633789062,82.4070816040039,4248000
2024-06-13,84.1500015258789,84.22000122070312,83.69999694824219,83.86000061035156,81.69593048095703,3595500
2024-06-14,83.47000122070312,84.16000366210938,83.47000122070312,84.12999725341797,81.95895385742188,2402800
2024-06-17,83.80999755859375,84.78800201416016,83.40499877929688,84.52999877929688,82.3486328125,3420600
2024-06-18,84.38999938964844,84.68000030517578,83.80999755859375,84.02999877929688,81.86153411865234,3004500
2024-06-20,84.0199966430664,84.44499969482422,83.87000274658203,84.38999938964844,82.21224975585938,3650900
2024-06-21,84.73999786376953,85.08499908447266,84.44999694824219,84.94000244140625,82.74805450439453,3724700
2024-06-24,85.0,85.5199966430664,84.81500244140625,85.0,83.02545928955078,3724900
2024-06-25,84.98999786376953,85.98999786376953,84.88999938964844,85.94999694824219,83.95337677001953,3225400
2024-06-26,85.4800033569336,86.05999755859375,85.4000015258789,85.95999908447266,83.96315002441406,2746500
2024-06-27,86.08999633789062,86.55000305175781,86.02999877929688,86.44999694824219,84.4417724609375,2988500
2024-06-28,86.41000366210938,87.0199966430664,85.62999725341797,85.66000366210938,83.67012786865234,4025100
2024-07-01,85.79000091552734,85.93000030517578,84.8949966430664,85.30000305175781,83.31848907470703,3213100
2024-07-02,85.08999633789062,86.05999755859375,85.04000091552734,86.05999755859375,84.06083679199219,2934400
2024-07-03,85.94000244140625,86.25499725341797,85.87999725341797,86.08999633789062,84.09011840820312,2081200
2024-07-05,86.06999969482422,87.8499984741211,86.06999969482422,87.76000213623047,85.72134399414062,3344400
2024-07-08,87.80000305175781,87.81999969482422,86.83999633789062,86.97000122070312,84.94969940185547,3043300
2024-07-09,87.38999938964844,87.52200317382812,87.11000061035156,87.23999786376953,85.21342468261719,2347500
2024-07-10,87.30000305175781,87.93499755859375,87.20999908447266,87.79000091552734,85.75064086914062,5169400
2024-07-11,87.5999984741211,87.86000061035156,86.33999633789062,86.58999633789062,84.57852172851562,3949100
2024-07-12,86.13999938964844,86.94000244140625,86.05000305175781,86.30999755859375,84.30501556396484,3443500
2024-07-15,86.27999877929688,87.30000305175781,86.23999786376953,86.62000274658203,84.6078109741211,3543000
2024-07-16,86.93000030517578,87.37999725341797,86.45999908447266,86.8499984741211,84.83247375488281,3843000
2024-07-17,86.0199966430664,86.16999816894531,85.33000183105469,85.54000091552734,83.55292510986328,5222000
2024-07-18,86.22000122070312,86.29000091552734,85.29000091552734,85.48999786376953,83.50408172607422,4524600
2024-07-19,85.77999877929688,85.97000122070312,85.02999877929688,85.11000061035156,83.13289642333984,3402800
2024-07-22,85.48999786376953,85.69000244140625,84.97000122070312,85.47000122070312,83.48455047607422,4204700
2024-07-23,85.33999633789062,85.80000305175781,84.94499969482422,85.3499984741211,83.36731719970703,4242400
2024-07-24,83.94000244140625,84.0999984741211,83.05000305175781,83.12000274658203,81.18911743164062,7701200
2024-07-25,83.31999969482422,83.79000091552734,82.13999938964844,82.16000366210938,80.25142669677734,7788500
2024-07-26,83.27999877929688,84.00499725341797,82.94000244140625,83.69999694824219,81.75565338134766,6660500
2024-07-29,84.0999984741211,84.83999633789062,83.86000061035156,84.44000244140625,82.47846984863281,4184300
2024-07-30,84.58999633789062,85.05000305175781,84.07499694824219,84.77999877929688,82.81057739257812,5373800
2024-07-31,85.55999755859375,86.19000244140625,85.36000061035156,85.79000091552734,83.79710388183594,4545600
2024-08-01,87.55999755859375,87.91999816894531,85.55999755859375,86.13999938964844,84.13897705078125,7523000
2024-08-02,85.36000061035156,85.94999694824219,84.26000213623047,84.73999786376953,82.77149963378906,9145600
2024-08-05,81.45999908447266,83.4800033569336,81.1500015258789,82.30999755859375,80.39794158935547,10799500
2024-08-06,82.48999786376953,84.26000213623047,82.41000366210938,83.27999877929688,81.34539794921875,9076800
2024-08-07,84.16999816894531,84.79000091552734,82.75,82.83999633789062,80.91563415527344,8590900
2024-08-08,83.20999908447266,84.55999755859375,83.12999725341797,84.48999786376953,82.52729034423828,7612000
2024-08-09,84.19999694824219,85.30000305175781,84.02999877929688,85.20999908447266,83.23058319091797,4385800
2024-08-12,85.30999755859375,85.30999755859375,84.43000030517578,84.62000274658203,82.65428161621094,3131900
2024-08-13,85.08999633789062,85.83499908447266,84.95999908447266,85.72000122070312,83.72872161865234,4184100
2024-08-14,85.4800033569336,85.70999908447266,84.86000061035156,85.2300033569336,83.2501220703125,4069000
2024-08-15,85.69999694824219,86.08999633789062,85.45999908447266,86.0,84.00223541259766,3665400
2024-08-16,85.98999786376953,86.51000213623047,85.9000015258789,86.26000213623047,84.25617980957031,3929000
2024-08-19,86.48999786376953,87.2699966430664,86.48999786376953,87.23999786376953,85.21342468261719,2807400
2024-08-20,87.11000061035156,87.51000213623047,87.01499938964844,87.18000030517578,85.15481567382812,3355800
2024-08-21,87.23999786376953,87.70999908447266,87.02999877929688,87.55000305175781,85.51622772216797,3298900
2024-08-22,87.88999938964844,88.0,86.62999725341797,86.88999938964844,84.8715591430664,2984400
2024-08-23,87.43000030517578,87.8499984741211,86.86000061035156,87.5,85.4673843383789,3009000
2024-08-26,87.6500015258789,87.94999694824219,87.3499984741211,87.69999694824219,85.66273498535156,2976700
2024-08-27,87.45999908447266,88.0199966430664,87.33000183105469,87.5,85.4673843383789,2554100
2024-08-28,87.45999908447266,87.56999969482422,86.48999786376953,86.91999816894531,84.90084075927734,3182900
2024-08-29,87.41999816894531,87.80999755859375,86.54000091552734,86.73999786376953,84.72504425048828,3240300
2024-08-30,87.16000366210938,87.38999938964844,86.44000244140625,87.31999969482422,85.29155731201172,3072400
2024-09-03,86.95999908447266,87.2300033569336,85.31500244140625,85.72000122070312,83.72872161865234,5599400
2024-09-04,85.47000122070312,86.5,85.24500274658203,85.30999755859375,83.32825469970703,5200200
2024-09-05,85.23999786376953,85.9800033569336,85.11000061035156,85.55999755859375,83.57244110107422,3562800
2024-09-06,85.69999694824219,86.12000274658203,83.68000030517578,83.7699966430664,81.82402038574219,4422300
2024-09-09,84.22000122070312,84.66999816894531,83.69499969482422,84.12999725341797,82.1756591796875,4120300
2024-09-10,84.44999694824219,84.69999694824219,83.5199966430664,84.11000061035156,82.1561279296875,3924200
2024-09-11,84.19000244140625,84.61000061035156,82.6500015258789,84.45999908447266,82.49799346923828,5549300
2024-09-12,84.95999908447266,86.06999969482422,84.95999908447266,86.04000091552734,84.04129791259766,4689000
2024-09-13,85.91999816894531,87.06500244140625,85.91999816894531,86.87000274658203,84.85201263427734,3026500
2024-09-16,87.13999938964844,87.83000183105469,86.77999877929688,87.77999877929688,85.74087524414062,3275300
2024-09-17,88.06999969482422,88.62999725341797,87.33000183105469,87.77999877929688,85.74087524414062,4079400
2024-09-18,87.94000244140625,88.5999984741211,87.56999969482422,87.70999908447266,85.67251586914062,5009700
2024-09-19,89.23999786376953,89.54000091552734,88.68000030517578,88.9000015258789,86.83486938476562,4036400
2024-09-20,89.02999877929688,89.12000274658203,88.43000030517578,88.9000015258789,86.83486938476562,5857700
2024-09-23,89.05999755859375,89.16999816894531,88.5999984741211,88.83000183105469,87.02983093261719,3361400
2024-09-24,88.94999694824219,89.28500366210938,88.33000183105469,89.25,87.44132232666016,2735700
2024-09-25,89.19000244140625,89.58000183105469,88.93000030517578,88.97000122070312,87.1669921875,2692100
2024-09-26,89.66999816894531,89.88999938964844,89.01499938964844,89.47000122070312,87.65686798095703,2245700
2024-09-27,89.73999786376953,90.3499984741211,89.6520004272461,90.01000213623047,88.1859130859375,2532000
2024-09-30,90.0,90.49500274658203,89.6449966430664,90.4000015258789,88.56800842285156,3269700
2024-10-01,90.72000122070312,90.9800033569336,89.62000274658203,90.47000122070312,88.63658905029297,4859400
2024-10-02,90.13999938964844,90.44999694824219,89.9800033569336,90.19000244140625,88.36225891113281,5005700
2024-10-03,89.69000244140625,90.08999633789062,89.41000366210938,89.87999725341797,88.05855560302734,5052600
2024-10-04,90.44000244140625,90.9749984741211,89.9000015258789,90.87999725341797,89.03828430175781,3345600
2024-10-07,90.8499984741211,90.94999694824219,89.5199966430664,89.66000366210938,87.84300994873047,2473800
2024-10-08,89.97000122070312,90.54499816894531,89.72000122070312,90.44999694824219,88.61699676513672,3753200
2024-10-09,90.43000030517578,90.55000305175781,89.68000030517578,90.4800033569336,88.6463851928711,2390400
2024-10-10,90.12000274658203,90.5,89.77999877929688,89.80999755859375,87.9899673461914,3136400
2024-10-11,90.02999877929688,90.66000366210938,89.87000274658203,90.43000030517578,88.597412109375,1861400
2024-10-14,90.66999816894531,91.13500213623047,90.54000091552734,90.8499984741211,89.00889587402344,3436000
2024-10-15,91.05000305175781,91.44499969482422,90.76499938964844,91.05000305175781,89.20484161376953,3436500
2024-10-16,90.63999938964844,91.11000061035156,90.55000305175781,90.98999786376953,89.14604949951172,3198700
2024-10-17,91.38999938964844,91.41000366210938,90.4000015258789,90.55999755859375,88.72476959228516,2237600
2024-10-18,91.13999938964844,91.4800033569336,91.05000305175781,91.2300033569336,89.38119506835938,2665500
2024-10-21,91.19000244140625,91.26000213623047,90.36000061035156,90.87000274658203,89.02848815917969,2920800
2024-10-22,90.45999908447266,91.12999725341797,90.27999877929688,91.0,89.1558609008789,3423200
2024-10-23,90.79000091552734,91.12000274658203,89.9749984741211,90.30999755859375,88.4798355102539,3015500
2024-10-24,90.55999755859375,90.70500183105469,90.05999755859375,90.62000274658203,88.78356170654297,2044700
2024-10-25,91.1500015258789,91.80500030517578,90.76000213623047,90.8499984741211,89.00889587402344,2943700
2024-10-28,91.72000122070312,91.7699966430664,91.08999633789062,91.43000030517578,89.57713317871094,2079700
2024-10-29,91.43000030517578,92.4000015258789,91.21499633789062,92.29000091552734,90.41970825195312,3839600
2024-10-30,93.58000183105469,93.91999816894531,92.74500274658203,92.8499984741211,90.9683609008789,4871800
2024-10-31,92.88999938964844,93.41999816894531,92.01000213623047,92.04000091552734,90.17478942871094,4840000
2024-11-01,92.37999725341797,92.98500061035156,92.20999908447266,92.4000015258789,90.52747344970703,5714000
2024-11-04,92.66000366210938,92.69000244140625,91.62999725341797,92.08999633789062,90.22376251220703,3003700
2024-11-05,92.45999908447266,93.20999908447266,92.37999725341797,93.11000061035156,91.22309112548828,3090100
2024-11-06,94.48999786376953,95.5,94.3499984741211,95.4000015258789,93.46668243408203,5477400
2024-11-07,95.83000183105469,96.84500122070312,95.7699966430664,96.6500015258789,94.69135284423828,5268000
2024-11-08,96.62999725341797,96.62999725341797,95.87999725341797,96.18000030517578,94.23087310791016,3219700
2024-11-11,96.19999694824219,96.80000305175781,96.17500305175781,96.72000122070312,94.75992584228516,2625100
2024-11-12,96.79000091552734,97.23999786376953,96.38999938964844,97.16000366210938,95.19102478027344,3260600
2024-11-13,97.16999816894531,97.5999984741211,96.5999984741211,97.19999694824219,95.2302017211914,2937100
2024-11-14,97.31999969482422,97.62000274658203,96.73999786376953,97.08999633789062,95.12244415283203,3170300
2024-11-15,96.5999984741211,96.79000091552734,94.83499908447266,95.1500015258789,93.22174835205078,3526400
2024-11-18,95.37999725341797,96.30000305175781,95.22000122070312,96.08999633789062,94.14270782470703,3880700
2024-11-19,95.26000213623047,96.81500244140625,95.22000122070312,96.72000122070312,94.75992584228516,3186700
2024-11-20,96.87999725341797,97.3550033569336,96.11000061035156,97.33999633789062,95.36737060546875,3069500
2024-11-21,97.29000091552734,97.33999633789062,95.76000213623047,97.08999633789062,95.12244415283203,3833900
2024-11-22,96.73999786376953,97.2300033569336,96.48999786376953,96.87999725341797,94.91669464111328,3266100
2024-11-25,97.37000274658203,98.0,96.87000274658203,97.37999725341797,95.40656280517578,4387200
2024-11-26,97.41999816894531,98.04000091552734,97.41999816894531,97.73999786376953,95.75926208496094,2513400
2024-11-27,97.94999694824219,98.15499877929688,97.55500030517578,97.87000274658203,95.88662719726562,2413700
2024-11-29,97.83999633789062,98.53600311279297,97.73500061035156,98.4000015258789,96.40589141845703,1960500
2024-12-02,98.47000122070312,99.29000091552734,98.31999969482422,99.20999908447266,97.19947052001953,4975900
2024-12-03,99.29000091552734,100.05999755859375,99.16000366210938,100.01000213623047,97.98326873779297,3077300
2024-12-04,99.9800033569336,100.3499984741211,99.81500244140625,100.23999786376953,98.2085952758789,2550200
2024-12-05,100.51000213623047,100.58000183105469,99.91500091552734,100.01000213623047,97.98326873779297,2493900
2024-12-06,100.0,101.125,99.94000244140625,100.93000030517578,98.88462829589844,4364500
2024-12-09,100.83999633789062,100.9800033569336,98.72000122070312,98.77999877929688,96.77819061279297,5040300
2024-12-10,99.7699966430664,100.60900115966797,99.56999969482422,100.33000183105469,98.2967758178711,5125300
2024-12-11,100.55999755859375,102.13999938964844,100.55999755859375,101.97000122070312,99.90354919433594,4015700
2024-12-12,102.1500015258789,102.66999816894531,101.9800033569336,102.16000366210938,100.0896987915039,2885400
2024-12-13,101.62000274658203,101.87999725341797,100.875,100.94000244140625,98.8944091796875,3371500
2024-12-16,101.61000061035156,102.04000091552734,101.22000122070312,101.33000183105469,99.27651977539062,4222700
2024-12-17,101.18000030517578,101.66999816894531,100.48500061035156,100.56999969482422,98.53191375732422,4707900
2024-12-18,100.54000091552734,101.0,97.62999725341797,97.69999694824219,95.72006225585938,6406000
2024-12-19,98.86000061035156,99.0199966430664,97.38999938964844,97.43000030517578,95.45555114746094,5026100
2024-12-20,96.7300033569336,99.04499816894531,96.69999694824219,97.95999908447266,95.97480010986328,6285600
2024-12-23,97.93000030517578,98.33000183105469,97.13999938964844,98.23999786376953,96.49933624267578,3768900
2024-12-24,98.36000061035156,99.16999816894531,98.0,99.16999816894531,97.4128646850586,1626800
2024-12-26,98.7699966430664,99.18499755859375,98.51000213623047,99.04000091552734,97.28517150878906,3512400
2024-12-27,98.51000213623047,98.62999725341797,97.2699966430664,98.16000366210938,96.42076873779297,4100400
2024-12-30,97.0199966430664,97.68000030517578,96.33100128173828,97.12999725341797,95.40900421142578,3211100
2024-12-31,97.23999786376953,97.61000061035156,96.58999633789062,96.80999755859375,95.09468078613281,3616300
2025-01-02,97.31999969482422,98.01000213623047,96.45999908447266,97.27999877929688,95.55635833740234,6900500
2025-01-03,97.83000183105469,98.25,97.19999694824219,97.87999725341797,96.14572143554688,5454100
2025-01-06,98.36000061035156,99.18499755859375,98.26000213623047,98.94000244140625,97.18694305419922,5325300
2025-01-07,98.88999938964844,99.29000091552734,97.45999908447266,97.83999633789062,96.1064224243164,5058400
2025-01-08,97.37000274658203,97.5999984741211,96.58000183105469,97.26000213623047,95.53671264648438,4631600
2025-01-10,96.73999786376953,96.93000030517578,95.16000366210938,95.80999755859375,94.11239624023438,4797400
2025-01-13,95.16999816894531,95.9000015258789,94.91999816894531,95.8499984741211,94.15170288085938,6992500
2025-01-14,95.94000244140625,96.06999969482422,94.98999786376953,95.52999877929688,93.83735656738281,4194700
2025-01-15,96.91999816894531,97.4800033569336,96.70999908447266,97.0999984741211,95.37955474853516,4115700
2025-01-16,96.94000244140625,97.22000122070312,96.51499938964844,96.55000305175781,94.83930206298828,2943600
2025-01-17,97.80000305175781,97.86000061035156,96.88999938964844,97.38999938964844,95.66441345214844,3109100
2025-01-21,98.06999969482422,98.71499633789062,97.97000122070312,98.2699966430664,96.52880859375,4817400
2025-01-22,99.5,99.80999755859375,99.0999984741211,99.25,97.491455078125,5382400
2025-01-23,98.62999725341797,99.51000213623047,98.44499969482422,99.51000213623047,97.74684143066406,3721300
2025-01-24,99.69000244140625,100.44999694824219,99.61000061035156,100.41000366210938,98.63089752197266,3386700
2025-01-27,98.9800033569336,101.23999786376953,98.79000091552734,100.93000030517578,99.14169311523438,9407500
2025-01-28,101.01000213623047,101.78700256347656,100.62999725341797,101.41999816894531,99.62300109863281,5445400
2025-01-29,102.05000305175781,102.2699966430664,101.58999633789062,101.87000274658203,100.06502532958984,4797400
2025-01-30,102.38999938964844,103.12999725341797,101.26000213623047,101.97000122070312,100.16326141357422,5112700
2025-01-31,102.72000122070312,103.50499725341797,102.12999725341797,102.37999725341797,100.56598663330078,9101800
2025-02-03,101.12000274658203,103.06500244140625,101.11000061035156,102.5999984741211,100.78208923339844,7196700
2025-02-04,103.06999969482422,103.68099975585938,102.7699966430664,103.5199966430664,101.68579864501953,5543600
2025-02-05,102.2699966430664,102.54000091552734,101.55500030517578,102.5199966430664,100.70350646972656,6058900
2025-02-06,102.61000061035156,103.01000213623047,102.26000213623047,102.95999908447266,101.13571166992188,2892000
2025-02-07,103.5,103.83999633789062,102.5999984741211,102.73999786376953,100.91960906982422,3142800
2025-02-10,103.62000274658203,103.62999725341797,102.80000305175781,103.19999694824219,101.37146759033203,3042100
2025-02-11,102.66000366210938,103.5,102.58999633789062,103.37000274658203,101.5384521484375,2564500
2025-02-12,102.63999938964844,103.7300033569336,102.45999908447266,103.4800033569336,101.6465072631836,5391900
2025-02-13,103.47000122070312,104.7300033569336,103.33999633789062,104.66999816894531,102.81541442871094,2833500
2025-02-14,104.68000030517578,105.58000183105469,104.58999633789062,105.30999755859375,103.4440689086914,3425200
2025-02-18,105.26000213623047,105.33000183105469,104.11199951171875,104.81999969482422,102.9627685546875,3447900
2025-02-19,104.56999969482422,105.02999877929688,104.16999816894531,104.94000244140625,103.08064270019531,3469000
2025-02-20,104.69000244140625,104.70999908447266,103.7699966430664,104.44999694824219,102.59931182861328,2984900
2025-02-21,104.73999786376953,104.83000183105469,102.93000030517578,103.0199966430664,101.19464874267578,3639600
2025-02-24,103.66000366210938,103.95500183105469,102.72000122070312,103.22000122070312,101.39111328125,5415600
2025-02-25,103.23999786376953,103.31999969482422,101.13999938964844,101.69000244140625,99.88821411132812,6021500
2025-02-26,101.55999755859375,102.61000061035156,101.2699966430664,101.51000213623047,99.7114028930664,5079500
2025-02-27,102.18000030517578,102.5999984741211,100.4749984741211,100.52999877929688,98.74877166748047,3727300
2025-02-28,100.8499984741211,102.125,100.0999984741211,102.0,100.1927261352539,5690800
2025-03-03,102.33999633789062,103.04000091552734,100.51000213623047,100.9800033569336,99.19081115722656,6074500
2025-03-04,100.68000030517578,101.30999755859375,99.22000122070312,100.18000030517578,98.40496826171875,7329500
2025-03-05,100.16999816894531,101.76000213623047,99.45999908447266,101.47000122070312,99.672119140625,4899600
2025-03-06,100.58000183105469,101.44499969482422,99.19999694824219,99.6500015258789,97.88436889648438,4829600
2025-03-07,99.18000030517578,100.6500015258789,98.06999969482422,100.29000091552734,98.51302337646484,5501700
2025-03-10,98.77999877929688,99.2300033569336,96.98999786376953,97.79000091552734,96.05731964111328,6896200
2025-03-11,96.77999877929688,97.79000091552734,95.54000091552734,96.3499984741211,94.642822265625,6699400
2025-03-12,97.33000183105469,97.6500015258789,95.55000305175781,96.83000183105469,95.11433410644531,4698800
2025-03-13,96.5,96.83000183105469,94.62000274658203,94.83999633789062,93.15959167480469,4763600
2025-03-14,95.58000183105469,96.80000305175781,95.06999969482422,96.58000183105469,94.86875915527344,3486000
2025-03-17,96.58000183105469,97.7249984741211,96.58000183105469,97.2699966430664,95.54652404785156,3031100
2025-03-18,96.91999816894531,96.91999816894531,95.13999938964844,95.91000366210938,94.21063995361328,4424100
2025-03-19,96.27999877929688,97.80000305175781,95.94999694824219,97.05000305175781,95.3304214477539,5875000
2025-03-20,96.45999908447266,97.98999786376953,96.31999969482422,96.83999633789062,95.1241455078125,4881600
2025-03-21,96.16000366210938,97.69000244140625,96.16000366210938,97.5999984741211,95.87068939208984,5717500
2025-03-24,98.625,98.8499984741211,98.19000244140625,98.69000244140625,97.22827911376953,3651300
2025-03-25,99.11000061035156,100.07499694824219,98.91000366210938,99.94000244140625,98.45977020263672,2499900
2025-03-26,99.8499984741211,100.20999908447266,98.93499755859375,99.08999633789062,97.62235260009766,4482900
2025-03-27,98.76000213623047,99.56999969482422,98.55000305175781,98.6500015258789,97.1888656616211,3319300
2025-03-28,98.47000122070312,98.55999755859375,95.63999938964844,95.73999786376953,94.32196807861328,5595200
2025-03-31,95.12999725341797,96.56500244140625,94.12999725341797,96.44999694824219,95.02145385742188,5187100
2025-04-01,96.1500015258789,97.19999694824219,95.48999786376953,96.51000213623047,95.08056640625,5884200
2025-04-02,95.70999908447266,97.33999633789062,95.5,96.8499984741211,95.41551971435547,5557500
2025-04-03,94.0199966430664,94.87000274658203,92.4000015258789,92.52999877929688,91.15951538085938,10078100
2025-04-04,90.26000213623047,91.0,87.16999816894531,87.2300033569336,85.93801879882812,13027900
2025-04-07,84.45999908447266,90.75,84.0199966430664,87.3499984741211,86.05623626708984,22019700
2025-04-08,90.12999725341797,90.4000015258789,85.12000274658203,86.12999725341797,84.85430908203125,13553900
2025-04-09,85.44999694824219,94.1500015258789,84.96499633789062,93.73999786376953,92.3515853881836,23909100
2025-04-10,92.61000061035156,92.86000061035156,88.33999633789062,90.5,89.15958404541016,9320700
2025-04-11,90.4000015258789,91.54000091552734,89.5999984741211,91.2699966430664,89.91818237304688,4819500
2025-04-14,92.5,93.08200073242188,91.29000091552734,91.87999725341797,90.51913452148438,3668100
2025-04-15,92.18000030517578,92.94999694824219,91.9000015258789,92.11000061035156,90.74574279785156,3142400
2025-04-16,91.30999755859375,91.5199966430664,88.87000274658203,89.62999725341797,88.3024673461914,3857000
2025-04-17,90.1500015258789,90.87000274658203,89.52999877929688,90.20999908447266,88.87387084960938,3516700
2025-04-21,89.44999694824219,89.81999969482422,87.48999786376953,88.18000030517578,86.87393951416016,5533900
2025-04-22,88.91000366210938,90.80999755859375,88.87999725341797,90.4800033569336,89.13987731933594,4283800
2025-04-23,92.2699966430664,93.46499633789062,91.5199966430664,91.93000030517578,90.56839752197266,5029400
2025-04-24,91.66000366210938,93.94499969482422,91.44999694824219,93.7699966430664,92.38115692138672,3040400
2025-04-25,94.54000091552734,94.68000030517578,93.68000030517578,94.36000061035156,92.96240997314453,3168500
2025-04-28,94.68000030517578,95.22000122070312,93.8499984741211,94.72000122070312,93.31708526611328,2455000
2025-04-29,94.4000015258789,95.5,94.21900177001953,95.41000366210938,93.99686431884766,2714700
2025-04-30,94.4800033569336,95.69499969482422,93.13999938964844,95.44000244140625,94.02642822265625,3123000
2025-05-01,96.73999786376953,96.91999816894531,95.66999816894531,95.93000030517578,94.5091552734375,3753300
2025-05-02,96.55000305175781,97.9260025024414,96.41000366210938,97.41999816894531,95.97708129882812,3542600
2025-05-05,96.37999725341797,98.06999969482422,96.2300033569336,97.6500015258789,96.20368957519531,3764000
2025-05-06,96.69499969482422,98.0199966430664,96.66000366210938,97.62999725341797,96.18397521972656,4089000
2025-05-07,98.41000366210938,98.84500122070312,96.6500015258789,97.44999694824219,96.00664520263672,4160200
2025-05-08,98.04000091552734,98.61499786376953,97.37000274658203,97.68000030517578,96.23323059082031,3865800
2025-05-09,98.01000213623047,98.08999633789062,97.02999877929688,97.18000030517578,95.74063873291016,4425900
2025-05-12,99.5,99.51499938964844,98.31999969482422,99.19999694824219,97.73072052001953,3341400
2025-05-13,99.4800033569336,100.58000183105469,99.19000244140625,100.16999816894531,98.68635559082031,5384300
2025-05-14,100.13999938964844,100.79000091552734,100.0,100.69000244140625,99.19866180419922,4406000
2025-05-15,100.75,101.59500122070312,100.62999725341797,101.08999633789062,99.59272766113281,3259800
2025-05-16,101.47000122070312,101.81500244140625,100.8499984741211,101.77999877929688,100.27249908447266,4156300
2025-05-19,100.66999816894531,101.93000030517578,100.66999816894531,101.87999725341797,100.37103271484375,3947600
2025-05-20,101.66999816894531,102.16999816894531,101.12000274658203,101.62999725341797,100.12471771240234,2603100
2025-05-21,100.91999816894531,102.47000122070312,100.62999725341797,100.87000274658203,99.37599182128906,5864300
2025-05-22,101.16000366210938,101.54000091552734,100.58999633789062,100.6500015258789,99.15925598144531,3808400
2025-05-23,99.73999786376953,100.58000183105469,99.5999984741211,100.19000244140625,98.70606231689453,3894000
2025-05-27,101.16999816894531,101.98999786376953,100.86000061035156,101.81999969482422,100.31192016601562,3604100
2025-05-28,101.86000061035156,102.3499984741211,101.66999816894531,101.80000305175781,100.29222106933594,4014300
2025-05-29,102.19999694824219,102.19999694824219,100.19999694824219,100.9800033569336,99.484375,4386200
2025-05-30,100.94999694824219,101.6500015258789,100.04000091552734,101.4000015258789,99.89814758300781,9044700
2025-06-02,100.52999877929688,101.98999786376953,100.36000061035156,101.9000015258789,100.39073944091797,5983100
2025-06-03,101.68000030517578,101.98999786376953,100.95999908447266,101.61000061035156,100.10503387451172,4102100
2025-06-04,101.74500274658203,102.45500183105469,101.6500015258789,102.26000213623047,100.74539947509766,4388200
2025-06-05,102.83999633789062,103.41000366210938,102.11000061035156,102.4000015258789,100.88333129882812,6785700
2025-06-06,103.4000015258789,103.93000030517578,103.06999969482422,103.70999908447266,102.1739273071289,4002100
2025-06-09,104.08000183105469,104.29000091552734,103.30999755859375,103.41000366210938,101.87837982177734,6371300
2025-06-10,103.80000305175781,104.88500213623047,103.27999877929688,104.72000122070312,103.16897583007812,7313500
2025-06-11,104.97000122070312,105.11000061035156,104.12999725341797,104.4800033569336,102.93252563476562,5455600
2025-06-12,104.26000213623047,104.37000274658203,103.43000030517578,103.62999725341797,102.09510803222656,5616100
2025-06-13,102.79000091552734,103.55000305175781,102.41500091552734,102.58000183105469,101.0606689453125,7342800
2025-06-16,103.29000091552734,104.42500305175781,103.25,104.33999633789062,102.79458618164062,6211900
2025-06-17,103.80999755859375,104.11000061035156,103.15499877929688,103.41999816894531,101.88822174072266,6034700
2025-06-18,103.67500305175781,104.30999755859375,103.38999938964844,103.47000122070312,101.93748474121094,5927300
2025-06-20,104.30999755859375,104.66999816894531,102.63999938964844,102.83999633789062,101.31681060791016,7469600
2025-06-23,102.76000213623047,103.97000122070312,101.99099731445312,103.88999938964844,102.59968566894531,6925400
2025-06-24,104.58000183105469,105.34500122070312,104.4000015258789,105.2300033569336,103.92304229736328,4685500
2025-06-25,105.25,105.80000305175781,105.04000091552734,105.20999908447266,103.90328979492188,4401800
2025-06-26,105.55999755859375,106.4800033569336,105.20999908447266,106.43000030517578,105.1081314086914,6375800
2025-06-27,106.51000213623047,107.75,106.48999786376953,107.68000030517578,106.34261322021484,6949700
2025-06-30,108.54000091552734,108.73999786376953,107.87000274658203,108.52999877929688,107.18204498291016,5652500
2025-07-01,108.0999984741211,108.36000061035156,107.33999633789062,107.76000213623047,106.42161560058594,6614100
2025-07-02,107.55999755859375,107.7699966430664,107.3949966430664,107.44999694824219,106.11546325683594,4865800
2025-07-03,107.93000030517578,108.3499984741211,107.66999816894531,108.04000091552734,106.69813537597656,3206100
2025-07-07,107.83999633789062,107.94000244140625,106.79000091552734,107.0,105.67105865478516,5533900
2025-07-08,107.18000030517578,107.19000244140625,106.30000305175781,106.77999877929688,105.45378875732422,4353000
2025-07-09,106.83999633789062,107.69999694824219,106.58999633789062,107.05999755859375,105.73030090332031,4973900
2025-07-10,106.80999755859375,106.88999938964844,106.2750015258789,106.69999694824219,105.37477111816406,4126500
2025-07-11,106.33999633789062,106.5,105.56999969482422,106.01000213623047,104.69334411621094,4769400
2025-07-14,106.12000274658203,107.16000366210938,106.05999755859375,107.05000305175781,105.7204360961914,6101100
2025-07-15,107.13999938964844,107.33999633789062,105.9749984741211,105.98999786376953,104.6736068725586,5813500
2025-07-16,106.45999908447266,106.6500015258789,105.73999786376953,106.30999755859375,104.9896240234375,6812600
2025-07-17,106.22000122070312,106.80000305175781,105.9749984741211,106.68000030517578,105.35503387451172,4640100
2025-07-18,106.70999908447266,106.77999877929688,105.63999938964844,106.19000244140625,104.87112426757812,5593900
2025-07-21,106.7699966430664,107.79499816894531,106.7300033569336,107.61000061035156,106.27347564697266,4468600
2025-07-22,108.05000305175781,108.12000274658203,107.55999755859375,107.86000061035156,106.52037811279297,5292500
2025-07-23,107.80999755859375,108.48999786376953,107.4800033569336,108.44999694824219,107.10304260253906,4967000
2025-07-24,109.38999938964844,109.69999694824219,108.62999725341797,108.62999725341797,107.28081512451172,5732700
2025-07-25,107.93499755859375,108.23999786376953,107.37000274658203,107.62000274658203,106.28335571289062,7300700
2025-07-28,107.55000305175781,107.7300033569336,106.84500122070312,107.04000091552734,105.71056365966797,6326900
2025-07-29,107.33999633789062,107.51000213623047,106.05999755859375,106.12000274658203,104.8019790649414,5396000
2025-07-30,106.4800033569336,107.16500091552734,106.09500122070312,106.44999694824219,105.12788391113281,6331700
2025-07-31,108.44000244140625,108.66000366210938,107.19000244140625,107.41000366210938,106.07596588134766,11450800
2025-08-01,106.83000183105469,106.94999694824219,105.63999938964844,106.12000274658203,104.8019790649414,9181900
2025-08-04,106.80999755859375,108.18000030517578,106.66999816894531,108.16000366210938,106.816650390625,4883600
2025-08-05,108.20999908447266,108.55999755859375,107.29000091552734,107.31999969482422,105.98706817626953,5774100
2025-08-06,107.87000274658203,108.01499938964844,106.87000274658203,107.7300033569336,106.39199829101562,5141000
2025-08-07,108.30999755859375,108.44000244140625,106.63500213623047,107.2699966430664,105.93769073486328,6248300
2025-08-08,107.30999755859375,108.20999908447266,107.30999755859375,107.62999725341797,106.29322814941406,5984400
2025-08-11,107.94499969482422,108.33499908447266,107.83000183105469,108.18000030517578,106.83639526367188,4686800
2025-08-12,108.68000030517578,110.37000274658203,108.62999725341797,110.25,108.88069152832031,7128000
2025-08-13,110.5999984741211,111.40499877929688,110.48999786376953,111.11000061035156,109.7300033569336,8215500
2025-08-14,110.68000030517578,111.79000091552734,110.62999725341797,111.19999694824219,109.81889343261719,5120900
2025-08-15,111.52999877929688,112.22000122070312,111.31999969482422,111.4800033569336,110.09541320800781,5535500
2025-08-18,111.37999725341797,111.38500213623047,110.56999969482422,110.80000305175781,109.42385864257812,4295800
2025-08-19,110.81999969482422,110.81999969482422,109.73999786376953,110.18000030517578,108.81156158447266,5086000
2025-08-20,110.0999984741211,110.2300033569336,108.81999969482422,109.8499984741211,108.48565673828125,8825500
2025-08-21,109.58999633789062,110.0,109.2699966430664,109.7300033569336,108.36715698242188,3794600
2025-08-22,110.37999725341797,111.69000244140625,110.34500122070312,111.30999755859375,109.9275131225586,6382900
2025-08-25,111.20999908447266,111.8949966430664,111.05999755859375,111.48999786376953,110.10528564453125,5684400
2025-08-26,111.2699966430664,111.2699966430664,110.66999816894531,111.0,109.62136840820312,4680600
2025-08-27,110.7300033569336,111.29000091552734,110.625,111.19000244140625,109.80902099609375,3603900
2025-08-28,111.12000274658203,111.65499877929688,110.83999633789062,111.61000061035156,110.22380065917969,4645100
2025-08-29,111.27999877929688,111.71499633789062,110.91500091552734,111.38999938964844,110.00653076171875,4311800
2025-09-02,109.94999694824219,111.19999694824219,109.69999694824219,111.19999694824219,109.81889343261719,8205300
2025-09-03,112.56999969482422,113.13999938964844,112.2699966430664,113.05999755859375,111.6557846069336,8269300
2025-09-04,113.45999908447266,114.0999984741211,113.1449966430664,114.08000183105469,112.66312408447266,5497600
2025-09-05,114.26000213623047,115.08499908447266,113.83000183105469,114.69000244140625,113.26554870605469,5323600
2025-09-08,114.22000122070312,115.20999908447266,114.19499969482422,114.81999969482422,113.39393615722656,8005300
2025-09-09,114.7699966430664,115.61499786376953,114.51699829101562,115.47000122070312,114.03585052490234,5455400
2025-09-10,115.27999877929688,115.30999755859375,114.24500274658203,114.62000274658203,113.1964111328125,5378200
2025-09-11,114.83999633789062,116.65499877929688,114.3499984741211,116.37999725341797,114.93455505371094,14732600
2025-09-12,116.58999633789062,117.58999633789062,116.41000366210938,117.3499984741211,115.89250183105469,6091200
2025-09-15,117.87000274658203,119.11499786376953,117.77999877929688,119.0,117.52201080322266,7242400
2025-09-16,118.63500213623047,118.8499984741211,117.86000061035156,118.5199966430664,117.0479736328125,5802300
2025-09-17,118.83000183105469,119.11000061035156,117.94000244140625,118.83000183105469,117.35413360595703,5993800
2025-09-18,118.95999908447266,119.4749984741211,118.48500061035156,118.91999816894531,117.44300079345703,6022700
2025-09-19,119.20999908447266,119.55000305175781,118.69000244140625,119.41000366210938,117.92691802978516,5548000
2025-09-22,118.8499984741211,119.23999786376953,118.38999938964844,118.58000183105469,117.51565551757812,6412100
2025-09-23,118.83999633789062,119.2300033569336,118.25,118.41000366210938,117.34718322753906,4127600
2025-09-24,118.41000366210938,118.51499938964844,116.93499755859375,117.43000030517578,116.37596893310547,5099800
2025-09-25,116.87999725341797,117.48999786376953,116.4800033569336,117.02999877929688,115.97955322265625,3786700
2025-09-26,117.27999877929688,118.51000213623047,117.04000091552734,118.16999816894531,117.10932159423828,7462700
2025-09-29,118.81999969482422,119.25499725341797,118.4000015258789,118.55000305175781,117.48591613769531,4875800
2025-09-30,118.44000244140625,118.69999694824219,117.90499877929688,118.37000274658203,117.30753326416016,5740500
2025-10-01,117.5,117.5,116.5199966430664,116.70999908447266,115.66242980957031,7218900
2025-10-02,116.69000244140625,116.70999908447266,115.84500122070312,116.44999694824219,115.4047622680664,3984800
2025-10-03,116.5999984741211,116.73500061035156,116.08999633789062,116.38999938964844,115.34530639648438,3535900
2025-10-06,116.23999786376953,116.59500122070312,115.3949966430664,116.51000213623047,115.4642333984375,4293600
2025-10-07,116.6500015258789,117.0999984741211,115.95999908447266,116.05999755859375,115.01826477050781,4242900
2025-10-08,115.9800033569336,116.12000274658203,115.4000015258789,115.58000183105469,114.54257202148438,4957900
2025-10-09,115.5,115.54000091552734,114.69999694824219,114.91999816894531,113.88850402832031,4033800
2025-10-10,114.98999786376953,115.7249984741211,112.70999908447266,112.80000305175781,111.78752899169922,8248100
2025-10-13,113.77999877929688,114.13999938964844,113.5,113.83999633789062,112.81819152832031,4146000
2025-10-14,113.19999694824219,114.87999725341797,112.80999755859375,114.58999633789062,113.56145477294922,4587900
2025-10-15,115.11000061035156,115.97000122070312,114.5,115.4000015258789,114.36418914794922,4103500
2025-10-16,115.62000274658203,116.12999725341797,113.52999877929688,114.16999816894531,113.14523315429688,4682800
2025-10-17,114.02999877929688,115.2300033569336,113.9000015258789,114.94000244140625,113.9083251953125,4393700
2025-10-20,115.47000122070312,116.4000015258789,115.30999755859375,116.23999786376953,115.1966552734375,4281500
2025-10-21,116.5999984741211,116.93000030517578,116.02999877929688,116.6500015258789,115.60296630859375,6804100
2025-10-22,116.01499938964844,116.43000030517578,115.05999755859375,115.63999938964844,114.60203552246094,5438900
2025-10-23,116.0199966430664,116.02999877929688,115.23999786376953,115.25,114.21553802490234,3607200
2025-10-24,115.91999816894531,116.31999969482422,115.5,115.55000305175781,114.51284790039062,4758000
2025-10-27,116.37000274658203,117.23500061035156,116.25,117.16000366210938,116.1083984375,5252300
2025-10-28,117.19000244140625,117.23999786376953,116.56500244140625,116.58000183105469,115.53360748291016,4920400
2025-10-29,116.6050033569336,116.75800323486328,115.69499969482422,116.29000091552734,115.24620819091797,6986800
2025-10-30,114.88500213623047,115.88500213623047,113.97000122070312,114.31999969482422,113.29388427734375,8434500
2025-10-31,114.51000213623047,115.08499908447266,114.05999755859375,114.80999755859375,113.77948760986328,5249700
2025-11-03,114.88999938964844,114.88999938964844,112.88999938964844,113.58999633789062,112.5704345703125,6410400
2025-11-04,112.5199966430664,113.4000015258789,112.48500061035156,112.80999755859375,111.79743194580078,5198200
2025-11-05,112.76000213623047,113.91000366210938,112.48500061035156,113.41999816894531,112.40196228027344,6273900
2025-11-06,113.30000305175781,113.66999816894531,112.30000305175781,112.4000015258789,111.39112091064453,6265900
2025-11-07,111.8499984741211,112.16000366210938,110.83499908447266,112.11000061035156,111.10371398925781,7460400
2025-11-10,112.8499984741211,113.5199966430664,112.41500091552734,113.27999877929688,112.26321411132812,4724100
2025-11-11,113.2300033569336,114.26499938964844,113.22000122070312,114.19999694824219,113.1749496459961,3841900
2025-11-12,114.27999877929688,114.29000091552734,113.2300033569336,113.54000091552734,112.52088928222656,4563800
2025-11-13,112.7699966430664,112.9800033569336,111.7750015258789,111.93000030517578,110.92533111572266,6354300
2025-11-14,111.29000091552734,111.80999755859375,110.81999969482422,111.33000183105469,110.33071899414062,4859800
2025-11-17,111.99500274658203,112.62999725341797,110.6050033569336,111.18000030517578,110.18206787109375,4582300
2025-11-18,111.1500015258789,112.47000122070312,110.16999816894531,111.80999755859375,110.80640411376953,8726100
2025-11-19,111.75,112.99500274658203,110.99500274658203,111.19000244140625,110.19197845458984,4416800
2025-11-20,112.80000305175781,113.03500366210938,109.86499786376953,109.97000122070312,108.98292541503906,7385400
2025-11-21,110.5199966430664,112.57499694824219,110.5199966430664,111.9000015258789,110.89561462402344,7535900
2025-11-24,112.76000213623047,113.33999633789062,112.57499694824219,113.01000213623047,111.99564361572266,5524000
2025-11-25,114.12999725341797,114.5999984741211,113.63500213623047,114.30000305175781,113.27406311035156,8890600
2025-11-26,114.2750015258789,114.76000213623047,114.21499633789062,114.45999908447266,113.43262481689453,6301600
2025-11-28,114.79499816894531,115.38999938964844,114.6500015258789,115.38999938964844,114.35427856445312,3731600
2025-12-01,114.55999755859375,115.44000244140625,114.5,114.8499984741211,113.81912231445312,5173500
2025-12-02,115.30000305175781,115.44999694824219,114.37999725341797,115.2300033569336,114.19571685791016,4777400
2025-12-03,115.0199966430664,115.48999786376953,114.6500015258789,115.12999725341797,114.09661102294922,4885500
2025-12-04,115.98500061035156,116.03600311279297,114.95999908447266,115.79000091552734,114.75069427490234,4654300
2025-12-05,116.08000183105469,117.61499786376953,115.94000244140625,117.12999725341797,116.07865905761719,6049400
2025-12-08,117.58000183105469,117.58000183105469,115.80000305175781,116.26000213623047,115.21647644042969,6128900
2025-12-09,116.12000274658203,116.54000091552734,115.6050033569336,116.38999938964844,115.34530639648438,4842700
2025-12-10,116.44000244140625,117.3499984741211,116.31999969482422,117.06999969482422,116.01920318603516,5882600
2025-12-11,116.8499984741211,117.44999694824219,116.5999984741211,116.80999755859375,115.76153564453125,6495600
2025-12-12,117.23999786376953,117.5199966430664,116.22599792480469,116.55000305175781,115.50386810302734,5955100
2025-12-15,116.83000183105469,116.88800048828125,115.9800033569336,116.56999969482422,115.52368927001953,5070100
2025-12-16,116.2300033569336,117.0199966430664,115.9800033569336,116.6500015258789,115.60296630859375,6178500
2025-12-17,116.62999725341797,116.79000091552734,115.7249984741211,115.80999755859375,114.7705078125,6181900
2025-12-18,116.43000030517578,117.18000030517578,116.26499938964844,116.47000122070312,115.4245834350586,4791400
2025-12-19,116.55000305175781,117.18000030517578,116.36000061035156,116.5199966430664,115.47413635253906,6174800
2025-12-22,116.68000030517578,117.08999633789062,116.44000244140625,116.66000366210938,115.98716735839844,4704400
2025-12-23,116.61000061035156,117.45999908447266,116.56999969482422,117.38999938964844,116.71295166015625,3685000
2025-12-24,117.30999755859375,118.11000061035156,117.25,118.08999633789062,117.4089126586914,2044400
2025-12-26,117.87000274658203,118.0199966430664,117.69499969482422,117.97000122070312,117.28961181640625,2849500
2025-12-29,117.55000305175781,118.12999725341797,117.5199966430664,117.88999938964844,117.21006774902344,4699300
2025-12-30,117.68000030517578,118.66999816894531,117.5999984741211,118.29000091552734,117.60775756835938,4396200
2025-12-31,118.01000213623047,118.2750015258789,117.69000244140625,117.72000122070312,117.04104614257812,3003400
2026-01-02,118.16000366210938,118.31500244140625,116.58000183105469,116.9000015258789,116.22577667236328,6417600
2026-01-05,117.00499725341797,118.30999755859375,116.94000244140625,117.75,117.07087707519531,5984600
2026-01-06,117.63999938964844,117.87999725341797,116.54499816894531,117.33000183105469,116.65330505371094,5698200
2026-01-07,117.19999694824219,117.69999694824219,116.68000030517578,117.08999633789062,116.41468048095703,5050900
2026-01-08,117.33000183105469,117.66500091552734,116.54000091552734,117.4800033569336,116.80243682861328,5089300
2026-01-09,117.5199966430664,118.2300033569336,117.19000244140625,117.91000366210938,117.2299575805664,4187000
2026-01-12,117.44999694824219,117.8499984741211,117.36000061035156,117.55000305175781,116.87203216552734,5668000
2026-01-13,117.5999984741211,117.91999816894531,116.45600128173828,116.88999938964844,116.2158432006836,7757800
2026-01-14,116.66999816894531,116.83000183105469,116.08999633789062,116.63999938964844,115.96728515625,5646400
2026-01-15,116.98999786376953,116.98999786376953,115.93000030517578,116.20999908447266,115.53975677490234,12267200
2026-01-16,116.4000015258789,116.4000015258789,115.12999725341797,115.16999816894531,114.5057601928711,5545100
2026-01-20,113.79000091552734,114.69999694824219,113.375,113.47000122070312,112.81556701660156,9177400
2026-01-21,113.25,115.0,113.18000030517578,114.62999725341797,113.96886444091797,7862800
2026-01-22,115.7300033569336,116.47000122070312,115.44499969482422,116.25,115.57952880859375,5517000
2026-01-23,116.06999969482422,117.21499633789062,116.06999969482422,116.95999908447266,116.28543853759766,6086200
2026-01-26,117.26000213623047,118.01000213623047,117.08499908447266,117.7699966430664,117.09075927734375,4763900
2026-01-27,117.88999938964844,117.88999938964844,116.54000091552734,116.9000015258789,116.22577667236328,3934000
2026-01-28,117.33000183105469,117.82499694824219,116.63999938964844,116.75,116.07664489746094,8319500
2026-01-29,119.27999877929688,119.95500183105469,117.875,119.79000091552734,119.09911346435547,9730200
2026-01-30,119.7699966430664,120.26000213623047,119.13999938964844,120.08000183105469,119.38744354248047,11651200
2026-02-02,119.58000183105469,120.40499877929688,119.52999877929688,119.66999816894531,118.97980499267578,7651800
2026-02-03,119.3949966430664,119.59500122070312,117.25,117.73999786376953,117.06092834472656,8132200
2026-02-04,118.25,118.25,116.44000244140625,116.80000305175781,116.12635803222656,11640200
2026-02-05,115.19999694824219,116.66999816894531,114.54000091552734,116.20999908447266,115.53975677490234,15513700
2026-02-06,116.12999725341797,116.51000213623047,114.5199966430664,115.76000213623047,115.09236145019531,9441200
2026-02-09,115.63999938964844,117.23500061035156,115.1050033569336,116.87999725341797,116.20589447021484,9210200
2026-02-10,117.12999725341797,117.90499877929688,116.88999938964844,117.58000183105469,116.90186309814453,5830200
2026-02-11,117.37000274658203,117.6500015258789,116.33000183105469,116.73999786376953,116.06670379638672,6988000
2026-02-12,116.80999755859375,117.19999694824219,114.49500274658203,114.63999938964844,113.97881317138672,8124600
2026-02-13,114.37000274658203,115.12999725341797,113.77999877929688,114.58000183105469,113.91915893554688,7423000
2026-02-17,114.37000274658203,115.05000305175781,113.30000305175781,114.4000015258789,113.74019622802734,6451700
2026-02-18,114.25,114.97000122070312,113.93000030517578,114.58999633789062,113.9291000366211,5277700
2026-02-19,114.55999755859375,115.45999908447266,114.44000244140625,115.13999938964844,114.4759292602539,5747600
2026-02-20,114.9000015258789,117.00499725341797,114.80000305175781,116.80000305175781,116.12635803222656,8195700
2026-02-23,116.95999908447266,117.16999816894531,115.16500091552734,115.36000061035156,114.69466400146484,8839300
2026-02-24,115.16999816894531,116.2699966430664,114.88999938964844,116.16000366210938,115.49005126953125,6109200
2026-02-25,116.33000183105469,116.73999786376953,116.0999984741211,116.5,115.82808685302734,6197700
2026-02-26,116.22000122070312,117.04499816894531,115.93499755859375,116.72000122070312,116.04681396484375,6649500
2026-02-27,116.28500366210938,118.16000366210938,116.13999938964844,118.05000305175781,117.36914825439453,7131100
2026-03-02,116.44999694824219,118.13999938964844,116.33000183105469,117.87000274658203,117.190185546875,10466500
2026-03-03,116.2300033569336,118.43000030517578,115.87000274658203,117.95999908447266,117.27967071533203,13693000
2026-03-04,117.7699966430664,119.08499908447266,117.61000061035156,118.79000091552734,118.1048812866211,8139800
2026-03-05,118.62999725341797,119.16000366210938,117.7750015258789,118.44000244140625,117.75689697265625,8776300
2026-03-06,117.2249984741211,117.62999725341797,116.4000015258789,117.45999908447266,116.78255462646484,10809500
2026-03-09,116.5,117.79000091552734,115.5,117.55999755859375,116.88197326660156,10548900
2026-03-10,117.63999938964844,118.11499786376953,116.94999694824219,117.37999725341797,116.70301055908203,12013500
2026-03-11,117.45999908447266,117.79000091552734,116.4800033569336,117.0,116.32520294189453,6213400
2026-03-12,116.30000305175781,116.73999786376953,115.19999694824219,115.2699966430664,114.60517120361328,7816900
2026-03-13,115.4800033569336,115.9000015258789,113.91999816894531,114.44999694824219,113.78990173339844,11622700
2026-03-16,115.43000030517578,115.73999786376953,114.72000122070312,115.33000183105469,114.66483306884766,7299700
2026-03-17,115.6500015258789,116.4990005493164,115.36000061035156,115.37000274658203,114.70460510253906,8391100
2026-03-18,114.66000366210938,115.16000366210938,113.61000061035156,113.66000366210938,113.00447082519531,7022000
2026-03-19,113.31500244140625,114.04000091552734,112.36000061035156,113.13999938964844,112.48746490478516,10146300
2026-03-20,112.83000183105469,113.02999877929688,111.62000274658203,112.2300033569336,111.58271789550781,10086700
2026-03-23,112.87000274658203,113.44999694824219,112.20999908447266,112.70999908447266,112.41754150390625,8557700
2026-03-24,112.1500015258789,112.48999786376953,111.05999755859375,111.12999725341797,110.84164428710938,8634400
2026-03-25,111.87999725341797,112.52999877929688,110.83999633789062,111.44000244140625,111.15084075927734,6097800
2026-03-26,110.61000061035156,110.87999725341797,108.68000030517578,108.80999755859375,108.52766418457031,9765900
2026-03-27,108.31500244140625,108.51000213623047,106.72000122070312,107.04000091552734,106.76226043701172,9594600
2026-03-30,107.8949966430664,108.66000366210938,107.06600189208984,107.95999908447266,107.67987060546875,9490400
2026-03-31,109.13999938964844,111.26000213623047,108.81999969482422,110.86000061035156,110.57234191894531,10145200
2026-04-01,111.25,111.875,110.70500183105469,111.23999786376953,110.95135498046875,9856900
2026-04-02,110.13999938964844,111.87000274658203,109.69999694824219,111.69999694824219,111.41016387939453,5590500
2026-04-06,111.9000015258789,112.5199966430664,111.66000366210938,111.76000213623047,111.47000885009766,3803600
2026-04-07,111.56999969482422,112.0,111.05000305175781,111.81999969482422,111.52985382080078,4379300
2026-04-08,114.26000213623047,114.48500061035156,113.20999908447266,113.80999755859375,113.51468658447266,4579400
2026-04-09,113.79499816894531,114.47000122070312,113.21499633789062,114.2699966430664,113.97349548339844,4176700
2026-04-10,114.63999938964844,114.86000061035156,113.68000030517578,113.94999694824219,113.6543197631836,2667900
2026-04-13,113.63500213623047,114.86000061035156,113.2699966430664,114.81999969482422,114.5220718383789,5063500
2026-04-14,115.01000213623047,116.83499908447266,114.83999633789062,116.55999755859375,116.25755310058594,5396400
2026-04-15,116.8499984741211,118.12000274658203,116.74199676513672,117.36000061035156,117.05548095703125,5140000
2026-04-16,117.9000015258789,118.92500305175781,117.83000183105469,118.83000183105469,118.52166748046875,3708300
2026-04-17,118.63999938964844,119.4800033569336,118.3499984741211,119.0999984741211,118.79096221923828,3176900
2026-04-20,118.73999786376953,119.0999984741211,118.5199966430664,118.75,118.4418716430664,3297300
2026-04-21,118.80000305175781,119.12999725341797,116.98999786376953,117.16000366210938,116.85600280761719,3862300
2026-04-22,117.6500015258789,117.9800033569336,117.28500366210938,117.87999725341797,117.57412719726562,3079700
2026-04-23,117.97000122070312,118.19000244140625,116.5199966430664,117.38999938964844,117.08539581298828,3503600
2026-04-24,117.20999908447266,117.22000122070312,115.08999633789062,115.54000091552734,115.24020385742188,4857700
2026-04-27,115.41000366210938,116.75,115.41000366210938,115.80999755859375,115.5094985961914,4506200
2026-04-28,115.8550033569336,116.2300033569336,115.31999969482422,115.75,115.44965362548828,4052200
2026-04-29,115.54000091552734,115.77999877929688,115.06500244140625,115.29000091552734,114.99085235595703,4401500
2026-04-30,115.0,116.66999816894531,114.69999694824219,116.51000213623047,116.20768737792969,5276500
2026-05-01,116.83499908447266,117.30000305175781,116.58999633789062,116.72000122070312,116.4171371459961,7556000
2026-05-04,116.625,116.7699966430664,115.95999908447266,116.0999984741211,115.79874420166016,5485700
2026-05-05,116.30999755859375,116.30999755859375,115.19100189208984,115.62999725341797,115.32996368408203,5299100
2026-05-06,116.22000122070312,117.61000061035156,116.22000122070312,117.3499984741211,117.04550170898438,6220600
2026-05-07,117.62999725341797,118.19999694824219,117.03500366210938,117.37999725341797,117.07542419433594,4333300
2026-05-08,117.01499938964844,117.19000244140625,116.61499786376953,116.94000244140625,116.6365737915039,4153400
2026-05-11,116.5199966430664,116.72000122070312,115.43000030517578,115.58000183105469,115.28009796142578,4729300
2026-05-12,115.68000030517578,115.95500183105469,114.97000122070312,115.86000061035156,115.55937194824219,5336300
2026-05-13,115.52200317382812,117.02999877929688,115.3499984741211,116.76000213623047,116.45703887939453,4061300
2026-05-14,117.0999984741211,117.97000122070312,116.93499755859375,117.11000061035156,116.8061294555664,3558200
2026-05-15,116.91000366210938,117.04000091552734,115.9800033569336,116.08000183105469,115.77880096435547,4295100
2026-05-18,116.04000091552734,117.81999969482422,115.8499984741211,116.9800033569336,116.67646789550781,5125600
2026-05-19,116.94999694824219,117.13999938964844,115.71499633789062,115.8499984741211,115.54939270019531,5163900
2026-05-20,115.6500015258789,116.21499633789062,114.80999755859375,116.0999984741211,115.79874420166016,5148800
2026-05-21,115.47000122070312,116.8550033569336,114.98999786376953,116.0999984741211,115.79874420166016,4855400
2026-05-22,116.41000366210938,116.7300033569336,115.23500061035156,115.45999908447266,115.16040802001953,4108700
2026-05-26,115.62999725341797,116.07499694824219,115.06999969482422,115.55000305175781,115.25017547607422,4191600
2026-05-27,115.2300033569336,117.05500030517578,115.16000366210938,116.26000213623047,115.95833587646484,5747800
2026-05-28,116.0999984741211,116.83999633789062,115.55000305175781,116.66999816894531,116.36726379394531,4528300
2026-05-29,115.93000030517578,116.05000305175781,115.13999938964844,115.69000244140625,115.38981628417969,5493800
2026-06-01,115.42500305175781,116.04499816894531,114.81500244140625,115.61000061035156,115.31002044677734,5270300
2026-06-02,114.75499725341797,114.9000015258789,113.5199966430664,113.56999969482422,113.27531433105469,6493900
2026-06-03,113.23999786376953,113.43000030517578,111.76000213623047,112.08000183105469,111.78917694091797,6066700
2026-06-04,112.73999786376953,114.36499786376953,112.69000244140625,113.11000061035156,112.8165054321289,6056200
2026-06-05,112.79000091552734,113.36000061035156,111.13500213623047,111.66999816894531,111.38024139404297,9005000
2026-06-08,111.41000366210938,111.46499633789062,110.12000274658203,111.08999633789062,110.80174255371094,9077800
2026-06-09,111.4800033569336,112.2300033569336,110.4800033569336,111.4800033569336,111.19073486328125,6589000
2026-06-10,111.58999633789062,112.44999694824219,110.93000030517578,111.01000213623047,110.72195434570312,5435400
2026-06-11,110.88999938964844,112.5199966430664,110.22000122070312,112.12000274658203,111.8290786743164,5931800
2026-06-12,112.91000366210938,112.98999786376953,110.83000183105469,111.6500015258789,111.36029815673828,7465700
2026-06-15,111.91999816894531,112.58999633789062,111.58999633789062,112.19000244140625,111.89889526367188,6585200
2026-06-16,112.23999786376953,112.58999633789062,111.41000366210938,112.31999969482422,112.02855682373047,7896400
2026-06-17,111.47899627685547,111.48999786376953,109.01499938964844,109.19999694824219,108.9166488647461,9639800
2026-06-18,109.86000061035156,110.37000274658203,108.51000213623047,109.44999694824219,109.16600036621094,11655600
2026-06-22,108.125,108.53500366210938,106.31999969482422,106.86000061035156,106.86000061035156,7382300
2026-06-23,106.5199966430664,107.6449966430664,106.38999938964844,107.2699966430664,107.2699966430664,7949700
2026-06-24,107.5250015258789,108.08499908447266,106.44999694824219,106.54000091552734,106.54000091552734,9075500
2026-06-25,105.68000030517578,106.62999725341797,105.02999877929688,105.58000183105469,105.58000183105469,5323100
2026-06-26,105.66000366210938,107.25,105.36000061035156,106.18000030517578,106.18000030517578,9352100
2026-06-29,108.30000305175781,108.51000213623047,107.66999816894531,107.87999725341797,107.87999725341797,6573200
2026-06-30,107.5250015258789,107.68000030517578,106.37999725341797,107.12999725341797,107.12999725341797,4760200
2026-07-01,109.02999877929688,110.83999633789062,108.63500213623047,109.73999786376953,109.73999786376953,14529400
2026-07-02,109.61000061035156,110.01000213623047,108.55000305175781,109.5999984741211,109.5999984741211,8388900
