price_date,open,high,low,close,adj_close,volume
2010-01-04,40.810001373291016,41.099998474121094,40.38999938964844,40.91999816894531,32.29254913330078,6894300
2010-01-05,40.83000183105469,41.22999954223633,40.369998931884766,40.83000183105469,32.221527099609375,10641200
2010-01-06,41.22999954223633,41.66999816894531,41.16999816894531,41.4900016784668,32.742366790771484,8399400
2010-01-07,41.2599983215332,42.2400016784668,41.11000061035156,41.97999954223633,33.27341079711914,8981700
2010-01-08,41.7599983215332,42.47999954223633,41.400001525878906,41.95000076293945,33.2496452331543,7907700
2010-01-11,41.7400016784668,41.959999084472656,41.25,41.470001220703125,32.86917495727539,7396000
2010-01-12,41.27000045776367,42.349998474121094,41.25,42.02000045776367,33.305110931396484,12657300
2010-01-13,41.849998474121094,42.2400016784668,41.56999969482422,42.150001525878906,33.40816879272461,10137200
2010-01-14,42.040000915527344,42.7400016784668,42.02000045776367,42.68000030517578,33.82823181152344,8238400
2010-01-15,42.52000045776367,42.84000015258789,42.02000045776367,42.38999938964844,33.598384857177734,13629000
2010-01-19,42.2400016784668,43.04999923706055,42.11000061035156,42.959999084472656,34.05015563964844,9533800
2010-01-20,42.93000030517578,43.25,42.2599983215332,42.97999954223633,34.066017150878906,11643000
2010-01-21,42.9900016784668,43.099998474121094,41.529998779296875,42.15999984741211,33.41609191894531,16974300
2010-01-22,41.36000061035156,41.4900016784668,38.189998626708984,38.59000015258789,30.586498260498047,26170800
2010-01-25,39.099998474121094,39.290000915527344,37.5,37.790000915527344,29.952425003051758,17587600
2010-01-26,37.540000915527344,39.22999954223633,37.52000045776367,38.099998474121094,30.198122024536133,15709900
2010-01-27,37.959999084472656,38.84000015258789,37.83000183105469,38.66999816894531,30.649900436401367,12908300
2010-01-28,38.66999816894531,38.66999816894531,36.83000183105469,37.43000030517578,29.66707420349121,14148600
2010-01-29,37.599998474121094,38.77000045776367,37.36000061035156,37.65999984741211,29.8493709564209,14219900
2010-02-01,37.84000015258789,38.310001373291016,37.81999969482422,38.209999084472656,30.285308837890625,9357100
2010-02-02,38.68000030517578,39.16999816894531,38.45000076293945,39.02000045776367,30.927324295043945,11273000
2010-02-03,38.90999984741211,38.90999984741211,38.189998626708984,38.33000183105469,30.38041114807129,10657500
2010-02-04,38.029998779296875,38.58000183105469,37.470001220703125,37.529998779296875,29.746341705322266,12948000
2010-02-05,37.65999984741211,37.970001220703125,36.599998474121094,37.849998474121094,29.999967575073242,13024000
2010-02-08,37.7599983215332,37.869998931884766,36.779998779296875,36.790000915527344,29.15981101989746,9370300
2010-02-09,37.27000045776367,37.84000015258789,37.02000045776367,37.540000915527344,29.754255294799805,10677400
2010-02-10,37.58000183105469,38.040000915527344,37.0,37.75,29.92070960998535,8880300
2010-02-11,37.810001373291016,38.47999954223633,37.47999954223633,38.290000915527344,30.348726272583008,9907800
2010-02-12,37.790000915527344,38.540000915527344,37.470001220703125,38.41999816894531,30.451736450195312,10692600
2010-02-16,38.810001373291016,39.630001068115234,38.650001525878906,39.619998931884766,31.402881622314453,10961400
2010-02-17,39.529998779296875,39.58000183105469,38.81999969482422,39.04999923706055,30.951086044311523,9850000
2010-02-18,39.06999969482422,39.27000045776367,38.7400016784668,39.150001525878906,31.030363082885742,6853400
2010-02-19,38.88999938964844,39.18000030517578,38.59000015258789,39.060001373291016,30.959020614624023,9412300
2010-02-22,39.099998474121094,39.2400016784668,38.779998779296875,38.93000030517578,30.85598373413086,7413000
2010-02-23,38.7400016784668,38.7400016784668,37.81999969482422,37.93000030517578,30.063377380371094,9693800
2010-02-24,38.099998474121094,38.70000076293945,38.02000045776367,38.40999984741211,30.44382667541504,6412300
2010-02-25,37.66999816894531,38.130001068115234,37.04999923706055,38.040000915527344,30.150562286376953,8456500
2010-02-26,38.150001525878906,38.31999969482422,37.7599983215332,38.189998626708984,30.26946449279785,6475500
2010-03-01,38.20000076293945,38.279998779296875,37.86000061035156,38.130001068115234,30.221914291381836,9137700
2010-03-02,38.119998931884766,38.939998626708984,38.099998474121094,38.38999938964844,30.427980422973633,9938400
2010-03-03,38.459999084472656,38.95000076293945,38.18000030517578,38.279998779296875,30.340784072875977,8222000
2010-03-04,38.25,39.0,38.20000076293945,38.88999938964844,30.82426643371582,8899100
2010-03-05,39.099998474121094,40.25,39.099998474121094,40.20000076293945,31.86257553100586,10137000
2010-03-08,40.220001220703125,40.34000015258789,39.61000061035156,39.709999084472656,31.47420310974121,7811600
2010-03-09,39.540000915527344,39.939998626708984,39.349998474121094,39.70000076293945,31.466291427612305,6764600
2010-03-10,39.939998626708984,39.939998626708984,39.31999969482422,39.720001220703125,31.482133865356445,7749400
2010-03-11,39.56999969482422,40.150001525878906,39.43000030517578,40.11000061035156,31.791250228881836,7634600
2010-03-12,40.47999954223633,41.0,40.43000030517578,40.7599983215332,32.30644226074219,9464400
2010-03-15,40.619998931884766,40.970001220703125,40.06999969482422,40.70000076293945,32.258888244628906,7125300
2010-03-16,40.869998931884766,41.029998779296875,40.45000076293945,40.91999816894531,32.43326187133789,5796900
2010-03-17,41.18000030517578,41.310001373291016,40.70000076293945,41.0099983215332,32.50459289550781,8941900
2010-03-18,40.900001525878906,41.060001373291016,40.47999954223633,41.0,32.496681213378906,5519500
2010-03-19,40.33000183105469,41.279998779296875,40.279998779296875,40.33000183105469,31.965625762939453,10729300
2010-03-22,39.900001525878906,41.2400016784668,39.83000183105469,41.08000183105469,32.560081481933594,9194400
2010-03-23,41.099998474121094,41.369998931884766,40.81999969482422,41.2400016784668,32.686885833740234,8592000
2010-03-24,41.040000915527344,41.459999084472656,40.849998474121094,41.0099983215332,32.50459289550781,7499900
2010-03-25,41.369998931884766,42.279998779296875,41.20000076293945,41.41999816894531,32.82954025268555,8716200
2010-03-26,41.56999969482422,41.77000045776367,40.90999984741211,41.119998931884766,32.59178161621094,6821600
2010-03-29,41.27000045776367,41.68000030517578,41.0,41.47999954223633,32.87711715698242,5865400
2010-03-30,41.310001373291016,41.4900016784668,41.06999969482422,41.290000915527344,32.86916732788086,5561300
2010-03-31,41.0099983215332,41.599998474121094,40.83000183105469,41.2599983215332,32.84527587890625,6882700
2010-04-01,41.68000030517578,41.900001525878906,41.36000061035156,41.70000076293945,33.19554138183594,6016300
2010-04-05,41.83000183105469,42.68000030517578,41.7400016784668,42.66999816894531,33.96772003173828,7857100
2010-04-06,42.38999938964844,43.13999938964844,42.29999923706055,43.119998931884766,34.32594299316406,7816500
2010-04-07,42.880001068115234,43.369998931884766,42.029998779296875,42.369998931884766,33.72889709472656,9795100
2010-04-08,42.220001220703125,43.84000015258789,42.060001373291016,43.689998626708984,34.77968978881836,10438100
2010-04-09,43.689998626708984,44.09000015258789,43.540000915527344,43.880001068115234,34.93095016479492,6614200
2010-04-12,44.0099983215332,44.58000183105469,43.939998626708984,44.540000915527344,35.45633316040039,7790800
2010-04-13,44.38999938964844,45.060001373291016,44.33000183105469,44.9900016784668,35.81455612182617,10940400
2010-04-14,45.459999084472656,46.630001068115234,45.220001220703125,46.459999084472656,36.984764099121094,14091700
2010-04-15,46.220001220703125,46.68000030517578,46.02000045776367,46.66999816894531,37.15192794799805,9524200
2010-04-16,46.4900016784668,46.61000061035156,44.18000030517578,45.099998474121094,35.902122497558594,18333300
2010-04-19,44.810001373291016,45.790000915527344,44.630001068115234,45.7599983215332,36.42752456665039,10527600
2010-04-20,46.11000061035156,46.290000915527344,45.52000045776367,46.20000076293945,36.77779006958008,8074900
2010-04-21,46.15999984741211,46.380001068115234,45.5,45.9900016784668,36.61061096191406,7741700
2010-04-22,45.65999984741211,47.11000061035156,45.18000030517578,46.77000045776367,37.23154067993164,12864900
2010-04-23,47.91999816894531,49.189998626708984,47.65999984741211,48.04999923706055,38.25048828125,17470200
2010-04-26,47.119998931884766,47.970001220703125,46.810001373291016,47.13999938964844,37.526092529296875,11163600
2010-04-27,46.709999084472656,47.4900016784668,45.61000061035156,45.790000915527344,36.45140838623047,11299500
2010-04-28,46.22999954223633,46.369998931884766,45.52000045776367,46.08000183105469,36.6822624206543,9533700
2010-04-29,46.630001068115234,47.810001373291016,46.40999984741211,47.599998474121094,37.89226150512695,12613700
2010-04-30,47.52000045776367,48.029998779296875,45.79999923706055,46.119998931884766,36.71410369873047,14019700
2010-05-03,46.209999084472656,47.369998931884766,46.119998931884766,47.20000076293945,37.57383346557617,7564200
2010-05-04,46.70000076293945,46.79999923706055,45.45000076293945,45.86000061035156,36.50712966918945,10577700
2010-05-05,45.40999984741211,46.189998626708984,43.93000030517578,44.43000030517578,35.36878204345703,15037800
2010-05-06,44.349998474121094,45.13999938964844,40.15999984741211,42.5,33.83237838745117,22510800
2010-05-07,42.2400016784668,42.84000015258789,40.5,40.599998474121094,32.31987380981445,30788700
2010-05-10,42.9900016784668,43.29999923706055,42.56999969482422,43.09000015258789,34.302066802978516,16791900
2010-05-11,42.790000915527344,44.27000045776367,42.54999923706055,43.33000183105469,34.49311065673828,12343200
2010-05-12,43.560001373291016,44.209999084472656,43.18000030517578,44.099998474121094,35.106082916259766,9824700
2010-05-13,43.849998474121094,44.060001373291016,42.720001220703125,42.810001373291016,34.079158782958984,10075400
2010-05-14,42.029998779296875,42.11000061035156,40.060001373291016,40.63999938964844,32.35171890258789,27485400
2010-05-17,41.25,41.7400016784668,39.79999923706055,41.220001220703125,32.81343460083008,15067500
2010-05-18,41.560001373291016,41.7400016784668,39.2599983215332,39.84000015258789,31.714872360229492,18848000
2010-05-19,39.349998474121094,40.779998779296875,39.13999938964844,40.16999816894531,31.977590560913086,15596900
2010-05-20,39.66999816894531,40.56999969482422,38.560001373291016,38.619998931884766,30.743690490722656,19590900
2010-05-21,37.56999969482422,40.060001373291016,37.36000061035156,39.81999969482422,31.69895362854004,18743300
2010-05-24,39.90999984741211,40.0,38.93000030517578,39.040000915527344,31.078035354614258,10313800
2010-05-25,37.959999084472656,39.0,37.599998474121094,39.0,31.04619789123535,14758200
2010-05-26,39.459999084472656,39.65999984741211,37.959999084472656,38.16999816894531,30.385461807250977,13489100
2010-05-27,39.029998779296875,40.41999816894531,39.029998779296875,40.33000183105469,32.104942321777344,14744100
2010-05-28,40.16999816894531,40.709999084472656,39.54999923706055,39.869998931884766,31.738754272460938,12494000
2010-06-01,39.18000030517578,40.29999923706055,39.04999923706055,39.189998626708984,31.19744873046875,12525800
2010-06-02,39.459999084472656,41.0,39.0,40.970001220703125,32.61441421508789,16206600
2010-06-03,41.310001373291016,41.369998931884766,40.18000030517578,40.540000915527344,32.27211380004883,8858400
2010-06-04,39.470001220703125,39.83000183105469,38.20000076293945,38.40999984741211,30.57651138305664,13697400
2010-06-07,38.689998626708984,39.04999923706055,37.61000061035156,37.709999084472656,30.019290924072266,11251100
2010-06-08,37.939998626708984,38.52000045776367,37.130001068115234,38.43000030517578,30.592426300048828,11586000
2010-06-09,38.83000183105469,39.2400016784668,37.970001220703125,38.11000061035156,30.337682723999023,12270200
2010-06-10,38.70000076293945,40.119998931884766,38.66999816894531,40.029998779296875,31.866104125976562,11784300
2010-06-11,39.4900016784668,40.20000076293945,39.33000183105469,40.130001068115234,31.94572639465332,7805300
2010-06-14,40.470001220703125,40.68000030517578,39.869998931884766,39.88999938964844,31.754688262939453,8484900
2010-06-15,40.459999084472656,41.63999938964844,40.18000030517578,41.59000015258789,33.10798263549805,10114800
2010-06-16,41.439998626708984,42.5099983215332,41.189998626708984,42.34000015258789,33.70500564575195,11552200
2010-06-17,42.70000076293945,42.72999954223633,41.45000076293945,42.060001373291016,33.48211669921875,8013300
2010-06-18,42.13999938964844,42.2599983215332,41.66999816894531,42.029998779296875,33.458229064941406,9287500
2010-06-21,42.7599983215332,43.13999938964844,42.029998779296875,42.599998474121094,33.911991119384766,12073600
2010-06-22,42.63999938964844,42.91999816894531,41.84000015258789,41.939998626708984,33.3865852355957,9893800
2010-06-23,41.9900016784668,42.47999954223633,41.119998931884766,42.16999816894531,33.56968688964844,9454100
2010-06-24,41.81999969482422,42.34000015258789,40.939998626708984,41.060001373291016,32.686065673828125,9669400
2010-06-25,41.5099983215332,42.66999816894531,40.939998626708984,42.66999816894531,33.96772003173828,23429700
2010-06-28,42.52000045776367,42.7400016784668,41.810001373291016,42.11000061035156,33.521942138671875,8870400
2010-06-29,41.4900016784668,41.540000915527344,39.75,40.09000015258789,31.913883209228516,12254700
2010-06-30,39.81999969482422,40.599998474121094,39.58000183105469,39.70000076293945,31.745973587036133,8975500
2010-07-01,39.54999923706055,40.08000183105469,38.41999816894531,39.47999954223633,31.57004165649414,8747200
2010-07-02,39.810001373291016,39.88999938964844,38.90999984741211,39.41999816894531,31.522056579589844,6928100
2010-07-06,40.15999984741211,40.33000183105469,38.7400016784668,39.209999084472656,31.3541316986084,10308600
2010-07-07,39.06999969482422,41.220001220703125,39.02000045776367,41.150001525878906,32.90544509887695,12115800
2010-07-08,41.70000076293945,42.18000030517578,41.40999984741211,42.119998931884766,33.68110656738281,11511600
2010-07-09,42.11000061035156,42.61000061035156,41.93000030517578,42.58000183105469,34.048946380615234,8292400
2010-07-12,42.400001525878906,42.959999084472656,42.25,42.83000183105469,34.24885177612305,6981200
2010-07-13,43.27000045776367,44.43000030517578,43.2599983215332,44.16999816894531,35.32038497924805,8623100
2010-07-14,43.95000076293945,44.16999816894531,43.27000045776367,43.70000076293945,34.94455337524414,7158100
2010-07-15,43.970001220703125,44.0,42.34000015258789,43.43000030517578,34.72864532470703,9838400
2010-07-16,43.099998474121094,43.16999816894531,41.25,41.380001068115234,33.08937072753906,14179100
2010-07-19,41.5,41.84000015258789,40.459999084472656,41.58000183105469,33.24929428100586,7378200
2010-07-20,40.869998931884766,42.209999084472656,40.7599983215332,42.060001373291016,33.63313293457031,7589600
2010-07-21,42.310001373291016,42.650001525878906,41.0,41.150001525878906,32.90544509887695,9540600
2010-07-22,41.869998931884766,43.4900016784668,41.7599983215332,43.189998626708984,34.53672790527344,10875300
2010-07-23,43.13999938964844,44.869998931884766,42.56999969482422,44.790000915527344,35.81615447998047,15324900
2010-07-26,44.810001373291016,45.54999923706055,44.72999954223633,45.43000030517578,36.32793045043945,9498300
2010-07-27,45.59000015258789,45.68000030517578,44.29999923706055,44.54999923706055,35.624237060546875,10163600
2010-07-28,44.599998474121094,44.97999954223633,44.20000076293945,44.58000183105469,35.64823532104492,6399900
2010-07-29,44.7599983215332,45.0,44.0,44.560001373291016,35.63226318359375,7116900
2010-07-30,43.7400016784668,44.88999938964844,43.7400016784668,44.63999938964844,35.69620895385742,7333600
2010-08-02,45.0099983215332,45.20000076293945,44.779998779296875,44.9900016784668,35.9760856628418,9555200
2010-08-03,44.84000015258789,45.0,44.40999984741211,44.599998474121094,35.66423416137695,7290400
2010-08-04,44.75,45.040000915527344,43.59000015258789,44.11000061035156,35.272403717041016,15944000
2010-08-05,43.77000045776367,44.0,42.88999938964844,43.220001220703125,34.56071853637695,12460900
2010-08-06,42.560001373291016,43.5,42.4900016784668,43.5,34.78460693359375,8052700
2010-08-09,43.810001373291016,44.04999923706055,43.369998931884766,43.75,34.984527587890625,5085000
2010-08-10,43.189998626708984,44.220001220703125,43.09000015258789,44.09000015258789,35.25642395019531,8527900
2010-08-11,43.310001373291016,43.38999938964844,42.849998474121094,42.959999084472656,34.35279846191406,10159600
2010-08-12,42.5099983215332,42.959999084472656,42.04999923706055,42.150001525878906,33.70509719848633,8676100
2010-08-13,42.099998474121094,42.31999969482422,41.720001220703125,41.72999954223633,33.36924743652344,6453400
2010-08-16,41.529998779296875,41.959999084472656,41.279998779296875,41.540000915527344,33.21731948852539,7156200
2010-08-17,41.880001068115234,42.0099983215332,41.470001220703125,41.7400016784668,33.37724304199219,8561600
2010-08-18,41.72999954223633,41.88999938964844,41.119998931884766,41.689998626708984,33.33726501464844,8703300
2010-08-19,41.45000076293945,41.529998779296875,40.900001525878906,40.959999084472656,32.753517150878906,9474700
2010-08-20,41.0,41.06999969482422,40.060001373291016,40.7599983215332,32.59358215332031,7878500
2010-08-23,40.95000076293945,40.95000076293945,40.16999816894531,40.20000076293945,32.14578628540039,5156000
2010-08-24,39.720001220703125,39.97999954223633,39.2400016784668,39.56999969482422,31.642005920410156,7564200
2010-08-25,39.38999938964844,39.939998626708984,39.13999938964844,39.79999923706055,31.825929641723633,6409300
2010-08-26,40.02000045776367,40.380001068115234,39.459999084472656,39.72999954223633,31.769954681396484,6936400
2010-08-27,40.0,40.93000030517578,39.560001373291016,40.90999984741211,32.71352767944336,7486500
2010-08-30,40.689998626708984,40.91999816894531,39.869998931884766,39.88999938964844,31.897911071777344,5103100
2010-08-31,39.72999954223633,40.38999938964844,39.470001220703125,39.869998931884766,31.881900787353516,8312900
2010-09-01,40.54999923706055,41.349998474121094,40.34000015258789,41.06999969482422,32.84147644042969,7717300
2010-09-02,41.27000045776367,41.279998779296875,40.060001373291016,40.880001068115234,32.689552307128906,11712500
2010-09-03,41.29999923706055,41.83000183105469,41.220001220703125,41.79999923706055,33.42522430419922,10887700
2010-09-07,41.47999954223633,41.529998779296875,40.040000915527344,40.09000015258789,32.05781936645508,9780700
2010-09-08,40.33000183105469,40.65999984741211,39.7599983215332,40.06999969482422,32.04183578491211,9172200
2010-09-09,40.75,41.060001373291016,40.06999969482422,40.689998626708984,32.5376091003418,7918400
2010-09-10,40.720001220703125,40.720001220703125,39.9900016784668,40.189998626708984,32.13779067993164,7389300
2010-09-13,40.75,41.40999984741211,40.650001525878906,41.220001220703125,32.961421966552734,8239600
2010-09-14,40.959999084472656,41.13999938964844,40.15999984741211,40.380001068115234,32.28971862792969,9461300
2010-09-15,40.099998474121094,40.939998626708984,39.79999923706055,40.849998474121094,32.66554260253906,7993000
2010-09-16,40.790000915527344,41.119998931884766,40.58000183105469,40.959999084472656,32.753517150878906,7239800
2010-09-17,41.040000915527344,41.47999954223633,40.650001525878906,41.369998931884766,33.08135986328125,29144100
2010-09-20,41.560001373291016,43.290000915527344,41.560001373291016,43.119998931884766,34.480735778808594,11751400
2010-09-21,43.15999984741211,43.380001068115234,42.65999984741211,42.779998779296875,34.2088623046875,9322100
2010-09-22,42.5099983215332,43.130001068115234,42.150001525878906,42.790000915527344,34.21687316894531,11372900
2010-09-23,42.36000061035156,43.0,42.209999084472656,42.36000061035156,33.87302780151367,8687600
2010-09-24,42.90999984741211,43.22999954223633,42.68000030517578,43.130001068115234,34.4887580871582,10150200
2010-09-27,43.25,43.79999923706055,42.7400016784668,43.439998626708984,34.73664474487305,9272600
2010-09-28,43.5,43.869998931884766,42.959999084472656,43.689998626708984,34.936553955078125,6560500
2010-09-29,43.5,43.93000030517578,42.779998779296875,43.0099983215332,34.3928108215332,7914500
2010-09-30,43.349998474121094,43.5,41.97999954223633,42.029998779296875,33.609134674072266,12293300
2010-10-01,42.369998931884766,42.560001373291016,41.54999923706055,41.779998779296875,33.40922546386719,10672000
2010-10-04,41.59000015258789,41.790000915527344,38.68000030517578,39.04999923706055,31.226179122924805,38499800
2010-10-05,39.29999923706055,39.33000183105469,37.33000183105469,38.279998779296875,30.610464096069336,68417100
2010-10-06,38.459999084472656,38.68000030517578,37.91999816894531,38.02000045776367,30.546173095703125,21059200
2010-10-07,38.18000030517578,38.18000030517578,37.77000045776367,37.81999969482422,30.3855037689209,18598200
2010-10-08,37.880001068115234,38.16999816894531,37.59000015258789,37.9900016784668,30.52208709716797,13339900
2010-10-11,38.16999816894531,38.45000076293945,37.900001525878906,37.939998626708984,30.48192596435547,10914000
2010-10-12,37.939998626708984,38.7599983215332,37.900001525878906,38.540000915527344,30.963964462280273,19989300
2010-10-13,38.91999816894531,39.86000061035156,38.7400016784668,39.2599983215332,31.542444229125977,19502400
2010-10-14,39.119998931884766,39.61000061035156,39.0099983215332,39.439998626708984,31.687053680419922,14643600
2010-10-15,39.75,39.79999923706055,39.029998779296875,39.09000015258789,31.405868530273438,14884400
2010-10-18,39.0099983215332,39.58000183105469,38.75,39.54999923706055,31.77541732788086,9998000
2010-10-19,39.38999938964844,40.369998931884766,39.150001525878906,39.310001373291016,31.582624435424805,18099000
2010-10-20,39.5,39.939998626708984,39.36000061035156,39.72999954223633,31.92005157470703,9239800
2010-10-21,39.7599983215332,40.349998474121094,39.619998931884766,40.27000045776367,32.3538932800293,12490900
2010-10-22,40.400001525878906,40.4900016784668,38.959999084472656,39.029998779296875,31.357646942138672,17323300
2010-10-25,39.09000015258789,39.68000030517578,38.880001068115234,39.29999923706055,31.574573516845703,13588100
2010-10-26,39.13999938964844,40.25,39.13999938964844,40.099998474121094,32.21730041503906,12277500
2010-10-27,39.689998626708984,40.790000915527344,39.619998931884766,40.68000030517578,32.68331527709961,15618200
2010-10-28,40.90999984741211,41.59000015258789,40.86000061035156,41.220001220703125,33.11714553833008,14756000
2010-10-29,41.09000015258789,41.47999954223633,40.90999984741211,41.459999084472656,33.309967041015625,9598200
2010-11-01,41.4900016784668,41.970001220703125,41.349998474121094,41.560001373291016,33.39031219482422,8457400
2010-11-02,41.95000076293945,42.59000015258789,41.84000015258789,42.38999938964844,34.0571403503418,9220100
2010-11-03,42.38999938964844,42.54999923706055,41.459999084472656,42.06999969482422,33.80006408691406,11769800
2010-11-04,42.630001068115234,43.91999816894531,42.25,43.72999954223633,35.13374710083008,13169100
2010-11-05,43.61000061035156,44.27000045776367,43.61000061035156,44.06999969482422,35.40690994262695,13061800
2010-11-08,43.68000030517578,44.0,43.36000061035156,43.900001525878906,35.270328521728516,7666200
2010-11-09,43.97999954223633,44.04999923706055,43.189998626708984,43.36000061035156,34.83647537231445,9341600
2010-11-10,43.529998779296875,43.65999984741211,43.040000915527344,43.560001373291016,34.99714660644531,9757300
2010-11-11,43.33000183105469,43.540000915527344,43.0099983215332,43.349998474121094,34.82844161987305,5849600
2010-11-12,42.93000030517578,43.31999969482422,42.38999938964844,42.70000076293945,34.30622100830078,7077300
2010-11-15,42.95000076293945,43.369998931884766,42.63999938964844,42.70000076293945,34.30622100830078,6154700
2010-11-16,42.29999923706055,42.650001525878906,41.4900016784668,41.93000030517578,33.68756866455078,11415900
2010-11-17,41.900001525878906,42.09000015258789,41.40999984741211,41.40999984741211,33.26980209350586,9637400
2010-11-18,41.88999938964844,42.52000045776367,41.88999938964844,42.25,33.94466781616211,8071400
2010-11-19,42.15999984741211,42.79999923706055,41.970001220703125,42.75,34.34638977050781,7480900
2010-11-22,42.470001220703125,42.75,41.86000061035156,42.220001220703125,33.920570373535156,7627200
2010-11-23,41.66999816894531,42.189998626708984,41.599998474121094,41.95000076293945,33.70364761352539,10406800
2010-11-24,42.5099983215332,43.060001373291016,42.34000015258789,43.0,34.5472526550293,6727300
2010-11-26,42.5,42.630001068115234,42.27000045776367,42.27000045776367,33.960750579833984,3000000
2010-11-29,42.08000183105469,43.439998626708984,41.869998931884766,43.33000183105469,34.812381744384766,10380700
2010-11-30,42.75,43.400001525878906,42.619998931884766,43.220001220703125,34.7239990234375,9393300
2010-12-01,43.84000015258789,44.47999954223633,43.689998626708984,44.29999923706055,35.59169006347656,15223000
2010-12-02,44.40999984741211,45.06999969482422,44.25,44.97999954223633,36.138023376464844,10935900
2010-12-03,44.65999984741211,45.0,44.41999816894531,44.880001068115234,36.057674407958984,9132700
2010-12-06,44.65999984741211,45.060001373291016,44.54999923706055,45.0,36.15408706665039,6598900
2010-12-07,45.459999084472656,45.63999938964844,44.7400016784668,44.779998779296875,35.97734451293945,9696300
2010-12-08,44.900001525878906,45.650001525878906,44.79999923706055,45.630001068115234,36.660240173339844,8570200
2010-12-09,45.790000915527344,45.900001525878906,45.290000915527344,45.810001373291016,36.80488586425781,7024100
2010-12-10,45.7599983215332,46.349998474121094,45.75,46.2599983215332,37.166412353515625,8216100
2010-12-13,46.470001220703125,46.779998779296875,46.13999938964844,46.369998931884766,37.25478744506836,8300100
2010-12-14,46.290000915527344,46.77000045776367,46.08000183105469,46.20000076293945,37.118194580078125,5773000
2010-12-15,46.09000015258789,46.779998779296875,45.79999923706055,46.119998931884766,37.05392074584961,7353200
2010-12-16,46.08000183105469,46.40999984741211,44.540000915527344,44.56999969482422,35.808624267578125,15388500
2010-12-17,44.4900016784668,44.84000015258789,43.86000061035156,44.0099983215332,35.35868835449219,17301100
2010-12-20,43.58000183105469,44.86000061035156,41.25,42.5,34.145530700683594,31617900
2010-12-21,42.970001220703125,43.400001525878906,42.79999923706055,43.22999954223633,34.732025146484375,10308500
2010-12-22,43.27000045776367,43.38999938964844,42.619998931884766,42.810001373291016,34.39458084106445,7719100
2010-12-23,43.029998779296875,43.349998474121094,42.56999969482422,42.77000045776367,34.362449645996094,4830600
2010-12-27,42.720001220703125,43.25,42.61000061035156,43.04999923706055,34.587406158447266,4485000
2010-12-28,43.0,43.11000061035156,42.54999923706055,42.790000915527344,34.3785285949707,4017400
2010-12-29,42.79999923706055,42.97999954223633,42.619998931884766,42.86000061035156,34.43476486206055,3253700
2010-12-30,42.7599983215332,42.83000183105469,42.439998626708984,42.5099983215332,34.153560638427734,4374400
2010-12-31,42.5099983215332,42.970001220703125,42.400001525878906,42.91999816894531,34.482975006103516,3464000
2011-01-03,43.29999923706055,43.619998931884766,43.11000061035156,43.400001525878906,34.86861038208008,7633300
2011-01-04,44.40999984741211,44.40999984741211,43.20000076293945,43.95000076293945,35.31050109863281,14066300
2011-01-05,44.09000015258789,45.15999984741211,43.90999984741211,45.040000915527344,36.33503723144531,10655300
2011-01-06,45.380001068115234,45.599998474121094,44.45000076293945,44.72999954223633,36.08495330810547,6347100
2011-01-07,44.93000030517578,44.959999084472656,44.0,44.36000061035156,35.786460876464844,6387800
2011-01-10,44.20000076293945,44.63999938964844,44.0099983215332,44.459999084472656,35.86715316772461,5468000
2011-01-11,44.97999954223633,45.439998626708984,44.79999923706055,45.040000915527344,36.33503723144531,5924200
2011-01-12,45.439998626708984,45.790000915527344,44.83000183105469,45.0,36.302764892578125,8155000
2011-01-13,44.810001373291016,45.36000061035156,44.75,45.060001373291016,36.351173400878906,6362700
2011-01-14,44.93000030517578,46.560001373291016,44.900001525878906,46.25,37.31117630004883,10660800
2011-01-18,46.029998779296875,46.709999084472656,45.79999923706055,46.369998931884766,37.40799331665039,8069500
2011-01-19,45.20000076293945,45.70000076293945,44.79999923706055,45.2400016784668,36.496395111083984,14420900
2011-01-20,44.7400016784668,45.650001525878906,44.709999084472656,45.27000045776367,36.520599365234375,7581200
2011-01-21,45.7599983215332,46.20000076293945,45.5099983215332,46.0,37.10950469970703,8736100
2011-01-24,46.04999923706055,46.279998779296875,45.45000076293945,45.790000915527344,36.940086364746094,9244200
2011-01-25,44.869998931884766,45.25,44.189998626708984,44.79999923706055,36.141414642333984,16089200
2011-01-26,44.90999984741211,44.939998626708984,44.45000076293945,44.459999084472656,35.86715316772461,8081800
2011-01-27,44.4900016784668,44.779998779296875,44.02000045776367,44.540000915527344,35.93166732788086,8068400
2011-01-28,44.54999923706055,44.599998474121094,43.41999816894531,43.86000061035156,35.383094787597656,9940200
2011-01-31,44.130001068115234,44.22999954223633,43.279998779296875,43.380001068115234,34.995880126953125,9931600
2011-02-01,43.540000915527344,43.880001068115234,43.22999954223633,43.599998474121094,35.173370361328125,11408800
2011-02-02,43.38999938964844,44.04999923706055,43.33000183105469,43.720001220703125,35.270164489746094,6849000
2011-02-03,43.650001525878906,43.7400016784668,43.150001525878906,43.529998779296875,35.116878509521484,5189000
2011-02-04,43.529998779296875,43.900001525878906,43.18000030517578,43.81999969482422,35.350833892822266,6105600
2011-02-07,43.959999084472656,45.099998474121094,43.880001068115234,44.81999969482422,36.157554626464844,9379400
2011-02-08,44.65999984741211,45.970001220703125,44.619998931884766,45.880001068115234,37.012691497802734,9824500
2011-02-09,45.599998474121094,46.04999923706055,45.20000076293945,45.720001220703125,36.88360595703125,8703600
2011-02-10,45.65999984741211,46.58000183105469,45.349998474121094,46.56999969482422,37.569332122802734,9216500
2011-02-11,46.27000045776367,46.790000915527344,46.2400016784668,46.75,37.71454620361328,6606800
2011-02-14,46.41999816894531,46.93000030517578,46.2599983215332,46.52000045776367,37.52899932861328,5271300
2011-02-15,46.5,46.849998474121094,45.900001525878906,46.189998626708984,37.26276779174805,5536200
2011-02-16,46.41999816894531,46.91999816894531,46.27000045776367,46.86000061035156,37.80330276489258,7012900
2011-02-17,46.54999923706055,46.68000030517578,45.68000030517578,45.779998779296875,36.93202590942383,10739300
2011-02-18,45.599998474121094,45.66999816894531,45.150001525878906,45.529998779296875,36.7303352355957,12469400
2011-02-22,44.939998626708984,45.119998931884766,44.06999969482422,44.290000915527344,35.72999572753906,9228600
2011-02-23,44.20000076293945,44.52000045776367,43.0099983215332,43.439998626708984,35.04427719116211,9903200
2011-02-24,43.279998779296875,43.95000076293945,43.029998779296875,43.560001373291016,35.141075134277344,10576300
2011-02-25,43.59000015258789,43.77000045776367,43.08000183105469,43.529998779296875,35.116878509521484,9931000
2011-02-28,43.72999954223633,43.95000076293945,43.29999923706055,43.56999969482422,35.14915466308594,9023700
2011-03-01,43.70000076293945,43.939998626708984,43.11000061035156,43.150001525878906,34.810333251953125,8848900
2011-03-02,43.060001373291016,43.41999816894531,42.75,43.02000045776367,34.7054557800293,7159400
2011-03-03,43.43000030517578,44.439998626708984,43.43000030517578,44.29999923706055,35.738059997558594,7576300
2011-03-04,44.36000061035156,44.68000030517578,43.209999084472656,43.720001220703125,35.270164489746094,6368800
2011-03-07,43.86000061035156,44.58000183105469,43.529998779296875,43.709999084472656,35.26206588745117,7628900
2011-03-08,43.959999084472656,45.540000915527344,43.90999984741211,45.2400016784668,36.496395111083984,10814000
2011-03-09,45.20000076293945,45.369998931884766,44.630001068115234,45.04999923706055,36.34311294555664,5807500
2011-03-10,44.599998474121094,44.68000030517578,43.77000045776367,44.02000045776367,35.51218032836914,6888200
2011-03-11,43.779998779296875,44.310001373291016,43.68000030517578,44.279998779296875,35.72193145751953,6420000
2011-03-14,43.86000061035156,44.209999084472656,43.220001220703125,43.90999984741211,35.42342758178711,6206600
2011-03-15,42.95000076293945,43.959999084472656,42.58000183105469,43.63999938964844,35.20560836791992,7581000
2011-03-16,43.369998931884766,43.709999084472656,42.189998626708984,42.36000061035156,34.173011779785156,10406000
2011-03-17,43.02000045776367,43.459999084472656,42.86000061035156,43.41999816894531,35.02813720703125,7698800
2011-03-18,44.06999969482422,44.470001220703125,43.689998626708984,44.16999816894531,35.63318634033203,9834900
2011-03-21,44.75,44.86000061035156,44.099998474121094,44.31999969482422,35.754215240478516,5322100
2011-03-22,44.36000061035156,45.0,44.13999938964844,44.75,36.10108947753906,6739600
2011-03-23,44.619998931884766,45.11000061035156,44.459999084472656,45.02000045776367,36.31891632080078,6120200
2011-03-24,45.25,45.61000061035156,44.720001220703125,45.59000015258789,36.77873611450195,6425000
2011-03-25,45.560001373291016,45.61000061035156,45.130001068115234,45.59000015258789,36.77873611450195,6156800
2011-03-28,45.540000915527344,46.099998474121094,45.5099983215332,45.720001220703125,36.88360595703125,5352700
2011-03-29,45.689998626708984,45.9900016784668,45.34000015258789,45.650001525878906,36.82713317871094,5005800
2011-03-30,46.060001373291016,46.290000915527344,45.720001220703125,45.90999984741211,37.03688430786133,5542200
2011-03-31,45.83000183105469,46.0099983215332,45.11000061035156,45.20000076293945,36.464115142822266,5997300
2011-04-01,45.70000076293945,45.77000045776367,45.20000076293945,45.36000061035156,36.59318923950195,5877600
2011-04-04,45.61000061035156,45.630001068115234,45.150001525878906,45.41999816894531,36.6415901184082,4362700
2011-04-05,45.2400016784668,45.61000061035156,45.099998474121094,45.41999816894531,36.6415901184082,4883700
2011-04-06,45.59000015258789,46.40999984741211,45.52000045776367,46.279998779296875,37.48393249511719,8119100
2011-04-07,46.20000076293945,46.369998931884766,45.709999084472656,46.15999984741211,37.386749267578125,7490500
2011-04-08,46.2400016784668,46.4900016784668,45.939998626708984,46.279998779296875,37.48393249511719,5335100
2011-04-11,46.36000061035156,46.95000076293945,46.2400016784668,46.380001068115234,37.5649299621582,5779400
2011-04-12,46.220001220703125,46.43000030517578,45.81999969482422,46.02000045776367,37.27334213256836,5950300
2011-04-13,46.31999969482422,46.59000015258789,45.81999969482422,46.099998474121094,37.33814239501953,5534600
2011-04-14,45.91999816894531,46.11000061035156,45.599998474121094,45.880001068115234,37.15995407104492,4964600
2011-04-15,46.099998474121094,46.4900016784668,45.86000061035156,46.25,37.459625244140625,6837700
2011-04-18,45.849998474121094,46.189998626708984,45.27000045776367,46.060001373291016,37.305747985839844,7026000
2011-04-19,46.099998474121094,46.83000183105469,45.810001373291016,46.63999938964844,37.7755126953125,7585000
2011-04-20,46.88999938964844,47.47999954223633,46.7599983215332,47.0,38.06709671020508,8308100
2011-04-21,46.470001220703125,47.310001373291016,45.619998931884766,47.11000061035156,38.156192779541016,11841400
2011-04-25,47.189998626708984,47.5,47.02000045776367,47.04999923706055,38.10759735107422,5015100
2011-04-26,47.099998474121094,47.2400016784668,46.77000045776367,47.099998474121094,38.14808654785156,5500000
2011-04-27,47.150001525878906,47.720001220703125,46.93000030517578,47.619998931884766,38.56924057006836,4900700
2011-04-28,47.54999923706055,48.56999969482422,47.25,48.52000045776367,39.29819869995117,8521700
2011-04-29,48.33000183105469,49.150001525878906,48.310001373291016,49.08000183105469,39.75175857543945,8551400
2011-05-02,49.369998931884766,49.810001373291016,49.349998474121094,49.650001525878906,40.21342849731445,8949500
2011-05-03,49.65999984741211,50.09000015258789,49.599998474121094,49.900001525878906,40.41590118408203,8800500
2011-05-04,49.95000076293945,50.0,49.400001525878906,49.70000076293945,40.2539176940918,8252200
2011-05-05,49.529998779296875,49.959999084472656,49.2400016784668,49.52000045776367,40.10813903808594,9298000
2011-05-06,49.900001525878906,50.470001220703125,49.81999969482422,50.20000076293945,40.65890121459961,8663300
2011-05-09,50.060001373291016,50.41999816894531,49.93000030517578,50.189998626708984,40.65077590942383,6289300
2011-05-10,50.41999816894531,50.459999084472656,49.939998626708984,50.16999816894531,40.634586334228516,6517900
2011-05-11,50.13999938964844,50.20000076293945,49.7400016784668,49.83000183105469,40.35920715332031,6508900
2011-05-12,49.790000915527344,49.79999923706055,49.220001220703125,49.540000915527344,40.12433624267578,7900000
2011-05-13,49.77000045776367,49.9900016784668,49.29999923706055,49.4900016784668,40.08384323120117,8195300
2011-05-16,49.41999816894531,50.61000061035156,49.16999816894531,50.06999969482422,40.55360412597656,7249400
2011-05-17,49.939998626708984,50.79999923706055,49.75,50.7599983215332,41.112457275390625,7688800
2011-05-18,50.790000915527344,51.099998474121094,50.54999923706055,51.060001373291016,41.35544204711914,7235600
2011-05-19,51.189998626708984,51.93000030517578,51.099998474121094,51.81999969482422,41.97099685668945,6946400
2011-05-20,51.75,51.970001220703125,51.04999923706055,51.189998626708984,41.46071243286133,7397800
2011-05-23,50.7400016784668,51.2599983215332,50.439998626708984,51.119998931884766,41.404029846191406,6473500
2011-05-24,51.150001525878906,51.380001068115234,50.47999954223633,50.560001373291016,40.950469970703125,8052600
2011-05-25,50.439998626708984,50.689998626708984,49.790000915527344,50.40999984741211,40.82897186279297,5734400
2011-05-26,50.150001525878906,50.90999984741211,50.130001068115234,50.68000030517578,41.04765701293945,6090200
2011-05-27,50.83000183105469,51.22999954223633,50.70000076293945,51.130001068115234,41.412147521972656,3169500
2011-05-31,51.38999938964844,51.70000076293945,51.06999969482422,51.599998474121094,41.79280471801758,4978400
2011-06-01,51.310001373291016,51.33000183105469,49.869998931884766,49.90999984741211,40.42401885986328,8085100
2011-06-02,49.9900016784668,50.459999084472656,49.47999954223633,50.09000015258789,40.56977844238281,6676700
2011-06-03,49.45000076293945,49.84000015258789,49.040000915527344,49.279998779296875,39.91374969482422,5472300
2011-06-06,49.130001068115234,49.33000183105469,48.43000030517578,48.779998779296875,39.50876998901367,6652100
2011-06-07,49.04999923706055,49.380001068115234,48.68000030517578,48.88999938964844,39.597869873046875,5502700
2011-06-08,48.83000183105469,49.29999923706055,47.93000030517578,48.099998474121094,38.9580192565918,7859800
2011-06-09,48.02000045776367,49.0099983215332,47.90999984741211,48.33000183105469,39.14430618286133,6992500
2011-06-10,48.20000076293945,48.290000915527344,47.33000183105469,47.7400016784668,38.66644287109375,6807700
2011-06-13,47.959999084472656,48.310001373291016,47.619998931884766,48.2400016784668,39.0714111328125,5723900
2011-06-14,48.540000915527344,49.13999938964844,48.040000915527344,48.150001525878906,38.99852752685547,6280200
2011-06-15,47.939998626708984,47.939998626708984,46.959999084472656,47.279998779296875,38.29387664794922,8333200
2011-06-16,47.25,48.529998779296875,46.91999816894531,48.40999984741211,39.209102630615234,9019300
2011-06-17,48.68000030517578,48.7599983215332,48.08000183105469,48.5,39.28199768066406,8339200
2011-06-20,48.349998474121094,49.349998474121094,48.150001525878906,48.880001068115234,39.58976745605469,4944700
2011-06-21,49.02000045776367,49.689998626708984,48.709999084472656,49.54999923706055,40.132423400878906,5373400
2011-06-22,49.54999923706055,50.150001525878906,49.11000061035156,49.849998474121094,40.37540817260742,7043900
2011-06-23,49.349998474121094,49.470001220703125,48.5,49.209999084472656,39.85704040527344,7319700
2011-06-24,49.29999923706055,49.36000061035156,48.29999923706055,48.34000015258789,39.152408599853516,10193300
2011-06-27,48.4900016784668,49.779998779296875,48.369998931884766,49.540000915527344,40.12433624267578,5625900
2011-06-28,49.66999816894531,49.9900016784668,49.40999984741211,49.81999969482422,40.351112365722656,5472200
2011-06-29,49.84000015258789,51.040000915527344,49.29999923706055,50.91999816894531,41.39159393310547,9854600
2011-06-30,50.970001220703125,51.81999969482422,50.16999816894531,51.70000076293945,42.025630950927734,7579000
2011-07-01,51.689998626708984,52.5,51.56999969482422,52.34000015258789,42.54587173461914,6348500
2011-07-05,52.27000045776367,52.630001068115234,52.22999954223633,52.33000183105469,42.537750244140625,5406900
2011-07-06,52.209999084472656,52.86000061035156,51.81999969482422,52.7599983215332,42.88728332519531,5926100
2011-07-07,52.779998779296875,53.79999923706055,52.7400016784668,53.59000015258789,43.56196594238281,5951700
2011-07-08,52.95000076293945,53.099998474121094,52.560001373291016,53.06999969482422,43.1392707824707,5228100
2011-07-11,52.5,52.86000061035156,52.11000061035156,52.27000045776367,42.48896789550781,5342400
2011-07-12,52.91999816894531,53.36000061035156,52.380001068115234,52.400001525878906,42.59463882446289,6905700
2011-07-13,52.56999969482422,53.099998474121094,51.880001068115234,51.95000076293945,42.228858947753906,6654800
2011-07-14,52.2400016784668,52.43000030517578,51.29999923706055,51.380001068115234,41.76551818847656,6636900
2011-07-15,51.599998474121094,52.08000183105469,51.02000045776367,51.810001373291016,42.11503982543945,6399900
2011-07-18,51.5,51.66999816894531,50.540000915527344,51.33000183105469,41.724876403808594,5099300
2011-07-19,51.7400016784668,52.619998931884766,51.189998626708984,51.810001373291016,42.11503982543945,8132900
2011-07-20,52.16999816894531,52.70000076293945,51.61000061035156,52.09000015258789,42.3426399230957,7104500
2011-07-21,52.22999954223633,53.279998779296875,51.91999816894531,52.58000183105469,42.7409782409668,10794600
2011-07-22,52.9900016784668,53.029998779296875,52.040000915527344,52.2400016784668,42.46458435058594,6064800
2011-07-25,51.65999984741211,52.29999923706055,51.43000030517578,51.810001373291016,42.11503982543945,3730400
2011-07-26,51.709999084472656,51.88999938964844,51.150001525878906,51.56999969482422,41.919960021972656,3911500
2011-07-27,51.2400016784668,51.2599983215332,50.40999984741211,50.47999954223633,41.03392028808594,5804400
2011-07-28,50.599998474121094,51.279998779296875,50.439998626708984,50.54999923706055,41.0908203125,4037600
2011-07-29,50.130001068115234,50.369998931884766,49.540000915527344,50.040000915527344,40.676265716552734,6893900
2011-08-01,50.4900016784668,50.61000061035156,49.279998779296875,50.02000045776367,40.660011291503906,4934600
2011-08-02,49.38999938964844,49.970001220703125,48.5,48.52000045776367,39.44070053100586,7069900
2011-08-03,48.4900016784668,48.939998626708984,47.529998779296875,48.86000061035156,39.717071533203125,6956200
2011-08-04,48.04999923706055,48.40999984741211,46.75,46.84000015258789,38.0750617980957,13242700
2011-08-05,47.41999816894531,48.279998779296875,46.459999084472656,47.209999084472656,38.37583923339844,18172400
2011-08-08,45.849998474121094,46.77000045776367,42.779998779296875,43.040000915527344,34.98613739013672,21466400
2011-08-09,43.58000183105469,46.130001068115234,42.029998779296875,46.099998474121094,37.47354507446289,21212600
2011-08-10,44.70000076293945,45.040000915527344,42.72999954223633,42.79999923706055,34.79104232788086,16766100
2011-08-11,43.220001220703125,45.779998779296875,43.0,45.06999969482422,36.636287689208984,13960700
2011-08-12,45.91999816894531,46.7400016784668,44.619998931884766,44.88999938964844,36.489952087402344,9956900
2011-08-15,45.15999984741211,45.97999954223633,45.02000045776367,45.81999969482422,37.24591064453125,7285400
2011-08-16,45.189998626708984,45.86000061035156,44.529998779296875,44.88999938964844,36.489952087402344,8114700
2011-08-17,45.27000045776367,45.900001525878906,45.11000061035156,45.86000061035156,37.278438568115234,7766100
2011-08-18,44.29999923706055,44.439998626708984,43.650001525878906,44.279998779296875,35.994102478027344,14953200
2011-08-19,43.86000061035156,45.150001525878906,43.779998779296875,44.470001220703125,36.14854431152344,12829400
2011-08-22,45.20000076293945,45.459999084472656,44.400001525878906,44.599998474121094,36.25423812866211,7936200
2011-08-23,44.70000076293945,46.43000030517578,44.15999984741211,46.41999816894531,37.7336540222168,9316100
2011-08-24,46.41999816894531,48.2400016784668,46.22999954223633,48.08000183105469,39.083038330078125,8589000
2011-08-25,48.7400016784668,49.279998779296875,47.20000076293945,48.09000015258789,39.091156005859375,10955300
2011-08-26,47.93000030517578,48.790000915527344,47.040000915527344,48.47999954223633,39.40816879272461,7169500
2011-08-29,49.209999084472656,49.349998474121094,48.31999969482422,48.54999923706055,39.465084075927734,9207700
2011-08-30,48.369998931884766,49.060001373291016,47.630001068115234,48.65999984741211,39.554500579833984,7456200
2011-08-31,49.0,49.97999954223633,48.81999969482422,49.709999084472656,40.408016204833984,7974800
2011-09-01,49.63999938964844,49.9900016784668,49.310001373291016,49.5,40.23731231689453,10278400
2011-09-02,48.66999816894531,49.22999954223633,48.11000061035156,48.5099983215332,39.432559967041016,8755600
2011-09-06,47.25,48.16999816894531,47.130001068115234,48.060001373291016,39.0667724609375,8360900
2011-09-07,48.72999954223633,49.97999954223633,48.689998626708984,49.97999954223633,40.62748718261719,7805700
2011-09-08,49.220001220703125,50.529998779296875,49.099998474121094,49.529998779296875,40.26168441772461,7798200
2011-09-09,49.08000183105469,49.2400016784668,47.13999938964844,47.279998779296875,38.4327392578125,11081200
2011-09-12,46.34000015258789,47.630001068115234,46.130001068115234,47.459999084472656,38.57904052734375,9713400
2011-09-13,47.560001373291016,48.09000015258789,46.9900016784668,47.900001525878906,38.93669509887695,6061300
2011-09-14,48.15999984741211,49.61000061035156,47.2400016784668,48.9900016784668,39.8227424621582,7407100
2011-09-15,49.619998931884766,49.75,48.61000061035156,49.36000061035156,40.12350082397461,7059000
2011-09-16,49.630001068115234,50.18000030517578,49.45000076293945,50.119998931884766,40.74128723144531,9312300
2011-09-19,49.2599983215332,49.439998626708984,48.220001220703125,48.68000030517578,39.57076644897461,8114600
2011-09-20,48.97999954223633,49.97999954223633,48.7599983215332,49.27000045776367,40.05034637451172,6045100
2011-09-21,49.38999938964844,50.349998474121094,48.18000030517578,48.22999954223633,39.204959869384766,8661200
2011-09-22,47.25,48.119998931884766,45.84000015258789,46.630001068115234,37.904361724853516,12460600
2011-09-23,46.189998626708984,46.619998931884766,45.58000183105469,46.45000076293945,37.75804138183594,9061500
2011-09-26,46.849998474121094,47.619998931884766,45.86000061035156,47.560001373291016,38.66032409667969,8518700
2011-09-27,48.650001525878906,48.65999984741211,46.75,47.08000183105469,38.270145416259766,9141400
2011-09-28,47.45000076293945,48.029998779296875,46.45000076293945,46.470001220703125,37.7742919921875,8672700
2011-09-29,47.59000015258789,47.79999923706055,45.43000030517578,46.720001220703125,37.97751235961914,8372300
2011-09-30,46.08000183105469,46.150001525878906,44.869998931884766,44.900001525878906,36.498085021972656,7858200
2011-10-03,44.52000045776367,45.47999954223633,43.470001220703125,43.47999954223633,35.343807220458984,9185500
2011-10-04,42.5099983215332,43.560001373291016,41.29999923706055,43.43000030517578,35.30315017700195,17890900
2011-10-05,43.45000076293945,43.619998931884766,42.59000015258789,43.40999984741211,35.43375778198242,12080700
2011-10-06,43.29999923706055,44.52000045776367,42.65999984741211,44.43000030517578,36.26633071899414,10198000
2011-10-07,44.66999816894531,44.88999938964844,43.27000045776367,43.43000030517578,35.45008087158203,11193200
2011-10-10,44.45000076293945,45.4900016784668,44.45000076293945,45.45000076293945,37.09892654418945,7589300
2011-10-11,45.27000045776367,46.11000061035156,44.77000045776367,45.7599983215332,37.351966857910156,6348600
2011-10-12,46.11000061035156,47.650001525878906,45.9900016784668,47.029998779296875,38.388607025146484,10596200
2011-10-13,46.400001525878906,46.709999084472656,45.90999984741211,46.33000183105469,37.81723403930664,7283900
2011-10-14,47.18000030517578,47.220001220703125,44.97999954223633,46.099998474121094,37.62949752807617,9612300
2011-10-17,45.869998931884766,46.150001525878906,45.02000045776367,45.119998931884766,36.82957077026367,7611400
2011-10-18,45.209999084472656,47.040000915527344,45.0,46.68000030517578,38.10292434692383,9095700
2011-10-19,46.709999084472656,46.9900016784668,46.0099983215332,46.130001068115234,37.653987884521484,9097500
2011-10-20,45.5,46.290000915527344,44.689998626708984,46.189998626708984,37.70295333862305,12221800
2011-10-21,46.86000061035156,48.470001220703125,46.86000061035156,48.459999084472656,39.55585861206055,14151400
2011-10-24,48.31999969482422,50.2400016784668,48.31999969482422,49.91999816894531,40.74759292602539,11165700
2011-10-25,49.5099983215332,50.29999923706055,49.2400016784668,49.41999816894531,40.33946990966797,12728700
2011-10-26,50.0,50.84000015258789,49.41999816894531,50.45000076293945,41.180206298828125,10908300
2011-10-27,51.56999969482422,52.349998474121094,51.060001373291016,52.060001373291016,42.49440002441406,12093600
2011-10-28,51.47999954223633,52.209999084472656,51.40999984741211,52.099998474121094,42.52702331542969,7379700
2011-10-31,51.31999969482422,52.040000915527344,50.59000015258789,50.619998931884766,41.3189811706543,8020300
2011-11-01,49.58000183105469,50.130001068115234,48.90999984741211,48.9900016784668,39.98848342895508,9820100
2011-11-02,49.869998931884766,50.86000061035156,49.7400016784668,50.31999969482422,41.07410430908203,7349200
2011-11-03,50.779998779296875,51.81999969482422,50.04999923706055,51.68000030517578,42.18421173095703,7777000
2011-11-04,51.27000045776367,51.41999816894531,50.5099983215332,51.18000030517578,41.77609634399414,5287800
2011-11-07,50.869998931884766,51.33000183105469,50.279998779296875,51.25,41.83323669433594,4458000
2011-11-08,51.560001373291016,51.599998474121094,50.70000076293945,51.34000015258789,41.90668487548828,6586400
2011-11-09,50.38999938964844,50.63999938964844,49.04999923706055,49.209999084472656,40.16804885864258,8037800
2011-11-10,49.849998474121094,49.939998626708984,48.72999954223633,49.09000015258789,40.070106506347656,6265800
2011-11-11,49.970001220703125,50.58000183105469,49.720001220703125,50.369998931884766,41.114906311035156,5314300
2011-11-14,49.790000915527344,50.11000061035156,49.040000915527344,49.45000076293945,40.36396408081055,4319800
2011-11-15,49.22999954223633,50.38999938964844,49.02000045776367,49.95000076293945,40.772098541259766,5465800
2011-11-16,49.290000915527344,49.52000045776367,48.0099983215332,48.119998931884766,39.27832794189453,7570000
2011-11-17,48.029998779296875,48.209999084472656,46.36000061035156,46.70000076293945,38.11925506591797,9222800
2011-11-18,46.95000076293945,47.099998474121094,46.380001068115234,46.880001068115234,38.26618957519531,5316200
2011-11-21,46.150001525878906,46.38999938964844,45.5,46.060001373291016,37.59685134887695,8207400
2011-11-22,46.0099983215332,46.310001373291016,45.529998779296875,46.0,37.547874450683594,5975000
2011-11-23,45.5,45.689998626708984,44.95000076293945,45.099998474121094,36.813228607177734,7220000
2011-11-25,44.86000061035156,45.400001525878906,44.70000076293945,45.0,36.73160934448242,2748000
2011-11-28,46.06999969482422,46.560001373291016,45.54999923706055,46.0099983215332,37.55603790283203,9046300
2011-11-29,46.150001525878906,46.2599983215332,45.4900016784668,45.54999923706055,37.18054962158203,6688600
2011-11-30,47.11000061035156,48.06999969482422,46.79999923706055,48.040000915527344,39.21303176879883,12252500
2011-12-01,47.70000076293945,48.09000015258789,47.380001068115234,47.790000915527344,39.00897216796875,6534000
2011-12-02,48.34000015258789,49.02000045776367,48.13999938964844,48.22999954223633,39.368125915527344,7006700
2011-12-05,49.15999984741211,49.310001373291016,48.36000061035156,48.779998779296875,39.81706619262695,6106600
2011-12-06,48.880001068115234,48.97999954223633,48.41999816894531,48.560001373291016,39.63749313354492,5531600
2011-12-07,48.16999816894531,49.38999938964844,47.66999816894531,49.15999984741211,40.12725067138672,6523000
2011-12-08,48.83000183105469,49.0099983215332,47.630001068115234,47.810001373291016,39.025299072265625,6940400
2011-12-09,48.540000915527344,49.040000915527344,48.13999938964844,48.79999923706055,39.83339309692383,7020100
2011-12-12,48.189998626708984,48.2599983215332,47.40999984741211,47.88999938964844,39.09060287475586,5167900
2011-12-13,48.56999969482422,48.63999938964844,46.939998626708984,47.38999938964844,38.68247604370117,7377000
2011-12-14,46.84000015258789,47.4900016784668,46.810001373291016,47.08000183105469,38.42942810058594,6965700
2011-12-15,47.619998931884766,47.720001220703125,46.34000015258789,46.41999816894531,37.89069747924805,7172700
2011-12-16,46.84000015258789,47.369998931884766,46.63999938964844,46.880001068115234,38.26618957519531,11976000
2011-12-19,46.869998931884766,47.08000183105469,45.88999938964844,46.040000915527344,37.58051681518555,5271000
2011-12-20,46.689998626708984,48.099998474121094,46.630001068115234,47.91999816894531,39.115074157714844,7589100
2011-12-21,48.119998931884766,48.4900016784668,47.22999954223633,47.4900016784668,38.76409149169922,6236400
2011-12-22,47.7400016784668,48.0,47.290000915527344,47.630001068115234,38.87837219238281,5872000
2011-12-23,47.72999954223633,47.959999084472656,47.36000061035156,47.95000076293945,39.13957595825195,3125600
2011-12-27,47.959999084472656,48.16999816894531,47.599998474121094,47.65999984741211,38.90285873413086,2660800
2011-12-28,47.72999954223633,47.79999923706055,46.84000015258789,46.970001220703125,38.339637756347656,3829800
2011-12-29,47.16999816894531,47.56999969482422,46.9900016784668,47.52000045776367,38.78859329223633,2898500
2011-12-30,47.650001525878906,47.689998626708984,47.15999984741211,47.16999816894531,38.50288772583008,3333000
2012-01-03,48.29999923706055,48.959999084472656,48.13999938964844,48.38999938964844,39.49872970581055,6955400
2012-01-04,48.02000045776367,48.380001068115234,47.400001525878906,48.2400016784668,39.52330017089844,4847600
2012-01-05,47.84000015258789,49.25,47.70000076293945,48.79999923706055,39.98212814331055,6095100
2012-01-06,48.869998931884766,48.970001220703125,48.04999923706055,48.27000045776367,39.54788589477539,4894300
2012-01-09,48.31999969482422,48.70000076293945,48.119998931884766,48.38999938964844,39.64620590209961,5273000
2012-01-10,48.959999084472656,49.119998931884766,48.279998779296875,48.66999816894531,39.8755989074707,6838600
2012-01-11,48.45000076293945,49.08000183105469,48.20000076293945,48.95000076293945,40.105003356933594,4497700
2012-01-12,49.189998626708984,49.689998626708984,48.95000076293945,49.650001525878906,40.67853546142578,5693400
2012-01-13,49.130001068115234,49.79999923706055,48.81999969482422,49.7599983215332,40.76864242553711,5741700
2012-01-17,49.59000015258789,50.45000076293945,49.59000015258789,50.220001220703125,41.14552307128906,6533900
2012-01-18,50.130001068115234,50.970001220703125,49.95000076293945,50.560001373291016,41.42409133911133,7301300
2012-01-19,50.709999084472656,51.0,50.459999084472656,50.95000076293945,41.7436408996582,6423200
2012-01-20,49.130001068115234,50.08000183105469,48.84000015258789,50.040000915527344,40.99806213378906,12745800
2012-01-23,50.02000045776367,50.63999938964844,49.2400016784668,49.439998626708984,40.506473541259766,7326800
2012-01-24,49.099998474121094,49.599998474121094,48.900001525878906,49.22999954223633,40.33442687988281,5475800
2012-01-25,49.400001525878906,50.5,49.25,50.16999816894531,41.10456848144531,6667400
2012-01-26,50.369998931884766,50.68000030517578,49.720001220703125,49.97999954223633,40.94889831542969,6221000
2012-01-27,49.66999816894531,50.279998779296875,49.66999816894531,49.849998474121094,40.84239196777344,5398100
2012-01-30,49.43000030517578,49.459999084472656,48.900001525878906,49.119998931884766,40.24429702758789,5490100
2012-01-31,49.5,50.189998626708984,49.16999816894531,50.13999938964844,41.079994201660156,6896300
2012-02-01,50.369998931884766,50.939998626708984,50.27000045776367,50.619998931884766,41.47325897216797,6105800
2012-02-02,50.720001220703125,51.43000030517578,50.599998474121094,51.15999984741211,41.915679931640625,6457200
2012-02-03,51.849998474121094,52.45000076293945,51.779998779296875,52.25,42.8087272644043,8171900
2012-02-06,51.880001068115234,52.119998931884766,51.36000061035156,51.810001373291016,42.448219299316406,5664300
2012-02-07,51.529998779296875,52.61000061035156,51.529998779296875,52.130001068115234,42.710411071777344,5944800
2012-02-08,51.84000015258789,52.09000015258789,51.41999816894531,51.63999938964844,42.30894470214844,6073300
2012-02-09,51.849998474121094,52.599998474121094,51.83000183105469,52.310001373291016,42.857887268066406,7259300
2012-02-10,51.81999969482422,52.20000076293945,51.529998779296875,51.810001373291016,42.448219299316406,4077400
2012-02-13,52.2400016784668,52.29999923706055,51.849998474121094,52.06999969482422,42.6612434387207,3631800
2012-02-14,52.02000045776367,52.16999816894531,51.5,51.959999084472656,42.57111358642578,4794700
2012-02-15,52.41999816894531,52.41999816894531,51.380001068115234,51.52000045776367,42.21062088012695,5480500
2012-02-16,51.540000915527344,53.029998779296875,51.5,52.869998931884766,43.316688537597656,8042800
2012-02-17,53.310001373291016,53.310001373291016,52.68000030517578,52.86000061035156,43.30849838256836,5158000
2012-02-21,52.720001220703125,52.9900016784668,52.529998779296875,52.849998474121094,43.30030059814453,5082700
2012-02-22,52.77000045776367,53.09000015258789,52.709999084472656,52.790000915527344,43.25114822387695,4829500
2012-02-23,52.790000915527344,53.029998779296875,52.459999084472656,52.66999816894531,43.15282440185547,4345900
2012-02-24,52.93000030517578,53.41999816894531,52.790000915527344,53.33000183105469,43.69356918334961,4985300
2012-02-27,52.93000030517578,54.45000076293945,52.619998931884766,54.18000030517578,44.38999557495117,6781500
2012-02-28,53.56999969482422,53.970001220703125,53.06999969482422,53.7599983215332,44.045875549316406,7067600
2012-02-29,53.459999084472656,53.84000015258789,52.56999969482422,52.88999938964844,43.33308410644531,10159700
2012-03-01,53.029998779296875,53.880001068115234,52.93000030517578,53.56999969482422,43.89019775390625,5398900
2012-03-02,53.560001373291016,53.58000183105469,52.83000183105469,52.9900016784668,43.41500473022461,4751300
2012-03-05,52.650001525878906,53.0099983215332,52.310001373291016,52.970001220703125,43.398624420166016,6074700
2012-03-06,52.41999816894531,52.540000915527344,51.540000915527344,51.7400016784668,42.390872955322266,6109800
2012-03-07,51.84000015258789,52.40999984741211,51.7599983215332,52.27000045776367,42.825111389160156,5116100
2012-03-08,52.7400016784668,53.09000015258789,52.4900016784668,52.95000076293945,43.382232666015625,4341000
2012-03-09,53.029998779296875,53.470001220703125,52.810001373291016,53.20000076293945,43.587066650390625,4329800
2012-03-12,53.20000076293945,53.2400016784668,52.5099983215332,52.77000045776367,43.2347526550293,3983200
2012-03-13,53.16999816894531,54.25,52.75,54.25,44.44733428955078,6954000
2012-03-14,54.65999984741211,56.279998779296875,54.459999084472656,56.150001525878906,46.0040168762207,12001900
2012-03-15,56.060001373291016,56.7599983215332,55.65999984741211,56.720001220703125,46.47102737426758,7985300
2012-03-16,57.310001373291016,57.380001068115234,56.43000030517578,56.54999923706055,46.33172607421875,11287500
2012-03-19,56.599998474121094,57.5,56.40999984741211,57.27000045776367,46.921630859375,5605000
2012-03-20,56.720001220703125,57.2400016784668,56.529998779296875,56.90999984741211,46.62667465209961,5450400
2012-03-21,57.08000183105469,57.5,56.90999984741211,57.04999923706055,46.741397857666016,6034100
2012-03-22,56.779998779296875,57.54999923706055,56.45000076293945,57.290000915527344,46.93802261352539,6047600
2012-03-23,57.279998779296875,57.529998779296875,56.869998931884766,57.25,46.90525436401367,4420500
2012-03-26,57.75,58.75,57.599998474121094,58.65999984741211,48.06047058105469,6341600
2012-03-27,59.0,59.18000030517578,58.209999084472656,58.220001220703125,47.699981689453125,5683000
2012-03-28,58.380001068115234,59.2599983215332,58.380001068115234,59.060001373291016,48.388206481933594,7925900
2012-03-29,58.279998779296875,58.439998626708984,57.2400016784668,57.88999938964844,47.42959976196289,7397600
2012-03-30,58.18000030517578,58.310001373291016,57.540000915527344,57.86000061035156,47.405025482177734,5779700
2012-04-02,57.900001525878906,58.33000183105469,57.470001220703125,58.0099983215332,47.52792739868164,6674200
2012-04-03,57.88999938964844,58.5,57.75,58.38999938964844,48.004764556884766,5782800
2012-04-04,57.97999954223633,58.09000015258789,57.209999084472656,57.369998931884766,47.16617965698242,5107700
2012-04-05,57.22999954223633,58.20000076293945,57.209999084472656,58.099998474121094,47.7663459777832,4411800
2012-04-09,57.220001220703125,57.369998931884766,56.81999969482422,57.15999984741211,46.993534088134766,4259500
2012-04-10,57.099998474121094,57.59000015258789,56.13999938964844,56.18000030517578,46.187835693359375,6739600
2012-04-11,56.79999923706055,57.15999984741211,56.650001525878906,56.95000076293945,46.82088088989258,6449700
2012-04-12,57.040000915527344,58.06999969482422,56.72999954223633,58.040000915527344,47.71702194213867,4881200
2012-04-13,58.0099983215332,58.09000015258789,57.18000030517578,57.279998779296875,47.092185974121094,5574900
2012-04-16,57.72999954223633,58.060001373291016,57.060001373291016,57.83000183105469,47.54437255859375,6443700
2012-04-17,57.959999084472656,58.38999938964844,57.650001525878906,58.18000030517578,47.83211898803711,5197600
2012-04-18,58.15999984741211,58.70000076293945,57.95000076293945,58.040000915527344,47.71702194213867,5669900
2012-04-19,57.720001220703125,58.310001373291016,57.099998474121094,57.56999969482422,47.33060073852539,7207800
2012-04-20,57.52000045776367,57.810001373291016,57.18000030517578,57.45000076293945,47.23196029663086,7844600
2012-04-23,56.959999084472656,57.38999938964844,56.5,57.31999969482422,47.12507629394531,6168200
2012-04-24,57.2400016784668,57.7599983215332,57.09000015258789,57.630001068115234,47.37992858886719,5401100
2012-04-25,57.939998626708984,59.0,57.83000183105469,58.90999984741211,48.43227005004883,8184700
2012-04-26,58.849998474121094,59.720001220703125,58.75,59.59000015258789,48.991336822509766,6168400
2012-04-27,59.849998474121094,60.959999084472656,59.83000183105469,60.16999816894531,49.46816635131836,13975100
2012-04-30,60.04999923706055,60.310001373291016,59.75,60.209999084472656,49.50105667114258,7902500
2012-05-01,59.95000076293945,61.16999816894531,59.66999816894531,60.970001220703125,50.12589645385742,10332800
2012-05-02,60.5,61.41999816894531,60.33000183105469,61.04999923706055,50.191654205322266,8132000
2012-05-03,61.130001068115234,61.33000183105469,60.380001068115234,60.86000061035156,50.03544998168945,6919500
2012-05-04,60.68000030517578,60.709999084472656,60.040000915527344,60.099998474121094,49.41062545776367,6152100
2012-05-07,60.060001373291016,60.650001525878906,59.90999984741211,60.099998474121094,49.41062545776367,4409300
2012-05-08,59.86000061035156,60.20000076293945,59.15999984741211,59.88999938964844,49.237972259521484,6122200
2012-05-09,59.16999816894531,59.9900016784668,58.93000030517578,59.459999084472656,48.884456634521484,7830700
2012-05-10,59.869998931884766,59.95000076293945,59.27000045776367,59.41999816894531,48.85157012939453,4137300
2012-05-11,59.16999816894531,60.06999969482422,59.0,59.63999938964844,49.03244400024414,4185600
2012-05-14,59.02000045776367,59.439998626708984,58.380001068115234,58.41999816894531,48.02943420410156,5653900
2012-05-15,58.41999816894531,58.869998931884766,57.779998779296875,57.939998626708984,47.63479232788086,5089500
2012-05-16,58.34000015258789,58.790000915527344,57.349998474121094,57.38999938964844,47.182621002197266,5261800
2012-05-17,57.369998931884766,57.43000030517578,55.619998931884766,55.650001525878906,45.752098083496094,8427200
2012-05-18,55.7400016784668,55.84000015258789,55.04999923706055,55.400001525878906,45.54656219482422,8783700
2012-05-21,55.81999969482422,56.52000045776367,55.560001373291016,56.33000183105469,46.31116485595703,4568600
2012-05-22,56.47999954223633,57.2400016784668,56.040000915527344,56.349998474121094,46.32759094238281,5858600
2012-05-23,55.81999969482422,56.099998474121094,54.79999923706055,55.970001220703125,46.01519012451172,6549800
2012-05-24,55.9900016784668,56.36000061035156,55.689998626708984,56.34000015258789,46.31938171386719,4486100
2012-05-25,56.279998779296875,56.36000061035156,55.619998931884766,55.810001373291016,45.88364028930664,3264300
2012-05-29,56.25,56.779998779296875,55.939998626708984,56.560001373291016,46.50025177001953,4128600
2012-05-30,55.84000015258789,55.9900016784668,55.279998779296875,55.459999084472656,45.59590530395508,5272000
2012-05-31,55.58000183105469,56.15999984741211,55.02000045776367,55.83000183105469,45.90009307861328,5433700
2012-06-01,54.619998931884766,55.31999969482422,53.18000030517578,53.43000030517578,43.92695236206055,8749200
2012-06-04,53.470001220703125,54.11000061035156,53.20000076293945,53.5099983215332,43.99271774291992,6101900
2012-06-05,53.459999084472656,54.099998474121094,53.2400016784668,53.97999954223633,44.379127502441406,6156300
2012-06-06,54.61000061035156,55.380001068115234,54.22999954223633,55.380001068115234,45.530113220214844,5329500
2012-06-07,56.060001373291016,56.369998931884766,55.11000061035156,55.2400016784668,45.415035247802734,5340500
2012-06-08,55.130001068115234,55.86000061035156,54.84000015258789,55.86000061035156,45.92474365234375,4001200
2012-06-11,56.459999084472656,56.61000061035156,55.04999923706055,55.099998474121094,45.2999267578125,5173500
2012-06-12,55.15999984741211,56.540000915527344,55.0,56.47999954223633,46.43446350097656,7007400
2012-06-13,56.150001525878906,56.5,54.869998931884766,55.099998474121094,45.2999267578125,6096300
2012-06-14,55.11000061035156,55.27000045776367,54.470001220703125,55.04999923706055,45.258827209472656,6999900
2012-06-15,55.47999954223633,56.33000183105469,55.11000061035156,56.279998779296875,46.2700309753418,8145300
2012-06-18,56.09000015258789,56.29999923706055,55.54999923706055,55.849998474121094,45.91651916503906,4635400
2012-06-19,56.189998626708984,57.15999984741211,56.06999969482422,56.939998626708984,46.81264877319336,4817000
2012-06-20,57.119998931884766,57.869998931884766,56.90999984741211,57.439998626708984,47.223724365234375,5206200
2012-06-21,57.59000015258789,57.869998931884766,56.220001220703125,56.31999969482422,46.30294418334961,4811300
2012-06-22,56.810001373291016,57.099998474121094,56.40999984741211,56.790000915527344,46.68934631347656,6264700
2012-06-25,56.290000915527344,56.52000045776367,55.779998779296875,56.04999923706055,46.080955505371094,4025700
2012-06-26,56.0099983215332,56.34000015258789,55.599998474121094,56.11000061035156,46.130279541015625,4095300
2012-06-27,56.34000015258789,56.959999084472656,56.279998779296875,56.880001068115234,46.76333236694336,3281700
2012-06-28,56.400001525878906,56.77000045776367,55.68000030517578,56.689998626708984,46.60711669921875,4012000
2012-06-29,57.650001525878906,58.209999084472656,57.630001068115234,58.209999084472656,47.85677719116211,5334800
2012-07-02,58.5099983215332,59.11000061035156,58.36000061035156,59.04999923706055,48.547386169433594,4257600
2012-07-03,58.720001220703125,59.459999084472656,58.54999923706055,59.40999984741211,49.009334564208984,2280200
2012-07-05,59.13999938964844,59.72999954223633,58.720001220703125,59.25,48.87734603881836,3788900
2012-07-06,58.540000915527344,59.06999969482422,58.380001068115234,58.630001068115234,48.36589431762695,3061200
2012-07-09,58.4900016784668,58.61000061035156,58.0099983215332,58.40999984741211,48.18439483642578,3642500
2012-07-10,59.040000915527344,59.689998626708984,58.130001068115234,58.38999938964844,48.16790771484375,5339900
2012-07-11,58.290000915527344,58.290000915527344,57.459999084472656,58.08000183105469,47.912174224853516,5591800
2012-07-12,57.470001220703125,57.5,56.560001373291016,56.93000030517578,46.9635009765625,6215400
2012-07-13,57.02000045776367,57.970001220703125,56.959999084472656,57.93000030517578,47.7884407043457,5009100
2012-07-16,58.060001373291016,58.95000076293945,57.70000076293945,58.63999938964844,48.37415313720703,6608800
2012-07-17,59.220001220703125,59.220001220703125,57.66999816894531,58.68000030517578,48.407135009765625,4346200
2012-07-18,58.290000915527344,58.970001220703125,58.119998931884766,58.290000915527344,48.085411071777344,5317600
2012-07-19,57.65999984741211,57.65999984741211,55.310001373291016,56.22999954223633,46.38605880737305,13371100
2012-07-20,55.91999816894531,56.5,55.619998931884766,55.810001373291016,46.039581298828125,5108400
2012-07-23,54.72999954223633,55.959999084472656,54.349998474121094,55.72999954223633,45.97358322143555,5926900
2012-07-24,55.709999084472656,55.91999816894531,55.04999923706055,55.630001068115234,45.89109420776367,6563200
2012-07-25,55.81999969482422,56.279998779296875,55.29999923706055,56.04999923706055,46.23756408691406,5222600
2012-07-26,56.869998931884766,57.869998931884766,56.61000061035156,57.7599983215332,47.648197174072266,7455000
2012-07-27,58.060001373291016,58.779998779296875,57.439998626708984,58.529998779296875,48.28340530395508,5309200
2012-07-30,58.529998779296875,59.06999969482422,58.20000076293945,58.290000915527344,48.085411071777344,5616700
2012-07-31,58.189998626708984,58.34000015258789,57.220001220703125,57.709999084472656,47.60695266723633,5307500
2012-08-01,57.52000045776367,57.86000061035156,56.75,56.79999923706055,46.85626220703125,4668200
2012-08-02,56.380001068115234,56.709999084472656,55.88999938964844,56.4900016784668,46.60053253173828,4880100
2012-08-03,57.20000076293945,57.790000915527344,57.0,57.61000061035156,47.52445983886719,4633800
2012-08-06,57.810001373291016,57.97999954223633,57.08000183105469,57.099998474121094,47.10374450683594,4254100
2012-08-07,57.380001068115234,58.13999938964844,57.369998931884766,57.63999938964844,47.549190521240234,4096000
2012-08-08,57.529998779296875,58.380001068115234,57.36000061035156,57.90999984741211,47.771942138671875,4531900
2012-08-09,57.54999923706055,57.66999816894531,56.290000915527344,56.470001220703125,46.58403396606445,6595900
2012-08-10,56.220001220703125,56.29999923706055,55.400001525878906,55.849998474121094,46.072574615478516,6776900
2012-08-13,55.77000045776367,56.2400016784668,55.369998931884766,56.130001068115234,46.303550720214844,3783700
2012-08-14,56.369998931884766,56.779998779296875,55.95000076293945,56.08000183105469,46.26231002807617,2871000
2012-08-15,56.06999969482422,56.900001525878906,55.95000076293945,56.65999984741211,46.74077224731445,3258500
2012-08-16,56.7400016784668,57.540000915527344,56.65999984741211,57.369998931884766,47.32647705078125,5131000
2012-08-17,57.5099983215332,57.66999816894531,57.08000183105469,57.59000015258789,47.50796127319336,3750000
2012-08-20,57.369998931884766,57.369998931884766,56.630001068115234,56.900001525878906,46.93875503540039,5034000
2012-08-21,57.0,57.150001525878906,56.459999084472656,56.599998474121094,46.69127655029297,5365100
2012-08-22,56.540000915527344,57.06999969482422,56.380001068115234,56.81999969482422,46.87275695800781,4378200
2012-08-23,56.599998474121094,56.79999923706055,56.36000061035156,56.41999816894531,46.542789459228516,3693100
2012-08-24,56.41999816894531,57.599998474121094,56.29999923706055,57.4900016784668,47.425453186035156,4224900
2012-08-27,57.599998474121094,57.86000061035156,57.20000076293945,57.41999816894531,47.36772155761719,3731900
2012-08-28,57.18000030517578,57.810001373291016,56.959999084472656,57.560001373291016,47.48321533203125,2576000
2012-08-29,57.59000015258789,57.7599983215332,57.18000030517578,57.41999816894531,47.36772155761719,3162900
2012-08-30,57.209999084472656,57.459999084472656,56.619998931884766,57.16999816894531,47.161476135253906,3382900
2012-08-31,57.54999923706055,58.439998626708984,57.04999923706055,58.29999923706055,48.093666076660156,4736000
2012-09-04,58.310001373291016,58.86000061035156,57.959999084472656,58.61000061035156,48.349395751953125,4470100
2012-09-05,58.40999984741211,58.59000015258789,57.0099983215332,57.189998626708984,47.177982330322266,6867300
2012-09-06,57.52000045776367,58.0,57.22999954223633,57.40999984741211,47.35948181152344,7405400
2012-09-07,57.36000061035156,57.849998474121094,57.06999969482422,57.72999954223633,47.623451232910156,3894400
2012-09-10,57.88999938964844,58.029998779296875,57.470001220703125,57.52000045776367,47.4502067565918,3546000
2012-09-11,57.290000915527344,57.47999954223633,56.79999923706055,57.22999954223633,47.21097946166992,4816100
2012-09-12,57.18000030517578,57.77000045776367,57.02000045776367,57.27000045776367,47.24398422241211,4390800
2012-09-13,57.38999938964844,59.290000915527344,57.25,59.04999923706055,48.71236801147461,7827700
2012-09-14,59.2400016784668,59.29999923706055,58.849998474121094,59.27000045776367,48.89385223388672,6604500
2012-09-17,59.25,59.369998931884766,59.02000045776367,59.18000030517578,48.819602966308594,4176900
2012-09-18,58.93000030517578,58.9900016784668,58.56999969482422,58.66999816894531,48.39888000488281,5015900
2012-09-19,58.630001068115234,59.040000915527344,58.52000045776367,58.66999816894531,48.39888000488281,3433800
2012-09-20,58.400001525878906,58.83000183105469,58.040000915527344,58.34000015258789,48.12666702270508,5912500
2012-09-21,58.45000076293945,58.58000183105469,57.86000061035156,57.86000061035156,47.73069381713867,6982700
2012-09-24,57.560001373291016,57.84000015258789,57.40999984741211,57.66999816894531,47.57395553588867,5400400
2012-09-25,57.79999923706055,58.27000045776367,57.099998474121094,57.130001068115234,47.128501892089844,4880400
2012-09-26,57.13999938964844,57.22999954223633,56.060001373291016,56.13999938964844,46.31178665161133,5198300
2012-09-27,56.65999984741211,56.81999969482422,56.04999923706055,56.56999969482422,46.66651916503906,6122500
2012-09-28,56.459999084472656,57.209999084472656,56.150001525878906,56.86000061035156,46.90576171875,5443400
2012-10-01,57.18000030517578,58.38999938964844,57.18000030517578,57.72999954223633,47.623451232910156,4868500
2012-10-02,57.9900016784668,58.22999954223633,56.959999084472656,57.18000030517578,47.169742584228516,4481800
2012-10-03,57.15999984741211,57.560001373291016,56.849998474121094,57.400001525878906,47.51742935180664,4539900
2012-10-04,57.79999923706055,58.66999816894531,57.630001068115234,58.369998931884766,48.32041549682617,3811300
2012-10-05,58.65999984741211,58.72999954223633,58.18000030517578,58.560001373291016,48.477691650390625,4761600
2012-10-08,58.4900016784668,58.88999938964844,58.34000015258789,58.81999969482422,48.69293975830078,3231400
2012-10-09,58.880001068115234,59.0,58.11000061035156,58.2400016784668,48.212799072265625,4294700
2012-10-10,58.40999984741211,58.689998626708984,57.7599983215332,57.970001220703125,47.98929214477539,3936100
2012-10-11,58.29999923706055,58.599998474121094,58.150001525878906,58.470001220703125,48.403175354003906,3889700
2012-10-12,58.34000015258789,58.5,57.459999084472656,57.88999938964844,47.92304992675781,4401400
2012-10-15,57.779998779296875,57.97999954223633,57.31999969482422,57.59000015258789,47.674713134765625,5762200
2012-10-16,57.88999938964844,58.720001220703125,57.88999938964844,58.630001068115234,48.5356559753418,4523800
2012-10-17,58.90999984741211,59.400001525878906,58.65999984741211,59.369998931884766,49.14824676513672,5457500
2012-10-18,58.83000183105469,58.970001220703125,57.380001068115234,57.61000061035156,47.69126892089844,9677100
2012-10-19,57.650001525878906,57.70000076293945,56.5099983215332,56.86000061035156,47.070396423339844,8126600
2012-10-22,56.7599983215332,57.099998474121094,56.220001220703125,56.7400016784668,46.97105026245117,5003200
2012-10-23,56.189998626708984,56.27000045776367,55.36000061035156,55.380001068115234,45.84520721435547,8745800
2012-10-24,55.61000061035156,55.95000076293945,55.08000183105469,55.22999954223633,45.721038818359375,5726800
2012-10-25,55.54999923706055,55.66999816894531,54.95000076293945,55.439998626708984,45.89487838745117,3648400
2012-10-26,55.47999954223633,56.09000015258789,55.33000183105469,55.75,46.151512145996094,5576000
2012-10-31,55.959999084472656,56.060001373291016,55.369998931884766,55.970001220703125,46.33363342285156,5706700
2012-11-01,56.150001525878906,57.119998931884766,55.9900016784668,56.849998474121094,47.06210708618164,6967100
2012-11-02,57.38999938964844,57.43000030517578,56.619998931884766,56.709999084472656,46.946224212646484,6106600
2012-11-05,56.209999084472656,56.4900016784668,55.849998474121094,56.36000061035156,46.656490325927734,3748300
2012-11-06,56.540000915527344,57.47999954223633,56.470001220703125,57.189998626708984,47.34357452392578,5092900
2012-11-07,56.630001068115234,56.630001068115234,55.27000045776367,55.56999969482422,46.002498626708984,7765500
2012-11-08,55.599998474121094,56.290000915527344,55.5,55.560001373291016,45.99421310424805,4532000
2012-11-09,55.599998474121094,56.369998931884766,55.52000045776367,55.83000183105469,46.21775436401367,4701100
2012-11-12,56.0,56.099998474121094,55.33000183105469,55.52000045776367,45.96109390258789,3291800
2012-11-13,55.060001373291016,55.52000045776367,54.709999084472656,54.7400016784668,45.31539535522461,4567600
2012-11-14,54.7599983215332,55.0,53.470001220703125,53.650001525878906,44.41306686401367,5839400
2012-11-15,53.59000015258789,53.95000076293945,53.02000045776367,53.63999938964844,44.40477752685547,4753100
2012-11-16,53.59000015258789,54.56999969482422,53.58000183105469,54.29999923706055,44.95115661621094,6563200
2012-11-19,54.810001373291016,55.27000045776367,54.68000030517578,55.22999954223633,45.721038818359375,7380300
2012-11-20,55.09000015258789,55.880001068115234,54.91999816894531,55.86000061035156,46.242576599121094,4039400
2012-11-21,55.970001220703125,56.16999816894531,55.79999923706055,55.97999954223633,46.341888427734375,3461400
2012-11-23,56.189998626708984,56.54999923706055,56.09000015258789,56.5099983215332,46.780670166015625,1487600
2012-11-26,56.25,56.34000015258789,55.470001220703125,55.689998626708984,46.101844787597656,5183600
2012-11-27,55.459999084472656,55.720001220703125,54.349998474121094,54.439998626708984,45.067054748535156,9897200
2012-11-28,54.15999984741211,55.599998474121094,54.15999984741211,55.5099983215332,45.95282745361328,7216000
2012-11-29,55.75,56.2599983215332,55.52000045776367,55.91999816894531,46.292232513427734,4587700
2012-11-30,55.86000061035156,56.09000015258789,55.709999084472656,55.900001525878906,46.27568054199219,5716100
2012-12-03,56.09000015258789,56.529998779296875,55.93000030517578,55.9900016784668,46.350196838378906,4954600
2012-12-04,55.900001525878906,56.189998626708984,55.470001220703125,55.84000015258789,46.226016998291016,3912300
2012-12-05,55.88999938964844,56.65999984741211,55.75,56.400001525878906,46.68959426879883,5667500
2012-12-06,56.29999923706055,56.33000183105469,55.880001068115234,56.119998931884766,46.457801818847656,3854400
2012-12-07,56.25,56.63999938964844,56.20000076293945,56.61000061035156,46.86343002319336,3689200
2012-12-10,56.66999816894531,56.95000076293945,56.41999816894531,56.75,46.97932815551758,3784000
2012-12-11,57.0,57.59000015258789,56.91999816894531,57.060001373291016,47.235958099365234,4342800
2012-12-12,57.349998474121094,58.349998474121094,57.18000030517578,57.66999816894531,47.74094009399414,5941700
2012-12-13,57.65999984741211,58.0,57.5,57.720001220703125,47.782325744628906,4725900
2012-12-14,57.5099983215332,57.650001525878906,56.5099983215332,56.650001525878906,46.896541595458984,5063200
2012-12-17,56.900001525878906,57.349998474121094,56.790000915527344,57.27000045776367,47.40980529785156,5799100
2012-12-18,57.75,58.220001220703125,57.61000061035156,57.81999969482422,47.8651123046875,7184000
2012-12-19,57.41999816894531,57.689998626708984,56.7400016784668,56.790000915527344,47.01244354248047,6768200
2012-12-20,56.88999938964844,57.40999984741211,56.81999969482422,57.400001525878906,47.51742935180664,5641700
2012-12-21,57.189998626708984,57.810001373291016,56.36000061035156,57.650001525878906,47.724388122558594,11464700
2012-12-24,57.54999923706055,57.939998626708984,57.439998626708984,57.529998779296875,47.62503433227539,2192800
2012-12-26,57.619998931884766,57.709999084472656,57.060001373291016,57.130001068115234,47.29391860961914,3389200
2012-12-27,57.15999984741211,57.25,55.880001068115234,56.689998626708984,46.92965316772461,5292300
2012-12-28,56.439998626708984,57.040000915527344,56.369998931884766,56.66999816894531,46.91309356689453,4094000
2012-12-31,56.470001220703125,57.4900016784668,56.2400016784668,57.47999954223633,47.583656311035156,5604600
2013-01-02,58.33000183105469,58.95000076293945,58.310001373291016,58.75,48.8048210144043,6091400
2013-01-03,58.79999923706055,59.2599983215332,58.630001068115234,59.0,49.01247787475586,5017000
2013-01-04,59.08000183105469,59.65999984741211,58.459999084472656,59.61000061035156,49.519222259521484,4017200
2013-01-07,59.279998779296875,59.9900016784668,59.279998779296875,59.86000061035156,49.72691345214844,3859400
2013-01-08,59.68000030517578,60.31999969482422,59.529998779296875,60.20000076293945,50.009361267089844,4960900
2013-01-09,60.41999816894531,60.900001525878906,60.150001525878906,60.2599983215332,50.05919647216797,5885600
2013-01-10,60.439998626708984,60.790000915527344,60.09000015258789,60.790000915527344,50.499473571777344,6545300
2013-01-11,60.5,61.970001220703125,60.310001373291016,61.2400016784668,50.87329864501953,10492500
2013-01-14,60.779998779296875,61.38999938964844,60.709999084472656,61.209999084472656,50.84838104248047,5176600
2013-01-15,60.150001525878906,60.84000015258789,60.029998779296875,60.7599983215332,50.47455596923828,6399000
2013-01-16,60.81999969482422,60.849998474121094,60.47999954223633,60.619998931884766,50.35826110839844,4020900
2013-01-17,61.099998474121094,61.20000076293945,60.58000183105469,60.7400016784668,50.45794677734375,4684200
2013-01-18,59.869998931884766,60.279998779296875,58.900001525878906,59.779998779296875,49.66044235229492,9935600
2013-01-22,59.619998931884766,59.900001525878906,59.0099983215332,59.400001525878906,49.344757080078125,7228400
2013-01-23,59.220001220703125,59.290000915527344,58.79999923706055,58.93000030517578,48.95433807373047,6265300
2013-01-24,59.13999938964844,59.5099983215332,59.0099983215332,59.29999923706055,49.2617073059082,5430800
2013-01-25,59.56999969482422,59.70000076293945,59.189998626708984,59.5,49.42784881591797,4124000
2013-01-28,59.36000061035156,59.54999923706055,58.70000076293945,59.06999969482422,49.070640563964844,5216200
2013-01-29,59.08000183105469,59.56999969482422,58.95000076293945,59.45000076293945,49.386322021484375,5533100
2013-01-30,59.2400016784668,59.66999816894531,59.15999984741211,59.33000183105469,49.286624908447266,5894100
2013-01-31,59.369998931884766,59.81999969482422,58.810001373291016,58.810001373291016,48.85466003417969,5940900
2013-02-01,59.33000183105469,60.119998931884766,59.29999923706055,59.90999984741211,49.76844787597656,6036400
2013-02-04,59.459999084472656,59.7400016784668,59.209999084472656,59.40999984741211,49.35308074951172,4618600
2013-02-05,59.779998779296875,60.900001525878906,59.68000030517578,60.65999984741211,50.39148712158203,6394000
2013-02-06,59.93000030517578,60.810001373291016,59.93000030517578,60.560001373291016,50.30842208862305,6304600
2013-02-07,60.560001373291016,62.34000015258789,60.54999923706055,62.13999938964844,51.620933532714844,11977900
2013-02-08,62.060001373291016,62.33000183105469,61.47999954223633,61.79999923706055,51.338497161865234,6734900
2013-02-11,61.70000076293945,62.04999923706055,61.36000061035156,61.97999954223633,51.48804473876953,3436100
2013-02-12,62.09000015258789,62.560001373291016,61.95000076293945,62.20000076293945,51.67079544067383,4255200
2013-02-13,62.45000076293945,62.7599983215332,61.88999938964844,62.099998474121094,51.58771896362305,3409000
2013-02-14,62.08000183105469,62.650001525878906,61.83000183105469,62.34000015258789,51.78709411621094,4432600
2013-02-15,62.56999969482422,62.68000030517578,61.43000030517578,61.689998626708984,51.247135162353516,5354400
2013-02-19,61.66999816894531,62.400001525878906,61.66999816894531,62.279998779296875,51.737247467041016,3598900
2013-02-20,62.060001373291016,62.470001220703125,61.869998931884766,61.90999984741211,51.42987823486328,5532700
2013-02-21,61.869998931884766,62.0,61.13999938964844,61.540000915527344,51.12250900268555,5287500
2013-02-22,61.86000061035156,62.58000183105469,61.790000915527344,62.56999969482422,51.97816848754883,5197100
2013-02-25,62.77000045776367,63.0,61.9900016784668,62.02000045776367,51.52125930786133,8624700
2013-02-26,62.060001373291016,62.18000030517578,61.54999923706055,61.91999816894531,51.43817901611328,5938100
2013-02-27,61.72999954223633,62.599998474121094,61.630001068115234,62.5,51.92000961303711,4755400
2013-02-28,62.43000030517578,62.650001525878906,61.880001068115234,62.150001525878906,51.629268646240234,5366500
2013-03-01,61.84000015258789,62.4900016784668,61.5099983215332,62.369998931884766,51.8120231628418,5265100
2013-03-04,62.220001220703125,63.0,62.040000915527344,62.88999938964844,52.24398422241211,4687900
2013-03-05,63.2599983215332,64.41999816894531,63.060001373291016,64.12000274658203,53.265777587890625,7315900
2013-03-06,64.41000366210938,64.94000244140625,64.3499984741211,64.6500015258789,53.706050872802734,5780900
2013-03-07,64.7300033569336,64.87999725341797,64.13999938964844,64.55999755859375,53.63128662109375,4446500
2013-03-08,64.66000366210938,64.76000213623047,63.66999816894531,64.69999694824219,53.74758529663086,5810000
2013-03-11,64.7300033569336,65.62000274658203,64.70999908447266,65.5,54.41216278076172,5307700
2013-03-12,65.62999725341797,65.79000091552734,65.05999755859375,65.29000091552734,54.23772430419922,5303700
2013-03-13,65.23999786376953,65.5999984741211,65.12000274658203,65.30000305175781,54.246028900146484,4203900
2013-03-14,65.41999816894531,65.75,65.29000091552734,65.37999725341797,54.312469482421875,3760100
2013-03-15,65.63999938964844,66.43000030517578,65.33999633789062,66.08999633789062,54.902286529541016,10265700
2013-03-18,65.05999755859375,66.12999725341797,64.76000213623047,65.77999877929688,54.644775390625,4880300
2013-03-19,65.98999786376953,66.13999938964844,64.80000305175781,65.12999725341797,54.10480880737305,4587400
2013-03-20,65.44999694824219,66.13999938964844,65.44999694824219,66.0,54.827545166015625,4137800
2013-03-21,65.83000183105469,65.98999786376953,65.25,65.41000366210938,54.33740997314453,3600100
2013-03-22,65.58999633789062,66.3499984741211,65.54000091552734,66.22000122070312,55.01029968261719,3860600
2013-03-25,66.58999633789062,66.7699966430664,65.81999969482422,66.0999984741211,54.91061019897461,6599300
2013-03-26,66.4000015258789,67.23999786376953,66.37000274658203,67.16999816894531,55.799476623535156,4295600
2013-03-27,66.5999984741211,67.26000213623047,66.5999984741211,67.1500015258789,55.782859802246094,2905000
2013-03-28,67.30999755859375,67.4800033569336,67.0,67.45999908447266,56.04038619995117,4354300
2013-04-01,67.41999816894531,67.75,67.01000213623047,67.26000213623047,55.87424850463867,3012600
2013-04-02,67.37999725341797,67.76000213623047,67.0999984741211,67.63999938964844,56.18993377685547,3921600
2013-04-03,67.66000366210938,67.69000244140625,66.04000091552734,66.25,55.19843292236328,5102000
2013-04-04,66.41999816894531,66.95999908447266,66.30000305175781,66.7300033569336,55.598358154296875,3633900
2013-04-05,65.7699966430664,65.80000305175781,64.7699966430664,65.30000305175781,54.40689468383789,6898300
2013-04-08,65.55999755859375,65.77999877929688,65.12999725341797,65.5999984741211,54.65684127807617,4662200
2013-04-09,65.63999938964844,65.68000030517578,65.1500015258789,65.22000122070312,54.34023666381836,4882200
2013-04-10,65.44999694824219,65.58000183105469,65.36000061035156,65.4000015258789,54.49021530151367,7882100
2013-04-11,65.47000122070312,65.93000030517578,65.19999694824219,65.73999786376953,54.773494720458984,6357700
2013-04-12,65.45999908447266,65.8499984741211,65.18000030517578,65.68000030517578,54.72349166870117,3967600
2013-04-15,65.52999877929688,65.5999984741211,64.08999633789062,64.0999984741211,53.40707778930664,7008600
2013-04-16,64.5,65.05000305175781,64.2699966430664,64.58999633789062,53.81532669067383,6198900
2013-04-17,64.12000274658203,64.30999755859375,63.43000030517578,64.12999725341797,53.43206787109375,6925000
2013-04-18,64.04000091552734,65.88999938964844,63.63999938964844,65.04000091552734,54.19027328491211,10457800
2013-04-19,65.33000183105469,67.25,65.33000183105469,67.23999786376953,56.02327346801758,8461600
2013-04-22,67.12000274658203,67.25,66.25,66.66000366210938,55.5400276184082,5791500
2013-04-23,66.80999755859375,67.54000091552734,66.63999938964844,67.44999694824219,56.198246002197266,4779900
2013-04-24,67.41000366210938,67.62000274658203,67.04000091552734,67.41999816894531,56.17326354980469,4077700
2013-04-25,67.75,69.05000305175781,67.63999938964844,68.12999725341797,56.76480484008789,5834100
2013-04-26,68.12000274658203,68.4000015258789,67.56999969482422,67.75,56.448204040527344,4355300
2013-04-29,68.01000213623047,68.19999694824219,67.61000061035156,67.62999725341797,56.34819793701172,2931000
2013-04-30,67.87999725341797,68.4800033569336,67.5999984741211,68.41000366210938,56.99810028076172,4685400
2013-05-01,68.25,68.8499984741211,68.16000366210938,68.27999877929688,56.88978576660156,3767300
2013-05-02,68.43000030517578,69.47000122070312,68.37000274658203,69.37999725341797,57.806278228759766,3575900
2013-05-03,69.91999816894531,71.08999633789062,69.9000015258789,70.2300033569336,58.51448440551758,6986600
2013-05-06,70.22000122070312,70.58000183105469,69.94999694824219,70.05999755859375,58.37284851074219,4685300
2013-05-07,70.06999969482422,70.45999908447266,69.95999908447266,70.23999786376953,58.52284240722656,4374900
2013-05-08,69.91999816894531,70.41999816894531,69.56999969482422,70.30999755859375,58.58112335205078,3587500
2013-05-09,70.25,70.51000213623047,69.70999908447266,70.20999908447266,58.497825622558594,3754900
2013-05-10,70.16000366210938,70.25,69.6500015258789,70.08000183105469,58.3895263671875,3543100
2013-05-13,70.08999633789062,70.20999908447266,69.33999633789062,69.79000091552734,58.147891998291016,5139300
2013-05-14,69.94999694824219,71.61000061035156,69.8499984741211,71.51000213623047,59.58097457885742,6114300
2013-05-15,71.33000183105469,73.04000091552734,71.33000183105469,72.77999877929688,60.639102935791016,5215300
2013-05-16,72.61000061035156,72.94999694824219,72.12999725341797,72.2300033569336,60.180877685546875,3861500
2013-05-17,72.27999877929688,73.37999725341797,72.26000213623047,73.31999969482422,61.08903503417969,4866500
2013-05-20,73.30999755859375,74.54000091552734,73.22000122070312,74.4000015258789,61.988868713378906,5345300
2013-05-21,74.47000122070312,75.45999908447266,74.4000015258789,75.11000061035156,62.58041763305664,5130200
2013-05-22,75.43000030517578,77.01000213623047,74.27999877929688,74.44000244140625,62.02219772338867,12449000
2013-05-23,73.87999725341797,74.98999786376953,73.61000061035156,74.69000244140625,62.23049545288086,7985100
2013-05-24,74.08999633789062,75.3499984741211,73.9800033569336,75.2699966430664,62.71371078491211,5564000
2013-05-28,75.91000366210938,77.12000274658203,75.88999938964844,76.16000366210938,63.45527648925781,7341400
2013-05-29,75.80000305175781,76.6500015258789,75.38999938964844,75.83000183105469,63.180328369140625,5679200
2013-05-30,76.0199966430664,76.9000015258789,75.91999816894531,76.13999938964844,63.438629150390625,5417400
2013-05-31,76.12999725341797,77.38999938964844,75.70999908447266,75.70999908447266,63.08034896850586,7187700
2013-06-03,75.88999938964844,76.66999816894531,75.62999725341797,76.47000122070312,63.71354675292969,6777800
2013-06-04,76.5,77.23999786376953,75.95999908447266,76.05999755859375,63.371952056884766,5667700
2013-06-05,75.9800033569336,76.27999877929688,74.63999938964844,74.76000213623047,62.288822174072266,6267300
2013-06-06,74.75,76.25,74.63999938964844,76.23999786376953,63.52192687988281,5455600
2013-06-07,76.68000030517578,78.12000274658203,76.44999694824219,78.04000091552734,65.02166748046875,6826100
2013-06-10,77.9800033569336,78.61000061035156,77.69000244140625,78.27999877929688,65.22160339355469,4035100
2013-06-11,77.61000061035156,77.8499984741211,76.5,76.5199966430664,63.75519943237305,5442800
2013-06-12,76.94000244140625,77.0,74.68000030517578,74.72000122070312,62.255489349365234,7057200
2013-06-13,74.45999908447266,75.26000213623047,73.79000091552734,75.20999908447266,62.663753509521484,6738900
2013-06-14,74.79000091552734,74.9800033569336,72.72000122070312,72.97000122070312,60.79740905761719,8451000
2013-06-17,73.69000244140625,74.20999908447266,73.38999938964844,73.83999633789062,61.522300720214844,6020900
2013-06-18,74.08000183105469,75.47000122070312,74.02999877929688,74.9800033569336,62.47211837768555,5714700
2013-06-19,74.91999816894531,75.0999984741211,74.19000244140625,74.2300033569336,61.84722137451172,5989300
2013-06-20,73.76000213623047,74.0,72.80999755859375,72.91999816894531,60.755760192871094,5656500
2013-06-21,73.37999725341797,73.79000091552734,72.37000274658203,73.30999755859375,61.080726623535156,7547300
2013-06-24,72.56999969482422,72.83999633789062,71.68000030517578,72.01000213623047,59.99756622314453,6293100
2013-06-25,72.62999725341797,73.6500015258789,72.55999755859375,73.2300033569336,61.01405334472656,4754200
2013-06-26,73.63999938964844,74.25,73.33000183105469,73.9000015258789,61.5722541809082,4894200
2013-06-27,74.37999725341797,75.43000030517578,74.37999725341797,75.12000274658203,62.5887451171875,4215300
2013-06-28,75.01000213623047,75.33000183105469,74.33000183105469,74.76000213623047,62.288822174072266,7964400
2013-07-01,75.52999877929688,76.45999908447266,75.43000030517578,75.63999938964844,63.02201843261719,5007600
2013-07-02,75.43000030517578,76.29000091552734,74.30000305175781,74.62000274658203,62.361785888671875,5041200
2013-07-03,74.0199966430664,74.77999877929688,73.91000366210938,74.58000183105469,62.32835388183594,3007000
2013-07-05,75.30999755859375,76.37000274658203,75.12000274658203,76.30999755859375,63.774166107177734,4501500
2013-07-08,76.91000366210938,77.80999755859375,76.8499984741211,77.04000091552734,64.38426208496094,5106200
2013-07-09,77.73999786376953,77.94999694824219,77.08000183105469,77.61000061035156,64.86061096191406,3915200
2013-07-10,77.38999938964844,77.56999969482422,75.94000244140625,76.33000183105469,63.7908821105957,4872200
2013-07-11,77.54000091552734,77.62000274658203,76.55999755859375,76.94000244140625,64.30067443847656,5715000
2013-07-12,77.33000183105469,78.44999694824219,77.29000091552734,78.33000183105469,65.46234130859375,4878200
2013-07-15,78.61000061035156,78.62999725341797,77.5,77.8499984741211,65.06120300292969,4243300
2013-07-16,78.08999633789062,78.33999633789062,77.75,78.2699966430664,65.41216278076172,4637600
2013-07-17,75.3499984741211,77.44999694824219,74.62000274658203,76.80000305175781,64.18368530273438,16305300
2013-07-18,75.44000244140625,75.75,73.86000061035156,74.01000213623047,61.85198974609375,10352300
2013-07-19,73.62000274658203,74.73999786376953,73.47000122070312,74.05999755859375,61.893775939941406,8072500
2013-07-22,74.43000030517578,75.19999694824219,74.20999908447266,74.72000122070312,62.445377349853516,5456700
2013-07-23,75.02999877929688,75.18000030517578,74.36000061035156,74.41000366210938,62.18630599975586,4113000
2013-07-24,74.8499984741211,76.06999969482422,74.75,75.36000061035156,62.98023223876953,6139000
2013-07-25,75.05999755859375,75.80999755859375,75.02999877929688,75.7699966430664,63.3228874206543,4080300
2013-07-26,75.5,75.55000305175781,74.41000366210938,75.33999633789062,62.96353530883789,3537600
2013-07-29,75.16000366210938,75.36000061035156,74.33000183105469,75.05999755859375,62.72948455810547,3249400
2013-07-30,75.4800033569336,75.54000091552734,74.83000183105469,75.19000244140625,62.83817672729492,3762200
2013-07-31,75.1500015258789,75.86000061035156,73.47000122070312,73.7699966430664,61.651432037353516,10320700
2013-08-01,74.52999877929688,76.0999984741211,74.51000213623047,75.62999725341797,63.20589065551758,5981400
2013-08-02,75.62000274658203,75.7300033569336,75.0,75.69000244140625,63.25598907470703,2485400
2013-08-05,75.47000122070312,76.04000091552734,75.20999908447266,75.93000030517578,63.45658874511719,2237100
2013-08-06,75.87000274658203,76.0999984741211,75.47000122070312,75.80999755859375,63.35628890991211,2566000
2013-08-07,75.45999908447266,75.70999908447266,74.8499984741211,75.13999938964844,62.79635238647461,3083900
2013-08-08,75.79000091552734,77.2699966430664,75.4800033569336,76.19000244140625,63.67387390136719,3293600
2013-08-09,76.18000030517578,76.36000061035156,75.01000213623047,75.5,63.097232818603516,3963600
2013-08-12,75.11000061035156,75.61000061035156,74.88999938964844,75.48999786376953,63.0888786315918,2292600
2013-08-13,75.48999786376953,76.44000244140625,74.88999938964844,76.2300033569336,63.707313537597656,2964900
2013-08-14,76.04000091552734,76.43000030517578,75.75,75.87999725341797,63.414817810058594,2945400
2013-08-15,75.2699966430664,75.43000030517578,74.62000274658203,74.87999725341797,62.579078674316406,3834400
2013-08-16,74.86000061035156,75.3499984741211,74.6500015258789,75.16999816894531,62.82145690917969,4248200
2013-08-19,75.12000274658203,75.20999908447266,74.30000305175781,74.33999633789062,62.1277961730957,3478900
2013-08-20,74.41000366210938,74.66999816894531,73.80000305175781,74.2699966430664,62.06930160522461,2900900
2013-08-21,74.01000213623047,74.33000183105469,73.25,73.44000244140625,61.37563705444336,2983100
2013-08-22,73.66000366210938,74.0,73.4000015258789,73.86000061035156,61.72663116455078,2354900
2013-08-23,73.87000274658203,74.0,73.12999725341797,73.6500015258789,61.5511589050293,2518500
2013-08-26,73.76000213623047,74.47000122070312,73.43000030517578,73.61000061035156,61.517696380615234,2372400
2013-08-27,72.80000305175781,72.93000030517578,71.7699966430664,71.91000366210938,60.09700012207031,3712600
2013-08-28,71.69999694824219,72.33999633789062,71.54000091552734,72.01000213623047,60.18054962158203,2963200
2013-08-29,71.80999755859375,72.62000274658203,71.58000183105469,72.22000122070312,60.356040954589844,2957100
2013-08-30,72.1500015258789,72.23999786376953,71.47000122070312,71.91000366210938,60.09700012207031,3779500
2013-09-03,72.58999633789062,73.41000366210938,72.13999938964844,72.43000030517578,60.531578063964844,3994100
2013-09-04,72.5199966430664,73.5,72.2300033569336,73.13999938964844,61.12490463256836,2913300
2013-09-05,73.16000366210938,74.2300033569336,72.88999938964844,73.80000305175781,61.676517486572266,3600700
2013-09-06,73.91999816894531,74.0199966430664,72.4000015258789,73.3499984741211,61.30046463012695,3369200
2013-09-09,73.58999633789062,73.80999755859375,73.1500015258789,73.66000366210938,61.55950927734375,3189500
2013-09-10,74.22000122070312,74.66000366210938,74.0,74.5999984741211,62.34507751464844,3269100
2013-09-11,74.69999694824219,75.22000122070312,74.4000015258789,75.18000030517578,62.82981872558594,3297900
2013-09-12,75.29000091552734,75.61000061035156,74.97000122070312,75.29000091552734,62.92171859741211,2502200
2013-09-13,75.58000183105469,75.75,75.06999969482422,75.30000305175781,62.930118560791016,2664400
2013-09-16,76.33999633789062,76.43000030517578,75.44000244140625,75.5999984741211,63.1807975769043,4536200
2013-09-17,75.5999984741211,77.0,75.5999984741211,76.91999816894531,64.2839584350586,4047200
2013-09-18,76.98999786376953,77.80999755859375,76.54000091552734,77.63999938964844,64.88568115234375,4136000
2013-09-19,77.80999755859375,77.9000015258789,77.1500015258789,77.56999969482422,64.82718658447266,3997600
2013-09-20,77.62000274658203,77.88999938964844,77.1500015258789,77.31999969482422,64.61824035644531,10105500
2013-09-23,77.29000091552734,77.66000366210938,76.12999725341797,76.44000244140625,63.88280487060547,4078900
2013-09-24,76.38999938964844,76.94000244140625,75.95999908447266,76.06999969482422,63.573612213134766,3020200
2013-09-25,76.12999725341797,76.55999755859375,75.62000274658203,75.98999786376953,63.506744384765625,3090300
2013-09-26,76.0,77.0,75.77999877929688,76.31999969482422,63.782535552978516,2927000
2013-09-27,76.05999755859375,76.08999633789062,75.43000030517578,75.88999938964844,63.42317581176758,2522500
2013-09-30,74.97000122070312,75.8499984741211,74.63999938964844,75.5199966430664,63.11394500732422,3330500
2013-10-01,75.63999938964844,76.01000213623047,75.44999694824219,75.93000030517578,63.45658874511719,2969600
2013-10-02,75.12999725341797,75.29000091552734,74.16999816894531,74.58000183105469,62.51774215698242,4363400
2013-10-03,74.11000061035156,74.29000091552734,73.30000305175781,74.0199966430664,62.048309326171875,4364500
2013-10-04,73.87999725341797,74.33000183105469,73.61000061035156,74.30999755859375,62.29138946533203,2883500
2013-10-07,73.5,73.52999877929688,72.9000015258789,72.94000244140625,61.142974853515625,3320300
2013-10-08,73.02999877929688,73.0999984741211,72.12999725341797,72.22000122070312,60.53942108154297,3945800
2013-10-09,72.37999725341797,72.70999908447266,72.08000183105469,72.22000122070312,60.53942108154297,4701500
2013-10-10,73.19000244140625,74.66999816894531,73.01000213623047,74.66000366210938,62.58480453491211,3769900
2013-10-11,74.66999816894531,75.44000244140625,74.41000366210938,75.4000015258789,63.205081939697266,3913900
2013-10-14,75.33000183105469,76.11000061035156,75.0999984741211,76.06999969482422,63.766746520996094,3017200
2013-10-15,75.62999725341797,76.36000061035156,75.2300033569336,75.25,63.079383850097656,4113700
2013-10-16,75.63999938964844,76.75,75.44999694824219,76.31999969482422,63.97629928588867,6468200
2013-10-17,77.94000244140625,80.4000015258789,77.80000305175781,80.2300033569336,67.25393676757812,10366600
2013-10-18,80.11000061035156,80.68000030517578,79.30999755859375,80.5199966430664,67.49703216552734,7598200
2013-10-21,80.47000122070312,80.98999786376953,80.30999755859375,80.4000015258789,67.39643096923828,3691500
2013-10-22,80.7699966430664,81.16999816894531,80.43000030517578,80.87000274658203,67.79041290283203,3300000
2013-10-23,80.55999755859375,80.81999969482422,80.01000213623047,80.62999725341797,67.58926391601562,2895100
2013-10-24,80.7699966430664,81.0,80.44999694824219,80.9000015258789,67.8155746459961,3181800
2013-10-25,80.76000213623047,82.66999816894531,80.76000213623047,82.61000061035156,69.2490005493164,6291100
2013-10-28,82.72000122070312,83.13999938964844,82.02999877929688,82.76000213623047,69.37472534179688,4566100
2013-10-29,83.12000274658203,83.73999786376953,82.93000030517578,83.66000366210938,70.12918090820312,3485200
2013-10-30,83.69999694824219,83.83000183105469,82.80000305175781,83.0999984741211,69.65973663330078,3747800
2013-10-31,82.79000091552734,82.98999786376953,81.69000244140625,81.80000305175781,68.57000732421875,5637700
2013-11-01,82.12000274658203,82.63999938964844,81.79000091552734,82.16000366210938,68.87179565429688,3358900
2013-11-04,82.41000366210938,82.63999938964844,81.75,81.93000030517578,68.67897033691406,2643600
2013-11-05,81.62999725341797,82.12999725341797,81.08999633789062,81.9000015258789,68.65380859375,2591400
2013-11-06,82.55000305175781,82.5999984741211,81.81999969482422,82.12000274658203,68.83824157714844,2636900
2013-11-07,82.33000183105469,82.5999984741211,80.87999725341797,80.91999816894531,67.83233642578125,3485800
2013-11-08,81.30999755859375,81.94999694824219,81.08000183105469,81.77999877929688,68.5532455444336,4369500
2013-11-11,81.58999633789062,81.68000030517578,81.19000244140625,81.4000015258789,68.23473358154297,2224200
2013-11-12,81.2300033569336,81.3499984741211,80.58000183105469,81.02999877929688,67.9245376586914,2237200
2013-11-13,80.56999969482422,81.47000122070312,80.22000122070312,81.44000244140625,68.26824188232422,2828200
2013-11-14,81.61000061035156,81.91000366210938,81.3499984741211,81.88999938964844,68.64545440673828,2284100
2013-11-15,83.02999877929688,83.26000213623047,82.37000274658203,82.80000305175781,69.40823364257812,4439700
2013-11-18,82.8499984741211,82.9800033569336,82.16000366210938,82.33999633789062,69.0226821899414,3104800
2013-11-19,82.37999725341797,82.87999725341797,82.2699966430664,82.45999908447266,69.12328338623047,2775000
2013-11-20,82.95999908447266,83.41999816894531,81.95999908447266,82.25,68.94725036621094,3510500
2013-11-21,82.62999725341797,84.0,82.56999969482422,83.94999694824219,70.37227630615234,4355200
2013-11-22,83.91999816894531,83.93000030517578,83.37000274658203,83.8499984741211,70.28845977783203,2690300
2013-11-25,84.31999969482422,84.76000213623047,84.08000183105469,84.58999633789062,70.90873718261719,3657700
2013-11-26,84.75,85.58999633789062,84.69999694824219,85.08999633789062,71.32788848876953,4896800
2013-11-27,85.26000213623047,85.66000366210938,84.9800033569336,85.58999633789062,71.74705505371094,2520000
2013-11-29,85.87999725341797,86.19000244140625,85.51000213623047,85.80000305175781,71.9230728149414,2144600
2013-12-02,86.0199966430664,86.52999877929688,85.16000366210938,85.29000091552734,71.49554443359375,3620800
2013-12-03,84.88999938964844,85.33000183105469,84.19999694824219,84.61000061035156,70.925537109375,3546100
2013-12-04,84.20999908447266,85.23999786376953,83.76000213623047,84.5,70.83332061767578,3579700
2013-12-05,84.2699966430664,84.98999786376953,84.1500015258789,84.54000091552734,70.86686706542969,3677800
2013-12-06,85.58999633789062,86.08999633789062,85.3499984741211,85.93000030517578,72.03203582763672,2666600
2013-12-09,86.16999816894531,86.4000015258789,85.3499984741211,85.75,71.8811264038086,2436500
2013-12-10,85.37999725341797,85.73999786376953,85.08000183105469,85.29000091552734,71.49554443359375,2354200
2013-12-11,85.27999877929688,85.66999816894531,83.80999755859375,83.9000015258789,70.33036041259766,3782300
2013-12-12,83.77999877929688,84.27999877929688,83.20999908447266,83.30000305175781,69.82740020751953,3574300
2013-12-13,83.31999969482422,83.91999816894531,83.2300033569336,83.68000030517578,70.14595031738281,3594900
2013-12-16,83.95999908447266,84.97000122070312,83.95999908447266,84.5199966430664,70.85009765625,3599000
2013-12-17,84.70999908447266,84.72000122070312,83.98999786376953,84.11000061035156,70.50640106201172,2893700
2013-12-18,84.30000305175781,86.12000274658203,83.55000305175781,85.98999786376953,72.08232116699219,5332300
2013-12-19,85.94000244140625,86.52999877929688,85.91000366210938,86.41000366210938,72.43443298339844,3956300
2013-12-20,86.70999908447266,87.77999877929688,86.44000244140625,87.56999969482422,73.40677642822266,6294500
2013-12-23,88.0,88.58000183105469,87.94000244140625,88.30999755859375,74.02710723876953,3242600
2013-12-24,88.33999633789062,88.73999786376953,88.19000244140625,88.69000244140625,74.34565734863281,1042700
2013-12-26,88.9000015258789,89.2300033569336,88.76000213623047,89.0,74.60549926757812,1745200
2013-12-27,88.81999969482422,89.51000213623047,88.81999969482422,89.19000244140625,74.76478576660156,1797400
2013-12-30,89.19000244140625,89.62000274658203,89.13999938964844,89.58999633789062,75.10008239746094,1769000
2013-12-31,89.87000274658203,90.79000091552734,89.5199966430664,90.7300033569336,76.05570983886719,3083500
2014-01-02,90.9000015258789,91.08000183105469,89.37999725341797,89.44999694824219,74.98272705078125,5112000
2014-01-03,89.1500015258789,90.08000183105469,88.62999725341797,89.73999786376953,75.22584533691406,3888500
2014-01-06,89.69999694824219,90.25,89.37999725341797,89.69999694824219,75.19229888916016,2844700
2014-01-07,90.16999816894531,90.69999694824219,89.01000213623047,89.36000061035156,74.90731811523438,4039500
2014-01-08,88.66000366210938,89.63999938964844,88.66000366210938,89.41000366210938,75.142578125,3880200
2014-01-09,89.88999938964844,89.93000030517578,88.06999969482422,88.87999725341797,74.69715118408203,3469200
2014-01-10,89.26000213623047,89.55999755859375,88.0999984741211,88.55000305175781,74.41986846923828,2901600
2014-01-13,88.5199966430664,89.0,86.87999725341797,86.98999786376953,73.10875701904297,5641000
2014-01-14,87.08000183105469,87.44999694824219,86.06999969482422,87.12000274658203,73.2180404663086,4777900
2014-01-15,87.45999908447266,88.52999877929688,87.08000183105469,88.25,74.16770935058594,4494900
2014-01-16,88.0,88.23999786376953,87.26000213623047,87.77999877929688,73.772705078125,3326100
2014-01-17,91.83000183105469,93.62000274658203,90.55000305175781,90.97000122070312,76.45365142822266,14989900
2014-01-21,91.97000122070312,92.70999908447266,89.63999938964844,90.58999633789062,76.13430786132812,7954600
2014-01-22,90.63999938964844,91.41999816894531,90.62000274658203,91.12999725341797,76.588134765625,3848700
2014-01-23,90.48999786376953,90.48999786376953,88.68000030517578,89.16999816894531,74.94088745117188,5260900
2014-01-24,88.55999755859375,89.37000274658203,86.66000366210938,86.94999694824219,73.07515716552734,6289300
2014-01-27,87.1500015258789,87.7699966430664,85.70999908447266,85.72000122070312,72.04145812988281,5651400
2014-01-28,85.8499984741211,87.18000030517578,85.5999984741211,86.63999938964844,72.81461334228516,4108700
2014-01-29,86.29000091552734,86.9000015258789,85.43000030517578,85.55000305175781,71.89857482910156,3357900
2014-01-30,86.44999694824219,86.9800033569336,86.06999969482422,86.62000274658203,72.79784393310547,4259000
2014-01-31,85.27999877929688,85.91000366210938,84.91000366210938,85.0199966430664,71.4531478881836,4778000
2014-02-03,84.98999786376953,85.41999816894531,82.7699966430664,82.86000061035156,69.63780975341797,5769800
2014-02-04,83.19000244140625,84.70999908447266,82.62999725341797,84.0,70.59587860107422,5380500
2014-02-05,83.51000213623047,84.12000274658203,82.94999694824219,83.72000122070312,70.3605728149414,3260100
2014-02-06,84.5,85.76000213623047,84.31999969482422,85.69000244140625,72.01620483398438,5432400
2014-02-07,85.95999908447266,87.16999816894531,85.77999877929688,87.0,73.1171646118164,4495200
2014-02-10,87.83000183105469,88.95999908447266,87.5,88.33999633789062,74.24335479736328,5387900
2014-02-11,88.36000061035156,88.83999633789062,88.16999816894531,88.58000183105469,74.44505310058594,3602400
2014-02-12,88.69000244140625,89.05000305175781,88.4000015258789,89.0199966430664,74.8148422241211,2488600
2014-02-13,88.37000274658203,88.9800033569336,88.01000213623047,88.9000015258789,74.7139663696289,2759700
2014-02-14,88.86000061035156,89.2699966430664,88.26000213623047,89.0,74.79801177978516,2671800
2014-02-18,88.80000305175781,89.13999938964844,88.29000091552734,89.0199966430664,74.8148422241211,3591600
2014-02-19,88.88999938964844,90.31999969482422,88.75,88.83999633789062,74.66355895996094,4332300
2014-02-20,88.80000305175781,89.2300033569336,88.12000274658203,89.01000213623047,74.80644989013672,4411800
2014-02-21,89.05999755859375,89.41000366210938,88.55999755859375,88.75,74.58792877197266,3808700
2014-02-24,88.79000091552734,90.43000030517578,88.79000091552734,89.91999816894531,75.57122802734375,3261200
2014-02-25,90.0,90.37000274658203,89.1500015258789,89.91000366210938,75.56279754638672,2914800
2014-02-26,90.16000366210938,90.69000244140625,89.20999908447266,89.7300033569336,75.41154479980469,4840200
2014-02-27,89.6500015258789,90.43000030517578,89.51000213623047,90.29000091552734,75.88217163085938,3075600
2014-02-28,90.25,92.13999938964844,90.08999633789062,91.27999877929688,76.71419525146484,4689200
2014-03-03,90.5999984741211,90.62999725341797,89.16000366210938,89.97000122070312,75.61324310302734,3465300
2014-03-04,91.05000305175781,92.68000030517578,91.02999877929688,92.61000061035156,77.83194732666016,3752000
2014-03-05,92.58999633789062,92.58999633789062,91.91000366210938,92.13999938964844,77.43696594238281,3086400
2014-03-06,92.55999755859375,93.63999938964844,92.36000061035156,93.5199966430664,78.59676361083984,3957900
2014-03-07,94.11000061035156,94.3499984741211,93.36000061035156,93.86000061035156,78.88252258300781,3864600
2014-03-10,93.62000274658203,93.87999725341797,93.13999938964844,93.69999694824219,78.74803924560547,2218700
2014-03-11,93.83000183105469,93.87999725341797,93.02999877929688,93.19999694824219,78.32782745361328,1946200
2014-03-12,92.68000030517578,92.91999816894531,91.9000015258789,92.9000015258789,78.07568359375,2486100
2014-03-13,93.19999694824219,93.4800033569336,90.41000366210938,90.69000244140625,76.2183609008789,3990200
2014-03-14,90.55000305175781,91.22000122070312,89.63999938964844,90.16999816894531,75.78132629394531,3583900
2014-03-17,90.51000213623047,91.7300033569336,90.48999786376953,91.26000213623047,76.69742584228516,3033000
2014-03-18,91.2699966430664,91.97000122070312,91.12999725341797,91.58999633789062,76.9747314453125,2348300
2014-03-19,91.66999816894531,91.95999908447266,90.27999877929688,90.7300033569336,76.25196838378906,3425700
2014-03-20,90.4800033569336,91.9000015258789,90.2300033569336,91.69000244140625,77.05876922607422,3779700
2014-03-21,92.77999877929688,93.72000122070312,91.36000061035156,91.5199966430664,76.9159164428711,6684500
2014-03-24,91.63999938964844,91.75,90.29000091552734,91.01000213623047,76.4872817993164,2520600
2014-03-25,91.37000274658203,91.9000015258789,90.62999725341797,90.83999633789062,76.34437561035156,2420000
2014-03-26,91.36000061035156,91.69000244140625,89.62999725341797,89.66000366210938,75.35270690917969,3011200
2014-03-27,89.69999694824219,90.43000030517578,89.2699966430664,89.98999786376953,75.6300277709961,3602800
2014-03-28,90.2699966430664,91.55999755859375,90.0,90.45999908447266,76.02507019042969,3138900
2014-03-31,91.08000183105469,91.94000244140625,89.87999725341797,90.02999877929688,75.66368103027344,5172400
2014-04-01,90.4000015258789,91.2300033569336,90.20999908447266,91.16999816894531,76.62177276611328,2821600
2014-04-02,90.8499984741211,91.08999633789062,90.12999725341797,90.4000015258789,76.16680145263672,2886700
2014-04-03,90.66999816894531,91.19999694824219,90.4000015258789,90.9800033569336,76.65547943115234,2483600
2014-04-04,91.16999816894531,91.4000015258789,89.06999969482422,89.16999816894531,75.13042449951172,2933600
2014-04-07,89.02999877929688,89.43000030517578,86.55000305175781,86.5999984741211,72.96509552001953,5557600
2014-04-08,86.62999725341797,86.80000305175781,85.58000183105469,86.48999786376953,72.87237548828125,3880300
2014-04-09,86.9000015258789,88.72000122070312,86.63999938964844,88.72000122070312,74.75130462646484,3592900
2014-04-10,88.47000122070312,88.75,85.30000305175781,85.36000061035156,71.92032623291016,5213800
2014-04-11,84.9000015258789,85.44999694824219,83.98999786376953,84.54000091552734,71.22942352294922,4014300
2014-04-14,85.08999633789062,86.33999633789062,84.04000091552734,85.5,72.03826141357422,4011900
2014-04-15,85.87000274658203,86.7300033569336,84.31999969482422,86.04000091552734,72.49324798583984,3741700
2014-04-16,86.83999633789062,87.4800033569336,86.4800033569336,87.4000015258789,73.63910675048828,4055100
2014-04-17,87.16000366210938,87.91999816894531,85.0999984741211,86.22000122070312,72.64490509033203,9244400
2014-04-21,86.37999725341797,86.86000061035156,86.16000366210938,86.66999816894531,73.02407836914062,3762300
2014-04-22,86.70999908447266,87.44000244140625,86.43000030517578,87.06999969482422,73.36104583740234,3420400
2014-04-23,87.01000213623047,87.63999938964844,86.66999816894531,87.12999725341797,73.41161346435547,3788200
2014-04-24,87.26000213623047,87.9800033569336,86.91000366210938,87.41000366210938,73.64756774902344,3187000
2014-04-25,87.0199966430664,87.30000305175781,86.62000274658203,87.02999877929688,73.32737731933594,4226100
2014-04-28,87.44000244140625,87.58000183105469,85.8499984741211,87.05999755859375,73.35264587402344,4760400
2014-04-29,87.33999633789062,87.94999694824219,87.19000244140625,87.79000091552734,73.96772766113281,2852900
2014-04-30,87.61000061035156,87.66000366210938,86.95999908447266,87.43000030517578,73.66438293457031,4351600
2014-05-01,87.52999877929688,87.58000183105469,86.33000183105469,86.81999969482422,73.15042877197266,4679900
2014-05-02,86.7699966430664,87.30999755859375,86.41000366210938,86.93000030517578,73.24309539794922,3707400
2014-05-05,86.0,87.41999816894531,85.75,87.36000061035156,73.60540008544922,3340000
2014-05-06,87.25,87.25,86.08000183105469,86.19999694824219,72.62806701660156,3269400
2014-05-07,86.79000091552734,88.05000305175781,86.11000061035156,87.9800033569336,74.12782287597656,4601500
2014-05-08,87.87999725341797,89.27999877929688,87.66000366210938,88.62000274658203,74.66703796386719,4220200
2014-05-09,88.45999908447266,89.02999877929688,88.12999725341797,88.83999633789062,74.85238647460938,2344700
2014-05-12,89.41999816894531,89.97000122070312,89.31999969482422,89.66000366210938,75.54327392578125,2343800
2014-05-13,89.6500015258789,90.0,89.04000091552734,89.08999633789062,75.06301879882812,2298500
2014-05-14,89.16999816894531,89.43000030517578,88.30999755859375,88.45999908447266,74.53221893310547,2238500
2014-05-15,88.19999694824219,88.58000183105469,87.11000061035156,87.5999984741211,73.8076171875,3324400
2014-05-16,87.5999984741211,87.76000213623047,86.9000015258789,87.5,73.72338104248047,3062400
2014-05-19,87.18000030517578,88.22000122070312,87.11000061035156,88.12000274658203,74.24576568603516,2000300
2014-05-20,87.81999969482422,88.05000305175781,86.86000061035156,87.08999633789062,73.37791442871094,2798400
2014-05-21,87.56999969482422,88.13999938964844,87.37999725341797,87.86000061035156,74.02670288085938,2525600
2014-05-22,87.79000091552734,88.38999938964844,87.55000305175781,88.1500015258789,74.27104187011719,2654800
2014-05-23,88.11000061035156,88.86000061035156,88.0,88.77999877929688,74.80184936523438,1858200
2014-05-27,89.5999984741211,91.47000122070312,89.3499984741211,91.38999938964844,77.00089263916016,5093800
2014-05-28,91.30999755859375,91.36000061035156,90.62999725341797,91.05999755859375,76.72286224365234,2466800
2014-05-29,91.12000274658203,91.30000305175781,90.52999877929688,91.27999877929688,76.90821075439453,2668500
2014-05-30,91.0,91.68000030517578,90.88999938964844,91.5,77.09358978271484,3594800
2014-06-02,91.79000091552734,92.11000061035156,91.43000030517578,91.88999938964844,77.42218780517578,2832100
2014-06-03,91.61000061035156,91.8499984741211,91.2699966430664,91.7300033569336,77.28736877441406,2589100
2014-06-04,91.58999633789062,91.9000015258789,91.33000183105469,91.80999755859375,77.35476684570312,2637000
2014-06-05,91.91999816894531,93.20999908447266,91.52999877929688,92.80000305175781,78.18892669677734,3219200
2014-06-06,92.94000244140625,94.94000244140625,92.81999969482422,94.91000366210938,79.9666976928711,4550800
2014-06-09,95.08000183105469,95.87999725341797,94.6500015258789,95.56999969482422,80.52274322509766,3825200
2014-06-10,95.08999633789062,95.38999938964844,94.68000030517578,95.27999877929688,80.27842712402344,2418300
2014-06-11,94.94000244140625,95.26000213623047,94.63999938964844,95.08000183105469,80.10990142822266,1884000
2014-06-12,95.3499984741211,95.4800033569336,94.36000061035156,94.76000213623047,79.84028625488281,2870500
2014-06-13,94.94999694824219,95.16999816894531,94.37999725341797,94.8499984741211,79.91614532470703,1793000
2014-06-16,94.36000061035156,94.75,93.83999633789062,94.37000274658203,79.5116958618164,2832500
2014-06-17,94.37000274658203,95.19999694824219,94.01000213623047,94.66000366210938,79.75605010986328,2572300
2014-06-18,94.75,95.58999633789062,94.08000183105469,95.55999755859375,80.51432800292969,2454800
2014-06-19,95.45999908447266,95.69999694824219,94.52999877929688,95.06999969482422,80.10147857666016,3206400
2014-06-20,95.58000183105469,96.04000091552734,95.02999877929688,95.54000091552734,80.49748229980469,5387400
2014-06-23,95.33000183105469,95.75,94.79000091552734,95.51000213623047,80.47222137451172,2102500
2014-06-24,95.08999633789062,95.55000305175781,94.25,94.43000030517578,79.5622787475586,2088700
2014-06-25,94.26000213623047,95.20999908447266,94.19999694824219,94.63999938964844,79.73919677734375,2398400
2014-06-26,94.83000183105469,94.94000244140625,93.54000091552734,94.30000305175781,79.45275115966797,2594800
2014-06-27,94.25,95.05000305175781,94.12999725341797,94.93000030517578,79.9835433959961,3630700
2014-06-30,95.0,95.33999633789062,94.55000305175781,94.87000274658203,79.93296813964844,2634300
2014-07-01,95.41999816894531,96.23999786376953,95.27999877929688,95.3499984741211,80.33740997314453,3026300
2014-07-02,95.19000244140625,95.77999877929688,95.05999755859375,95.20999908447266,80.21944427490234,1595500
2014-07-03,95.58000183105469,95.94000244140625,95.22000122070312,95.83999633789062,80.75023651123047,1633800
2014-07-07,95.5,95.66000366210938,95.12000274658203,95.4000015258789,80.3795394897461,1962800
2014-07-08,94.91999816894531,95.01000213623047,93.56999969482422,94.56999969482422,79.6801986694336,2828700
2014-07-09,95.44000244140625,95.55000305175781,94.41000366210938,94.73999786376953,80.04350280761719,2645500
2014-07-10,93.55000305175781,94.80999755859375,93.16000366210938,94.45999908447266,79.80693817138672,2230000
2014-07-11,94.2699966430664,94.58999633789062,93.75,94.47000122070312,79.8154067993164,2108500
2014-07-14,95.2300033569336,95.58000183105469,94.43000030517578,94.54000091552734,79.87452697753906,2388000
2014-07-15,94.79000091552734,95.16000366210938,94.0,94.44999694824219,79.79849243164062,3499200
2014-07-16,94.80999755859375,95.08999633789062,94.2699966430664,94.47000122070312,79.8154067993164,2738000
2014-07-17,93.95999908447266,94.69999694824219,92.91000366210938,92.98999786376953,78.56497955322266,3110800
2014-07-18,93.31999969482422,93.93000030517578,93.0999984741211,93.52999877929688,79.02123260498047,3363000
2014-07-21,93.29000091552734,93.4000015258789,92.37999725341797,92.87999725341797,78.47203063964844,2321800
2014-07-22,93.51000213623047,94.05999755859375,93.22000122070312,93.37000274658203,78.88600158691406,2411600
2014-07-23,93.19000244140625,93.58999633789062,92.81999969482422,93.27999877929688,78.80998992919922,1984800
2014-07-24,93.33000183105469,93.62000274658203,92.8499984741211,93.1500015258789,78.70014190673828,3023400
2014-07-25,92.73999786376953,93.06999969482422,91.58000183105469,91.93000030517578,77.6694107055664,3903500
2014-07-28,91.9000015258789,92.02999877929688,90.9000015258789,91.86000061035156,77.61028289794922,4274000
2014-07-29,91.83000183105469,92.2300033569336,91.51000213623047,91.70999908447266,77.4835433959961,4773300
2014-07-30,92.11000061035156,92.31999969482422,90.04000091552734,90.91000366210938,76.80763244628906,5069300
2014-07-31,90.06999969482422,90.26000213623047,87.98999786376953,88.0,74.34906768798828,7561100
2014-08-01,87.41000366210938,87.73999786376953,85.75,86.47000122070312,73.05638885498047,12258300
2014-08-04,86.5999984741211,87.23999786376953,86.44999694824219,86.93000030517578,73.44502258300781,5743800
2014-08-05,86.6500015258789,87.0199966430664,85.88999938964844,86.36000061035156,72.96346282958984,5004400
2014-08-06,86.04000091552734,86.79000091552734,86.0,86.4000015258789,72.99725341796875,4805600
2014-08-07,86.79000091552734,87.13999938964844,85.88999938964844,86.0199966430664,72.67617797851562,4539100
2014-08-08,86.08999633789062,87.51000213623047,85.91000366210938,87.47000122070312,73.90125274658203,4206700
2014-08-11,87.91999816894531,88.16000366210938,86.94000244140625,86.94999694824219,73.4619369506836,3594400
2014-08-12,87.0,87.08999633789062,86.69999694824219,87.08000183105469,73.57178497314453,3106600
2014-08-13,87.44000244140625,88.06999969482422,87.16000366210938,87.4000015258789,73.84211730957031,2590600
2014-08-14,87.5,87.80000305175781,87.0999984741211,87.2699966430664,73.7322998046875,3498800
2014-08-15,87.77999877929688,87.87999725341797,86.2300033569336,86.5999984741211,73.16625213623047,3290800
2014-08-18,87.29000091552734,87.4800033569336,86.9800033569336,87.16000366210938,73.6393814086914,2662100
2014-08-19,87.58000183105469,88.27999877929688,87.44999694824219,88.12000274658203,74.45045471191406,3523700
2014-08-20,88.01000213623047,88.6500015258789,87.9000015258789,88.48999786376953,74.76304626464844,3142900
2014-08-21,88.63999938964844,89.33000183105469,88.58999633789062,89.13999938964844,75.31221008300781,3019300
2014-08-22,88.88999938964844,89.51000213623047,88.83000183105469,88.87999725341797,75.09253692626953,2796200
2014-08-25,89.55999755859375,90.22000122070312,89.31999969482422,89.58999633789062,75.69239807128906,3730000
2014-08-26,89.61000061035156,89.93000030517578,89.08000183105469,89.1500015258789,75.3206787109375,2934600
2014-08-27,89.25,89.58999633789062,88.98999786376953,89.23999786376953,75.39669799804688,2632300
2014-08-28,88.83999633789062,89.33000183105469,88.61000061035156,89.0199966430664,75.21082305908203,3324900
2014-08-29,89.37000274658203,89.69999694824219,89.08999633789062,89.55000305175781,75.65859985351562,2672700
2014-09-02,89.9000015258789,90.12999725341797,89.27999877929688,89.72000122070312,75.80225372314453,3592100
2014-09-03,90.12999725341797,90.48999786376953,90.0,90.13999938964844,76.15707397460938,2930800
2014-09-04,90.11000061035156,90.45999908447266,89.41999816894531,89.6500015258789,75.74310302734375,2594100
2014-09-05,89.63999938964844,89.73999786376953,89.0199966430664,89.61000061035156,75.70933532714844,2571200
2014-09-08,89.4000015258789,89.83000183105469,88.62000274658203,88.93000030517578,75.13479614257812,3617600
2014-09-09,88.8499984741211,88.9000015258789,87.75,87.9000015258789,74.26456451416016,4014300
2014-09-10,88.0999984741211,88.66000366210938,88.01000213623047,88.41000366210938,74.69544219970703,3471000
2014-09-11,88.01000213623047,88.5999984741211,87.87999725341797,88.41999816894531,74.70391845703125,2757000
2014-09-12,88.18000030517578,88.30000305175781,87.44000244140625,87.63999938964844,74.044921875,4724500
2014-09-15,88.3499984741211,88.3499984741211,87.11000061035156,87.37999725341797,73.8252182006836,3983800
2014-09-16,87.16000366210938,88.69999694824219,86.87999725341797,88.36000061035156,74.65321350097656,5946200
2014-09-17,88.61000061035156,89.55999755859375,88.33000183105469,89.06999969482422,75.25308990478516,4460700
2014-09-18,89.33000183105469,90.58999633789062,89.30999755859375,90.0999984741211,76.12328338623047,4309800
2014-09-19,90.68000030517578,90.68000030517578,89.41999816894531,89.69999694824219,75.78536224365234,7118600
2014-09-22,89.58000183105469,90.08999633789062,88.9000015258789,88.98999786376953,75.18548583984375,3134700
2014-09-23,88.55000305175781,89.26000213623047,88.2300033569336,88.30999755859375,74.61096954345703,3711000
2014-09-24,88.47000122070312,88.6500015258789,87.87000274658203,88.5199966430664,74.78839111328125,5089900
2014-09-25,88.51000213623047,88.81999969482422,86.76000213623047,86.76000213623047,73.3014144897461,5648000
2014-09-26,87.16000366210938,88.66999816894531,86.94999694824219,88.37000274658203,74.66165161132812,4480300
2014-09-29,87.62999725341797,88.02999877929688,87.13999938964844,87.94999694824219,74.30683898925781,3304100
2014-09-30,88.19999694824219,88.31999969482422,87.3499984741211,87.54000091552734,73.96041870117188,3867100
2014-10-01,86.9000015258789,87.30999755859375,85.51000213623047,85.80999755859375,72.7147445678711,4777800
2014-10-02,86.38999938964844,86.5,85.05999755859375,85.87000274658203,72.76561737060547,4216800
2014-10-03,86.66000366210938,87.30999755859375,86.22000122070312,87.16000366210938,73.85873413085938,4601400
2014-10-06,87.68000030517578,87.97000122070312,86.76000213623047,87.02999877929688,73.74856567382812,3147300
2014-10-07,86.44999694824219,86.44999694824219,85.33000183105469,85.3499984741211,72.32494354248047,3905000
2014-10-08,85.41000366210938,87.47000122070312,85.0,87.41000366210938,74.07058715820312,4238200
2014-10-09,87.33000183105469,87.9800033569336,85.81999969482422,85.88999938964844,72.78253936767578,5394400
2014-10-10,85.77999877929688,86.69999694824219,84.98999786376953,84.98999786376953,72.01988983154297,4226400
2014-10-13,84.76000213623047,85.25,82.61000061035156,82.77999877929688,70.14716339111328,5072300
2014-10-14,83.2699966430664,83.38999938964844,82.51000213623047,82.73999786376953,70.1132583618164,6165000
2014-10-15,81.30000305175781,81.79000091552734,78.41000366210938,80.93000030517578,68.57946014404297,9155600
2014-10-16,80.29000091552734,81.47000122070312,78.80999755859375,80.23999786376953,67.99474334716797,9159300
2014-10-17,80.91000366210938,84.5199966430664,80.9000015258789,82.58000183105469,69.97767639160156,9175000
2014-10-20,82.79000091552734,84.0999984741211,82.62999725341797,84.01000213623047,71.18943786621094,5231100
2014-10-21,84.69999694824219,85.66000366210938,84.44000244140625,85.63999938964844,72.57067108154297,4847100
2014-10-22,85.62000274658203,85.87000274658203,83.93000030517578,83.95999908447266,71.1470947265625,5182200
2014-10-23,85.12999725341797,85.8499984741211,84.87000274658203,85.61000061035156,72.5452651977539,5000300
2014-10-24,85.69000244140625,86.43000030517578,85.58999633789062,86.4000015258789,73.2146987915039,3608000
2014-10-27,86.01000213623047,86.75,85.76000213623047,86.62999725341797,73.40960693359375,3610100
2014-10-28,87.06999969482422,88.01000213623047,86.95999908447266,88.01000213623047,74.57899475097656,3598400
2014-10-29,88.23999786376953,88.98999786376953,87.6500015258789,88.33999633789062,74.858642578125,4592500
2014-10-30,88.58999633789062,89.48999786376953,88.19999694824219,88.73999786376953,75.19762420654297,5072900
2014-10-31,89.94000244140625,90.5999984741211,89.37000274658203,89.94999694824219,76.22296142578125,6848600
2014-11-03,90.31999969482422,91.20999908447266,90.22000122070312,90.8499984741211,76.9856185913086,3707900
2014-11-04,90.62000274658203,91.43000030517578,90.5,91.37999725341797,77.43472290039062,3163100
2014-11-05,91.76000213623047,92.44999694824219,91.76000213623047,92.41999816894531,78.31600952148438,3617600
2014-11-06,92.12999725341797,92.19999694824219,91.11000061035156,91.58000183105469,77.60420989990234,6005800
2014-11-07,91.70999908447266,92.4800033569336,91.2300033569336,92.26000213623047,78.18041229248047,3669200
2014-11-10,92.20999908447266,92.43000030517578,91.8499984741211,92.4000015258789,78.299072265625,2938700
2014-11-11,92.27999877929688,92.58999633789062,91.48999786376953,91.73999786376953,77.73977661132812,2719800
2014-11-12,91.16000366210938,91.66999816894531,91.0999984741211,91.55000305175781,77.57876586914062,3825500
2014-11-13,91.69999694824219,91.69999694824219,90.94000244140625,91.06999969482422,77.17201232910156,3638000
2014-11-14,91.06999969482422,91.23999786376953,90.3499984741211,90.66999816894531,76.83308410644531,2361600
2014-11-17,90.23999786376953,90.26000213623047,89.6500015258789,90.12999725341797,76.37548065185547,2620600
2014-11-18,90.20999908447266,90.93000030517578,90.02999877929688,90.58000183105469,76.7568130493164,2175500
2014-11-19,90.30000305175781,90.76000213623047,90.0199966430664,90.5,76.68901062011719,2661200
2014-11-20,89.83000183105469,90.91000366210938,89.81999969482422,90.62000274658203,76.79070281982422,2825700
2014-11-21,91.66000366210938,91.68000030517578,90.30000305175781,90.38999938964844,76.5958023071289,4039200
2014-11-24,90.80000305175781,91.16999816894531,90.20999908447266,91.04000091552734,77.14661407470703,3459500
2014-11-25,91.19999694824219,91.58000183105469,90.76000213623047,91.4000015258789,77.45169067382812,3313700
2014-11-26,91.70999908447266,91.70999908447266,90.93000030517578,91.44999694824219,77.49401092529297,2218200
2014-11-28,91.61000061035156,92.55000305175781,91.58000183105469,92.41999816894531,78.31600952148438,3070000
2014-12-01,92.06999969482422,92.62999725341797,91.66000366210938,92.13999938964844,78.07872009277344,3343000
2014-12-02,92.5999984741211,93.0,92.31999969482422,93.0,78.80748748779297,3111900
2014-12-03,92.61000061035156,93.12000274658203,91.05000305175781,91.25,77.3245620727539,5911100
2014-12-04,91.8499984741211,91.8499984741211,91.19000244140625,91.83000183105469,77.8160400390625,3991000
2014-12-05,92.29000091552734,92.86000061035156,92.05000305175781,92.6500015258789,78.51090240478516,2872600
2014-12-08,92.68000030517578,93.88999938964844,92.4000015258789,93.55999755859375,79.28202819824219,4467600
2014-12-09,92.19000244140625,93.4000015258789,91.9800033569336,93.36000061035156,79.11256408691406,4069100
2014-12-10,92.86000061035156,93.69000244140625,92.55999755859375,92.75,78.59564208984375,4658000
2014-12-11,93.11000061035156,94.62000274658203,92.94999694824219,93.12999725341797,78.91766357421875,4419100
2014-12-12,92.4000015258789,93.0199966430664,90.94000244140625,91.0,77.11270141601562,4480300
2014-12-15,91.44000244140625,91.58000183105469,89.1500015258789,90.04000091552734,76.29920959472656,4766700
2014-12-16,89.37000274658203,90.79000091552734,88.19000244140625,88.23999786376953,74.77389526367188,4948800
2014-12-17,88.55999755859375,90.56999969482422,88.33999633789062,90.44000244140625,76.63818359375,5204400
2014-12-18,91.69999694824219,93.20999908447266,91.48999786376953,93.16999816894531,78.95155334472656,4554200
2014-12-19,92.95999908447266,93.91000366210938,92.3499984741211,92.9000015258789,78.72276306152344,7170300
2014-12-22,92.98999786376953,93.66000366210938,92.83000183105469,93.62000274658203,79.33287811279297,2910800
2014-12-23,93.69999694824219,94.27999877929688,93.6500015258789,93.81999969482422,79.50236511230469,2864800
2014-12-24,93.95999908447266,94.79000091552734,93.95999908447266,94.08000183105469,79.72268676757812,1321500
2014-12-26,94.19999694824219,94.80000305175781,94.19999694824219,94.29000091552734,79.90064239501953,1439900
2014-12-29,94.0,94.88999938964844,94.0,94.2699966430664,79.88365936279297,1483000
2014-12-30,94.2300033569336,94.45999908447266,94.02999877929688,94.2699966430664,79.88365936279297,1425100
2014-12-31,94.6500015258789,94.75,93.0,93.04000091552734,78.84137725830078,2306200
2015-01-02,93.16999816894531,93.94000244140625,92.13999938964844,93.0199966430664,78.824462890625,2437500
2015-01-05,92.45999908447266,92.77999877929688,90.31999969482422,90.55999755859375,76.73983764648438,3469600
2015-01-06,90.79000091552734,90.9000015258789,87.94000244140625,88.62999725341797,75.1043701171875,4800300
2015-01-07,91.01000213623047,91.01000213623047,89.52999877929688,90.30000305175781,76.74468231201172,5665200
2015-01-08,91.44000244140625,91.80999755859375,91.0,91.58000183105469,77.83252716064453,3774200
2015-01-09,91.58000183105469,91.80000305175781,90.23999786376953,90.41999816894531,76.84664916992188,3681700
2015-01-12,90.5,90.94000244140625,89.08000183105469,89.5,76.06475067138672,3230700
2015-01-13,90.2699966430664,91.13999938964844,88.43000030517578,89.2300033569336,75.83528137207031,3537600
2015-01-14,87.44000244140625,88.41999816894531,86.25,87.06999969482422,73.99951934814453,6628400
2015-01-15,87.5,88.02999877929688,84.55000305175781,85.87999725341797,72.9881820678711,5830900
2015-01-16,85.54000091552734,86.20999908447266,84.73999786376953,86.04000091552734,73.12417602539062,6768700
2015-01-20,86.45999908447266,87.72000122070312,86.41999816894531,87.26000213623047,74.16100311279297,6364100
2015-01-21,87.55999755859375,87.72000122070312,86.7699966430664,87.66999816894531,74.50946044921875,7185700
2015-01-22,84.5,86.12000274658203,83.5,84.37000274658203,71.7048568725586,16390100
2015-01-23,84.43000030517578,85.31999969482422,83.95999908447266,84.12999725341797,71.50086975097656,7366100
2015-01-26,83.77999877929688,84.30000305175781,83.12000274658203,83.30000305175781,70.79549407958984,6632800
2015-01-27,82.5,83.27999877929688,82.08000183105469,82.4000015258789,70.03057861328125,6329500
2015-01-28,82.80000305175781,83.38999938964844,81.70999908447266,81.7300033569336,69.46116638183594,7942200
2015-01-29,82.06999969482422,82.33000183105469,81.16000366210938,82.0,69.69062042236328,7545900
2015-01-30,82.12000274658203,82.19999694824219,80.55999755859375,80.69000244140625,68.57727813720703,7210500
2015-02-02,80.95999908447266,82.25,80.8499984741211,82.12999725341797,69.80110168457031,5459300
2015-02-03,82.58000183105469,83.7699966430664,82.54000091552734,83.7300033569336,71.16092681884766,5586200
2015-02-04,83.5,84.47000122070312,83.33000183105469,83.61000061035156,71.05895233154297,6155700
2015-02-05,84.25,84.93000030517578,84.08000183105469,84.7300033569336,72.01083374023438,3966600
2015-02-06,85.11000061035156,86.01000213623047,84.7699966430664,85.01000213623047,72.24878692626953,5139700
2015-02-09,84.52999877929688,85.25,84.30000305175781,84.9800033569336,72.2232666015625,3101300
2015-02-10,85.5999984741211,85.97000122070312,85.12000274658203,85.83999633789062,72.9542007446289,3589900
2015-02-11,85.87000274658203,86.18000030517578,85.31999969482422,86.01000213623047,73.09867858886719,4374800
2015-02-12,80.02999877929688,81.52999877929688,80.0,80.4800033569336,68.3988037109375,32653100
2015-02-13,79.44000244140625,79.75,77.72000122070312,78.08000183105469,66.35906219482422,34874400
2015-02-17,77.16000366210938,79.31999969482422,77.12000274658203,79.08000183105469,67.20896911621094,18578300
2015-02-18,78.72000122070312,80.2699966430664,78.72000122070312,79.77999877929688,67.80388641357422,13417000
2015-02-19,79.88999938964844,79.9800033569336,77.55999755859375,78.4000015258789,66.63103485107422,20858000
2015-02-20,78.22000122070312,79.87999725341797,78.19999694824219,79.83000183105469,67.84637451171875,11348700
2015-02-23,79.98999786376953,80.4800033569336,79.47000122070312,80.30000305175781,68.24581146240234,6868600
2015-02-24,80.30000305175781,81.69999694824219,80.26000213623047,80.86000061035156,68.72174835205078,10951000
2015-02-25,81.16000366210938,82.25,80.87000274658203,82.16999816894531,69.83509063720703,8184700
2015-02-26,83.01000213623047,83.47000122070312,82.41000366210938,83.25,70.75300598144531,8702800
2015-02-27,83.25,83.37999725341797,81.5199966430664,81.58999633789062,69.34214782714844,8121200
2015-03-02,81.58999633789062,82.20999908447266,81.55999755859375,82.02999877929688,69.71611785888672,5503100
2015-03-03,80.98999786376953,81.93000030517578,80.9000015258789,81.91000366210938,69.61415100097656,6856100
2015-03-04,81.55000305175781,81.55999755859375,80.55999755859375,80.62999725341797,68.52628326416016,6141000
2015-03-05,80.66000366210938,81.4000015258789,80.63999938964844,81.1500015258789,68.96822357177734,5571800
2015-03-06,80.62999725341797,81.1500015258789,80.05999755859375,80.30999755859375,68.25431060791016,6530200
2015-03-09,80.1500015258789,80.83000183105469,79.94999694824219,80.51000213623047,68.42430114746094,5846100
2015-03-10,79.7300033569336,79.7699966430664,78.87000274658203,79.11000061035156,67.23446655273438,7525000
2015-03-11,79.4000015258789,79.75,79.11000061035156,79.44999694824219,67.52339935302734,4546200
2015-03-12,80.0999984741211,82.0,80.02999877929688,81.55999755859375,69.31666564941406,9386600
2015-03-13,81.5,81.6500015258789,79.94999694824219,80.5999984741211,68.50079345703125,6919400
2015-03-16,80.87999725341797,81.6500015258789,80.75,81.5,69.26565551757812,5295100
2015-03-17,81.19999694824219,81.20999908447266,80.55000305175781,81.05999755859375,68.89173126220703,4258200
2015-03-18,80.58000183105469,82.31999969482422,80.2699966430664,81.86000061035156,69.57164001464844,6449400
2015-03-19,81.83999633789062,81.95999908447266,80.94000244140625,81.54000091552734,69.2996826171875,4677000
2015-03-20,81.79000091552734,83.05999755859375,81.5,82.69999694824219,70.28553771972656,9338100
2015-03-23,82.69999694824219,83.54000091552734,82.19999694824219,82.19999694824219,69.860595703125,7291700
2015-03-24,82.04000091552734,82.16000366210938,81.2699966430664,81.37000274658203,69.15521240234375,5217800
2015-03-25,81.41999816894531,81.47000122070312,80.02999877929688,80.11000061035156,68.08434295654297,8908000
2015-03-26,79.66999816894531,79.77999877929688,77.88999938964844,78.4800033569336,66.69904327392578,16181300
2015-03-27,78.4000015258789,78.63999938964844,77.70999908447266,77.97000122070312,66.2656021118164,9022600
2015-03-30,78.3499984741211,78.75,78.0,78.05000305175781,66.33357238769531,7285200
2015-03-31,77.88999938964844,78.52999877929688,77.62000274658203,78.12000274658203,66.61495971679688,5918300
2015-04-01,78.05000305175781,79.31999969482422,77.8499984741211,78.93000030517578,67.30572509765625,6163500
2015-04-02,78.93000030517578,79.7699966430664,78.56999969482422,79.69999694824219,67.96227264404297,5695200
2015-04-06,79.33999633789062,80.0999984741211,78.7300033569336,79.62999725341797,67.90258026123047,3831100
2015-04-07,78.58999633789062,79.37999725341797,78.26000213623047,78.33000183105469,66.79407501220703,5919200
2015-04-08,78.41999816894531,79.36000061035156,78.30000305175781,78.69000244140625,67.10102081298828,6405800
2015-04-09,78.62999725341797,79.33000183105469,78.41000366210938,79.16000366210938,67.5018081665039,4288100
2015-04-10,79.41999816894531,79.97000122070312,79.19999694824219,79.58999633789062,67.86845397949219,3442000
2015-04-13,79.7300033569336,79.98999786376953,79.26000213623047,79.2699966430664,67.5956039428711,4092000
2015-04-14,79.5999984741211,79.97000122070312,78.88999938964844,79.48999786376953,67.78318786621094,4213200
2015-04-15,79.43000030517578,80.30000305175781,79.41999816894531,79.75,68.00492858886719,6042700
2015-04-16,79.43000030517578,81.16999816894531,79.25,80.91000366210938,68.99406433105469,8084800
2015-04-17,78.4000015258789,78.5,76.52999877929688,77.31999969482422,65.93279266357422,22112500
2015-04-20,77.38999938964844,77.8499984741211,76.95999908447266,77.2300033569336,65.85606384277344,8432600
2015-04-21,77.37999725341797,77.80000305175781,77.23999786376953,77.27999877929688,65.898681640625,5125000
2015-04-22,77.41000366210938,78.6500015258789,77.18000030517578,78.44000244140625,66.88783264160156,7318100
2015-04-23,78.05999755859375,78.37000274658203,77.73999786376953,78.1500015258789,66.64057159423828,4815400
2015-04-24,78.30000305175781,78.33000183105469,77.7699966430664,77.98999786376953,66.50411224365234,3400700
2015-04-27,77.83000183105469,77.95999908447266,77.04000091552734,77.48999786376953,66.0777587890625,6901700
2015-04-28,77.69000244140625,77.7300033569336,76.94000244140625,77.48999786376953,66.0777587890625,6493400
2015-04-29,77.12999725341797,77.47000122070312,77.0,77.16000366210938,65.79634094238281,4322600
2015-04-30,77.04000091552734,77.68000030517578,76.9800033569336,77.44999694824219,66.04363250732422,6754100
2015-05-01,77.8499984741211,77.88999938964844,77.30999755859375,77.68000030517578,66.23979949951172,3859200
2015-05-04,77.95999908447266,78.54000091552734,77.73999786376953,78.27999877929688,66.75141906738281,3896700
2015-05-05,77.9800033569336,78.5199966430664,77.77999877929688,77.83999633789062,66.37619018554688,5325800
2015-05-06,78.69999694824219,78.8499984741211,77.38999938964844,77.8499984741211,66.38471984863281,5896600
2015-05-07,77.83999633789062,78.73999786376953,77.5999984741211,78.43000030517578,66.87934112548828,7924600
2015-05-08,78.88999938964844,79.63999938964844,78.7699966430664,78.9800033569336,67.34832763671875,7198100
2015-05-11,79.05000305175781,80.25,79.01000213623047,79.69999694824219,67.96227264404297,5827400
2015-05-12,79.1500015258789,79.43000030517578,78.44000244140625,79.08000183105469,67.43357849121094,4575700
2015-05-13,79.5,80.01000213623047,79.2699966430664,79.86000061035156,68.09872436523438,5494500
2015-05-14,80.33999633789062,80.9000015258789,80.2699966430664,80.75,68.8576431274414,4450800
2015-05-15,80.9000015258789,81.16000366210938,79.98999786376953,80.22000122070312,68.40568542480469,4479300
2015-05-18,80.27999877929688,80.55000305175781,79.77999877929688,80.16999816894531,68.3630599975586,4579900
2015-05-19,80.37000274658203,81.5999984741211,80.37000274658203,81.36000061035156,69.37781524658203,6063500
2015-05-20,81.41000366210938,81.44999694824219,80.77999877929688,80.95999908447266,69.03672790527344,3986700
2015-05-21,80.54000091552734,81.16999816894531,80.41000366210938,80.76000213623047,68.86620330810547,4249700
2015-05-22,80.83999633789062,81.58000183105469,80.72000122070312,81.25,69.28402709960938,3395800
2015-05-26,81.12000274658203,81.45999908447266,79.94000244140625,80.19000244140625,68.38011169433594,5282700
2015-05-27,80.44999694824219,80.62999725341797,79.83999633789062,80.11000061035156,68.31189727783203,5105100
2015-05-28,79.97000122070312,80.25,79.87999725341797,80.08999633789062,68.29483795166016,4443000
2015-05-29,80.04000091552734,80.0999984741211,79.58000183105469,79.72000122070312,67.97931671142578,7385100
2015-06-01,79.94000244140625,80.16999816894531,78.94999694824219,79.47000122070312,67.76615905761719,4716900
2015-06-02,79.26000213623047,80.2699966430664,79.18000030517578,79.98999786376953,68.20955657958984,4197300
2015-06-03,80.31999969482422,81.2699966430664,80.12000274658203,80.5999984741211,68.72972869873047,4321400
2015-06-04,80.05000305175781,80.33999633789062,79.19999694824219,79.36000061035156,67.67237854003906,5438100
2015-06-05,79.73999786376953,79.87999725341797,79.2300033569336,79.38999938964844,67.69793701171875,4817000
2015-06-08,79.43000030517578,79.83999633789062,78.80000305175781,78.80999755859375,67.2033462524414,5883600
2015-06-09,78.87999725341797,79.38999938964844,78.86000061035156,79.16999816894531,67.51033782958984,4506300
2015-06-10,79.19999694824219,80.48999786376953,79.19999694824219,80.19000244140625,68.38011169433594,5865400
2015-06-11,80.33999633789062,80.7699966430664,80.0,80.30000305175781,68.47391510009766,4013400
2015-06-12,80.43000030517578,80.44999694824219,79.11000061035156,79.52999877929688,67.81732177734375,6253500
2015-06-15,79.0,79.37000274658203,78.81999969482422,79.25,67.57855224609375,4929300
2015-06-16,79.04000091552734,79.80000305175781,79.0,79.36000061035156,67.67237854003906,6992700
2015-06-17,79.63999938964844,80.86000061035156,79.45999908447266,80.31999969482422,68.49098205566406,6945600
2015-06-18,80.23999786376953,80.9000015258789,79.80999755859375,80.7699966430664,68.87469482421875,4632300
2015-06-19,80.5199966430664,80.62000274658203,79.79000091552734,80.19000244140625,68.38011169433594,13054800
2015-06-22,80.68000030517578,81.70999908447266,80.66000366210938,81.25,69.28402709960938,5548600
2015-06-23,81.44000244140625,81.91999816894531,81.29000091552734,81.36000061035156,69.37781524658203,5356300
2015-06-24,80.94000244140625,81.36000061035156,80.73999786376953,80.73999786376953,68.8491439819336,5637600
2015-06-25,80.98999786376953,81.0,79.87999725341797,79.87999725341797,68.1157455444336,6591100
2015-06-26,80.16999816894531,80.44999694824219,79.83000183105469,79.87999725341797,68.1157455444336,15746700
2015-06-29,79.22000122070312,79.3499984741211,77.73999786376953,77.80000305175781,66.34210968017578,8553300
2015-06-30,78.16999816894531,78.41000366210938,77.6500015258789,77.72000122070312,66.52183532714844,7793000
2015-07-01,78.63999938964844,78.91000366210938,78.16000366210938,78.4000015258789,67.1038818359375,5319900
2015-07-02,78.69000244140625,79.12999725341797,78.18000030517578,78.20999908447266,66.94123840332031,4577700
2015-07-06,77.55000305175781,77.8499984741211,77.33999633789062,77.58999633789062,66.41055297851562,5724800
2015-07-07,77.55999755859375,77.80000305175781,76.41000366210938,77.55000305175781,66.37633514404297,7183000
2015-07-08,76.88999938964844,77.19999694824219,75.75,75.93000030517578,64.9897232055664,5544800
2015-07-09,76.62999725341797,77.44999694824219,76.29000091552734,76.33999633789062,65.34066772460938,3934000
2015-07-10,77.30999755859375,77.48999786376953,76.91000366210938,77.30999755859375,66.17092895507812,3036000
2015-07-13,77.97000122070312,78.61000061035156,77.7699966430664,78.52999877929688,67.21511840820312,3677500
2015-07-14,78.5999984741211,79.13999938964844,78.20999908447266,78.97000122070312,67.59172058105469,3904900
2015-07-15,79.01000213623047,79.36000061035156,78.31999969482422,78.54000091552734,67.22370147705078,3947000
2015-07-16,79.0,79.16000366210938,78.66999816894531,78.91999816894531,67.54894256591797,4095800
2015-07-17,78.73999786376953,79.25,78.6500015258789,79.22000122070312,67.80571746826172,3084400
2015-07-20,79.19999694824219,79.62999725341797,79.18000030517578,79.30000305175781,67.87418365478516,3553000
2015-07-21,79.19999694824219,79.41000366210938,78.44999694824219,78.94999694824219,67.57462310791016,3974600
2015-07-22,78.80000305175781,79.19000244140625,78.5999984741211,78.98999786376953,67.60884857177734,4392700
2015-07-23,77.69999694824219,77.94999694824219,76.12999725341797,77.01000213623047,65.9141616821289,12256800
2015-07-24,76.6500015258789,77.1500015258789,75.68000030517578,75.9000015258789,64.96410369873047,8639900
2015-07-27,75.44000244140625,75.5999984741211,74.30000305175781,74.91999816894531,64.12529754638672,9861400
2015-07-28,75.12000274658203,75.56999969482422,74.37000274658203,75.11000061035156,64.28788757324219,5516600
2015-07-29,75.11000061035156,76.01000213623047,74.91999816894531,75.69999694824219,64.79289245605469,4594200
2015-07-30,75.79000091552734,76.20999908447266,75.63999938964844,76.12000274658203,65.15237426757812,4767100
2015-07-31,76.38999938964844,76.66999816894531,75.98999786376953,76.05999755859375,65.10102081298828,6344800
2015-08-03,75.86000061035156,76.16000366210938,75.43000030517578,75.9800033569336,65.03253936767578,5159500
2015-08-04,75.7699966430664,76.16000366210938,75.62999725341797,75.72000122070312,64.80999755859375,4137600
2015-08-05,76.3499984741211,76.4800033569336,75.58999633789062,75.58999633789062,64.6987533569336,5562000
2015-08-06,75.6500015258789,75.79000091552734,74.70999908447266,75.0,64.1937484741211,4522100
2015-08-07,75.0,80.22000122070312,74.33999633789062,79.72000122070312,68.2336654663086,23689600
2015-08-10,79.69000244140625,81.38999938964844,79.5,81.26000213623047,69.55179595947266,12609000
2015-08-11,80.43000030517578,81.6500015258789,80.25,81.33999633789062,69.62027740478516,8509800
2015-08-12,80.72000122070312,81.08999633789062,79.80000305175781,81.0,69.3292465209961,6945600
2015-08-13,81.0,81.0,80.37999725341797,80.76000213623047,69.12384033203125,4866900
2015-08-14,80.51000213623047,81.33000183105469,80.41999816894531,80.91000366210938,69.25225067138672,5387100
2015-08-17,80.38999938964844,81.16999816894531,80.25,81.0,69.3292465209961,4574700
2015-08-18,81.05000305175781,81.41999816894531,80.69999694824219,81.23999786376953,69.53467559814453,4458300
2015-08-19,80.91999816894531,81.66000366210938,80.41000366210938,80.94999694824219,69.28645324707031,5314600
2015-08-20,80.11000061035156,80.45999908447266,78.7300033569336,78.76000213623047,67.4119873046875,7240600
2015-08-21,78.12000274658203,78.61000061035156,77.02999877929688,77.02999877929688,65.9312515258789,8483300
2015-08-24,73.36000061035156,76.08000183105469,71.70999908447266,74.6500015258789,63.894168853759766,12873200
2015-08-25,76.2699966430664,76.55000305175781,73.27999877929688,73.5199966430664,62.92696762084961,7779000
2015-08-26,75.38999938964844,75.9000015258789,73.95999908447266,75.62999725341797,64.73298645019531,6505800
2015-08-27,75.87999725341797,77.18000030517578,75.5199966430664,76.87999725341797,65.80288696289062,7025000
2015-08-28,76.31999969482422,76.80999755859375,75.93000030517578,76.6500015258789,65.60604095458984,4919000
2015-08-31,76.26000213623047,77.26000213623047,75.97000122070312,76.72000122070312,65.66590881347656,4559700
2015-09-01,74.8499984741211,75.36000061035156,73.5999984741211,74.0,63.337833404541016,6101100
2015-09-02,74.9000015258789,75.20999908447266,73.97000122070312,74.94000244140625,64.14239501953125,5914400
2015-09-03,75.37999725341797,76.25,75.05000305175781,75.26000213623047,64.41629791259766,4783000
2015-09-04,74.27999877929688,74.5199966430664,73.56999969482422,74.08000183105469,63.406314849853516,5095200
2015-09-08,75.58000183105469,75.7300033569336,74.91999816894531,75.48999786376953,64.61315155029297,6046300
2015-09-09,76.08000183105469,76.51000213623047,74.9800033569336,75.12000274658203,64.29647064208984,4959800
2015-09-10,75.1500015258789,75.86000061035156,74.9800033569336,75.30999755859375,64.45909118652344,4764600
2015-09-11,75.08000183105469,75.52999877929688,74.79000091552734,75.5,64.62171173095703,3843600
2015-09-14,75.16000366210938,75.5,74.77999877929688,75.13999938964844,64.31356048583984,4452100
2015-09-15,75.45999908447266,76.75,75.2300033569336,76.5,65.47761535644531,5473700
2015-09-16,76.45999908447266,77.51000213623047,76.38999938964844,77.31999969482422,66.17948150634766,4193100
2015-09-17,77.45999908447266,78.4000015258789,76.7699966430664,77.05999755859375,65.95693969726562,4181800
2015-09-18,76.05000305175781,76.80000305175781,75.72000122070312,75.94999694824219,65.00687408447266,12402900
2015-09-21,76.41999816894531,77.31999969482422,76.31999969482422,76.73999786376953,65.68305206298828,3266300
2015-09-22,75.61000061035156,75.7699966430664,75.0,75.70999908447266,64.80140686035156,5047200
2015-09-23,75.51000213623047,75.95999908447266,75.12999725341797,75.62999725341797,64.73298645019531,3183300
2015-09-24,74.98999786376953,75.02999877929688,73.8499984741211,74.69000244140625,63.92842102050781,6108900
2015-09-25,75.38999938964844,75.66999816894531,74.72000122070312,75.0999984741211,64.27931213378906,4478000
2015-09-28,74.45999908447266,74.69999694824219,73.26000213623047,73.33999633789062,62.77291488647461,5894700
2015-09-29,73.30000305175781,73.51000213623047,72.66000366210938,73.0999984741211,62.56749725341797,5283000
2015-09-30,73.88999938964844,74.19000244140625,73.30000305175781,74.12999725341797,63.449119567871094,4912200
2015-10-01,74.16000366210938,74.5999984741211,73.20999908447266,73.88999938964844,63.243675231933594,4741100
2015-10-02,72.69999694824219,74.41000366210938,72.5,74.41000366210938,63.688777923583984,5072400
2015-10-05,75.05000305175781,77.54000091552734,75.04000091552734,77.30000305175781,66.16236877441406,6480600
2015-10-06,77.23999786376953,77.54000091552734,76.72000122070312,76.91000366210938,65.82855987548828,3887100
2015-10-07,76.80999755859375,77.8499984741211,76.68000030517578,77.18000030517578,66.30968475341797,3431800
2015-10-08,76.98999786376953,77.26000213623047,76.11000061035156,77.18000030517578,66.30968475341797,3298900
2015-10-09,77.44999694824219,77.81999969482422,76.83000183105469,77.33000183105469,66.43854522705078,2651800
2015-10-12,77.16000366210938,77.31999969482422,76.94000244140625,77.30999755859375,66.42137908935547,1895100
2015-10-13,76.8499984741211,77.22000122070312,76.55999755859375,76.5999984741211,65.81135559082031,3247400
2015-10-14,76.41000366210938,76.77999877929688,75.94000244140625,76.16999816894531,65.44194793701172,3098600
2015-10-15,77.0,77.19000244140625,76.06999969482422,76.73999786376953,65.9316635131836,3615800
2015-10-16,77.08000183105469,77.5,76.62000274658203,77.20999908447266,66.33545684814453,5613700
2015-10-19,76.94999694824219,77.30999755859375,76.7300033569336,77.0,66.155029296875,4054900
2015-10-20,77.05000305175781,77.1500015258789,76.68000030517578,76.94999694824219,66.11209106445312,3470800
2015-10-21,77.29000091552734,77.61000061035156,76.3499984741211,76.51000213623047,65.73405456542969,5833500
2015-10-22,73.05999755859375,73.27999877929688,71.38999938964844,72.5,62.2888298034668,23652600
2015-10-23,72.81999969482422,74.83000183105469,72.62000274658203,74.58999633789062,64.08442687988281,9341300
2015-10-26,73.30000305175781,74.33000183105469,73.12999725341797,74.19000244140625,63.740806579589844,5227700
2015-10-27,73.79000091552734,74.20999908447266,73.7300033569336,74.01000213623047,63.586151123046875,4099000
2015-10-28,74.3499984741211,74.44999694824219,73.80999755859375,74.44999694824219,63.96418762207031,7841100
2015-10-29,74.1500015258789,74.97000122070312,74.04000091552734,74.22000122070312,63.7665901184082,5250200
2015-10-30,74.08000183105469,74.27999877929688,73.05999755859375,73.26000213623047,62.941795349121094,6310100
2015-11-02,73.43000030517578,74.06999969482422,73.2699966430664,73.94000244140625,63.52602005004883,4940600
2015-11-03,74.1500015258789,74.2699966430664,73.87000274658203,74.02999877929688,63.60333251953125,5047900
2015-11-04,74.30999755859375,74.8499984741211,73.94000244140625,74.06999969482422,63.63770294189453,12872700
2015-11-05,74.1500015258789,74.33000183105469,73.56999969482422,73.93000030517578,63.51742935180664,4983700
2015-11-06,74.55999755859375,74.80000305175781,74.11000061035156,74.30000305175781,63.835289001464844,7440800
2015-11-09,74.08000183105469,74.26000213623047,73.2300033569336,73.41999816894531,63.079254150390625,5622600
2015-11-10,73.12000274658203,73.58000183105469,73.0999984741211,73.37000274658203,63.03629684448242,4961900
2015-11-11,73.45999908447266,73.5999984741211,72.76000213623047,72.91000366210938,62.64107894897461,4719500
2015-11-12,72.72000122070312,72.79000091552734,71.81999969482422,71.9800033569336,61.842071533203125,6112500
2015-11-13,71.69000244140625,72.20999908447266,71.0999984741211,71.19999694824219,61.17192459106445,4486700
2015-11-16,70.83000183105469,71.66000366210938,70.20999908447266,71.66000366210938,61.5671272277832,5244600
2015-11-17,71.91999816894531,72.02999877929688,70.95999908447266,71.11000061035156,61.09459686279297,5867700
2015-11-18,71.12999725341797,72.16999816894531,71.12999725341797,72.1500015258789,61.988128662109375,5817000
2015-11-19,72.0999984741211,72.87999725341797,72.06999969482422,72.73999786376953,62.49502944946289,4851300
2015-11-20,72.87999725341797,73.3499984741211,72.0999984741211,72.41999816894531,62.2200927734375,4429600
2015-11-23,72.45999908447266,72.73999786376953,72.16999816894531,72.23999786376953,62.065452575683594,3251400
2015-11-24,71.87000274658203,71.95999908447266,71.0,71.62999725341797,61.54136657714844,4873100
2015-11-25,71.69999694824219,71.80000305175781,71.25,71.69000244140625,61.5929069519043,4391300
2015-11-27,71.80000305175781,72.0,71.43000030517578,71.8499984741211,61.73036193847656,1547500
2015-11-30,71.8499984741211,72.06999969482422,71.41999816894531,71.63999938964844,61.549949645996094,5377200
2015-12-01,72.0,72.44000244140625,71.56999969482422,72.19999694824219,62.03109359741211,4193500
2015-12-02,72.13999938964844,72.44000244140625,71.05999755859375,71.19999694824219,61.17192459106445,4146000
2015-12-03,71.41000366210938,71.69999694824219,70.12000274658203,70.41999816894531,60.50178527832031,6807800
2015-12-04,70.5,71.30999755859375,70.36000061035156,71.0999984741211,61.085994720458984,4993400
2015-12-07,70.81999969482422,71.08999633789062,70.16999816894531,70.61000061035156,60.66501998901367,5926400
2015-12-08,70.04000091552734,70.1500015258789,69.30999755859375,69.91000366210938,60.06361389160156,7669100
2015-12-09,69.44000244140625,70.80000305175781,69.3499984741211,69.86000061035156,60.02066421508789,6910700
2015-12-10,69.73999786376953,70.6500015258789,69.61000061035156,70.11000061035156,60.23542404174805,4783000
2015-12-11,69.04000091552734,69.83000183105469,68.4800033569336,68.86000061035156,59.1614990234375,9094300
2015-12-14,68.98999786376953,69.41999816894531,67.80000305175781,68.83000183105469,59.1357307434082,6393000
2015-12-15,69.75,70.63999938964844,69.58999633789062,70.1500015258789,60.269832611083984,6247200
2015-12-16,70.70999908447266,70.95999908447266,69.80000305175781,70.70999908447266,60.750946044921875,5581800
2015-12-17,70.79000091552734,70.95999908447266,69.41000366210938,69.56999969482422,59.771480560302734,4800000
2015-12-18,69.12999725341797,69.12999725341797,67.56999969482422,67.87000274658203,58.310951232910156,17898900
2015-12-21,68.1500015258789,68.7699966430664,67.98999786376953,68.4000015258789,58.76628875732422,4733400
2015-12-22,68.73999786376953,69.12999725341797,68.20999908447266,68.8499984741211,59.152896881103516,3796800
2015-12-23,69.05000305175781,69.98999786376953,68.94000244140625,69.97000122070312,60.11515426635742,5278000
2015-12-24,69.73999786376953,70.51000213623047,69.73999786376953,70.16000366210938,60.27839279174805,1956400
2015-12-28,70.0,70.0999984741211,69.36000061035156,69.76000213623047,59.93473434448242,2860700
2015-12-29,70.27999877929688,70.61000061035156,70.12000274658203,70.55000305175781,60.61347579956055,3838800
2015-12-30,70.51000213623047,70.75,70.08000183105469,70.16000366210938,60.27839279174805,2792700
2015-12-31,70.01000213623047,70.31999969482422,69.52999877929688,69.55000305175781,59.75430679321289,3531300
2016-01-04,68.08999633789062,68.18000030517578,66.7699966430664,67.58999633789062,58.07036590576172,9248300
2016-01-05,67.37000274658203,67.70999908447266,65.66999816894531,66.55000305175781,57.17685317993164,10809200
2016-01-06,65.23999786376953,65.55000305175781,64.23999786376953,64.41999816894531,55.58909225463867,9752200
2016-01-07,63.310001373291016,64.25,63.08000183105469,63.84000015258789,55.08858871459961,11323900
2016-01-08,64.18000030517578,64.41000366210938,63.56999969482422,63.630001068115234,54.907371520996094,10003600
2016-01-11,63.7400016784668,64.20999908447266,63.099998474121094,64.05000305175781,55.269805908203125,8157100
2016-01-12,64.80000305175781,64.9000015258789,63.599998474121094,64.4000015258789,55.57183837890625,7560000
2016-01-13,63.650001525878906,64.37000274658203,62.22999954223633,62.849998474121094,54.23429870605469,11291200
2016-01-14,62.849998474121094,63.75,62.369998931884766,63.290000915527344,54.61397933959961,6664000
2016-01-15,62.029998779296875,63.04999923706055,61.5,62.90999984741211,54.28607940673828,8643800
2016-01-19,63.40999984741211,63.790000915527344,62.2400016784668,62.63999938964844,54.0530891418457,7652100
2016-01-20,61.540000915527344,63.540000915527344,61.290000915527344,63.029998779296875,54.389625549316406,9043800
2016-01-21,63.0,64.31999969482422,62.5099983215332,62.63999938964844,54.0530891418457,8992300
2016-01-22,58.38999938964844,58.88999938964844,54.13999938964844,55.060001373291016,47.51218032836914,43783400
2016-01-25,54.459999084472656,55.77000045776367,54.13999938964844,55.02000045776367,47.4776611328125,18498300
2016-01-26,55.20000076293945,55.7400016784668,54.959999084472656,55.09000015258789,47.53807067871094,12844800
2016-01-27,55.369998931884766,55.81999969482422,54.41999816894531,54.52000045776367,47.046207427978516,11044100
2016-01-28,54.68000030517578,54.7599983215332,52.150001525878906,52.880001068115234,45.63103485107422,18015000
2016-01-29,53.18000030517578,53.709999084472656,53.04999923706055,53.5,46.16603469848633,13981100
2016-02-01,53.40999984741211,54.9900016784668,53.0,54.70000076293945,47.2015380859375,9861900
2016-02-02,54.33000183105469,54.38999938964844,53.4900016784668,53.65999984741211,46.304100036621094,11698400
2016-02-03,54.0,54.290000915527344,52.83000183105469,54.11000061035156,46.692413330078125,9729800
2016-02-04,54.08000183105469,54.459999084472656,53.810001373291016,54.380001068115234,46.92540740966797,6904000
2016-02-05,54.720001220703125,54.849998474121094,53.810001373291016,53.97999954223633,46.58023452758789,9159600
2016-02-08,53.2400016784668,53.45000076293945,52.22999954223633,52.400001525878906,45.21683120727539,11830600
2016-02-09,52.2599983215332,53.02000045776367,51.90999984741211,52.630001068115234,45.41529846191406,8588900
2016-02-10,53.0,53.43000030517578,52.279998779296875,52.290000915527344,45.12190246582031,7081900
2016-02-11,51.220001220703125,51.59000015258789,50.27000045776367,51.11000061035156,44.10365676879883,9214500
2016-02-12,51.880001068115234,52.72999954223633,51.63999938964844,52.65999984741211,45.44118118286133,6107700
2016-02-16,53.0099983215332,53.47999954223633,52.72999954223633,53.18000030517578,45.88990783691406,7163800
2016-02-17,53.5,54.0,53.29999923706055,53.61000061035156,46.26095199584961,8638900
2016-02-18,53.5,54.349998474121094,53.45000076293945,54.150001525878906,46.72693634033203,8502900
2016-02-19,54.25,55.029998779296875,54.029998779296875,54.709999084472656,47.21016311645508,6557000
2016-02-22,54.709999084472656,55.630001068115234,54.709999084472656,55.630001068115234,48.00405502319336,6537800
2016-02-23,55.52000045776367,55.599998474121094,54.959999084472656,55.11000061035156,47.55532455444336,5884100
2016-02-24,54.45000076293945,54.869998931884766,53.560001373291016,54.63999938964844,47.14976119995117,5596400
2016-02-25,54.779998779296875,55.38999938964844,54.29999923706055,55.38999938964844,47.79694747924805,4385900
2016-02-26,55.709999084472656,55.900001525878906,55.150001525878906,55.380001068115234,47.788326263427734,5886800
2016-02-29,55.29999923706055,56.150001525878906,54.810001373291016,55.58000183105469,47.96089553833008,10380500
2016-03-01,56.029998779296875,56.84000015258789,55.619998931884766,56.79999923706055,49.0136604309082,9160800
2016-03-02,56.880001068115234,57.22999954223633,56.56999969482422,57.119998931884766,49.28978729248047,7266200
2016-03-03,57.15999984741211,58.18000030517578,57.15999984741211,58.09000015258789,50.126827239990234,6848000
2016-03-04,58.439998626708984,58.650001525878906,57.810001373291016,58.290000915527344,50.29940414428711,5410000
2016-03-07,58.0,59.47999954223633,57.630001068115234,59.0,50.91206359863281,9373500
2016-03-08,58.84000015258789,60.0,58.709999084472656,59.43000030517578,51.283119201660156,10556900
2016-03-09,59.72999954223633,59.790000915527344,58.52000045776367,59.04999923706055,50.95521545410156,6469000
2016-03-10,59.290000915527344,59.459999084472656,58.04999923706055,58.75,50.696346282958984,6484100
2016-03-11,59.529998779296875,59.90999984741211,59.02000045776367,59.459999084472656,51.30901336669922,7837300
2016-03-14,59.5099983215332,59.939998626708984,59.0099983215332,59.56999969482422,51.4039306640625,4253400
2016-03-15,59.36000061035156,59.400001525878906,58.630001068115234,59.22999954223633,51.11054229736328,3881900
2016-03-16,58.90999984741211,59.900001525878906,58.720001220703125,59.70000076293945,51.516109466552734,4882600
2016-03-17,59.54999923706055,60.5,59.31999969482422,60.08000183105469,51.844032287597656,4609800
2016-03-18,60.310001373291016,61.45000076293945,60.029998779296875,61.220001220703125,52.8277473449707,8341300
2016-03-21,60.9900016784668,61.380001068115234,60.849998474121094,61.209999084472656,52.819122314453125,3665600
2016-03-22,60.77000045776367,60.900001525878906,59.90999984741211,60.61000061035156,52.301368713378906,4783200
2016-03-23,60.70000076293945,60.90999984741211,60.279998779296875,60.630001068115234,52.318626403808594,3605100
2016-03-24,60.220001220703125,60.52000045776367,59.599998474121094,60.470001220703125,52.18055725097656,3549900
2016-03-28,60.77000045776367,60.790000915527344,59.86000061035156,60.279998779296875,52.016605377197266,3261900
2016-03-29,60.11000061035156,60.650001525878906,59.459999084472656,60.599998474121094,52.2927360534668,4210300
2016-03-30,60.97999954223633,61.0,60.189998626708984,60.290000915527344,52.025245666503906,5103200
2016-03-31,60.5099983215332,61.52000045776367,60.279998779296875,61.400001525878906,52.98307418823242,6310200
2016-04-01,60.97999954223633,61.65999984741211,60.560001373291016,61.099998474121094,52.724205017089844,4167500
2016-04-04,61.0099983215332,61.060001373291016,60.459999084472656,60.619998931884766,52.309993743896484,3367300
2016-04-05,60.13999938964844,60.439998626708984,59.68000030517578,60.189998626708984,51.93894577026367,4640000
2016-04-06,59.84000015258789,60.04999923706055,59.41999816894531,59.880001068115234,51.921600341796875,4112100
2016-04-07,59.45000076293945,59.52000045776367,58.70000076293945,58.86000061035156,51.037166595458984,4051300
2016-04-08,59.0,60.2599983215332,58.9900016784668,59.5,51.59211349487305,4602800
2016-04-11,59.66999816894531,60.08000183105469,59.279998779296875,59.79999923706055,51.85224914550781,4033400
2016-04-12,60.0,60.709999084472656,59.79999923706055,60.68000030517578,52.615272521972656,4360300
2016-04-13,60.88999938964844,62.43000030517578,60.84000015258789,62.15999984741211,53.89857864379883,4689700
2016-04-14,62.15999984741211,62.68000030517578,61.970001220703125,62.5099983215332,54.202064514160156,4017900
2016-04-15,62.65999984741211,62.84000015258789,61.90999984741211,62.13999938964844,53.88124465942383,4395700
2016-04-18,61.810001373291016,62.630001068115234,61.72999954223633,62.59000015258789,54.27143096923828,3140100
2016-04-19,62.75,63.61000061035156,62.7400016784668,63.56999969482422,55.121177673339844,4798400
2016-04-20,64.12000274658203,65.33000183105469,63.91999816894531,65.0199966430664,56.37845993041992,8498700
2016-04-21,67.0,67.33999633789062,65.4000015258789,65.61000061035156,56.89006423950195,9466700
2016-04-22,65.05000305175781,66.22000122070312,65.05000305175781,65.93000030517578,57.16752624511719,5946300
2016-04-25,65.63999938964844,65.8499984741211,65.13999938964844,65.69999694824219,56.96809387207031,4201700
2016-04-26,65.9800033569336,66.43000030517578,65.62999725341797,66.19999694824219,57.40163803100586,3979600
2016-04-27,66.38999938964844,66.66999816894531,65.83000183105469,66.2300033569336,57.427642822265625,4539700
2016-04-28,65.7300033569336,66.48999786376953,65.55999755859375,65.83999633789062,57.0894775390625,3797800
2016-04-29,65.56999969482422,65.79000091552734,64.8499984741211,65.43000030517578,56.733978271484375,5051200
2016-05-02,65.58000183105469,66.05000305175781,65.18000030517578,65.68000030517578,56.950740814208984,4330000
2016-05-03,65.02999877929688,65.05000305175781,64.33000183105469,64.8499984741211,56.2310676574707,4745400
2016-05-04,64.12999725341797,64.75,63.83000183105469,64.26000213623047,55.719478607177734,4998000
2016-05-05,64.45999908447266,64.72000122070312,63.790000915527344,63.91999816894531,55.42466735839844,4037200
2016-05-06,63.7599983215332,64.70999908447266,63.45000076293945,64.51000213623047,55.936248779296875,3667700
2016-05-09,64.2300033569336,64.58000183105469,63.77000045776367,63.97999954223633,55.47669219970703,4261100
2016-05-10,64.33999633789062,65.12999725341797,63.9900016784668,64.83999633789062,56.22238540649414,4042300
2016-05-11,64.62000274658203,65.31999969482422,64.41000366210938,64.58999633789062,56.005611419677734,4959500
2016-05-12,65.06999969482422,65.36000061035156,64.06999969482422,64.33999633789062,55.78883743286133,3607800
2016-05-13,64.3499984741211,64.9800033569336,64.05000305175781,64.12000274658203,55.598079681396484,4524000
2016-05-16,64.0199966430664,64.30000305175781,63.66999816894531,64.06999969482422,55.55472183227539,4879500
2016-05-17,63.86000061035156,64.0999984741211,62.59000015258789,62.7599983215332,54.4188232421875,7977600
2016-05-18,62.529998779296875,63.61000061035156,62.529998779296875,63.52000045776367,55.07781982421875,5316800
2016-05-19,63.060001373291016,63.529998779296875,62.31999969482422,62.7400016784668,54.40150451660156,4587000
2016-05-20,63.15999984741211,64.13999938964844,62.95000076293945,63.91999816894531,55.42466735839844,5278200
2016-05-23,63.86000061035156,64.0999984741211,63.560001373291016,63.59000015258789,55.13851547241211,3074100
2016-05-24,63.790000915527344,65.0999984741211,63.790000915527344,64.87000274658203,56.24839401245117,3946100
2016-05-25,65.04000091552734,65.76000213623047,65.01000213623047,65.30999755859375,56.62991714477539,5755900
2016-05-26,65.29000091552734,65.37000274658203,64.94999694824219,65.2300033569336,56.5605583190918,3593500
2016-05-27,65.38999938964844,65.69999694824219,65.33000183105469,65.5199966430664,56.812015533447266,3957100
2016-05-31,65.69999694824219,65.91999816894531,65.4000015258789,65.76000213623047,57.02012252807617,5256000
2016-06-01,65.76000213623047,65.95999908447266,65.18000030517578,65.91000366210938,57.15018081665039,3816000
2016-06-02,65.86000061035156,66.41000366210938,65.5999984741211,66.41000366210938,57.58373260498047,3052200
2016-06-03,65.52999877929688,65.81999969482422,64.7699966430664,65.48999786376953,56.786014556884766,4352000
2016-06-06,65.55000305175781,66.19999694824219,65.5,65.94000244140625,57.17619705200195,3915200
2016-06-07,66.1500015258789,66.5999984741211,65.87999725341797,65.88999938964844,57.13284683227539,3779500
2016-06-08,65.94000244140625,66.58000183105469,65.94000244140625,66.26000213623047,57.45366668701172,2601100
2016-06-09,65.72000122070312,65.77999877929688,64.9000015258789,65.70999908447266,56.97677230834961,3883800
2016-06-10,65.26000213623047,65.4800033569336,64.70999908447266,64.97000122070312,56.33510971069336,3939100
2016-06-13,64.80000305175781,64.88999938964844,63.630001068115234,63.66999816894531,55.20789337158203,5883400
2016-06-14,63.59000015258789,63.65999984741211,60.380001068115234,61.06999969482422,52.95344161987305,12323200
2016-06-15,61.470001220703125,62.15999984741211,60.86000061035156,61.41999816894531,53.256935119628906,5979900
2016-06-16,60.939998626708984,62.11000061035156,60.65999984741211,61.93000030517578,53.69914245605469,5543600
2016-06-17,61.93000030517578,62.43000030517578,61.619998931884766,61.86000061035156,53.63844299316406,6521500
2016-06-20,62.650001525878906,63.40999984741211,62.22999954223633,62.29999923706055,54.019962310791016,4289100
2016-06-21,62.29999923706055,62.47999954223633,61.75,62.290000915527344,54.01129913330078,3360600
2016-06-22,62.290000915527344,62.63999938964844,61.880001068115234,61.95000076293945,53.71649169921875,3462800
2016-06-23,62.84000015258789,63.27000045776367,62.470001220703125,63.25,54.843711853027344,3624600
2016-06-24,60.47999954223633,61.70000076293945,60.0,60.060001373291016,52.07769775390625,10798700
2016-06-27,59.34000015258789,59.34000015258789,57.33000183105469,57.66999816894531,50.00532531738281,7567600
2016-06-28,58.25,58.61000061035156,57.150001525878906,57.900001525878906,50.20475387573242,8294300
2016-06-29,57.95000076293945,59.70000076293945,57.86000061035156,59.630001068115234,51.9650993347168,6281100
2016-06-30,59.869998931884766,60.7599983215332,58.81999969482422,60.7599983215332,52.94985580444336,8535400
2016-07-01,60.7599983215332,61.52000045776367,60.56999969482422,60.689998626708984,52.88884735107422,4166500
2016-07-05,60.220001220703125,60.38999938964844,58.959999084472656,59.150001525878906,51.54678726196289,4911800
2016-07-06,58.75,59.72999954223633,58.25,59.47999954223633,51.834388732910156,5484400
2016-07-07,59.47999954223633,60.33000183105469,59.380001068115234,59.810001373291016,52.1219596862793,5077400
2016-07-08,60.68000030517578,61.599998474121094,60.54999923706055,61.4900016784668,53.58600997924805,5768400
2016-07-11,61.95000076293945,62.459999084472656,61.86000061035156,62.15999984741211,54.169891357421875,3414400
2016-07-12,62.630001068115234,63.33000183105469,62.630001068115234,63.0,54.901912689208984,4531900
2016-07-13,62.97999954223633,63.349998474121094,62.63999938964844,63.099998474121094,54.98906326293945,3887600
2016-07-14,63.65999984741211,64.0,63.40999984741211,63.61000061035156,55.433502197265625,4417200
2016-07-15,63.95000076293945,64.11000061035156,63.310001373291016,63.779998779296875,55.5816650390625,3675600
2016-07-18,63.959999084472656,64.12000274658203,63.540000915527344,63.9900016784668,55.76466751098633,3260000
2016-07-19,63.689998626708984,64.16999816894531,63.5,64.16000366210938,55.91281509399414,3840500
2016-07-20,64.29000091552734,64.80000305175781,63.5,64.4800033569336,56.191680908203125,8315800
2016-07-21,63.79999923706055,64.37999725341797,62.880001068115234,63.43000030517578,55.27665710449219,9498600
2016-07-22,63.400001525878906,64.33999633789062,63.369998931884766,64.27999877929688,56.01738357543945,4063400
2016-07-25,64.19999694824219,64.41999816894531,64.04000091552734,64.33000183105469,56.06096649169922,3060300
2016-07-26,64.43000030517578,64.55000305175781,63.97999954223633,64.37000274658203,56.095821380615234,2745900
2016-07-27,64.2699966430664,64.94000244140625,64.20999908447266,64.58999633789062,56.28753662109375,3168500
2016-07-28,64.36000061035156,64.97000122070312,64.05999755859375,64.79000091552734,56.46184158325195,3044000
2016-07-29,64.69999694824219,64.73999786376953,64.16999816894531,64.45999908447266,56.174251556396484,3732700
2016-08-01,64.48999786376953,64.73999786376953,63.959999084472656,64.12999725341797,55.88667678833008,2913900
2016-08-02,63.959999084472656,64.22000122070312,63.20000076293945,63.470001220703125,55.31151580810547,2531000
2016-08-03,63.5,64.0199966430664,63.470001220703125,63.83000183105469,55.6252326965332,3034500
2016-08-04,63.880001068115234,64.0199966430664,63.5099983215332,63.939998626708984,55.7210807800293,3680000
2016-08-05,64.54000091552734,65.70999908447266,64.3499984741211,65.5199966430664,57.09798049926758,4863800
2016-08-08,65.83000183105469,66.25,65.61000061035156,65.83000183105469,57.36815643310547,3253700
2016-08-09,65.83000183105469,66.01000213623047,65.16999816894531,65.38999938964844,56.98471450805664,3701600
2016-08-10,65.43000030517578,65.5,64.58000183105469,64.73999786376953,56.418270111083984,2883000
2016-08-11,65.0,65.66000366210938,64.88999938964844,65.4800033569336,57.063140869140625,2450100
2016-08-12,65.16000366210938,65.51000213623047,65.01000213623047,65.37999725341797,56.97599792480469,2103800
2016-08-15,65.2699966430664,65.81999969482422,65.2699966430664,65.62999725341797,57.19387435913086,3136700
2016-08-16,65.61000061035156,65.66999816894531,65.27999877929688,65.30000305175781,56.90627670288086,2805600
2016-08-17,65.4000015258789,65.8499984741211,65.08999633789062,65.68000030517578,57.237422943115234,3054500
2016-08-18,65.5199966430664,65.77999877929688,65.2699966430664,65.62999725341797,57.19387435913086,2807500
2016-08-19,65.47000122070312,65.68000030517578,65.06999969482422,65.52999877929688,57.1067008972168,2783200
2016-08-22,65.52999877929688,65.54000091552734,64.95999908447266,65.36000061035156,56.95855712890625,3230700
2016-08-23,65.7300033569336,66.27999877929688,65.68000030517578,65.68000030517578,57.237422943115234,3551700
2016-08-24,65.8499984741211,66.12000274658203,65.05000305175781,65.16000366210938,56.784263610839844,4128200
2016-08-25,65.0,65.1500015258789,64.76000213623047,65.0,56.64484786987305,4243800
2016-08-26,65.2699966430664,65.48999786376953,64.5199966430664,64.79000091552734,56.46184158325195,3623600
2016-08-29,65.0,65.7699966430664,64.80000305175781,65.5199966430664,57.09798049926758,4173800
2016-08-30,65.7699966430664,65.97000122070312,65.0999984741211,65.44999694824219,57.036991119384766,3775800
2016-08-31,65.47000122070312,65.72000122070312,64.86000061035156,65.58000183105469,57.15028762817383,4783600
2016-09-01,65.55000305175781,65.63999938964844,64.41999816894531,64.86000061035156,56.522823333740234,3657700
2016-09-02,65.05999755859375,65.66999816894531,64.86000061035156,65.19000244140625,56.810420989990234,3131700
2016-09-06,65.16000366210938,65.7699966430664,65.05000305175781,65.76000213623047,57.30714797973633,3956400
2016-09-07,65.48999786376953,66.19999694824219,65.30999755859375,66.19000244140625,57.68187713623047,3200700
2016-09-08,66.1500015258789,66.70999908447266,66.05000305175781,66.23999786376953,57.72544479370117,4078900
2016-09-09,65.73999786376953,66.0199966430664,65.12000274658203,65.12000274658203,56.74940490722656,5144900
2016-09-12,64.72000122070312,66.08999633789062,64.13999938964844,65.9000015258789,57.42914581298828,4923200
2016-09-13,65.22000122070312,65.31999969482422,64.04000091552734,64.36000061035156,56.08710861206055,5620300
2016-09-14,64.36000061035156,64.36000061035156,63.34000015258789,63.47999954223633,55.320220947265625,5403300
2016-09-15,63.400001525878906,64.16999816894531,63.2599983215332,63.83000183105469,55.6252326965332,4634300
2016-09-16,63.369998931884766,63.95000076293945,63.15999984741211,63.65999984741211,55.47707748413086,10475800
2016-09-19,63.959999084472656,64.58000183105469,63.66999816894531,64.05999755859375,55.82566452026367,3388600
2016-09-20,64.5199966430664,64.63999938964844,63.70000076293945,63.720001220703125,55.52936553955078,2927600
2016-09-21,63.9900016784668,64.5,63.720001220703125,64.27999877929688,56.01738357543945,3849300
2016-09-22,64.3499984741211,65.08000183105469,64.33000183105469,64.62999725341797,56.3223991394043,3213700
2016-09-23,64.51000213623047,64.83000183105469,63.790000915527344,63.849998474121094,55.64265441894531,5083900
2016-09-26,63.439998626708984,64.12999725341797,62.849998474121094,63.41999816894531,55.26792907714844,6946600
2016-09-27,63.93000030517578,64.41999816894531,63.58000183105469,64.27999877929688,56.01738357543945,3916300
2016-09-28,64.2699966430664,64.5,63.72999954223633,64.22000122070312,55.96510314941406,3580100
2016-09-29,64.20999908447266,64.80999755859375,62.959999084472656,63.369998931884766,55.224365234375,4132500
2016-09-30,63.779998779296875,64.37000274658203,63.630001068115234,64.04000091552734,55.80824661254883,4307000
2016-10-03,63.83000183105469,64.05000305175781,63.540000915527344,63.810001373291016,55.60780334472656,2770000
2016-10-04,63.84000015258789,64.37999725341797,63.709999084472656,63.90999984741211,55.69495391845703,3709400
2016-10-05,63.77000045776367,64.52999877929688,63.689998626708984,64.36000061035156,56.369361877441406,3345000
2016-10-06,63.560001373291016,63.68000030517578,61.7599983215332,61.939998626708984,54.24980545043945,7975900
2016-10-07,62.11000061035156,62.27000045776367,61.47999954223633,61.7599983215332,54.0921516418457,4217400
2016-10-10,62.150001525878906,62.4900016784668,61.869998931884766,61.900001525878906,54.21476745605469,2522900
2016-10-11,61.529998779296875,61.70000076293945,60.54999923706055,60.86000061035156,53.303890228271484,3926500
2016-10-12,60.81999969482422,61.04999923706055,60.58000183105469,60.689998626708984,53.154998779296875,3293800
2016-10-13,60.22999954223633,60.560001373291016,59.5,60.40999984741211,52.909767150878906,4220500
2016-10-14,61.0099983215332,61.20000076293945,60.099998474121094,60.150001525878906,52.68204116821289,4963800
2016-10-17,60.27000045776367,60.41999816894531,59.779998779296875,59.900001525878906,52.463069915771484,3903900
2016-10-18,60.52000045776367,60.56999969482422,59.880001068115234,60.08000183105469,52.6207389831543,3416600
2016-10-19,60.41999816894531,61.68000030517578,60.27000045776367,61.25,53.64546203613281,7888500
2016-10-20,65.33999633789062,67.77999877929688,64.75,66.77999877929688,58.48888397216797,25870700
2016-10-21,66.44999694824219,67.58999633789062,66.4000015258789,67.36000061035156,58.996883392333984,8561200
2016-10-24,67.69000244140625,67.93000030517578,67.06999969482422,67.08999633789062,58.760414123535156,5174000
2016-10-25,66.93000030517578,67.37999725341797,66.61000061035156,66.73999786376953,58.45386505126953,3882300
2016-10-26,66.5,67.06999969482422,66.13999938964844,66.80000305175781,58.50640106201172,3621800
2016-10-27,67.0,67.22000122070312,66.43000030517578,66.93000030517578,58.6202507019043,4751300
2016-10-28,67.1500015258789,67.22000122070312,66.30000305175781,66.44999694824219,58.19987106323242,4994500
2016-10-31,66.80999755859375,66.83000183105469,66.30999755859375,66.41999816894531,58.17361068725586,3233400
2016-11-01,66.7699966430664,66.80999755859375,65.7300033569336,66.25,58.02467346191406,3761600
2016-11-02,65.76000213623047,66.02999877929688,65.13999938964844,65.44999694824219,57.32402420043945,3659000
2016-11-03,65.52999877929688,65.76000213623047,65.04000091552734,65.33000183105469,57.21892547607422,3796500
2016-11-04,65.5,66.08000183105469,65.02999877929688,65.51000213623047,57.376590728759766,3429900
2016-11-07,66.8499984741211,67.33000183105469,66.6500015258789,67.0,58.68157958984375,4012100
2016-11-08,66.79000091552734,67.26000213623047,66.30999755859375,67.06999969482422,58.74287796020508,3956000
2016-11-09,67.16000366210938,69.0,67.05999755859375,68.73999786376953,60.20555877685547,9319100
2016-11-10,69.23999786376953,70.4000015258789,69.05000305175781,70.11000061035156,61.40544891357422,9418700
2016-11-11,69.97000122070312,70.58999633789062,69.6500015258789,70.5,61.747032165527344,4656100
2016-11-14,70.80000305175781,72.68000030517578,70.62999725341797,72.41999816894531,63.42866516113281,8084100
2016-11-15,72.12999725341797,72.4800033569336,71.23999786376953,72.47000122070312,63.472450256347656,4431200
2016-11-16,71.94999694824219,72.4000015258789,71.27999877929688,71.68000030517578,62.780494689941406,4663700
2016-11-17,71.36000061035156,72.0,71.31999969482422,71.77999877929688,62.86812210083008,3797400
2016-11-18,71.52999877929688,71.5999984741211,70.7699966430664,71.0,62.18495178222656,5430600
2016-11-21,71.30999755859375,71.66999816894531,70.95999908447266,71.54000091552734,62.65791320800781,3368200
2016-11-22,71.81999969482422,71.87999725341797,70.87000274658203,71.72000122070312,62.8155632019043,4086200
2016-11-23,71.94000244140625,72.91999816894531,71.51000213623047,72.87999725341797,63.83152389526367,4661400
2016-11-25,72.97000122070312,73.18000030517578,72.45999908447266,72.86000061035156,63.81403350830078,1900400
2016-11-28,72.52999877929688,72.7699966430664,71.97000122070312,72.12999725341797,63.17465591430664,4467700
2016-11-29,72.19999694824219,72.26000213623047,71.38999938964844,71.48999786376953,62.614139556884766,3814800
2016-11-30,72.0,72.33000183105469,71.77999877929688,72.04000091552734,63.095855712890625,4812500
2016-12-01,72.44999694824219,72.7699966430664,71.77999877929688,72.52999877929688,63.52499771118164,4298200
2016-12-02,72.5199966430664,72.66000366210938,71.43000030517578,71.86000061035156,62.93818664550781,2959100
2016-12-05,72.33000183105469,72.63999938964844,71.98999786376953,72.02999877929688,63.08707046508789,3929100
2016-12-06,72.47000122070312,72.73999786376953,72.08000183105469,72.30999755859375,63.33230972290039,3843900
2016-12-07,72.47000122070312,74.72000122070312,72.2300033569336,74.29000091552734,65.06647491455078,5801500
2016-12-08,74.80000305175781,75.19999694824219,73.98999786376953,74.91000366210938,65.60950469970703,3415800
2016-12-09,74.83999633789062,74.91000366210938,74.29000091552734,74.7699966430664,65.48687744140625,2566900
2016-12-12,74.69999694824219,74.69999694824219,73.1500015258789,73.58000183105469,64.44464111328125,3654900
2016-12-13,73.66999816894531,74.2300033569336,73.11000061035156,73.83999633789062,64.67236328125,2892900
2016-12-14,73.52999877929688,75.7300033569336,73.23999786376953,74.06999969482422,64.87379455566406,5415800
2016-12-15,74.54000091552734,75.73999786376953,74.33999633789062,74.94000244140625,65.63580322265625,4061600
2016-12-16,75.29000091552734,75.37999725341797,74.58000183105469,75.0,65.68833923339844,8200600
2016-12-19,74.68000030517578,75.12999725341797,74.13999938964844,74.55000305175781,65.294189453125,3076600
2016-12-20,75.0,75.5,74.52999877929688,75.05999755859375,65.74090576171875,3244900
2016-12-21,75.11000061035156,75.56999969482422,74.69000244140625,75.31999969482422,65.96859741210938,3244500
2016-12-22,75.0,75.37000274658203,74.5,74.58000183105469,65.32048034667969,2865200
2016-12-23,74.73999786376953,75.23999786376953,74.73999786376953,74.97000122070312,65.66206359863281,1957500
2016-12-27,75.0999984741211,75.11000061035156,74.79000091552734,74.9800033569336,65.67084503173828,2049400
2016-12-28,75.02999877929688,75.37999725341797,74.1500015258789,74.37000274658203,65.13654327392578,2517300
2016-12-29,74.2699966430664,74.68000030517578,73.5,73.91999816894531,64.74244689941406,2573700
2016-12-30,73.95999908447266,74.33999633789062,73.83999633789062,74.08000183105469,64.882568359375,3378800
2017-01-03,74.88999938964844,75.75,74.73999786376953,75.3499984741211,65.9948959350586,5853900
2017-01-04,75.26000213623047,76.55000305175781,75.05999755859375,76.26000213623047,67.07676696777344,4635800
2017-01-05,76.0,76.18000030517578,74.81999969482422,75.31999969482422,66.24996185302734,3383000
2017-01-06,75.4000015258789,75.91999816894531,75.05999755859375,75.47000122070312,66.38191223144531,3089600
2017-01-09,76.13999938964844,76.5,75.52999877929688,75.86000061035156,66.72492980957031,4818700
2017-01-10,76.5199966430664,78.0,76.12000274658203,76.6500015258789,67.41980743408203,9561400
2017-01-11,76.66999816894531,77.44000244140625,76.0999984741211,76.91000366210938,67.64847564697266,4500200
2017-01-12,76.83000183105469,76.94999694824219,75.83999633789062,76.87999725341797,67.6220932006836,4056700
2017-01-13,76.93000030517578,77.62999725341797,76.41000366210938,76.62000274658203,67.3934097290039,3454300
2017-01-17,77.4000015258789,77.69999694824219,76.47000122070312,76.5999984741211,67.37583923339844,6450300
2017-01-18,77.11000061035156,77.61000061035156,76.51000213623047,77.48999786376953,68.15865325927734,5988400
2017-01-19,77.61000061035156,77.77999877929688,76.61000061035156,76.69000244140625,67.45496368408203,8111400
2017-01-20,75.98999786376953,76.91000366210938,75.38999938964844,76.19999694824219,67.02398681640625,8465900
2017-01-23,75.91999816894531,76.4800033569336,75.7300033569336,75.97000122070312,66.82169342041016,4444300
2017-01-24,76.33000183105469,77.66000366210938,76.08999633789062,77.43000030517578,68.10587310791016,4024300
2017-01-25,78.0,78.0199966430664,76.4000015258789,76.88999938964844,67.63090515136719,5278300
2017-01-26,76.94999694824219,77.45999908447266,76.62999725341797,76.93000030517578,67.66607666015625,3344900
2017-01-27,77.0,77.30000305175781,76.54000091552734,76.8499984741211,67.59569549560547,3530900
2017-01-30,76.83000183105469,77.31999969482422,76.54000091552734,77.27999877929688,67.97392272949219,5344500
2017-01-31,76.86000061035156,77.25,75.97000122070312,76.37999725341797,67.18228912353516,5568100
2017-02-01,76.8499984741211,77.44000244140625,76.58000183105469,76.76000213623047,67.51656341552734,3916800
2017-02-02,76.2300033569336,76.88999938964844,76.05999755859375,76.51000213623047,67.29666900634766,3655500
2017-02-03,77.13999938964844,78.41999816894531,76.91000366210938,78.04000091552734,68.64242553710938,5235800
2017-02-06,77.72000122070312,78.41000366210938,77.4800033569336,77.81999969482422,68.44892120361328,3229500
2017-02-07,78.05999755859375,78.37999725341797,77.5199966430664,77.72000122070312,68.36095428466797,2060200
2017-02-08,77.54000091552734,77.94000244140625,77.08000183105469,77.80000305175781,68.43130493164062,2223100
2017-02-09,77.80000305175781,78.37000274658203,77.66999816894531,78.18000030517578,68.76554107666016,3031800
2017-02-10,78.5,78.69000244140625,78.2300033569336,78.4800033569336,69.0294189453125,2191200
2017-02-13,78.81999969482422,79.18000030517578,78.4800033569336,78.91000366210938,69.40764617919922,3317100
2017-02-14,79.0,79.44999694824219,78.66999816894531,79.41000366210938,69.847412109375,3511200
2017-02-15,79.79000091552734,80.0999984741211,78.66999816894531,79.5999984741211,70.01454162597656,5704100
2017-02-16,79.45999908447266,79.5999984741211,78.91999816894531,79.51000213623047,69.93540954589844,4295000
2017-02-17,79.22000122070312,79.77999877929688,78.9000015258789,79.70999908447266,70.11132049560547,2690300
2017-02-21,79.91999816894531,80.44999694824219,79.63999938964844,79.97000122070312,70.34001922607422,3505500
2017-02-22,79.83000183105469,79.97000122070312,79.38999938964844,79.86000061035156,70.24323272705078,2943000
2017-02-23,79.87000274658203,80.44999694824219,79.7699966430664,80.05000305175781,70.41038513183594,3339500
2017-02-24,79.76000213623047,79.88999938964844,79.26000213623047,79.76000213623047,70.15531921386719,3932300
2017-02-27,79.75,80.30999755859375,79.58999633789062,80.16999816894531,70.51592254638672,2619400
2017-02-28,80.12000274658203,80.48999786376953,79.7699966430664,80.05999755859375,70.41917419433594,4415300
2017-03-01,81.05000305175781,82.0,81.0199966430664,81.91999816894531,72.05519104003906,4746400
2017-03-02,81.66000366210938,81.66000366210938,80.05999755859375,80.0999984741211,70.45433807373047,4409800
2017-03-03,80.0999984741211,80.66000366210938,79.81999969482422,79.87999725341797,70.2608413696289,4579600
2017-03-06,79.5,79.68000030517578,79.08999633789062,79.5,69.92658996582031,3670300
2017-03-07,79.7699966430664,80.0199966430664,79.33000183105469,79.58000183105469,69.99696350097656,4433500
2017-03-08,80.0,80.37000274658203,78.97000122070312,79.04000091552734,69.52198791503906,4326800
2017-03-09,79.19000244140625,79.69999694824219,78.80999755859375,79.30000305175781,69.75067901611328,4573500
2017-03-10,79.37999725341797,79.45999908447266,78.87999725341797,79.37999725341797,69.82106018066406,3762800
2017-03-13,79.37999725341797,79.54000091552734,79.05999755859375,79.20999908447266,69.67152404785156,3664300
2017-03-14,78.95999908447266,79.80000305175781,78.83000183105469,79.69000244140625,70.0937271118164,3321400
2017-03-15,79.8499984741211,79.88999938964844,78.98999786376953,79.2300033569336,69.68911743164062,4337200
2017-03-16,79.47000122070312,80.0999984741211,79.38999938964844,79.7699966430664,70.1640625,3474800
2017-03-17,79.91999816894531,79.95999908447266,78.9800033569336,79.25,69.70672607421875,6672600
2017-03-20,79.1500015258789,79.5999984741211,78.83000183105469,78.8499984741211,69.35487365722656,3099500
2017-03-21,78.93000030517578,79.12999725341797,77.31999969482422,77.52999877929688,68.19383239746094,6804000
2017-03-22,77.43000030517578,78.18000030517578,77.05999755859375,77.66999816894531,68.31697845458984,4877300
2017-03-23,77.56999969482422,78.4000015258789,77.51000213623047,77.83999633789062,68.46647644042969,4082900
2017-03-24,78.11000061035156,78.83999633789062,77.87000274658203,78.19999694824219,68.78314208984375,4726800
2017-03-27,77.20999908447266,77.81999969482422,76.66999816894531,77.5999984741211,68.25540924072266,3835300
2017-03-28,77.51000213623047,78.86000061035156,77.38999938964844,78.63999938964844,69.1701431274414,4235900
2017-03-29,78.44999694824219,79.33999633789062,78.13999938964844,78.25,68.82711791992188,2913600
2017-03-30,78.19999694824219,79.30000305175781,78.08999633789062,79.20999908447266,69.67152404785156,2924100
2017-03-31,78.93000030517578,79.43000030517578,78.80000305175781,79.11000061035156,69.5835189819336,5228400
2017-04-03,79.16999816894531,79.18000030517578,77.97000122070312,78.58999633789062,69.12617492675781,3022700
2017-04-04,78.48999786376953,78.61000061035156,78.1500015258789,78.26000213623047,68.83592987060547,2563700
2017-04-05,78.58999633789062,79.02999877929688,77.66000366210938,77.76000213623047,68.67695617675781,2858400
2017-04-06,77.76000213623047,78.30000305175781,77.1500015258789,77.91999816894531,68.8182601928711,2914800
2017-04-07,77.4800033569336,78.23999786376953,77.37000274658203,77.7699966430664,68.68579864501953,2203000
2017-04-10,77.91999816894531,78.11000061035156,77.36000061035156,77.48999786376953,68.43846893310547,2217100
2017-04-11,77.52999877929688,77.56999969482422,76.69000244140625,77.26000213623047,68.23536682128906,4642300
2017-04-12,77.38999938964844,77.4800033569336,76.58000183105469,76.68000030517578,67.72309112548828,3055800
2017-04-13,76.33000183105469,76.80999755859375,75.69999694824219,75.80000305175781,66.94588470458984,3666600
2017-04-17,75.83000183105469,76.70999908447266,75.62999725341797,76.66999816894531,67.71426391601562,4160800
2017-04-18,76.44999694824219,76.48999786376953,75.52999877929688,75.79000091552734,66.93704986572266,3845900
2017-04-19,76.19000244140625,76.29000091552734,75.51000213623047,75.55000305175781,66.72509765625,5283600
2017-04-20,77.5,80.27999877929688,77.45999908447266,80.0199966430664,70.6729507446289,11099300
2017-04-21,79.87999725341797,80.47000122070312,79.48999786376953,79.58999633789062,70.29317474365234,5837800
2017-04-24,80.63999938964844,80.91999816894531,80.23999786376953,80.44999694824219,71.05270385742188,3563200
2017-04-25,81.05999755859375,81.4000015258789,80.62999725341797,80.62999725341797,71.21170043945312,5061300
2017-04-26,80.62000274658203,80.91999816894531,80.1500015258789,80.5199966430664,71.11453247070312,3661600
2017-04-27,80.7699966430664,80.87000274658203,80.08000183105469,80.33000183105469,70.94673919677734,2922700
2017-04-28,79.94000244140625,80.16999816894531,79.05000305175781,79.25,69.99291229248047,5313200
2017-05-01,79.22000122070312,79.48999786376953,78.87999725341797,79.2300033569336,69.97525024414062,3458100
2017-05-02,79.1500015258789,79.66000366210938,79.1500015258789,79.54000091552734,70.24901580810547,3334900
2017-05-03,79.2300033569336,79.51000213623047,78.69000244140625,78.83000183105469,69.62197875976562,3800600
2017-05-04,79.2300033569336,79.41999816894531,77.98999786376953,78.33000183105469,69.18037414550781,3902200
2017-05-05,78.61000061035156,78.7300033569336,77.87999725341797,78.31999969482422,69.17154693603516,2936700
2017-05-08,78.5,78.73999786376953,77.94999694824219,78.16000366210938,69.03022003173828,2608600
2017-05-09,78.16000366210938,78.73999786376953,78.08999633789062,78.44000244140625,69.27751922607422,2570600
2017-05-10,78.27999877929688,78.66000366210938,78.13999938964844,78.6500015258789,69.46300506591797,2396900
2017-05-11,78.19999694824219,78.44999694824219,77.25,77.91999816894531,68.8182601928711,3780600
2017-05-12,77.69999694824219,77.80999755859375,77.22000122070312,77.48999786376953,68.43846893310547,2865800
2017-05-15,77.4800033569336,78.62000274658203,77.4800033569336,78.33000183105469,69.18037414550781,3327000
2017-05-16,78.5999984741211,78.63999938964844,77.83999633789062,78.12999725341797,69.00372314453125,2457500
2017-05-17,78.12999725341797,78.12999725341797,76.23999786376953,76.37000274658203,67.4493179321289,4441600
2017-05-18,76.2699966430664,76.8499984741211,75.97000122070312,76.37999725341797,67.45814514160156,3545700
2017-05-19,76.55000305175781,77.3499984741211,76.30000305175781,76.80000305175781,67.8290786743164,3283900
2017-05-22,76.94999694824219,77.12000274658203,76.5,76.9800033569336,67.98805236816406,2800000
2017-05-23,77.0199966430664,77.41999816894531,76.81999969482422,77.19999694824219,68.1823501586914,2239600
2017-05-24,77.45999908447266,77.45999908447266,76.93000030517578,77.12000274658203,68.11170196533203,2091300
2017-05-25,77.48999786376953,77.91999816894531,77.26000213623047,77.44000244140625,68.39434814453125,3185200
2017-05-26,77.16999816894531,77.5999984741211,77.0199966430664,77.45999908447266,68.41199493408203,1858800
2017-05-30,77.23999786376953,77.41999816894531,76.98999786376953,77.08999633789062,68.08519744873047,2073000
2017-05-31,77.08999633789062,77.11000061035156,75.9800033569336,76.94000244140625,67.95275115966797,3117100
2017-06-01,77.2300033569336,78.37999725341797,76.94999694824219,78.27999877929688,69.13619995117188,3553400
2017-06-02,77.7699966430664,78.73999786376953,77.7699966430664,78.48999786376953,69.3216781616211,3534800
2017-06-05,78.75,79.19999694824219,78.61000061035156,78.97000122070312,69.74561309814453,2738600
2017-06-06,78.45999908447266,78.93000030517578,78.29000091552734,78.8499984741211,69.6396255493164,2878000
2017-06-07,78.91000366210938,80.08999633789062,78.79000091552734,79.80999755859375,70.48748779296875,4284000
2017-06-08,79.80999755859375,80.19999694824219,79.66999816894531,79.94999694824219,70.61111450195312,4079800
2017-06-09,80.38999938964844,80.7300033569336,79.7300033569336,80.30999755859375,70.92906951904297,3849400
2017-06-12,80.3499984741211,80.7300033569336,80.06999969482422,80.16999816894531,70.80545043945312,3352300
2017-06-13,80.19999694824219,80.73999786376953,80.06999969482422,80.58999633789062,71.1763687133789,3174400
2017-06-14,80.11000061035156,80.91999816894531,79.62000274658203,80.83999633789062,71.39715576171875,4013100
2017-06-15,80.37999725341797,81.23999786376953,80.2300033569336,80.69999694824219,71.27351379394531,2773400
2017-06-16,80.86000061035156,81.4800033569336,80.7699966430664,81.44999694824219,71.93592071533203,5914700
2017-06-19,81.55999755859375,81.94000244140625,81.29000091552734,81.87999725341797,72.31568145751953,3076500
2017-06-20,81.9800033569336,82.80999755859375,81.80000305175781,82.51000213623047,72.87211608886719,3929100
2017-06-21,82.5999984741211,82.80000305175781,81.98999786376953,82.20999908447266,72.60713958740234,2683400
2017-06-22,82.11000061035156,82.62999725341797,82.05999755859375,82.25,72.64246368408203,2312100
2017-06-23,82.38999938964844,82.69999694824219,82.05999755859375,82.22000122070312,72.61599731445312,3785300
2017-06-26,82.5,83.29000091552734,82.44000244140625,82.95999908447266,73.2695541381836,2491600
2017-06-27,83.05999755859375,83.5199966430664,83.01000213623047,83.08000183105469,73.37551879882812,2994500
2017-06-28,83.51000213623047,84.2699966430664,83.4000015258789,83.97000122070312,74.16157531738281,3668500
2017-06-29,84.91999816894531,85.38999938964844,83.16000366210938,83.62999725341797,73.86127471923828,5092600
2017-06-30,84.08999633789062,84.63999938964844,83.58999633789062,84.23999786376953,74.4000244140625,3320800
2017-07-03,84.69000244140625,85.73999786376953,84.69000244140625,85.0999984741211,75.1595687866211,2306900
2017-07-05,85.22000122070312,85.87999725341797,84.80999755859375,84.88999938964844,75.25709533691406,3501200
2017-07-06,84.66999816894531,84.83999633789062,83.72000122070312,83.73999786376953,74.23757934570312,3213400
2017-07-07,83.93000030517578,84.69000244140625,83.7699966430664,84.33000183105469,74.76063537597656,2454600
2017-07-10,84.12999725341797,84.56999969482422,83.97000122070312,84.30000305175781,74.73403930664062,2147000
2017-07-11,84.2300033569336,84.30999755859375,83.54000091552734,84.16000366210938,74.60991668701172,2733200
2017-07-12,84.27999877929688,84.9800033569336,84.05999755859375,84.81999969482422,75.19500732421875,4629100
2017-07-13,84.93000030517578,85.43000030517578,84.73999786376953,85.37000274658203,75.68262481689453,3309400
2017-07-14,84.8499984741211,85.55999755859375,84.58999633789062,85.27999877929688,75.60284423828125,3354700
2017-07-17,85.12999725341797,85.5199966430664,84.77999877929688,85.22000122070312,75.54962158203125,2190500
2017-07-18,84.95999908447266,85.55999755859375,84.76000213623047,85.5199966430664,75.81559753417969,2816000
2017-07-19,85.76000213623047,85.9800033569336,85.30000305175781,85.93000030517578,76.1790542602539,5539700
2017-07-20,84.94000244140625,85.44999694824219,84.52999877929688,85.3499984741211,75.66486358642578,5386400
2017-07-21,85.79000091552734,86.27999877929688,85.43000030517578,85.58999633789062,75.87765502929688,3570400
2017-07-24,85.44999694824219,85.66999816894531,83.86000061035156,85.0,75.35460662841797,5389100
2017-07-25,85.83999633789062,86.0999984741211,85.08000183105469,85.41000366210938,75.71809387207031,3255200
2017-07-26,85.41000366210938,85.72000122070312,85.16999816894531,85.30000305175781,75.62056732177734,3038100
2017-07-27,85.18000030517578,85.19999694824219,83.33000183105469,83.8499984741211,74.3351058959961,6119300
2017-07-28,83.87999725341797,85.0999984741211,83.62000274658203,84.80000305175781,75.17729949951172,3321200
2017-07-31,85.16999816894531,85.69999694824219,84.83999633789062,85.2300033569336,75.55851745605469,3079800
2017-08-01,85.72000122070312,85.83999633789062,85.13999938964844,85.23999786376953,75.5673599243164,3148800
2017-08-02,85.1500015258789,85.36000061035156,84.97000122070312,85.30000305175781,75.62056732177734,3252300
2017-08-03,85.23999786376953,85.87999725341797,85.13999938964844,85.54000091552734,75.83332824707031,2381800
2017-08-04,85.98999786376953,86.33000183105469,85.83999633789062,85.97000122070312,76.21452331542969,2840200
2017-08-07,86.0999984741211,86.19000244140625,85.68000030517578,85.8499984741211,76.10810852050781,2089100
2017-08-08,85.43000030517578,86.66999816894531,85.41000366210938,85.94000244140625,76.18790435791016,2922800
2017-08-09,85.73999786376953,85.97000122070312,85.23999786376953,85.69000244140625,75.96629333496094,2961000
2017-08-10,85.44000244140625,85.58000183105469,84.55000305175781,84.55999755859375,74.96451568603516,3755200
2017-08-11,84.76000213623047,84.86000061035156,83.97000122070312,84.29000091552734,74.72515869140625,3078600
2017-08-14,84.73999786376953,85.66999816894531,84.72000122070312,85.47000122070312,75.77127075195312,2893600
2017-08-15,85.98999786376953,86.97000122070312,85.87999725341797,86.79000091552734,76.94149017333984,3774100
2017-08-16,87.0,87.77999877929688,86.98999786376953,87.38999938964844,77.473388671875,3379600
2017-08-17,87.33999633789062,87.62999725341797,86.05000305175781,86.08999633789062,76.32089233398438,3870400
2017-08-18,85.98999786376953,86.12999725341797,85.20999908447266,85.37999725341797,75.69147491455078,4271200
2017-08-21,85.44999694824219,85.63999938964844,84.94999694824219,85.30000305175781,75.62056732177734,2505100
2017-08-22,85.47000122070312,85.7300033569336,84.91000366210938,85.30000305175781,75.62056732177734,2155300
2017-08-23,84.70999908447266,85.51000213623047,84.69999694824219,85.27999877929688,75.60284423828125,1960400
2017-08-24,85.48999786376953,85.52999877929688,85.04000091552734,85.36000061035156,75.67375183105469,2057900
2017-08-25,85.5,85.95999908447266,85.41999816894531,85.47000122070312,75.77127075195312,2302100
2017-08-28,85.66000366210938,85.69000244140625,85.20999908447266,85.41000366210938,75.71809387207031,2105500
2017-08-29,84.75,85.51000213623047,84.4000015258789,85.41999816894531,75.7269515991211,2779400
2017-08-30,85.37999725341797,85.73999786376953,85.22000122070312,85.69000244140625,75.96629333496094,2131700
2017-08-31,86.0,86.27999877929688,85.69999694824219,86.0999984741211,76.32975769042969,3792300
2017-09-01,86.30999755859375,86.54000091552734,86.05000305175781,86.13999938964844,76.36524200439453,2262700
2017-09-05,85.72000122070312,85.91000366210938,84.68000030517578,85.30999755859375,75.62940216064453,3089800
2017-09-06,85.56999969482422,85.83999633789062,85.0,85.2300033569336,75.55851745605469,2823300
2017-09-07,85.2699966430664,85.5199966430664,84.08000183105469,84.41000366210938,74.83155059814453,2905400
2017-09-08,84.18000030517578,85.01000213623047,84.0199966430664,84.25,74.6897201538086,3462100
2017-09-11,84.97000122070312,86.12000274658203,84.97000122070312,85.69000244140625,75.96629333496094,3397500
2017-09-12,85.97000122070312,86.5999984741211,85.80999755859375,86.55000305175781,76.72872924804688,3333300
2017-09-13,86.41999816894531,86.7699966430664,86.38999938964844,86.63999938964844,76.80853271484375,2396500
2017-09-14,86.54000091552734,86.80000305175781,86.16000366210938,86.19000244140625,76.40956115722656,2764900
2017-09-15,86.5199966430664,86.98999786376953,86.06999969482422,86.98999786376953,77.11882019042969,7791600
2017-09-18,87.08000183105469,87.87000274658203,86.94999694824219,87.87000274658203,77.89894104003906,3395100
2017-09-19,87.97000122070312,89.2300033569336,87.87999725341797,89.0,78.90070343017578,4043800
2017-09-20,89.25,89.37999725341797,88.2699966430664,88.43000030517578,78.3953857421875,4251000
2017-09-21,88.44999694824219,88.80000305175781,88.04000091552734,88.41999816894531,78.38651275634766,2877800
2017-09-22,88.30000305175781,88.70999908447266,88.0999984741211,88.4000015258789,78.36881256103516,2770100
2017-09-25,88.27999877929688,88.63999938964844,87.83999633789062,88.20999908447266,78.2003402709961,2863100
2017-09-26,88.47000122070312,88.7699966430664,88.19999694824219,88.69000244140625,78.62589263916016,2197800
2017-09-27,89.68000030517578,89.73999786376953,89.02999877929688,89.48999786376953,79.33509063720703,2888900
2017-09-28,89.2300033569336,90.30999755859375,89.2300033569336,90.13999938964844,79.91133880615234,2458800
2017-09-29,90.04000091552734,90.7699966430664,89.93000030517578,90.45999908447266,80.19503021240234,2996300
2017-10-02,90.44000244140625,91.16999816894531,90.0999984741211,90.54000091552734,80.26595306396484,4466400
2017-10-03,90.58999633789062,91.63999938964844,90.58999633789062,91.43000030517578,81.05496978759766,2912300
2017-10-04,91.5999984741211,91.61000061035156,90.91000366210938,91.01000213623047,80.68262481689453,3091700
2017-10-05,90.95999908447266,91.62000274658203,90.7699966430664,91.16000366210938,81.12760162353516,2991000
2017-10-06,91.25,91.58999633789062,91.08999633789062,91.55000305175781,81.47466278076172,1891800
2017-10-09,91.58999633789062,91.95999908447266,91.5,91.69000244140625,81.5992660522461,1653700
2017-10-10,91.87999725341797,92.33999633789062,91.77999877929688,91.88999938964844,81.77723693847656,2247200
2017-10-11,91.86000061035156,92.6500015258789,91.80999755859375,91.95999908447266,81.83955383300781,3051400
2017-10-12,91.62999725341797,92.2300033569336,91.41999816894531,91.61000061035156,81.5280990600586,3279000
2017-10-13,91.5,92.91999816894531,91.26000213623047,92.86000061035156,82.64049530029297,3224200
2017-10-16,93.04000091552734,93.3499984741211,90.80999755859375,91.95999908447266,81.83955383300781,4294000
2017-10-17,91.94000244140625,92.0999984741211,91.58000183105469,91.69000244140625,81.5992660522461,2939600
2017-10-18,91.80000305175781,92.2699966430664,91.68000030517578,92.08000183105469,81.94634246826172,4720200
2017-10-19,90.4000015258789,92.94999694824219,90.04000091552734,91.9000015258789,81.7861557006836,6512100
2017-10-20,92.83999633789062,93.29000091552734,91.97000122070312,92.08999633789062,81.9552230834961,4442200
2017-10-23,92.22000122070312,93.08999633789062,92.22000122070312,92.37999725341797,82.21332550048828,2963100
2017-10-24,92.5999984741211,93.93000030517578,92.33000183105469,93.86000061035156,83.53046417236328,4481500
2017-10-25,94.0,94.23999786376953,93.2699966430664,93.52999877929688,83.23677825927734,4266100
2017-10-26,93.98999786376953,95.7300033569336,93.9800033569336,95.69000244140625,85.1590347290039,4136800
2017-10-27,95.44999694824219,96.0199966430664,95.02999877929688,95.79000091552734,85.248046875,3212200
2017-10-30,95.7300033569336,96.12000274658203,94.83999633789062,95.06999969482422,84.60726165771484,3096500
2017-10-31,94.9800033569336,95.61000061035156,94.5199966430664,95.5199966430664,85.00778198242188,3146400
2017-11-01,96.29000091552734,96.56999969482422,95.44000244140625,95.79000091552734,85.248046875,2320000
2017-11-02,96.0,96.23999786376953,95.38999938964844,95.9800033569336,85.4171371459961,3013300
2017-11-03,96.27999877929688,96.43000030517578,95.77999877929688,96.43000030517578,85.81761932373047,2089500
2017-11-06,96.3499984741211,96.7300033569336,95.93000030517578,96.29000091552734,85.69303131103516,1848300
2017-11-07,96.41999816894531,96.9000015258789,95.18000030517578,95.37000274658203,84.874267578125,3200900
2017-11-08,95.0999984741211,95.27999877929688,94.44999694824219,95.12999725341797,84.66067504882812,2163700
2017-11-09,94.33999633789062,94.66000366210938,93.27999877929688,93.75,83.43254852294922,3949800
2017-11-10,93.79000091552734,94.1500015258789,93.38999938964844,93.5199966430664,83.22785949707031,2714400
2017-11-13,93.0,93.9800033569336,92.77999877929688,93.9000015258789,83.56605529785156,2708500
2017-11-14,93.56999969482422,93.79000091552734,92.94000244140625,93.76000213623047,83.44144439697266,2843700
2017-11-15,93.2699966430664,93.79000091552734,92.80000305175781,93.26000213623047,82.99649810791016,3236600
2017-11-16,93.55000305175781,94.04000091552734,93.30000305175781,93.55999755859375,83.26348876953125,2586500
2017-11-17,93.30999755859375,93.76000213623047,92.91999816894531,93.69000244140625,83.37918090820312,3261200
2017-11-20,93.91999816894531,94.33999633789062,93.68000030517578,93.94999694824219,83.61054992675781,3456600
2017-11-21,94.41999816894531,94.6500015258789,94.12000274658203,94.41000366210938,84.01990509033203,2917000
2017-11-22,94.38999938964844,94.70999908447266,93.4800033569336,93.81999969482422,83.49483489990234,2159100
2017-11-24,93.97000122070312,94.12000274658203,93.47000122070312,93.4800033569336,83.1922836303711,837300
2017-11-27,93.56999969482422,94.0,93.36000061035156,93.47000122070312,83.1833724975586,2731300
2017-11-28,93.76000213623047,95.27999877929688,93.58000183105469,95.27999877929688,84.7941665649414,3536400
2017-11-29,95.95999908447266,97.31999969482422,95.5999984741211,96.5999984741211,85.96887969970703,4325500
2017-11-30,97.0199966430664,98.48999786376953,96.80999755859375,97.70999908447266,86.95674133300781,5328300
2017-12-01,98.08000183105469,98.22000122070312,95.8499984741211,97.86000061035156,87.09025573730469,3445200
2017-12-04,98.62000274658203,99.16999816894531,97.9800033569336,98.58999633789062,87.73988342285156,4562400
2017-12-05,99.19999694824219,99.75,98.58000183105469,98.70999908447266,87.8466796875,3525600
2017-12-06,98.63999938964844,98.81999969482422,98.16999816894531,98.20999908447266,87.40172576904297,3081300
2017-12-07,97.76000213623047,99.12000274658203,97.4800033569336,98.58000183105469,87.73099517822266,3026100
2017-12-08,99.0,99.0,98.13999938964844,98.55000305175781,87.70429992675781,3850300
2017-12-11,98.5999984741211,99.04000091552734,98.23999786376953,99.0,88.10478973388672,2984100
2017-12-12,98.87999725341797,99.66000366210938,98.8499984741211,99.37000274658203,88.43407440185547,3455500
2017-12-13,99.12000274658203,99.30999755859375,97.76000213623047,97.77999877929688,87.0190200805664,3463900
2017-12-14,98.30999755859375,98.6500015258789,97.1500015258789,97.1500015258789,86.4583740234375,3464600
2017-12-15,97.77999877929688,98.83999633789062,97.44000244140625,98.5199966430664,87.67760467529297,7891800
2017-12-18,99.19000244140625,100.52999877929688,98.98999786376953,99.68000030517578,88.70995330810547,3485400
2017-12-19,100.20999908447266,100.38999938964844,99.12000274658203,99.1500015258789,88.2382583618164,3282600
2017-12-20,99.70999908447266,99.94000244140625,98.45999908447266,98.51000213623047,87.66871643066406,3091000
2017-12-21,99.05000305175781,99.19000244140625,98.37000274658203,98.5,87.65982055664062,2339500
2017-12-22,98.47000122070312,99.04000091552734,98.20999908447266,98.73999786376953,87.8733901977539,1980300
2017-12-26,98.80000305175781,98.91999816894531,98.12999725341797,98.56999969482422,87.72209167480469,1575200
2017-12-27,98.9000015258789,99.25,98.56999969482422,99.12999725341797,88.22047424316406,2569900
2017-12-28,99.63999938964844,99.91000366210938,99.36000061035156,99.69999694824219,88.7277603149414,1914900
2017-12-29,100.0,100.25,99.26000213623047,99.30999755859375,88.38066864013672,2056800
2018-01-02,99.7300033569336,99.7300033569336,98.22000122070312,98.94000244140625,88.05137634277344,2746700
2018-01-03,99.23999786376953,99.76000213623047,99.0199966430664,99.55000305175781,88.59423828125,2976400
2018-01-04,100.02999877929688,101.6500015258789,99.91000366210938,100.8499984741211,90.0678482055664,3122000
2018-01-05,100.8499984741211,101.08000183105469,100.2699966430664,101.08000183105469,90.27324676513672,2550300
2018-01-08,101.0,101.19999694824219,100.12000274658203,100.1500015258789,89.44269561767578,1896500
2018-01-09,100.36000061035156,100.80000305175781,100.2699966430664,100.5199966430664,89.77311706542969,2978500
2018-01-10,100.38999938964844,101.58999633789062,100.33000183105469,101.22000122070312,90.3982925415039,2279200
2018-01-11,101.44000244140625,101.44000244140625,100.19999694824219,100.7300033569336,89.96064758300781,2745400
2018-01-12,100.86000061035156,101.02999877929688,99.93000030517578,100.97000122070312,90.17501831054688,3231500
2018-01-16,102.01000213623047,102.38999938964844,100.1500015258789,100.33999633789062,89.61237335205078,3814000
2018-01-17,100.98999786376953,101.0,99.23999786376953,100.76000213623047,89.98747253417969,4469700
2018-01-18,100.83999633789062,100.83999633789062,99.58000183105469,99.86000061035156,89.1836929321289,5290700
2018-01-19,97.01000213623047,98.94000244140625,96.3499984741211,98.02999877929688,87.54933166503906,12306000
2018-01-22,97.26000213623047,98.33999633789062,96.83999633789062,98.31999969482422,87.80834197998047,4983600
2018-01-23,98.16000366210938,98.4000015258789,97.44000244140625,97.9800033569336,87.50469207763672,4375200
2018-01-24,98.25,99.51000213623047,98.16000366210938,99.30000305175781,88.68356323242188,4949500
2018-01-25,99.43000030517578,100.11000061035156,99.19999694824219,99.69000244140625,89.0318603515625,3375200
2018-01-26,99.8499984741211,99.94999694824219,98.94999694824219,99.62999725341797,88.97828674316406,3668700
2018-01-29,99.75,100.18000030517578,99.2300033569336,99.41000366210938,88.78180694580078,3472100
2018-01-30,99.44999694824219,100.0999984741211,98.69000244140625,98.70999908447266,88.15663146972656,3466500
2018-01-31,98.73999786376953,99.70999908447266,98.5,99.4000015258789,88.77285766601562,3202900
2018-02-01,98.94999694824219,100.04000091552734,98.4000015258789,100.0,89.30873107910156,2952100
2018-02-02,99.52999877929688,99.69000244140625,96.63999938964844,96.68000030517578,86.34365844726562,4663300
2018-02-05,95.83000183105469,96.72000122070312,88.61000061035156,92.01000213623047,82.17295837402344,6421900
2018-02-06,89.75,94.22000122070312,88.51000213623047,94.18000030517578,84.11094665527344,7244000
2018-02-07,93.52999877929688,94.8499984741211,93.41000366210938,93.61000061035156,83.60188293457031,3796800
2018-02-08,93.75,93.97000122070312,88.27999877929688,88.33999633789062,78.89531707763672,5814900
2018-02-09,89.47000122070312,92.5199966430664,87.54000091552734,91.72000122070312,81.91395568847656,8017600
2018-02-12,92.58000183105469,95.68000030517578,92.41999816894531,94.69999694824219,84.57535552978516,7419200
2018-02-13,94.02999877929688,94.80999755859375,92.81999969482422,94.55999755859375,84.45030975341797,3366700
2018-02-14,93.97000122070312,96.55999755859375,93.66999816894531,96.2300033569336,85.94178009033203,3446800
2018-02-15,97.05999755859375,97.20999908447266,95.44000244140625,96.55999755859375,86.23649597167969,3057400
2018-02-16,96.37000274658203,97.48999786376953,96.25,96.79000091552734,86.4419174194336,3280700
2018-02-20,96.58000183105469,97.70999908447266,96.5,97.19000244140625,86.79914855957031,3514700
2018-02-21,96.91999816894531,98.48999786376953,96.75,97.5,87.07601928710938,4431500
2018-02-22,97.58999633789062,98.06999969482422,97.05000305175781,97.3499984741211,86.94204711914062,4270100
2018-02-23,97.77999877929688,98.83999633789062,97.55000305175781,98.80000305175781,88.23700714111328,2440600
2018-02-26,99.43000030517578,101.68000030517578,98.97000122070312,101.63999938964844,90.77339172363281,4953100
2018-02-27,101.66000366210938,102.12000274658203,99.58000183105469,99.58000183105469,88.93363189697266,5167300
2018-02-28,100.04000091552734,100.36000061035156,97.43000030517578,97.51000213623047,87.0849380493164,4053700
2018-03-01,97.81999969482422,98.30000305175781,94.52999877929688,95.13999938964844,84.96833038330078,4369800
2018-03-02,94.62999725341797,95.75,93.19999694824219,95.5999984741211,85.379150390625,3584700
2018-03-05,95.08999633789062,97.29000091552734,94.69999694824219,96.66000366210938,86.3258056640625,2661400
2018-03-06,96.98999786376953,96.98999786376953,95.13999938964844,96.06999969482422,85.79888153076172,3221100
2018-03-07,95.20999908447266,95.7300033569336,94.27999877929688,95.63999938964844,85.41484832763672,3594900
2018-03-08,96.05000305175781,96.68000030517578,95.08999633789062,96.58999633789062,86.26329803466797,3760500
2018-03-09,97.58000183105469,99.11000061035156,97.05999755859375,99.05000305175781,88.46027374267578,3044300
2018-03-12,99.08999633789062,99.69999694824219,97.4800033569336,97.66999816894531,87.22783660888672,4020900
2018-03-13,98.12000274658203,98.2300033569336,95.08000183105469,95.37000274658203,85.17371368408203,4858700
2018-03-14,95.95999908447266,96.16999816894531,94.08999633789062,94.52999877929688,84.42354583740234,3013800
2018-03-15,95.05999755859375,95.41000366210938,93.95999908447266,94.38999938964844,84.2984848022461,3213000
2018-03-16,94.55000305175781,96.38999938964844,94.2699966430664,95.61000061035156,85.3880844116211,5124900
2018-03-19,95.44000244140625,95.4800033569336,93.80000305175781,94.83999633789062,84.70039367675781,2610400
2018-03-20,95.3499984741211,95.6500015258789,94.72000122070312,94.94999694824219,84.79864501953125,2501600
2018-03-21,94.62000274658203,96.2699966430664,94.4000015258789,94.73999786376953,84.611083984375,2124000
2018-03-22,93.73999786376953,93.95999908447266,91.12000274658203,91.41000366210938,81.63709259033203,4113900
2018-03-23,91.81999969482422,92.36000061035156,90.41000366210938,90.44999694824219,80.77973175048828,5100400
2018-03-26,91.37000274658203,92.98999786376953,90.80000305175781,92.62000274658203,82.71775817871094,2769800
2018-03-27,92.80999755859375,93.73999786376953,90.87000274658203,91.41999816894531,81.6460189819336,4357300
2018-03-28,91.76000213623047,93.54000091552734,91.5999984741211,92.20999908447266,82.35157775878906,5509700
2018-03-29,92.38999938964844,94.37000274658203,92.29000091552734,93.27999877929688,83.30715942382812,4940600
2018-04-02,93.13999938964844,93.55000305175781,89.95999908447266,91.0,81.27095031738281,4998400
2018-04-03,91.55000305175781,92.93000030517578,91.18000030517578,92.73999786376953,82.82490539550781,2864500
2018-04-04,91.20999908447266,93.91999816894531,91.08000183105469,93.58000183105469,83.57508850097656,4619200
2018-04-05,94.19999694824219,95.05000305175781,93.80000305175781,94.19999694824219,84.44464111328125,2482300
2018-04-06,93.23999786376953,93.80999755859375,90.80999755859375,91.91000366210938,82.39179992675781,2968900
2018-04-09,92.69999694824219,94.23999786376953,91.95999908447266,92.13999938964844,82.5979995727539,3109700
2018-04-10,93.41000366210938,93.69000244140625,92.52999877929688,93.0,83.36892700195312,4584000
2018-04-11,91.94000244140625,92.80999755859375,91.36000061035156,91.5999984741211,82.11392211914062,4064900
2018-04-12,92.5199966430664,93.94000244140625,92.05999755859375,93.3499984741211,83.68267059326172,3137300
2018-04-13,94.12999725341797,94.30000305175781,92.54000091552734,93.02999877929688,83.39582824707031,2510300
2018-04-16,93.77999877929688,94.19999694824219,93.11000061035156,93.5999984741211,83.90679931640625,2811500
2018-04-17,93.95999908447266,94.5999984741211,93.58999633789062,93.86000061035156,84.13988494873047,2651700
2018-04-18,94.04000091552734,95.23999786376953,94.0,95.1500015258789,85.29627227783203,4981400
2018-04-19,99.36000061035156,102.95999908447266,99.05000305175781,102.37000274658203,91.76856994628906,11716900
2018-04-20,102.19999694824219,102.66999816894531,100.37000274658203,100.79000091552734,90.3521957397461,5614700
2018-04-23,100.77999877929688,101.16000366210938,99.91000366210938,100.61000061035156,90.19082641601562,3183300
2018-04-24,101.19000244140625,101.70999908447266,99.58000183105469,100.44000244140625,90.03843688964844,5048900
2018-04-25,100.0,100.30000305175781,97.9000015258789,98.77999877929688,88.55033874511719,5129200
2018-04-26,98.8499984741211,100.51000213623047,98.55999755859375,100.2300033569336,89.85018157958984,3021100
2018-04-27,99.98999786376953,100.29000091552734,98.93000030517578,99.61000061035156,89.29439544677734,2017000
2018-04-30,100.0,100.37000274658203,98.7300033569336,98.75,88.52345275878906,2567000
2018-05-01,98.81999969482422,98.81999969482422,97.29000091552734,98.58000183105469,88.37104797363281,2915200
2018-05-02,98.05999755859375,99.37000274658203,97.55000305175781,97.62999725341797,87.5194320678711,3542000
2018-05-03,97.16999816894531,97.31999969482422,95.51000213623047,97.13999938964844,87.08019256591797,3572300
2018-05-04,96.3499984741211,98.94999694824219,96.04000091552734,98.3499984741211,88.16486358642578,2363200
2018-05-07,98.52999877929688,98.98999786376953,98.29000091552734,98.58000183105469,88.37104797363281,2152100
2018-05-08,98.77999877929688,100.37000274658203,98.38999938964844,99.73999786376953,89.41094970703125,3199100
2018-05-09,100.22000122070312,100.97000122070312,99.48999786376953,100.5,90.09223175048828,2694300
2018-05-10,100.70999908447266,101.87000274658203,100.22000122070312,101.37999725341797,90.88108825683594,2847600
2018-05-11,101.48999786376953,102.68000030517578,101.2699966430664,101.41999816894531,90.91695404052734,2522100
2018-05-14,101.69000244140625,102.1500015258789,101.11000061035156,101.29000091552734,90.80043029785156,2234800
2018-05-15,100.81999969482422,101.2300033569336,99.97000122070312,100.73999786376953,90.307373046875,3442300
2018-05-16,100.27999877929688,101.23999786376953,100.2300033569336,100.58999633789062,90.17290496826172,2135200
2018-05-17,100.6500015258789,101.63999938964844,100.30000305175781,101.22000122070312,90.73765563964844,2876100
2018-05-18,100.93000030517578,101.33000183105469,100.45999908447266,100.98999786376953,90.53147888183594,2927600
2018-05-21,101.56999969482422,102.37999725341797,101.3499984741211,102.04000091552734,91.47274017333984,2084000
2018-05-22,102.31999969482422,103.23999786376953,102.08000183105469,102.69999694824219,92.06439208984375,2910700
2018-05-23,101.81999969482422,102.25,100.91000366210938,101.93000030517578,91.3741226196289,2553900
2018-05-24,101.69000244140625,102.30999755859375,100.72000122070312,102.01000213623047,91.44585418701172,2230000
2018-05-25,101.3499984741211,101.63999938964844,100.47000122070312,101.0999984741211,90.63008880615234,1850800
2018-05-29,99.83999633789062,99.83999633789062,96.9800033569336,97.72000122070312,87.60011291503906,4377800
2018-05-30,98.8499984741211,99.41999816894531,97.95999908447266,98.98999786376953,88.73860931396484,3076800
2018-05-31,98.68000030517578,99.36000061035156,97.80000305175781,98.30000305175781,88.12004089355469,2780300
2018-06-01,99.33999633789062,99.61000061035156,98.22000122070312,98.25,88.07523345947266,2711200
2018-06-04,98.80999755859375,99.51000213623047,98.63999938964844,99.44999694824219,89.15095520019531,2417400
2018-06-05,99.12000274658203,99.41000366210938,98.43000030517578,99.30999755859375,89.02548217773438,1811500
2018-06-06,100.0,101.0,99.56999969482422,100.97000122070312,90.51355743408203,2872700
2018-06-07,101.44000244140625,102.38999938964844,100.88999938964844,101.4800033569336,90.9707260131836,4245700
2018-06-08,101.29000091552734,101.30000305175781,99.58999633789062,101.0,90.54042053222656,3580500
2018-06-11,101.18000030517578,101.66999816894531,100.79000091552734,101.19999694824219,90.71971893310547,3453000
2018-06-12,101.5,101.5,100.23999786376953,100.7300033569336,90.29838562011719,2426100
2018-06-13,100.87000274658203,100.87999725341797,99.95999908447266,100.0199966430664,89.66193389892578,3183800
2018-06-14,100.5199966430664,101.0999984741211,99.51000213623047,99.76000213623047,89.4288558959961,3285500
2018-06-15,99.22000122070312,99.2699966430664,97.30999755859375,98.5199966430664,88.31727600097656,6741200
2018-06-18,97.8499984741211,98.55000305175781,97.30999755859375,98.47000122070312,88.27244567871094,3621300
2018-06-19,97.13999938964844,97.93000030517578,96.62000274658203,97.13999938964844,87.08019256591797,3119600
2018-06-20,97.69999694824219,97.88999938964844,96.36000061035156,96.41999816894531,86.43473815917969,4495300
2018-06-21,96.16000366210938,96.95999908447266,95.76000213623047,96.62999725341797,86.62299346923828,3350700
2018-06-22,97.3499984741211,97.95999908447266,97.06999969482422,97.2300033569336,87.16084289550781,7235400
2018-06-25,97.05000305175781,100.0999984741211,95.6500015258789,98.54000091552734,88.33521270751953,7996700
2018-06-26,99.5,99.83000183105469,98.06999969482422,98.20999908447266,88.03937530517578,5166100
2018-06-27,98.43000030517578,99.41000366210938,96.93000030517578,96.95999908447266,86.91883087158203,3693700
2018-06-28,97.01000213623047,97.44999694824219,96.56999969482422,96.97000122070312,86.92780303955078,3142300
2018-06-29,98.12999725341797,99.4800033569336,97.6500015258789,98.0,87.85113525390625,4698500
2018-07-02,97.4000015258789,99.04000091552734,97.16000366210938,99.0,88.74757385253906,3148700
2018-07-03,99.30999755859375,99.30999755859375,97.72000122070312,97.83999633789062,87.70769500732422,2041200
2018-07-05,98.3499984741211,98.62999725341797,97.62999725341797,98.52999877929688,88.64334106445312,2385500
2018-07-06,98.45999908447266,99.02999877929688,98.19999694824219,98.5199966430664,88.63433074951172,1996600
2018-07-09,99.26000213623047,100.01000213623047,99.08000183105469,99.91000366210938,89.88487243652344,4991700
2018-07-10,99.91000366210938,100.47000122070312,99.56999969482422,99.91000366210938,89.88487243652344,4675500
2018-07-11,99.66000366210938,100.80000305175781,99.66000366210938,100.30000305175781,90.23575592041016,3469600
2018-07-12,101.02999877929688,101.33000183105469,100.5999984741211,101.1500015258789,91.00045776367188,3688800
2018-07-13,101.08000183105469,101.1500015258789,99.62000274658203,100.5,90.41565704345703,3456500
2018-07-16,100.5999984741211,100.87999725341797,100.06999969482422,100.69000244140625,90.58661651611328,3264800
2018-07-17,100.77999877929688,101.45999908447266,100.6500015258789,101.1500015258789,91.00045776367188,3092200
2018-07-18,101.55000305175781,103.06999969482422,101.41999816894531,102.9800033569336,92.64681243896484,5923800
2018-07-19,100.19999694824219,101.37000274658203,99.27999877929688,100.16999816894531,90.11878204345703,7171100
2018-07-20,100.12999725341797,101.30000305175781,99.9800033569336,100.1500015258789,90.10078430175781,3325500
2018-07-23,100.1500015258789,101.4000015258789,100.01000213623047,101.22000122070312,91.06341552734375,2617900
2018-07-24,101.45999908447266,102.08999633789062,101.16999816894531,101.70999908447266,91.50428771972656,3155100
2018-07-25,101.2300033569336,102.77999877929688,101.08000183105469,102.62999725341797,92.33194732666016,2549400
2018-07-26,102.83999633789062,103.1500015258789,102.36000061035156,102.5,92.2149887084961,2744000
2018-07-27,102.87000274658203,104.23999786376953,102.66999816894531,103.8499984741211,93.42955017089844,3815800
2018-07-30,102.7300033569336,103.11000061035156,100.3499984741211,100.8499984741211,90.73055267333984,4423000
2018-07-31,101.05000305175781,101.19999694824219,99.44000244140625,99.5199966430664,89.53399658203125,4330400
2018-08-01,99.9000015258789,100.93000030517578,99.16999816894531,99.44999694824219,89.47101593017578,3315400
2018-08-02,98.9000015258789,99.93000030517578,98.66999816894531,99.7300033569336,89.72291564941406,2481800
2018-08-03,99.95999908447266,100.9000015258789,99.69999694824219,100.79000091552734,90.67655181884766,1830400
2018-08-06,100.7699966430664,101.31999969482422,100.4000015258789,100.91999816894531,90.79352569580078,2004600
2018-08-07,101.48999786376953,102.75,101.37000274658203,101.97000122070312,91.73815155029297,1852800
2018-08-08,102.0,102.94999694824219,101.80999755859375,102.77999877929688,92.46688079833984,2228900
2018-08-09,102.44000244140625,103.31999969482422,102.27999877929688,102.98999786376953,92.65580749511719,2435500
2018-08-10,102.08999633789062,102.19999694824219,101.16999816894531,101.58000183105469,91.3873062133789,2473800
2018-08-13,101.4800033569336,102.30000305175781,101.4000015258789,101.80999755859375,91.59420776367188,3389200
2018-08-14,101.93000030517578,102.5999984741211,101.83000183105469,102.18000030517578,91.9271011352539,2327100
2018-08-15,101.56999969482422,101.93000030517578,100.83999633789062,101.51000213623047,91.3243179321289,2219600
2018-08-16,101.9000015258789,103.13999938964844,101.87000274658203,102.6500015258789,92.34991455078125,2290400
2018-08-17,102.62999725341797,103.30999755859375,102.05999755859375,103.02999877929688,92.69180297851562,1950800
2018-08-20,103.0199966430664,103.97000122070312,102.93000030517578,103.83000183105469,93.41153717041016,2267900
2018-08-21,103.91999816894531,105.25,103.76000213623047,104.80999755859375,94.29318237304688,3218400
2018-08-22,104.9000015258789,106.26000213623047,104.51000213623047,105.83000183105469,95.2108383178711,2761300
2018-08-23,105.54000091552734,106.0199966430664,105.16000366210938,105.37000274658203,94.79701232910156,1866800
2018-08-24,105.91000366210938,106.33999633789062,105.44999694824219,105.76000213623047,95.14786529541016,1844000
2018-08-27,106.79000091552734,107.33000183105469,106.27999877929688,107.05000305175781,96.30842590332031,1972000
2018-08-28,107.05999755859375,107.43000030517578,106.68000030517578,107.27999877929688,96.51536560058594,2275000
2018-08-29,107.04000091552734,107.30999755859375,105.88999938964844,106.70999908447266,96.0025405883789,1896200
2018-08-30,106.5999984741211,106.66999816894531,105.97000122070312,106.2300033569336,95.57072448730469,1868300
2018-08-31,105.5199966430664,106.4000015258789,105.30000305175781,105.9800033569336,95.34580993652344,2115500
2018-09-04,106.3499984741211,107.2699966430664,105.58000183105469,107.01000213623047,96.27244567871094,2941800
2018-09-05,107.0,107.25,104.87999725341797,105.68000030517578,95.07588195800781,5511800
2018-09-06,105.5,105.87000274658203,104.55000305175781,105.4000015258789,94.82398223876953,3623900
2018-09-07,105.63999938964844,106.3499984741211,105.3499984741211,106.08000183105469,95.43574523925781,2498400
2018-09-10,106.55999755859375,107.80000305175781,106.55999755859375,107.29000091552734,96.52436065673828,3337000
2018-09-11,106.70999908447266,108.47000122070312,106.47000122070312,108.30999755859375,97.4420166015625,2795800
2018-09-12,108.30999755859375,108.69000244140625,107.66000366210938,107.87999725341797,97.05512237548828,4103100
2018-09-13,108.19999694824219,109.19000244140625,107.93000030517578,108.66000366210938,97.75687408447266,3429600
2018-09-14,108.83999633789062,110.01000213623047,108.83999633789062,109.55999755859375,98.56657409667969,2999800
2018-09-17,110.20999908447266,110.23999786376953,108.94000244140625,109.19999694824219,98.2426986694336,2383100
2018-09-18,109.44000244140625,109.87000274658203,108.97000122070312,109.63999938964844,98.63854217529297,2173200
2018-09-19,110.0,110.45999908447266,109.7300033569336,110.0999984741211,99.05237579345703,2365700
2018-09-20,110.8499984741211,111.7699966430664,110.6500015258789,111.11000061035156,99.9610595703125,2844800
2018-09-21,111.29000091552734,111.51000213623047,110.76000213623047,110.9000015258789,99.7721176147461,5662900
2018-09-24,110.73999786376953,110.83999633789062,109.3499984741211,109.8499984741211,98.82747650146484,1871600
2018-09-25,110.23999786376953,110.23999786376953,109.37999725341797,109.87000274658203,98.84546661376953,1910600
2018-09-26,110.08000183105469,110.11000061035156,107.80000305175781,108.01000213623047,97.172119140625,2944200
2018-09-27,108.01000213623047,108.3499984741211,107.33999633789062,107.8499984741211,97.02816772460938,2121700
2018-09-28,107.2699966430664,107.87000274658203,106.27999877929688,106.48999786376953,95.80463409423828,3931500
2018-10-01,107.80999755859375,108.98999786376953,107.61000061035156,107.9000015258789,97.07312774658203,3361300
2018-10-02,108.01000213623047,108.47000122070312,107.30999755859375,108.38999938964844,97.51396179199219,2223100
2018-10-03,109.25,109.4000015258789,108.25,108.44999694824219,97.56794738769531,2505100
2018-10-04,108.25,108.8499984741211,106.80999755859375,107.73999786376953,97.27902221679688,2478700
2018-10-05,108.05999755859375,108.47000122070312,106.72000122070312,107.2300033569336,96.81852722167969,2399800
2018-10-08,106.62999725341797,107.2300033569336,105.56999969482422,106.98999786376953,96.60183715820312,2723400
2018-10-09,106.30000305175781,106.93000030517578,105.94000244140625,106.66000366210938,96.30387878417969,2604400
2018-10-10,106.95999908447266,107.01000213623047,103.5199966430664,103.56999969482422,93.5138931274414,4555600
2018-10-11,103.22000122070312,104.33999633789062,101.55000305175781,101.58000183105469,91.71713256835938,6069300
2018-10-12,104.30999755859375,104.91999816894531,101.70999908447266,103.0,92.9992446899414,4855900
2018-10-15,102.8499984741211,103.55999755859375,102.20999908447266,102.62000274658203,92.65614318847656,2780900
2018-10-16,103.06999969482422,104.47000122070312,102.69000244140625,104.2699966430664,94.14591217041016,3121000
2018-10-17,104.33000183105469,105.29000091552734,103.91999816894531,104.33999633789062,94.20913696289062,3792400
2018-10-18,104.52999877929688,104.76000213623047,102.29000091552734,102.83999633789062,92.8547592163086,4538200
2018-10-19,104.05999755859375,107.55000305175781,104.05999755859375,106.7300033569336,96.3670883178711,5726300
2018-10-22,106.61000061035156,106.95999908447266,104.44999694824219,104.51000213623047,94.36263275146484,5003100
2018-10-23,102.41000366210938,104.5199966430664,101.83999633789062,104.37999725341797,94.2452392578125,4223800
2018-10-24,104.43000030517578,104.94999694824219,101.51000213623047,101.83999633789062,91.95185852050781,4056700
2018-10-25,102.4800033569336,104.16999816894531,101.80000305175781,103.5999984741211,93.5409927368164,3378900
2018-10-26,102.54000091552734,102.66000366210938,100.13999938964844,101.25,91.41915893554688,5395700
2018-10-29,102.47000122070312,103.25,100.04000091552734,101.19000244140625,91.36498260498047,4238700
2018-10-30,101.5999984741211,102.38999938964844,100.41000366210938,102.08000183105469,92.16857147216797,3778200
2018-10-31,103.05999755859375,103.70999908447266,102.55000305175781,102.7300033569336,92.7554702758789,4511300
2018-11-01,103.26000213623047,104.2699966430664,103.0199966430664,104.04000091552734,93.93826293945312,2786800
2018-11-02,104.93000030517578,105.05000305175781,102.88999938964844,103.70999908447266,93.64031982421875,4322200
2018-11-05,104.04000091552734,105.4000015258789,103.80000305175781,105.20999908447266,94.9946517944336,2697700
2018-11-06,104.9800033569336,105.66000366210938,104.37000274658203,104.9800033569336,94.7870101928711,2856000
2018-11-07,105.7300033569336,107.4800033569336,104.9000015258789,107.30999755859375,96.8907699584961,3606900
2018-11-08,107.02999877929688,108.62999725341797,107.02999877929688,108.5,97.96522521972656,2896700
2018-11-09,108.37999725341797,109.33000183105469,107.3499984741211,108.27999877929688,97.7666015625,4444000
2018-11-12,108.16000366210938,108.44000244140625,106.30000305175781,106.48999786376953,96.15040588378906,3154600
2018-11-13,106.6500015258789,108.19999694824219,106.47000122070312,107.86000061035156,97.38736724853516,3021800
2018-11-14,108.61000061035156,109.33000183105469,106.88999938964844,107.7699966430664,97.30609130859375,4978100
2018-11-15,106.68000030517578,109.69999694824219,106.33999633789062,109.5999984741211,98.95841979980469,3742600
2018-11-16,108.58000183105469,110.37999725341797,108.58000183105469,109.45999908447266,98.83203887939453,3486200
2018-11-19,109.9000015258789,110.0199966430664,107.41999816894531,108.25,97.7395248413086,3161200
2018-11-20,107.55000305175781,107.9000015258789,105.45999908447266,106.08999633789062,95.78923797607422,3779000
2018-11-21,106.37000274658203,107.66999816894531,106.12999725341797,106.5,96.159423828125,2791000
2018-11-23,105.87999725341797,106.44999694824219,105.30999755859375,105.73999786376953,95.47319793701172,938800
2018-11-26,107.1500015258789,109.7300033569336,106.83000183105469,109.68000030517578,99.03067779541016,4488500
2018-11-27,109.5,110.36000061035156,108.7300033569336,110.11000061035156,99.4189224243164,2837900
2018-11-28,110.33000183105469,113.18000030517578,110.33000183105469,112.88999938964844,101.92898559570312,3995900
2018-11-29,112.0,112.26000213623047,110.4800033569336,111.30999755859375,100.50240325927734,4249500
2018-11-30,110.37000274658203,112.44999694824219,110.37000274658203,112.2699966430664,101.36918640136719,3949500
2018-12-03,113.98999786376953,114.55000305175781,112.0,112.36000061035156,101.450439453125,3399400
2018-12-04,111.86000061035156,112.16000366210938,107.54000091552734,107.63999938964844,97.18875885009766,5238400
2018-12-06,105.63999938964844,108.38999938964844,104.77999877929688,108.25,97.7395248413086,7455200
2018-12-07,108.19999694824219,109.62000274658203,105.76000213623047,106.68000030517578,96.32194519042969,4419400
2018-12-10,105.94000244140625,106.72000122070312,103.5,105.79000091552734,95.51834869384766,4110000
2018-12-11,107.38999938964844,108.01000213623047,104.51000213623047,105.4000015258789,95.16622161865234,3132200
2018-12-12,107.2699966430664,108.7300033569336,106.5,107.4800033569336,97.04425811767578,4183800
2018-12-13,107.7699966430664,108.36000061035156,106.33000183105469,106.69999694824219,96.3399887084961,3542600
2018-12-14,105.7699966430664,106.44999694824219,104.93000030517578,105.69999694824219,95.43710327148438,5245400
2018-12-17,105.45999908447266,105.45999908447266,100.77999877929688,101.18000030517578,91.35597229003906,7345500
2018-12-18,101.9800033569336,102.56999969482422,100.47000122070312,101.0199966430664,91.21150970458984,5220800
2018-12-19,99.76000213623047,102.0,98.19999694824219,98.7699966430664,89.17994689941406,6195600
2018-12-20,97.91000366210938,98.87000274658203,95.26000213623047,95.7699966430664,86.47124481201172,7110500
2018-12-21,95.19999694824219,96.62999725341797,91.1500015258789,91.33000183105469,82.46234893798828,11005300
2018-12-24,90.73999786376953,91.55000305175781,89.5,89.5,80.8100357055664,3190900
2018-12-26,89.8499984741211,93.88999938964844,89.05000305175781,93.83999633789062,84.7286376953125,5383700
2018-12-27,92.36000061035156,94.68000030517578,91.26000213623047,94.68000030517578,85.48709869384766,4226600
2018-12-28,95.4000015258789,95.6500015258789,93.94999694824219,94.41999816894531,85.25232696533203,3225100
2018-12-31,95.12999725341797,95.61000061035156,94.30000305175781,95.31999969482422,86.0649185180664,2821100
2019-01-02,93.91000366210938,96.2699966430664,93.7699966430664,95.68000030517578,86.38998413085938,4175400
2019-01-03,94.79000091552734,95.18000030517578,93.2300033569336,93.43000030517578,84.70369720458984,4776600
2019-01-04,95.37000274658203,98.3499984741211,94.9000015258789,97.63999938964844,88.52051544189453,4637200
2019-01-07,97.7699966430664,98.91999816894531,97.0199966430664,98.16999816894531,89.0009765625,3289000
2019-01-08,98.69000244140625,99.5199966430664,97.5199966430664,98.6500015258789,89.4361572265625,3227200
2019-01-09,98.73999786376953,99.58999633789062,98.1500015258789,98.83000183105469,89.599365234375,2954500
2019-01-10,98.44999694824219,98.66999816894531,97.81999969482422,98.26000213623047,89.08258056640625,3523800
2019-01-11,97.87999725341797,98.68000030517578,97.36000061035156,98.55000305175781,89.34551239013672,2770600
2019-01-14,97.76000213623047,99.02999877929688,97.62000274658203,98.44000244140625,89.24577331542969,4120500
2019-01-15,98.61000061035156,98.87000274658203,97.73999786376953,97.98999786376953,88.8377914428711,5795100
2019-01-16,98.94000244140625,99.95999908447266,98.51000213623047,99.41000366210938,90.12517547607422,4701900
2019-01-17,99.41000366210938,100.23999786376953,98.56999969482422,99.48999786376953,90.19772338867188,5693300
2019-01-18,98.19000244140625,100.80999755859375,96.37000274658203,100.4800033569336,91.09522247314453,9872500
2019-01-22,99.8499984741211,100.68000030517578,98.95999908447266,99.83000183105469,90.50595092773438,4699800
2019-01-23,99.93000030517578,100.19000244140625,98.45999908447266,99.70999908447266,90.39714813232422,3585100
2019-01-24,99.69000244140625,100.54000091552734,99.37999725341797,99.72000122070312,90.4062271118164,3415900
2019-01-25,100.43000030517578,101.58999633789062,100.08999633789062,100.7699966430664,91.35814666748047,3488300
2019-01-28,100.05000305175781,100.41000366210938,99.4800033569336,100.37999725341797,91.00457763671875,3185400
2019-01-29,100.94000244140625,101.41999816894531,100.54000091552734,100.95999908447266,91.53041076660156,2827400
2019-01-30,101.08999633789062,102.8499984741211,100.54000091552734,102.66999816894531,93.0807113647461,3501500
2019-01-31,102.0,102.9000015258789,101.69999694824219,102.69999694824219,93.10790252685547,4302100
2019-02-01,102.41000366210938,103.52999877929688,102.41000366210938,103.05999755859375,93.43427276611328,4727800
2019-02-04,103.04000091552734,103.45999908447266,102.5199966430664,103.41999816894531,93.7606430053711,2578300
2019-02-05,103.62999725341797,104.18000030517578,103.41000366210938,103.9000015258789,94.1958236694336,2231200
2019-02-06,103.8499984741211,105.08000183105469,103.43000030517578,104.95999908447266,95.15682983398438,3595700
2019-02-07,104.05999755859375,104.77999877929688,103.61000061035156,104.38999938964844,94.64006042480469,3857300
2019-02-08,103.7300033569336,104.5199966430664,103.43000030517578,104.5199966430664,94.75789642333984,2581900
2019-02-11,104.94999694824219,105.55999755859375,104.80999755859375,105.41000366210938,95.56478118896484,2653800
2019-02-12,106.2699966430664,107.43000030517578,106.26000213623047,107.0,97.00625610351562,3238600
2019-02-13,107.55000305175781,108.47000122070312,107.0999984741211,107.55999755859375,97.51394653320312,3182100
2019-02-14,107.0,107.36000061035156,106.23999786376953,106.62000274658203,96.66175842285156,2385900
2019-02-15,107.33000183105469,108.08999633789062,107.12000274658203,107.37999725341797,97.35078430175781,3882300
2019-02-19,107.05000305175781,107.2300033569336,106.45999908447266,106.5,96.55298614501953,3692800
2019-02-20,106.56999969482422,107.18000030517578,106.5,106.77999877929688,96.80683898925781,3840800
2019-02-21,106.73999786376953,106.94999694824219,106.31999969482422,106.61000061035156,96.6527099609375,2566500
2019-02-22,106.9800033569336,107.55000305175781,106.86000061035156,107.44000244140625,97.40518951416016,2256400
2019-02-25,108.19999694824219,108.8499984741211,106.76000213623047,106.93000030517578,96.94280242919922,3333500
2019-02-26,106.66999816894531,107.62000274658203,106.41999816894531,106.94000244140625,96.95189666748047,2548100
2019-02-27,106.86000061035156,107.62999725341797,106.5999984741211,107.41999816894531,97.38705444335938,2393500
2019-02-28,107.22000122070312,108.44999694824219,107.08000183105469,107.73999786376953,97.67715454101562,3295800
2019-03-01,108.4000015258789,109.6500015258789,108.19999694824219,108.9000015258789,98.72881317138672,2682000
2019-03-04,109.55999755859375,110.08999633789062,107.76000213623047,109.0,98.81948852539062,4053200
2019-03-05,109.02999877929688,109.31999969482422,108.31999969482422,108.8499984741211,98.6834945678711,2685700
2019-03-06,108.93000030517578,109.44999694824219,108.8499984741211,108.9800033569336,98.80133819580078,2616000
2019-03-07,108.55999755859375,108.62999725341797,107.4000015258789,107.86000061035156,97.78595733642578,3048200
2019-03-08,106.79000091552734,108.06999969482422,106.68000030517578,107.9800033569336,97.89472961425781,2077100
2019-03-11,109.01000213623047,109.79000091552734,108.70999908447266,109.55999755859375,99.32715606689453,3289200
2019-03-12,109.73999786376953,111.27999877929688,109.73999786376953,110.43000030517578,100.11591339111328,3917500
2019-03-13,110.18000030517578,112.26000213623047,110.08999633789062,112.13999938964844,101.66621398925781,4234100
2019-03-14,112.38999938964844,112.77999877929688,111.87999725341797,112.3499984741211,101.85658264160156,3538200
2019-03-15,112.70999908447266,113.7699966430664,112.52999877929688,113.5199966430664,102.91730499267578,4780400
2019-03-18,113.75,114.25,113.16000366210938,113.55000305175781,102.94451141357422,2918000
2019-03-19,114.22000122070312,114.22000122070312,112.36000061035156,112.66999816894531,102.14669799804688,3331300
2019-03-20,112.26000213623047,112.45999908447266,110.5999984741211,110.7699966430664,100.42415618896484,3309300
2019-03-21,109.95999908447266,112.18000030517578,109.80999755859375,111.81999969482422,101.37608337402344,3111000
2019-03-22,111.29000091552734,111.31999969482422,108.98999786376953,109.45999908447266,99.23653411865234,3737400
2019-03-25,109.27999877929688,110.06999969482422,108.19000244140625,109.04000091552734,98.8557357788086,3596200
2019-03-26,109.98999786376953,110.4000015258789,109.05000305175781,109.5,99.27279663085938,2844500
2019-03-27,109.68000030517578,110.0,108.33000183105469,108.9800033569336,98.80133819580078,3346600
2019-03-28,109.41999816894531,109.87999725341797,108.48999786376953,109.16000366210938,98.96453094482422,2693300
2019-03-29,110.19999694824219,110.38999938964844,109.13999938964844,109.30000305175781,99.0914535522461,4891000
2019-04-01,110.29000091552734,112.04000091552734,110.08000183105469,111.69999694824219,101.26728057861328,5125100
2019-04-02,111.20999908447266,111.45999908447266,110.37000274658203,111.0,100.63268280029297,3568900
2019-04-03,111.81999969482422,112.0,110.3499984741211,110.55999755859375,100.23377990722656,3719700
2019-04-04,110.33000183105469,110.48999786376953,109.5,110.12000274658203,100.18829345703125,3619600
2019-04-05,110.4800033569336,111.20999908447266,110.44000244140625,110.95999908447266,100.95255279541016,4553700
2019-04-08,110.62000274658203,110.8499984741211,109.91999816894531,110.69999694824219,100.71595001220703,4776600
2019-04-09,110.01000213623047,110.30999755859375,109.48999786376953,109.8499984741211,99.9426498413086,2869300
2019-04-10,110.4800033569336,110.4800033569336,109.5199966430664,110.16000366210938,100.22470092773438,2650100
2019-04-11,110.51000213623047,110.83000183105469,109.41999816894531,109.8499984741211,99.9426498413086,2320600
2019-04-12,110.81999969482422,111.55000305175781,110.44999694824219,110.91000366210938,100.90703582763672,2316900
2019-04-15,110.91999816894531,110.97000122070312,110.25,110.52999877929688,100.56129455566406,2285000
2019-04-16,111.08999633789062,112.02999877929688,110.94000244140625,111.87999725341797,101.78955078125,2523400
2019-04-17,112.30999755859375,112.5,111.25,111.76000213623047,101.68038940429688,3799900
2019-04-18,112.25,114.13999938964844,111.31999969482422,113.66999816894531,103.41809844970703,6186800
2019-04-22,112.5999984741211,113.4000015258789,112.2300033569336,112.33000183105469,102.198974609375,3174400
2019-04-23,112.19000244140625,114.04000091552734,111.9000015258789,113.97000122070312,103.69105529785156,3342800
2019-04-24,113.76000213623047,114.36000061035156,113.41999816894531,114.0199966430664,103.7365493774414,2318400
2019-04-25,115.2300033569336,116.5,114.75,115.87999725341797,105.42877960205078,4595200
2019-04-26,116.58999633789062,117.7300033569336,116.0999984741211,117.5999984741211,106.99366760253906,2990600
2019-04-29,117.23999786376953,117.69999694824219,116.55000305175781,116.76000213623047,106.22942352294922,3096200
2019-04-30,117.05000305175781,117.3499984741211,116.0999984741211,117.2300033569336,106.65703582763672,2387900
2019-05-01,117.47000122070312,117.98999786376953,116.93000030517578,117.0199966430664,106.4659652709961,2450500
2019-05-02,117.0,117.6500015258789,116.68000030517578,117.25,106.67522430419922,2538700
2019-05-03,117.91000366210938,119.66000366210938,117.62999725341797,119.3499984741211,108.58583068847656,2856200
2019-05-06,117.26000213623047,119.61000061035156,117.05000305175781,119.33999633789062,108.57672882080078,2924500
2019-05-07,118.37000274658203,119.41000366210938,117.6500015258789,118.22000122070312,107.5577392578125,6282300
2019-05-08,117.83000183105469,118.11000061035156,116.81999969482422,117.48999786376953,106.89359283447266,4037500
2019-05-09,116.1500015258789,117.29000091552734,115.37999725341797,117.26000213623047,106.684326171875,3219600
2019-05-10,116.86000061035156,118.93000030517578,116.20999908447266,118.45999908447266,107.77610778808594,2435100
2019-05-13,116.41999816894531,116.88999938964844,115.62000274658203,115.9000015258789,105.44697570800781,3710600
2019-05-14,115.9800033569336,117.7300033569336,115.7699966430664,117.01000213623047,106.45686340332031,2460700
2019-05-15,116.18000030517578,118.2300033569336,115.9000015258789,117.66000366210938,107.04825592041016,2711400
2019-05-16,117.7699966430664,120.3499984741211,117.7699966430664,119.83999633789062,109.03164672851562,4143500
2019-05-17,118.5999984741211,119.58999633789062,118.51000213623047,119.06999969482422,108.33106994628906,5273600
2019-05-20,118.83000183105469,120.31999969482422,118.62000274658203,119.83999633789062,109.03164672851562,2765600
2019-05-21,120.47000122070312,120.68000030517578,119.33999633789062,120.55000305175781,109.67759704589844,3369100
2019-05-22,120.36000061035156,120.87999725341797,119.44000244140625,120.01000213623047,109.18630981445312,2941100
2019-05-23,119.2699966430664,119.4000015258789,117.8499984741211,118.43000030517578,107.7488021850586,3290200
2019-05-24,119.20999908447266,119.62999725341797,118.33000183105469,119.51000213623047,108.73141479492188,2240100
2019-05-28,119.36000061035156,120.12000274658203,118.16999816894531,118.16999816894531,107.51226043701172,2550300
2019-05-29,117.70999908447266,117.80999755859375,116.04000091552734,117.01000213623047,106.45686340332031,2553900
2019-05-30,117.20999908447266,117.30999755859375,116.11000061035156,116.73999786376953,106.21122741699219,1882400
2019-05-31,115.7699966430664,115.9800033569336,114.55999755859375,114.70999908447266,104.36431884765625,2969100
2019-06-03,114.55999755859375,115.93000030517578,113.88999938964844,114.62000274658203,104.28244018554688,2968500
2019-06-04,115.70999908447266,117.0,115.2300033569336,116.8499984741211,106.31129455566406,3043200
2019-06-05,117.18000030517578,118.23999786376953,117.01000213623047,118.12000274658203,107.46678161621094,2568100
2019-06-06,118.41999816894531,119.63999938964844,118.1500015258789,119.43000030517578,108.65859985351562,2209300
2019-06-07,119.87000274658203,121.36000061035156,119.55999755859375,121.11000061035156,110.1871109008789,2481800
2019-06-10,121.5999984741211,123.44999694824219,121.41000366210938,122.66000366210938,111.59729766845703,3453700
2019-06-11,123.55000305175781,124.73999786376953,123.08000183105469,123.2300033569336,112.11589813232422,3303800
2019-06-12,122.91999816894531,123.19000244140625,121.58999633789062,122.02999877929688,111.02412414550781,2685700
2019-06-13,122.08999633789062,122.69999694824219,121.41999816894531,121.86000061035156,110.86946105957031,2343900
2019-06-14,122.01000213623047,122.61000061035156,120.94000244140625,122.0,110.99683380126953,2483800
2019-06-17,122.23999786376953,122.23999786376953,121.30000305175781,121.44999694824219,110.4964370727539,2094200
2019-06-18,122.80999755859375,125.05000305175781,122.20999908447266,123.43000030517578,112.29788208007812,2729200
2019-06-19,124.23999786376953,124.91999816894531,123.68000030517578,124.68000030517578,113.43514251708984,2951700
2019-06-20,125.69000244140625,126.4000015258789,124.47000122070312,124.91999816894531,113.65348052978516,3303200
2019-06-21,125.19999694824219,126.30999755859375,124.55999755859375,124.7300033569336,113.48062133789062,5703800
2019-06-24,124.9800033569336,125.41999816894531,124.01000213623047,124.13999938964844,112.94381713867188,2680900
2019-06-25,124.2699966430664,124.56999969482422,123.04000091552734,123.16000366210938,112.05220794677734,2387800
2019-06-26,123.18000030517578,124.0,123.02999877929688,123.58999633789062,112.44342041015625,1902500
2019-06-27,123.69000244140625,124.41000366210938,123.55999755859375,123.94000244140625,112.76187133789062,1504300
2019-06-28,124.29000091552734,124.55000305175781,123.19999694824219,123.44000244140625,112.30695343017578,4338900
2019-07-01,125.30000305175781,126.4000015258789,124.55000305175781,124.91999816894531,113.65348052978516,4008800
2019-07-02,124.77999877929688,125.33000183105469,124.5999984741211,125.0999984741211,113.81723022460938,4076100
2019-07-03,125.20999908447266,126.05000305175781,124.94000244140625,125.86000061035156,114.86679077148438,3714300
2019-07-05,126.12999725341797,126.19000244140625,124.30999755859375,125.4000015258789,114.44696807861328,3731500
2019-07-08,124.98999786376953,125.2300033569336,124.63999938964844,124.8499984741211,113.94503784179688,3332000
2019-07-09,124.2699966430664,126.04000091552734,124.18000030517578,125.9000015258789,114.90331268310547,2237100
2019-07-10,126.69999694824219,128.4199981689453,126.69999694824219,126.88999938964844,115.80683135986328,2733800
2019-07-11,126.9800033569336,127.69000244140625,126.44000244140625,127.27999877929688,116.16275024414062,2928100
2019-07-12,127.55000305175781,128.0,126.87000274658203,127.95999908447266,116.78335571289062,1639400
2019-07-15,128.25,128.67999267578125,127.76000213623047,128.57000732421875,117.340087890625,2355700
2019-07-16,129.22000122070312,129.33999633789062,127.80000305175781,128.05999755859375,116.8746566772461,2734000
2019-07-17,128.02000427246094,128.63999938964844,127.01000213623047,127.08000183105469,115.98025512695312,2248900
2019-07-18,126.69000244140625,129.08999633789062,126.66000366210938,128.39999389648438,117.1849365234375,3524500
2019-07-19,126.80000305175781,128.0,123.80000305175781,124.81999969482422,113.91763305664062,7819000
2019-07-22,124.75,126.01000213623047,124.69999694824219,126.0,114.99456024169922,4839700
2019-07-23,126.37999725341797,128.97999572753906,126.36000061035156,128.1999969482422,117.00241088867188,4055100
2019-07-24,127.70999908447266,128.22000122070312,126.79000091552734,127.94999694824219,116.77423095703125,3628300
2019-07-25,127.80999755859375,128.19000244140625,126.5,127.1500015258789,116.04410552978516,2663500
2019-07-26,127.08999633789062,127.55999755859375,126.30000305175781,126.77999877929688,115.70645141601562,4236200
2019-07-29,126.91000366210938,127.45999908447266,126.54000091552734,127.19000244140625,116.08062744140625,1829500
2019-07-30,126.56999969482422,126.91000366210938,126.30000305175781,126.47000122070312,115.42353820800781,1575400
2019-07-31,126.52999877929688,126.58999633789062,123.62000274658203,124.37000274658203,113.5069351196289,3221000
2019-08-01,123.7699966430664,126.12999725341797,123.5199966430664,124.08999633789062,113.25139617919922,4489800
2019-08-02,123.91999816894531,124.91000366210938,123.08000183105469,124.30999755859375,113.45216369628906,3268800
2019-08-05,122.45999908447266,123.08000183105469,120.16000366210938,120.72000122070312,110.17575073242188,5876200
2019-08-06,121.05999755859375,122.8499984741211,120.87000274658203,122.55000305175781,111.84588623046875,3497000
2019-08-07,120.91999816894531,123.8499984741211,120.22000122070312,123.54000091552734,112.74942016601562,3170800
2019-08-08,123.8499984741211,125.69999694824219,123.69999694824219,125.29000091552734,114.34657287597656,2976100
2019-08-09,125.58000183105469,126.73999786376953,124.72000122070312,126.16999816894531,115.14972686767578,2138300
2019-08-12,124.98999786376953,125.70999908447266,123.80000305175781,123.94999694824219,113.12361907958984,2918000
2019-08-13,123.86000061035156,126.5,122.51000213623047,126.31999969482422,115.28662109375,3175700
2019-08-14,124.3499984741211,125.33000183105469,122.12999725341797,122.6500015258789,111.93716430664062,5626300
2019-08-15,122.6500015258789,123.0,121.13999938964844,122.37999725341797,111.69073486328125,3031700
2019-08-16,123.5,124.75,122.69000244140625,124.62999725341797,113.74421691894531,2343400
2019-08-19,126.0999984741211,126.1500015258789,124.33999633789062,124.4000015258789,113.53433990478516,3286700
2019-08-20,123.62999725341797,123.77999877929688,121.33999633789062,121.41999816894531,110.81460571289062,3641600
2019-08-21,122.5,123.05999755859375,121.98999786376953,122.5,111.80024719238281,2948300
2019-08-22,123.30999755859375,123.70999908447266,121.7699966430664,122.2699966430664,111.59036254882812,2322100
2019-08-23,122.0,122.05000305175781,117.05999755859375,117.76000213623047,107.47428131103516,4800400
2019-08-26,118.33000183105469,118.94000244140625,117.37999725341797,118.52999877929688,108.17703247070312,3170600
2019-08-27,119.08999633789062,119.33999633789062,116.8499984741211,117.75,107.46517181396484,3145800
2019-08-28,117.02999877929688,119.30999755859375,116.97000122070312,119.08999633789062,108.68811798095703,2327400
2019-08-29,120.45999908447266,121.19999694824219,119.95999908447266,120.73999786376953,110.19400787353516,1901300
2019-08-30,121.47000122070312,121.66000366210938,119.81999969482422,120.37000274658203,109.85631561279297,2366200
2019-09-03,119.86000061035156,120.27999877929688,117.5199966430664,117.5999984741211,107.3282699584961,3198700
2019-09-04,118.41999816894531,118.7300033569336,117.80000305175781,118.4000015258789,108.0583724975586,3746900
2019-09-05,119.5,121.62999725341797,119.5,120.66999816894531,110.13009643554688,5261100
2019-09-06,121.13999938964844,121.19000244140625,120.0,120.19000244140625,109.6920394897461,4552400
2019-09-09,121.20999908447266,121.41000366210938,119.5199966430664,119.91999816894531,109.44561767578125,5336000
2019-09-10,119.5999984741211,119.61000061035156,116.30000305175781,117.30999755859375,107.0635757446289,6196100
2019-09-11,117.12000274658203,118.0999984741211,116.75,118.0,107.69331359863281,3674400
2019-09-12,119.0,120.43000030517578,118.77999877929688,119.0199966430664,108.62421417236328,3733500
2019-09-13,119.23999786376953,119.97000122070312,118.29000091552734,119.19999694824219,108.78852081298828,3941100
2019-09-16,118.13999938964844,118.44000244140625,116.68000030517578,117.63999938964844,107.36476135253906,4280600
2019-09-17,117.9000015258789,119.12999725341797,117.5,119.05000305175781,108.651611328125,3054700
2019-09-18,118.58999633789062,118.80000305175781,117.47000122070312,118.73999786376953,108.36868286132812,2844500
2019-09-19,118.61000061035156,119.5199966430664,117.5999984741211,117.79000091552734,107.50165557861328,1975800
2019-09-20,117.83000183105469,118.23999786376953,116.37000274658203,116.80000305175781,106.5981216430664,5301500
2019-09-23,116.36000061035156,118.41999816894531,116.0999984741211,118.23999786376953,107.91236114501953,5089400
2019-09-24,118.88999938964844,120.19999694824219,117.5199966430664,118.16999816894531,107.8484878540039,5128400
2019-09-25,117.86000061035156,119.44000244140625,117.05999755859375,119.12000274658203,108.71553039550781,2742900
2019-09-26,119.30999755859375,120.02999877929688,118.83999633789062,118.91000366210938,108.5238265991211,3411200
2019-09-27,119.12999725341797,119.62000274658203,117.9800033569336,118.58999633789062,108.23177337646484,2909200
2019-09-30,119.05000305175781,119.23999786376953,118.13999938964844,118.27999877929688,107.94884490966797,2345800
2019-10-01,118.69999694824219,119.5,116.61000061035156,116.69999694824219,106.50687408447266,2841300
2019-10-02,115.76000213623047,115.80999755859375,112.75,112.86000061035156,103.00228118896484,4908800
2019-10-03,112.19999694824219,112.95999908447266,111.05999755859375,112.55000305175781,103.11222839355469,3529300
2019-10-04,112.66000366210938,114.52999877929688,112.5999984741211,114.41000366210938,104.8162612915039,2728200
2019-10-07,113.91000366210938,114.6500015258789,113.5999984741211,113.6500015258789,104.11997985839844,2556000
2019-10-08,112.83000183105469,113.6500015258789,112.05000305175781,112.54000091552734,103.10306549072266,3757300
2019-10-09,113.25,114.7699966430664,113.2300033569336,113.91999816894531,104.3673324584961,2365600
2019-10-10,114.80999755859375,115.79000091552734,113.93000030517578,115.0199966430664,105.3750991821289,2384300
2019-10-11,116.73999786376953,117.56999969482422,116.19000244140625,116.4000015258789,106.63936614990234,2860400
2019-10-14,116.13999938964844,117.0,115.94000244140625,116.38999938964844,106.6302261352539,1864400
2019-10-15,117.02999877929688,118.19000244140625,116.7300033569336,117.58999633789062,107.72958374023438,2379700
2019-10-16,117.62999725341797,117.98999786376953,117.06999969482422,117.41000366210938,107.56468200683594,2136700
2019-10-17,118.01000213623047,119.33000183105469,117.95999908447266,119.0999984741211,109.11296081542969,3005500
2019-10-18,119.7300033569336,119.9800033569336,116.66999816894531,116.76000213623047,106.96918487548828,6188500
2019-10-21,117.55000305175781,119.37999725341797,117.48999786376953,119.05000305175781,109.06716918945312,4259500
2019-10-22,118.66999816894531,119.3499984741211,118.29000091552734,118.61000061035156,108.66405487060547,3912100
2019-10-23,118.41999816894531,119.2300033569336,115.51000213623047,116.48999786376953,106.72181701660156,3921100
2019-10-24,116.44000244140625,116.9000015258789,116.13999938964844,116.41000366210938,106.64857482910156,2551300
2019-10-25,116.36000061035156,118.51000213623047,116.2699966430664,118.26000213623047,108.3434066772461,2325000
2019-10-28,118.63999938964844,119.30000305175781,118.06999969482422,118.58000183105469,108.63655853271484,2552700
2019-10-29,118.08999633789062,118.83000183105469,117.08000183105469,117.41999816894531,107.5738525390625,2756300
2019-10-30,117.44000244140625,118.16999816894531,116.86000061035156,118.06999969482422,108.16934967041016,2264400
2019-10-31,117.79000091552734,118.20999908447266,116.88999938964844,117.27999877929688,107.4455795288086,2507400
2019-11-01,118.41000366210938,119.44999694824219,118.16999816894531,119.13999938964844,109.14962768554688,2036600
2019-11-04,119.62000274658203,120.5,119.01000213623047,119.62000274658203,109.58936309814453,1956400
2019-11-05,119.83999633789062,119.95999908447266,117.76000213623047,118.7699966430664,108.81065368652344,2630000
2019-11-06,118.88999938964844,119.72000122070312,118.88999938964844,119.69000244140625,109.65350341796875,2420700
2019-11-07,120.2699966430664,122.43000030517578,120.0999984741211,121.27999877929688,111.11016082763672,2845000
2019-11-08,121.01000213623047,121.80999755859375,120.88999938964844,121.47000122070312,111.28424072265625,1984600
2019-11-11,120.76000213623047,121.80999755859375,120.51000213623047,120.9000015258789,110.76204681396484,1704100
2019-11-12,120.87000274658203,121.2300033569336,120.41000366210938,120.88999938964844,110.75286865234375,2012400
2019-11-13,120.2699966430664,120.97000122070312,120.12999725341797,120.26000213623047,110.17569732666016,1807900
2019-11-14,120.0,120.9800033569336,119.80000305175781,120.93000030517578,110.78949737548828,1990600
2019-11-15,120.9800033569336,121.33000183105469,120.38999938964844,120.76000213623047,110.6337661743164,2341500
2019-11-18,120.55999755859375,120.8499984741211,119.4000015258789,119.66000366210938,109.62601470947266,2617900
2019-11-19,120.01000213623047,120.44999694824219,119.86000061035156,120.0,109.93750762939453,1891000
2019-11-20,119.83000183105469,120.2300033569336,118.93000030517578,119.30000305175781,109.29618835449219,2544100
2019-11-21,119.29000091552734,119.47000122070312,118.48999786376953,118.80000305175781,108.83812713623047,2783800
2019-11-22,119.20999908447266,119.29000091552734,118.41000366210938,119.05999755859375,109.07632446289062,1629700
2019-11-25,119.13999938964844,120.5999984741211,119.13999938964844,120.5999984741211,110.4871826171875,2285400
2019-11-26,120.91000366210938,121.04000091552734,119.5999984741211,119.79000091552734,109.74510955810547,4596200
2019-11-27,120.0,120.36000061035156,119.3499984741211,120.33000183105469,110.23985290527344,2629700
2019-11-29,120.06999969482422,120.88999938964844,119.77999877929688,120.12000274658203,110.04745483398438,1961500
2019-12-02,120.30999755859375,120.36000061035156,117.06999969482422,117.26000213623047,107.42724609375,5538200
2019-12-03,116.04000091552734,116.75,114.6500015258789,116.56999969482422,106.79512023925781,3792300
2019-12-04,117.30999755859375,118.54000091552734,117.0,117.94000244140625,108.05024719238281,2444100
2019-12-05,117.91000366210938,118.43000030517578,117.58999633789062,118.27999877929688,108.36174774169922,3128300
2019-12-06,120.20999908447266,121.44000244140625,119.91000366210938,120.61000061035156,110.4963607788086,3287600
2019-12-09,120.44000244140625,121.52999877929688,120.11000061035156,120.45999908447266,110.35894012451172,2885200
2019-12-10,120.44999694824219,121.47000122070312,120.02999877929688,120.9000015258789,110.76204681396484,2518200
2019-12-11,120.87999725341797,121.37999725341797,120.0999984741211,120.63999938964844,110.52384185791016,2015300
2019-12-12,120.5999984741211,123.06999969482422,120.05000305175781,122.63999938964844,112.35613250732422,2933800
2019-12-13,122.47000122070312,124.98999786376953,122.08000183105469,124.72000122070312,114.26170349121094,3919000
2019-12-16,125.6500015258789,126.33000183105469,123.33999633789062,123.68000030517578,113.30891418457031,3416100
2019-12-17,123.98999786376953,125.4000015258789,123.25,124.94999694824219,114.4723892211914,4325200
2019-12-18,125.02999877929688,125.06999969482422,124.08000183105469,124.26000213623047,113.84028625488281,3154200
2019-12-19,124.18000030517578,124.9000015258789,123.87999725341797,124.83000183105469,114.36248779296875,2543600
2019-12-20,125.86000061035156,126.27999877929688,124.83000183105469,125.7699966430664,115.22367095947266,5828700
2019-12-23,125.73999786376953,125.73999786376953,123.69999694824219,124.48999786376953,114.05098724365234,3031400
2019-12-24,124.94999694824219,125.33000183105469,124.37999725341797,124.73999786376953,114.28002166748047,953500
2019-12-26,124.9800033569336,125.44000244140625,124.52999877929688,125.41000366210938,114.89382934570312,1486600
2019-12-27,125.83999633789062,125.97000122070312,125.11000061035156,125.19000244140625,114.69230651855469,1788600
2019-12-30,125.19999694824219,125.45999908447266,124.18000030517578,124.30000305175781,113.87691497802734,2306500
2019-12-31,124.29000091552734,124.56999969482422,123.77999877929688,124.48999786376953,114.05098724365234,2340400
2020-01-02,124.66000366210938,126.2699966430664,124.2300033569336,125.8499984741211,115.69659423828125,2708000
2020-01-03,124.31999969482422,125.0999984741211,123.94000244140625,124.5999984741211,114.54742431640625,2090600
2020-01-06,123.37000274658203,124.16000366210938,123.12000274658203,124.05999755859375,114.05098724365234,2855200
2020-01-07,123.47000122070312,124.4000015258789,123.36000061035156,123.41000366210938,113.45345306396484,2042300
2020-01-08,124.05000305175781,126.36000061035156,123.80000305175781,125.54000091552734,115.4115982055664,3458200
2020-01-09,126.48999786376953,127.87999725341797,126.38999938964844,127.80999755859375,117.49844360351562,2787100
2020-01-10,127.58000183105469,128.1699981689453,126.91999816894531,127.27999877929688,117.01118469238281,2789200
2020-01-13,127.83999633789062,128.9499969482422,127.62999725341797,128.5399932861328,118.16954040527344,3285700
2020-01-14,128.6199951171875,130.08999633789062,128.33999633789062,128.8000030517578,118.40859985351562,3836000
2020-01-15,128.69000244140625,129.83999633789062,128.4499969482422,129.82000732421875,119.3462905883789,3187200
2020-01-16,130.5,130.92999267578125,129.7100067138672,130.5500030517578,120.01739501953125,2424500
2020-01-17,131.4499969482422,131.86000061035156,130.7899932861328,131.52000427246094,120.90912628173828,3659400
2020-01-21,131.11000061035156,131.82000732421875,130.38999938964844,130.52999877929688,119.99901580810547,3102700
2020-01-22,130.92999267578125,132.27000427246094,130.92999267578125,131.49000549316406,120.88156127929688,2483800
2020-01-23,131.25999450683594,131.57000732421875,130.13999938964844,131.3699951171875,120.77123260498047,3841000
2020-01-24,136.36000061035156,138.1300048828125,133.85000610351562,135.11000061035156,124.20952606201172,8612500
2020-01-27,131.14999389648438,131.97999572753906,128.8699951171875,130.63999938964844,120.10011291503906,6432400
2020-01-28,132.0,133.8699951171875,131.13999938964844,132.4499969482422,121.76408386230469,3712700
2020-01-29,132.47999572753906,133.1300048828125,131.44000244140625,131.67999267578125,121.05622100830078,2518400
2020-01-30,130.75,133.3300018310547,130.44000244140625,133.22000122070312,122.47198486328125,2428500
2020-01-31,132.1699981689453,132.25,129.3800048828125,129.8699951171875,119.3922348022461,3522600
2020-02-03,130.5500030517578,132.22000122070312,130.4499969482422,131.0,120.43110656738281,2721900
2020-02-04,132.8800048828125,133.33999633789062,131.72000122070312,131.85000610351562,121.2125244140625,2547500
2020-02-05,133.42999267578125,133.8000030517578,131.2899932861328,133.60000610351562,122.82133483886719,4084500
2020-02-06,134.16000366210938,134.35000610351562,133.11000061035156,133.25,122.49955749511719,1708600
2020-02-07,132.57000732421875,132.75,131.33999633789062,131.82000732421875,121.1849136352539,2885600
2020-02-10,131.61000061035156,132.5,131.35000610351562,132.24000549316406,121.57107543945312,1816500
2020-02-11,133.02999877929688,133.64999389648438,132.32000732421875,132.6300048828125,121.92960357666016,1733300
2020-02-12,133.38999938964844,133.72000122070312,132.52999877929688,133.24000549316406,122.49034118652344,1715400
2020-02-13,133.14999389648438,134.6699981689453,133.05999755859375,134.4600067138672,123.61196899414062,3178300
2020-02-14,134.7100067138672,136.3699951171875,134.52999877929688,135.8699951171875,124.9082260131836,2360300
2020-02-18,135.8699951171875,136.75,134.94000244140625,135.60000610351562,124.65997314453125,2428200
2020-02-19,136.3000030517578,137.4199981689453,136.1199951171875,136.92999267578125,125.88265991210938,1785000
2020-02-20,136.41000366210938,138.0399932861328,134.89999389648438,136.5800018310547,125.56087493896484,2541700
2020-02-21,136.1999969482422,136.27000427246094,133.88999938964844,134.89999389648438,124.01641082763672,3106100
2020-02-24,129.42999267578125,130.9600067138672,127.2300033569336,128.19000244140625,117.84778594970703,6329300
2020-02-25,127.70999908447266,127.98999786376953,119.91000366210938,120.9000015258789,111.14595794677734,7628100
2020-02-26,121.2699966430664,122.43000030517578,118.47000122070312,118.5,108.93956756591797,5268000
2020-02-27,115.9000015258789,117.4800033569336,112.77999877929688,112.80999755859375,103.70862579345703,8279800
2020-02-28,109.05000305175781,111.02999877929688,107.0,109.93000030517578,101.06097412109375,11362100
2020-03-02,111.11000061035156,113.98999786376953,108.58999633789062,113.87000274658203,104.68310546875,9851600
2020-03-03,115.0199966430664,116.4000015258789,107.0,108.01000213623047,99.2958984375,9285000
2020-03-04,110.25,115.79000091552734,109.25,115.69999694824219,106.3654556274414,7470900
2020-03-05,111.62000274658203,112.58999633789062,109.69999694824219,110.94000244140625,101.98950958251953,12060600
2020-03-06,105.7300033569336,108.7699966430664,103.79000091552734,108.23999786376953,99.5073471069336,9897700
2020-03-09,100.87000274658203,101.44000244140625,96.94000244140625,98.29000091552734,90.36009216308594,12266300
2020-03-10,101.93000030517578,103.37000274658203,97.44999694824219,103.30000305175781,94.96586608886719,9793200
2020-03-11,100.30000305175781,100.95999908447266,93.87000274658203,95.37999725341797,87.68486785888672,8822900
2020-03-12,87.66000366210938,89.61000061035156,81.80999755859375,83.52999877929688,76.79092407226562,12206600
2020-03-13,90.37999725341797,100.08000183105469,84.30000305175781,99.5999984741211,91.56438446044922,12680400
2020-03-16,82.44000244140625,93.18000030517578,80.37000274658203,85.87000274658203,78.94210052490234,15072400
2020-03-17,87.61000061035156,88.94000244140625,83.22000122070312,86.58000183105469,79.59483337402344,10512200
2020-03-18,80.0199966430664,81.5199966430664,67.0,73.75,67.79993438720703,14359300
2020-03-19,72.54000091552734,77.88999938964844,69.79000091552734,77.06999969482422,70.8520736694336,12330400
2020-03-20,78.9800033569336,82.44000244140625,72.55999755859375,74.12000274658203,68.14010620117188,12208600
2020-03-23,72.81999969482422,75.41999816894531,68.12000274658203,68.95999908447266,63.396400451660156,8907600
2020-03-24,73.51000213623047,84.7699966430664,71.69999694824219,84.05000305175781,77.26896667480469,10593900
2020-03-25,87.61000061035156,96.45999908447266,85.31999969482422,90.16999816894531,82.89520263671875,11046500
2020-03-26,92.23999786376953,99.69000244140625,90.83999633789062,93.29000091552734,85.76348114013672,9459400
2020-03-27,87.94000244140625,91.97000122070312,85.81999969482422,88.7300033569336,81.57138061523438,6999800
2020-03-30,88.51000213623047,91.38999938964844,85.2699966430664,90.2699966430664,82.98712921142578,5565000
2020-03-31,89.94000244140625,90.9000015258789,85.06999969482422,85.61000061035156,78.70309448242188,6075900
2020-04-01,80.6500015258789,81.30999755859375,77.0,77.83999633789062,71.55995178222656,8313400
2020-04-02,77.05999755859375,79.12000274658203,75.83000183105469,76.66000366210938,70.86663055419922,8338100
2020-04-03,76.0,76.66000366210938,72.61000061035156,73.5999984741211,68.03789520263672,10023100
2020-04-06,80.22000122070312,84.25,78.73999786376953,83.87000274658203,77.53176879882812,11253000
2020-04-07,91.43000030517578,93.30000305175781,87.41999816894531,87.58000183105469,80.96138000488281,8693200
2020-04-08,89.20999908447266,93.0,88.12000274658203,92.08000183105469,85.12134552001953,6122800
2020-04-09,94.58999633789062,97.8499984741211,93.45999908447266,94.81999969482422,87.65425872802734,6902500
2020-04-13,93.29000091552734,93.41999816894531,87.94000244140625,90.33000183105469,83.5035629272461,5037700
2020-04-14,91.45999908447266,92.5,85.91000366210938,88.38999938964844,81.71018981933594,8703200
2020-04-15,83.43000030517578,85.4000015258789,80.68000030517578,83.79000091552734,77.45781707763672,10415600
2020-04-16,83.79000091552734,83.94000244140625,80.33000183105469,81.3499984741211,75.20222473144531,7526600
2020-04-17,85.31999969482422,87.38999938964844,84.27999877929688,87.38999938964844,80.78577423095703,8269000
2020-04-20,84.58999633789062,85.2699966430664,82.69000244140625,84.01000213623047,77.66120910644531,6140400
2020-04-21,80.7300033569336,82.45999908447266,79.47000122070312,81.5199966430664,75.35938262939453,7360300
2020-04-22,83.5999984741211,83.66000366210938,81.97000122070312,82.54000091552734,76.30229187011719,5130300
2020-04-23,83.23999786376953,84.77999877929688,81.70999908447266,82.45999908447266,76.22833251953125,5807200
2020-04-24,84.12999725341797,84.77999877929688,81.30999755859375,83.16999816894531,76.88468170166016,9125400
2020-04-27,83.47000122070312,85.1500015258789,82.33999633789062,85.05999755859375,78.63182830810547,7785000
2020-04-28,87.55999755859375,88.95999908447266,86.20999908447266,88.19000244140625,81.52531433105469,7165900
2020-04-29,91.75,96.38999938964844,90.88999938964844,96.12000274658203,88.85602569580078,9396500
2020-04-30,93.75,94.30999755859375,91.16999816894531,91.25,84.35404968261719,6553700
2020-05-01,88.0999984741211,89.06999969482422,87.16000366210938,88.31999969482422,81.64545440673828,4620200
2020-05-04,86.08999633789062,87.37000274658203,85.0199966430664,86.37999725341797,79.85210418701172,4875400
2020-05-05,88.0,88.7300033569336,86.36000061035156,86.73999786376953,80.18488311767578,4410300
2020-05-06,87.48999786376953,87.76000213623047,83.86000061035156,84.0,77.65194702148438,4723400
2020-05-07,85.30000305175781,87.37000274658203,84.93000030517578,86.7300033569336,80.17562103271484,4627600
2020-05-08,88.5,89.66000366210938,87.55000305175781,89.5,82.73627471923828,3913100
2020-05-11,87.5,87.6500015258789,85.30000305175781,85.33000183105469,78.88143920898438,5917600
2020-05-12,86.0999984741211,87.26000213623047,83.0999984741211,83.13999938964844,76.85692596435547,5504900
2020-05-13,82.0,82.12999725341797,77.4000015258789,78.02999877929688,72.13310241699219,10681600
2020-05-14,76.91999816894531,83.9000015258789,76.0,83.80999755859375,77.47630310058594,10625100
2020-05-15,82.47000122070312,83.38999938964844,81.22000122070312,82.22000122070312,76.0064697265625,6618600
2020-05-18,86.72000122070312,89.0,85.91999816894531,88.41000366210938,81.7286605834961,7781700
2020-05-19,88.41999816894531,89.83999633789062,86.61000061035156,87.26000213623047,80.66558837890625,4920600
2020-05-20,89.18000030517578,91.33999633789062,88.7699966430664,90.7300033569336,83.87335205078125,5218500
2020-05-21,90.11000061035156,91.43000030517578,89.12000274658203,89.83000183105469,83.04136657714844,6241900
2020-05-22,89.70999908447266,89.94999694824219,88.20999908447266,89.33000183105469,82.57913970947266,3734500
2020-05-26,93.94000244140625,95.56999969482422,92.88999938964844,94.31999969482422,87.1920394897461,6559400
2020-05-27,100.0,101.69000244140625,96.80000305175781,101.2300033569336,93.57984924316406,11007700
2020-05-28,101.54000091552734,102.45999908447266,98.01000213623047,98.05999755859375,90.64939880371094,9268200
2020-05-29,95.5,97.11000061035156,94.66000366210938,95.06999969482422,87.88536834716797,7710900
2020-06-01,95.55999755859375,98.06999969482422,94.55999755859375,96.75,89.43839263916016,4269500
2020-06-02,98.5999984741211,100.48999786376953,98.16999816894531,99.06999969482422,91.58306884765625,5433800
2020-06-03,102.77999877929688,105.87000274658203,101.62999725341797,105.4000015258789,97.4347152709961,7301000
2020-06-04,103.47000122070312,107.43000030517578,103.2300033569336,106.54000091552734,98.48856353759766,5841600
2020-06-05,114.11000061035156,115.93000030517578,108.06999969482422,109.7300033569336,101.43749237060547,10097600
2020-06-08,111.91000366210938,113.70999908447266,110.63999938964844,113.66999816894531,105.0797348022461,6795200
2020-06-09,110.08000183105469,111.80000305175781,108.66999816894531,110.45999908447266,102.11233520507812,5517400
2020-06-10,110.0,110.33000183105469,105.95999908447266,106.16000366210938,98.13727569580078,5747400
2020-06-11,100.87000274658203,102.98999786376953,98.12999725341797,98.5999984741211,91.14859771728516,8601200
2020-06-12,103.20999908447266,103.5,98.08000183105469,101.68000030517578,93.99583435058594,7251100
2020-06-15,100.0,104.73999786376953,97.62000274658203,103.94999694824219,96.09428405761719,6472400
2020-06-16,109.0199966430664,109.05999755859375,102.86000061035156,105.62000274658203,97.63807678222656,6706000
2020-06-17,105.66999816894531,106.12000274658203,103.83000183105469,103.95999908447266,96.1035385131836,4408200
2020-06-18,102.13999938964844,103.48999786376953,101.2699966430664,102.16000366210938,94.4395523071289,3645700
2020-06-19,104.2300033569336,104.2300033569336,99.31999969482422,100.94000244140625,93.31175231933594,7589500
2020-06-22,98.0,100.5,97.94999694824219,99.44000244140625,91.92510986328125,4799900
2020-06-23,100.94000244140625,101.6500015258789,99.25,99.41999816894531,91.90662384033203,4364800
2020-06-24,97.6500015258789,98.2699966430664,95.0,95.4800033569336,88.26438903808594,5958300
2020-06-25,94.61000061035156,98.12000274658203,93.76000213623047,97.8499984741211,90.45525360107422,5195400
2020-06-26,95.93000030517578,96.30000305175781,92.44999694824219,93.41999816894531,86.36005401611328,10489400
2020-06-29,94.44000244140625,95.41000366210938,93.33999633789062,94.5199966430664,87.37690734863281,4962400
2020-06-30,94.16000366210938,95.5999984741211,93.56999969482422,95.19999694824219,88.00554656982422,4367100
2020-07-01,95.25,96.95999908447266,93.63999938964844,94.05000305175781,87.33692169189453,3301000
2020-07-02,96.7699966430664,97.29000091552734,93.8499984741211,94.33000183105469,87.59693908691406,4239700
2020-07-06,96.51000213623047,97.9000015258789,95.83999633789062,96.58000183105469,89.68634796142578,4059600
2020-07-07,95.44000244140625,95.5199966430664,92.62999725341797,93.01000213623047,86.37115478515625,5564200
2020-07-08,91.97000122070312,93.0999984741211,90.70999908447266,92.9000015258789,86.26901245117188,6382100
2020-07-09,92.51000213623047,93.20999908447266,89.58000183105469,90.56999969482422,84.1053237915039,4484500
2020-07-10,90.31999969482422,93.30999755859375,89.81999969482422,93.2300033569336,86.57544708251953,4400900
2020-07-13,94.23999786376953,95.76000213623047,92.77999877929688,93.55999755859375,86.88189697265625,4819700
2020-07-14,93.19000244140625,95.22000122070312,92.29000091552734,94.83999633789062,88.0705337524414,4044400
2020-07-15,96.66000366210938,97.77999877929688,96.38999938964844,97.36000061035156,90.41068267822266,5405600
2020-07-16,96.5,97.79000091552734,95.66999816894531,96.31999969482422,89.44490051269531,2666000
2020-07-17,96.3499984741211,96.52999877929688,95.01000213623047,95.18000030517578,88.38626098632812,2861600
2020-07-20,94.80000305175781,95.36000061035156,93.58000183105469,94.0,87.2905044555664,3560100
2020-07-21,95.25,97.45999908447266,94.7300033569336,96.33000183105469,89.45418548583984,4227100
2020-07-22,95.80999755859375,97.41000366210938,95.37999725341797,96.54000091552734,89.64920806884766,4360300
2020-07-23,95.51000213623047,97.77999877929688,95.51000213623047,96.66999816894531,89.76991271972656,4239800
2020-07-24,95.30000305175781,97.1500015258789,93.30000305175781,95.33000183105469,88.52557373046875,4790300
2020-07-27,94.63999938964844,95.9800033569336,93.63999938964844,95.79000091552734,88.95271301269531,3501800
2020-07-28,95.76000213623047,96.29000091552734,94.18000030517578,94.41999816894531,87.68051147460938,3567400
2020-07-29,94.70999908447266,96.75,94.44000244140625,96.69000244140625,89.78849792480469,2791700
2020-07-30,94.68000030517578,94.77999877929688,92.5,94.6500015258789,87.89409637451172,3856300
2020-07-31,94.30999755859375,94.44999694824219,92.2300033569336,93.31999969482422,86.65902709960938,4088200
2020-08-03,93.30999755859375,94.4000015258789,92.44000244140625,93.54000091552734,86.86332702636719,2869000
2020-08-04,93.48999786376953,93.80000305175781,92.48999786376953,93.19000244140625,86.53832244873047,2415100
2020-08-05,93.81999969482422,95.58000183105469,93.80999755859375,95.38999938964844,88.5812759399414,2844900
2020-08-06,95.18000030517578,96.2699966430664,94.4800033569336,95.91999816894531,89.0734634399414,2698800
2020-08-07,95.29000091552734,99.30000305175781,94.94999694824219,99.16000366210938,92.08219909667969,4690700
2020-08-10,99.48999786376953,102.6500015258789,99.26000213623047,101.62000274658203,94.3666000366211,5254800
2020-08-11,103.98999786376953,105.69999694824219,102.95999908447266,103.26000213623047,95.88954162597656,4744000
2020-08-12,104.76000213623047,104.80000305175781,100.68000030517578,101.68000030517578,94.42230987548828,3407800
2020-08-13,100.52999877929688,101.83000183105469,99.5,100.41999816894531,93.25225067138672,3265400
2020-08-14,99.66000366210938,101.29000091552734,99.2699966430664,100.41000366210938,93.24295043945312,1956500
2020-08-17,99.91999816894531,100.0,97.44000244140625,97.55000305175781,90.58710479736328,7488500
2020-08-18,98.19000244140625,98.83000183105469,96.47000122070312,96.66999816894531,89.76991271972656,3337300
2020-08-19,96.81999969482422,97.91000366210938,95.88999938964844,96.88999938964844,89.97421264648438,3079600
2020-08-20,95.73999786376953,97.58000183105469,95.68000030517578,96.72000122070312,89.81634521484375,3102500
2020-08-21,96.48999786376953,97.6500015258789,95.95999908447266,96.1500015258789,89.28704071044922,2845100
2020-08-24,96.68000030517578,99.37000274658203,96.38999938964844,99.33000183105469,92.24003601074219,4141100
2020-08-25,100.62000274658203,100.79000091552734,98.02999877929688,99.05000305175781,91.98004913330078,2946600
2020-08-26,98.55999755859375,99.13999938964844,97.80999755859375,98.4000015258789,91.37642669677734,2936500
2020-08-27,98.76000213623047,102.13999938964844,98.52999877929688,101.52999877929688,94.28302764892578,3992100
2020-08-28,102.1500015258789,102.9000015258789,100.73999786376953,102.54000091552734,95.22093200683594,4382900
2020-08-31,102.9000015258789,102.9000015258789,101.36000061035156,101.58999633789062,94.3387222290039,4665800
2020-09-01,100.54000091552734,102.77999877929688,100.16000366210938,102.47000122070312,95.1559066772461,3142500
2020-09-02,102.58000183105469,104.87000274658203,102.29000091552734,104.4000015258789,96.94817352294922,3536900
2020-09-03,104.97000122070312,109.02999877929688,103.8499984741211,104.45999908447266,97.0038833618164,6747900
2020-09-04,106.3499984741211,108.27999877929688,104.4800033569336,105.66999816894531,98.12753295898438,5235100
2020-09-08,104.41999816894531,105.08000183105469,103.30000305175781,103.66999816894531,96.2702865600586,4517000
2020-09-09,104.56999969482422,104.70999908447266,102.69000244140625,103.77999877929688,96.37242126464844,2474700
2020-09-10,104.19000244140625,105.11000061035156,102.30999755859375,102.7699966430664,95.43450164794922,3288900
2020-09-11,102.91000366210938,103.8499984741211,102.01000213623047,103.36000061035156,95.9823989868164,2604400
2020-09-14,104.6500015258789,107.69000244140625,104.22000122070312,107.2699966430664,99.61329650878906,3620100
2020-09-15,107.83999633789062,108.12000274658203,106.23999786376953,106.68000030517578,99.06543731689453,3371500
2020-09-16,106.7300033569336,107.48999786376953,104.69000244140625,105.9800033569336,98.41539001464844,5798900
2020-09-17,104.2699966430664,105.3499984741211,103.31999969482422,104.66000366210938,97.18962860107422,3215300
2020-09-18,104.45999908447266,106.12000274658203,103.30999755859375,103.44000244140625,96.05670928955078,6630300
2020-09-21,100.5999984741211,100.62999725341797,96.22000122070312,98.16999816894531,91.1628646850586,8339900
2020-09-22,98.01000213623047,99.77999877929688,96.41000366210938,98.4800033569336,91.45073699951172,4884400
2020-09-23,95.76000213623047,97.0999984741211,95.08999633789062,95.55999755859375,88.73914337158203,9427200
2020-09-24,95.33999633789062,96.9000015258789,93.70999908447266,95.44999694824219,88.63701629638672,4249000
2020-09-25,94.68000030517578,96.8499984741211,94.45999908447266,96.26000213623047,89.38917541503906,2775600
2020-09-28,99.0,99.7300033569336,98.62999725341797,98.81999969482422,91.76644897460938,3930900
2020-09-29,98.73999786376953,99.3499984741211,97.2300033569336,97.75,90.77283477783203,3200400
2020-09-30,98.2300033569336,101.5199966430664,98.2300033569336,100.25,93.0943832397461,5060900
2020-10-01,100.33000183105469,101.4800033569336,99.37000274658203,101.33000183105469,94.09729766845703,4179300
2020-10-02,99.77999877929688,103.13999938964844,98.62999725341797,101.61000061035156,94.35730743408203,3783300
2020-10-05,103.33000183105469,104.08000183105469,102.2699966430664,103.88999938964844,96.47457885742188,2863200
2020-10-06,105.01000213623047,105.29000091552734,101.31999969482422,101.76000213623047,94.49659729003906,3309200
2020-10-07,102.80999755859375,104.1500015258789,102.38999938964844,103.37999725341797,96.0009765625,3048400
2020-10-08,104.33000183105469,106.13999938964844,104.05999755859375,106.05999755859375,98.90103912353516,2922600
2020-10-09,105.98999786376953,107.20999908447266,105.23999786376953,106.33999633789062,99.16215515136719,3511300
2020-10-12,106.45999908447266,107.01000213623047,106.0,106.61000061035156,99.41392517089844,2626700
2020-10-13,105.88999938964844,106.58999633789062,104.76000213623047,105.01000213623047,97.92191314697266,2602600
2020-10-14,105.37999725341797,106.2699966430664,104.76000213623047,104.80999755859375,97.73542022705078,2826300
2020-10-15,103.44000244140625,104.88999938964844,103.0199966430664,104.43000030517578,97.38107299804688,2699300
2020-10-16,104.6500015258789,105.68000030517578,104.19999694824219,104.91000366210938,97.82865142822266,2394300
2020-10-19,105.12999725341797,105.22000122070312,102.25,102.47000122070312,95.55335998535156,3196500
2020-10-20,102.94000244140625,104.61000061035156,102.83000183105469,103.13999938964844,96.17814636230469,2954700
2020-10-21,103.16999816894531,103.38999938964844,101.36000061035156,101.43000030517578,94.58357238769531,2588400
2020-10-22,101.69999694824219,104.86000061035156,101.56999969482422,104.79000091552734,97.71680450439453,3748800
2020-10-23,100.62999725341797,103.63999938964844,100.0,100.9800033569336,94.16392517089844,8921200
2020-10-26,99.7699966430664,100.0999984741211,95.77999877929688,96.87999725341797,90.34068298339844,5731500
2020-10-27,97.62000274658203,97.69999694824219,94.9000015258789,94.93000030517578,88.5223159790039,3780300
2020-10-28,91.95999908447266,93.56999969482422,91.0,91.5999984741211,85.41709899902344,7037800
2020-10-29,91.41000366210938,92.2300033569336,90.12999725341797,91.06999969482422,84.9228515625,5419500
2020-10-30,90.80000305175781,91.31999969482422,89.11000061035156,91.23999786376953,85.08138275146484,4736300
2020-11-02,92.95999908447266,94.12999725341797,92.2699966430664,93.4000015258789,87.09559631347656,3572900
2020-11-03,94.75,96.8499984741211,94.4000015258789,96.29000091552734,89.79051971435547,4004300
2020-11-04,94.0,97.81999969482422,92.86000061035156,96.4000015258789,89.8930892944336,4545500
2020-11-05,97.20999908447266,98.31999969482422,96.83999633789062,98.11000061035156,91.4876708984375,4197300
2020-11-06,98.5199966430664,98.63999938964844,96.2699966430664,96.69000244140625,90.16352081298828,3126300
2020-11-09,110.54000091552734,119.80999755859375,110.19000244140625,117.37000274658203,109.4476318359375,17261700
2020-11-10,118.58999633789062,119.88999938964844,115.12000274658203,115.94999694824219,108.12348175048828,7056800
2020-11-11,115.93000030517578,116.0,110.30000305175781,111.12000274658203,103.6195297241211,5642700
2020-11-12,109.81999969482422,112.12000274658203,109.55000305175781,111.0999984741211,103.60086822509766,4941200
2020-11-13,112.33999633789062,115.63999938964844,112.20999908447266,114.98999786376953,107.228271484375,4811500
2020-11-16,119.0999984741211,120.38999938964844,116.75,118.66999816894531,110.6598892211914,5339100
2020-11-17,116.97000122070312,117.79000091552734,114.13999938964844,116.4800033569336,108.61771392822266,4023200
2020-11-18,116.94000244140625,118.76000213623047,114.19000244140625,114.23999786376953,106.5289077758789,3264300
2020-11-19,113.77999877929688,114.80000305175781,112.52999877929688,114.13999938964844,106.43568420410156,3249800
2020-11-20,113.73999786376953,114.54000091552734,111.9000015258789,112.58000183105469,104.98095703125,3702300
2020-11-23,114.23999786376953,116.77999877929688,113.72000122070312,116.08999633789062,108.25403594970703,3022900
2020-11-24,119.0,120.83999633789062,117.88999938964844,120.38999938964844,112.26377868652344,6163400
2020-11-25,119.5,120.9800033569336,118.25,120.58000183105469,112.44099426269531,4646600
2020-11-27,120.52999877929688,121.69000244140625,119.79000091552734,120.58999633789062,112.45028686523438,2447700
2020-11-30,120.02999877929688,121.4800033569336,118.0,118.58999633789062,110.5853042602539,3517700
2020-12-01,120.31999969482422,122.56999969482422,119.8499984741211,119.93000030517578,111.83484649658203,3583400
2020-12-02,119.27999877929688,122.8499984741211,118.9000015258789,122.33000183105469,114.07286071777344,3271900
2020-12-03,122.8499984741211,123.94999694824219,122.12000274658203,123.12000274658203,114.80952453613281,4285100
2020-12-04,124.3499984741211,125.31999969482422,123.8499984741211,125.04000091552734,116.59992218017578,5048600
2020-12-07,124.51000213623047,124.87000274658203,122.62999725341797,123.94000244140625,115.57417297363281,4253700
2020-12-08,122.47000122070312,124.55000305175781,122.0199966430664,123.5199966430664,115.18253326416016,3623000
2020-12-09,123.27999877929688,123.95999908447266,121.01000213623047,121.69000244140625,113.4760513305664,3622800
2020-12-10,120.72000122070312,122.12999725341797,119.69999694824219,121.83999633789062,113.61592102050781,2818800
2020-12-11,120.11000061035156,120.5,118.83999633789062,120.2300033569336,112.11458587646484,2942800
2020-12-14,121.7300033569336,121.79000091552734,116.6500015258789,117.36000061035156,109.43830871582031,5336300
2020-12-15,118.79000091552734,119.30999755859375,115.55999755859375,119.0999984741211,111.06085205078125,4528900
2020-12-16,118.93000030517578,119.58999633789062,118.27999877929688,119.0,110.96759033203125,2943700
2020-12-17,119.41000366210938,119.66999816894531,118.45999908447266,118.9800033569336,110.94896697998047,3746700
2020-12-18,118.58999633789062,119.36000061035156,116.6500015258789,117.51000213623047,109.57818603515625,8394100
2020-12-21,115.7699966430664,118.0,113.72000122070312,116.41000366210938,108.5524673461914,4528300
2020-12-22,116.19000244140625,116.26000213623047,114.37999725341797,114.55000305175781,106.8179931640625,3632300
2020-12-23,115.77999877929688,118.19000244140625,115.77999877929688,116.94999694824219,109.05598449707031,2725200
2020-12-24,116.93000030517578,117.44000244140625,115.81999969482422,117.3499984741211,109.42898559570312,707000
2020-12-28,118.05000305175781,119.3499984741211,117.5999984741211,118.36000061035156,110.37081146240234,1878700
2020-12-29,119.23999786376953,119.3499984741211,118.0,118.13999938964844,110.1656494140625,1860400
2020-12-30,118.25,119.94999694824219,118.1500015258789,119.43000030517578,111.36859130859375,1954200
2020-12-31,119.70999908447266,121.05999755859375,119.16000366210938,120.91000366210938,112.7486801147461,1747800
2021-01-04,121.30000305175781,121.80000305175781,116.8499984741211,118.04000091552734,110.0724105834961,3472100
2021-01-05,118.26000213623047,119.27999877929688,117.0999984741211,118.66999816894531,110.6598892211914,2112700
2021-01-06,121.0,124.7300033569336,120.80999755859375,123.05999755859375,114.75357055664062,5861500
2021-01-07,124.0999984741211,125.69000244140625,117.3499984741211,121.66000366210938,113.84587860107422,8696600
2021-01-08,122.06999969482422,122.19999694824219,119.5199966430664,121.77999877929688,113.95816040039062,2934500
2021-01-11,120.41999816894531,121.41000366210938,119.38999938964844,121.05999755859375,113.28438568115234,3311000
2021-01-12,122.0,122.31999969482422,120.72000122070312,121.62000274658203,113.80844116210938,2671300
2021-01-13,121.5999984741211,123.88999938964844,121.16000366210938,122.4000015258789,114.53833770751953,3678300
2021-01-14,122.6500015258789,124.5,122.08999633789062,123.77999877929688,115.82970428466797,3404700
2021-01-15,122.4800033569336,122.86000061035156,121.70999908447266,122.1500015258789,114.30439758300781,3948200
2021-01-19,125.48999786376953,128.05999755859375,124.23999786376953,126.75,118.60894775390625,5818500
2021-01-20,127.19000244140625,129.5399932861328,127.06999969482422,128.94000244140625,120.65828704833984,4090200
2021-01-21,128.2899932861328,128.88999938964844,126.0999984741211,127.43000030517578,119.24526977539062,3654900
2021-01-22,125.73999786376953,127.05999755859375,124.87999725341797,126.13999938964844,118.03812408447266,2954800
2021-01-25,124.23999786376953,125.0,120.31999969482422,121.1500015258789,113.36861419677734,6156700
2021-01-26,118.75,120.29000091552734,115.72000122070312,116.1500015258789,108.68976593017578,8932500
2021-01-27,114.86000061035156,116.80000305175781,112.0999984741211,114.08999633789062,106.76206970214844,5816900
2021-01-28,117.43000030517578,120.37999725341797,116.5999984741211,118.97000122070312,111.32865905761719,5788500
2021-01-29,117.73999786376953,118.38999938964844,115.80999755859375,116.26000213623047,108.79270935058594,5059300
2021-02-01,117.69999694824219,119.29000091552734,117.0,117.02999877929688,109.51325225830078,3359800
2021-02-02,118.29000091552734,122.41999816894531,118.27999877929688,120.69999694824219,112.94751739501953,4036700
2021-02-03,120.08000183105469,120.9800033569336,119.55999755859375,120.44000244140625,112.7042236328125,2782500
2021-02-04,120.98999786376953,125.41000366210938,120.80000305175781,124.9000015258789,116.87775421142578,3915900
2021-02-05,126.62000274658203,127.33999633789062,125.62999725341797,126.27999877929688,118.16913604736328,3184200
2021-02-08,126.87000274658203,128.39999389648438,126.75,127.98999786376953,119.76929473876953,3360900
2021-02-09,127.6500015258789,127.66000366210938,126.19999694824219,126.68000030517578,118.5434341430664,2175000
2021-02-10,127.62999725341797,128.6999969482422,126.83999633789062,128.22999572753906,119.9938735961914,2929100
2021-02-11,127.44999694824219,129.1199951171875,126.9800033569336,128.30999755859375,120.06875610351562,3733000
2021-02-12,128.19000244140625,130.4600067138672,128.0,129.6199951171875,121.29459381103516,2873300
2021-02-16,128.91000366210938,130.91000366210938,128.25,130.67999267578125,122.28650665283203,2730600
2021-02-17,130.0800018310547,131.16000366210938,128.44000244140625,128.55999755859375,120.30267333984375,3088800
2021-02-18,127.48999786376953,128.8300018310547,126.08000183105469,128.49000549316406,120.23719024658203,2269700
2021-02-19,129.49000549316406,133.36000061035156,129.49000549316406,131.7100067138672,123.25038146972656,3419500
2021-02-22,131.50999450683594,136.47000122070312,131.3699951171875,135.9499969482422,127.21804809570312,3923100
2021-02-23,136.47000122070312,138.30999755859375,134.27999877929688,136.94000244140625,128.1444091796875,4814400
2021-02-24,137.1999969482422,140.9499969482422,136.80999755859375,139.88999938964844,130.90496826171875,4099500
2021-02-25,140.6199951171875,140.63999938964844,136.3699951171875,137.0800018310547,128.27548217773438,3607500
2021-02-26,137.10000610351562,138.25,133.7899932861328,135.25999450683594,126.57232666015625,3654800
2021-03-01,138.17999267578125,139.77000427246094,138.1199951171875,138.7100067138672,129.80078125,2972100
2021-03-02,138.24000549316406,140.19000244140625,138.0800018310547,139.25,130.30609130859375,2929100
2021-03-03,140.0,144.25,140.0,142.58999633789062,133.4315185546875,4393700
2021-03-04,142.14999389648438,144.11000061035156,139.9499969482422,142.67999267578125,133.51576232910156,4461700
2021-03-05,144.66000366210938,147.9600067138672,142.0800018310547,147.3300018310547,137.8671112060547,5048300
2021-03-08,147.27999877929688,151.4600067138672,146.72000122070312,150.27000427246094,140.61827087402344,4283400
2021-03-09,148.5800018310547,149.0800018310547,144.11000061035156,145.10000610351562,135.78030395507812,5806100
2021-03-10,145.6999969482422,148.2899932861328,145.44000244140625,146.75,137.32437133789062,3049800
2021-03-11,146.0,147.82000732421875,145.1300048828125,147.75,138.26011657714844,3147700
2021-03-12,149.10000610351562,150.63999938964844,148.02000427246094,148.5399932861328,138.9993896484375,2420100
2021-03-15,148.0399932861328,148.9199981689453,146.02999877929688,146.99000549316406,137.54893493652344,2586300
2021-03-16,147.25,147.25999450683594,142.82000732421875,143.3000030517578,134.09596252441406,4031000
2021-03-17,144.75999450683594,144.82000732421875,141.89999389648438,144.67999267578125,135.38729858398438,3278500
2021-03-18,145.49000549316406,145.5,142.07000732421875,142.5800018310547,133.42218017578125,3173600
2021-03-19,141.89999389648438,141.94000244140625,139.74000549316406,140.7100067138672,131.67233276367188,5098300
2021-03-22,139.49000549316406,140.99000549316406,138.80999755859375,139.9499969482422,130.9611053466797,2274100
2021-03-23,138.94000244140625,139.5,135.1300048828125,136.0800018310547,127.3396987915039,4905400
2021-03-24,137.97000122070312,140.0399932861328,137.61000061035156,138.4199981689453,129.52938842773438,2638900
2021-03-25,137.9499969482422,142.52999877929688,136.75999450683594,142.27999877929688,133.14141845703125,2766400
2021-03-26,143.74000549316406,143.97999572753906,141.0500030517578,143.72999572753906,134.4983367919922,2687500
2021-03-29,141.97999572753906,143.07000732421875,140.30999755859375,142.3699951171875,133.2257080078125,2220600
2021-03-30,142.89999389648438,144.47999572753906,142.61000061035156,143.49000549316406,134.2737579345703,2034500
2021-03-31,142.97999572753906,143.25999450683594,141.35000610351562,141.44000244140625,132.7532196044922,2957300
2021-04-01,142.33999633789062,144.6300048828125,142.2100067138672,144.57000732421875,135.6909637451172,2629200
2021-04-05,146.91000366210938,147.47999572753906,145.61000061035156,146.05999755859375,137.0894775390625,2960100
2021-04-06,145.97999572753906,146.52999877929688,144.3800048828125,146.14999389648438,137.17396545410156,2851200
2021-04-07,147.4199981689453,148.36000061035156,145.72000122070312,147.1300048828125,138.09376525878906,2399500
2021-04-08,146.8000030517578,147.16000366210938,144.67999267578125,147.0399932861328,138.00927734375,2295600
2021-04-09,148.2100067138672,148.44000244140625,146.69000244140625,147.77999877929688,138.70388793945312,1783400
2021-04-12,147.25999450683594,147.77000427246094,146.41000366210938,147.57000732421875,138.5067596435547,1869000
2021-04-13,146.5500030517578,146.60000610351562,143.83999633789062,145.99000549316406,137.0238037109375,2132100
2021-04-14,145.80999755859375,148.75,145.6999969482422,147.4199981689453,138.36595153808594,2141800
2021-04-15,147.50999450683594,148.58999633789062,145.5,148.52999877929688,139.4077911376953,2901200
2021-04-16,149.7100067138672,150.4499969482422,148.69000244140625,149.99000549316406,140.77813720703125,3480000
2021-04-19,149.19000244140625,149.50999450683594,147.8000030517578,148.5399932861328,139.4171905517578,2259100
2021-04-20,147.2100067138672,147.5,144.50999450683594,145.10000610351562,136.1884307861328,2526700
2021-04-21,144.0,147.3800048828125,143.02000427246094,147.17999267578125,138.14068603515625,2161700
2021-04-22,147.57000732421875,148.9199981689453,145.8699951171875,147.16000366210938,138.12193298339844,3247300
2021-04-23,141.5399932861328,144.97999572753906,140.67999267578125,144.3300018310547,135.46575927734375,6395300
2021-04-26,146.8000030517578,151.1199951171875,145.55999755859375,150.33999633789062,141.10667419433594,4821100
2021-04-27,150.6999969482422,150.8800048828125,148.85000610351562,150.36000061035156,141.12538146972656,2692100
2021-04-28,150.67999267578125,153.4600067138672,149.44000244140625,152.5399932861328,143.17152404785156,2584500
2021-04-29,153.85000610351562,155.0800018310547,152.08999633789062,154.6300048828125,145.13316345214844,2636000
2021-04-30,153.60000610351562,154.0399932861328,152.47999572753906,153.35000610351562,143.93179321289062,2712700
2021-05-03,154.58999633789062,156.0500030517578,154.00999450683594,154.8000030517578,145.292724609375,2726200
2021-05-04,154.47999572753906,155.74000549316406,152.83999633789062,154.52999877929688,145.03927612304688,3025100
2021-05-05,154.8699951171875,156.72999572753906,154.32000732421875,156.38999938964844,146.7850799560547,3001600
2021-05-06,156.86000061035156,157.50999450683594,154.02000427246094,156.8800048828125,147.2449493408203,2798800
2021-05-07,155.61000061035156,159.25999450683594,155.33999633789062,158.97999572753906,149.21595764160156,2617800
2021-05-10,159.75,160.69000244140625,158.5,158.67999267578125,148.9344024658203,2987600
2021-05-11,156.4600067138672,157.7899932861328,153.64999389648438,154.42999267578125,144.94541931152344,3900100
2021-05-12,154.72000122070312,155.89999389648438,152.07000732421875,152.3000030517578,142.94625854492188,3487400
2021-05-13,152.41000366210938,154.80999755859375,151.80999755859375,154.0800018310547,144.616943359375,2269700
2021-05-14,155.38999938964844,157.94000244140625,154.52999877929688,157.14999389648438,147.4983367919922,1892700
2021-05-17,157.0500030517578,157.3800048828125,155.8800048828125,156.86000061035156,147.22616577148438,1541400
2021-05-18,157.36000061035156,158.3000030517578,154.86000061035156,154.99000549316406,145.4710235595703,2417800
2021-05-19,152.07000732421875,154.77999877929688,151.72000122070312,154.72999572753906,145.22698974609375,3526800
2021-05-20,155.47000122070312,156.25,153.92999267578125,155.52999877929688,145.97787475585938,3031100
2021-05-21,156.6999969482422,158.80999755859375,156.35000610351562,156.8699951171875,147.23558044433594,3424100
2021-05-24,157.6999969482422,158.91000366210938,156.9499969482422,158.63999938964844,148.89688110351562,1956900
2021-05-25,159.07000732421875,160.0800018310547,157.74000549316406,158.00999450683594,148.30557250976562,2484200
2021-05-26,158.16000366210938,159.3800048828125,157.3699951171875,158.5800018310547,148.84056091308594,3731600
2021-05-27,159.97999572753906,160.2899932861328,158.85000610351562,159.74000549316406,149.9293212890625,2828400
2021-05-28,160.25999450683594,160.63999938964844,158.86000061035156,160.1300048828125,150.29534912109375,2436400
2021-06-01,162.50999450683594,164.11000061035156,161.5500030517578,163.75999450683594,153.70240783691406,3827800
2021-06-02,164.61000061035156,165.69000244140625,163.32000732421875,164.1199951171875,154.04029846191406,3384600
2021-06-03,163.67999267578125,165.4199981689453,162.82000732421875,164.52000427246094,154.415771484375,2454800
2021-06-04,165.0,165.72999572753906,163.32000732421875,165.0,154.8662567138672,3239300
2021-06-07,165.6300048828125,166.64999389648438,165.3699951171875,165.9199981689453,155.72976684570312,2516400
2021-06-08,164.86000061035156,167.13999938964844,163.6300048828125,166.50999450683594,156.28355407714844,2486300
2021-06-09,165.27000427246094,166.13999938964844,163.8000030517578,164.08999633789062,154.0121612548828,2700100
2021-06-10,165.17999267578125,165.2100067138672,162.1199951171875,162.22999572753906,152.26637268066406,3024500
2021-06-11,163.0,164.5399932861328,162.50999450683594,164.50999450683594,154.40635681152344,1630100
2021-06-14,164.3000030517578,164.8800048828125,163.11000061035156,163.80999755859375,153.74935913085938,2125700
2021-06-15,163.92999267578125,166.89999389648438,163.8000030517578,166.27000427246094,156.0582733154297,3726100
2021-06-16,165.77999877929688,166.64999389648438,164.27000427246094,164.67999267578125,154.56590270996094,3281300
2021-06-17,165.97000122070312,166.0,160.52999877929688,162.1300048828125,152.1725311279297,4194400
2021-06-18,158.6999969482422,159.6699981689453,157.25,158.1699981689453,148.45578002929688,6900200
2021-06-21,160.0800018310547,165.2100067138672,159.1300048828125,164.89999389648438,154.7724151611328,3681400
2021-06-22,163.4199981689453,165.24000549316406,162.4600067138672,164.5,154.39694213867188,2697600
2021-06-23,165.02999877929688,166.86000061035156,164.7899932861328,166.02000427246094,155.82362365722656,2327600
2021-06-24,167.05999755859375,168.5800018310547,166.41000366210938,168.2100067138672,157.87916564941406,2417100
2021-06-25,168.4499969482422,170.41000366210938,168.4499969482422,169.4499969482422,159.04298400878906,9186000
2021-06-28,168.6199951171875,168.85000610351562,163.1999969482422,164.77999877929688,154.6597442626953,3433400
2021-06-29,165.57000732421875,166.32000732421875,163.22999572753906,164.25,154.16229248046875,2785900
2021-06-30,163.6999969482422,166.16000366210938,163.6999969482422,165.22999572753906,155.08213806152344,2331800
2021-07-01,165.64999389648438,167.3699951171875,164.69000244140625,166.94000244140625,157.09596252441406,2685900
2021-07-02,167.6999969482422,168.97999572753906,167.00999450683594,168.5,158.56396484375,2028700
2021-07-06,172.5399932861328,172.5399932861328,167.8000030517578,169.55999755859375,159.5614471435547,4688100
2021-07-07,169.60000610351562,174.75999450683594,169.3800048828125,170.97999572753906,160.89772033691406,3998900
2021-07-08,166.9499969482422,170.0399932861328,165.58999633789062,167.5,157.62294006347656,4628400
2021-07-09,170.0,172.30999755859375,169.2100067138672,171.94000244140625,161.80113220214844,3175200
2021-07-12,170.07000732421875,174.10000610351562,169.8800048828125,173.60000610351562,163.36322021484375,3154100
2021-07-13,174.0,174.74000549316406,172.4199981689453,172.6199951171875,162.44100952148438,2675000
2021-07-14,172.86000061035156,174.5500030517578,171.00999450683594,172.52000427246094,162.346923828125,3123100
2021-07-15,171.13999938964844,173.25999450683594,171.10000610351562,172.85000610351562,162.65744018554688,3448200
2021-07-16,173.74000549316406,173.7899932861328,169.5399932861328,170.00999450683594,159.98492431640625,4359800
2021-07-19,165.64999389648438,166.3800048828125,161.47999572753906,162.80999755859375,153.2095184326172,6739800
2021-07-20,162.94000244140625,169.5800018310547,162.57000732421875,168.8699951171875,158.91212463378906,4243700
2021-07-21,170.74000549316406,173.6199951171875,169.74000549316406,172.50999450683594,162.33746337890625,3384500
2021-07-22,172.25,173.2100067138672,169.0500030517578,170.89999389648438,160.82241821289062,3335900
2021-07-23,176.52999877929688,179.6699981689453,172.9499969482422,173.17999267578125,162.9679718017578,6326600
2021-07-26,173.25,175.42999267578125,172.3000030517578,172.61000061035156,162.431640625,3115900
2021-07-27,170.4600067138672,175.1199951171875,169.9600067138672,172.94000244140625,162.7421417236328,7922600
2021-07-28,173.0,173.4499969482422,169.7100067138672,170.02000427246094,159.9943389892578,7961700
2021-07-29,171.38999938964844,173.82000732421875,171.0,171.9499969482422,161.8104705810547,3186900
2021-07-30,172.32000732421875,173.24000549316406,169.82000732421875,170.52999877929688,160.4742889404297,3441900
2021-08-02,171.13999938964844,173.36000061035156,168.75999450683594,169.27000427246094,159.28855895996094,2895700
2021-08-03,169.75,170.2899932861328,165.3000030517578,169.0399932861328,159.07212829589844,3642000
2021-08-04,168.3000030517578,170.44000244140625,167.32000732421875,168.05999755859375,158.14990234375,3544400
2021-08-05,168.66000366210938,170.52999877929688,168.32000732421875,169.6300048828125,159.62734985351562,2535400
2021-08-06,170.52999877929688,172.85000610351562,169.74000549316406,171.36000061035156,161.25531005859375,2828700
2021-08-09,170.35000610351562,171.1199951171875,168.7899932861328,170.77999877929688,160.70953369140625,2560200
2021-08-10,170.72999572753906,171.6999969482422,168.67999267578125,169.49000549316406,159.49560546875,3389500
2021-08-11,169.4499969482422,170.72999572753906,168.6699981689453,170.6699981689453,160.60597229003906,3843400
2021-08-12,170.02000427246094,170.11000061035156,167.97000122070312,168.52000427246094,158.582763671875,3372800
2021-08-13,168.08999633789062,168.3000030517578,165.61000061035156,166.0800018310547,156.28665161132812,4157700
2021-08-16,164.77000427246094,165.89999389648438,162.6300048828125,165.75,155.97607421875,3845400
2021-08-17,164.75999450683594,166.35000610351562,163.35000610351562,164.64999389648438,154.94097900390625,7631600
2021-08-18,163.8300018310547,165.13999938964844,162.05999755859375,162.1300048828125,152.569580078125,3563700
2021-08-19,160.16000366210938,161.08999633789062,157.3300018310547,159.02999877929688,149.6524200439453,4256400
2021-08-20,158.85000610351562,159.99000549316406,158.05999755859375,159.75,150.32992553710938,3075000
2021-08-23,161.22999572753906,161.85000610351562,160.11000061035156,160.4499969482422,150.98863220214844,2006300
2021-08-24,160.60000610351562,161.89999389648438,160.19000244140625,161.1999969482422,151.69442749023438,2377600
2021-08-25,161.8800048828125,167.22999572753906,160.5,166.17999267578125,156.38076782226562,3579900
2021-08-26,165.97000122070312,166.5,164.3800048828125,165.50999450683594,155.75025939941406,3164700
2021-08-27,165.35000610351562,168.88999938964844,165.16000366210938,168.64999389648438,158.7051239013672,3002300
2021-08-30,168.16000366210938,168.3000030517578,164.2100067138672,164.25999450683594,154.57400512695312,2582100
2021-08-31,164.10000610351562,166.42999267578125,163.72000122070312,165.9600067138672,156.17372131347656,3536300
2021-09-01,166.33999633789062,167.27999877929688,164.1300048828125,164.44000244140625,154.74339294433594,2569000
2021-09-02,165.0500030517578,165.0800018310547,161.13999938964844,162.0500030517578,152.49427795410156,4350600
2021-09-03,160.75,161.27999877929688,158.1699981689453,159.3000030517578,149.90646362304688,4206500
2021-09-07,158.8699951171875,160.66000366210938,158.57000732421875,159.72000122070312,150.30169677734375,3779000
2021-09-08,159.19000244140625,159.25999450683594,156.8000030517578,158.92999267578125,149.55825805664062,3056700
2021-09-09,158.77999877929688,162.14999389648438,158.5399932861328,159.38999938964844,149.99114990234375,3295800
2021-09-10,161.1699981689453,161.4600067138672,158.38999938964844,158.72000122070312,149.36068725585938,2943700
2021-09-13,160.63999938964844,161.8000030517578,159.75,161.4499969482422,151.92970275878906,3192500
2021-09-14,162.67999267578125,165.8300018310547,158.77999877929688,159.47999572753906,150.07583618164062,4281500
2021-09-15,160.02000427246094,162.30999755859375,159.2100067138672,161.33999633789062,151.8261260986328,2933100
2021-09-16,163.10000610351562,164.5,162.1999969482422,162.6300048828125,153.04010009765625,2765000
2021-09-17,161.57000732421875,164.25,161.57000732421875,163.9199981689453,154.25401306152344,6390600
2021-09-20,159.36000061035156,162.13999938964844,157.9499969482422,160.57000732421875,151.10157775878906,5976900
2021-09-21,161.91000366210938,165.35000610351562,161.69000244140625,163.27000427246094,153.64236450195312,3480600
2021-09-22,165.6199951171875,168.6199951171875,164.89999389648438,167.49000549316406,157.613525390625,3562800
2021-09-23,169.49000549316406,174.10000610351562,169.30999755859375,173.36000061035156,163.13739013671875,4399200
2021-09-24,173.3699951171875,176.0,173.3000030517578,175.72000122070312,165.35824584960938,2680400
2021-09-27,177.6699981689453,178.8000030517578,176.3300018310547,176.77000427246094,166.34629821777344,3703300
2021-09-28,175.49000549316406,177.24000549316406,172.69000244140625,173.13999938964844,162.93032836914062,3862200
2021-09-29,172.88999938964844,172.97999572753906,170.39999389648438,171.5399932861328,161.4246826171875,2726100
2021-09-30,172.17999267578125,172.36000061035156,167.41000366210938,167.52999877929688,157.6511688232422,3088200
2021-10-01,168.5,175.1199951171875,168.47999572753906,173.94000244140625,163.6831817626953,3956000
2021-10-04,173.8800048828125,177.22999572753906,171.8800048828125,172.66000366210938,162.47865295410156,3613900
2021-10-05,173.42999267578125,176.05999755859375,172.63999938964844,174.75999450683594,164.45481872558594,2629400
2021-10-06,172.5500030517578,174.89999389648438,169.89999389648438,173.39999389648438,163.17501831054688,2922200
2021-10-07,175.5,176.8699951171875,173.6999969482422,174.2899932861328,164.4202423095703,3578800
2021-10-08,173.85000610351562,176.97999572753906,173.52999877929688,175.14999389648438,165.23155212402344,2375300
2021-10-11,175.7899932861328,176.7899932861328,173.3300018310547,173.4600067138672,163.63726806640625,2499200
2021-10-12,173.61000061035156,176.55999755859375,173.10000610351562,174.91000366210938,165.00518798828125,3069500
2021-10-13,172.77999877929688,174.08999633789062,167.0800018310547,168.72000122070312,159.16571044921875,5608100
2021-10-14,171.0,172.3800048828125,169.80999755859375,171.50999450683594,161.7976531982422,3061900
2021-10-15,173.77000427246094,177.77000427246094,173.14999389648438,175.80999755859375,165.85423278808594,3043900
2021-10-18,175.5800018310547,177.61000061035156,174.3300018310547,176.82000732421875,166.80699157714844,2623300
2021-10-19,177.72999572753906,178.0,176.25999450683594,177.30999755859375,167.26925659179688,1400100
2021-10-20,176.9499969482422,179.77000427246094,176.2100067138672,179.60000610351562,169.4295654296875,2398500
2021-10-21,179.5800018310547,179.7899932861328,176.00999450683594,177.47000122070312,167.42019653320312,3313800
2021-10-22,185.0,189.02999877929688,182.1999969482422,187.0800018310547,176.48597717285156,6026100
2021-10-25,186.72999572753906,187.2100067138672,181.8300018310547,182.30999755859375,171.98614501953125,3889600
2021-10-26,183.4199981689453,183.5,177.52000427246094,180.9499969482422,170.70314025878906,3832200
2021-10-27,180.10000610351562,183.72999572753906,177.91000366210938,178.02999877929688,167.94850158691406,3309900
2021-10-28,178.39999389648438,179.22999572753906,173.02000427246094,174.61000061035156,164.72215270996094,4865700
2021-10-29,175.6300048828125,176.6699981689453,173.0399932861328,173.77999877929688,163.9391632080078,3455400
2021-11-01,174.5800018310547,176.07000732421875,173.33999633789062,174.2100067138672,164.3448028564453,2250400
2021-11-02,175.0,175.1999969482422,172.57000732421875,173.1699981689453,163.3636932373047,3252900
2021-11-03,172.6999969482422,173.8300018310547,171.75,172.61000061035156,162.83543395996094,3831200
2021-11-04,172.1300048828125,174.02000427246094,171.66000366210938,172.52999877929688,162.75991821289062,3315400
2021-11-05,176.17999267578125,177.7899932861328,175.35000610351562,176.69000244140625,166.68435668945312,3936000
2021-11-08,178.07000732421875,182.08999633789062,177.7899932861328,180.0500030517578,169.85406494140625,3392000
2021-11-09,179.75999450683594,181.19000244140625,178.42999267578125,179.86000061035156,169.67486572265625,3203300
2021-11-10,179.36000061035156,183.47999572753906,179.36000061035156,181.38999938964844,171.11822509765625,3296700
2021-11-11,181.99000549316406,182.72999572753906,180.74000549316406,181.3000030517578,171.0333251953125,2119700
2021-11-12,180.7100067138672,182.3800048828125,179.64999389648438,181.88999938964844,171.5898895263672,2390200
2021-11-15,182.52999877929688,183.92999267578125,182.0399932861328,183.1300048828125,172.7596893310547,1748300
2021-11-16,183.39999389648438,183.39999389648438,179.74000549316406,180.9199981689453,170.67481994628906,3299200
2021-11-17,181.17999267578125,181.74000549316406,178.1999969482422,179.61000061035156,169.4390106201172,3543500
2021-11-18,180.0,180.3699951171875,175.83999633789062,176.2100067138672,166.2315673828125,4011500
2021-11-19,173.72999572753906,175.27000427246094,171.83999633789062,173.5399932861328,163.7127227783203,4456500
2021-11-22,174.99000549316406,175.25,170.88999938964844,170.89999389648438,161.2222137451172,4651700
2021-11-23,171.3000030517578,171.9499969482422,167.8300018310547,170.85000610351562,161.17507934570312,5890300
2021-11-24,168.47999572753906,171.97999572753906,167.89999389648438,171.61000061035156,161.89199829101562,3590600
2021-11-26,165.08999633789062,165.24000549316406,154.5,156.82000732421875,147.93955993652344,6804200
2021-11-29,160.75,161.41000366210938,154.33999633789062,157.86000061035156,148.92066955566406,6258500
2021-11-30,155.08999633789062,155.8699951171875,151.6999969482422,152.3000030517578,143.675537109375,7444900
2021-12-01,156.10000610351562,157.07000732421875,149.88999938964844,150.05999755859375,141.5623321533203,6145500
2021-12-02,151.67999267578125,157.91000366210938,151.4600067138672,156.77000427246094,147.89239501953125,6289300
2021-12-03,158.0800018310547,158.3300018310547,153.6300048828125,155.94000244140625,147.10940551757812,4069300
2021-12-06,159.07000732421875,162.74000549316406,158.0500030517578,160.67999267578125,151.58096313476562,4141900
2021-12-07,164.5,169.16000366210938,164.16000366210938,166.9499969482422,157.49591064453125,5124500
2021-12-08,167.97999572753906,170.5399932861328,167.27999877929688,168.92999267578125,159.36378479003906,4042400
2021-12-09,167.85000610351562,168.8300018310547,166.5500030517578,168.02000427246094,158.50534057617188,2245300
2021-12-10,169.3800048828125,170.5800018310547,165.9600067138672,167.02999877929688,157.5714111328125,2768500
2021-12-13,166.39999389648438,166.39999389648438,161.99000549316406,163.3000030517578,154.05262756347656,3477600
2021-12-14,162.13999938964844,165.25999450683594,161.05999755859375,162.85000610351562,153.62808227539062,2964200
2021-12-15,162.7100067138672,163.0500030517578,158.52999877929688,162.24000549316406,153.05264282226562,5013000
2021-12-16,164.0,165.17999267578125,161.89999389648438,163.0,153.76963806152344,4900100
2021-12-17,161.0,161.32000732421875,156.9499969482422,160.00999450683594,150.9489288330078,9576800
2021-12-20,157.0,158.2100067138672,153.77999877929688,155.88999938964844,147.06222534179688,3839600
2021-12-21,157.75,161.0500030517578,157.52000427246094,160.91000366210938,151.7979278564453,3722400
2021-12-22,160.52999877929688,163.1699981689453,160.4499969482422,162.47000122070312,153.2695770263672,2877700
2021-12-23,163.86000061035156,166.39999389648438,163.58999633789062,164.19000244140625,154.8922119140625,3140500
2021-12-27,165.0,165.0,162.52999877929688,164.38999938964844,155.08090209960938,1687300
2021-12-28,163.60000610351562,166.1300048828125,163.60000610351562,164.41000366210938,155.09976196289062,2035300
2021-12-29,164.6199951171875,164.92999267578125,163.25999450683594,163.8300018310547,154.5526123046875,2082200
2021-12-30,164.6199951171875,165.8000030517578,164.0,164.16000366210938,154.8638916015625,1632900
2021-12-31,164.10000610351562,165.1699981689453,163.25,163.60000610351562,154.33560180664062,1743600
2022-01-03,164.50999450683594,168.39999389648438,164.39999389648438,168.2100067138672,158.68460083007812,3236400
2022-01-04,169.72000122070312,174.0500030517578,169.60000610351562,173.61000061035156,163.77880859375,4799500
2022-01-05,174.7100067138672,176.30999755859375,171.5,171.75999450683594,162.0335235595703,4491900
2022-01-06,172.5399932861328,173.69000244140625,169.75,172.89999389648438,163.5183563232422,2649400
2022-01-07,172.49000549316406,175.36000061035156,171.86000061035156,174.3800048828125,164.9180450439453,3043000
2022-01-10,176.2100067138672,176.2100067138672,170.5,173.74000549316406,164.3127899169922,4269400
2022-01-11,174.5399932861328,175.72000122070312,172.49000549316406,175.3800048828125,165.86375427246094,2762700
2022-01-12,176.22999572753906,176.82000732421875,174.1699981689453,174.47000122070312,165.00315856933594,3224300
2022-01-13,174.9199981689453,176.3800048828125,172.85000610351562,173.2899932861328,163.88719177246094,3808800
2022-01-14,168.7100067138672,168.7100067138672,164.7100067138672,168.39999389648438,159.26255798339844,6508500
2022-01-18,167.91000366210938,168.94000244140625,164.83999633789062,166.1699981689453,157.1535186767578,4336300
2022-01-19,166.72999572753906,166.72999572753906,161.1699981689453,161.38999938964844,152.63290405273438,3592000
2022-01-20,161.1199951171875,164.57000732421875,159.4600067138672,160.9199981689453,152.18838500976562,4205600
2022-01-21,159.9499969482422,161.8800048828125,157.67999267578125,158.74000549316406,150.126708984375,3779100
2022-01-24,155.82000732421875,159.4499969482422,152.85000610351562,158.92999267578125,150.30638122558594,5405000
2022-01-25,166.13999938964844,174.47000122070312,159.66000366210938,173.11000061035156,163.7169189453125,13320800
2022-01-26,176.9499969482422,179.22000122070312,173.02999877929688,175.32000732421875,165.80703735351562,8257300
2022-01-27,176.6999969482422,178.1999969482422,170.6300048828125,171.89999389648438,162.5726318359375,3649900
2022-01-28,171.75999450683594,177.2100067138672,169.77000427246094,177.05999755859375,167.45260620117188,4271500
2022-01-31,175.91000366210938,180.1300048828125,175.22000122070312,179.82000732421875,170.06288146972656,5524300
2022-02-01,179.9199981689453,184.0399932861328,179.0,183.5399932861328,173.58102416992188,3471200
2022-02-02,182.50999450683594,184.5800018310547,181.63999938964844,184.16000366210938,174.1673583984375,2841400
2022-02-03,184.8000030517578,185.8000030517578,182.32000732421875,184.0399932861328,174.0538787841797,3380900
2022-02-04,184.91000366210938,188.67999267578125,184.17999267578125,185.85000610351562,175.76571655273438,4075800
2022-02-07,185.6300048828125,188.91000366210938,184.75,187.8699951171875,177.67604064941406,3260800
2022-02-08,188.0800018310547,194.52999877929688,187.61000061035156,194.0,183.4734649658203,5133900
2022-02-09,194.3000030517578,198.72000122070312,194.3000030517578,196.39999389648438,185.74322509765625,4614200
2022-02-10,196.36000061035156,198.22999572753906,194.61000061035156,195.50999450683594,184.9014892578125,4511100
2022-02-11,195.42999267578125,197.1999969482422,190.4499969482422,191.80999755859375,181.4022674560547,4834900
2022-02-14,192.25999450683594,194.14999389648438,190.9199981689453,192.35000610351562,181.9130096435547,3841300
2022-02-15,194.64999389648438,198.36000061035156,194.17999267578125,197.97999572753906,187.2374725341797,4134300
2022-02-16,197.5,199.5500030517578,197.24000549316406,198.3800048828125,187.61578369140625,4122600
2022-02-17,195.6300048828125,197.3800048828125,194.27000427246094,195.7100067138672,185.0906982421875,3051700
2022-02-18,194.9199981689453,197.75,194.1999969482422,194.8800048828125,184.3057098388672,2806300
2022-02-22,195.17999267578125,196.14999389648438,191.75,192.44000244140625,181.99807739257812,3420600
2022-02-23,194.35000610351562,194.4499969482422,188.5500030517578,188.9499969482422,178.69749450683594,3562100
2022-02-24,180.47000122070312,188.5,179.0500030517578,188.35000610351562,178.13003540039062,5886600
2022-02-25,189.66000366210938,194.25,189.4600067138672,193.7100067138672,183.1991729736328,5426200
2022-02-28,189.6300048828125,195.1300048828125,189.22999572753906,194.5399932861328,183.9841766357422,5787800
2022-03-01,194.6699981689453,194.77000427246094,176.77000427246094,178.05999755859375,168.3983917236328,8562500
2022-03-02,179.7899932861328,182.24000549316406,178.10000610351562,180.30999755859375,170.52630615234375,4058800
2022-03-03,182.11000061035156,183.4499969482422,178.72999572753906,179.88999938964844,170.1290740966797,3339900
2022-03-04,176.6199951171875,176.8300018310547,170.82000732421875,172.9499969482422,163.5656280517578,5348600
2022-03-07,170.1300048828125,170.75999450683594,159.0800018310547,159.1300048828125,150.49551391601562,7760400
2022-03-08,160.52000427246094,166.2899932861328,155.72000122070312,160.0500030517578,151.3656005859375,7058900
2022-03-09,168.02000427246094,170.72999572753906,166.7100067138672,168.64999389648438,159.4989471435547,4788200
2022-03-10,165.58999633789062,170.9600067138672,164.8300018310547,169.60000610351562,160.3974151611328,3840900
2022-03-11,171.75,172.30999755859375,167.6300048828125,167.89999389648438,158.78964233398438,3000000
2022-03-14,171.3300018310547,174.7100067138672,169.7100067138672,172.7899932861328,163.41427612304688,4614600
2022-03-15,173.58999633789062,178.3000030517578,173.3699951171875,176.0399932861328,166.4879608154297,3827300
2022-03-16,179.17999267578125,182.75999450683594,176.3000030517578,180.61000061035156,170.81002807617188,5239300
2022-03-17,180.17999267578125,187.7100067138672,180.05999755859375,186.97000122070312,176.82489013671875,6398900
2022-03-18,188.69000244140625,191.0,184.83999633789062,190.72000122070312,180.37149047851562,8744100
2022-03-21,190.77000427246094,191.5,187.55999755859375,189.08999633789062,178.82986450195312,3166200
2022-03-22,190.5,194.35000610351562,190.05999755859375,191.3300018310547,180.9482879638672,3007000
2022-03-23,188.8300018310547,189.6199951171875,185.17999267578125,186.02000427246094,175.9264678955078,3664600
2022-03-24,186.61000061035156,189.3699951171875,185.6999969482422,188.88999938964844,178.64073181152344,2424400
2022-03-25,190.41000366210938,191.25999450683594,189.0,190.27999877929688,179.95533752441406,1871900
2022-03-28,189.9499969482422,189.9499969482422,186.2899932861328,189.6999969482422,179.40675354003906,3043700
2022-03-29,192.3300018310547,194.0,190.36000061035156,190.94000244140625,180.57949829101562,2764100
2022-03-30,191.38999938964844,192.10000610351562,188.39999389648438,189.75999450683594,179.46351623535156,2278000
2022-03-31,189.52999877929688,191.11000061035156,186.94000244140625,187.0,176.853271484375,3801600
2022-04-01,188.1999969482422,189.4199981689453,186.27999877929688,187.1699981689453,177.0140380859375,2647000
2022-04-04,187.6199951171875,188.5,185.58999633789062,187.66000366210938,177.47747802734375,2971400
2022-04-05,187.49000549316406,190.83999633789062,184.8000030517578,185.39999389648438,175.340087890625,2974700
2022-04-06,184.49000549316406,184.8699951171875,181.72999572753906,183.7100067138672,173.7417755126953,3143300
2022-04-07,181.52000427246094,183.27000427246094,179.11000061035156,182.38999938964844,172.98306274414062,4062400
2022-04-08,183.0,186.72000122070312,181.92999267578125,183.6999969482422,174.2255096435547,3075600
2022-04-11,181.05999755859375,182.44000244140625,177.25,177.57000732421875,168.41168212890625,4816800
2022-04-12,176.57000732421875,179.25,174.7100067138672,175.5399932861328,166.48635864257812,4348900
2022-04-13,174.22999572753906,180.02000427246094,174.0,179.58999633789062,170.32748413085938,2980600
2022-04-14,179.27000427246094,182.47000122070312,178.67999267578125,181.16000366210938,171.81651306152344,2667100
2022-04-18,181.3300018310547,185.88999938964844,181.0,184.47999572753906,174.96527099609375,2182700
2022-04-19,185.00999450683594,188.08999633789062,184.7100067138672,187.1699981689453,177.5165252685547,2713800
2022-04-20,188.3300018310547,190.14999389648438,187.63999938964844,188.4600067138672,178.73997497558594,2256200
2022-04-21,190.94000244140625,192.4199981689453,184.5800018310547,185.74000549316406,176.16026306152344,3973200
2022-04-22,185.42999267578125,185.5500030517578,180.32000732421875,180.5399932861328,171.2284698486328,4373700
2022-04-25,179.97999572753906,184.25999450683594,177.99000549316406,184.10000610351562,174.60487365722656,4408900
2022-04-26,183.25,183.91000366210938,178.5399932861328,178.64999389648438,169.43594360351562,3728100
2022-04-27,177.66000366210938,179.41000366210938,175.5,177.6300048828125,168.46856689453125,4085800
2022-04-28,180.35000610351562,183.88999938964844,177.61000061035156,181.97999572753906,172.5941925048828,2703200
2022-04-29,180.08999633789062,182.30999755859375,174.3300018310547,174.7100067138672,165.69918823242188,3210100
2022-05-02,174.64999389648438,174.8800048828125,167.50999450683594,171.6199951171875,162.7685089111328,3881800
2022-05-03,173.0,174.0,170.3300018310547,172.11000061035156,163.23324584960938,3152300
2022-05-04,172.22000122070312,178.1699981689453,171.1999969482422,177.82000732421875,168.64877319335938,2930400
2022-05-05,176.63999938964844,176.75999450683594,169.3300018310547,171.00999450683594,162.18997192382812,2987100
2022-05-06,169.1699981689453,169.99000549316406,165.00999450683594,167.14999389648438,158.52908325195312,3129800
2022-05-09,165.02999877929688,166.02000427246094,160.3800048828125,161.02000427246094,152.71524047851562,4485200
2022-05-10,163.4199981689453,164.72999572753906,158.38999938964844,161.8300018310547,153.4834442138672,3014800
2022-05-11,161.72999572753906,164.94000244140625,159.0399932861328,159.38999938964844,151.1693115234375,2644300
2022-05-12,155.60000610351562,157.16000366210938,149.8800048828125,153.27000427246094,145.364990234375,5314800
2022-05-13,155.9600067138672,160.08999633789062,155.8800048828125,158.75,150.56228637695312,3625100
2022-05-16,157.41000366210938,158.74000549316406,154.32000732421875,156.42999267578125,148.36196899414062,2811300
2022-05-17,161.07000732421875,162.75999450683594,158.39999389648438,161.85000610351562,153.50245666503906,2928100
2022-05-18,160.7899932861328,160.85000610351562,155.39999389648438,156.10000610351562,148.04898071289062,2697700
2022-05-19,153.57000732421875,156.4600067138672,153.25,154.0,146.0572967529297,2768300
2022-05-20,154.35000610351562,154.8000030517578,149.7100067138672,153.24000549316406,145.3365478515625,2982500
2022-05-23,156.61000061035156,159.55999755859375,156.02000427246094,159.0399932861328,150.83734130859375,2726600
2022-05-24,157.2899932861328,157.97000122070312,152.9199981689453,155.6300048828125,147.60325622558594,2817800
2022-05-25,157.13999938964844,161.75999450683594,156.07000732421875,160.50999450683594,152.23153686523438,4381000
2022-05-26,162.6999969482422,166.77000427246094,162.6999969482422,165.3699951171875,156.8408660888672,2463900
2022-05-27,167.0800018310547,169.67999267578125,166.0399932861328,169.60000610351562,160.85275268554688,2157500
2022-05-31,167.94000244140625,170.77999877929688,167.0399932861328,168.82000732421875,160.11289978027344,4123500
2022-06-01,168.6999969482422,169.3699951171875,163.83999633789062,165.75999450683594,157.2107696533203,2276400
2022-06-02,166.13999938964844,169.19000244140625,165.92999267578125,169.13999938964844,160.4164276123047,1707000
2022-06-03,166.89999389648438,168.0399932861328,165.97999572753906,166.8300018310547,158.22557067871094,1390700
2022-06-06,169.10000610351562,170.25999450683594,166.27000427246094,167.02000427246094,158.40579223632812,1486000
2022-06-07,164.63999938964844,169.47999572753906,164.4499969482422,168.69000244140625,159.98963928222656,2083100
2022-06-08,166.75,168.63999938964844,165.19000244140625,165.9600067138672,157.4004364013672,2313900
2022-06-09,166.22000122070312,166.57000732421875,160.92999267578125,160.97999572753906,152.6772918701172,2273800
2022-06-10,157.25999450683594,157.8800048828125,154.36000061035156,154.4199981689453,146.4556121826172,2733300
2022-06-13,149.86000061035156,151.02999877929688,145.3800048828125,146.2899932861328,138.7449493408203,4156500
2022-06-14,145.9499969482422,147.39999389648438,143.25,144.60000610351562,137.14215087890625,3574800
2022-06-15,146.69000244140625,147.88999938964844,143.44000244140625,146.22000122070312,138.67855834960938,3327800
2022-06-16,142.58999633789062,142.60000610351562,136.49000549316406,137.5,130.40830993652344,4815100
2022-06-17,138.0,145.55999755859375,137.58999633789062,144.17999267578125,136.74375915527344,10033600
2022-06-21,148.6999969482422,148.6999969482422,144.16000366210938,144.75999450683594,137.2938690185547,3518800
2022-06-22,142.22999572753906,146.35000610351562,141.33999633789062,144.38999938964844,136.94290161132812,3419000
2022-06-23,144.52000427246094,144.6300048828125,139.47000122070312,141.64999389648438,134.34426879882812,3915000
2022-06-24,141.6300048828125,146.27000427246094,141.0,146.14999389648438,138.61215209960938,8957200
2022-06-27,147.99000549316406,148.77000427246094,143.9499969482422,144.2899932861328,136.84812927246094,3151500
2022-06-28,146.0800018310547,149.50999450683594,141.85000610351562,142.19000244140625,134.85641479492188,2649300
2022-06-29,141.64999389648438,141.67999267578125,138.4499969482422,139.47000122070312,132.2766876220703,4164900
2022-06-30,136.6999969482422,139.8699951171875,134.3000030517578,138.6199951171875,131.96255493164062,4123500
2022-07-01,138.07000732421875,140.88999938964844,137.47000122070312,140.39999389648438,133.65704345703125,2625300
2022-07-05,137.22000122070312,139.64999389648438,135.64999389648438,139.64999389648438,132.943115234375,4057000
2022-07-06,139.2899932861328,140.5,137.85000610351562,138.14999389648438,131.51510620117188,4401300
2022-07-07,140.17999267578125,142.1699981689453,139.14999389648438,141.02999877929688,134.2567901611328,4258000
2022-07-08,141.74000549316406,143.11000061035156,139.72000122070312,141.75999450683594,134.9517822265625,3631800
2022-07-11,140.47000122070312,142.30999755859375,139.83999633789062,140.5800018310547,133.8284454345703,2373600
2022-07-12,137.52999877929688,141.88999938964844,137.05999755859375,139.17999267578125,132.49563598632812,4047400
2022-07-13,136.83999633789062,140.02000427246094,136.36000061035156,139.39999389648438,132.705078125,2753800
2022-07-14,135.6999969482422,137.24000549316406,134.1199951171875,136.47999572753906,129.9253387451172,4600200
2022-07-15,139.7100067138672,143.11000061035156,138.8699951171875,142.47999572753906,135.63717651367188,3296600
2022-07-18,144.33999633789062,146.0500030517578,141.52000427246094,142.3300018310547,135.49435424804688,3330300
2022-07-19,144.39999389648438,147.92999267578125,144.39999389648438,147.77999877929688,140.6826171875,3372300
2022-07-20,146.8699951171875,149.10000610351562,146.3699951171875,148.92999267578125,141.7773895263672,2802300
2022-07-21,148.2100067138672,150.3300018310547,146.4499969482422,150.17999267578125,142.96734619140625,4683000
2022-07-22,159.00999450683594,160.8800048828125,152.6199951171875,153.00999450683594,145.6614227294922,9298400
2022-07-25,154.25,154.77999877929688,151.2100067138672,153.7899932861328,146.40399169921875,4213800
2022-07-26,152.72999572753906,153.5,148.83999633789062,149.8300018310547,142.6341552734375,2812700
2022-07-27,151.60000610351562,152.72000122070312,147.27000427246094,151.6300048828125,144.34774780273438,5029100
2022-07-28,151.75999450683594,152.64999389648438,147.5399932861328,152.13999938964844,144.83319091796875,3587900
2022-07-29,152.3699951171875,154.3800048828125,151.2899932861328,154.02000427246094,146.62294006347656,3197900
2022-08-01,152.83999633789062,154.77000427246094,151.8000030517578,153.3300018310547,145.96607971191406,2295600
2022-08-02,152.02000427246094,153.3000030517578,150.83999633789062,151.60000610351562,144.3191375732422,2562900
2022-08-03,154.07000732421875,156.0399932861328,153.30999755859375,155.42999267578125,147.9652557373047,2609300
2022-08-04,156.02000427246094,157.7100067138672,155.25999450683594,156.8699951171875,149.3360595703125,3693300
2022-08-05,156.47999572753906,158.0399932861328,156.0,157.50999450683594,149.94529724121094,2513600
2022-08-08,159.0,160.7899932861328,156.94000244140625,157.27999877929688,149.7263946533203,3080700
2022-08-09,157.63999938964844,158.94000244140625,157.27000427246094,158.8000030517578,151.17333984375,2997900
2022-08-10,161.77000427246094,164.2100067138672,161.63999938964844,162.44000244140625,154.63856506347656,3225400
2022-08-11,164.36000061035156,164.9199981689453,162.17999267578125,162.99000549316406,155.16217041015625,1968200
2022-08-12,164.47000122070312,166.0,163.27999877929688,165.83999633789062,157.87522888183594,1942600
2022-08-15,164.27999877929688,166.05999755859375,163.75999450683594,165.39999389648438,157.45639038085938,1852800
2022-08-16,165.0,165.97999572753906,163.9600067138672,165.35000610351562,157.40879821777344,1876000
2022-08-17,163.3000030517578,164.47999572753906,162.1999969482422,163.89999389648438,156.02845764160156,1804100
2022-08-18,163.92999267578125,164.99000549316406,163.33999633789062,164.64999389648438,156.74241638183594,1397700
2022-08-19,163.5,163.92999267578125,162.00999450683594,162.24000549316406,154.44815063476562,1895400
2022-08-22,158.97999572753906,159.19000244140625,156.97999572753906,157.6999969482422,150.1261749267578,1969300
2022-08-23,158.0,159.60000610351562,157.1999969482422,157.3300018310547,149.7739715576172,2885200
2022-08-24,157.02999877929688,159.55999755859375,156.2899932861328,159.1300048828125,151.4875030517578,2029200
2022-08-25,160.0,162.3300018310547,158.77999877929688,162.22999572753906,154.43862915039062,1936300
2022-08-26,163.2100067138672,163.58999633789062,157.19000244140625,157.30999755859375,149.7549285888672,2373700
2022-08-29,155.8800048828125,156.50999450683594,154.41000366210938,154.5399932861328,147.11795043945312,2693600
2022-08-30,155.63999938964844,156.1199951171875,152.89999389648438,154.66000366210938,147.23219299316406,2104500
2022-08-31,155.55999755859375,156.3699951171875,151.83999633789062,152.0,144.69992065429688,3271600
2022-09-01,150.82000732421875,151.3699951171875,147.64999389648438,151.11000061035156,143.8527069091797,2425200
2022-09-02,153.47999572753906,153.97999572753906,148.92999267578125,149.7899932861328,142.59609985351562,2028500
2022-09-06,150.0,151.30999755859375,146.5500030517578,148.60000610351562,141.46328735351562,2797600
2022-09-07,148.39999389648438,152.6999969482422,148.3800048828125,152.25,144.93795776367188,1766400
2022-09-08,150.9199981689453,153.69000244140625,149.50999450683594,153.52000427246094,146.14697265625,3399200
2022-09-09,154.4499969482422,158.58999633789062,154.3000030517578,158.44000244140625,150.8306884765625,3543500
2022-09-12,159.5,163.4499969482422,159.33999633789062,162.4499969482422,154.64805603027344,4146300
2022-09-13,158.13999938964844,159.80999755859375,154.83999633789062,155.35000610351562,147.88906860351562,3519800
2022-09-14,156.17999267578125,157.55999755859375,153.5,156.3000030517578,148.7934112548828,2840200
2022-09-15,156.42999267578125,158.7899932861328,155.89999389648438,156.1300048828125,148.631591796875,2371600
2022-09-16,154.0800018310547,154.0800018310547,150.50999450683594,153.0800018310547,145.72805786132812,6527200
2022-09-19,151.25,155.47999572753906,150.6999969482422,155.36000061035156,147.89857482910156,2472500
2022-09-20,153.5800018310547,154.58999633789062,152.1300048828125,153.47999572753906,146.1088409423828,1725900
2022-09-21,154.6699981689453,154.80999755859375,148.66000366210938,148.7100067138672,141.56797790527344,2599900
2022-09-22,148.82000732421875,148.88999938964844,142.47000122070312,143.02999877929688,136.16075134277344,3249400
2022-09-23,140.77999877929688,141.9600067138672,138.08999633789062,140.25999450683594,133.52377319335938,3035600
2022-09-26,140.0399932861328,141.2899932861328,136.6999969482422,137.4499969482422,130.84872436523438,3808700
2022-09-27,139.44000244140625,140.3800048828125,136.10000610351562,137.49000549316406,130.88681030273438,2828700
2022-09-28,138.5,141.17999267578125,136.52000427246094,140.55999755859375,133.8093719482422,5269500
2022-09-29,138.38999938964844,138.9499969482422,135.83999633789062,137.7899932861328,131.1724090576172,2280700
2022-09-30,137.39999389648438,138.6699981689453,134.6199951171875,134.91000366210938,128.43072509765625,3717200
2022-10-03,137.9499969482422,140.77000427246094,134.9199981689453,140.02000427246094,133.29531860351562,2677100
2022-10-04,143.02999877929688,145.5500030517578,143.02999877929688,145.4600067138672,138.4740753173828,2408800
2022-10-05,142.9199981689453,145.2899932861328,142.0800018310547,144.3699951171875,137.4364013671875,2073800
2022-10-06,143.0500030517578,145.05999755859375,142.1300048828125,142.3800048828125,135.54196166992188,2526000
2022-10-07,140.4199981689453,141.2899932861328,138.0800018310547,139.0,132.32431030273438,2579600
2022-10-10,140.00999450683594,140.3800048828125,136.64999389648438,137.50999450683594,130.90582275390625,2893400
2022-10-11,136.3699951171875,139.2100067138672,135.38999938964844,137.35000610351562,130.7535400390625,2588700
2022-10-12,137.30999755859375,138.4499969482422,136.11000061035156,136.74000549316406,130.1728515625,2397400
2022-10-13,131.35000610351562,142.5500030517578,130.64999389648438,141.5500030517578,135.26622009277344,5232300
2022-10-14,142.9600067138672,143.8800048828125,136.13999938964844,136.80999755859375,130.73666381835938,3871900
2022-10-17,140.5800018310547,142.22000122070312,140.08999633789062,141.5399932861328,135.2566680908203,3139300
2022-10-18,146.1300048828125,147.0500030517578,143.5500030517578,145.99000549316406,139.50912475585938,3963300
2022-10-19,145.42999267578125,147.07000732421875,142.60000610351562,143.97000122070312,137.5787811279297,2803900
2022-10-20,144.0,147.32000732421875,142.14999389648438,142.4199981689453,136.09762573242188,4319300
2022-10-21,140.99000549316406,141.32000732421875,132.2100067138672,140.0399932861328,133.82327270507812,11755400
2022-10-24,141.3000030517578,143.7899932861328,140.3699951171875,141.6300048828125,135.34268188476562,4299600
2022-10-25,142.47999572753906,147.44000244140625,141.60000610351562,147.02000427246094,140.49339294433594,3889100
2022-10-26,147.55999755859375,149.5,146.47000122070312,146.8800048828125,140.35958862304688,3559100
2022-10-27,148.44000244140625,149.7100067138672,146.41000366210938,146.97000122070312,140.4456024169922,2101300
2022-10-28,146.55999755859375,150.91000366210938,146.0500030517578,150.44000244140625,143.76158142089844,3383100
2022-10-31,150.0,150.3000030517578,148.32000732421875,148.4499969482422,141.8599090576172,3042900
2022-11-01,149.9600067138672,150.6300048828125,146.6300048828125,147.0800018310547,140.5507354736328,2675500
2022-11-02,146.5800018310547,149.02999877929688,143.3699951171875,143.5,137.12965393066406,2851600
2022-11-03,141.08999633789062,142.1999969482422,138.77000427246094,139.30999755859375,133.12567138671875,3960500
2022-11-04,142.39999389648438,146.36000061035156,141.0,144.72000122070312,138.29551696777344,3322100
2022-11-07,146.1999969482422,147.5399932861328,143.75999450683594,146.97999572753906,140.45516967773438,2918000
2022-11-08,147.44000244140625,151.33999633789062,147.13999938964844,150.1999969482422,143.53219604492188,3846000
2022-11-09,149.47000122070312,149.47000122070312,145.66000366210938,145.86000061035156,139.38490295410156,2425500
2022-11-10,152.7899932861328,155.7899932861328,151.30999755859375,154.75,147.8802490234375,4701600
2022-11-11,156.49000549316406,158.8800048828125,154.6999969482422,154.88999938964844,148.01402282714844,3714600
2022-11-14,153.3699951171875,156.5,153.05999755859375,154.1300048828125,147.28778076171875,3666500
2022-11-15,156.9600067138672,157.35000610351562,152.32000732421875,153.88999938964844,147.05841064453125,2916900
2022-11-16,154.2100067138672,155.91000366210938,151.85000610351562,152.57000732421875,145.79702758789062,2635300
2022-11-17,150.0,151.05999755859375,149.22000122070312,150.63999938964844,143.9527130126953,2769600
2022-11-18,152.25,153.75999450683594,150.94000244140625,152.5,145.7301483154297,2631300
2022-11-21,152.25,153.4600067138672,151.88999938964844,152.80999755859375,146.02635192871094,2003500
2022-11-22,154.10000610351562,155.14999389648438,153.2899932861328,154.5800018310547,147.71780395507812,2124600
2022-11-23,153.8300018310547,154.99000549316406,152.8800048828125,153.92999267578125,147.09664916992188,1404400
2022-11-25,153.52000427246094,154.47000122070312,153.1699981689453,154.14999389648438,147.306884765625,665800
2022-11-28,152.69000244140625,153.77999877929688,150.3699951171875,150.8699951171875,144.1725311279297,1782900
2022-11-29,150.9600067138672,154.47000122070312,150.52999877929688,154.4199981689453,147.5648651123047,2655700
2022-11-30,153.83999633789062,157.58999633789062,151.47999572753906,157.58999633789062,150.5941619873047,3914700
2022-12-01,157.72000122070312,158.8699951171875,154.75,157.5,150.50814819335938,2670300
2022-12-02,155.22000122070312,157.27999877929688,155.0,156.75,149.79147338867188,2285400
2022-12-05,155.9600067138672,159.4499969482422,155.5500030517578,156.0800018310547,149.1511993408203,3013100
2022-12-06,155.75,158.33999633789062,153.32000732421875,154.6999969482422,147.83245849609375,3285100
2022-12-07,154.55999755859375,156.99000549316406,154.30999755859375,154.77000427246094,147.89939880371094,2879800
2022-12-08,155.88999938964844,156.4199981689453,153.4499969482422,154.1199951171875,147.2782440185547,1632400
2022-12-09,153.99000549316406,155.13999938964844,152.6199951171875,153.89999389648438,147.06797790527344,1761200
2022-12-12,154.25999450683594,157.75999450683594,154.0,157.30999755859375,150.32659912109375,2773900
2022-12-13,160.6199951171875,161.5500030517578,156.16000366210938,157.52000427246094,150.52728271484375,3110500
2022-12-14,157.57000732421875,158.6199951171875,153.83999633789062,154.11000061035156,147.26866149902344,3556200
2022-12-15,151.64999389648438,152.27999877929688,146.47000122070312,150.22000122070312,143.5513458251953,4282200
2022-12-16,148.58999633789062,148.58999633789062,144.14999389648438,146.3000030517578,139.80535888671875,4510600
2022-12-19,146.0399932861328,146.74000549316406,143.66000366210938,145.00999450683594,138.5726318359375,2546000
2022-12-20,144.99000549316406,146.5,144.25,145.6999969482422,139.2319793701172,1607800
2022-12-21,147.05999755859375,147.77999877929688,146.3699951171875,147.10000610351562,140.5698699951172,2107100
2022-12-22,146.0500030517578,146.6999969482422,142.72000122070312,145.30999755859375,138.85931396484375,2901100
2022-12-23,145.22999572753906,147.13999938964844,144.52000427246094,147.02000427246094,140.49339294433594,1671800
2022-12-27,147.2899932861328,147.86000061035156,145.6699981689453,146.38999938964844,139.891357421875,1858500
2022-12-28,146.2100067138672,146.82000732421875,143.94000244140625,144.00999450683594,137.61700439453125,1490200
2022-12-29,145.0800018310547,147.6199951171875,144.39999389648438,147.32000732421875,140.7801055908203,1758500
2022-12-30,146.00999450683594,147.92999267578125,145.72999572753906,147.75,141.19097900390625,2247200
2023-01-03,149.5399932861328,150.4499969482422,145.72999572753906,147.1199951171875,140.58895874023438,2762200
2023-01-04,148.55999755859375,151.9600067138672,148.55999755859375,150.5399932861328,143.8571319580078,2620400
2023-01-05,147.16000366210938,148.72000122070312,146.02000427246094,146.42999267578125,140.4145965576172,2505700
2023-01-06,147.74000549316406,150.42999267578125,145.47999572753906,150.1699981689453,144.00094604492188,3077400
2023-01-09,151.35000610351562,152.4499969482422,150.10000610351562,150.39999389648438,144.2215118408203,3219400
2023-01-10,150.50999450683594,152.17999267578125,149.27999877929688,152.0,145.7557830810547,2198400
2023-01-11,152.3000030517578,154.11000061035156,152.27000427246094,153.9199981689453,147.59693908691406,3113600
2023-01-12,154.75999450683594,155.75,152.39999389648438,154.9199981689453,148.55584716796875,3322400
2023-01-13,153.24000549316406,156.25,152.3000030517578,155.75999450683594,149.36129760742188,2391300
2023-01-17,155.5399932861328,156.10000610351562,153.3699951171875,153.75,147.43392944335938,3073400
2023-01-18,154.49000549316406,154.75999450683594,150.32000732421875,150.4199981689453,144.24069213867188,2762400
2023-01-19,146.61000061035156,148.0,144.1999969482422,146.85000610351562,140.8173370361328,3852300
2023-01-20,147.9600067138672,151.77999877929688,147.72000122070312,151.60000610351562,145.37222290039062,3954800
2023-01-23,152.0,155.05999755859375,151.5500030517578,154.0,147.67361450195312,3608700
2023-01-24,152.9199981689453,156.6699981689453,152.66000366210938,155.3300018310547,148.94898986816406,2348500
2023-01-25,153.49000549316406,157.05999755859375,153.3699951171875,156.77000427246094,150.329833984375,2916500
2023-01-26,157.64999389648438,158.22999572753906,154.2899932861328,155.8800048828125,149.47642517089844,3640300
2023-01-27,166.8000030517578,175.5399932861328,165.5,172.30999755859375,165.23146057128906,13997300
2023-01-30,174.7899932861328,177.86000061035156,172.50999450683594,172.66000366210938,165.5670623779297,10240700
2023-01-31,172.91000366210938,175.30999755859375,171.89999389648438,174.92999267578125,167.74378967285156,5170900
2023-02-01,173.3800048828125,175.1199951171875,171.92999267578125,173.61000061035156,166.47802734375,3725200
2023-02-02,174.16000366210938,175.22000122070312,171.0800018310547,173.1300048828125,166.0177459716797,6895500
2023-02-03,171.55999755859375,180.39999389648438,171.2100067138672,178.86000061035156,171.5123748779297,5305100
2023-02-06,176.74000549316406,177.75,175.69000244140625,176.47999572753906,169.2301483154297,3397800
2023-02-07,175.0500030517578,179.02999877929688,174.75,178.6999969482422,171.3589630126953,3526300
2023-02-08,179.75,180.10000610351562,177.8800048828125,179.0,171.6466064453125,2926500
2023-02-09,179.14999389648438,182.0800018310547,178.47999572753906,179.3699951171875,172.0013885498047,3557900
2023-02-10,178.57000732421875,179.72999572753906,176.49000549316406,179.25,171.88636779785156,2586200
2023-02-13,179.24000549316406,181.3800048828125,178.27999877929688,181.3300018310547,173.8809051513672,3102400
2023-02-14,180.30999755859375,182.14999389648438,178.7899932861328,181.02000427246094,173.58363342285156,2325900
2023-02-15,178.9199981689453,180.74000549316406,178.5,180.6699981689453,173.24803161621094,1501200
2023-02-16,179.47999572753906,179.8800048828125,177.67999267578125,177.94000244140625,170.63014221191406,1899100
2023-02-17,176.0500030517578,177.61000061035156,174.66000366210938,177.3000030517578,170.0164794921875,2355300
2023-02-21,175.1199951171875,176.5,173.32000732421875,173.47999572753906,166.35337829589844,2713300
2023-02-22,173.55999755859375,176.02000427246094,172.92999267578125,174.6999969482422,167.5232391357422,2468800
2023-02-23,175.24000549316406,176.60000610351562,172.86000061035156,175.13999938964844,167.94517517089844,2575300
2023-02-24,173.69000244140625,174.94000244140625,172.19000244140625,174.25,167.09173583984375,1667400
2023-02-27,175.52999877929688,175.69000244140625,173.0800018310547,173.3000030517578,166.18080139160156,1909000
2023-02-28,174.00999450683594,175.33999633789062,173.5800018310547,173.99000549316406,166.8424530029297,2301400
2023-03-01,173.50999450683594,177.1999969482422,173.00999450683594,175.91000366210938,168.68356323242188,2566500
2023-03-02,174.0399932861328,175.8300018310547,172.66000366210938,175.33999633789062,168.13697814941406,1795000
2023-03-03,176.00999450683594,179.38999938964844,175.22999572753906,179.08999633789062,171.73287963867188,2875600
2023-03-06,178.55999755859375,180.52000427246094,178.4600067138672,179.05999755859375,171.7041473388672,2730700
2023-03-07,178.6699981689453,178.89999389648438,175.0800018310547,175.32000732421875,168.1178436279297,2906400
2023-03-08,175.8300018310547,176.22000122070312,173.57000732421875,174.8300018310547,167.64794921875,2101400
2023-03-09,179.60000610351562,180.27000427246094,171.9600067138672,172.1199951171875,165.04925537109375,4349400
2023-03-10,170.8300018310547,170.8300018310547,164.83999633789062,165.6999969482422,158.89297485351562,5104300
2023-03-13,161.49000549316406,161.99000549316406,157.4199981689453,157.6300048828125,151.1544952392578,6123200
2023-03-14,161.5,164.32000732421875,160.8800048828125,163.91000366210938,157.17657470703125,5284000
2023-03-15,157.91000366210938,159.9600067138672,155.92999267578125,159.80999755859375,153.2449493408203,6100800
2023-03-16,158.05999755859375,161.9199981689453,156.10000610351562,160.72999572753906,154.12718200683594,4737300
2023-03-17,158.22000122070312,158.64999389648438,154.89999389648438,156.52000427246094,150.09011840820312,7447200
2023-03-20,158.3699951171875,160.69000244140625,157.57000732421875,158.74000549316406,152.21893310546875,3054300
2023-03-21,162.94000244140625,164.57000732421875,161.6999969482422,164.55999755859375,157.79981994628906,3986800
2023-03-22,164.6300048828125,166.77000427246094,162.5,162.75,156.06417846679688,4367300
2023-03-23,162.6699981689453,166.24000549316406,160.82000732421875,162.75999450683594,156.0737762451172,3727500
2023-03-24,160.52000427246094,160.7100067138672,157.82000732421875,159.77999877929688,153.21617126464844,2588700
2023-03-27,163.9499969482422,164.47000122070312,161.8300018310547,163.1199951171875,156.41896057128906,3984300
2023-03-28,162.2100067138672,162.58999633789062,158.19000244140625,159.2100067138672,152.66958618164062,4883700
2023-03-29,161.6999969482422,164.19000244140625,161.0800018310547,163.58999633789062,156.8696746826172,3884800
2023-03-30,163.9600067138672,164.9600067138672,161.80999755859375,162.41000366210938,155.73814392089844,2644800
2023-03-31,163.6699981689453,165.0800018310547,161.75,164.9499969482422,158.17376708984375,3594300
2023-04-03,164.11000061035156,165.24000549316406,162.67999267578125,163.77999877929688,157.05184936523438,2704400
2023-04-04,165.00999450683594,165.19000244140625,160.8300018310547,162.55999755859375,155.8820037841797,2063500
2023-04-05,160.55999755859375,161.60000610351562,160.19000244140625,161.0800018310547,155.03501892089844,2346800
2023-04-06,160.6300048828125,160.7899932861328,158.22999572753906,158.8300018310547,152.86944580078125,3754500
2023-04-10,158.0399932861328,161.1699981689453,157.8000030517578,161.13999938964844,155.0927734375,2372600
2023-04-11,161.6699981689453,162.5800018310547,160.32000732421875,161.8300018310547,155.75686645507812,2742300
2023-04-12,163.22000122070312,163.22000122070312,158.8699951171875,159.2899932861328,153.31216430664062,2817600
2023-04-13,159.8000030517578,162.4199981689453,158.97999572753906,162.3000030517578,156.20925903320312,2729000
2023-04-14,164.24000549316406,164.77000427246094,161.4600067138672,163.22000122070312,157.0947265625,2618100
2023-04-17,161.94000244140625,163.74000549316406,160.88999938964844,163.7100067138672,157.56631469726562,2622300
2023-04-18,164.60000610351562,165.0500030517578,163.27999877929688,164.39999389648438,158.2303924560547,2444500
2023-04-19,164.3699951171875,166.5500030517578,163.74000549316406,164.9499969482422,158.75975036621094,3768600
2023-04-20,159.0,163.75,154.00999450683594,163.27999877929688,157.15245056152344,10832400
2023-04-21,163.02000427246094,164.77000427246094,161.22999572753906,163.77999877929688,157.63369750976562,3882500
2023-04-24,164.22999572753906,164.3000030517578,160.39999389648438,160.58999633789062,154.56341552734375,2473500
2023-04-25,158.91000366210938,159.25,155.97000122070312,156.1199951171875,150.26112365722656,3421300
2023-04-26,155.77000427246094,157.25999450683594,155.0800018310547,155.72000122070312,149.8761444091797,2789100
2023-04-27,156.5399932861328,158.6999969482422,155.91000366210938,158.4499969482422,152.50369262695312,2143500
2023-04-28,157.3000030517578,161.3800048828125,156.8800048828125,161.33999633789062,155.28524780273438,2380100
2023-05-01,161.85000610351562,161.85000610351562,158.67999267578125,159.32000732421875,153.34104919433594,1803600
2023-05-02,158.35000610351562,158.35000610351562,151.91000366210938,153.25,147.49887084960938,4925600
2023-05-03,153.25999450683594,154.97999572753906,151.83999633789062,152.2100067138672,146.4978790283203,2655300
2023-05-04,151.02999877929688,151.25,147.39999389648438,148.80999755859375,143.2254638671875,3997900
2023-05-05,151.2899932861328,153.32000732421875,151.1199951171875,152.64999389648438,146.92137145996094,2223200
2023-05-08,153.41000366210938,154.5800018310547,152.9499969482422,153.0399932861328,147.29672241210938,2271600
2023-05-09,152.0,153.72999572753906,151.8800048828125,153.3800048828125,147.6239776611328,2322700
2023-05-10,153.61000061035156,154.6699981689453,147.9499969482422,148.67999267578125,143.10032653808594,4602600
2023-05-11,147.97000122070312,148.5,146.27999877929688,147.99000549316406,142.4362335205078,2900300
2023-05-12,149.32000732421875,149.32000732421875,147.08999633789062,147.92999267578125,142.37850952148438,2320000
2023-05-15,148.17999267578125,150.2100067138672,147.92999267578125,150.0,144.37081909179688,2271900
2023-05-16,150.19000244140625,152.41000366210938,148.3699951171875,148.41000366210938,142.8404998779297,1960200
2023-05-17,149.82000732421875,152.88999938964844,149.3000030517578,152.08999633789062,146.3824005126953,2446500
2023-05-18,152.25,154.1199951171875,151.05999755859375,153.47999572753906,147.7201690673828,2629800
2023-05-19,154.57000732421875,154.9199981689453,152.13999938964844,152.9499969482422,147.2101287841797,2258600
2023-05-22,153.6699981689453,155.89999389648438,153.27999877929688,155.50999450683594,149.67405700683594,2483800
2023-05-23,154.47000122070312,155.75999450683594,152.5,152.55999755859375,146.83474731445312,2928400
2023-05-24,151.5,151.6999969482422,150.1199951171875,150.72000122070312,145.06382751464844,2308400
2023-05-25,149.60000610351562,151.5,149.3699951171875,151.0800018310547,145.41029357910156,3234300
2023-05-26,152.80999755859375,158.25,152.52999877929688,157.24000549316406,151.3391571044922,4015400
2023-05-30,157.14999389648438,158.9499969482422,156.66000366210938,158.00999450683594,152.08021545410156,3268200
2023-05-31,157.6699981689453,159.60000610351562,156.25999450683594,158.55999755859375,152.60960388183594,5588500
2023-06-01,159.05999755859375,163.99000549316406,158.22999572753906,162.72000122070312,156.61346435546875,4087200
2023-06-02,164.99000549316406,169.85000610351562,164.49000549316406,168.55999755859375,162.23431396484375,4820500
2023-06-05,168.24000549316406,168.24000549316406,165.8300018310547,167.42999267578125,161.14674377441406,2870900
2023-06-06,167.85000610351562,172.64999389648438,167.5,171.82000732421875,165.37197875976562,3631500
2023-06-07,173.64999389648438,173.64999389648438,170.6999969482422,171.5500030517578,165.11209106445312,2789000
2023-06-08,170.64999389648438,171.52999877929688,169.55999755859375,171.13999938964844,164.71746826171875,2354400
2023-06-09,171.94000244140625,172.22000122070312,170.94000244140625,171.72000122070312,165.27572631835938,2200900
2023-06-12,172.00999450683594,173.92999267578125,171.92999267578125,173.63999938964844,167.1236572265625,2609600
2023-06-13,174.41000366210938,176.1199951171875,174.2100067138672,175.13999938964844,168.56735229492188,2480400
2023-06-14,176.02000427246094,177.0399932861328,173.38999938964844,174.47000122070312,167.92250061035156,2326100
2023-06-15,171.41000366210938,174.52999877929688,169.57000732421875,173.80999755859375,167.2872772216797,2797600
2023-06-16,174.1999969482422,174.5800018310547,171.5500030517578,172.2100067138672,165.74732971191406,4616900
2023-06-20,171.0,171.22000122070312,168.3300018310547,169.41000366210938,163.05239868164062,2865700
2023-06-21,169.10000610351562,169.10000610351562,166.9499969482422,167.9199981689453,161.61831665039062,2813600
2023-06-22,167.27999877929688,168.5,165.22999572753906,168.25999450683594,161.945556640625,2755900
2023-06-23,166.0,168.60000610351562,165.74000549316406,168.07000732421875,161.76268005371094,4214400
2023-06-26,168.52999877929688,170.5,167.05999755859375,167.11000061035156,160.8386993408203,2507100
2023-06-27,166.35000610351562,168.3800048828125,166.17999267578125,168.19000244140625,161.878173828125,2433900
2023-06-28,167.25999450683594,169.8699951171875,167.1999969482422,169.77999877929688,163.40850830078125,2289000
2023-06-29,170.5800018310547,172.30999755859375,170.32000732421875,172.0800018310547,165.62222290039062,2899200
2023-06-30,174.24000549316406,175.08999633789062,173.3300018310547,174.1999969482422,167.6626434326172,3371300
2023-07-03,174.3000030517578,176.3300018310547,173.6999969482422,175.44000244140625,168.85610961914062,1700200
2023-07-05,174.3800048828125,176.57000732421875,174.0399932861328,175.57000732421875,168.98123168945312,2487800
2023-07-06,171.74000549316406,172.30999755859375,168.22999572753906,170.94000244140625,165.0891571044922,3157300
2023-07-07,169.1300048828125,171.57000732421875,168.6699981689453,169.8000030517578,163.98818969726562,2145300
2023-07-10,169.86000061035156,171.8300018310547,169.4499969482422,171.7100067138672,165.8328399658203,1865600
2023-07-11,172.5,175.5800018310547,172.32000732421875,174.63999938964844,168.66253662109375,2281900
2023-07-12,177.0,177.91000366210938,174.30999755859375,174.3300018310547,168.36314392089844,2305800
2023-07-13,175.4199981689453,176.10000610351562,173.89999389648438,174.24000549316406,168.2762451171875,2080400
2023-07-14,175.36000061035156,175.66000366210938,172.52000427246094,173.38999938964844,167.455322265625,1829500
2023-07-17,172.94000244140625,176.25999450683594,172.83999633789062,175.38999938964844,169.3868408203125,2144100
2023-07-18,175.19000244140625,178.44000244140625,174.42999267578125,178.0399932861328,171.9461669921875,2685700
2023-07-19,178.25,178.7899932861328,176.30999755859375,177.1199951171875,171.0576629638672,2749100
2023-07-20,175.55999755859375,177.22000122070312,174.0500030517578,177.11000061035156,171.04800415039062,3940700
2023-07-21,172.1699981689453,173.33999633789062,167.4199981689453,170.22000122070312,164.393798828125,9102100
2023-07-24,167.58999633789062,169.0,166.92999267578125,167.7899932861328,162.04698181152344,4979900
2023-07-25,167.35000610351562,168.9499969482422,166.4199981689453,166.5,160.8011474609375,3286700
2023-07-26,166.1699981689453,168.42999267578125,166.05999755859375,167.75,162.0083770751953,2352000
2023-07-27,168.52999877929688,168.5399932861328,163.1699981689453,163.60000610351562,158.0004119873047,3944200
2023-07-28,165.2899932861328,166.5800018310547,164.63999938964844,165.42999267578125,159.76776123046875,2925900
2023-07-31,166.50999450683594,168.99000549316406,166.50999450683594,168.8800048828125,163.0996856689453,3345900
2023-08-01,167.9499969482422,169.80999755859375,167.25999450683594,169.64999389648438,163.84332275390625,2340100
2023-08-02,167.27999877929688,167.75,166.0500030517578,166.75,161.0426025390625,2236200
2023-08-03,165.83999633789062,166.66000366210938,165.02999877929688,166.41000366210938,160.71421813964844,1708700
2023-08-04,166.52999877929688,168.10000610351562,165.05999755859375,165.41000366210938,159.7484588623047,2256000
2023-08-07,166.85000610351562,167.3300018310547,166.13999938964844,166.9600067138672,161.24539184570312,2027200
2023-08-08,164.89999389648438,165.99000549316406,163.58999633789062,165.8699951171875,160.19268798828125,2102900
2023-08-09,165.94000244140625,166.2899932861328,163.5,163.82000732421875,158.212890625,2445200
2023-08-10,164.7100067138672,166.5,162.72000122070312,163.5399932861328,157.9424591064453,2556000
2023-08-11,162.6699981689453,165.77999877929688,162.60000610351562,165.27000427246094,159.61325073242188,2102500
2023-08-14,164.3300018310547,166.47999572753906,163.77000427246094,166.0800018310547,160.39552307128906,1827300
2023-08-15,164.38999938964844,164.80999755859375,161.6999969482422,161.91000366210938,156.36825561523438,2447600
2023-08-16,161.27000427246094,162.9600067138672,160.63999938964844,160.75999450683594,155.25762939453125,1994900
2023-08-17,161.91000366210938,162.61000061035156,160.3800048828125,160.5800018310547,155.08377075195312,2473000
2023-08-18,159.22999572753906,160.8000030517578,158.94000244140625,160.22999572753906,154.7457275390625,2139500
2023-08-21,160.8800048828125,161.64999389648438,160.0800018310547,160.8800048828125,155.3734893798828,2070500
2023-08-22,160.75999450683594,161.25999450683594,158.61000061035156,159.0800018310547,153.6351318359375,2255500
2023-08-23,159.3300018310547,160.0800018310547,158.6999969482422,159.44000244140625,153.98280334472656,2042500
2023-08-24,159.00999450683594,161.4199981689453,157.74000549316406,157.7899932861328,152.38926696777344,2468600
2023-08-25,158.44000244140625,159.63999938964844,157.3300018310547,158.32000732421875,152.901123046875,2969200
2023-08-28,158.97999572753906,160.91000366210938,158.75999450683594,159.19000244140625,153.74134826660156,2509900
2023-08-29,158.88999938964844,160.7899932861328,158.3000030517578,160.24000549316406,154.75543212890625,2175800
2023-08-30,160.27000427246094,161.86000061035156,160.1199951171875,160.1699981689453,154.68777465820312,3039900
2023-08-31,160.66000366210938,160.94000244140625,157.74000549316406,157.99000549316406,152.58242797851562,3653900
2023-09-01,159.07000732421875,160.16000366210938,158.7100067138672,159.6199951171875,154.15663146972656,2195500
2023-09-05,160.11000061035156,161.86000061035156,159.35000610351562,160.0,154.5236053466797,4151000
2023-09-06,159.07000732421875,159.83999633789062,156.86000061035156,158.0,152.592041015625,2949200
2023-09-07,157.25999450683594,157.6300048828125,156.07000732421875,156.77999877929688,151.41383361816406,2617400
2023-09-08,157.02000427246094,157.7899932861328,156.7100067138672,157.42999267578125,152.0415496826172,1931300
2023-09-11,158.3699951171875,159.16000366210938,157.39999389648438,157.8300018310547,152.4279022216797,2611100
2023-09-12,157.64999389648438,159.72000122070312,157.4499969482422,158.5,153.074951171875,2659000
2023-09-13,159.33999633789062,160.6999969482422,158.6199951171875,159.13999938964844,153.6930389404297,2976700
2023-09-14,160.57000732421875,161.9600067138672,160.0,161.77999877929688,156.24269104003906,3209900
2023-09-15,162.02999877929688,164.3300018310547,161.82000732421875,163.75,158.145263671875,7273600
2023-09-18,163.7899932861328,163.9499969482422,159.35000610351562,159.6300048828125,154.166259765625,2413400
2023-09-19,159.0500030517578,159.8699951171875,158.4499969482422,159.35000610351562,153.89585876464844,2230700
2023-09-20,160.0,160.1999969482422,156.8800048828125,157.22999572753906,151.84840393066406,1969700
2023-09-21,155.8300018310547,156.8699951171875,154.44000244140625,154.7100067138672,149.41468811035156,2712100
2023-09-22,155.0,155.0399932861328,152.9199981689453,153.0800018310547,147.84046936035156,2380600
2023-09-25,152.2100067138672,153.30999755859375,151.75,153.22999572753906,147.9853515625,2434400
2023-09-26,151.75,152.9600067138672,150.16000366210938,151.1199951171875,145.94757080078125,2332100
2023-09-27,151.5,151.5,148.97000122070312,149.89999389648438,144.76930236816406,3705400
2023-09-28,149.77000427246094,150.8800048828125,149.02000427246094,150.22999572753906,145.0880126953125,3489800
2023-09-29,151.4499969482422,151.69000244140625,148.6699981689453,149.19000244140625,144.08363342285156,3579400
2023-10-02,148.4199981689453,149.89999389648438,148.07000732421875,149.47999572753906,144.3636932373047,2657600
2023-10-03,148.5,149.17999267578125,144.30999755859375,145.0500030517578,140.08534240722656,4184100
2023-10-04,145.89999389648438,146.9199981689453,144.39999389648438,146.6300048828125,141.61123657226562,3476700
2023-10-05,145.5800018310547,147.5399932861328,144.77000427246094,147.08999633789062,142.63916015625,2706200
2023-10-06,146.7100067138672,150.35000610351562,146.13999938964844,149.32000732421875,144.8016815185547,3204600
2023-10-09,147.60000610351562,149.4499969482422,147.4199981689453,148.82000732421875,144.31683349609375,2279400
2023-10-10,149.5,151.72999572753906,149.0,150.92999267578125,146.3629608154297,2909100
2023-10-11,151.42999267578125,152.80999755859375,149.75999450683594,151.50999450683594,146.92538452148438,1727000
2023-10-12,152.5,152.72000122070312,150.11000061035156,151.27999877929688,146.70237731933594,2377200
2023-10-13,152.9199981689453,154.13999938964844,150.42999267578125,151.10000610351562,146.52784729003906,2951500
2023-10-16,152.3699951171875,153.41000366210938,151.2100067138672,152.7899932861328,148.1666717529297,2586300
2023-10-17,151.55999755859375,154.72999572753906,151.5,154.38999938964844,149.71826171875,3919400
2023-10-18,153.1199951171875,153.58999633789062,151.1300048828125,151.52999877929688,146.94479370117188,2632200
2023-10-19,150.41000366210938,156.0500030517578,149.00999450683594,149.6199951171875,145.0926055908203,4642200
2023-10-20,144.6999969482422,147.94000244140625,141.44000244140625,141.57000732421875,137.28619384765625,8268100
2023-10-23,141.5,145.85000610351562,140.91000366210938,144.58999633789062,140.21478271484375,5313500
2023-10-24,145.85000610351562,146.50999450683594,143.5399932861328,144.4199981689453,140.0499267578125,3521100
2023-10-25,144.08999633789062,144.83999633789062,143.22999572753906,143.52000427246094,139.1771697998047,2841400
2023-10-26,143.3699951171875,144.91000366210938,142.99000549316406,143.33999633789062,139.00262451171875,3378000
2023-10-27,143.85000610351562,143.9600067138672,141.02999877929688,141.30999755859375,137.0340576171875,3442500
2023-10-30,142.72000122070312,143.86000061035156,141.72999572753906,143.27000427246094,138.93475341796875,3303300
2023-10-31,143.3300018310547,146.67999267578125,143.07000732421875,146.02999877929688,141.61122131347656,3737200
2023-11-01,146.49000549316406,146.82000732421875,145.13999938964844,146.4499969482422,142.01853942871094,2332600
2023-11-02,148.3300018310547,150.91000366210938,148.3300018310547,150.85000610351562,146.28538513183594,3108400
2023-11-03,152.5800018310547,153.8800048828125,152.39999389648438,152.75999450683594,148.13760375976562,2667700
2023-11-06,152.60000610351562,153.07000732421875,151.50999450683594,152.99000549316406,148.3606414794922,2490000
2023-11-07,152.97000122070312,153.7899932861328,152.35000610351562,152.97999572753906,148.35092163085938,1583300
2023-11-08,152.97000122070312,153.8000030517578,152.42999267578125,153.00999450683594,148.3800048828125,1804500
2023-11-09,153.67999267578125,154.16000366210938,152.0500030517578,152.3699951171875,147.75938415527344,2052900
2023-11-10,153.0399932861328,154.47999572753906,152.10000610351562,154.3800048828125,149.70858764648438,2088100
2023-11-13,154.0800018310547,155.25999450683594,153.5,154.33999633789062,149.66973876953125,1753600
2023-11-14,156.60000610351562,157.9199981689453,156.02999877929688,156.91000366210938,152.16201782226562,2968600
2023-11-15,157.52999877929688,159.44000244140625,157.0,159.42999267578125,154.6057586669922,3272600
2023-11-16,159.64999389648438,160.10000610351562,157.97000122070312,159.0500030517578,154.23727416992188,3749100
2023-11-17,159.91000366210938,162.5800018310547,159.91000366210938,162.55999755859375,157.64105224609375,2975800
2023-11-20,162.91000366210938,164.64999389648438,162.75999450683594,163.85000610351562,158.8920135498047,3242900
2023-11-21,163.64999389648438,164.1199951171875,161.72999572753906,162.2899932861328,157.37918090820312,2759700
2023-11-22,163.27999877929688,164.67999267578125,162.85000610351562,163.7899932861328,158.8338165283203,2527500
2023-11-24,164.55999755859375,165.22000122070312,163.97000122070312,164.4199981689453,159.44476318359375,950700
2023-11-27,163.75999450683594,164.52000427246094,163.32000732421875,164.0399932861328,159.07627868652344,2146400
2023-11-28,163.9199981689453,165.97999572753906,163.61000061035156,165.66000366210938,160.6472625732422,2117800
2023-11-29,166.39999389648438,168.72000122070312,166.39999389648438,167.42999267578125,162.36367797851562,2720200
2023-11-30,168.0,171.1699981689453,167.52999877929688,170.77000427246094,165.60260009765625,4253100
2023-12-01,170.6699981689453,174.33999633789062,170.30999755859375,173.75999450683594,168.5021514892578,3412000
2023-12-04,172.86000061035156,175.30999755859375,172.66000366210938,173.25,168.00758361816406,3631000
2023-12-05,172.10000610351562,172.7100067138672,165.92999267578125,170.67999267578125,165.51531982421875,6452500
2023-12-06,171.72999572753906,172.3800048828125,167.17999267578125,167.50999450683594,162.4412384033203,3890700
2023-12-07,168.4600067138672,169.22000122070312,167.74000549316406,168.6199951171875,163.5176544189453,2797100
2023-12-08,168.33999633789062,169.1300048828125,167.57000732421875,168.42999267578125,163.3334503173828,2681300
2023-12-11,168.39999389648438,169.50999450683594,167.86000061035156,168.38999938964844,163.29461669921875,2811400
2023-12-12,168.38999938964844,171.0800018310547,167.77000427246094,171.0399932861328,165.8644561767578,2946200
2023-12-13,171.2100067138672,174.66000366210938,170.14999389648438,174.55999755859375,169.27792358398438,3207700
2023-12-14,175.74000549316406,179.89999389648438,175.60000610351562,178.86000061035156,173.44784545898438,4548100
2023-12-15,177.5399932861328,181.17999267578125,177.5,180.50999450683594,175.0478973388672,7139200
2023-12-18,181.3800048828125,182.83999633789062,181.02999877929688,182.75999450683594,177.2298126220703,2814400
2023-12-19,183.2100067138672,185.77000427246094,183.19000244140625,185.75,180.1293182373047,3978300
2023-12-20,185.35000610351562,185.64999389648438,180.5399932861328,180.64999389648438,175.18365478515625,4020700
2023-12-21,181.8300018310547,185.2100067138672,181.8300018310547,184.7899932861328,179.19837951660156,3496800
2023-12-22,185.63999938964844,186.3699951171875,184.6300048828125,185.57000732421875,179.95481872558594,2782600
2023-12-26,185.9600067138672,186.17999267578125,185.1300048828125,185.9600067138672,180.33299255371094,1230000
2023-12-27,186.13999938964844,187.1300048828125,185.6199951171875,187.05999755859375,181.39967346191406,1825400
2023-12-28,187.1199951171875,188.07000732421875,187.0,187.8000030517578,182.1173095703125,1486100
2023-12-29,187.75,188.3000030517578,186.52999877929688,187.33999633789062,181.67120361328125,1915000
2024-01-02,186.49000549316406,188.74000549316406,186.07000732421875,188.30999755859375,182.61187744140625,2236600
2024-01-03,186.67999267578125,187.49000549316406,185.58999633789062,186.32000732421875,180.6820831298828,2720500
2024-01-04,186.00999450683594,188.57000732421875,185.75999450683594,187.13999938964844,182.0635528564453,2777500
2024-01-05,186.82000732421875,189.50999450683594,186.52000427246094,189.05999755859375,183.93148803710938,2243300
2024-01-08,188.22000122070312,189.3300018310547,186.3800048828125,189.2100067138672,184.07740783691406,3442100
2024-01-09,187.8300018310547,187.99000549316406,186.33999633789062,186.77000427246094,181.70359802246094,2055500
2024-01-10,185.02999877929688,186.10000610351562,183.6699981689453,184.97000122070312,179.9524383544922,2757800
2024-01-11,185.00999450683594,185.36000061035156,182.0399932861328,185.02999877929688,180.0107879638672,3493300
2024-01-12,185.8300018310547,186.41000366210938,181.9499969482422,182.0399932861328,177.1019287109375,3366300
2024-01-16,181.00999450683594,181.14999389648438,178.82000732421875,180.97000122070312,176.06092834472656,4142900
2024-01-17,179.4499969482422,181.60000610351562,179.0,181.0,176.09010314941406,2377600
2024-01-18,180.10000610351562,180.19000244140625,177.80999755859375,179.7899932861328,174.91294860839844,3215200
2024-01-19,181.0,183.3800048828125,179.41000366210938,183.1699981689453,178.20127868652344,3388900
2024-01-22,184.25999450683594,186.77000427246094,184.05999755859375,185.00999450683594,179.99131774902344,3145100
2024-01-23,185.67999267578125,186.02000427246094,184.80999755859375,185.47000122070312,180.43885803222656,2327600
2024-01-24,187.08999633789062,188.4199981689453,185.72999572753906,185.82000732421875,180.7793731689453,3052500
2024-01-25,186.44000244140625,188.3300018310547,186.42999267578125,188.07000732421875,182.96832275390625,3472500
2024-01-26,192.5399932861328,204.77000427246094,192.25999450683594,201.42999267578125,195.96591186523438,13555400
2024-01-29,201.91000366210938,202.89999389648438,199.07000732421875,200.86000061035156,195.41139221191406,4935500
2024-01-30,200.5,204.44000244140625,200.41000366210938,204.14999389648438,198.6121368408203,4284600
2024-01-31,202.39999389648438,205.32000732421875,200.66000366210938,200.74000549316406,195.2946319580078,3495000
2024-02-01,200.36000061035156,203.47000122070312,199.8800048828125,203.22000122070312,197.7073516845703,3028300
2024-02-02,203.38999938964844,206.97000122070312,203.0,206.41000366210938,200.8108367919922,3393000
2024-02-05,205.49000549316406,206.72000122070312,203.4199981689453,205.94000244140625,200.35357666015625,3099300
2024-02-06,205.44000244140625,207.0800018310547,204.0,205.64999389648438,200.0714569091797,3255300
2024-02-07,207.0800018310547,209.14999389648438,205.60000610351562,209.0800018310547,203.40841674804688,3272100
2024-02-08,208.25,211.33999633789062,207.9499969482422,211.2100067138672,205.4806365966797,4136600
2024-02-09,211.5500030517578,214.25,210.41000366210938,212.47000122070312,206.7064666748047,4785100
2024-02-12,212.25,214.00999450683594,211.61000061035156,212.25999450683594,206.50213623046875,4041400
2024-02-13,210.22000122070312,210.97000122070312,207.61000061035156,209.6699981689453,203.98243713378906,3381700
2024-02-14,211.14999389648438,211.2899932861328,208.82000732421875,210.89999389648438,205.1790313720703,2770800
2024-02-15,211.47000122070312,213.1199951171875,210.64999389648438,212.52999877929688,206.7648162841797,2644500
2024-02-16,212.52999877929688,214.2899932861328,211.8699951171875,212.55999755859375,206.79400634765625,2831300
2024-02-20,211.0,213.75,210.27999877929688,212.49000549316406,206.7259521484375,3341700
2024-02-21,211.60000610351562,212.69000244140625,209.10000610351562,210.88999938964844,205.1693115234375,2599400
2024-02-22,212.47999572753906,215.5500030517578,212.47999572753906,213.99000549316406,208.1852264404297,3027800
2024-02-23,215.0,216.32000732421875,214.25999450683594,214.55999755859375,208.73973083496094,2617000
2024-02-26,213.4199981689453,217.5399932861328,213.25,216.9600067138672,211.0746612548828,2684500
2024-02-27,217.42999267578125,218.0800018310547,216.3000030517578,217.97999572753906,212.06700134277344,2428100
2024-02-28,217.17999267578125,219.1999969482422,216.75999450683594,218.02999877929688,212.11563110351562,2599200
2024-02-29,218.99000549316406,219.74000549316406,217.64999389648438,219.4199981689453,213.46792602539062,5186500
2024-03-01,219.30999755859375,220.3800048828125,218.42999267578125,219.66000366210938,213.70143127441406,2342800
2024-03-04,219.07000732421875,219.5800018310547,217.24000549316406,218.91000366210938,212.9717559814453,2625300
2024-03-05,217.44000244140625,218.89999389648438,216.1199951171875,217.1999969482422,211.30813598632812,2672300
2024-03-06,217.6199951171875,219.2899932861328,217.27000427246094,218.4499969482422,212.5242462158203,2727900
2024-03-07,221.00999450683594,224.69000244140625,220.80999755859375,223.4199981689453,217.35940551757812,2974100
2024-03-08,223.0399932861328,224.89999389648438,222.83999633789062,223.3699951171875,217.31076049804688,2242800
2024-03-11,221.9199981689453,222.36000061035156,218.2899932861328,220.19000244140625,214.21702575683594,2808200
2024-03-12,221.24000549316406,223.44000244140625,219.63999938964844,222.64999389648438,216.61029052734375,2067700
2024-03-13,223.13999938964844,223.49000549316406,221.8699951171875,222.80999755859375,216.76596069335938,2693100
2024-03-14,224.27999877929688,224.2899932861328,219.10000610351562,220.47000122070312,214.48944091796875,2417900
2024-03-15,220.97999572753906,221.60000610351562,217.22000122070312,218.4600067138672,212.53399658203125,5267900
2024-03-18,219.89999389648438,221.72999572753906,218.99000549316406,220.97000122070312,214.9758758544922,1893000
2024-03-19,221.0500030517578,221.9499969482422,219.3699951171875,221.69000244140625,215.6763458251953,1817600
2024-03-20,221.49000549316406,228.05999755859375,221.22999572753906,227.91000366210938,221.72760009765625,2249700
2024-03-21,229.11000061035156,231.69000244140625,228.99000549316406,229.1199951171875,222.90478515625,3523700
2024-03-22,229.0500030517578,230.5399932861328,225.91000366210938,225.9600067138672,219.83055114746094,2284700
2024-03-25,225.33999633789062,226.99000549316406,225.22999572753906,226.02999877929688,219.8986053466797,2119500
2024-03-26,226.6199951171875,226.8699951171875,224.32000732421875,224.4600067138672,218.37123107910156,2106400
2024-03-27,227.1999969482422,228.0,225.13999938964844,227.75,221.5719451904297,2153100
2024-03-28,228.4600067138672,228.4600067138672,226.33999633789062,227.69000244140625,221.51356506347656,2295800
2024-04-01,227.44000244140625,228.57000732421875,226.8300018310547,227.61000061035156,221.435791015625,1616700
2024-04-02,226.3699951171875,226.97000122070312,224.58999633789062,225.52999877929688,219.4121551513672,1984500
2024-04-03,225.80999755859375,227.25999450683594,225.25,226.6300048828125,220.48233032226562,2070100
2024-04-04,229.13999938964844,229.67999267578125,219.2100067138672,219.58999633789062,214.2952117919922,3035300
2024-04-05,220.0,223.1199951171875,219.52000427246094,222.4600067138672,217.0960235595703,1827900
2024-04-08,223.4600067138672,224.85000610351562,223.1300048828125,224.11000061035156,218.7062225341797,1401200
2024-04-09,222.99000549316406,223.92999267578125,217.97000122070312,219.83999633789062,214.53919982910156,3503000
2024-04-10,217.50999450683594,219.5,215.52000427246094,217.64999389648438,212.4019775390625,3115000
2024-04-11,217.5,219.1699981689453,214.50999450683594,218.1999969482422,212.93873596191406,3139000
2024-04-12,217.0,218.27999877929688,216.1199951171875,218.1999969482422,212.93873596191406,2441200
2024-04-15,221.88999938964844,222.72999572753906,216.82000732421875,218.39999389648438,213.13389587402344,3459000
2024-04-16,217.6999969482422,219.3800048828125,216.50999450683594,218.33999633789062,213.0753631591797,4176700
2024-04-17,219.55999755859375,220.27999877929688,216.52000427246094,217.6699981689453,212.42149353027344,2256800
2024-04-18,218.25999450683594,221.4499969482422,217.17999267578125,217.5,212.255615234375,3901500
2024-04-19,218.83999633789062,231.60000610351562,218.83999633789062,231.0399932861328,225.46910095214844,7573700
2024-04-22,232.02999877929688,235.3699951171875,227.69000244140625,233.0,227.38186645507812,5151300
2024-04-23,234.77000427246094,239.4199981689453,233.6699981689453,238.9600067138672,233.19815063476562,4684500
2024-04-24,238.27000427246094,240.5500030517578,237.97000122070312,239.1199951171875,233.35430908203125,4429200
2024-04-25,238.1300048828125,238.4499969482422,235.41000366210938,237.10000610351562,231.3830108642578,3329000
2024-04-26,236.0,236.9199981689453,234.4199981689453,235.63999938964844,229.9582061767578,2993300
2024-04-29,236.58999633789062,239.1199951171875,235.63999938964844,238.9199981689453,233.15911865234375,3696300
2024-04-30,237.8800048828125,239.61000061035156,233.77000427246094,234.02999877929688,228.38702392578125,3564300
2024-05-01,233.22000122070312,235.13999938964844,231.22999572753906,231.4600067138672,225.8790283203125,4176000
2024-05-02,233.5800018310547,233.9499969482422,230.91000366210938,232.5,226.89393615722656,2734900
2024-05-03,233.25999450683594,233.35000610351562,229.1300048828125,230.77000427246094,225.2056427001953,3203100
2024-05-06,232.3000030517578,234.57000732421875,231.32000732421875,234.3300018310547,228.67979431152344,2259600
2024-05-07,235.5,236.0,233.41000366210938,234.66000366210938,229.0018310546875,2084300
2024-05-08,234.39999389648438,236.85000610351562,233.52000427246094,236.24000549316406,230.54376220703125,2501900
2024-05-09,235.9600067138672,239.3800048828125,235.55999755859375,239.13999938964844,233.37380981445312,3166300
2024-05-10,240.5,243.5399932861328,240.30999755859375,242.3000030517578,236.45762634277344,2590800
2024-05-13,242.9499969482422,243.5399932861328,238.10000610351562,238.64999389648438,232.89561462402344,2768800
2024-05-14,238.14999389648438,242.08999633789062,238.10000610351562,241.52999877929688,235.70619201660156,2387300
2024-05-15,241.6300048828125,242.8699951171875,240.25,241.6999969482422,235.87208557128906,2013400
2024-05-16,241.72000122070312,243.35000610351562,240.85000610351562,241.32000732421875,235.50125122070312,2605900
2024-05-17,242.8000030517578,243.19000244140625,241.89999389648438,242.82000732421875,236.965087890625,1848700
2024-05-20,243.11000061035156,244.41000366210938,242.10000610351562,242.3000030517578,236.45762634277344,1983200
2024-05-21,242.33999633789062,243.5800018310547,241.33999633789062,243.0800018310547,237.21881103515625,1825800
2024-05-22,242.91000366210938,243.47000122070312,239.52999877929688,240.08999633789062,234.3009033203125,2292700
2024-05-23,240.8300018310547,240.8300018310547,235.1199951171875,235.4600067138672,229.78256225585938,3272600
2024-05-24,236.86000061035156,240.07000732421875,236.69000244140625,238.17999267578125,232.4369354248047,1624200
2024-05-28,237.75,238.47000122070312,235.8800048828125,237.25,231.52938842773438,2315400
2024-05-29,235.4499969482422,237.66000366210938,234.6699981689453,235.94000244140625,230.25099182128906,2711300
2024-05-30,236.3699951171875,237.32000732421875,234.97999572753906,237.22000122070312,231.5001220703125,2386300
2024-05-31,238.0,240.19000244140625,235.91000366210938,240.0,234.2130889892578,5102500
2024-06-03,240.17999267578125,241.36000061035156,233.52999877929688,236.8800048828125,231.16831970214844,2677200
2024-06-04,236.38999938964844,240.0,235.72999572753906,237.25,231.52938842773438,2512100
2024-06-05,236.25,237.6999969482422,233.6999969482422,234.69000244140625,229.03111267089844,2925100
2024-06-06,234.7899932861328,236.39999389648438,232.6999969482422,233.35000610351562,227.72341918945312,2709600
2024-06-07,232.41000366210938,234.1199951171875,231.7100067138672,232.6699981689453,227.05982971191406,2212500
2024-06-10,231.9499969482422,233.9199981689453,230.60000610351562,232.44000244140625,226.83535766601562,2933500
2024-06-11,231.63999938964844,231.63999938964844,224.2100067138672,224.52999877929688,219.1160888671875,3168100
2024-06-12,227.42999267578125,228.39999389648438,222.8300018310547,224.0399932861328,218.63790893554688,3091100
2024-06-13,223.41000366210938,223.75,220.74000549316406,222.19000244140625,216.83251953125,3011300
2024-06-14,221.3800048828125,225.63999938964844,221.33999633789062,224.82000732421875,219.3991241455078,2373800
2024-06-17,224.1999969482422,228.47000122070312,224.02000427246094,228.27000427246094,222.76593017578125,2426700
2024-06-18,227.5800018310547,229.30999755859375,226.77000427246094,229.30999755859375,223.7808380126953,2176500
2024-06-20,228.55999755859375,231.67999267578125,226.44000244140625,230.2100067138672,224.65914916992188,2968100
2024-06-21,231.11000061035156,231.11000061035156,227.5,230.3800048828125,224.82504272460938,5064300
2024-06-24,231.67999267578125,233.89999389648438,230.2100067138672,231.47000122070312,225.88876342773438,2152600
2024-06-25,230.86000061035156,231.3000030517578,228.5399932861328,230.58999633789062,225.02996826171875,3206800
2024-06-26,230.0399932861328,232.49000549316406,229.13999938964844,230.67999267578125,225.1177978515625,3151900
2024-06-27,229.7899932861328,230.3300018310547,227.3699951171875,228.39999389648438,222.8927764892578,2264200
2024-06-28,229.25,233.60000610351562,228.74000549316406,231.5500030517578,225.96682739257812,3901100
2024-07-01,232.3300018310547,234.8000030517578,231.5500030517578,233.80999755859375,228.17233276367188,2792700
2024-07-02,233.5500030517578,236.19000244140625,232.97000122070312,235.97000122070312,230.2802734375,1871700
2024-07-03,236.5,237.5800018310547,235.19000244140625,235.7100067138672,230.0265350341797,1365900
2024-07-05,235.7100067138672,236.6999969482422,233.55999755859375,235.6300048828125,230.63340759277344,2488300
2024-07-08,236.22999572753906,239.5,233.75999450683594,234.50999450683594,229.537109375,2638600
2024-07-09,234.97000122070312,239.1999969482422,234.1199951171875,237.75,232.70840454101562,1943400
2024-07-10,236.57000732421875,239.4499969482422,235.6199951171875,238.92999267578125,233.86337280273438,2203000
2024-07-11,238.8699951171875,239.9499969482422,236.9600067138672,238.75,233.6872100830078,1868700
2024-07-12,238.97000122070312,240.25999450683594,237.22999572753906,238.6300048828125,233.5697784423828,2612200
2024-07-15,240.4499969482422,244.66000366210938,240.4499969482422,244.0,238.8258819580078,3054400
2024-07-16,244.13999938964844,249.75999450683594,243.8000030517578,249.6300048828125,244.33648681640625,3074600
2024-07-17,248.80999755859375,250.83999633789062,247.3800048828125,249.9600067138672,244.6595001220703,2471900
2024-07-18,250.8000030517578,253.72999572753906,247.75999450683594,249.1999969482422,243.9156036376953,4053300
2024-07-19,241.8000030517578,243.3800048828125,237.64999389648438,242.3800048828125,237.240234375,5750400
2024-07-22,243.00999450683594,245.61000061035156,239.89999389648438,244.75,239.5599822998047,2590000
2024-07-23,246.9600067138672,248.99000549316406,245.0399932861328,246.89999389648438,241.6643829345703,2564000
2024-07-24,245.0,245.6199951171875,240.6699981689453,240.99000549316406,235.8797149658203,2838100
2024-07-25,240.0,244.9600067138672,239.38999938964844,240.17999267578125,235.08688354492188,3828800
2024-07-26,241.92999267578125,246.38999938964844,241.8800048828125,245.88999938964844,240.67581176757812,2174400
2024-07-29,246.6300048828125,247.9600067138672,244.30999755859375,247.88999938964844,242.63339233398438,2059300
2024-07-30,249.4600067138672,253.67999267578125,249.22999572753906,252.47999572753906,247.1260528564453,2498800
2024-07-31,253.11000061035156,256.239990234375,252.42999267578125,253.0399932861328,247.6741943359375,2180700
2024-08-01,253.85000610351562,255.0,246.41000366210938,248.67999267578125,243.40663146972656,3929700
2024-08-02,244.50999450683594,244.64999389648438,230.0500030517578,232.27999877929688,227.3544158935547,6902600
2024-08-05,226.63999938964844,230.77999877929688,222.02999877929688,225.9199981689453,221.1292724609375,4890700
2024-08-06,226.9600067138672,233.17999267578125,226.5,231.1199951171875,226.21900939941406,3148200
2024-08-07,234.02000427246094,236.1699981689453,228.50999450683594,228.8000030517578,223.94822692871094,2665300
2024-08-08,231.0500030517578,234.5,231.00999450683594,233.5399932861328,228.5876922607422,2239200
2024-08-09,233.52000427246094,238.33999633789062,233.08999633789062,237.85000610351562,232.8063201904297,1956400
2024-08-12,238.1999969482422,238.99000549316406,235.39999389648438,237.0500030517578,232.02325439453125,1747000
2024-08-13,238.7100067138672,239.27000427246094,236.47000122070312,238.99000549316406,233.92213439941406,1913200
2024-08-14,239.80999755859375,244.08999633789062,239.50999450683594,243.75999450683594,238.59097290039062,2132500
2024-08-15,247.77000427246094,250.36000061035156,245.35000610351562,249.5,244.20925903320312,2656800
2024-08-16,249.38999938964844,251.75,249.1300048828125,251.7100067138672,246.3723907470703,2149700
2024-08-19,252.0,254.11000061035156,251.83999633789062,254.0500030517578,248.6627655029297,1653400
2024-08-20,254.22000122070312,254.6199951171875,252.25999450683594,253.0800018310547,247.71336364746094,1659700
2024-08-21,249.63999938964844,249.82000732421875,243.35000610351562,246.3000030517578,241.0771026611328,3502500
2024-08-22,246.77000427246094,248.9199981689453,245.75999450683594,247.75999450683594,242.50616455078125,1981300
2024-08-23,248.0,252.1699981689453,248.0,251.3000030517578,245.97108459472656,1868200
2024-08-26,252.4199981689453,256.1600036621094,251.9499969482422,253.8800048828125,248.49636840820312,1931000
2024-08-27,253.6999969482422,256.67999267578125,253.6999969482422,255.02999877929688,249.6219940185547,2518100
2024-08-28,254.2100067138672,258.6300048828125,253.75,257.0899963378906,251.63833618164062,2557100
2024-08-29,258.0,261.57000732421875,256.8299865722656,259.8399963378906,254.3300018310547,2423500
2024-08-30,260.489990234375,261.75,256.1000061035156,258.6499938964844,253.16522216796875,3442100
2024-09-03,255.77000427246094,257.4800109863281,252.7899932861328,254.30999755859375,248.917236328125,2970300
2024-09-04,254.99000549316406,256.5799865722656,250.66000366210938,251.74000549316406,246.40176391601562,3062600
2024-09-05,252.7100067138672,253.1699981689453,248.3699951171875,251.83999633789062,246.49964904785156,2711200
2024-09-06,251.2899932861328,253.57000732421875,243.32000732421875,244.05999755859375,238.88462829589844,3653000
2024-09-09,248.25,253.14999389648438,247.52999877929688,250.9199981689453,245.59915161132812,3080800
2024-09-10,251.72000122070312,252.5,240.58999633789062,245.4199981689453,240.2157745361328,3630900
2024-09-11,244.39999389648438,254.6300048828125,243.5,254.17999267578125,248.7899932861328,3149900
2024-09-12,254.16000366210938,257.0,252.58999633789062,255.14999389648438,249.7394256591797,2279600
2024-09-13,256.2300109863281,260.2099914550781,255.75,259.0,253.50779724121094,2199200
2024-09-16,261.30999755859375,262.8500061035156,259.1499938964844,261.0899963378906,255.55345153808594,2170200
2024-09-17,261.5199890136719,267.2200012207031,261.3500061035156,265.3999938964844,259.77203369140625,2765700
2024-09-18,264.3999938964844,266.3500061035156,261.0,262.17999267578125,256.620361328125,2577400
2024-09-19,267.8299865722656,270.1000061035156,266.3500061035156,268.75,263.05108642578125,2973300
2024-09-20,268.3999938964844,271.489990234375,266.95001220703125,268.989990234375,263.2860107421875,5847200
2024-09-23,271.3599853515625,272.4100036621094,267.04998779296875,267.29998779296875,261.63177490234375,2534900
2024-09-24,267.7699890136719,268.5,263.0299987792969,266.2099914550781,260.56494140625,2340300
2024-09-25,267.0899963378906,268.7200012207031,265.54998779296875,266.1700134277344,260.5257568359375,2116300
2024-09-26,268.2900085449219,268.989990234375,266.3399963378906,268.1499938964844,262.4637756347656,1430600
2024-09-27,268.0,272.67999267578125,267.4200134277344,271.05999755859375,265.3120422363281,2231900
2024-09-30,270.1000061035156,271.4800109863281,267.2900085449219,271.20001220703125,265.4491271972656,2113100
2024-10-01,271.2799987792969,271.8299865722656,266.5199890136719,268.6000061035156,262.9042663574219,2429500
2024-10-02,268.6000061035156,271.3900146484375,266.25,270.9200134277344,265.1750793457031,2009500
2024-10-03,269.6400146484375,271.1000061035156,267.6400146484375,268.5899963378906,262.8945007324219,1614500
2024-10-04,272.25,276.7900085449219,270.0,275.9700012207031,270.8238220214844,2239600
2024-10-07,274.3500061035156,276.30999755859375,271.54998779296875,273.7900085449219,268.6844177246094,3287500
2024-10-08,271.25,272.5,266.1600036621094,269.1099853515625,264.0916748046875,3332800
2024-10-09,268.80999755859375,271.5899963378906,268.4200134277344,271.4200134277344,266.358642578125,2087000
2024-10-10,270.92999267578125,272.8999938964844,269.8800048828125,270.4700012207031,265.42633056640625,2052800
2024-10-11,271.3800048828125,277.1099853515625,271.0,276.1600036621094,271.0102233886719,1723200
2024-10-14,276.1600036621094,277.70001220703125,275.1099853515625,276.5199890136719,271.3634948730469,1399000
2024-10-15,280.57000732421875,281.4200134277344,276.8999938964844,277.30999755859375,272.1387939453125,2264600
2024-10-16,278.8800048828125,281.8699951171875,277.69000244140625,281.67999267578125,276.4272766113281,2243600
2024-10-17,284.0,286.3599853515625,282.4800109863281,285.7799987792969,280.4508361816406,3571900
2024-10-18,276.79998779296875,279.20001220703125,269.04998779296875,276.7900085449219,271.62847900390625,7884400
2024-10-21,275.0,276.3599853515625,269.5299987792969,270.739990234375,265.6913146972656,4092700
2024-10-22,270.6199951171875,272.8299865722656,268.5799865722656,272.3999938964844,267.3203430175781,2595400
2024-10-23,272.0,273.3500061035156,268.9599914550781,271.2300109863281,266.1721496582031,2051100
2024-10-24,270.2300109863281,271.2300109863281,268.7099914550781,269.9800109863281,264.9454650878906,3490600
2024-10-25,271.6499938964844,273.1700134277344,266.3500061035156,267.3500061035156,262.3645324707031,2993300
2024-10-28,269.239990234375,271.9700012207031,267.67999267578125,271.4700012207031,266.4076843261719,2336900
2024-10-29,270.29998779296875,271.79998779296875,269.5799865722656,270.42999267578125,265.3870544433594,1749000
2024-10-30,271.0,275.07000732421875,270.2699890136719,274.0799865722656,268.9690246582031,2152900
2024-10-31,273.70001220703125,274.0799865722656,268.6400146484375,270.0799865722656,265.0436096191406,2315400
2024-11-01,272.29998779296875,274.75,270.95001220703125,272.69000244140625,267.60491943359375,2508300
2024-11-04,272.3299865722656,272.82000732421875,269.7099914550781,270.19000244140625,265.15155029296875,1944000
2024-11-05,271.7200012207031,276.17999267578125,271.19000244140625,275.94000244140625,270.7943115234375,1859600
2024-11-06,288.0,296.8299865722656,286.80999755859375,295.1600036621094,289.65594482421875,5380500
2024-11-07,292.32000732421875,293.0400085449219,284.6499938964844,286.82000732421875,281.471435546875,3876900
2024-11-08,286.67999267578125,290.1000061035156,285.95001220703125,287.6000061035156,282.2369079589844,1814400
2024-11-11,290.489990234375,294.17999267578125,290.42999267578125,292.9700012207031,287.5067443847656,2299500
2024-11-12,292.0,293.54998779296875,287.5799865722656,288.510009765625,283.1299743652344,2251400
2024-11-13,287.9200134277344,290.6099853515625,287.44000244140625,287.6400146484375,282.27618408203125,2118100
2024-11-14,288.3399963378906,290.55999755859375,287.3599853515625,288.29998779296875,282.923828125,2979400
2024-11-15,288.0,290.54998779296875,285.489990234375,286.8699951171875,281.5205078125,2614400
2024-11-18,286.94000244140625,287.5199890136719,283.6099853515625,285.5400085449219,280.2153625488281,2074400
2024-11-19,281.8900146484375,286.6199951171875,281.30999755859375,285.54998779296875,280.2251281738281,2512900
2024-11-20,286.1499938964844,288.3299865722656,285.0899963378906,287.7099914550781,282.34478759765625,2387400
2024-11-21,289.82000732421875,294.07000732421875,287.5299987792969,293.0,287.53619384765625,2410300
2024-11-22,293.3999938964844,301.9200134277344,292.510009765625,301.29998779296875,295.6813659667969,3788900
2024-11-25,303.04998779296875,305.79998779296875,302.5,305.2099914550781,299.5185241699219,3478400
2024-11-26,305.6099853515625,306.9700012207031,302.0,305.57000732421875,299.871826171875,2130500
2024-11-27,307.0,307.82000732421875,302.7900085449219,304.25,298.5764465332031,1697000
2024-11-29,307.25,307.7900085449219,304.6700134277344,304.67999267578125,298.9983825683594,1326600
2024-12-02,306.2099914550781,306.8500061035156,299.9100036621094,302.260009765625,296.62353515625,2166900
2024-12-03,303.8399963378906,304.989990234375,301.1400146484375,302.1099853515625,296.4762878417969,2128700
2024-12-04,302.0,303.5299987792969,300.7099914550781,302.6000061035156,296.95721435546875,1561200
2024-12-05,302.2799987792969,303.42999267578125,300.32000732421875,300.5299987792969,294.92584228515625,2793600
2024-12-06,301.6400146484375,304.739990234375,300.6199951171875,303.989990234375,298.3211975097656,1797600
2024-12-09,304.07000732421875,305.07000732421875,296.1600036621094,296.7200012207031,291.18682861328125,2377900
2024-12-10,297.42999267578125,304.9800109863281,296.510009765625,302.1099853515625,296.4762878417969,2967800
2024-12-11,303.3699951171875,304.1300048828125,299.5400085449219,302.3399963378906,296.7019958496094,2071200
2024-12-12,303.6300048828125,304.45001220703125,300.260009765625,300.29998779296875,294.70001220703125,1668100
2024-12-13,302.4599914550781,304.32000732421875,301.25,302.1400146484375,296.50579833984375,1662000
2024-12-16,303.70001220703125,304.20001220703125,300.8299865722656,303.57000732421875,297.9090881347656,1813700
2024-12-17,302.3299865722656,303.0299987792969,299.70001220703125,301.3399963378906,295.72064208984375,3611500
2024-12-18,302.6000061035156,303.5899963378906,286.42999267578125,287.7799987792969,282.41351318359375,3541200
2024-12-19,293.0199890136719,296.8599853515625,291.20001220703125,293.0799865722656,287.61468505859375,3540200
2024-12-20,292.3500061035156,302.7200012207031,292.0,298.6499938964844,293.080810546875,6232400
2024-12-23,296.4800109863281,299.760009765625,295.19000244140625,298.79998779296875,293.2280578613281,1902400
2024-12-24,299.2900085449219,303.6199951171875,298.0,303.4599914550781,297.8011474609375,862900
2024-12-26,301.4800109863281,304.8900146484375,301.010009765625,303.989990234375,298.3211975097656,1228900
2024-12-27,300.8500061035156,305.0899963378906,298.7099914550781,301.04998779296875,295.43603515625,1676000
2024-12-30,297.3500061035156,299.70001220703125,294.1300048828125,297.3299865722656,291.7854309082031,2392800
2024-12-31,298.04998779296875,298.8699951171875,295.6700134277344,296.7900085449219,291.25555419921875,1231300
2025-01-02,300.0,300.3399963378906,294.6199951171875,298.42999267578125,292.8648986816406,1930100
2025-01-03,300.67999267578125,303.42999267578125,297.5299987792969,303.0799865722656,298.1275329589844,1979600
2025-01-06,304.32000732421875,305.1499938964844,300.1700134277344,301.8800048828125,296.9471130371094,2714000
2025-01-07,304.0,304.3800048828125,296.8500061035156,302.0199890136719,297.0848388671875,2058800
2025-01-08,301.8999938964844,304.20001220703125,298.8500061035156,302.8500061035156,297.9012756347656,2061300
2025-01-10,300.42999267578125,301.32000732421875,293.1600036621094,293.29998779296875,288.50732421875,2685500
2025-01-13,292.5199890136719,297.7099914550781,291.1600036621094,297.0199890136719,292.1665344238281,2202800
2025-01-14,299.6000061035156,300.5400085449219,296.7300109863281,300.3599853515625,295.4519958496094,2370900
2025-01-15,305.0,313.9599914550781,304.2099914550781,312.32000732421875,307.216552734375,3099500
2025-01-16,312.70001220703125,314.0,310.1300048828125,311.4800109863281,306.3902893066406,2361000
2025-01-17,313.0199890136719,315.3999938964844,310.7699890136719,312.55999755859375,307.45263671875,2183500
2025-01-21,316.94000244140625,319.70001220703125,315.0,317.95001220703125,312.7545166015625,2779100
2025-01-22,318.30999755859375,322.82000732421875,317.67999267578125,322.25,316.9842529296875,2927400
2025-01-23,323.54998779296875,326.2699890136719,321.989990234375,325.8699951171875,320.5451354980469,3935800
2025-01-24,324.3999938964844,324.4700012207031,313.7300109863281,321.3399963378906,316.08917236328125,6260100
2025-01-27,318.1300048828125,318.8299865722656,311.8399963378906,316.4200134277344,311.24957275390625,3099100
2025-01-28,316.6400146484375,317.8699951171875,310.7200012207031,317.0400085449219,311.8594055175781,2431300
2025-01-29,316.6300048828125,319.4800109863281,314.1400146484375,315.25,310.0986022949219,2155400
2025-01-30,317.0,321.8900146484375,316.0,318.95001220703125,313.73822021484375,2517400
2025-01-31,320.9100036621094,321.6400146484375,315.510009765625,317.45001220703125,312.26275634765625,2033400
2025-02-03,312.19000244140625,317.0,309.19000244140625,316.5299987792969,311.35772705078125,1997200
2025-02-04,315.25,317.3599853515625,313.1099853515625,315.8299865722656,310.669189453125,1884100
2025-02-05,317.94000244140625,320.7099914550781,315.1000061035156,320.5299987792969,315.2923889160156,2065700
2025-02-06,323.1000061035156,323.25,317.2099914550781,320.1499938964844,314.9186096191406,1730400
2025-02-07,320.8299865722656,321.3999938964844,316.2900085449219,316.7699890136719,311.5938415527344,1607100
2025-02-10,318.45001220703125,318.45001220703125,306.010009765625,310.260009765625,305.190185546875,3227000
2025-02-11,308.5299987792969,310.510009765625,306.3399963378906,309.57000732421875,304.511474609375,1856100
2025-02-12,306.8500061035156,307.9599914550781,303.9100036621094,306.3999938964844,301.39324951171875,2238400
2025-02-13,307.54998779296875,309.6300048828125,305.8800048828125,307.5,302.475341796875,1975200
2025-02-14,307.42999267578125,311.8500061035156,307.4200134277344,311.0400085449219,305.9574890136719,1725500
2025-02-18,313.3900146484375,313.69000244140625,309.0299987792969,312.8500061035156,307.7378845214844,2024500
2025-02-19,310.3800048828125,312.0,306.8699951171875,309.9200134277344,304.85577392578125,2148200
2025-02-20,309.7200012207031,309.9599914550781,298.69000244140625,303.8599853515625,298.894775390625,2830300
2025-02-21,304.94000244140625,304.94000244140625,293.8500061035156,295.3999938964844,290.572998046875,3280200
2025-02-24,297.1099853515625,298.9800109863281,292.4200134277344,295.5299987792969,290.70086669921875,2450600
2025-02-25,296.989990234375,298.4100036621094,289.5299987792969,293.3399963378906,288.54669189453125,2511700
2025-02-26,295.1400146484375,299.3399963378906,293.6700134277344,296.1000061035156,291.2615661621094,1899400
2025-02-27,296.0,301.0,293.0400085449219,294.20001220703125,289.3926696777344,2031800
2025-02-28,296.2900085449219,301.07000732421875,294.9700012207031,300.9599914550781,296.0421142578125,3336300
2025-03-03,301.42999267578125,303.4599914550781,293.1099853515625,295.489990234375,290.6615905761719,2342500
2025-03-04,291.57000732421875,291.7699890136719,277.5799865722656,283.4700012207031,278.8379821777344,5901200
2025-03-05,283.0,286.1199951171875,280.6300048828125,284.17999267578125,279.5363464355469,2569200
2025-03-06,279.79998779296875,282.1600036621094,274.5299987792969,275.6400146484375,271.1359558105469,2944200
2025-03-07,273.6600036621094,274.1700134277344,264.7099914550781,273.2099914550781,268.74560546875,3817000
2025-03-10,267.7099914550781,268.5899963378906,257.45001220703125,261.32000732421875,257.0498962402344,4284100
2025-03-11,257.4599914550781,260.239990234375,253.5399932861328,255.38999938964844,251.21681213378906,4925600
2025-03-12,260.17999267578125,262.82000732421875,255.0,260.75,256.48919677734375,5514900
2025-03-13,259.6499938964844,261.510009765625,253.52000427246094,256.42999267578125,252.23980712890625,4194000
2025-03-14,260.1499938964844,266.6600036621094,259.0,265.6300048828125,261.2895202636719,4336800
2025-03-17,265.19000244140625,266.44000244140625,261.2699890136719,264.3800048828125,260.0599060058594,2975800
2025-03-18,264.6000061035156,265.5,260.4599914550781,262.7200012207031,258.427001953125,3251700
2025-03-19,263.0299987792969,272.010009765625,261.260009765625,270.6499938964844,266.22747802734375,2894200
2025-03-20,269.0299987792969,274.54998779296875,268.2200012207031,270.8299865722656,266.4045104980469,2129500
2025-03-21,267.8500061035156,270.55999755859375,265.1600036621094,270.510009765625,266.0897521972656,4229700
2025-03-24,275.2300109863281,278.25,274.2300109863281,277.8599853515625,273.3196105957031,2651400
2025-03-25,278.8999938964844,279.7900085449219,276.2099914550781,279.2799987792969,274.7164001464844,2767600
2025-03-26,280.0,282.1300048828125,274.6000061035156,276.0,271.4900207519531,2578600
2025-03-27,274.8599853515625,275.5,270.5400085449219,272.0199890136719,267.57501220703125,2312000
2025-03-28,270.6300048828125,272.6400146484375,263.010009765625,265.4800109863281,261.1419372558594,3261500
2025-03-31,262.489990234375,270.3399963378906,259.0,269.04998779296875,264.653564453125,3946000
2025-04-01,265.739990234375,270.8699951171875,265.1199951171875,270.4800109863281,266.06024169921875,2881400
2025-04-02,266.8900146484375,277.32000732421875,266.57000732421875,275.25,270.7522888183594,2473700
2025-04-03,260.20001220703125,261.0,247.17999267578125,247.82000732421875,243.77049255371094,7736200
2025-04-04,237.9199981689453,238.97000122070312,228.6199951171875,233.67999267578125,230.62464904785156,9097500
2025-04-07,225.2899932861328,241.94000244140625,220.42999267578125,234.27999877929688,231.21681213378906,6283600
2025-04-08,245.8300018310547,247.0,227.36000061035156,231.38999938964844,228.36459350585938,4782100
2025-04-09,226.9600067138672,264.7699890136719,226.25999450683594,262.3599853515625,258.9296569824219,8640600
2025-04-10,255.02000427246094,255.5,238.52000427246094,246.88999938964844,243.6619415283203,4799900
2025-04-11,246.88999938964844,252.77000427246094,243.13999938964844,251.1300048828125,247.84649658203125,4413500
2025-04-14,256.5199890136719,257.6199951171875,252.16000366210938,255.3800048828125,252.04092407226562,3067000
2025-04-15,256.0,260.6300048828125,255.3000030517578,257.8599853515625,254.48849487304688,3509100
2025-04-16,255.16000366210938,258.94000244140625,249.6300048828125,252.9199981689453,249.6130828857422,4244900
2025-04-17,252.9499969482422,255.6199951171875,247.10000610351562,251.30999755859375,248.02413940429688,3907500
2025-04-21,248.85000610351562,250.25999450683594,239.27000427246094,242.50999450683594,239.33920288085938,4302900
2025-04-22,247.1199951171875,253.24000549316406,246.3699951171875,252.4199981689453,249.11964416503906,2324100
2025-04-23,261.8699951171875,270.1700134277344,259.260009765625,260.1400146484375,256.73870849609375,3872900
2025-04-24,258.07000732421875,268.0,258.0,267.32000732421875,263.8247985839844,2696300
2025-04-25,267.0,268.8599853515625,264.0,264.80999755859375,261.3476257324219,1940100
2025-04-28,264.94000244140625,268.0,262.5299987792969,264.95001220703125,261.48583984375,1561500
2025-04-29,265.42999267578125,267.4800109863281,261.8299865722656,267.0199890136719,263.5287170410156,1730800
2025-04-30,260.9599914550781,267.4200134277344,257.2099914550781,266.4100036621094,262.92669677734375,3522700
2025-05-01,268.0,272.6600036621094,266.5199890136719,268.5400085449219,265.02886962890625,2473800
2025-05-02,274.5,278.1000061035156,273.1000061035156,276.8500061035156,273.2302551269531,3099300
2025-05-05,275.4599914550781,281.5899963378906,274.0799865722656,278.0299987792969,274.394775390625,2416300
2025-05-06,274.4800109863281,278.1199951171875,273.6099853515625,275.3699951171875,271.76953125,3064000
2025-05-07,277.3399963378906,278.80999755859375,273.8900146484375,276.239990234375,272.628173828125,2329200
2025-05-08,279.7300109863281,285.5,278.7300109863281,283.6600036621094,279.951171875,3418000
2025-05-09,285.0,287.0,282.9700012207031,284.510009765625,280.79010009765625,2704600
2025-05-12,297.3399963378906,299.1700134277344,294.7300109863281,298.9200134277344,295.0116882324219,4089000
2025-05-13,300.0,303.0199890136719,298.82000732421875,302.29998779296875,298.3474426269531,3531700
2025-05-14,303.1499938964844,303.6199951171875,299.45001220703125,300.1000061035156,296.1762390136719,1954400
2025-05-15,298.04998779296875,300.92999267578125,297.0,299.54998779296875,295.6333923339844,1955000
2025-05-16,300.3599853515625,301.6499938964844,297.8299865722656,299.7200012207031,295.8011779785156,2962200
2025-05-19,297.010009765625,300.8900146484375,295.69000244140625,299.29998779296875,295.3866271972656,2751300
2025-05-20,296.489990234375,298.20001220703125,294.19000244140625,296.1700134277344,292.2976379394531,2706600
2025-05-21,293.0400085449219,294.1199951171875,285.1099853515625,286.0,282.26055908203125,3447500
2025-05-22,285.6300048828125,289.04998779296875,285.07000732421875,287.17999267578125,283.42510986328125,2051800
2025-05-23,281.82000732421875,287.1000061035156,281.4599914550781,285.2200012207031,281.49078369140625,1724200
2025-05-27,290.5299987792969,293.8599853515625,288.1499938964844,293.760009765625,289.9190979003906,2604300
2025-05-28,293.4599914550781,295.3800048828125,292.3800048828125,293.3599853515625,289.5242919921875,1676900
2025-05-29,296.260009765625,296.6099853515625,292.79998779296875,295.3800048828125,291.5179443359375,2362200
2025-05-30,294.9700012207031,295.75,291.6300048828125,294.04998779296875,290.2052917480469,5251700
2025-06-02,292.3500061035156,295.75,290.3299865722656,295.3299865722656,291.46856689453125,1751200
2025-06-03,295.20001220703125,298.25,292.6499938964844,297.3900146484375,293.50164794921875,2202400
2025-06-04,297.80999755859375,298.6499938964844,295.79998779296875,295.92999267578125,292.06072998046875,1842100
2025-06-05,296.5,298.5,294.1400146484375,295.9599914550781,292.09033203125,1696900
2025-06-06,300.2900085449219,303.5,299.2300109863281,302.4700012207031,298.5152587890625,2099000
2025-06-09,303.7900085449219,303.7900085449219,299.5799865722656,301.55999755859375,297.61712646484375,2097800
2025-06-10,301.70001220703125,301.7799987792969,298.0,299.5199890136719,295.6037902832031,2045300
2025-06-11,300.17999267578125,303.3900146484375,298.6499938964844,299.1000061035156,295.1893005371094,2013500
2025-06-12,296.6700134277344,298.5799865722656,294.0,297.989990234375,294.0937805175781,1604500
2025-06-13,292.54998779296875,293.3299865722656,286.1499938964844,287.7900085449219,284.02716064453125,3405600
2025-06-16,290.92999267578125,296.45001220703125,290.0199890136719,294.2200012207031,290.37310791015625,2307800
2025-06-17,292.0899963378906,294.5899963378906,290.95001220703125,292.80999755859375,288.9815368652344,2625800
2025-06-18,292.0799865722656,299.239990234375,292.0799865722656,296.4200134277344,292.5443420410156,3691500
2025-06-20,297.5799865722656,299.75,296.6400146484375,298.5899963378906,294.6859436035156,5687000
2025-06-23,296.82000732421875,299.8699951171875,291.8800048828125,299.6300048828125,295.7123718261719,3101700
2025-06-24,303.1000061035156,309.2200012207031,302.1499938964844,308.3800048828125,304.34796142578125,2805900
2025-06-25,308.8900146484375,310.7699890136719,307.17999267578125,308.5899963378906,304.55523681640625,2467200
2025-06-26,309.5799865722656,312.2699890136719,308.1700134277344,311.4200134277344,307.34820556640625,3255200
2025-06-27,314.0799865722656,320.1199951171875,313.1000061035156,317.19000244140625,313.0428161621094,4605500
2025-06-30,318.5799865722656,320.1300048828125,317.5899963378906,318.9800109863281,314.8093566894531,3416600
2025-07-01,316.92999267578125,324.3800048828125,316.29998779296875,322.5299987792969,318.3129577636719,3836200
2025-07-02,322.989990234375,326.6199951171875,321.3399963378906,325.6099853515625,321.3526306152344,3040200
2025-07-03,325.3299865722656,329.1400146484375,324.17999267578125,328.1300048828125,324.6573181152344,1541800
2025-07-07,327.5199890136719,328.4100036621094,320.260009765625,322.7300109863281,319.3144836425781,2160300
2025-07-08,324.4700012207031,324.4700012207031,316.95001220703125,316.9800109863281,313.6253356933594,2643900
2025-07-09,318.6600036621094,320.92999267578125,317.30999755859375,317.3500061035156,313.9914245605469,2424200
2025-07-10,317.8500061035156,326.1000061035156,317.5,325.239990234375,321.7978820800781,2844400
2025-07-11,322.9800109863281,324.3500061035156,319.20001220703125,319.4700012207031,316.0889587402344,2091200
2025-07-14,319.2900085449219,321.7699890136719,317.67999267578125,320.9200134277344,317.5236511230469,1890900
2025-07-15,318.6099853515625,319.45001220703125,310.42999267578125,310.6499938964844,307.3623352050781,3006500
2025-07-16,312.44000244140625,312.489990234375,306.6099853515625,311.8999938964844,308.59906005859375,2921900
2025-07-17,310.9200134277344,316.9800109863281,310.5799865722656,315.3500061035156,312.0126037597656,3223300
2025-07-18,311.8599853515625,311.8599853515625,302.510009765625,307.95001220703125,304.6908874511719,5481100
2025-07-21,307.9599914550781,309.1700134277344,302.9700012207031,302.9700012207031,299.7636413574219,2667200
2025-07-22,302.9800109863281,306.1600036621094,301.7300109863281,304.1400146484375,300.9212341308594,2296100
2025-07-23,308.0,309.5899963378906,305.239990234375,308.6600036621094,305.3934020996094,2139100
2025-07-24,308.29998779296875,310.5,307.0,308.25,304.9877014160156,2288100
2025-07-25,309.4200134277344,312.6499938964844,307.510009765625,311.6099853515625,308.3121337890625,2149300
2025-07-28,311.6000061035156,313.5,309.2900085449219,310.739990234375,307.45135498046875,1653800
2025-07-29,312.9100036621094,313.6199951171875,307.8500061035156,308.5400085449219,305.274658203125,1796400
2025-07-30,308.54998779296875,308.75,301.3699951171875,303.4100036621094,300.1989440917969,3132400
2025-07-31,301.8999938964844,303.9100036621094,298.07000732421875,299.30999755859375,296.1423645019531,2718200
2025-08-01,294.0299987792969,294.9100036621094,288.3399963378906,294.2699890136719,291.1556701660156,3012900
2025-08-04,295.5400085449219,299.1000061035156,295.5299987792969,298.5899963378906,295.4299621582031,1876000
2025-08-05,299.8500061035156,300.3500061035156,295.2300109863281,296.6400146484375,293.5006103515625,2181000
2025-08-06,297.2099914550781,298.04998779296875,294.44000244140625,295.5400085449219,292.4122314453125,3430500
2025-08-07,297.70001220703125,298.2900085449219,290.6300048828125,294.7300109863281,291.61083984375,2842500
2025-08-08,297.0,298.1300048828125,294.5400085449219,297.42999267578125,294.2822265625,1778100
2025-08-11,297.1199951171875,297.44000244140625,294.8900146484375,296.2300109863281,293.094970703125,2316700
2025-08-12,298.8999938964844,305.07000732421875,298.4800109863281,303.2099914550781,300.0010681152344,2170500
2025-08-13,304.69000244140625,307.6000061035156,302.42999267578125,306.8699951171875,303.6223449707031,2586800
2025-08-14,305.5400085449219,307.95001220703125,302.510009765625,307.7300109863281,304.4732360839844,2108300
2025-08-15,309.4599914550781,309.80999755859375,304.239990234375,305.4700012207031,302.23712158203125,2728000
2025-08-18,304.2699890136719,307.239990234375,302.7900085449219,307.04998779296875,303.8004150390625,2115100
2025-08-19,306.6600036621094,308.57000732421875,304.57000732421875,306.1000061035156,302.8604736328125,2215800
2025-08-20,305.7300109863281,309.0199890136719,303.8699951171875,308.3999938964844,305.1361389160156,2481700
2025-08-21,306.7900085449219,308.5199890136719,304.0199890136719,308.1700134277344,304.9085693359375,1848500
2025-08-22,310.2200012207031,321.7099914550781,310.1499938964844,319.1600036621094,315.78228759765625,2785200
2025-08-25,319.05999755859375,319.95001220703125,315.4100036621094,315.79998779296875,312.4577941894531,1599600
2025-08-26,315.0199890136719,320.7900085449219,314.1199951171875,320.6000061035156,317.20703125,1848600
2025-08-27,319.9200134277344,323.5199890136719,319.510009765625,322.4599914550781,319.0473327636719,1970100
2025-08-28,323.989990234375,327.5400085449219,322.0,326.989990234375,323.5293884277344,2194800
2025-08-29,327.2799987792969,332.05999755859375,326.80999755859375,331.2799987792969,327.7739562988281,2981300
2025-09-02,326.6600036621094,331.3800048828125,322.7099914550781,331.17999267578125,327.675048828125,3225100
2025-09-03,330.75,332.07000732421875,321.4100036621094,323.7099914550781,320.2840881347656,3439000
2025-09-04,325.0,331.0400085449219,322.82000732421875,330.6499938964844,327.150634765625,2485100
2025-09-05,330.69000244140625,332.4599914550781,325.2300109863281,326.2200012207031,322.7675476074219,2971800
2025-09-08,326.510009765625,327.45001220703125,324.0,325.4100036621094,321.9660949707031,2264400
2025-09-09,322.7900085449219,326.5899963378906,320.79998779296875,324.3399963378906,320.90740966796875,2056000
2025-09-10,322.989990234375,324.6499938964844,321.239990234375,323.3500061035156,319.92791748046875,1846600
2025-09-11,323.5,330.69000244140625,322.4200134277344,329.32000732421875,325.8347473144531,2825900
2025-09-12,329.6000061035156,329.6000061035156,324.04998779296875,325.30999755859375,321.8671569824219,2000300
2025-09-15,326.04998779296875,330.2699890136719,326.0,327.260009765625,323.7965393066406,1646300
2025-09-16,327.79998779296875,327.989990234375,323.70001220703125,327.0400085449219,323.5788879394531,1987600
2025-09-17,328.8999938964844,337.5,328.3999938964844,336.0,332.44403076171875,3586500
2025-09-18,338.5,342.4700012207031,335.0,341.6700134277344,338.0540466308594,3204000
2025-09-19,342.5299987792969,344.3599853515625,339.7200012207031,341.1199951171875,337.5098571777344,8632000
2025-09-22,339.510009765625,345.510009765625,338.3800048828125,340.9800109863281,337.371337890625,3328000
2025-09-23,341.94000244140625,349.19000244140625,340.010009765625,341.4700012207031,337.85614013671875,2697600
2025-09-24,342.9700012207031,345.0,338.510009765625,340.4800109863281,336.87664794921875,2279100
2025-09-25,336.9100036621094,340.7699890136719,334.0,340.17999267578125,336.5798034667969,2223900
2025-09-26,341.45001220703125,343.3299865722656,339.0199890136719,341.67999267578125,338.06390380859375,1728600
2025-09-29,343.760009765625,344.8500061035156,338.5,342.30999755859375,338.687255859375,1658100
2025-09-30,341.6000061035156,342.9599914550781,328.1499938964844,332.1600036621094,328.6446838378906,3327300
2025-10-01,331.0,335.7699890136719,328.3999938964844,328.55999755859375,325.0827941894531,2598800
2025-10-02,328.45001220703125,331.9800109863281,326.2799987792969,330.4800109863281,326.9824523925781,1907600
2025-10-03,332.0,332.0400085449219,328.7200012207031,330.239990234375,326.7449951171875,2404000
2025-10-06,332.0,334.0,326.25,331.989990234375,328.4764709472656,2116200
2025-10-07,332.6499938964844,334.94000244140625,325.739990234375,327.9700012207031,324.4990234375,1708900
2025-10-08,328.6700134277344,329.1499938964844,323.5799865722656,323.82000732421875,320.3929443359375,2184300
2025-10-09,326.4800109863281,328.30999755859375,324.04998779296875,324.44000244140625,321.0063781738281,2094800
2025-10-10,325.20001220703125,328.1000061035156,315.95001220703125,316.260009765625,313.705810546875,2684700
2025-10-13,319.1700134277344,324.3599853515625,319.05999755859375,323.1199951171875,320.5104064941406,1693100
2025-10-14,321.6099853515625,336.3299865722656,320.5,332.8500061035156,330.1618347167969,2810400
2025-10-15,333.8599853515625,336.9200134277344,330.2799987792969,330.6600036621094,327.9895324707031,2186000
2025-10-16,331.0199890136719,332.5,320.0,323.1199951171875,320.5104064941406,3268000
2025-10-17,332.3800048828125,348.70001220703125,331.0,346.6199951171875,343.82061767578125,7025200
2025-10-20,347.3900146484375,350.2200012207031,342.6499938964844,349.4800109863281,346.6575622558594,3465400
2025-10-21,352.0899963378906,356.6700134277344,350.7900085449219,355.2200012207031,352.3511657714844,2658400
2025-10-22,355.2799987792969,357.7300109863281,349.17999267578125,352.0,349.15716552734375,2710000
2025-10-23,352.7200012207031,356.17999267578125,350.54998779296875,354.92999267578125,352.0635070800781,1892600
2025-10-24,358.3999938964844,362.32000732421875,356.8699951171875,357.55999755859375,354.6722717285156,2397500
2025-10-27,362.0,362.8399963378906,358.9100036621094,361.6700134277344,358.74908447265625,2179900
2025-10-28,361.2200012207031,362.5299987792969,359.44000244140625,361.0299987792969,358.1142578125,1416800
2025-10-29,359.0,362.0,355.8800048828125,358.2200012207031,355.3269348144531,1840500
2025-10-30,358.5899963378906,365.75,357.9599914550781,358.8800048828125,355.9815979003906,2045100
2025-10-31,357.0,361.989990234375,356.0,360.7300109863281,357.8166809082031,2155600
2025-11-03,361.0,363.5400085449219,358.8500061035156,361.6199951171875,358.699462890625,1822900
2025-11-04,359.32000732421875,362.5400085449219,356.8500061035156,360.489990234375,357.57861328125,1887800
2025-11-05,359.69000244140625,367.82000732421875,356.4100036621094,365.79998779296875,362.8456726074219,2195800
2025-11-06,366.0400085449219,369.260009765625,362.4100036621094,365.7300109863281,362.77630615234375,2354600
2025-11-07,364.1400146484375,370.0,361.0,368.5400085449219,365.5635986328125,2752200
2025-11-10,369.4800109863281,371.79998779296875,362.760009765625,367.8800048828125,364.908935546875,2876800
2025-11-11,367.8900146484375,373.0799865722656,366.260009765625,370.1600036621094,367.1705322265625,2132900
2025-11-12,371.1099853515625,377.2300109863281,370.510009765625,372.7699890136719,369.7594299316406,2961500
2025-11-13,371.0899963378906,373.8900146484375,363.3399963378906,364.7300109863281,361.7843933105469,2273500
2025-11-14,361.79998779296875,362.20001220703125,355.3999938964844,357.17999267578125,354.2953186035156,2943500
2025-11-17,356.2200012207031,358.2300109863281,339.3999938964844,341.25,338.4940185546875,3599000
2025-11-18,336.8500061035156,343.7300109863281,334.1000061035156,340.6600036621094,337.9087829589844,4216800
2025-11-19,341.7099914550781,345.32000732421875,340.739990234375,344.6400146484375,341.85662841796875,2005000
2025-11-20,349.9700012207031,353.1300048828125,340.32000732421875,343.79998779296875,341.02337646484375,3095700
2025-11-21,345.6000061035156,356.30999755859375,344.29998779296875,352.8900146484375,350.0400085449219,3044100
2025-11-24,353.6199951171875,356.3900146484375,350.17999267578125,355.92999267578125,353.0554504394531,3330900
2025-11-25,357.04998779296875,363.7900085449219,355.30999755859375,362.6400146484375,359.7112731933594,2059400
2025-11-26,362.7099914550781,366.7300109863281,362.7099914550781,363.9700012207031,361.0304870605469,1679900
2025-11-28,365.69000244140625,367.5299987792969,364.010009765625,365.2699890136719,362.32000732421875,872300
2025-12-01,363.8599853515625,366.5299987792969,360.1400146484375,360.30999755859375,357.4000549316406,2229100
2025-12-02,362.0799865722656,363.6600036621094,357.3500061035156,360.70001220703125,357.78692626953125,2135400
2025-12-03,361.0199890136719,370.20001220703125,360.79998779296875,368.1300048828125,365.15692138671875,2651800
2025-12-04,368.989990234375,373.05999755859375,368.1300048828125,371.1499938964844,368.1524963378906,2027200
2025-12-05,369.45001220703125,374.8800048828125,369.05999755859375,370.3500061035156,367.3590087890625,1978700
2025-12-08,369.9100036621094,370.0,360.70001220703125,362.2799987792969,359.3541564941406,2581400
2025-12-09,363.0299987792969,368.07000732421875,362.5,363.9100036621094,360.97100830078125,2197600
2025-12-10,363.0,377.9800109863281,363.0,375.57000732421875,372.5368347167969,2804400
2025-12-11,376.5,385.9200134277344,375.6000061035156,384.8900146484375,381.78155517578125,2975800
2025-12-12,386.489990234375,387.489990234375,378.6000061035156,382.55999755859375,379.4703674316406,2477800
2025-12-15,384.3999938964844,385.75,379.8699951171875,382.57000732421875,379.48028564453125,2734700
2025-12-16,384.0,384.7799987792969,378.82000732421875,380.75,377.67498779296875,2584400
2025-12-17,381.54998779296875,384.3399963378906,374.54998779296875,375.6099853515625,372.57647705078125,2973900
2025-12-18,380.0,380.5400085449219,373.8500061035156,375.5199890136719,372.48724365234375,2884400
2025-12-19,375.5400085449219,377.54998779296875,372.7699890136719,376.510009765625,373.46923828125,7934300
2025-12-22,378.3299865722656,382.4200134277344,377.0799865722656,380.8500061035156,377.774169921875,2747400
2025-12-23,380.75,384.54998779296875,380.1000061035156,382.19000244140625,379.1033630371094,1768200
2025-12-24,382.19000244140625,384.7300109863281,380.739990234375,383.1099853515625,380.0158996582031,817100
2025-12-26,382.3299865722656,382.6700134277344,380.2699890136719,381.04998779296875,377.9725646972656,1114900
2025-12-29,381.0,381.3900146484375,374.9700012207031,375.32000732421875,372.288818359375,1736800
2025-12-30,375.0299987792969,375.42999267578125,372.95001220703125,373.3900146484375,370.37445068359375,1319500
2025-12-31,373.2699890136719,374.3699951171875,369.8699951171875,369.95001220703125,366.96221923828125,1469300
2026-01-02,369.5,372.8699951171875,367.25,372.7300109863281,370.54107666015625,2076100
2026-01-05,372.29998779296875,383.70001220703125,372.25,379.79998779296875,377.5695495605469,2362000
2026-01-06,380.3699951171875,386.260009765625,376.2099914550781,383.55999755859375,381.30743408203125,2544100
2026-01-07,383.8999938964844,384.989990234375,376.5199890136719,378.2200012207031,375.99884033203125,2178600
2026-01-08,378.1700134277344,385.1300048828125,376.510009765625,382.9800109863281,380.7308654785156,2707700
2026-01-09,383.0,384.8900146484375,373.8299865722656,375.6099853515625,373.40411376953125,2767700
2026-01-12,360.5,362.0400085449219,355.510009765625,359.5899963378906,357.4782409667969,7015900
2026-01-13,359.6000061035156,360.2900085449219,355.95001220703125,358.0,355.8975830078125,3775000
2026-01-14,356.44000244140625,358.3900146484375,350.7200012207031,358.260009765625,356.15606689453125,3583400
2026-01-15,358.3699951171875,361.1000061035156,355.7300109863281,357.3699951171875,355.2712707519531,2868300
2026-01-16,361.1499938964844,369.3999938964844,359.8999938964844,364.7900085449219,362.647705078125,3555100
2026-01-20,356.0,361.1600036621094,351.3500061035156,352.19000244140625,350.1217041015625,3049600
2026-01-21,352.29998779296875,362.6300048828125,352.2699890136719,359.6099853515625,357.49810791015625,2780300
2026-01-22,362.7300109863281,370.1000061035156,362.7300109863281,368.0199890136719,365.85870361328125,2628500
2026-01-23,362.7300109863281,363.75,358.25,361.69000244140625,359.56591796875,2801800
2026-01-26,362.19000244140625,364.8699951171875,360.6600036621094,363.25,361.11676025390625,2131200
2026-01-27,363.260009765625,363.4200134277344,355.7699890136719,359.45001220703125,357.33905029296875,1916000
2026-01-28,359.239990234375,361.57000732421875,356.54998779296875,356.989990234375,354.89349365234375,2386500
2026-01-29,360.2699890136719,362.2900085449219,355.6499938964844,358.5,356.3946228027344,4217500
2026-01-30,355.0,356.010009765625,344.5,352.1700134277344,350.1018371582031,5381200
2026-02-02,350.3500061035156,355.29998779296875,347.010009765625,352.8299865722656,350.7579345703125,2603200
2026-02-03,353.92999267578125,358.3699951171875,346.8999938964844,349.6300048828125,347.57672119140625,2854600
2026-02-04,349.6300048828125,357.3299865722656,347.5400085449219,353.6700134277344,351.593017578125,3241900
2026-02-05,350.54998779296875,357.32000732421875,348.3500061035156,354.6199951171875,352.53741455078125,4074900
2026-02-06,358.20001220703125,361.3900146484375,354.69000244140625,359.1499938964844,357.0408020019531,3301700
2026-02-09,359.0,361.739990234375,355.67999267578125,359.6600036621094,357.5478210449219,2219700
2026-02-10,359.6199951171875,369.5,359.3299865722656,363.20001220703125,361.0670471191406,3506900
2026-02-11,367.55999755859375,369.5,353.95001220703125,354.010009765625,351.9309997558594,3437100
2026-02-12,356.5,359.05999755859375,340.3800048828125,342.8800048828125,340.8663635253906,4141900
2026-02-13,342.6000061035156,344.8699951171875,336.2099914550781,337.5,335.5179748535156,3814400
2026-02-17,338.7300109863281,346.6300048828125,338.0,344.5299987792969,342.5066833496094,3186000
2026-02-18,346.0899963378906,348.04998779296875,345.0,346.239990234375,344.20660400390625,1900600
2026-02-19,343.75,344.6199951171875,338.2900085449219,342.6499938964844,340.6376953125,2786500
2026-02-20,341.54998779296875,346.2799987792969,338.5,346.17999267578125,344.1470031738281,2738900
2026-02-23,343.3500061035156,345.8299865722656,317.1499938964844,321.239990234375,319.35345458984375,7092600
2026-02-24,320.489990234375,323.5899963378906,316.07000732421875,320.4800109863281,318.597900390625,7925900
2026-02-25,323.4599914550781,329.1300048828125,322.32000732421875,327.0899963378906,325.1690979003906,3843800
2026-02-26,329.8399963378906,336.6199951171875,329.75,335.32000732421875,333.35076904296875,3215500
2026-02-27,320.8999938964844,321.510009765625,307.6499938964844,308.8999938964844,307.0859069824219,9817300
2026-03-02,303.20001220703125,310.4200134277344,301.2799987792969,307.42999267578125,305.6245422363281,6280000
2026-03-03,300.1099853515625,309.4100036621094,299.75,307.82000732421875,306.01226806640625,5673100
2026-03-04,309.1099853515625,312.4599914550781,307.0,311.2099914550781,309.3823547363281,4055200
2026-03-05,306.8599853515625,309.5,304.79998779296875,307.2099914550781,305.4058532714844,4601800
2026-03-06,300.67999267578125,303.0,294.510009765625,301.0,299.2322998046875,5500100
2026-03-09,294.5299987792969,306.29998779296875,292.42999267578125,305.3800048828125,303.58660888671875,4695000
2026-03-10,305.95001220703125,308.25,301.0199890136719,303.1499938964844,301.36968994140625,3488800
2026-03-11,302.4700012207031,306.8500061035156,300.8500061035156,305.989990234375,304.1929931640625,3512200
2026-03-12,300.5400085449219,304.8399963378906,298.7300109863281,301.8900146484375,300.1170959472656,3602400
2026-03-13,304.32000732421875,305.7099914550781,299.8399963378906,299.9599914550781,298.1983947753906,2645800
2026-03-16,301.010009765625,304.0299987792969,295.8299865722656,298.20001220703125,296.4487609863281,3604200
2026-03-17,303.8599853515625,306.2900085449219,299.8399963378906,300.2699890136719,298.506591796875,3616000
2026-03-18,299.1499938964844,301.07000732421875,293.3599853515625,294.3900146484375,292.6611633300781,3303100
2026-03-19,292.2799987792969,297.6199951171875,291.2799987792969,294.92999267578125,293.1979675292969,3027200
2026-03-20,294.9700012207031,296.5,290.9700012207031,295.5,293.7646179199219,7116500
2026-03-23,304.9800109863281,304.9800109863281,297.9599914550781,301.9100036621094,300.136962890625,4319800
2026-03-24,298.80999755859375,303.8399963378906,297.95001220703125,302.0,300.2264404296875,3639100
2026-03-25,305.0,306.3800048828125,296.9100036621094,300.239990234375,298.4767761230469,2823800
2026-03-26,298.57000732421875,302.70001220703125,295.8500061035156,299.3900146484375,297.63177490234375,2887500
2026-03-27,297.2900085449219,297.95001220703125,291.5,292.2699890136719,290.5535888671875,2751000
2026-03-30,294.67999267578125,301.4599914550781,293.70001220703125,297.489990234375,295.742919921875,3851100
2026-03-31,302.9800109863281,304.4700012207031,297.5799865722656,302.4800109863281,300.70361328125,3516600
2026-04-01,306.7699890136719,307.25,299.6300048828125,301.45001220703125,299.6796875,3403300
2026-04-02,295.3999938964844,302.75,292.5799865722656,300.17999267578125,299.36053466796875,2105500
2026-04-06,298.760009765625,305.7900085449219,298.4100036621094,305.7300109863281,304.8953857421875,2185200
2026-04-07,302.5299987792969,307.1199951171875,301.7099914550781,307.0299987792969,306.19183349609375,2265500
2026-04-08,317.25,322.5,314.94000244140625,316.3399963378906,315.4764099121094,3654200
2026-04-09,314.30999755859375,318.1499938964844,312.17999267578125,317.7699890136719,316.9024963378906,1996200
2026-04-10,317.3699951171875,318.0,313.1300048828125,313.5,312.6441650390625,1991300
2026-04-13,311.17999267578125,324.2200012207031,310.0,323.82000732421875,322.9360046386719,2581800
2026-04-14,325.0,328.9100036621094,323.75,326.9599914550781,326.0674133300781,2288700
2026-04-15,328.8800048828125,332.3999938964844,327.239990234375,329.05999755859375,328.1617126464844,2542300
2026-04-16,328.7699890136719,331.1700134277344,325.2300109863281,325.760009765625,324.8707275390625,2018700
2026-04-17,330.0,339.9800109863281,329.5299987792969,331.69000244140625,330.7845153808594,4775500
2026-04-20,331.67999267578125,334.739990234375,329.5299987792969,329.8699951171875,328.969482421875,2280600
2026-04-21,331.79998779296875,338.0899963378906,328.45001220703125,329.7900085449219,328.88970947265625,2916800
2026-04-22,331.1099853515625,334.5,328.0,332.8999938964844,331.9912109375,4339800
2026-04-23,332.20001220703125,332.20001220703125,314.75,318.54998779296875,317.6803894042969,4580600
2026-04-24,316.510009765625,318.82000732421875,312.5,314.0799865722656,313.22259521484375,2968100
2026-04-27,313.0199890136719,318.9599914550781,313.0199890136719,318.8399963378906,317.9696044921875,2553000
2026-04-28,321.70001220703125,323.70001220703125,314.9599914550781,315.8999938964844,315.0376281738281,6101400
2026-04-29,316.8800048828125,317.54998779296875,314.010009765625,315.6499938964844,314.7882995605469,3136000
2026-04-30,313.3699951171875,323.8500061035156,312.2300109863281,323.04998779296875,322.1680908203125,4587900
2026-05-01,324.4700012207031,325.0,319.4599914550781,319.67999267578125,318.80731201171875,2385600
2026-05-04,320.7699890136719,322.8999938964844,317.4599914550781,319.2099914550781,318.3385925292969,2692000
2026-05-05,320.2799987792969,320.6000061035156,314.5,315.95001220703125,315.0874938964844,2658400
2026-05-06,320.0,324.7799987792969,320.0,321.8999938964844,321.021240234375,2933600
2026-05-07,322.3299865722656,324.5400085449219,316.79998779296875,318.69000244140625,317.82000732421875,3350500
2026-05-08,319.0899963378906,320.04998779296875,313.6099853515625,316.0299987792969,315.1672668457031,6802200
2026-05-11,315.2900085449219,316.3999938964844,311.80999755859375,312.32000732421875,311.4674072265625,3081600
2026-05-12,312.3299865722656,314.95001220703125,311.0799865722656,314.30999755859375,313.45196533203125,2275500
2026-05-13,311.1199951171875,312.1000061035156,307.760009765625,309.6099853515625,308.7647705078125,2967000
2026-05-14,313.0199890136719,314.67999267578125,311.0299987792969,312.7699890136719,311.9161682128906,3240500
2026-05-15,312.2900085449219,315.489990234375,312.0,313.4800109863281,312.6242370605469,2649600
2026-05-18,314.2900085449219,315.6600036621094,310.3999938964844,312.239990234375,311.3876037597656,2274200
2026-05-19,310.739990234375,312.989990234375,307.6300048828125,309.30999755859375,308.4656066894531,2918400
2026-05-20,310.0,310.8699951171875,303.0400085449219,309.82000732421875,308.9742431640625,4577100
2026-05-21,308.54998779296875,310.75,305.6099853515625,309.70001220703125,308.85455322265625,1992700
2026-05-22,313.2799987792969,314.42999267578125,310.6499938964844,311.7799987792969,310.9288635253906,2209200
2026-05-26,314.0400085449219,314.57000732421875,309.6000061035156,310.7200012207031,309.87176513671875,2410400
2026-05-27,313.82000732421875,317.489990234375,311.67999267578125,312.5400085449219,311.6867980957031,3015600
2026-05-28,311.0,315.5,306.2300109863281,315.1199951171875,314.259765625,3599800
2026-05-29,315.57000732421875,319.239990234375,312.5899963378906,316.4700012207031,315.6060791015625,4530400
2026-06-01,313.1600036621094,314.79998779296875,310.6000061035156,313.5400085449219,312.68408203125,2621800
2026-06-02,313.3299865722656,313.70001220703125,310.3399963378906,310.9700012207031,310.12109375,2116700
2026-06-03,308.67999267578125,310.3599853515625,300.0299987792969,300.57000732421875,299.7494812011719,3939200
2026-06-04,305.7699890136719,314.9599914550781,305.44000244140625,312.5299987792969,311.67681884765625,2992200
2026-06-05,313.9200134277344,314.5,308.30999755859375,310.6600036621094,309.8119201660156,2445700
2026-06-08,310.0,313.9599914550781,309.75,312.29998779296875,311.44744873046875,2500500
2026-06-09,315.0,322.5400085449219,314.6400146484375,318.3800048828125,317.5108642578125,2634300
2026-06-10,318.8800048828125,320.30999755859375,313.2799987792969,313.3399963378906,312.484619140625,2525400
2026-06-11,314.9700012207031,319.5299987792969,309.6400146484375,318.489990234375,317.62054443359375,2589900
2026-06-12,321.79998779296875,325.6199951171875,319.0799865722656,325.44000244140625,324.55157470703125,2223000
2026-06-15,329.70001220703125,340.0,329.70001220703125,335.3800048828125,334.4644470214844,3353000
2026-06-16,336.8299865722656,342.19000244140625,335.45001220703125,340.739990234375,339.809814453125,3657300
2026-06-17,341.3900146484375,346.95001220703125,339.3299865722656,340.5400085449219,339.6103820800781,3982100
2026-06-18,346.3500061035156,348.20001220703125,337.9700012207031,338.0,337.0773010253906,4490800
2026-06-22,337.9800109863281,340.25,335.8800048828125,338.07000732421875,337.1471252441406,3006200
2026-06-23,335.17999267578125,338.5299987792969,333.94000244140625,337.7799987792969,336.85791015625,3549800
2026-06-24,336.8399963378906,344.5199890136719,336.2099914550781,342.55999755859375,341.6248474121094,2639300
2026-06-25,345.0,352.5199890136719,340.9200134277344,342.4599914550781,341.5251159667969,3523100
2026-06-26,341.989990234375,344.010009765625,338.32000732421875,340.3599853515625,339.43084716796875,5899700
2026-06-29,341.7799987792969,344.04998779296875,339.2900085449219,340.8800048828125,339.9494323730469,2604900
2026-06-30,342.0,344.1400146484375,336.57000732421875,338.25,337.32659912109375,3527300
2026-07-01,341.5299987792969,350.5,337.7300109863281,348.0,347.04998779296875,2918000
2026-07-02,349.4700012207031,352.0899963378906,346.0199890136719,351.9599914550781,351.9599914550781,2440600
2026-07-06,352.2099914550781,358.1700134277344,350.5899963378906,356.0299987792969,356.0299987792969,3525200
2026-07-07,358.5400085449219,359.5899963378906,349.239990234375,349.5799865722656,349.5799865722656,2909000
2026-07-08,345.45001220703125,346.80999755859375,333.55999755859375,336.3900146484375,336.3900146484375,3568800
2026-07-09,337.010009765625,348.510009765625,335.2900085449219,346.7200012207031,346.7200012207031,3474000
2026-07-10,351.2200012207031,352.989990234375,345.92999267578125,350.5799865722656,350.5799865722656,2792700
2026-07-13,356.6000061035156,357.5899963378906,352.70001220703125,354.42999267578125,354.42999267578125,2624600
2026-07-14,353.0899963378906,361.0,352.4700012207031,355.05999755859375,355.05999755859375,3530900
2026-07-15,356.1400146484375,362.7200012207031,356.1400146484375,358.44000244140625,358.44000244140625,2525600
2026-07-16,359.3500061035156,363.1400146484375,358.1600036621094,361.57000732421875,361.57000732421875,2441600
2026-07-17,356.5799865722656,358.79998779296875,351.82000732421875,355.3500061035156,355.3500061035156,2647200
2026-07-20,355.79998779296875,357.3999938964844,351.4100036621094,353.2300109863281,353.2300109863281,1139869
