price_date,open,high,low,close,adj_close,volume
2010-01-04,16.790000915527344,17.010000228881836,16.725000381469727,17.010000228881836,11.971748352050781,15135000
2010-01-05,17.040000915527344,17.09000015258789,16.905000686645508,17.065000534057617,12.010456085205078,17678400
2010-01-06,17.06999969482422,17.415000915527344,17.040000915527344,17.354999542236328,12.21456527709961,16184000
2010-01-07,17.270000457763672,17.290000915527344,17.079999923706055,17.219999313354492,12.119545936584473,11514600
2010-01-08,17.18000030517578,17.459999084472656,17.139999389648438,17.459999084472656,12.28846263885498,9284800
2010-01-11,17.68000030517578,17.690000534057617,17.290000915527344,17.364999771118164,12.22160530090332,18217000
2010-01-12,17.114999771118164,17.204999923706055,16.864999771118164,17.03499984741211,11.98934555053711,26324000
2010-01-13,17.079999923706055,17.25,16.875,17.235000610351562,12.130107879638672,23886200
2010-01-14,17.225000381469727,17.260000228881836,17.0,17.024999618530273,11.982308387756348,19231000
2010-01-15,17.0049991607666,17.06999969482422,16.815000534057617,16.899999618530273,11.894329071044922,15210600
2010-01-19,16.924999237060547,17.174999237060547,16.850000381469727,17.170000076293945,12.084356307983398,13603400
2010-01-20,16.950000762939453,17.0,16.709999084472656,16.864999771118164,11.869694709777832,23007600
2010-01-21,16.885000228881836,16.885000228881836,16.1299991607666,16.135000228881836,11.355915069580078,39632400
2010-01-22,16.09000015258789,16.28499984741211,15.774999618530273,15.8149995803833,11.130701065063477,40093800
2010-01-25,15.979999542236328,16.1200008392334,15.899999618530273,15.954999923706055,11.22923469543457,20610200
2010-01-26,15.779999732971191,15.994999885559082,15.680000305175781,15.729999542236328,11.070876121520996,33567800
2010-01-27,15.654999732971191,15.770000457763672,15.324999809265137,15.595000267028809,10.975863456726074,39417600
2010-01-28,15.694999694824219,15.739999771118164,15.239999771118164,15.3149995803833,10.778794288635254,32740800
2010-01-29,15.4350004196167,15.65999984741211,15.0600004196167,15.069999694824219,10.606365203857422,32241400
2010-02-01,15.229999542236328,15.670000076293945,15.229999542236328,15.670000076293945,11.028651237487793,34546000
2010-02-02,15.739999771118164,15.800000190734863,15.510000228881836,15.720000267028809,11.063838005065918,32079400
2010-02-03,15.65999984741211,15.8100004196167,15.489999771118164,15.539999961853027,10.937152862548828,36213600
2010-02-04,15.329999923706055,15.375,14.949999809265137,14.960000038146973,10.528946876525879,45618000
2010-02-05,15.005000114440918,15.244999885559082,14.739999771118164,15.239999771118164,10.726012229919434,64498000
2010-02-08,15.270000457763672,15.359999656677246,14.979999542236328,14.994999885559082,10.553580284118652,40944600
2010-02-09,15.225000381469727,15.520000457763672,15.125,15.359999656677246,10.810470581054688,57488000
2010-02-10,15.380000114440918,15.40999984741211,15.0649995803833,15.255000114440918,10.736571311950684,43105200
2010-02-11,15.244999885559082,15.53499984741211,15.170000076293945,15.515000343322754,10.91955852508545,38944200
2010-02-12,15.239999771118164,15.569999694824219,15.170000076293945,15.484999656677246,10.898447036743164,39246600
2010-02-16,15.680000305175781,15.899999618530273,15.670000076293945,15.875,11.172929763793945,21028400
2010-02-17,15.975000381469727,16.045000076293945,15.774999618530273,15.885000228881836,11.17996597290039,58790800
2010-02-18,15.8149995803833,16.110000610351562,15.800000190734863,16.05500030517578,11.299616813659668,39257200
2010-02-19,15.9350004196167,16.229999542236328,15.925000190734863,16.145000457763672,11.362956047058105,30427000
2010-02-22,16.204999923706055,16.290000915527344,16.014999389648438,16.075000762939453,11.313693046569824,22993800
2010-02-23,16.024999618530273,16.110000610351562,15.725000381469727,15.819999694824219,11.134217262268066,40160400
2010-02-24,15.845000267028809,15.979999542236328,15.694999694824219,15.779999732971191,11.10606575012207,31930800
2010-02-25,15.545000076293945,15.770000457763672,15.395000457763672,15.744999885559082,11.081432342529297,40918000
2010-02-26,15.824999809265137,15.824999809265137,15.604999542236328,15.75,11.084952354431152,30666800
2010-03-01,15.835000038146973,16.0049991607666,15.75,15.989999771118164,11.25386905670166,39502800
2010-03-02,16.114999771118164,16.2549991607666,16.079999923706055,16.125,11.34887981414795,38859000
2010-03-03,16.225000381469727,16.5049991607666,16.204999923706055,16.264999389648438,11.447413444519043,28216400
2010-03-04,16.315000534057617,16.434999465942383,16.2450008392334,16.375,11.524834632873535,26748000
2010-03-05,16.524999618530273,16.690000534057617,16.46500015258789,16.584999084472656,11.672633171081543,23340600
2010-03-08,16.649999618530273,16.704999923706055,16.4950008392334,16.584999084472656,11.672633171081543,28925800
2010-03-09,16.485000610351562,16.645000457763672,16.420000076293945,16.479999542236328,11.598731994628906,30916800
2010-03-10,16.485000610351562,16.625,16.364999771118164,16.485000610351562,11.602252006530762,41650200
2010-03-11,16.424999237060547,16.579999923706055,16.290000915527344,16.579999923706055,11.669112205505371,29034600
2010-03-12,16.665000915527344,16.764999389648438,16.610000610351562,16.645000457763672,11.714861869812012,23063600
2010-03-15,16.635000228881836,16.65999984741211,16.5,16.639999389648438,11.71134090423584,18990800
2010-03-16,16.69499969482422,16.885000228881836,16.690000534057617,16.885000228881836,11.883774757385254,27171600
2010-03-17,16.940000534057617,17.094999313354492,16.924999237060547,16.979999542236328,11.950634956359863,17654600
2010-03-18,16.985000610351562,17.094999313354492,16.834999084472656,16.860000610351562,11.866182327270508,24248200
2010-03-19,16.639999389648438,16.959999084472656,16.6200008392334,16.639999389648438,11.736747741699219,21252800
2010-03-22,16.5049991607666,16.905000686645508,16.424999237060547,16.885000228881836,11.909557342529297,22534400
2010-03-23,16.899999618530273,17.104999542236328,16.80500030517578,17.104999542236328,12.064728736877441,29462600
2010-03-24,16.9950008392334,17.165000915527344,16.94499969482422,17.05500030517578,12.029463768005371,16904800
2010-03-25,17.209999084472656,17.209999084472656,16.700000762939453,16.71500015258789,11.789649963378906,38080400
2010-03-26,16.790000915527344,16.9950008392334,16.725000381469727,16.84000015258789,11.87782096862793,30944800
2010-03-29,17.0,17.100000381469727,16.934999465942383,17.020000457763672,12.004776000976562,17183400
2010-03-30,17.010000228881836,17.165000915527344,16.924999237060547,17.045000076293945,12.022411346435547,16926400
2010-03-31,17.0049991607666,17.104999542236328,16.90999984741211,16.959999084472656,11.962455749511719,15549200
2010-04-01,17.1299991607666,17.280000686645508,17.110000610351562,17.2549991607666,12.170533180236816,15941800
2010-04-05,17.30500030517578,17.469999313354492,17.2450008392334,17.46500015258789,12.318650245666504,13178600
2010-04-06,17.3799991607666,17.549999237060547,17.375,17.4950008392334,12.339811325073242,17215000
2010-04-07,17.434999465942383,17.579999923706055,17.295000076293945,17.385000228881836,12.262222290039062,20756400
2010-04-08,17.274999618530273,17.440000534057617,17.200000762939453,17.424999237060547,12.290434837341309,16575200
2010-04-09,17.5,17.5,17.354999542236328,17.454999923706055,12.311600685119629,16745800
2010-04-12,17.46500015258789,17.514999389648438,17.350000381469727,17.399999618530273,12.27280330657959,11504800
2010-04-13,17.34000015258789,17.385000228881836,17.219999313354492,17.334999084472656,12.226960182189941,14107400
2010-04-14,17.415000915527344,17.469999313354492,17.34000015258789,17.46500015258789,12.318650245666504,14628200
2010-04-15,17.440000534057617,17.510000228881836,17.3700008392334,17.46500015258789,12.318650245666504,15055000
2010-04-16,17.375,17.459999084472656,17.024999618530273,17.165000915527344,12.107051849365234,33745200
2010-04-19,17.03499984741211,17.19499969482422,16.8700008392334,17.170000076293945,12.110577583312988,22585800
2010-04-20,17.30500030517578,17.360000610351562,17.149999618530273,17.225000381469727,12.149373054504395,11610600
2010-04-21,17.260000228881836,17.260000228881836,17.010000228881836,17.18000030517578,12.117630004882812,22064000
2010-04-22,17.05500030517578,17.350000381469727,16.899999618530273,17.350000381469727,12.237539291381836,11843000
2010-04-23,17.329999923706055,17.56999969482422,17.315000534057617,17.5049991607666,12.346863746643066,19692000
2010-04-26,17.6200008392334,17.735000610351562,17.524999618530273,17.579999923706055,12.399760246276855,14050200
2010-04-27,17.5049991607666,17.530000686645508,16.940000534057617,16.940000534057617,11.94835090637207,32078200
2010-04-28,17.100000381469727,17.225000381469727,16.954999923706055,17.145000457763672,12.092941284179688,32075400
2010-04-29,17.2450008392334,17.360000610351562,17.170000076293945,17.299999237060547,12.202266693115234,20038000
2010-04-30,17.350000381469727,17.399999618530273,16.989999771118164,16.9950008392334,11.987143516540527,21881800
2010-05-03,17.040000915527344,17.1200008392334,16.81999969482422,16.985000610351562,11.980087280273438,22380400
2010-05-04,16.7450008392334,16.760000228881836,16.280000686645508,16.395000457763672,11.563944816589355,53974000
2010-05-05,16.139999389648438,16.5049991607666,16.065000534057617,16.274999618530273,11.479303359985352,35206400
2010-05-06,16.145000457763672,16.459999084472656,14.739999771118164,15.739999771118164,11.101950645446777,54860000
2010-05-07,15.760000228881836,16.020000457763672,15.329999923706055,15.5649995803833,10.978515625,54676800
2010-05-10,16.19499969482422,16.350000381469727,16.110000610351562,16.30500030517578,11.500465393066406,36074800
2010-05-11,16.125,16.329999923706055,16.06999969482422,16.100000381469727,11.355870246887207,28765400
2010-05-12,16.200000762939453,16.440000534057617,16.170000076293945,16.434999465942383,11.592155456542969,25864600
2010-05-13,16.395000457763672,16.530000686645508,16.18000030517578,16.190000534057617,11.419349670410156,26685000
2010-05-14,16.084999084472656,16.084999084472656,15.65999984741211,15.795000076293945,11.140742301940918,40467000
2010-05-17,15.859999656677246,15.954999923706055,15.414999961853027,15.795000076293945,11.140742301940918,37565800
2010-05-18,15.9350004196167,16.174999237060547,15.524999618530273,15.524999618530273,10.950303077697754,46798000
2010-05-19,15.420000076293945,15.574999809265137,15.175000190734863,15.524999618530273,10.950303077697754,47500400
2010-05-20,15.039999961853027,15.210000038146973,14.805000305175781,14.819999694824219,10.453042030334473,55258000
2010-05-21,14.574999809265137,15.244999885559082,14.550000190734863,15.1850004196167,10.710491180419922,39010400
2010-05-24,15.119999885559082,15.239999771118164,14.925000190734863,14.925000190734863,10.527100563049316,27133600
2010-05-25,14.520000457763672,15.199999809265137,14.4350004196167,15.175000190734863,10.703434944152832,37643200
2010-05-26,15.324999809265137,15.4399995803833,15.005000114440918,15.055000305175781,10.618800163269043,26874600
2010-05-27,15.375,15.664999961853027,15.175000190734863,15.649999618530273,11.038469314575195,29382800
2010-05-28,15.609999656677246,15.635000228881836,15.265000343322754,15.375,10.844504356384277,29481800
2010-06-01,15.220000267028809,15.404999732971191,14.854999542236328,14.880000114440918,10.495361328125,31542200
2010-06-02,15.0,15.34000015258789,14.949999809265137,15.34000015258789,10.819818496704102,17503600
2010-06-03,15.475000381469727,15.475000381469727,14.975000381469727,15.154999732971191,10.689330101013184,25279400
2010-06-04,14.864999771118164,14.984999656677246,14.520000457763672,14.555000305175781,10.266134262084961,30713800
2010-06-07,14.5649995803833,14.6850004196167,14.28499984741211,14.295000076293945,10.082741737365723,25021000
2010-06-08,14.369999885559082,14.675000190734863,14.274999618530273,14.619999885559082,10.311978340148926,43670000
2010-06-09,14.8149995803833,14.984999656677246,14.539999961853027,14.640000343322754,10.326082229614258,27666000
2010-06-10,14.914999961853027,15.164999961853027,14.890000343322754,15.164999961853027,10.696383476257324,21597200
2010-06-11,15.005000114440918,15.335000038146973,14.989999771118164,15.335000038146973,10.816293716430664,15956800
2010-06-14,15.475000381469727,15.529999732971191,15.15999984741211,15.1850004196167,10.710491180419922,18202200
2010-06-15,15.319999694824219,15.574999809265137,15.265000343322754,15.5600004196167,10.974987983703613,14109600
2010-06-16,15.444999694824219,15.630000114440918,15.395000457763672,15.539999961853027,10.960882186889648,12730400
2010-06-17,15.574999809265137,15.604999542236328,15.260000228881836,15.454999923706055,10.900933265686035,27380000
2010-06-18,15.420000076293945,15.555000305175781,15.414999961853027,15.475000381469727,10.963275909423828,18895800
2010-06-21,15.75,15.899999618530273,15.460000038146973,15.569999694824219,11.030577659606934,24144400
2010-06-22,15.550000190734863,15.649999618530273,15.1850004196167,15.1850004196167,10.757824897766113,23686600
2010-06-23,15.204999923706055,15.3149995803833,14.960000038146973,15.21500015258789,10.779075622558594,21678400
2010-06-24,15.100000381469727,15.244999885559082,14.824999809265137,14.829999923706055,10.506321907043457,31521600
2010-06-25,14.890000343322754,15.119999885559082,14.744999885559082,15.050000190734863,10.662181854248047,22616200
2010-06-28,15.03499984741211,15.09000015258789,14.84000015258789,14.880000114440918,10.541743278503418,25772000
2010-06-29,14.59000015258789,14.630000114440918,14.270000457763672,14.329999923706055,10.15209674835205,34058800
2010-06-30,14.3149995803833,14.529999732971191,14.125,14.1850004196167,10.049372673034668,21027200
2010-07-01,14.170000076293945,14.3100004196167,13.835000038146973,14.104999542236328,9.992698669433594,32910000
2010-07-02,14.15999984741211,14.220000267028809,13.914999961853027,14.024999618530273,9.936020851135254,19334000
2010-07-06,14.3149995803833,14.350000381469727,13.899999618530273,14.039999961853027,9.94664478302002,20142200
2010-07-07,14.050000190734863,14.619999885559082,14.03499984741211,14.600000381469727,10.343378067016602,23703000
2010-07-08,14.720000267028809,14.84000015258789,14.595000267028809,14.84000015258789,10.513405799865723,17861600
2010-07-09,14.795000076293945,15.194999694824219,14.795000076293945,15.194999694824219,10.764906883239746,18889400
2010-07-12,15.204999923706055,15.204999923706055,14.920000076293945,14.994999885559082,10.623218536376953,18878000
2010-07-13,15.25,15.444999694824219,15.225000381469727,15.399999618530273,10.910141944885254,21410000
2010-07-14,15.270000457763672,15.454999923706055,15.1850004196167,15.350000381469727,10.874713897705078,17277600
2010-07-15,15.364999771118164,15.390000343322754,15.135000228881836,15.335000038146973,10.864092826843262,16560000
2010-07-16,15.225000381469727,15.300000190734863,14.875,14.914999961853027,10.566543579101562,24858200
2010-07-19,15.0,15.010000228881836,14.774999618530273,14.930000305175781,10.577168464660645,15230000
2010-07-20,14.71500015258789,15.395000457763672,14.71500015258789,15.380000114440918,10.895974159240723,21015200
2010-07-21,15.53499984741211,15.614999771118164,15.194999694824219,15.329999923706055,10.86054801940918,18758000
2010-07-22,15.505000114440918,15.795000076293945,15.475000381469727,15.65999984741211,11.094335556030273,32511200
2010-07-23,15.6850004196167,16.024999618530273,15.664999961853027,16.0049991607666,11.338751792907715,29360800
2010-07-26,16.040000915527344,16.100000381469727,15.9399995803833,16.100000381469727,11.40605354309082,14990400
2010-07-27,16.200000762939453,16.25,15.899999618530273,15.970000267028809,11.313958168029785,18349800
2010-07-28,15.890000343322754,16.03499984741211,15.850000381469727,15.920000076293945,11.278534889221191,21062400
2010-07-29,16.024999618530273,16.165000915527344,15.765000343322754,15.904999732971191,11.267908096313477,16919000
2010-07-30,15.760000228881836,16.065000534057617,15.710000038146973,16.0049991607666,11.338751792907715,17515800
2010-08-02,16.260000228881836,16.46500015258789,16.219999313354492,16.434999465942383,11.643383026123047,32952200
2010-08-03,16.274999618530273,16.280000686645508,16.100000381469727,16.135000228881836,11.4308500289917,19108400
2010-08-04,16.229999542236328,16.299999237060547,16.1299991607666,16.28499984741211,11.537120819091797,11268000
2010-08-05,16.21500015258789,16.334999084472656,16.184999465942383,16.31999969482422,11.561915397644043,14066400
2010-08-06,16.209999084472656,16.420000076293945,16.09000015258789,16.2450008392334,11.508783340454102,17375600
2010-08-09,16.375,16.3799991607666,16.239999771118164,16.344999313354492,11.579625129699707,12162000
2010-08-10,16.165000915527344,16.264999389648438,16.0049991607666,16.170000076293945,11.455644607543945,25438800
2010-08-11,15.854999542236328,15.869999885559082,15.614999771118164,15.625,11.069540023803711,35147200
2010-08-12,15.4350004196167,15.779999732971191,15.430000305175781,15.725000381469727,11.140386581420898,23048000
2010-08-13,15.664999961853027,15.734999656677246,15.595000267028809,15.649999618530273,11.08725357055664,12365600
2010-08-16,15.579999923706055,15.819999694824219,15.550000190734863,15.720000267028809,11.136841773986816,13065000
2010-08-17,15.9399995803833,16.209999084472656,15.9399995803833,16.09000015258789,11.398974418640137,23946400
2010-08-18,16.075000762939453,16.229999542236328,15.949999809265137,16.149999618530273,11.441478729248047,19570600
2010-08-19,16.06999969482422,16.135000228881836,15.699999809265137,15.779999732971191,11.179351806640625,25495800
2010-08-20,15.6850004196167,15.760000228881836,15.595000267028809,15.744999885559082,11.154556274414062,27923600
2010-08-23,15.8149995803833,16.024999618530273,15.5600004196167,15.569999694824219,11.030577659606934,18899200
2010-08-24,15.295000076293945,15.414999961853027,15.199999809265137,15.210000038146973,10.77553653717041,29745800
2010-08-25,15.09000015258789,15.300000190734863,14.9399995803833,15.255000114440918,10.807417869567871,25560800
2010-08-26,15.399999618530273,15.484999656677246,15.210000038146973,15.234999656677246,10.793245315551758,14956000
2010-08-27,15.335000038146973,15.699999809265137,15.180000305175781,15.6899995803833,11.11559009552002,20732800
2010-08-30,15.654999732971191,15.729999542236328,15.454999923706055,15.454999923706055,10.949106216430664,10128800
2010-08-31,15.359999656677246,15.600000381469727,15.354999542236328,15.520000457763672,10.995157241821289,19130600
2010-09-01,15.720000267028809,16.020000457763672,15.710000038146973,15.984999656677246,11.324584007263184,24058400
2010-09-02,16.03499984741211,16.174999237060547,15.9399995803833,16.174999237060547,11.459187507629395,12309200
2010-09-03,16.299999237060547,16.375,16.225000381469727,16.364999771118164,11.593798637390137,15619200
2010-09-07,16.299999237060547,16.350000381469727,16.18000030517578,16.204999923706055,11.480443000793457,12186000
2010-09-08,16.2549991607666,16.434999465942383,16.235000610351562,16.329999923706055,11.568997383117676,10036400
2010-09-09,16.485000610351562,16.53499984741211,16.235000610351562,16.274999618530273,11.53003215789795,9445800
2010-09-10,16.290000915527344,16.450000762939453,16.290000915527344,16.40999984741211,11.625677108764648,11261800
2010-09-13,16.540000915527344,16.735000610351562,16.524999618530273,16.674999237060547,11.813416481018066,24126600
2010-09-14,16.594999313354492,16.760000228881836,16.540000915527344,16.645000457763672,11.792160034179688,17105400
2010-09-15,16.549999237060547,16.645000457763672,16.485000610351562,16.614999771118164,11.770904541015625,12888600
2010-09-16,16.565000534057617,16.739999771118164,16.549999237060547,16.69499969482422,11.827584266662598,25727400
2010-09-17,16.415000915527344,16.450000762939453,16.2549991607666,16.364999771118164,11.829754829406738,16339400
2010-09-20,16.3799991607666,16.5,16.264999389648438,16.469999313354492,11.905653953552246,16600800
2010-09-21,16.469999313354492,16.475000381469727,16.239999771118164,16.395000457763672,11.851439476013184,33795200
2010-09-22,16.389999389648438,16.559999465942383,16.3799991607666,16.434999465942383,11.880351066589355,20396600
2010-09-23,16.290000915527344,16.479999542236328,16.21500015258789,16.280000686645508,11.768305778503418,14346000
2010-09-24,16.485000610351562,16.704999923706055,16.475000381469727,16.68000030517578,12.05745792388916,17199200
2010-09-27,16.684999465942383,16.709999084472656,16.565000534057617,16.584999084472656,11.988785743713379,11346400
2010-09-28,16.565000534057617,16.614999771118164,16.28499984741211,16.584999084472656,11.988785743713379,17394800
2010-09-29,16.53499984741211,16.565000534057617,16.399999618530273,16.454999923706055,11.894811630249023,19749800
2010-09-30,16.565000534057617,16.639999389648438,16.270000457763672,16.389999389648438,11.847823143005371,20469400
2010-10-01,16.489999771118164,16.6200008392334,16.479999542236328,16.604999542236328,12.003243446350098,15538400
2010-10-04,16.475000381469727,16.540000915527344,16.280000686645508,16.34000015258789,11.811680793762207,26111200
2010-10-05,16.530000686645508,16.860000610351562,16.530000686645508,16.799999237060547,12.144201278686523,26245400
2010-10-06,16.84000015258789,17.0049991607666,16.81999969482422,16.959999084472656,12.259858131408691,13636600
2010-10-07,17.010000228881836,17.020000457763672,16.635000228881836,16.790000915527344,12.136970520019531,18279800
2010-10-08,16.850000381469727,17.170000076293945,16.850000381469727,17.1200008392334,12.375519752502441,15930200
2010-10-11,17.200000762939453,17.204999923706055,17.024999618530273,17.09000015258789,12.353837966918945,11727200
2010-10-12,17.049999237060547,17.165000915527344,16.8700008392334,17.135000228881836,12.386359214782715,14601000
2010-10-13,17.34000015258789,17.475000381469727,17.2450008392334,17.40999984741211,12.585153579711914,14554400
2010-10-14,17.405000686645508,17.440000534057617,17.145000457763672,17.2450008392334,12.4658784866333,16533200
2010-10-15,17.3799991607666,17.385000228881836,17.065000534057617,17.295000076293945,12.502020835876465,24577400
2010-10-18,17.235000610351562,17.375,17.135000228881836,17.3700008392334,12.556241035461426,13649200
2010-10-19,17.06999969482422,17.165000915527344,16.850000381469727,16.924999237060547,12.234563827514648,30249800
2010-10-20,16.9950008392334,17.389999389648438,16.954999923706055,17.274999618530273,12.487565040588379,20369600
2010-10-21,17.350000381469727,17.424999237060547,17.09000015258789,17.270000457763672,12.483951568603516,22244200
2010-10-22,17.280000686645508,17.30500030517578,17.09000015258789,17.145000457763672,12.393589973449707,16613600
2010-10-25,17.40999984741211,17.584999084472656,17.3700008392334,17.514999389648438,12.661053657531738,22728000
2010-10-26,17.274999618530273,17.450000762939453,17.155000686645508,17.40999984741211,12.585153579711914,18659400
2010-10-27,17.280000686645508,17.280000686645508,17.065000534057617,17.25,12.469490051269531,24652800
2010-10-28,17.395000457763672,17.454999923706055,17.145000457763672,17.260000228881836,12.476720809936523,20044200
2010-10-29,17.225000381469727,17.434999465942383,17.18000030517578,17.399999618530273,12.577922821044922,13569800
2010-11-01,17.489999771118164,17.610000610351562,17.295000076293945,17.389999389648438,12.570694923400879,16188600
2010-11-02,17.545000076293945,17.68000030517578,17.4950008392334,17.56999969482422,12.700806617736816,23459000
2010-11-03,17.625,17.649999618530273,17.25,17.520000457763672,12.664668083190918,34310000
2010-11-04,17.78499984741211,18.094999313354492,17.780000686645508,18.094999313354492,13.080313682556152,20076400
2010-11-05,18.1200008392334,18.270000457763672,18.05500030517578,18.15999984741211,13.127302169799805,20189600
2010-11-08,18.045000076293945,18.229999542236328,18.024999618530273,18.204999923706055,13.15984058380127,15881800
2010-11-09,18.295000076293945,18.354999542236328,17.780000686645508,17.885000228881836,12.928509712219238,22728800
2010-11-10,17.885000228881836,18.020000457763672,17.674999237060547,17.975000381469727,12.993565559387207,18655600
2010-11-11,17.885000228881836,18.170000076293945,17.8799991607666,18.15999984741211,13.127302169799805,18777400
2010-11-12,17.954999923706055,18.024999618530273,17.604999542236328,17.7549991607666,12.834541320800781,34953400
2010-11-15,17.80500030517578,17.860000610351562,17.600000381469727,17.614999771118164,12.733339309692383,19444000
2010-11-16,17.40999984741211,17.44499969482422,17.100000381469727,17.235000610351562,12.458649635314941,39700000
2010-11-17,17.239999771118164,17.40999984741211,17.149999618530273,17.229999542236328,12.455036163330078,26661800
2010-11-18,17.459999084472656,17.704999923706055,17.459999084472656,17.55500030517578,12.68996810913086,28865800
2010-11-19,17.559999465942383,17.69499969482422,17.46500015258789,17.69499969482422,12.791171073913574,18097800
2010-11-22,17.6200008392334,17.7549991607666,17.469999313354492,17.739999771118164,12.823699951171875,23443000
2010-11-23,17.46500015258789,17.510000228881836,17.315000534057617,17.399999618530273,12.577922821044922,26465200
2010-11-24,17.540000915527344,17.735000610351562,17.520000457763672,17.735000610351562,12.82008171081543,15943200
2010-11-26,17.549999237060547,17.579999923706055,17.434999465942383,17.434999465942383,12.603224754333496,9311400
2010-11-29,17.395000457763672,17.639999389648438,17.184999465942383,17.584999084472656,12.711654663085938,25669600
2010-11-30,17.440000534057617,17.739999771118164,17.375,17.594999313354492,12.718880653381348,31201200
2010-12-01,17.889999389648438,18.084999084472656,17.850000381469727,18.075000762939453,13.06585693359375,24592000
2010-12-02,18.15999984741211,18.389999389648438,18.110000610351562,18.350000381469727,13.264646530151367,18747600
2010-12-03,18.274999618530273,18.545000076293945,18.264999389648438,18.5049991607666,13.376691818237305,15720000
2010-12-06,18.479999542236328,18.56999969482422,18.454999923706055,18.53499984741211,13.398369789123535,9912800
2010-12-07,18.764999389648438,18.80500030517578,18.524999618530273,18.559999465942383,13.416443824768066,21077000
2010-12-08,18.56999969482422,18.635000228881836,18.270000457763672,18.364999771118164,13.27548885345459,23584200
2010-12-09,18.524999618530273,18.540000915527344,18.34000015258789,18.46500015258789,13.347777366638184,23028200
2010-12-10,18.4950008392334,18.645000457763672,18.399999618530273,18.625,13.463433265686035,10437400
2010-12-13,18.81999969482422,18.860000610351562,18.700000762939453,18.725000381469727,13.535723686218262,12831600
2010-12-14,18.719999313354492,18.834999084472656,18.649999618530273,18.709999084472656,13.524880409240723,14227400
2010-12-15,18.649999618530273,18.774999618530273,18.584999084472656,18.610000610351562,13.452589988708496,13388000
2010-12-16,18.639999389648438,18.790000915527344,18.4950008392334,18.78499984741211,13.579092979431152,18492400
2010-12-17,18.610000610351562,18.795000076293945,18.584999084472656,18.780000686645508,13.685856819152832,14386400
2010-12-20,18.899999618530273,18.93000030517578,18.739999771118164,18.84000015258789,13.729584693908691,10680400
2010-12-21,18.915000915527344,19.059999465942383,18.90999984741211,19.030000686645508,13.868048667907715,9610000
2010-12-22,19.100000381469727,19.100000381469727,18.94499969482422,19.020000457763672,13.860761642456055,6326200
2010-12-23,18.920000076293945,19.125,18.920000076293945,19.06999969482422,13.897195816040039,7742600
2010-12-27,19.05500030517578,19.110000610351562,18.940000534057617,19.100000381469727,13.91905403137207,4817600
2010-12-28,19.18000030517578,19.18000030517578,19.084999084472656,19.139999389648438,13.948205947875977,6872200
2010-12-29,19.219999313354492,19.25,19.170000076293945,19.219999313354492,14.006503105163574,5138600
2010-12-30,19.21500015258789,19.295000076293945,19.18000030517578,19.219999313354492,14.006503105163574,7152600
2010-12-31,19.19499969482422,19.270000457763672,19.155000686645508,19.204999923706055,13.995574951171875,4849400
2011-01-03,19.40999984741211,19.540000915527344,19.334999084472656,19.360000610351562,14.108529090881348,12110400
2011-01-04,19.389999389648438,19.424999237060547,18.985000610351562,19.229999542236328,14.013792991638184,18978600
2011-01-05,19.1299991607666,19.28499984741211,19.045000076293945,19.274999618530273,14.046585083007812,15594600
2011-01-06,19.28499984741211,19.375,19.1200008392334,19.174999237060547,13.973712921142578,15539400
2011-01-07,19.235000610351562,19.290000915527344,18.989999771118164,19.155000686645508,13.959136962890625,23128400
2011-01-10,19.084999084472656,19.21500015258789,18.860000610351562,19.18000030517578,13.977356910705566,20979400
2011-01-11,19.274999618530273,19.350000381469727,19.209999084472656,19.334999084472656,14.09030532836914,13209600
2011-01-12,19.485000610351562,19.55500030517578,19.415000915527344,19.524999618530273,14.228775024414062,13959200
2011-01-13,19.5049991607666,19.540000915527344,19.309999465942383,19.354999542236328,14.104886054992676,14599600
2011-01-14,19.31999969482422,19.399999618530273,19.200000762939453,19.399999618530273,14.137676239013672,15839800
2011-01-18,19.424999237060547,19.524999618530273,19.405000686645508,19.5049991607666,14.214198112487793,16477600
2011-01-19,19.540000915527344,19.549999237060547,19.020000457763672,19.05500030517578,13.886258125305176,32022600
2011-01-20,18.854999542236328,18.90999984741211,18.6200008392334,18.78499984741211,13.68950080871582,43715400
2011-01-21,18.889999389648438,18.979999542236328,18.71500015258789,18.739999771118164,13.656709671020508,22906400
2011-01-24,18.80500030517578,19.045000076293945,18.735000610351562,18.940000534057617,13.802460670471191,20986800
2011-01-25,18.875,18.96500015258789,18.739999771118164,18.96500015258789,13.820673942565918,26381600
2011-01-26,19.030000686645508,19.399999618530273,19.024999618530273,19.364999771118164,14.112174034118652,22398600
2011-01-27,19.350000381469727,19.375,19.065000534057617,19.204999923706055,13.995574951171875,22470000
2011-01-28,19.200000762939453,19.344999313354492,18.889999389648438,18.905000686645508,13.77695083618164,28584600
2011-01-31,19.030000686645508,19.239999771118164,18.96500015258789,19.219999313354492,14.006503105163574,19959800
2011-02-01,19.399999618530273,19.774999618530273,19.364999771118164,19.735000610351562,14.381813049316406,32064200
2011-02-02,19.725000381469727,19.799999237060547,19.604999542236328,19.700000762939453,14.356302261352539,12356400
2011-02-03,19.709999084472656,19.825000762939453,19.479999542236328,19.78499984741211,14.418245315551758,21654600
2011-02-04,19.84000015258789,19.864999771118164,19.6200008392334,19.790000915527344,14.421897888183594,16209400
2011-02-07,19.850000381469727,20.03499984741211,19.850000381469727,19.895000457763672,14.49841022491455,18360600
2011-02-08,19.985000610351562,19.9950008392334,19.825000762939453,19.959999084472656,14.545784950256348,15420400
2011-02-09,19.90999984741211,19.934999465942383,19.649999618530273,19.780000686645508,14.414603233337402,19333400
2011-02-10,19.584999084472656,19.94499969482422,19.584999084472656,19.815000534057617,14.44011116027832,18023400
2011-02-11,19.760000228881836,20.0,19.700000762939453,19.924999237060547,14.520276069641113,20151200
2011-02-14,19.975000381469727,20.170000076293945,19.934999465942383,20.139999389648438,14.676953315734863,17148200
2011-02-15,20.149999618530273,20.155000686645508,19.875,19.90999984741211,14.509343147277832,14403000
2011-02-16,20.024999618530273,20.219999313354492,20.010000228881836,20.170000076293945,14.698817253112793,19581400
2011-02-17,20.1299991607666,20.360000610351562,20.065000534057617,20.350000381469727,14.829989433288574,16506600
2011-02-18,20.3799991607666,20.415000915527344,20.049999237060547,20.125,14.66602611541748,14668600
2011-02-22,19.864999771118164,20.0,19.44499969482422,19.479999542236328,14.1959810256958,37060200
2011-02-23,19.420000076293945,19.559999465942383,19.014999389648438,19.334999084472656,14.09030532836914,37641000
2011-02-24,19.325000762939453,19.5049991607666,18.969999313354492,19.235000610351562,14.017435073852539,28453000
2011-02-25,19.405000686645508,19.545000076293945,19.3799991607666,19.520000457763672,14.225133895874023,16706200
2011-02-28,19.594999313354492,19.729999542236328,19.5049991607666,19.729999542236328,14.378165245056152,15915800
2011-03-01,19.774999618530273,19.81999969482422,19.235000610351562,19.2450008392334,14.024723052978516,36178400
2011-03-02,19.219999313354492,19.440000534057617,19.190000534057617,19.315000534057617,14.07573413848877,22439800
2011-03-03,19.540000915527344,19.704999923706055,19.5049991607666,19.704999923706055,14.359943389892578,17416400
2011-03-04,19.725000381469727,19.729999542236328,19.375,19.524999618530273,14.228775024414062,23102200
2011-03-07,19.674999237060547,19.719999313354492,19.094999313354492,19.190000534057617,13.98464298248291,36593000
2011-03-08,19.235000610351562,19.479999542236328,19.03499984741211,19.40999984741211,14.144968032836914,20951800
2011-03-09,19.315000534057617,19.315000534057617,19.0,19.094999313354492,13.915404319763184,35285400
2011-03-10,18.81999969482422,18.915000915527344,18.59000015258789,18.68000030517578,13.612979888916016,62013600
2011-03-11,18.604999542236328,19.014999389648438,18.530000686645508,18.954999923706055,13.813394546508789,29383200
2011-03-14,18.8799991607666,19.049999237060547,18.690000534057617,18.885000228881836,13.762378692626953,35194600
2011-03-15,18.299999237060547,18.979999542236328,18.219999313354492,18.885000228881836,13.762378692626953,45739400
2011-03-16,18.864999771118164,18.915000915527344,18.280000686645508,18.5049991607666,13.485450744628906,46770000
2011-03-17,18.8700008392334,19.0049991607666,18.725000381469727,18.834999084472656,13.725937843322754,44856600
2011-03-18,19.045000076293945,19.094999313354492,18.81999969482422,18.864999771118164,13.793198585510254,29813000
2011-03-21,19.155000686645508,19.229999542236328,19.030000686645508,19.190000534057617,14.030829429626465,16934800
2011-03-22,19.174999237060547,19.229999542236328,19.03499984741211,19.145000457763672,13.997925758361816,15172800
2011-03-23,19.155000686645508,19.479999542236328,19.040000915527344,19.424999237060547,14.202646255493164,26321800
2011-03-24,19.559999465942383,19.59000015258789,19.315000534057617,19.510000228881836,14.264800071716309,23093000
2011-03-25,19.604999542236328,19.770000457763672,19.524999618530273,19.614999771118164,14.341568946838379,21089800
2011-03-28,19.610000610351562,19.760000228881836,19.5049991607666,19.524999618530273,14.275765419006348,23835200
2011-03-29,19.530000686645508,19.729999542236328,19.395000457763672,19.729999542236328,14.425649642944336,19443600
2011-03-30,19.93000030517578,19.979999542236328,19.665000915527344,19.934999465942383,14.575539588928223,30180400
2011-03-31,19.915000915527344,20.114999771118164,19.899999618530273,20.010000228881836,14.630374908447266,21048200
2011-04-01,20.125,20.184999465942383,20.0,20.084999084472656,14.68520736694336,18529000
2011-04-04,20.184999465942383,20.280000686645508,20.155000686645508,20.21500015258789,14.78026294708252,14013200
2011-04-05,20.200000762939453,20.53499984741211,20.1200008392334,20.454999923706055,14.95573616027832,18749400
2011-04-06,20.6200008392334,20.639999389648438,20.225000381469727,20.28499984741211,14.831439018249512,30197400
2011-04-07,20.344999313354492,20.475000381469727,20.149999618530273,20.2450008392334,14.802200317382812,26134800
2011-04-08,20.399999618530273,20.459999084472656,20.014999389648438,20.100000381469727,14.69618034362793,17302600
2011-04-11,20.155000686645508,20.2450008392334,19.78499984741211,19.875,14.531668663024902,20734400
2011-04-12,19.649999618530273,19.760000228881836,19.530000686645508,19.604999542236328,14.334256172180176,26711400
2011-04-13,19.7450008392334,19.764999389648438,19.34000015258789,19.489999771118164,14.250174522399902,32170200
2011-04-14,19.360000610351562,19.614999771118164,19.360000610351562,19.549999237060547,14.29404354095459,31580200
2011-04-15,19.639999389648438,19.71500015258789,19.489999771118164,19.68000030517578,14.389091491699219,22683000
2011-04-18,19.450000762939453,19.5049991607666,19.219999313354492,19.405000686645508,14.188030242919922,22494400
2011-04-19,19.485000610351562,19.770000457763672,19.46500015258789,19.75,14.440274238586426,32250000
2011-04-20,20.084999084472656,20.149999618530273,19.94499969482422,20.010000228881836,14.630374908447266,26455400
2011-04-21,20.1200008392334,20.225000381469727,20.05500030517578,20.225000381469727,14.78757381439209,15329200
2011-04-25,20.170000076293945,20.2450008392334,19.975000381469727,20.06999969482422,14.67424488067627,12109400
2011-04-26,20.155000686645508,20.3700008392334,20.06999969482422,20.295000076293945,14.838749885559082,17400000
2011-04-27,20.325000762939453,20.360000610351562,19.94499969482422,20.360000610351562,14.88628101348877,26244200
2011-04-28,20.334999084472656,20.510000228881836,20.260000228881836,20.354999542236328,14.882622718811035,27603200
2011-04-29,20.44499969482422,20.5,20.295000076293945,20.434999465942383,14.941109657287598,26800000
2011-05-02,20.510000228881836,20.584999084472656,20.2450008392334,20.290000915527344,14.835098266601562,20484200
2011-05-03,20.274999618530273,20.299999237060547,19.940000534057617,20.104999542236328,14.699830055236816,30488800
2011-05-04,20.084999084472656,20.110000610351562,19.614999771118164,19.75,14.440274238586426,42692200
2011-05-05,19.610000610351562,19.875,19.415000915527344,19.514999389648438,14.268451690673828,49810600
2011-05-06,19.864999771118164,19.959999084472656,19.559999465942383,19.674999237060547,14.385436058044434,39226200
2011-05-09,19.71500015258789,20.020000457763672,19.69499969482422,19.959999084472656,14.593822479248047,26753000
2011-05-10,20.040000915527344,20.170000076293945,19.90999984741211,20.1299991607666,14.718111991882324,24373200
2011-05-11,20.075000762939453,20.09000015258789,19.510000228881836,19.594999313354492,14.32694149017334,36163200
2011-05-12,19.53499984741211,19.69499969482422,19.334999084472656,19.575000762939453,14.312332153320312,36135800
2011-05-13,19.649999618530273,19.684999465942383,19.264999389648438,19.325000762939453,14.129533767700195,39318400
2011-05-16,19.2549991607666,19.625,19.190000534057617,19.2549991607666,14.078351020812988,39154200
2011-05-17,19.145000457763672,19.229999542236328,18.915000915527344,19.030000686645508,13.913846015930176,46415600
2011-05-18,19.1200008392334,19.475000381469727,19.020000457763672,19.454999923706055,14.224589347839355,35216000
2011-05-19,19.475000381469727,19.655000686645508,19.364999771118164,19.450000762939453,14.220928192138672,25611800
2011-05-20,19.399999618530273,19.454999923706055,19.104999542236328,19.2549991607666,14.078351020812988,35574800
2011-05-23,18.94499969482422,19.1200008392334,18.864999771118164,19.05500030517578,13.932122230529785,26600000
2011-05-24,19.190000534057617,19.375,19.045000076293945,19.149999618530273,14.001579284667969,33186400
2011-05-25,19.114999771118164,19.530000686645508,19.075000762939453,19.420000076293945,14.19899845123291,32158200
2011-05-26,19.364999771118164,19.530000686645508,19.260000228881836,19.46500015258789,14.231900215148926,20333400
2011-05-27,19.6200008392334,19.7549991607666,19.575000762939453,19.674999237060547,14.385436058044434,21204400
2011-05-31,19.854999542236328,19.934999465942383,19.579999923706055,19.875,14.531668663024902,32114400
2011-06-01,19.78499984741211,19.81999969482422,19.229999542236328,19.2549991607666,14.078351020812988,35499000
2011-06-02,19.290000915527344,19.4950008392334,19.05500030517578,19.28499984741211,14.1002836227417,40104400
2011-06-03,18.979999542236328,19.174999237060547,18.940000534057617,19.040000915527344,13.921156883239746,32958000
2011-06-06,19.040000915527344,19.165000915527344,18.815000534057617,18.850000381469727,13.782234191894531,28586000
2011-06-07,18.989999771118164,19.114999771118164,18.864999771118164,18.920000076293945,13.833416938781738,23020200
2011-06-08,18.864999771118164,18.875,18.665000915527344,18.725000381469727,13.690844535827637,34934200
2011-06-09,18.809999465942383,19.139999389648438,18.774999618530273,19.03499984741211,13.917494773864746,35140800
2011-06-10,18.920000076293945,19.049999237060547,18.75,18.795000076293945,13.742020606994629,30926400
2011-06-13,18.8700008392334,18.940000534057617,18.549999237060547,18.684999465942383,13.661596298217773,26704000
2011-06-14,18.934999465942383,19.1299991607666,18.854999542236328,19.045000076293945,13.924809455871582,37155600
2011-06-15,18.850000381469727,18.959999084472656,18.524999618530273,18.604999542236328,13.603105545043945,47199400
2011-06-16,18.59000015258789,18.674999237060547,18.184999465942383,18.424999237060547,13.4714937210083,52688400
2011-06-17,18.4950008392334,18.545000076293945,18.239999771118164,18.31999969482422,13.469657897949219,38382400
2011-06-20,18.219999313354492,18.549999237060547,18.219999313354492,18.475000381469727,13.583620071411133,31123200
2011-06-21,18.6200008392334,18.979999542236328,18.6200008392334,18.950000762939453,13.932862281799316,29506200
2011-06-22,18.850000381469727,19.09000015258789,18.829999923706055,18.8700008392334,13.874040603637695,26860800
2011-06-23,18.55500030517578,18.8799991607666,18.3700008392334,18.854999542236328,13.863008499145508,35531600
2011-06-24,18.934999465942383,18.979999542236328,18.670000076293945,18.735000610351562,13.77477741241455,25527000
2011-06-27,18.639999389648438,18.844999313354492,18.5,18.774999618530273,13.804191589355469,20235200
2011-06-28,18.885000228881836,19.139999389648438,18.809999465942383,19.139999389648438,14.072555541992188,20732600
2011-06-29,19.270000457763672,19.524999618530273,19.200000762939453,19.44499969482422,14.296809196472168,28885600
2011-06-30,19.479999542236328,19.760000228881836,19.415000915527344,19.684999465942383,14.473267555236816,24759200
2011-07-01,19.690000534057617,19.895000457763672,19.55500030517578,19.864999771118164,14.605607986450195,26882800
2011-07-05,19.850000381469727,19.954999923706055,19.780000686645508,19.889999389648438,14.623991012573242,21081000
2011-07-06,19.81999969482422,20.045000076293945,19.75,19.969999313354492,14.682809829711914,29273800
2011-07-07,20.200000762939453,20.360000610351562,20.125,20.270000457763672,14.903382301330566,23141200
2011-07-08,19.959999084472656,20.1299991607666,19.899999618530273,20.114999771118164,14.789422988891602,22743200
2011-07-11,19.81999969482422,19.90999984741211,19.600000381469727,19.709999084472656,14.491642951965332,23123800
2011-07-12,19.56999969482422,19.829999923706055,19.56999969482422,19.6299991607666,14.432827949523926,17070200
2011-07-13,19.760000228881836,20.010000228881836,19.719999313354492,19.799999237060547,14.557823181152344,20591000
2011-07-14,19.844999313354492,19.959999084472656,19.559999465942383,19.610000610351562,14.41812515258789,21614800
2011-07-15,19.704999923706055,19.809999465942383,19.610000610351562,19.78499984741211,14.546786308288574,26862800
2011-07-18,19.735000610351562,19.799999237060547,19.459999084472656,19.549999237060547,14.374008178710938,32278400
2011-07-19,19.709999084472656,19.860000610351562,19.709999084472656,19.844999313354492,14.590901374816895,19083200
2011-07-20,19.895000457763672,19.899999618530273,19.739999771118164,19.829999923706055,14.579870223999023,13646800
2011-07-21,19.93000030517578,20.100000381469727,19.834999084472656,20.06999969482422,14.756333351135254,19496200
2011-07-22,20.059999465942383,20.065000534057617,19.90999984741211,19.975000381469727,14.686488151550293,14452800
2011-07-25,19.774999618530273,20.059999465942383,19.739999771118164,19.924999237060547,14.649725914001465,11050400
2011-07-26,19.920000076293945,19.924999237060547,19.674999237060547,19.709999084472656,14.491642951965332,14344200
2011-07-27,19.645000457763672,19.725000381469727,19.229999542236328,19.260000228881836,14.160786628723145,31927800
2011-07-28,19.31999969482422,19.520000457763672,19.19499969482422,19.219999313354492,14.131375312805176,20092200
2011-07-29,18.934999465942383,19.200000762939453,18.815000534057617,19.0049991607666,13.973297119140625,26653000
2011-08-01,19.354999542236328,19.3700008392334,18.760000228881836,18.940000534057617,13.92551326751709,29084800
2011-08-02,18.790000915527344,18.989999771118164,18.354999542236328,18.354999542236328,13.495393753051758,41598200
2011-08-03,18.3799991607666,18.5049991607666,17.975000381469727,18.450000762939453,13.565240859985352,38959600
2011-08-04,18.149999618530273,18.170000076293945,17.200000762939453,17.200000762939453,12.646184921264648,78015800
2011-08-05,17.479999542236328,17.639999389648438,16.68000030517578,17.15999984741211,12.61677360534668,66010000
2011-08-08,16.665000915527344,16.895000457763672,15.8100004196167,15.904999732971191,11.694047927856445,75544800
2011-08-09,16.15999984741211,16.895000457763672,15.805000305175781,16.885000228881836,12.414582252502441,62942000
2011-08-10,16.510000228881836,16.94499969482422,16.2549991607666,16.30500030517578,11.988143920898438,65754600
2011-08-11,16.4950008392334,17.34000015258789,16.405000686645508,17.110000610351562,12.5800142288208,55098600
2011-08-12,17.21500015258789,17.399999618530273,17.079999923706055,17.219999313354492,12.660888671875,29769400
2011-08-15,17.325000762939453,17.5,17.219999313354492,17.4950008392334,12.863081932067871,55693600
2011-08-16,17.344999313354492,17.450000762939453,17.06999969482422,17.21500015258789,12.65721321105957,32716000
2011-08-17,17.315000534057617,17.549999237060547,17.184999465942383,17.264999389648438,12.693974494934082,27525200
2011-08-18,16.815000534057617,16.825000762939453,16.114999771118164,16.260000228881836,11.955056190490723,53075400
2011-08-19,16.040000915527344,16.549999237060547,15.989999771118164,16.0,11.763891220092773,38924800
2011-08-22,16.44499969482422,16.454999923706055,15.944999694824219,16.0,11.763891220092773,24809400
2011-08-23,16.125,16.56999969482422,16.010000228881836,16.565000534057617,12.179308891296387,31366800
2011-08-24,16.5049991607666,16.80500030517578,16.40999984741211,16.799999237060547,12.352090835571289,19027400
2011-08-25,16.815000534057617,16.94499969482422,16.530000686645508,16.614999771118164,12.216066360473633,22707400
2011-08-26,16.4950008392334,17.0049991607666,16.184999465942383,16.96500015258789,12.473404884338379,29035600
2011-08-29,17.155000686645508,17.489999771118164,17.110000610351562,17.479999542236328,12.852058410644531,25578800
2011-08-30,17.405000686645508,17.735000610351562,17.354999542236328,17.625,12.958662986755371,26398200
2011-08-31,17.770000457763672,17.959999084472656,17.514999389648438,17.670000076293945,12.991747856140137,24743600
2011-09-01,17.655000686645508,17.854999542236328,17.415000915527344,17.43000030517578,12.815291404724121,25240800
2011-09-02,17.049999237060547,17.19499969482422,16.915000915527344,16.985000610351562,12.488107681274414,26353200
2011-09-06,16.5049991607666,16.924999237060547,16.479999542236328,16.895000457763672,12.421935081481934,27213200
2011-09-07,17.18000030517578,17.3799991607666,17.084999084472656,17.3799991607666,12.778532981872559,25526200
2011-09-08,17.260000228881836,17.424999237060547,17.079999923706055,17.149999618530273,12.609424591064453,23190600
2011-09-09,16.94499969482422,16.94499969482422,16.485000610351562,16.584999084472656,12.194009780883789,37833400
2011-09-12,16.395000457763672,16.65999984741211,16.1299991607666,16.475000381469727,12.113133430480957,27529200
2011-09-13,16.520000457763672,16.809999465942383,16.3799991607666,16.7450008392334,12.311649322509766,27030600
2011-09-14,16.799999237060547,17.209999084472656,16.520000457763672,17.0049991607666,12.502812385559082,36008000
2011-09-15,17.229999542236328,17.315000534057617,17.014999389648438,17.295000076293945,12.716032981872559,25961800
2011-09-16,17.260000228881836,17.399999618530273,17.09000015258789,17.260000228881836,12.757798194885254,24808800
2011-09-19,16.899999618530273,17.079999923706055,16.704999923706055,17.0049991607666,12.569310188293457,22188000
2011-09-20,17.030000686645508,17.190000534057617,16.795000076293945,16.80500030517578,12.421480178833008,28351400
2011-09-21,16.760000228881836,16.780000686645508,16.020000457763672,16.045000076293945,11.859723091125488,54034400
2011-09-22,15.46500015258789,15.479999542236328,14.914999961853027,15.145000457763672,11.19448471069336,61758800
2011-09-23,15.055000305175781,15.345000267028809,14.975000381469727,15.119999885559082,11.176008224487305,47446400
2011-09-26,15.260000228881836,15.604999542236328,14.904999732971191,15.604999542236328,11.53449535369873,37981200
2011-09-27,16.1200008392334,16.28499984741211,15.819999694824219,15.930000305175781,11.77471923828125,40351200
2011-09-28,16.0049991607666,16.0049991607666,15.199999809265137,15.225000381469727,11.253618240356445,44932200
2011-09-29,15.5649995803833,15.585000038146973,14.949999809265137,15.239999771118164,11.264705657958984,40137800
2011-09-30,14.994999885559082,15.095000267028809,14.65999984741211,14.680000305175781,10.850780487060547,36225000
2011-10-03,14.515000343322754,14.925000190734863,14.265000343322754,14.265000343322754,10.54403018951416,38647200
2011-10-04,14.055000305175781,14.835000038146973,13.885000228881836,14.819999694824219,10.954262733459473,50182600
2011-10-05,14.850000381469727,15.460000038146973,14.739999771118164,15.40999984741211,11.390359878540039,42067600
2011-10-06,15.454999923706055,15.824999809265137,15.354999542236328,15.800000190734863,11.678629875183105,41753400
2011-10-07,15.925000190734863,15.9350004196167,15.359999656677246,15.5600004196167,11.501233100891113,35341400
2011-10-10,15.835000038146973,16.21500015258789,15.829999923706055,16.21500015258789,11.985382080078125,21385200
2011-10-11,16.020000457763672,16.364999771118164,15.989999771118164,16.235000610351562,12.000165939331055,20205200
2011-10-12,16.350000381469727,16.604999542236328,16.28499984741211,16.395000457763672,12.118429183959961,24895600
2011-10-13,16.239999771118164,16.3700008392334,16.0,16.309999465942383,12.0556001663208,18488600
2011-10-14,16.594999313354492,16.739999771118164,16.43000030517578,16.739999771118164,12.37343692779541,18898000
2011-10-17,16.655000686645508,16.665000915527344,16.15999984741211,16.170000076293945,11.952116966247559,19232000
2011-10-18,16.125,16.674999237060547,15.880000114440918,16.584999084472656,12.258865356445312,34612800
2011-10-19,16.55500030517578,16.55500030517578,16.03499984741211,16.104999542236328,11.904072761535645,22415800
2011-10-20,16.09000015258789,16.329999923706055,15.920000076293945,16.2549991607666,12.014945983886719,30128400
2011-10-21,16.485000610351562,16.684999465942383,16.440000534057617,16.684999465942383,12.332782745361328,25566600
2011-10-24,16.854999542236328,17.09000015258789,16.780000686645508,17.084999084472656,12.628442764282227,19921000
2011-10-25,17.010000228881836,17.05500030517578,16.6200008392334,16.649999618530273,12.306910514831543,26084200
2011-10-26,16.915000915527344,17.06999969482422,16.524999618530273,16.950000762939453,12.528661727905273,25712000
2011-10-27,17.549999237060547,18.040000915527344,17.43000030517578,17.8700008392334,13.208684921264648,41625600
2011-10-28,17.69499969482422,18.06999969482422,17.655000686645508,17.9950008392334,13.301074981689453,19874200
2011-10-31,17.65999984741211,17.670000076293945,17.204999923706055,17.225000381469727,12.731925010681152,28058800
2011-11-01,16.549999237060547,17.110000610351562,16.399999618530273,16.764999389648438,12.391912460327148,46077800
2011-11-02,17.09000015258789,17.290000915527344,16.899999618530273,17.18000030517578,12.698663711547852,26117200
2011-11-03,17.440000534057617,17.549999237060547,17.05500030517578,17.530000686645508,12.957365989685059,30003600
2011-11-04,17.375,17.55500030517578,17.145000457763672,17.489999771118164,12.9277982711792,20282000
2011-11-07,17.5,17.655000686645508,17.290000915527344,17.639999389648438,13.038675308227539,18733400
2011-11-08,17.674999237060547,17.864999771118164,17.4950008392334,17.850000381469727,13.193897247314453,30361400
2011-11-09,17.3799991607666,17.475000381469727,16.940000534057617,16.979999542236328,12.55083179473877,45993000
2011-11-10,17.2450008392334,17.325000762939453,16.899999618530273,17.184999465942383,12.702360153198242,25496600
2011-11-11,17.399999618530273,17.645000457763672,17.385000228881836,17.584999084472656,12.998024940490723,21089800
2011-11-14,17.420000076293945,17.594999313354492,17.28499984741211,17.399999618530273,12.861279487609863,19156800
2011-11-15,17.325000762939453,17.55500030517578,17.209999084472656,17.434999465942383,12.887151718139648,18233400
2011-11-16,17.209999084472656,17.375,17.010000228881836,17.024999618530273,12.58409595489502,23883200
2011-11-17,17.0049991607666,17.05500030517578,16.424999237060547,16.540000915527344,12.225605010986328,40011000
2011-11-18,16.69499969482422,16.81999969482422,16.514999389648438,16.6299991607666,12.292126655578613,27961600
2011-11-21,16.28499984741211,16.450000762939453,16.165000915527344,16.34000015258789,12.077774047851562,31661400
2011-11-22,16.350000381469727,16.46500015258789,16.155000686645508,16.21500015258789,11.985382080078125,30041200
2011-11-23,16.03499984741211,16.079999923706055,15.770000457763672,15.78499984741211,11.667549133300781,28925200
2011-11-25,15.720000267028809,15.9399995803833,15.704999923706055,15.704999923706055,11.60841178894043,8887000
2011-11-28,16.30500030517578,16.40999984741211,16.149999618530273,16.295000076293945,12.044514656066895,24770400
2011-11-29,16.360000610351562,16.475000381469727,16.239999771118164,16.325000762939453,12.066691398620605,23199400
2011-11-30,16.954999923706055,17.274999618530273,16.93000030517578,17.260000228881836,12.757798194885254,40087200
2011-12-01,17.170000076293945,17.399999618530273,17.05500030517578,17.149999618530273,12.676488876342773,24472000
2011-12-02,17.34000015258789,17.3799991607666,16.985000610351562,17.0,12.565617561340332,20996000
2011-12-05,17.270000457763672,17.385000228881836,17.06999969482422,17.200000762939453,12.713447570800781,21637000
2011-12-06,17.170000076293945,17.5049991607666,17.110000610351562,17.360000610351562,12.831714630126953,21469600
2011-12-07,17.225000381469727,17.434999465942383,17.145000457763672,17.375,12.84279727935791,23834400
2011-12-08,17.21500015258789,17.2450008392334,16.790000915527344,16.834999084472656,12.443655014038086,27528800
2011-12-09,16.69499969482422,17.139999389648438,16.649999618530273,17.049999237060547,12.602575302124023,27346800
2011-12-12,16.75,16.774999618530273,16.520000457763672,16.645000457763672,12.303216934204102,34151000
2011-12-13,16.78499984741211,16.950000762939453,16.264999389648438,16.364999771118164,12.096254348754883,33684800
2011-12-14,16.280000686645508,16.415000915527344,16.110000610351562,16.165000915527344,11.94842529296875,38940800
2011-12-15,16.40999984741211,16.44499969482422,16.15999984741211,16.274999618530273,12.029729843139648,22521400
2011-12-16,16.354999542236328,16.485000610351562,16.15999984741211,16.264999389648438,12.106016159057617,32362400
2011-12-19,16.315000534057617,16.385000228881836,15.930000305175781,15.975000381469727,11.89017391204834,25961400
2011-12-20,16.31999969482422,16.635000228881836,16.2549991607666,16.604999542236328,12.359084129333496,32500800
2011-12-21,16.56999969482422,16.68000030517578,16.424999237060547,16.6299991607666,12.377687454223633,19222600
2011-12-22,16.684999465942383,16.84000015258789,16.625,16.795000076293945,12.50049877166748,15224600
2011-12-23,16.81999969482422,16.954999923706055,16.78499984741211,16.954999923706055,12.619586944580078,10832600
2011-12-27,16.8799991607666,17.014999389648438,16.8799991607666,16.950000762939453,12.61586856842041,5847000
2011-12-28,16.94499969482422,16.959999084472656,16.540000915527344,16.545000076293945,12.31442642211914,12608600
2011-12-29,16.540000915527344,16.770000457763672,16.520000457763672,16.760000228881836,12.474449157714844,8553600
2011-12-30,16.719999313354492,16.834999084472656,16.719999313354492,16.75,12.466999053955078,7210200
2012-01-03,17.1200008392334,17.295000076293945,17.114999771118164,17.21500015258789,12.813104629516602,22427600
2012-01-04,17.19499969482422,17.375,17.125,17.360000610351562,12.921032905578613,17544800
2012-01-05,17.209999084472656,17.475000381469727,17.15999984741211,17.40999984741211,12.958240509033203,15567400
2012-01-06,17.350000381469727,17.44499969482422,17.274999618530273,17.385000228881836,12.9396333694458,14437400
2012-01-09,17.40999984741211,17.485000610351562,17.34000015258789,17.420000076293945,12.965691566467285,18409200
2012-01-10,17.690000534057617,17.81999969482422,17.670000076293945,17.7450008392334,13.207584381103516,19925200
2012-01-11,17.690000534057617,17.94499969482422,17.65999984741211,17.920000076293945,13.337834358215332,14130600
2012-01-12,18.014999389648438,18.174999237060547,17.875,18.170000076293945,13.523910522460938,22305200
2012-01-13,18.0,18.075000762939453,17.84000015258789,18.049999237060547,13.434589385986328,16838800
2012-01-17,18.270000457763672,18.31999969482422,18.079999923706055,18.149999618530273,13.509023666381836,23761200
2012-01-18,18.149999618530273,18.354999542236328,18.065000534057617,18.354999542236328,13.661605834960938,15646400
2012-01-19,18.3799991607666,18.385000228881836,18.229999542236328,18.3700008392334,13.672773361206055,16385200
2012-01-20,18.30500030517578,18.389999389648438,18.229999542236328,18.290000915527344,13.613225936889648,11145200
2012-01-23,18.31999969482422,18.415000915527344,18.229999542236328,18.280000686645508,13.605782508850098,13986600
2012-01-24,18.110000610351562,18.295000076293945,18.049999237060547,18.280000686645508,13.605782508850098,13192800
2012-01-25,18.170000076293945,18.625,18.079999923706055,18.56999969482422,13.821630477905273,16779600
2012-01-26,18.690000534057617,18.864999771118164,18.459999084472656,18.565000534057617,13.817913055419922,17239600
2012-01-27,18.524999618530273,18.649999618530273,18.424999237060547,18.59000015258789,13.836514472961426,12301000
2012-01-30,18.309999465942383,18.639999389648438,18.270000457763672,18.56999969482422,13.821630477905273,18451400
2012-01-31,18.719999313354492,18.764999389648438,18.40999984741211,18.59000015258789,13.836514472961426,22727600
2012-02-01,18.739999771118164,18.895000457763672,18.729999542236328,18.774999618530273,13.974207878112793,30380400
2012-02-02,18.825000762939453,18.885000228881836,18.674999237060547,18.684999465942383,13.907221794128418,15186400
2012-02-03,18.93000030517578,18.985000610351562,18.809999465942383,18.940000534057617,14.097025871276855,19755800
2012-02-06,18.799999237060547,18.860000610351562,18.75,18.834999084472656,14.018865585327148,11370400
2012-02-07,18.825000762939453,18.905000686645508,18.649999618530273,18.815000534057617,14.003982543945312,23581200
2012-02-08,18.850000381469727,18.940000534057617,18.709999084472656,18.834999084472656,14.018865585327148,12089800
2012-02-09,18.899999618530273,18.924999237060547,18.709999084472656,18.854999542236328,14.03375244140625,15299400
2012-02-10,18.594999313354492,18.604999542236328,18.420000076293945,18.524999618530273,13.788140296936035,22533200
2012-02-13,18.655000686645508,18.704999923706055,18.540000915527344,18.575000762939453,13.825345039367676,12850200
2012-02-14,18.514999389648438,18.520000457763672,18.200000762939453,18.334999084472656,13.646719932556152,22075000
2012-02-15,18.440000534057617,18.479999542236328,18.299999237060547,18.350000381469727,13.657886505126953,22110000
2012-02-16,18.364999771118164,18.69499969482422,18.280000686645508,18.674999237060547,13.899779319763184,20444000
2012-02-17,18.719999313354492,18.7549991607666,18.614999771118164,18.684999465942383,13.907221794128418,14894800
2012-02-21,18.80500030517578,18.93000030517578,18.709999084472656,18.795000076293945,13.989096641540527,16203600
2012-02-22,18.790000915527344,18.854999542236328,18.670000076293945,18.764999389648438,13.966764450073242,11424000
2012-02-23,18.770000457763672,18.81999969482422,18.639999389648438,18.78499984741211,13.981650352478027,9831600
2012-02-24,18.84000015258789,18.889999389648438,18.735000610351562,18.774999618530273,13.974207878112793,8853200
2012-02-27,18.670000076293945,18.850000381469727,18.579999923706055,18.780000686645508,13.977931022644043,15543000
2012-02-28,18.78499984741211,18.905000686645508,18.7549991607666,18.84000015258789,14.02259349822998,17826000
2012-02-29,18.854999542236328,18.905000686645508,18.450000762939453,18.485000610351562,13.758366584777832,36796000
2012-03-01,18.594999313354492,18.760000228881836,18.56999969482422,18.690000534057617,13.910943031311035,23216800
2012-03-02,18.6299991607666,18.790000915527344,18.53499984741211,18.645000457763672,13.877452850341797,17912000
2012-03-05,18.56999969482422,18.575000762939453,18.239999771118164,18.344999313354492,13.654160499572754,22498200
2012-03-06,18.065000534057617,18.065000534057617,17.899999618530273,17.969999313354492,13.375052452087402,29573200
2012-03-07,18.065000534057617,18.084999084472656,17.905000686645508,18.014999389648438,13.408543586730957,28667000
2012-03-08,18.229999542236328,18.350000381469727,18.1200008392334,18.315000534057617,13.631834983825684,16481200
2012-03-09,18.364999771118164,18.4950008392334,18.260000228881836,18.31999969482422,13.635555267333984,14640400
2012-03-12,18.315000534057617,18.415000915527344,18.190000534057617,18.219999313354492,13.561126708984375,11160000
2012-03-13,18.329999923706055,18.540000915527344,18.295000076293945,18.520000457763672,13.78441333770752,20667200
2012-03-14,18.520000457763672,18.545000076293945,18.375,18.450000762939453,13.732316017150879,16214400
2012-03-15,18.475000381469727,18.584999084472656,18.420000076293945,18.584999084472656,13.832797050476074,14111000
2012-03-16,18.549999237060547,18.655000686645508,18.530000686645508,18.549999237060547,13.859318733215332,23286000
2012-03-19,18.549999237060547,18.770000457763672,18.540000915527344,18.665000915527344,13.945233345031738,15412000
2012-03-20,18.4950008392334,18.584999084472656,18.385000228881836,18.559999465942383,13.866782188415527,14358000
2012-03-21,18.584999084472656,18.635000228881836,18.475000381469727,18.559999465942383,13.866782188415527,12128000
2012-03-22,18.350000381469727,18.395000457763672,18.15999984741211,18.260000228881836,13.64264965057373,24702600
2012-03-23,18.325000762939453,18.4950008392334,18.15999984741211,18.454999923706055,13.788341522216797,18311400
2012-03-26,18.625,18.69499969482422,18.53499984741211,18.69499969482422,13.9676513671875,11457000
2012-03-27,18.75,18.825000762939453,18.655000686645508,18.655000686645508,13.937767028808594,9252000
2012-03-28,18.6200008392334,18.649999618530273,18.25,18.395000457763672,13.743508338928223,23142600
2012-03-29,18.229999542236328,18.434999465942383,18.165000915527344,18.420000076293945,13.762187957763672,21611800
2012-03-30,18.575000762939453,18.584999084472656,18.3700008392334,18.485000610351562,13.810754776000977,14499200
2012-04-02,18.459999084472656,18.815000534057617,18.44499969482422,18.7450008392334,14.005011558532715,36440400
2012-04-03,18.69499969482422,18.719999313354492,18.459999084472656,18.604999542236328,13.900412559509277,18684600
2012-04-04,18.389999389648438,18.450000762939453,18.239999771118164,18.344999313354492,13.706153869628906,15975800
2012-04-05,18.329999923706055,18.540000915527344,18.190000534057617,18.239999771118164,13.627705574035645,23070400
2012-04-09,18.0049991607666,18.084999084472656,17.90999984741211,17.975000381469727,13.429712295532227,20801000
2012-04-10,17.924999237060547,17.969999313354492,17.549999237060547,17.604999542236328,13.153270721435547,34071400
2012-04-11,17.8700008392334,17.90999984741211,17.739999771118164,17.795000076293945,13.295233726501465,22649600
2012-04-12,17.84000015258789,18.325000762939453,17.829999923706055,18.280000686645508,13.65758991241455,26485000
2012-04-13,18.209999084472656,18.260000228881836,18.049999237060547,18.065000534057617,13.496957778930664,21583600
2012-04-16,18.200000762939453,18.239999771118164,18.0,18.1200008392334,13.538054466247559,26686600
2012-04-17,18.25,18.485000610351562,18.204999923706055,18.364999771118164,13.721098899841309,16225800
2012-04-18,18.334999084472656,18.40999984741211,18.25,18.315000534057617,13.68374252319336,14543200
2012-04-19,18.375,18.420000076293945,18.1299991607666,18.25,13.63517951965332,17504600
2012-04-20,18.360000610351562,18.389999389648438,18.239999771118164,18.239999771118164,13.627705574035645,14919000
2012-04-23,18.020000457763672,18.024999618530273,17.780000686645508,18.014999389648438,13.459600448608398,20618800
2012-04-24,18.014999389648438,18.079999923706055,17.899999618530273,18.014999389648438,13.459600448608398,16401200
2012-04-25,18.209999084472656,18.40999984741211,18.200000762939453,18.395000457763672,13.743508338928223,19560000
2012-04-26,18.270000457763672,18.440000534057617,18.219999313354492,18.375,13.728571891784668,11820800
2012-04-27,18.46500015258789,18.524999618530273,18.364999771118164,18.46500015258789,13.795811653137207,11870200
2012-04-30,18.420000076293945,18.434999465942383,18.2450008392334,18.334999084472656,13.698684692382812,18136600
2012-05-01,18.334999084472656,18.549999237060547,18.274999618530273,18.44499969482422,13.780868530273438,16598400
2012-05-02,18.334999084472656,18.3700008392334,18.204999923706055,18.354999542236328,13.713626861572266,13233000
2012-05-03,18.334999084472656,18.3700008392334,18.09000015258789,18.145000457763672,13.556730270385742,19123800
2012-05-04,18.014999389648438,18.059999465942383,17.799999237060547,17.84000015258789,13.328847885131836,24304400
2012-05-07,17.7549991607666,17.934999465942383,17.719999313354492,17.854999542236328,13.340057373046875,22107800
2012-05-08,17.719999313354492,17.78499984741211,17.469999313354492,17.770000457763672,13.27655029296875,24091400
2012-05-09,17.479999542236328,17.825000762939453,17.44499969482422,17.610000610351562,13.157011985778809,28805200
2012-05-10,17.790000915527344,17.825000762939453,17.510000228881836,17.55500030517578,13.11591911315918,15880200
2012-05-11,17.420000076293945,17.670000076293945,17.40999984741211,17.5049991607666,13.078561782836914,12205000
2012-05-14,17.299999237060547,17.420000076293945,17.190000534057617,17.264999389648438,12.899251937866211,25746400
2012-05-15,17.264999389648438,17.344999313354492,16.975000381469727,17.0049991607666,12.704994201660156,23015200
2012-05-16,17.06999969482422,17.235000610351562,16.809999465942383,16.81999969482422,12.566778182983398,24199000
2012-05-17,16.895000457763672,16.899999618530273,16.450000762939453,16.450000762939453,12.290336608886719,27461600
2012-05-18,16.540000915527344,16.670000076293945,16.325000762939453,16.385000228881836,12.241774559020996,29058200
2012-05-21,16.399999618530273,16.895000457763672,16.399999618530273,16.864999771118164,12.600399017333984,17148400
2012-05-22,16.90999984741211,17.049999237060547,16.655000686645508,16.760000228881836,12.52194881439209,17223400
2012-05-23,16.610000610351562,16.989999771118164,16.434999465942383,16.959999084472656,12.67137336730957,21292600
2012-05-24,17.075000762939453,17.104999542236328,16.84000015258789,17.065000534057617,12.749821662902832,23003200
2012-05-25,17.049999237060547,17.125,16.934999465942383,16.9950008392334,12.697525978088379,13711600
2012-05-29,17.19499969482422,17.350000381469727,17.1200008392334,17.290000915527344,12.91793155670166,19128400
2012-05-30,17.100000381469727,17.170000076293945,16.959999084472656,16.979999542236328,12.68631649017334,14651400
2012-05-31,16.954999923706055,17.024999618530273,16.684999465942383,16.90999984741211,12.634017944335938,19872000
2012-06-01,16.614999771118164,16.7549991607666,16.540000915527344,16.549999237060547,12.365052223205566,24646200
2012-06-04,16.59000015258789,16.604999542236328,16.295000076293945,16.565000534057617,12.376259803771973,26895600
2012-06-05,16.514999389648438,16.7450008392334,16.4950008392334,16.725000381469727,12.495802879333496,15261000
2012-06-06,16.864999771118164,17.145000457763672,16.864999771118164,17.145000457763672,12.809593200683594,16657000
2012-06-07,17.350000381469727,17.469999313354492,17.114999771118164,17.174999237060547,12.832011222839355,18561600
2012-06-08,17.084999084472656,17.299999237060547,16.959999084472656,17.290000915527344,12.91793155670166,12725200
2012-06-11,17.434999465942383,17.5,16.950000762939453,16.969999313354492,12.678844451904297,19767200
2012-06-12,17.05500030517578,17.28499984741211,16.954999923706055,17.28499984741211,12.914196968078613,20855600
2012-06-13,17.184999465942383,17.274999618530273,16.969999313354492,17.020000457763672,12.716203689575195,17328800
2012-06-14,17.05500030517578,17.184999465942383,16.96500015258789,17.15999984741211,12.82080364227295,16883200
2012-06-15,17.149999618530273,17.280000686645508,17.09000015258789,17.264999389648438,12.969162940979004,21953400
2012-06-18,17.204999923706055,17.399999618530273,17.1299991607666,17.354999542236328,13.036765098571777,13385800
2012-06-19,17.46500015258789,17.764999389648438,17.450000762939453,17.684999465942383,13.284653663635254,16423400
2012-06-20,17.645000457763672,17.770000457763672,17.46500015258789,17.584999084472656,13.209538459777832,16677200
2012-06-21,17.579999923706055,17.59000015258789,16.989999771118164,17.010000228881836,12.777606010437012,19803000
2012-06-22,17.104999542236328,17.165000915527344,16.915000915527344,17.100000381469727,12.845213890075684,17983000
2012-06-25,16.899999618530273,16.989999771118164,16.790000915527344,16.885000228881836,12.683711051940918,13185200
2012-06-26,16.940000534057617,17.03499984741211,16.790000915527344,16.940000534057617,12.72502326965332,10923800
2012-06-27,17.030000686645508,17.155000686645508,16.959999084472656,17.125,12.863993644714355,18311800
2012-06-28,16.954999923706055,17.149999618530273,16.864999771118164,17.1299991607666,12.86775016784668,17354000
2012-06-29,17.559999465942383,17.645000457763672,17.405000686645508,17.645000457763672,13.254606246948242,25274000
2012-07-02,17.604999542236328,17.645000457763672,17.360000610351562,17.55500030517578,13.187003135681152,34248000
2012-07-03,17.625,17.854999542236328,17.600000381469727,17.80500030517578,13.374796867370605,11767400
2012-07-05,17.725000381469727,17.885000228881836,17.649999618530273,17.780000686645508,13.356019020080566,11539800
2012-07-06,17.565000534057617,17.604999542236328,17.46500015258789,17.575000762939453,13.20202922821045,14664400
2012-07-09,17.55500030517578,17.584999084472656,17.395000457763672,17.46500015258789,13.11939811706543,28865400
2012-07-10,17.55500030517578,17.6200008392334,17.110000610351562,17.204999923706055,12.924090385437012,23114200
2012-07-11,17.264999389648438,17.264999389648438,17.040000915527344,17.149999618530273,12.88277530670166,22074200
2012-07-12,16.950000762939453,17.170000076293945,16.84000015258789,17.065000534057617,12.818922996520996,24692000
2012-07-13,17.114999771118164,17.415000915527344,17.114999771118164,17.3700008392334,13.048032760620117,17216800
2012-07-16,17.334999084472656,17.3700008392334,17.165000915527344,17.30500030517578,12.999211311340332,9459200
2012-07-17,17.405000686645508,17.559999465942383,17.260000228881836,17.524999618530273,13.164471626281738,22981200
2012-07-18,17.43000030517578,17.65999984741211,17.415000915527344,17.6299991607666,13.2433443069458,18015400
2012-07-19,17.704999923706055,17.860000610351562,17.594999313354492,17.81999969482422,13.386070251464844,19209400
2012-07-20,17.665000915527344,17.760000228881836,17.6200008392334,17.709999084472656,13.303437232971191,22186600
2012-07-23,17.385000228881836,17.469999313354492,17.25,17.43000030517578,13.09310531616211,21264800
2012-07-24,17.434999465942383,17.46500015258789,17.049999237060547,17.15999984741211,12.89028549194336,17418200
2012-07-25,17.290000915527344,17.295000076293945,17.059999465942383,17.15999984741211,12.89028549194336,19121200
2012-07-26,17.360000610351562,17.415000915527344,17.114999771118164,17.239999771118164,12.950383186340332,18970600
2012-07-27,17.334999084472656,17.604999542236328,17.290000915527344,17.55500030517578,13.187003135681152,18521000
2012-07-30,17.53499984741211,17.655000686645508,17.459999084472656,17.540000915527344,13.175736427307129,19071200
2012-07-31,17.469999313354492,17.540000915527344,17.40999984741211,17.420000076293945,13.085600852966309,10924000
2012-08-01,17.510000228881836,17.649999618530273,17.420000076293945,17.424999237060547,13.089344024658203,16126400
2012-08-02,17.264999389648438,17.399999618530273,17.084999084472656,17.219999313354492,12.935358047485352,22312000
2012-08-03,17.46500015258789,17.6299991607666,17.450000762939453,17.559999465942383,13.19075870513916,20226200
2012-08-06,17.6200008392334,17.815000534057617,17.594999313354492,17.719999313354492,13.310948371887207,17345800
2012-08-07,17.790000915527344,17.979999542236328,17.790000915527344,17.924999237060547,13.464937210083008,19681600
2012-08-08,17.860000610351562,18.020000457763672,17.834999084472656,17.94499969482422,13.479963302612305,9726200
2012-08-09,17.94499969482422,18.135000228881836,17.915000915527344,18.045000076293945,13.55508041381836,10711200
2012-08-10,17.93000030517578,18.049999237060547,17.895000457763672,18.030000686645508,13.54380989074707,8358400
2012-08-13,17.985000610351562,18.05500030517578,17.834999084472656,17.93000030517578,13.468696594238281,7057600
2012-08-14,17.985000610351562,18.03499984741211,17.790000915527344,17.850000381469727,13.408605575561523,13274600
2012-08-15,17.780000686645508,17.920000076293945,17.770000457763672,17.8799991607666,13.431137084960938,8503400
2012-08-16,17.93000030517578,18.18000030517578,17.90999984741211,18.145000457763672,13.630203247070312,14496800
2012-08-17,18.170000076293945,18.204999923706055,18.079999923706055,18.1200008392334,13.611424446105957,16835600
2012-08-20,18.094999313354492,18.110000610351562,17.96500015258789,18.084999084472656,13.58513355255127,8280600
2012-08-21,18.184999465942383,18.315000534057617,18.040000915527344,18.110000610351562,13.603911399841309,10673800
2012-08-22,18.024999618530273,18.260000228881836,17.940000534057617,18.260000228881836,13.716586112976074,17880800
2012-08-23,18.219999313354492,18.219999313354492,17.940000534057617,17.954999923706055,13.487473487854004,10351000
2012-08-24,17.895000457763672,17.96500015258789,17.825000762939453,17.920000076293945,13.461183547973633,8279600
2012-08-27,17.94499969482422,17.969999313354492,17.790000915527344,17.815000534057617,13.38231372833252,8729600
2012-08-28,17.780000686645508,17.850000381469727,17.729999542236328,17.774999618530273,13.352262496948242,7643000
2012-08-29,17.799999237060547,17.8700008392334,17.69499969482422,17.815000534057617,13.38231372833252,8450600
2012-08-30,17.7549991607666,17.770000457763672,17.645000457763672,17.655000686645508,13.26211929321289,16120200
2012-08-31,17.809999465942383,17.885000228881836,17.665000915527344,17.825000762939453,13.389822006225586,14618800
2012-09-04,17.844999313354492,17.844999313354492,17.545000076293945,17.594999313354492,13.217047691345215,13390000
2012-09-05,17.584999084472656,17.704999923706055,17.53499984741211,17.674999237060547,13.277145385742188,14138400
2012-09-06,17.799999237060547,18.145000457763672,17.78499984741211,18.1200008392334,13.611424446105957,17197400
2012-09-07,18.2450008392334,18.489999771118164,18.229999542236328,18.475000381469727,13.878094673156738,22890200
2012-09-10,18.415000915527344,18.6200008392334,18.415000915527344,18.44499969482422,13.855557441711426,15600400
2012-09-11,18.5,18.625,18.440000534057617,18.510000228881836,13.904382705688477,13273600
2012-09-12,18.575000762939453,18.600000381469727,18.375,18.485000610351562,13.885604858398438,14826200
2012-09-13,18.479999542236328,19.03499984741211,18.434999465942383,18.940000534057617,14.227392196655273,26310400
2012-09-14,19.09000015258789,19.28499984741211,19.06999969482422,19.174999237060547,14.403919219970703,18989800
2012-09-17,19.049999237060547,19.05500030517578,18.825000762939453,18.8799991607666,14.182319641113281,12097400
2012-09-18,18.834999084472656,18.8700008392334,18.709999084472656,18.829999923706055,14.14476203918457,17400200
2012-09-19,18.915000915527344,19.010000228881836,18.860000610351562,18.934999465942383,14.22363567352295,13202800
2012-09-20,18.7549991607666,18.924999237060547,18.65999984741211,18.905000686645508,14.20109748840332,10375600
2012-09-21,18.954999923706055,19.0,18.674999237060547,18.725000381469727,14.13956069946289,19133000
2012-09-24,18.559999465942383,18.735000610351562,18.530000686645508,18.670000076293945,14.098023414611816,9998800
2012-09-25,18.75,18.75,18.360000610351562,18.3700008392334,13.871492385864258,14794800
2012-09-26,18.295000076293945,18.3799991607666,18.155000686645508,18.280000686645508,13.803534507751465,11496800
2012-09-27,18.440000534057617,18.540000915527344,18.299999237060547,18.5049991607666,13.973434448242188,9074000
2012-09-28,18.395000457763672,18.434999465942383,18.299999237060547,18.399999618530273,13.894149780273438,9339400
2012-10-01,18.520000457763672,18.665000915527344,18.405000686645508,18.459999084472656,13.939451217651367,11266800
2012-10-02,18.4950008392334,18.520000457763672,18.2450008392334,18.360000610351562,13.863945007324219,10951000
2012-10-03,18.334999084472656,18.3700008392334,18.190000534057617,18.274999618530273,13.79975414276123,16077000
2012-10-04,18.40999984741211,18.575000762939453,18.3700008392334,18.510000228881836,13.977208137512207,11995400
2012-10-05,18.604999542236328,18.760000228881836,18.540000915527344,18.600000381469727,14.04516887664795,12349000
2012-10-08,18.475000381469727,18.625,18.450000762939453,18.565000534057617,14.018736839294434,7318800
2012-10-09,18.575000762939453,18.665000915527344,18.375,18.389999389648438,13.88659381866455,17186800
2012-10-10,18.360000610351562,18.3799991607666,18.145000457763672,18.190000534057617,13.735573768615723,17248600
2012-10-11,18.354999542236328,18.450000762939453,18.264999389648438,18.264999389648438,13.792204856872559,13240800
2012-10-12,18.274999618530273,18.3799991607666,18.1299991607666,18.184999465942383,13.731792449951172,12197000
2012-10-15,18.19499969482422,18.354999542236328,18.1299991607666,18.34000015258789,13.848835945129395,11264800
2012-10-16,18.415000915527344,18.795000076293945,18.405000686645508,18.780000686645508,14.1810941696167,24575800
2012-10-17,18.844999313354492,18.950000762939453,18.760000228881836,18.934999465942383,14.298131942749023,24277600
2012-10-18,18.850000381469727,19.024999618530273,18.809999465942383,18.940000534057617,14.30190658569336,13783600
2012-10-19,18.850000381469727,18.850000381469727,18.485000610351562,18.545000076293945,14.003642082214355,18354000
2012-10-22,18.5,18.65999984741211,18.399999618530273,18.6299991607666,14.067826271057129,17946200
2012-10-23,18.184999465942383,18.235000610351562,17.94499969482422,18.06999969482422,13.644952774047852,30907600
2012-10-24,18.21500015258789,18.239999771118164,18.024999618530273,18.059999465942383,13.63740348815918,20232600
2012-10-25,18.190000534057617,18.200000762939453,17.899999618530273,18.020000457763672,13.607198715209961,15850000
2012-10-26,17.985000610351562,18.100000381469727,17.889999389648438,18.05500030517578,13.633630752563477,17973800
2012-10-31,18.040000915527344,18.170000076293945,17.850000381469727,18.014999389648438,13.603425979614258,28240600
2012-11-01,18.05500030517578,18.3799991607666,18.020000457763672,18.364999771118164,13.867709159851074,12119800
2012-11-02,18.4950008392334,18.5,18.020000457763672,18.03499984741211,13.618528366088867,13352200
2012-11-05,17.985000610351562,18.200000762939453,17.96500015258789,18.15999984741211,13.712915420532227,10595800
2012-11-06,18.2450008392334,18.459999084472656,18.174999237060547,18.350000381469727,13.856389999389648,11293600
2012-11-07,18.135000228881836,18.19499969482422,17.8799991607666,18.059999465942383,13.63740348815918,19381200
2012-11-08,18.094999313354492,18.1200008392334,17.770000457763672,17.815000534057617,13.452404022216797,13864800
2012-11-09,17.735000610351562,18.020000457763672,17.719999313354492,17.780000686645508,13.425975799560547,17836000
2012-11-12,17.864999771118164,17.895000457763672,17.7549991607666,17.780000686645508,13.425975799560547,9278600
2012-11-13,17.68000030517578,17.915000915527344,17.625,17.75,13.403314590454102,11490600
2012-11-14,17.75,17.795000076293945,17.415000915527344,17.450000762939453,13.176783561706543,20691000
2012-11-15,17.450000762939453,17.530000686645508,17.260000228881836,17.389999389648438,13.131477355957031,16355600
2012-11-16,17.450000762939453,17.4950008392334,17.219999313354492,17.43000030517578,13.161681175231934,17520000
2012-11-19,17.75,17.94499969482422,17.684999465942383,17.924999237060547,13.535463333129883,35596600
2012-11-20,17.864999771118164,18.040000915527344,17.815000534057617,17.940000534057617,13.546792984008789,13507000
2012-11-21,17.920000076293945,17.989999771118164,17.875,17.969999313354492,13.569449424743652,9457800
2012-11-23,18.06999969482422,18.209999084472656,18.024999618530273,18.200000762939453,13.743121147155762,6250600
2012-11-26,18.155000686645508,18.21500015258789,18.040000915527344,18.21500015258789,13.754453659057617,11571400
2012-11-27,18.204999923706055,18.295000076293945,18.1299991607666,18.135000228881836,13.6940336227417,10179200
2012-11-28,17.969999313354492,18.219999313354492,17.864999771118164,18.209999084472656,13.750672340393066,17816200
2012-11-29,18.28499984741211,18.395000457763672,18.2450008392334,18.334999084472656,13.845063209533691,12355400
2012-11-30,18.309999465942383,18.405000686645508,18.295000076293945,18.350000381469727,13.856389999389648,11346800
2012-12-03,18.405000686645508,18.46500015258789,17.985000610351562,18.010000228881836,13.599653244018555,37776200
2012-12-04,18.040000915527344,18.19499969482422,17.979999542236328,18.045000076293945,13.626077651977539,15629000
2012-12-05,17.815000534057617,17.969999313354492,17.719999313354492,17.829999923706055,13.463726043701172,25849200
2012-12-06,17.864999771118164,17.889999389648438,17.729999542236328,17.875,13.497709274291992,9275000
2012-12-07,17.975000381469727,18.030000686645508,17.90999984741211,18.024999618530273,13.610977172851562,12330000
2012-12-10,18.024999618530273,18.18000030517578,18.0,18.139999389648438,13.697816848754883,13683200
2012-12-11,18.200000762939453,18.329999923706055,18.184999465942383,18.28499984741211,13.807303428649902,11097600
2012-12-12,18.375,18.405000686645508,18.190000534057617,18.239999771118164,13.773326873779297,23637800
2012-12-13,18.219999313354492,18.344999313354492,18.100000381469727,18.190000534057617,13.735573768615723,12723600
2012-12-14,18.184999465942383,18.405000686645508,18.174999237060547,18.325000762939453,13.83751392364502,12194600
2012-12-17,18.389999389648438,18.514999389648438,18.350000381469727,18.510000228881836,13.977208137512207,13023400
2012-12-18,18.540000915527344,18.75,18.4950008392334,18.729999542236328,14.143331527709961,16687000
2012-12-19,18.760000228881836,18.780000686645508,18.645000457763672,18.649999618530273,14.082925796508789,14353800
2012-12-20,18.635000228881836,18.84000015258789,18.579999923706055,18.829999923706055,14.21884536743164,10974600
2012-12-21,18.3700008392334,18.565000534057617,18.350000381469727,18.5,14.093151092529297,19480800
2012-12-24,18.559999465942383,18.649999618530273,18.420000076293945,18.594999313354492,14.165521621704102,19279000
2012-12-26,18.674999237060547,18.790000915527344,18.655000686645508,18.709999084472656,14.253124237060547,20367200
2012-12-27,18.7549991607666,18.770000457763672,18.40999984741211,18.645000457763672,14.203607559204102,17532400
2012-12-28,18.520000457763672,18.594999313354492,18.375,18.40999984741211,14.024591445922852,13281600
2012-12-31,18.3799991607666,18.795000076293945,18.354999542236328,18.770000457763672,14.29883098602295,28667000
2013-01-02,19.204999923706055,19.299999237060547,19.094999313354492,19.239999771118164,14.656881332397461,25338000
2013-01-03,19.219999313354492,19.295000076293945,19.040000915527344,19.100000381469727,14.550228118896484,15286800
2013-01-04,19.155000686645508,19.360000610351562,19.139999389648438,19.334999084472656,14.729240417480469,11508800
2013-01-07,19.2450008392334,19.315000534057617,19.18000030517578,19.295000076293945,14.698776245117188,10614400
2013-01-08,19.350000381469727,19.3700008392334,19.18000030517578,19.325000762939453,14.721630096435547,12000600
2013-01-09,19.3799991607666,19.469999313354492,19.350000381469727,19.450000762939453,14.816850662231445,14343600
2013-01-10,19.559999465942383,19.59000015258789,19.354999542236328,19.53499984741211,14.881603240966797,14768200
2013-01-11,19.530000686645508,19.530000686645508,19.375,19.5049991607666,14.858748435974121,9722000
2013-01-14,19.540000915527344,19.575000762939453,19.475000381469727,19.510000228881836,14.86255931854248,14479600
2013-01-15,19.420000076293945,19.55500030517578,19.415000915527344,19.530000686645508,14.87779712677002,18528800
2013-01-16,19.40999984741211,19.530000686645508,19.360000610351562,19.389999389648438,14.771140098571777,14970200
2013-01-17,19.549999237060547,19.614999771118164,19.489999771118164,19.540000915527344,14.88541030883789,13419400
2013-01-18,19.5049991607666,19.674999237060547,19.5049991607666,19.670000076293945,14.984448432922363,17216600
2013-01-22,19.670000076293945,19.875,19.670000076293945,19.860000610351562,15.129189491271973,16223800
2013-01-23,19.809999465942383,19.825000762939453,19.684999465942383,19.75,15.045393943786621,14509200
2013-01-24,19.75,19.920000076293945,19.735000610351562,19.809999465942383,15.091097831726074,23181600
2013-01-25,19.920000076293945,19.934999465942383,19.75,19.8799991607666,15.144421577453613,14509400
2013-01-28,19.8799991607666,19.895000457763672,19.625,19.690000534057617,14.99968147277832,24875200
2013-01-29,19.684999465942383,19.829999923706055,19.670000076293945,19.799999237060547,15.083473205566406,15957600
2013-01-30,19.790000915527344,19.885000228881836,19.655000686645508,19.690000534057617,14.99968147277832,12627800
2013-01-31,19.514999389648438,19.65999984741211,19.475000381469727,19.510000228881836,14.86255931854248,13928600
2013-02-01,19.614999771118164,19.780000686645508,19.56999969482422,19.75,15.045393943786621,13209000
2013-02-04,19.614999771118164,19.674999237060547,19.545000076293945,19.559999465942383,14.900653839111328,10722000
2013-02-05,19.639999389648438,19.7549991607666,19.6299991607666,19.65999984741211,14.976826667785645,9513200
2013-02-06,19.6200008392334,19.700000762939453,19.59000015258789,19.68000030517578,14.992063522338867,12951600
2013-02-07,19.65999984741211,19.690000534057617,19.43000030517578,19.575000762939453,14.912080764770508,15772600
2013-02-08,19.625,19.704999923706055,19.579999923706055,19.690000534057617,14.99968147277832,11451000
2013-02-11,19.709999084472656,19.709999084472656,19.594999313354492,19.665000915527344,14.98064136505127,7181600
2013-02-12,19.614999771118164,19.704999923706055,19.575000762939453,19.674999237060547,14.988255500793457,14062600
2013-02-13,19.739999771118164,19.799999237060547,19.68000030517578,19.7450008392334,15.04157829284668,12298400
2013-02-14,19.690000534057617,19.71500015258789,19.614999771118164,19.68000030517578,14.992063522338867,13491000
2013-02-15,19.725000381469727,19.7450008392334,19.594999313354492,19.674999237060547,14.988255500793457,26719600
2013-02-19,19.665000915527344,19.739999771118164,19.579999923706055,19.59000015258789,14.923501968383789,12003800
2013-02-20,19.549999237060547,19.559999465942383,19.03499984741211,19.040000915527344,14.5045166015625,23073400
2013-02-21,18.989999771118164,19.0049991607666,18.75,18.864999771118164,14.371201515197754,27031400
2013-02-22,18.959999084472656,19.114999771118164,18.93000030517578,19.114999771118164,14.561654090881348,14467400
2013-02-25,19.209999084472656,19.219999313354492,18.674999237060547,18.674999237060547,14.226459503173828,26640400
2013-02-26,18.829999923706055,18.90999984741211,18.69499969482422,18.875,14.378817558288574,24047200
2013-02-27,18.825000762939453,19.280000686645508,18.81999969482422,19.209999084472656,14.63401985168457,25826000
2013-02-28,19.200000762939453,19.354999542236328,19.174999237060547,19.2450008392334,14.660683631896973,19415200
2013-03-01,19.1200008392334,19.325000762939453,19.0049991607666,19.2549991607666,14.66830062866211,21107600
2013-03-04,19.174999237060547,19.28499984741211,19.100000381469727,19.280000686645508,14.687346458435059,18059800
2013-03-05,19.43000030517578,19.55500030517578,19.364999771118164,19.40999984741211,14.786373138427734,17910800
2013-03-06,19.53499984741211,19.639999389648438,19.5,19.579999923706055,14.915882110595703,16515600
2013-03-07,19.625,19.684999465942383,19.604999542236328,19.635000228881836,14.95777702331543,8929600
2013-03-08,19.709999084472656,19.825000762939453,19.68000030517578,19.795000076293945,15.079670906066895,11842600
2013-03-11,19.760000228881836,19.924999237060547,19.709999084472656,19.905000686645508,15.163459777832031,16001000
2013-03-12,19.90999984741211,20.020000457763672,19.860000610351562,19.920000076293945,15.174893379211426,11976400
2013-03-13,19.899999618530273,19.934999465942383,19.81999969482422,19.8700008392334,15.136812210083008,11204200
2013-03-14,19.93000030517578,20.010000228881836,19.885000228881836,19.989999771118164,15.22822093963623,12385000
2013-03-15,19.854999542236328,19.979999542236328,19.854999542236328,19.924999237060547,15.241225242614746,16119200
2013-03-18,19.729999542236328,19.850000381469727,19.684999465942383,19.78499984741211,15.134133338928223,10095600
2013-03-19,19.81999969482422,19.81999969482422,19.524999618530273,19.700000762939453,15.069111824035645,15217600
2013-03-20,19.809999465942383,19.885000228881836,19.770000457763672,19.850000381469727,15.183859825134277,8694600
2013-03-21,19.670000076293945,19.725000381469727,19.510000228881836,19.510000228881836,14.92377758026123,13185600
2013-03-22,19.55500030517578,19.614999771118164,19.475000381469727,19.53499984741211,14.942899703979492,9632600
2013-03-25,19.579999923706055,19.604999542236328,19.290000915527344,19.385000228881836,14.828156471252441,12186400
2013-03-26,19.440000534057617,19.53499984741211,19.415000915527344,19.520000457763672,14.931432723999023,10985200
2013-03-27,19.405000686645508,19.530000686645508,19.315000534057617,19.514999389648438,14.927602767944336,8253000
2013-03-28,19.479999542236328,19.639999389648438,19.479999542236328,19.59000015258789,14.984970092773438,15021200
2013-04-01,19.575000762939453,19.610000610351562,19.375,19.420000076293945,14.854930877685547,12671400
2013-04-02,19.454999923706055,19.4950008392334,19.190000534057617,19.229999542236328,14.7095947265625,19017200
2013-04-03,19.229999542236328,19.31999969482422,18.979999542236328,19.06999969482422,14.587209701538086,29741600
2013-04-04,19.100000381469727,19.31999969482422,19.094999313354492,19.235000610351562,14.713423728942871,18316400
2013-04-05,18.975000381469727,19.170000076293945,18.975000381469727,19.155000686645508,14.652228355407715,15292600
2013-04-08,19.200000762939453,19.225000381469727,19.065000534057617,19.21500015258789,14.698125839233398,8234800
2013-04-09,19.2450008392334,19.510000228881836,19.2450008392334,19.440000534057617,14.870231628417969,18229800
2013-04-10,19.4950008392334,19.584999084472656,19.420000076293945,19.575000762939453,14.973499298095703,12413000
2013-04-11,19.55500030517578,19.75,19.545000076293945,19.65999984741211,15.038514137268066,14885000
2013-04-12,19.545000076293945,19.614999771118164,19.280000686645508,19.3700008392334,14.816685676574707,24984400
2013-04-15,19.174999237060547,19.219999313354492,18.6299991607666,18.655000686645508,14.269765853881836,41257200
2013-04-16,18.815000534057617,19.0049991607666,18.815000534057617,18.9950008392334,14.52984619140625,19212400
2013-04-17,18.825000762939453,18.864999771118164,18.614999771118164,18.71500015258789,14.315662384033203,19687600
2013-04-18,18.78499984741211,18.834999084472656,18.549999237060547,18.65999984741211,14.273590087890625,34676200
2013-04-19,18.770000457763672,18.885000228881836,18.725000381469727,18.8799991607666,14.44186782836914,21525000
2013-04-22,18.975000381469727,19.1299991607666,18.780000686645508,19.059999465942383,14.579557418823242,14351200
2013-04-23,19.110000610351562,19.25,19.030000686645508,19.225000381469727,14.705779075622559,18191200
2013-04-24,19.299999237060547,19.55500030517578,19.274999618530273,19.514999389648438,14.927602767944336,14128800
2013-04-25,19.684999465942383,19.885000228881836,19.625,19.729999542236328,15.092059135437012,12718000
2013-04-26,19.71500015258789,19.71500015258789,19.3799991607666,19.450000762939453,14.87788200378418,15537800
2013-04-29,19.5049991607666,19.764999389648438,19.440000534057617,19.7450008392334,15.103533744812012,13888400
2013-04-30,19.709999084472656,19.78499984741211,19.565000534057617,19.774999618530273,15.126485824584961,21362000
2013-05-01,19.670000076293945,19.71500015258789,19.40999984741211,19.424999237060547,14.858753204345703,20681600
2013-05-02,19.520000457763672,19.610000610351562,19.334999084472656,19.565000534057617,14.965840339660645,12347000
2013-05-03,19.844999313354492,20.0049991607666,19.764999389648438,19.90999984741211,15.22974967956543,11660800
2013-05-06,19.96500015258789,19.9950008392334,19.864999771118164,19.96500015258789,15.271820068359375,9310200
2013-05-07,20.020000457763672,20.184999465942383,19.950000762939453,20.155000686645508,15.417152404785156,12165000
2013-05-08,20.135000228881836,20.334999084472656,20.104999542236328,20.329999923706055,15.551023483276367,10268000
2013-05-09,20.344999313354492,20.405000686645508,20.2450008392334,20.30500030517578,15.531898498535156,11918800
2013-05-10,20.290000915527344,20.329999923706055,20.135000228881836,20.28499984741211,15.5166015625,9758400
2013-05-13,20.264999389648438,20.280000686645508,20.084999084472656,20.139999389648438,15.405685424804688,8912000
2013-05-14,20.100000381469727,20.395000457763672,20.100000381469727,20.389999389648438,15.596917152404785,10128000
2013-05-15,20.315000534057617,20.575000762939453,20.295000076293945,20.5049991607666,15.684883117675781,10600600
2013-05-16,20.415000915527344,20.575000762939453,20.364999771118164,20.40999984741211,15.61221694946289,9174000
2013-05-17,20.450000762939453,20.65999984741211,20.450000762939453,20.6299991607666,15.780495643615723,14090600
2013-05-20,20.594999313354492,20.75,20.549999237060547,20.649999618530273,15.795799255371094,10508200
2013-05-21,20.704999923706055,20.739999771118164,20.59000015258789,20.625,15.776666641235352,9087600
2013-05-22,20.6299991607666,20.80500030517578,20.270000457763672,20.344999313354492,15.562499046325684,24585000
2013-05-23,20.125,20.399999618530273,20.030000686645508,20.354999542236328,15.570140838623047,13802400
2013-05-24,20.264999389648438,20.309999465942383,20.135000228881836,20.28499984741211,15.5166015625,11565200
2013-05-28,20.524999618530273,20.549999237060547,20.399999618530273,20.469999313354492,15.658110618591309,11206600
2013-05-29,20.375,20.450000762939453,20.209999084472656,20.405000686645508,15.608389854431152,12415400
2013-05-30,20.440000534057617,20.549999237060547,20.364999771118164,20.469999313354492,15.658110618591309,9859400
2013-05-31,20.334999084472656,20.489999771118164,20.139999389648438,20.149999618530273,15.413329124450684,15553600
2013-06-03,20.204999923706055,20.260000228881836,20.014999389648438,20.25,15.489823341369629,12528800
2013-06-04,20.25,20.364999771118164,20.110000610351562,20.225000381469727,15.470702171325684,12653800
2013-06-05,20.170000076293945,20.170000076293945,19.774999618530273,19.774999618530273,15.126485824584961,17420400
2013-06-06,19.770000457763672,19.915000915527344,19.68000030517578,19.905000686645508,15.225921630859375,14445200
2013-06-07,19.959999084472656,20.114999771118164,19.885000228881836,20.09000015258789,15.367436408996582,19875400
2013-06-10,20.15999984741211,20.239999771118164,20.104999542236328,20.184999465942383,15.440103530883789,9267000
2013-06-11,19.954999923706055,20.110000610351562,19.844999313354492,19.905000686645508,15.225921630859375,12122800
2013-06-12,20.05500030517578,20.114999771118164,19.790000915527344,19.80500030517578,15.149436950683594,15458400
2013-06-13,19.7549991607666,20.204999923706055,19.729999542236328,20.170000076293945,15.428629875183105,18771200
2013-06-14,20.104999542236328,20.264999389648438,19.975000381469727,20.024999618530273,15.31771469116211,10058000
2013-06-17,20.19499969482422,20.235000610351562,20.06999969482422,20.19499969482422,15.44775390625,8976600
2013-06-18,20.18000030517578,20.315000534057617,20.149999618530273,20.28499984741211,15.5166015625,8319400
2013-06-19,20.2450008392334,20.3700008392334,20.1299991607666,20.1299991607666,15.398028373718262,16845600
2013-06-20,19.825000762939453,19.924999237060547,19.540000915527344,19.610000610351562,15.00027084350586,26383000
2013-06-21,19.635000228881836,19.645000457763672,19.190000534057617,19.395000457763672,14.949403762817383,22138800
2013-06-24,19.110000610351562,19.229999542236328,18.889999389648438,19.084999084472656,14.710455894470215,24849000
2013-06-25,19.30500030517578,19.30500030517578,19.079999923706055,19.200000762939453,14.799092292785645,10672400
2013-06-26,19.280000686645508,19.34000015258789,19.104999542236328,19.290000915527344,14.868468284606934,10216800
2013-06-27,19.415000915527344,19.415000915527344,19.264999389648438,19.280000686645508,14.860758781433105,9348000
2013-06-28,19.204999923706055,19.329999923706055,19.125,19.174999237060547,14.779827117919922,16275800
2013-07-01,19.385000228881836,19.485000610351562,19.25,19.28499984741211,14.864614486694336,22407200
2013-07-02,19.209999084472656,19.3799991607666,19.1200008392334,19.225000381469727,14.818366050720215,8471000
2013-07-03,19.110000610351562,19.270000457763672,19.094999313354492,19.229999542236328,14.822222709655762,6622400
2013-07-05,19.360000610351562,19.3700008392334,19.190000534057617,19.360000610351562,14.9224214553833,7051000
2013-07-08,19.44499969482422,19.520000457763672,19.389999389648438,19.469999313354492,15.007206916809082,7845800
2013-07-09,19.604999542236328,19.815000534057617,19.604999542236328,19.770000457763672,15.238449096679688,9598000
2013-07-10,19.75,19.84000015258789,19.655000686645508,19.764999389648438,15.234587669372559,7579400
2013-07-11,20.020000457763672,20.125,19.985000610351562,20.084999084472656,15.481236457824707,10641000
2013-07-12,20.1200008392334,20.125,19.93000030517578,20.014999389648438,15.427287101745605,7575800
2013-07-15,20.014999389648438,20.100000381469727,19.985000610351562,20.065000534057617,15.465827941894531,14742800
2013-07-16,20.079999923706055,20.110000610351562,19.829999923706055,19.915000915527344,15.350211143493652,11726200
2013-07-17,20.020000457763672,20.155000686645508,19.969999313354492,20.100000381469727,15.492799758911133,13953200
2013-07-18,20.06999969482422,20.219999313354492,20.065000534057617,20.110000610351562,15.500514030456543,7518800
2013-07-19,20.09000015258789,20.239999771118164,20.059999465942383,20.239999771118164,15.60071086883545,12111000
2013-07-22,20.229999542236328,20.350000381469727,20.229999542236328,20.260000228881836,15.616130828857422,9854200
2013-07-23,20.440000534057617,20.540000915527344,20.280000686645508,20.31999969482422,15.662372589111328,9694000
2013-07-24,20.405000686645508,20.405000686645508,20.045000076293945,20.1299991607666,15.515928268432617,11482200
2013-07-25,20.049999237060547,20.344999313354492,19.979999542236328,20.31999969482422,15.662372589111328,8061200
2013-07-26,20.200000762939453,20.270000457763672,20.075000762939453,20.2450008392334,15.60456657409668,8402600
2013-07-29,20.165000915527344,20.385000228881836,20.135000228881836,20.360000610351562,15.69320297241211,14709600
2013-07-30,20.165000915527344,20.350000381469727,20.079999923706055,20.309999465942383,15.654661178588867,9645000
2013-07-31,20.325000762939453,20.43000030517578,20.209999084472656,20.239999771118164,15.60071086883545,11675200
2013-08-01,20.375,20.4950008392334,20.34000015258789,20.389999389648438,15.716334342956543,9188000
2013-08-02,20.360000610351562,20.520000457763672,20.299999237060547,20.5049991607666,15.804973602294922,5676200
2013-08-05,20.450000762939453,20.524999618530273,20.415000915527344,20.450000762939453,15.762579917907715,5078000
2013-08-06,20.450000762939453,20.46500015258789,20.209999084472656,20.260000228881836,15.616130828857422,6742600
2013-08-07,20.190000534057617,20.334999084472656,20.190000534057617,20.270000457763672,15.6238374710083,5889200
2013-08-08,20.44499969482422,20.645000457763672,20.399999618530273,20.56999969482422,15.855064392089844,8398600
2013-08-09,20.514999389648438,20.7549991607666,20.514999389648438,20.690000534057617,15.947572708129883,14766200
2013-08-12,20.649999618530273,20.719999313354492,20.604999542236328,20.65999984741211,15.924443244934082,8093200
2013-08-13,20.71500015258789,20.795000076293945,20.600000381469727,20.735000610351562,15.982251167297363,7943400
2013-08-14,20.7450008392334,20.84000015258789,20.68000030517578,20.690000534057617,15.947572708129883,7915200
2013-08-15,20.5,20.575000762939453,20.364999771118164,20.540000915527344,15.831948280334473,11201800
2013-08-16,20.510000228881836,20.514999389648438,20.325000762939453,20.3799991607666,15.708619117736816,14141000
2013-08-19,20.360000610351562,20.420000076293945,20.204999923706055,20.219999313354492,15.585293769836426,9289000
2013-08-20,20.219999313354492,20.395000457763672,20.18000030517578,20.334999084472656,15.673930168151855,6542200
2013-08-21,20.274999618530273,20.375,20.145000457763672,20.18000030517578,15.554471015930176,9701400
2013-08-22,20.260000228881836,20.450000762939453,20.229999542236328,20.420000076293945,15.739458084106445,9234600
2013-08-23,20.454999923706055,20.625,20.364999771118164,20.584999084472656,15.866630554199219,8925800
2013-08-26,20.639999389648438,20.78499984741211,20.565000534057617,20.584999084472656,15.866630554199219,11374000
2013-08-27,20.420000076293945,20.479999542236328,20.18000030517578,20.225000381469727,15.589147567749023,11786400
2013-08-28,20.200000762939453,20.290000915527344,20.149999618530273,20.184999465942383,15.558316230773926,6990000
2013-08-29,20.114999771118164,20.3700008392334,20.09000015258789,20.25,15.608416557312012,8171200
2013-08-30,20.264999389648438,20.309999465942383,20.170000076293945,20.21500015258789,15.581442832946777,11200600
2013-09-03,20.514999389648438,20.56999969482422,20.2549991607666,20.334999084472656,15.673930168151855,8722600
2013-09-04,20.290000915527344,20.549999237060547,20.239999771118164,20.524999618530273,15.820382118225098,8638200
2013-09-05,20.53499984741211,20.625,20.5049991607666,20.559999465942383,15.84736156463623,11009000
2013-09-06,20.71500015258789,20.729999542236328,20.450000762939453,20.53499984741211,15.828091621398926,9974400
2013-09-09,20.600000381469727,20.8700008392334,20.594999313354492,20.844999313354492,16.067035675048828,10876400
2013-09-10,20.9950008392334,21.104999542236328,20.915000915527344,21.030000686645508,16.209632873535156,14503200
2013-09-11,21.040000915527344,21.174999237060547,20.94499969482422,21.15999984741211,16.309833526611328,12347800
2013-09-12,21.065000534057617,21.125,20.905000686645508,20.940000534057617,16.14026641845703,11921600
2013-09-13,21.0,21.114999771118164,20.934999465942383,21.079999923706055,16.248170852661133,14828800
2013-09-16,21.385000228881836,21.415000915527344,21.2450008392334,21.315000534057617,16.4293155670166,16706000
2013-09-17,21.28499984741211,21.350000381469727,21.21500015258789,21.2549991607666,16.383060455322266,9300800
2013-09-18,21.28499984741211,21.774999618530273,21.204999923706055,21.7450008392334,16.7607479095459,20269000
2013-09-19,21.829999923706055,21.889999389648438,21.6200008392334,21.670000076293945,16.70293426513672,12408200
2013-09-20,21.614999771118164,21.614999771118164,21.28499984741211,21.309999465942383,16.507720947265625,21981000
2013-09-23,21.25,21.315000534057617,21.139999389648438,21.149999618530273,16.383779525756836,13112600
2013-09-24,21.145000457763672,21.299999237060547,21.09000015258789,21.139999389648438,16.376039505004883,6976800
2013-09-25,21.19499969482422,21.334999084472656,21.114999771118164,21.19499969482422,16.418628692626953,8518000
2013-09-26,21.28499984741211,21.424999237060547,21.225000381469727,21.334999084472656,16.527088165283203,11690400
2013-09-27,21.18000030517578,21.2450008392334,21.059999465942383,21.079999923706055,16.32955551147461,7592600
2013-09-30,20.875,21.079999923706055,20.815000534057617,21.0049991607666,16.271467208862305,11345200
2013-10-01,21.0049991607666,21.110000610351562,20.895000457763672,21.094999313354492,16.341176986694336,10030000
2013-10-02,20.975000381469727,21.155000686645508,20.905000686645508,21.149999618530273,16.383779525756836,8556200
2013-10-03,21.1200008392334,21.1200008392334,20.81999969482422,20.969999313354492,16.244340896606445,14168600
2013-10-04,20.975000381469727,21.28499984741211,20.93000030517578,21.274999618530273,16.480613708496094,10334000
2013-10-07,21.030000686645508,21.209999084472656,21.0,21.014999389648438,16.279205322265625,11989200
2013-10-08,21.024999618530273,21.024999618530273,20.665000915527344,20.68000030517578,16.01970100402832,17206400
2013-10-09,20.739999771118164,20.825000762939453,20.540000915527344,20.709999084472656,16.042938232421875,12397000
2013-10-10,20.9950008392334,21.184999465942383,20.94499969482422,21.149999618530273,16.383779525756836,10849400
2013-10-11,21.155000686645508,21.280000686645508,21.079999923706055,21.274999618530273,16.480613708496094,10120600
2013-10-14,21.104999542236328,21.375,21.104999542236328,21.350000381469727,16.538707733154297,12320600
2013-10-15,21.280000686645508,21.3799991607666,21.170000076293945,21.219999313354492,16.438005447387695,10734400
2013-10-16,21.350000381469727,21.5,21.270000457763672,21.434999465942383,16.604551315307617,8541600
2013-10-17,21.364999771118164,21.735000610351562,21.364999771118164,21.71500015258789,16.82146453857422,9282000
2013-10-18,21.854999542236328,21.854999542236328,21.68000030517578,21.780000686645508,16.871807098388672,14809600
2013-10-21,21.795000076293945,21.81999969482422,21.69499969482422,21.774999618530273,16.867938995361328,7798200
2013-10-22,21.889999389648438,22.139999389648438,21.875,22.09000015258789,17.11195182800293,11038200
2013-10-23,22.0,22.014999389648438,21.915000915527344,21.94499969482422,16.99962615966797,10782200
2013-10-24,21.969999313354492,22.06999969482422,21.850000381469727,22.05500030517578,17.084840774536133,6482600
2013-10-25,22.100000381469727,22.1200008392334,21.90999984741211,22.1200008392334,17.135190963745117,11542800
2013-10-28,22.104999542236328,22.145000457763672,21.94499969482422,22.010000228881836,17.049976348876953,12629400
2013-10-29,22.010000228881836,22.059999465942383,21.915000915527344,22.05500030517578,17.084840774536133,8566400
2013-10-30,22.040000915527344,22.18000030517578,21.78499984741211,21.920000076293945,16.980262756347656,10999200
2013-10-31,21.915000915527344,22.03499984741211,21.8700008392334,21.885000228881836,16.953144073486328,11151400
2013-11-01,21.90999984741211,21.954999923706055,21.71500015258789,21.834999084472656,16.914419174194336,10335000
2013-11-04,21.93000030517578,21.934999465942383,21.815000534057617,21.924999237060547,16.9841365814209,11139400
2013-11-05,21.84000015258789,21.8799991607666,21.7450008392334,21.829999923706055,16.91053581237793,5941400
2013-11-06,21.96500015258789,22.030000686645508,21.8799991607666,21.979999542236328,17.02674102783203,7946000
2013-11-07,22.020000457763672,22.030000686645508,21.670000076293945,21.690000534057617,16.80210304260254,11869000
2013-11-08,21.635000228881836,22.094999313354492,21.635000228881836,22.094999313354492,17.115825653076172,10621600
2013-11-11,22.09000015258789,22.100000381469727,22.010000228881836,22.084999084472656,17.108074188232422,4991600
2013-11-12,21.975000381469727,22.075000762939453,21.954999923706055,22.014999389648438,17.053852081298828,8569600
2013-11-13,21.934999465942383,22.139999389648438,21.905000686645508,22.135000228881836,17.146808624267578,9382400
2013-11-14,22.200000762939453,22.329999923706055,22.1299991607666,22.31999969482422,17.290122985839844,10359400
2013-11-15,22.334999084472656,22.479999542236328,22.334999084472656,22.46500015258789,17.402441024780273,9128000
2013-11-18,22.514999389648438,22.53499984741211,22.2549991607666,22.325000762939453,17.293991088867188,11379800
2013-11-19,22.270000457763672,22.350000381469727,22.184999465942383,22.2549991607666,17.239761352539062,7167600
2013-11-20,22.229999542236328,22.295000076293945,22.024999618530273,22.075000762939453,17.10032844543457,9419400
2013-11-21,22.239999771118164,22.270000457763672,22.1200008392334,22.2549991607666,17.239761352539062,6653800
2013-11-22,22.28499984741211,22.3799991607666,22.184999465942383,22.3700008392334,17.328855514526367,4761800
2013-11-25,22.299999237060547,22.395000457763672,22.18000030517578,22.229999542236328,17.220401763916016,11304600
2013-11-26,22.2549991607666,22.2549991607666,22.104999542236328,22.174999237060547,17.17778968811035,4147000
2013-11-27,22.184999465942383,22.260000228881836,22.15999984741211,22.190000534057617,17.189414978027344,5666200
2013-11-29,22.219999313354492,22.299999237060547,22.125,22.170000076293945,17.17391586303711,7344200
2013-12-02,22.239999771118164,22.295000076293945,22.100000381469727,22.114999771118164,17.131315231323242,10381000
2013-12-03,22.040000915527344,22.049999237060547,21.7549991607666,21.854999542236328,16.929912567138672,11644600
2013-12-04,21.809999465942383,22.05500030517578,21.790000915527344,21.959999084472656,17.01125144958496,19670600
2013-12-05,21.905000686645508,21.940000534057617,21.790000915527344,21.834999084472656,16.914419174194336,9393200
2013-12-06,22.075000762939453,22.18000030517578,22.0,22.135000228881836,17.146808624267578,9807600
2013-12-09,22.19499969482422,22.270000457763672,22.149999618530273,22.25,17.23589324951172,7368200
2013-12-10,22.25,22.385000228881836,22.25,22.315000534057617,17.286243438720703,7237800
2013-12-11,22.329999923706055,22.344999313354492,21.899999618530273,21.934999465942383,16.991878509521484,11090800
2013-12-12,21.899999618530273,21.96500015258789,21.81999969482422,21.889999389648438,16.95702362060547,7484600
2013-12-13,21.969999313354492,22.049999237060547,21.924999237060547,21.9950008392334,17.038354873657227,5965400
2013-12-16,22.1299991607666,22.19499969482422,22.03499984741211,22.084999084472656,17.108074188232422,8775600
2013-12-17,21.989999771118164,22.2450008392334,21.979999542236328,22.229999542236328,17.220401763916016,17176800
2013-12-18,22.28499984741211,22.5,22.010000228881836,22.5,17.429563522338867,27273200
2013-12-19,22.540000915527344,22.56999969482422,22.350000381469727,22.53499984741211,17.456661224365234,15142800
2013-12-20,22.454999923706055,22.545000076293945,22.395000457763672,22.46500015258789,17.51201629638672,15678400
2013-12-23,22.575000762939453,22.604999542236328,22.489999771118164,22.575000762939453,17.597763061523438,8223000
2013-12-24,22.59000015258789,22.81999969482422,22.559999465942383,22.81999969482422,17.788747787475586,3774200
2013-12-26,22.850000381469727,22.96500015258789,22.829999923706055,22.94499969482422,17.886186599731445,3992600
2013-12-27,23.049999237060547,23.049999237060547,22.94499969482422,23.014999389648438,17.940753936767578,3677800
2013-12-30,23.020000457763672,23.065000534057617,22.975000381469727,23.030000686645508,17.952436447143555,4201000
2013-12-31,23.065000534057617,23.110000610351562,22.9950008392334,23.110000610351562,18.014802932739258,6357000
2014-01-02,22.969999313354492,23.065000534057617,22.864999771118164,22.924999237060547,17.87059211730957,13883800
2014-01-03,22.954999923706055,22.975000381469727,22.860000610351562,22.8700008392334,17.827720642089844,8685400
2014-01-06,22.920000076293945,22.924999237060547,22.690000534057617,22.7450008392334,17.730276107788086,8856200
2014-01-07,22.75,22.889999389648438,22.639999389648438,22.704999923706055,17.6991024017334,7766200
2014-01-08,22.739999771118164,22.8700008392334,22.649999618530273,22.84000015258789,17.804340362548828,8240800
2014-01-09,22.850000381469727,22.924999237060547,22.65999984741211,22.75,17.734172821044922,8838000
2014-01-10,22.795000076293945,22.844999313354492,22.684999465942383,22.81999969482422,17.788747787475586,6199800
2014-01-13,22.735000610351562,22.80500030517578,22.479999542236328,22.510000228881836,17.54709815979004,10068000
2014-01-14,22.575000762939453,22.850000381469727,22.549999237060547,22.825000762939453,17.792646408081055,7624000
2014-01-15,22.834999084472656,23.010000228881836,22.834999084472656,22.96500015258789,17.901779174804688,7056200
2014-01-16,22.924999237060547,23.024999618530273,22.905000686645508,23.020000457763672,17.94464874267578,9846000
2014-01-17,23.030000686645508,23.065000534057617,22.93000030517578,22.96500015258789,17.901779174804688,14686200
2014-01-21,23.200000762939453,23.28499984741211,22.989999771118164,23.104999542236328,18.01091194152832,14739800
2014-01-22,23.079999923706055,23.125,22.815000534057617,22.8799991607666,17.835519790649414,11189400
2014-01-23,22.795000076293945,22.81999969482422,22.385000228881836,22.540000915527344,17.570480346679688,12997600
2014-01-24,22.344999313354492,22.360000610351562,21.924999237060547,21.934999465942383,17.098867416381836,20200600
2014-01-27,21.96500015258789,22.040000915527344,21.684999465942383,21.844999313354492,17.02870750427246,11904400
2014-01-28,21.979999542236328,22.020000457763672,21.889999389648438,21.969999313354492,17.12614631652832,9693200
2014-01-29,21.799999237060547,22.280000686645508,21.799999237060547,22.059999465942383,17.196308135986328,20632200
2014-01-30,22.174999237060547,22.2549991607666,21.989999771118164,22.165000915527344,17.278160095214844,16087400
2014-01-31,21.885000228881836,22.200000762939453,21.834999084472656,22.020000457763672,17.16512680053711,12475400
2014-02-03,21.985000610351562,22.114999771118164,21.479999542236328,21.5049991607666,16.763671875,39679600
2014-02-04,21.625,21.834999084472656,21.520000457763672,21.69499969482422,16.911781311035156,14826800
2014-02-05,21.614999771118164,21.774999618530273,21.389999389648438,21.719999313354492,16.93126678466797,15797000
2014-02-06,21.764999389648438,22.075000762939453,21.75,22.045000076293945,17.184612274169922,17781600
2014-02-07,22.125,22.385000228881836,22.059999465942383,22.350000381469727,17.422365188598633,10363200
2014-02-10,22.350000381469727,22.4950008392334,22.28499984741211,22.459999084472656,17.50811004638672,30500000
2014-02-11,22.514999389648438,22.795000076293945,22.479999542236328,22.719999313354492,17.71079444885254,13961400
2014-02-12,22.69499969482422,22.825000762939453,22.6299991607666,22.68000030517578,17.679616928100586,7544400
2014-02-13,22.530000686645508,22.950000762939453,22.5049991607666,22.875,17.831621170043945,13428400
2014-02-14,22.915000915527344,23.084999084472656,22.834999084472656,23.059999465942383,17.975833892822266,10243400
2014-02-18,23.049999237060547,23.1299991607666,22.954999923706055,23.075000762939453,17.987524032592773,11380200
2014-02-19,23.059999465942383,23.260000228881836,22.895000457763672,22.915000915527344,17.862794876098633,15784600
2014-02-20,22.979999542236328,23.184999465942383,22.844999313354492,23.155000686645508,18.049882888793945,13432600
2014-02-21,23.19499969482422,23.260000228881836,23.094999313354492,23.094999313354492,18.003108978271484,7973800
2014-02-24,23.014999389648438,23.225000381469727,23.0049991607666,23.014999389648438,17.940753936767578,29419600
2014-02-25,23.030000686645508,23.204999923706055,22.954999923706055,23.100000381469727,18.007015228271484,12785600
2014-02-26,23.139999389648438,23.344999313354492,23.100000381469727,23.274999618530273,18.1434268951416,13506200
2014-02-27,23.235000610351562,23.459999084472656,23.219999313354492,23.459999084472656,18.28763771057129,9697800
2014-02-28,23.44499969482422,23.625,23.405000686645508,23.540000915527344,18.350004196166992,11785200
2014-03-03,23.350000381469727,23.59000015258789,23.299999237060547,23.485000610351562,18.307125091552734,20375600
2014-03-04,23.84000015258789,23.895000457763672,23.68000030517578,23.854999542236328,18.59556007385254,15331200
2014-03-05,23.864999771118164,23.940000534057617,23.774999618530273,23.90999984741211,18.6384220123291,8155600
2014-03-06,23.989999771118164,24.1299991607666,23.985000610351562,24.0,18.708589553833008,12570400
2014-03-07,24.05500030517578,24.059999465942383,23.81999969482422,23.895000457763672,18.62672996520996,18069200
2014-03-10,23.825000762939453,23.889999389648438,23.665000915527344,23.875,18.611143112182617,9716000
2014-03-11,23.934999465942383,23.934999465942383,23.6200008392334,23.6299991607666,18.420162200927734,13294800
2014-03-12,23.584999084472656,23.674999237060547,23.514999389648438,23.6200008392334,18.41236686706543,10690600
2014-03-13,23.709999084472656,23.795000076293945,23.3700008392334,23.450000762939453,18.279850006103516,15848600
2014-03-14,23.450000762939453,23.584999084472656,23.40999984741211,23.450000762939453,18.279850006103516,12554600
2014-03-17,23.594999313354492,23.78499984741211,23.53499984741211,23.639999389648438,18.42795181274414,10527800
2014-03-18,23.68000030517578,23.795000076293945,23.635000228881836,23.774999618530273,18.533184051513672,9598600
2014-03-19,23.729999542236328,23.815000534057617,23.43000030517578,23.565000534057617,18.369495391845703,15781200
2014-03-20,23.450000762939453,23.8799991607666,23.450000762939453,23.8799991607666,18.615041732788086,11611400
2014-03-21,23.799999237060547,23.84000015258789,23.639999389648438,23.684999465942383,18.536781311035156,17540000
2014-03-24,23.774999618530273,23.825000762939453,23.415000915527344,23.5,18.391992568969727,9651200
2014-03-25,23.6299991607666,23.75,23.540000915527344,23.6299991607666,18.49373435974121,10764600
2014-03-26,23.75,23.7549991607666,23.28499984741211,23.290000915527344,18.227628707885742,12096800
2014-03-27,23.350000381469727,23.354999542236328,23.1299991607666,23.225000381469727,18.176767349243164,9977200
2014-03-28,23.299999237060547,23.5,23.235000610351562,23.385000228881836,18.30198860168457,13364200
2014-03-31,23.575000762939453,23.670000076293945,23.469999313354492,23.639999389648438,18.50156021118164,9714600
2014-04-01,23.75,23.795000076293945,23.6200008392334,23.770000457763672,18.603302001953125,11566400
2014-04-02,23.825000762939453,24.0,23.71500015258789,23.94499969482422,18.74026107788086,8664400
2014-04-03,24.03499984741211,24.1299991607666,23.885000228881836,23.975000381469727,18.76374053955078,9284600
2014-04-04,24.135000228881836,24.170000076293945,23.610000610351562,23.670000076293945,18.525039672851562,18759400
2014-04-07,23.594999313354492,23.690000534057617,23.239999771118164,23.325000762939453,18.255027770996094,14806000
2014-04-08,23.354999542236328,23.510000228881836,23.25,23.415000915527344,18.325462341308594,9622200
2014-04-09,23.524999618530273,23.825000762939453,23.3799991607666,23.770000457763672,18.603302001953125,8225800
2014-04-10,23.764999389648438,23.78499984741211,23.25,23.295000076293945,18.231552124023438,10944400
2014-04-11,23.204999923706055,23.315000534057617,23.014999389648438,23.014999389648438,18.012407302856445,10436600
2014-04-14,23.225000381469727,23.290000915527344,23.045000076293945,23.200000762939453,18.15720558166504,9917200
2014-04-15,23.21500015258789,23.354999542236328,22.959999084472656,23.34000015258789,18.26676368713379,9726400
2014-04-16,23.46500015258789,23.704999923706055,23.434999465942383,23.684999465942383,18.536781311035156,11622400
2014-04-17,23.674999237060547,23.799999237060547,23.65999984741211,23.760000228881836,18.595474243164062,9443200
2014-04-21,23.799999237060547,23.875,23.690000534057617,23.764999389648438,18.599395751953125,6638000
2014-04-22,23.799999237060547,23.934999465942383,23.71500015258789,23.850000381469727,18.665912628173828,9998200
2014-04-23,23.864999771118164,23.924999237060547,23.815000534057617,23.854999542236328,18.669822692871094,7951800
2014-04-24,23.920000076293945,23.975000381469727,23.704999923706055,23.75,18.587646484375,6920000
2014-04-25,23.704999923706055,23.725000381469727,23.5049991607666,23.579999923706055,18.454601287841797,7001000
2014-04-28,23.68000030517578,23.684999465942383,23.30500030517578,23.479999542236328,18.376331329345703,19147000
2014-04-29,23.524999618530273,23.709999084472656,23.524999618530273,23.645000457763672,18.50547981262207,9954600
2014-04-30,23.575000762939453,23.850000381469727,23.565000534057617,23.834999084472656,18.6541748046875,12036600
2014-05-01,23.809999465942383,23.809999465942383,23.635000228881836,23.684999465942383,18.536781311035156,8340800
2014-05-02,23.719999313354492,23.90999984741211,23.670000076293945,23.774999618530273,18.607215881347656,9966400
2014-05-05,23.69499969482422,23.920000076293945,23.655000686645508,23.905000686645508,18.70896339416504,4798000
2014-05-06,23.834999084472656,23.915000915527344,23.704999923706055,23.78499984741211,18.61504364013672,6856600
2014-05-07,23.864999771118164,23.989999771118164,23.709999084472656,23.969999313354492,18.75983238220215,8585000
2014-05-08,23.93000030517578,24.110000610351562,23.774999618530273,23.875,18.685476303100586,9689200
2014-05-09,23.774999618530273,23.905000686645508,23.725000381469727,23.875,18.685476303100586,7954800
2014-05-12,24.014999389648438,24.200000762939453,24.0049991607666,24.18000030517578,18.92418098449707,8871400
2014-05-13,24.155000686645508,24.295000076293945,24.155000686645508,24.200000762939453,18.939842224121094,6821600
2014-05-14,24.200000762939453,24.334999084472656,24.149999618530273,24.204999923706055,18.943750381469727,9659000
2014-05-15,24.139999389648438,24.155000686645508,23.725000381469727,23.864999771118164,18.67765235900879,13088000
2014-05-16,23.8799991607666,23.959999084472656,23.684999465942383,23.950000762939453,18.744182586669922,8752800
2014-05-19,23.905000686645508,24.174999237060547,23.895000457763672,24.049999237060547,18.822437286376953,5481400
2014-05-20,24.024999618530273,24.100000381469727,23.860000610351562,23.920000076293945,18.720693588256836,9361200
2014-05-21,23.985000610351562,24.09000015258789,23.94499969482422,24.030000686645508,18.80678939819336,5028000
2014-05-22,24.040000915527344,24.15999984741211,24.0,24.084999084472656,18.84983253479004,6447200
2014-05-23,24.114999771118164,24.299999237060547,24.084999084472656,24.290000915527344,19.010276794433594,4489000
2014-05-27,24.34000015258789,24.389999389648438,24.260000228881836,24.290000915527344,19.010276794433594,4343600
2014-05-28,24.270000457763672,24.385000228881836,24.25,24.299999237060547,19.01809310913086,7973000
2014-05-29,24.31999969482422,24.559999465942383,24.235000610351562,24.545000076293945,19.20984649658203,5513800
2014-05-30,24.44499969482422,24.549999237060547,24.420000076293945,24.540000915527344,19.205930709838867,6847600
2014-06-02,24.579999923706055,24.69499969482422,24.514999389648438,24.639999389648438,19.284196853637695,6841000
2014-06-03,24.53499984741211,24.655000686645508,24.510000228881836,24.584999084472656,19.241151809692383,5275400
2014-06-04,24.540000915527344,24.700000762939453,24.46500015258789,24.625,19.2724552154541,5742200
2014-06-05,24.68000030517578,24.78499984741211,24.450000762939453,24.739999771118164,19.36245346069336,9723200
2014-06-06,24.78499984741211,24.875,24.739999771118164,24.860000610351562,19.456375122070312,5849800
2014-06-09,24.815000534057617,24.895000457763672,24.75,24.795000076293945,19.40550994873047,14639600
2014-06-10,24.739999771118164,24.834999084472656,24.649999618530273,24.829999923706055,19.432899475097656,5317000
2014-06-11,24.75,24.799999237060547,24.645000457763672,24.690000534057617,19.323322296142578,4695000
2014-06-12,24.690000534057617,24.735000610351562,24.424999237060547,24.479999542236328,19.158977508544922,6802600
2014-06-13,24.489999771118164,24.604999542236328,24.43000030517578,24.575000762939453,19.233327865600586,4893800
2014-06-16,24.510000228881836,24.56999969482422,24.399999618530273,24.520000457763672,19.190282821655273,15921800
2014-06-17,24.360000610351562,24.6200008392334,24.350000381469727,24.56999969482422,19.229415893554688,12232200
2014-06-18,24.59000015258789,24.850000381469727,24.559999465942383,24.834999084472656,19.43680763244629,16087600
2014-06-19,24.864999771118164,24.875,24.739999771118164,24.78499984741211,19.397682189941406,11532800
2014-06-20,24.700000762939453,24.834999084472656,24.665000915527344,24.81999969482422,19.516016006469727,8435800
2014-06-23,24.850000381469727,24.93000030517578,24.7450008392334,24.854999542236328,19.543540954589844,5905400
2014-06-24,24.795000076293945,24.934999465942383,24.6200008392334,24.6200008392334,19.358755111694336,8749800
2014-06-25,24.665000915527344,24.934999465942383,24.665000915527344,24.815000534057617,19.512086868286133,13433600
2014-06-26,24.864999771118164,24.915000915527344,24.674999237060547,24.809999465942383,19.508150100708008,10903800
2014-06-27,24.6299991607666,24.7450008392334,24.579999923706055,24.735000610351562,19.44918441772461,12705200
2014-06-30,24.729999542236328,24.860000610351562,24.645000457763672,24.81999969482422,19.516016006469727,26147400
2014-07-01,24.850000381469727,24.979999542236328,24.795000076293945,24.8799991607666,19.56319236755371,13985800
2014-07-02,24.899999618530273,24.975000381469727,24.860000610351562,24.90999984741211,19.58678436279297,7745000
2014-07-03,24.96500015258789,25.094999313354492,24.959999084472656,25.06999969482422,19.712594985961914,5619400
2014-07-07,25.03499984741211,25.05500030517578,24.815000534057617,24.860000610351562,19.547468185424805,9971200
2014-07-08,24.844999313354492,24.860000610351562,24.725000381469727,24.795000076293945,19.496362686157227,8553200
2014-07-09,24.875,24.915000915527344,24.809999465942383,24.8799991607666,19.56319236755371,8361800
2014-07-10,24.65999984741211,24.875,24.635000228881836,24.770000457763672,19.476699829101562,8062600
2014-07-11,24.760000228881836,24.84000015258789,24.709999084472656,24.815000534057617,19.512086868286133,6975600
2014-07-14,24.940000534057617,24.940000534057617,24.790000915527344,24.799999237060547,19.50029182434082,5030600
2014-07-15,24.815000534057617,24.975000381469727,24.68000030517578,24.75,19.46097755432129,5648000
2014-07-16,24.829999923706055,24.940000534057617,24.81999969482422,24.920000076293945,19.594646453857422,7690200
2014-07-17,24.834999084472656,24.959999084472656,24.770000457763672,24.815000534057617,19.512086868286133,11014400
2014-07-18,24.834999084472656,25.014999389648438,24.815000534057617,24.969999313354492,19.633962631225586,9729600
2014-07-21,24.885000228881836,24.940000534057617,24.799999237060547,24.899999618530273,19.578922271728516,9859200
2014-07-22,24.975000381469727,25.010000228881836,24.924999237060547,24.934999465942383,19.60643768310547,5637400
2014-07-23,24.940000534057617,25.09000015258789,24.875,25.040000915527344,19.689002990722656,4522600
2014-07-24,25.040000915527344,25.094999313354492,24.959999084472656,25.010000228881836,19.665414810180664,5000800
2014-07-25,24.950000762939453,25.139999389648438,24.950000762939453,25.05500030517578,19.700801849365234,4778400
2014-07-28,25.05500030517578,25.184999465942383,24.975000381469727,25.1200008392334,19.751907348632812,21347400
2014-07-29,25.149999618530273,25.170000076293945,24.93000030517578,24.940000534057617,19.61037254333496,7769200
2014-07-30,25.0049991607666,25.065000534057617,24.760000228881836,24.809999465942383,19.508150100708008,10548000
2014-07-31,24.625,24.700000762939453,24.325000762939453,24.325000762939453,19.126800537109375,12917600
2014-08-01,24.274999618530273,24.43000030517578,24.190000534057617,24.344999313354492,19.14253044128418,11244000
2014-08-04,24.415000915527344,24.65999984741211,24.28499984741211,24.635000228881836,19.37055015563965,9932600
2014-08-05,24.424999237060547,24.59000015258789,24.309999465942383,24.3799991607666,19.1700439453125,10275200
2014-08-06,24.31999969482422,24.594999313354492,24.270000457763672,24.559999465942383,19.31157112121582,12717400
2014-08-07,24.670000076293945,24.7450008392334,24.280000686645508,24.344999313354492,19.14253044128418,10167400
2014-08-08,24.399999618530273,24.614999771118164,24.309999465942383,24.600000381469727,19.34303092956543,8538200
2014-08-11,24.665000915527344,24.760000228881836,24.565000534057617,24.575000762939453,19.323375701904297,10983400
2014-08-12,24.56999969482422,24.684999465942383,24.520000457763672,24.655000686645508,19.38628578186035,14594400
2014-08-13,24.764999389648438,24.815000534057617,24.635000228881836,24.790000915527344,19.492433547973633,8602600
2014-08-14,24.829999923706055,24.844999313354492,24.764999389648438,24.790000915527344,19.492433547973633,7214600
2014-08-15,24.8799991607666,24.975000381469727,24.665000915527344,24.864999771118164,19.55140495300293,8879000
2014-08-18,24.96500015258789,25.110000610351562,24.96500015258789,25.110000610351562,19.74404525756836,10696200
2014-08-19,25.149999618530273,25.225000381469727,25.1200008392334,25.184999465942383,19.80301856994629,6270000
2014-08-20,25.149999618530273,25.25,25.125,25.219999313354492,19.830533981323242,9600800
2014-08-21,25.2549991607666,25.264999389648438,25.114999771118164,25.184999465942383,19.80301856994629,2725800
2014-08-22,25.18000030517578,25.18000030517578,25.03499984741211,25.084999084472656,19.724390029907227,3614400
2014-08-25,25.229999542236328,25.229999542236328,25.135000228881836,25.18000030517578,19.799087524414062,3126200
2014-08-26,25.19499969482422,25.264999389648438,25.184999465942383,25.204999923706055,19.81874656677246,3818400
2014-08-27,25.2450008392334,25.264999389648438,25.155000686645508,25.204999923706055,19.81874656677246,6599200
2014-08-28,25.15999984741211,25.2549991607666,25.06999969482422,25.225000381469727,19.834470748901367,3672200
2014-08-29,25.274999618530273,25.299999237060547,25.19499969482422,25.264999389648438,19.86591911315918,5321000
2014-09-02,25.260000228881836,25.30500030517578,25.1299991607666,25.18000030517578,19.799087524414062,13216800
2014-09-03,25.280000686645508,25.329999923706055,25.204999923706055,25.219999313354492,19.830533981323242,6255600
2014-09-04,25.239999771118164,25.3799991607666,25.15999984741211,25.219999313354492,19.830533981323242,11554000
2014-09-05,25.200000762939453,25.334999084472656,25.1299991607666,25.329999923706055,19.917028427124023,6153600
2014-09-08,25.28499984741211,25.3700008392334,25.184999465942383,25.229999542236328,19.838403701782227,4607600
2014-09-09,25.200000762939453,25.204999923706055,24.969999313354492,25.024999618530273,19.677207946777344,6321000
2014-09-10,24.979999542236328,25.040000915527344,24.80500030517578,25.024999618530273,19.677207946777344,12728000
2014-09-11,24.90999984741211,25.045000076293945,24.895000457763672,24.989999771118164,19.649688720703125,8525400
2014-09-12,24.96500015258789,25.03499984741211,24.780000686645508,24.875,19.55925750732422,7705000
2014-09-15,24.895000457763672,24.975000381469727,24.78499984741211,24.90999984741211,19.58678436279297,6382000
2014-09-16,24.850000381469727,25.1299991607666,24.829999923706055,25.024999618530273,19.677207946777344,6635000
2014-09-17,25.15999984741211,25.309999465942383,25.075000762939453,25.174999237060547,19.79515838623047,10319800
2014-09-18,25.274999618530273,25.385000228881836,25.25,25.344999313354492,19.928823471069336,8969800
2014-09-19,25.329999923706055,25.415000915527344,25.174999237060547,25.219999313354492,19.92250633239746,12151000
2014-09-22,25.354999542236328,25.43000030517578,25.190000534057617,25.209999084472656,19.914608001708984,7674400
2014-09-23,25.184999465942383,25.229999542236328,25.06999969482422,25.079999923706055,19.811912536621094,5931000
2014-09-24,25.094999313354492,25.364999771118164,25.065000534057617,25.34000015258789,20.017297744750977,8558200
2014-09-25,25.2450008392334,25.2549991607666,24.954999923706055,24.954999923706055,19.713167190551758,9410000
2014-09-26,24.975000381469727,25.225000381469727,24.954999923706055,25.200000762939453,19.906705856323242,9455000
2014-09-29,25.084999084472656,25.165000915527344,24.93000030517578,25.094999313354492,19.823766708374023,18208000
2014-09-30,25.06999969482422,25.114999771118164,24.75,24.795000076293945,19.58678436279297,15665800
2014-10-01,24.75,24.75,24.149999618530273,24.209999084472656,19.12466049194336,22576200
2014-10-02,24.155000686645508,24.21500015258789,23.815000534057617,24.149999618530273,19.077259063720703,18147000
2014-10-03,24.290000915527344,24.344999313354492,24.18000030517578,24.219999313354492,19.1325626373291,10886200
2014-10-06,24.315000534057617,24.375,24.135000228881836,24.21500015258789,19.128604888916016,9574800
2014-10-07,24.145000457763672,24.145000457763672,23.78499984741211,23.790000915527344,18.792879104614258,12121400
2014-10-08,23.790000915527344,24.135000228881836,23.524999618530273,24.100000381469727,19.037765502929688,21046800
2014-10-09,24.100000381469727,24.110000610351562,23.434999465942383,23.510000228881836,18.571699142456055,29256400
2014-10-10,23.514999389648438,23.600000381469727,23.145000457763672,23.149999618530273,18.287315368652344,30357400
2014-10-13,23.125,23.31999969482422,22.520000457763672,22.55500030517578,17.81729507446289,33150600
2014-10-14,22.704999923706055,22.950000762939453,22.475000381469727,22.625,17.872589111328125,22002600
2014-10-15,22.21500015258789,22.875,22.045000076293945,22.780000686645508,17.99503517150879,37910800
2014-10-16,22.3799991607666,23.135000228881836,22.34000015258789,23.0049991607666,18.172779083251953,40441000
2014-10-17,23.25,23.485000610351562,23.200000762939453,23.309999465942383,18.413707733154297,22297400
2014-10-20,23.260000228881836,23.68000030517578,23.165000915527344,23.665000915527344,18.694133758544922,34382600
2014-10-21,23.80500030517578,24.209999084472656,23.799999237060547,24.174999237060547,19.097009658813477,14263600
2014-10-22,24.350000381469727,24.399999618530273,23.96500015258789,23.979999542236328,18.942968368530273,18426400
2014-10-23,24.155000686645508,24.225000381469727,23.895000457763672,23.959999084472656,18.927169799804688,59893600
2014-10-24,24.0049991607666,24.165000915527344,23.78499984741211,24.139999389648438,19.069368362426758,13400600
2014-10-27,23.924999237060547,23.975000381469727,23.540000915527344,23.635000228881836,18.67043685913086,70286800
2014-10-28,23.78499984741211,23.889999389648438,23.690000534057617,23.8700008392334,18.856077194213867,15180600
2014-10-29,23.864999771118164,23.899999618530273,23.415000915527344,23.575000762939453,18.623046875,47813800
2014-10-30,23.485000610351562,23.8799991607666,23.485000610351562,23.7549991607666,18.76523780822754,13382800
2014-10-31,23.954999923706055,24.209999084472656,23.8700008392334,24.200000762939453,19.116762161254883,16805200
2014-11-03,24.209999084472656,24.299999237060547,23.94499969482422,24.030000686645508,18.982463836669922,41656400
2014-11-04,23.96500015258789,24.020000457763672,23.670000076293945,23.780000686645508,18.78498077392578,26076200
2014-11-05,23.829999923706055,24.05500030517578,23.815000534057617,24.010000228881836,18.9666690826416,12231800
2014-11-06,23.93000030517578,24.2549991607666,23.93000030517578,24.204999923706055,19.120708465576172,7653000
2014-11-07,24.229999542236328,24.360000610351562,24.21500015258789,24.31999969482422,19.211551666259766,10205000
2014-11-10,24.309999465942383,24.399999618530273,24.25,24.385000228881836,19.262903213500977,7286000
2014-11-11,24.375,24.524999618530273,24.344999313354492,24.5049991607666,19.357694625854492,7220400
2014-11-12,24.485000610351562,24.625,24.450000762939453,24.565000534057617,19.405086517333984,7708000
2014-11-13,24.59000015258789,24.764999389648438,24.434999465942383,24.56999969482422,19.409040451049805,8238600
2014-11-14,24.600000381469727,24.69499969482422,24.540000915527344,24.645000457763672,19.46828842163086,6337400
2014-11-17,24.625,24.670000076293945,24.549999237060547,24.639999389648438,19.46434211730957,5254200
2014-11-18,24.645000457763672,24.954999923706055,24.645000457763672,24.934999465942383,19.69736671447754,10036200
2014-11-19,24.915000915527344,24.979999542236328,24.815000534057617,24.899999618530273,19.669729232788086,9681800
2014-11-20,24.774999618530273,25.030000686645508,24.700000762939453,25.030000686645508,19.772418975830078,7717000
2014-11-21,25.350000381469727,25.5049991607666,25.239999771118164,25.334999084472656,20.013351440429688,19118400
2014-11-24,25.375,25.375,25.18000030517578,25.219999313354492,19.92250633239746,4283800
2014-11-25,25.225000381469727,25.299999237060547,25.110000610351562,25.1299991607666,19.85141372680664,4812800
2014-11-26,25.05500030517578,25.165000915527344,24.959999084472656,25.149999618530273,19.86721420288086,3762000
2014-11-28,24.905000686645508,24.93000030517578,24.524999618530273,24.579999923706055,19.41693878173828,9735400
2014-12-01,24.5049991607666,24.614999771118164,24.19499969482422,24.325000762939453,19.215505599975586,24024600
2014-12-02,24.325000762939453,24.524999618530273,24.270000457763672,24.469999313354492,19.330047607421875,11861000
2014-12-03,24.524999618530273,24.864999771118164,24.46500015258789,24.829999923706055,19.614431381225586,14694400
2014-12-04,24.764999389648438,24.96500015258789,24.7450008392334,24.905000686645508,19.673673629760742,11708000
2014-12-05,24.899999618530273,25.05500030517578,24.84000015258789,24.885000228881836,19.65787124633789,6722200
2014-12-08,24.854999542236328,24.860000610351562,24.454999923706055,24.489999771118164,19.345840454101562,11003800
2014-12-09,24.360000610351562,24.56999969482422,24.260000228881836,24.55500030517578,19.397186279296875,12046800
2014-12-10,24.454999923706055,24.479999542236328,23.989999771118164,24.049999237060547,18.99826431274414,15161200
2014-12-11,24.125,24.329999923706055,24.020000457763672,24.06999969482422,19.014070510864258,7843600
2014-12-12,23.825000762939453,23.959999084472656,23.385000228881836,23.399999618530273,18.48480224609375,17337800
2014-12-15,23.485000610351562,23.55500030517578,23.18000030517578,23.274999618530273,18.386056900024414,17990000
2014-12-16,23.190000534057617,23.670000076293945,23.09000015258789,23.094999313354492,18.243858337402344,19044000
2014-12-17,23.18000030517578,23.790000915527344,23.18000030517578,23.725000381469727,18.741539001464844,21216000
2014-12-18,24.094999313354492,24.280000686645508,23.8799991607666,24.264999389648438,19.168106079101562,14030200
2014-12-19,24.325000762939453,24.4950008392334,24.219999313354492,24.40999984741211,19.404203414916992,10772600
2014-12-22,24.485000610351562,24.485000610351562,24.28499984741211,24.424999237060547,19.416122436523438,6613400
2014-12-23,24.524999618530273,24.684999465942383,24.475000381469727,24.614999771118164,19.567161560058594,14191200
2014-12-24,24.524999618530273,24.6200008392334,24.489999771118164,24.530000686645508,19.499591827392578,3757600
2014-12-26,24.68000030517578,24.69499969482422,24.579999923706055,24.614999771118164,19.567161560058594,2594000
2014-12-29,24.55500030517578,24.684999465942383,24.55500030517578,24.614999771118164,19.567161560058594,4346400
2014-12-30,24.559999465942383,24.639999389648438,24.520000457763672,24.530000686645508,19.499591827392578,4335200
2014-12-31,24.584999084472656,24.584999084472656,24.28499984741211,24.290000915527344,19.30881118774414,5968800
2015-01-02,24.290000915527344,24.434999465942383,24.18000030517578,24.325000762939453,19.336633682250977,10469600
2015-01-05,24.139999389648438,24.209999084472656,23.600000381469727,23.704999923706055,18.843774795532227,10877600
2015-01-06,23.774999618530273,23.850000381469727,23.3700008392334,23.4950008392334,18.676849365234375,10109000
2015-01-07,23.670000076293945,23.829999923706055,23.579999923706055,23.760000228881836,18.887500762939453,7120600
2015-01-08,24.0,24.389999389648438,23.940000534057617,24.325000762939453,19.336633682250977,15281000
2015-01-09,24.434999465942383,24.489999771118164,24.09000015258789,24.200000762939453,19.237266540527344,13701600
2015-01-12,24.084999084472656,24.2450008392334,23.875,24.145000457763672,19.19354820251465,9316200
2015-01-13,24.280000686645508,24.350000381469727,23.684999465942383,23.875,18.97891616821289,11710000
2015-01-14,23.454999923706055,23.6299991607666,23.219999313354492,23.594999313354492,18.756330490112305,13568600
2015-01-15,23.700000762939453,23.915000915527344,23.549999237060547,23.549999237060547,18.720558166503906,11710800
2015-01-16,23.584999084472656,23.96500015258789,23.514999389648438,23.924999237060547,19.018657684326172,10920400
2015-01-20,24.09000015258789,24.1200008392334,23.735000610351562,23.96500015258789,19.050457000732422,8123200
2015-01-21,23.915000915527344,24.225000381469727,23.854999542236328,24.200000762939453,19.237266540527344,9423200
2015-01-22,24.31999969482422,24.545000076293945,24.155000686645508,24.5049991607666,19.47970962524414,11556600
2015-01-23,24.454999923706055,24.454999923706055,24.110000610351562,24.125,19.177644729614258,10073400
2015-01-26,24.110000610351562,24.260000228881836,24.0049991607666,24.229999542236328,19.261112213134766,6202200
2015-01-27,23.895000457763672,24.239999771118164,23.790000915527344,24.065000534057617,19.12994956970215,9032800
2015-01-28,24.100000381469727,24.145000457763672,23.59000015258789,23.6299991607666,18.784149169921875,11557000
2015-01-29,23.65999984741211,23.979999542236328,23.5049991607666,23.940000534057617,19.030590057373047,11916800
2015-01-30,23.739999771118164,24.1299991607666,23.674999237060547,23.844999313354492,18.95506477355957,15617400
2015-02-02,23.8700008392334,24.125,23.709999084472656,24.059999465942383,19.125972747802734,13251000
2015-02-03,24.225000381469727,24.604999542236328,24.190000534057617,24.59000015258789,19.54728889465332,12252200
2015-02-04,24.440000534057617,24.614999771118164,24.375,24.43000030517578,19.420095443725586,11367200
2015-02-05,24.510000228881836,25.045000076293945,24.510000228881836,25.020000457763672,19.88910675048828,11729000
2015-02-06,25.030000686645508,25.06999969482422,24.889999389648438,24.959999084472656,19.841407775878906,11220200
2015-02-09,24.825000762939453,25.075000762939453,24.825000762939453,24.93000030517578,19.817567825317383,7411200
2015-02-10,25.09000015258789,25.139999389648438,24.854999542236328,25.114999771118164,19.96462631225586,6491000
2015-02-11,25.049999237060547,25.165000915527344,24.93000030517578,25.075000762939453,19.932825088500977,6447800
2015-02-12,25.225000381469727,25.579999923706055,25.225000381469727,25.5049991607666,20.274646759033203,9801200
2015-02-13,25.575000762939453,25.764999389648438,25.524999618530273,25.719999313354492,20.445556640625,5802800
2015-02-17,25.604999542236328,25.850000381469727,25.559999465942383,25.75,20.469402313232422,6542400
2015-02-18,25.674999237060547,25.81999969482422,25.56999969482422,25.81999969482422,20.52504539489746,5948400
2015-02-19,25.7549991607666,25.950000762939453,25.639999389648438,25.889999389648438,20.5806941986084,6011400
2015-02-20,25.84000015258789,26.0049991607666,25.635000228881836,25.96500015258789,20.64031410217285,7145800
2015-02-23,25.8799991607666,25.985000610351562,25.764999389648438,25.934999465942383,20.6164608001709,5530200
2015-02-24,26.0049991607666,26.079999923706055,25.899999618530273,26.045000076293945,20.70391273498535,4613600
2015-02-25,26.030000686645508,26.110000610351562,25.924999237060547,25.969999313354492,20.644289016723633,3915200
2015-02-26,25.96500015258789,26.020000457763672,25.729999542236328,25.80500030517578,20.513124465942383,5456000
2015-02-27,25.774999618530273,25.8799991607666,25.735000610351562,25.7450008392334,20.46542739868164,6721200
2015-03-02,25.7549991607666,25.924999237060547,25.635000228881836,25.915000915527344,20.60056495666504,6564600
2015-03-03,25.81999969482422,25.90999984741211,25.690000534057617,25.774999618530273,20.489269256591797,6416600
2015-03-04,25.6299991607666,25.7450008392334,25.510000228881836,25.684999465942383,20.417734146118164,6586200
2015-03-05,25.75,25.75,25.485000610351562,25.575000762939453,20.330289840698242,3874800
2015-03-06,25.459999084472656,25.46500015258789,25.18000030517578,25.229999542236328,20.0560359954834,8790000
2015-03-09,25.25,25.344999313354492,25.209999084472656,25.264999389648438,20.08386993408203,5047400
2015-03-10,25.065000534057617,25.065000534057617,24.844999313354492,24.8799991607666,19.777812957763672,10305200
2015-03-11,24.924999237060547,24.969999313354492,24.809999465942383,24.850000381469727,19.753965377807617,5070400
2015-03-12,24.875,25.18000030517578,24.875,25.15999984741211,20.000396728515625,6201200
2015-03-13,25.049999237060547,25.06999969482422,24.760000228881836,24.920000076293945,19.809614181518555,8384400
2015-03-16,25.030000686645508,25.030000686645508,24.770000457763672,24.8799991607666,19.777812957763672,8025200
2015-03-17,24.704999923706055,24.764999389648438,24.5,24.604999542236328,19.55921173095703,15766000
2015-03-18,24.485000610351562,25.1299991607666,24.354999542236328,24.979999542236328,19.857311248779297,12978400
2015-03-19,24.854999542236328,24.889999389648438,24.524999618530273,24.549999237060547,19.515501022338867,7913600
2015-03-20,24.520000457763672,24.774999618530273,24.440000534057617,24.614999771118164,19.641170501708984,9535000
2015-03-23,24.584999084472656,24.71500015258789,24.549999237060547,24.614999771118164,19.641170501708984,6741200
2015-03-24,24.565000534057617,24.649999618530273,24.450000762939453,24.53499984741211,19.57733726501465,4460200
2015-03-25,24.579999923706055,24.674999237060547,24.260000228881836,24.260000228881836,19.3579044342041,7364200
2015-03-26,24.225000381469727,24.405000686645508,24.19499969482422,24.315000534057617,19.401792526245117,8144800
2015-03-27,24.3700008392334,24.450000762939453,24.270000457763672,24.30500030517578,19.393810272216797,7369200
2015-03-30,24.454999923706055,24.71500015258789,24.454999923706055,24.635000228881836,19.657121658325195,5590200
2015-03-31,24.520000457763672,24.575000762939453,24.389999389648438,24.389999389648438,19.461627960205078,6928000
2015-04-01,24.440000534057617,24.5,24.239999771118164,24.459999084472656,19.517484664916992,8416000
2015-04-02,24.350000381469727,24.55500030517578,24.350000381469727,24.485000610351562,19.53743553161621,4940800
2015-04-06,24.454999923706055,24.75,24.295000076293945,24.68000030517578,19.693031311035156,5381800
2015-04-07,24.600000381469727,24.844999313354492,24.600000381469727,24.639999389648438,19.66111183166504,3673600
2015-04-08,24.7549991607666,24.80500030517578,24.584999084472656,24.709999084472656,19.716968536376953,4251200
2015-04-09,24.674999237060547,24.84000015258789,24.649999618530273,24.780000686645508,19.772823333740234,3810600
2015-04-10,24.80500030517578,24.854999542236328,24.735000610351562,24.850000381469727,19.82868003845215,3340000
2015-04-13,24.760000228881836,24.8700008392334,24.739999771118164,24.75,19.748886108398438,3009200
2015-04-14,24.700000762939453,24.895000457763672,24.690000534057617,24.854999542236328,19.832672119140625,4350600
2015-04-15,24.90999984741211,25.190000534057617,24.90999984741211,25.094999313354492,20.024169921875,6234400
2015-04-16,25.100000381469727,25.174999237060547,24.959999084472656,25.040000915527344,19.98029136657715,4335000
2015-04-17,24.899999618530273,24.979999542236328,24.719999313354492,24.809999465942383,19.796764373779297,7655800
2015-04-20,24.850000381469727,25.024999618530273,24.850000381469727,24.989999771118164,19.94039535522461,4301400
2015-04-21,25.05500030517578,25.05500030517578,24.709999084472656,24.80500030517578,19.792770385742188,7943800
2015-04-22,24.864999771118164,24.8799991607666,24.655000686645508,24.854999542236328,19.832672119140625,5424800
2015-04-23,24.885000228881836,25.024999618530273,24.795000076293945,24.920000076293945,19.884536743164062,9665600
2015-04-24,25.045000076293945,25.139999389648438,25.0,25.1299991607666,20.05210304260254,6189200
2015-04-27,25.204999923706055,25.459999084472656,25.19499969482422,25.350000381469727,20.227645874023438,7235800
2015-04-28,25.344999313354492,25.420000076293945,25.204999923706055,25.385000228881836,20.255577087402344,6369000
2015-04-29,25.25,25.459999084472656,25.174999237060547,25.3700008392334,20.243602752685547,6888600
2015-04-30,25.280000686645508,25.399999618530273,25.114999771118164,25.209999084472656,20.115930557250977,8893400
2015-05-01,25.364999771118164,25.690000534057617,25.31999969482422,25.625,20.447078704833984,13499800
2015-05-04,25.700000762939453,25.7450008392334,25.545000076293945,25.55500030517578,20.391223907470703,8300400
2015-05-05,25.5,25.69499969482422,25.204999923706055,25.264999389648438,20.159826278686523,7522600
2015-05-06,25.40999984741211,25.459999084472656,25.18000030517578,25.270000457763672,20.16381072998047,10031200
2015-05-07,25.1299991607666,25.405000686645508,25.059999465942383,25.3799991607666,20.251583099365234,12460800
2015-05-08,25.674999237060547,25.889999389648438,25.670000076293945,25.78499984741211,20.574752807617188,9262000
2015-05-11,25.770000457763672,25.809999465942383,25.625,25.665000915527344,20.4789981842041,8234400
2015-05-12,25.56999969482422,25.56999969482422,25.3799991607666,25.395000457763672,20.2635555267334,7549600
2015-05-13,25.325000762939453,25.475000381469727,25.270000457763672,25.364999771118164,20.2396183013916,7628000
2015-05-14,25.489999771118164,25.649999618530273,25.489999771118164,25.6299991607666,20.451065063476562,6319000
2015-05-15,25.604999542236328,25.7549991607666,25.545000076293945,25.7549991607666,20.550809860229492,6259800
2015-05-18,25.645000457763672,25.725000381469727,25.584999084472656,25.639999389648438,20.459043502807617,5381000
2015-05-19,25.604999542236328,25.649999618530273,25.440000534057617,25.514999389648438,20.359296798706055,5429000
2015-05-20,25.559999465942383,25.584999084472656,25.434999465942383,25.5,20.347335815429688,4407400
2015-05-21,25.510000228881836,25.645000457763672,25.434999465942383,25.59000015258789,20.41914176940918,3818800
2015-05-22,25.575000762939453,25.610000610351562,25.514999389648438,25.559999465942383,20.395212173461914,3509000
2015-05-26,25.43000030517578,25.434999465942383,25.145000457763672,25.239999771118164,20.139873504638672,7575200
2015-05-27,25.239999771118164,25.44499969482422,25.209999084472656,25.405000686645508,20.271535873413086,5586000
2015-05-28,25.364999771118164,25.485000610351562,25.315000534057617,25.469999313354492,20.323396682739258,3484200
2015-05-29,25.459999084472656,25.46500015258789,25.239999771118164,25.30500030517578,20.191734313964844,6502400
2015-06-01,25.364999771118164,25.385000228881836,25.139999389648438,25.315000534057617,20.19972038269043,8735800
2015-06-02,25.280000686645508,25.510000228881836,25.225000381469727,25.395000457763672,20.2635555267334,7311600
2015-06-03,25.479999542236328,25.575000762939453,25.375,25.420000076293945,20.28350257873535,5260400
2015-06-04,25.270000457763672,25.270000457763672,25.0,25.1200008392334,20.04412078857422,7545400
2015-06-05,25.03499984741211,25.125,24.899999618530273,25.0049991607666,19.95236587524414,5924400
2015-06-08,25.0049991607666,25.05500030517578,24.90999984741211,24.915000915527344,19.88054656982422,7849000
2015-06-09,24.899999618530273,25.065000534057617,24.899999618530273,24.93000030517578,19.892518997192383,5217600
2015-06-10,25.079999923706055,25.280000686645508,25.065000534057617,25.190000534057617,20.099977493286133,5454400
2015-06-11,25.21500015258789,25.299999237060547,25.18000030517578,25.25,20.14786148071289,3716400
2015-06-12,25.209999084472656,25.219999313354492,25.049999237060547,25.100000381469727,20.028165817260742,4747000
2015-06-15,24.90999984741211,25.040000915527344,24.815000534057617,24.94499969482422,19.904481887817383,6711800
2015-06-16,24.895000457763672,25.09000015258789,24.8799991607666,25.075000762939453,20.00821304321289,4290400
2015-06-17,25.125,25.235000610351562,24.940000534057617,25.18000030517578,20.091995239257812,7079200
2015-06-18,25.270000457763672,25.454999923706055,25.2549991607666,25.389999389648438,20.259567260742188,7331200
2015-06-19,25.235000610351562,25.31999969482422,25.104999542236328,25.104999542236328,20.123701095581055,7395000
2015-06-22,25.239999771118164,25.239999771118164,25.125,25.200000762939453,20.199846267700195,3962600
2015-06-23,25.209999084472656,25.239999771118164,25.079999923706055,25.1299991607666,20.14373779296875,4503200
2015-06-24,25.075000762939453,25.09000015258789,24.80500030517578,24.809999465942383,19.887231826782227,6282600
2015-06-25,24.81999969482422,24.90999984741211,24.71500015258789,24.790000915527344,19.871200561523438,4896200
2015-06-26,24.84000015258789,24.885000228881836,24.65999984741211,24.69499969482422,19.795045852661133,5812000
2015-06-29,24.5049991607666,24.584999084472656,24.094999313354492,24.1200008392334,19.334142684936523,12405400
2015-06-30,24.329999923706055,24.399999618530273,24.139999389648438,24.19499969482422,19.39426040649414,12598400
2015-07-01,24.434999465942383,24.44499969482422,24.264999389648438,24.329999923706055,19.502470016479492,10832600
2015-07-02,24.364999771118164,24.420000076293945,24.165000915527344,24.2549991607666,19.442350387573242,10276600
2015-07-06,24.05500030517578,24.28499984741211,23.920000076293945,24.05500030517578,19.28203773498535,12870600
2015-07-07,24.0,24.05500030517578,23.565000534057617,23.975000381469727,19.217912673950195,13718200
2015-07-08,23.774999618530273,23.844999313354492,23.43000030517578,23.450000762939453,18.79707908630371,14981600
2015-07-09,23.795000076293945,23.825000762939453,23.514999389648438,23.520000457763672,18.853193283081055,9807600
2015-07-10,23.78499984741211,23.899999618530273,23.725000381469727,23.850000381469727,19.117708206176758,7608400
2015-07-13,24.0,24.135000228881836,23.959999084472656,24.110000610351562,19.32611846923828,5799800
2015-07-14,24.040000915527344,24.295000076293945,24.040000915527344,24.2450008392334,19.43433952331543,4889000
2015-07-15,24.25,24.260000228881836,23.9950008392334,24.05500030517578,19.28203773498535,6131800
2015-07-16,23.9950008392334,24.06999969482422,23.915000915527344,23.9950008392334,19.233938217163086,9163400
2015-07-17,23.920000076293945,23.985000610351562,23.704999923706055,23.829999923706055,19.101680755615234,14497000
2015-07-20,23.834999084472656,23.834999084472656,23.584999084472656,23.6299991607666,18.941356658935547,8895400
2015-07-21,23.610000610351562,23.799999237060547,23.415000915527344,23.485000610351562,18.825130462646484,6918600
2015-07-22,23.434999465942383,23.5049991607666,23.329999923706055,23.385000228881836,18.74497413635254,11785000
2015-07-23,23.440000534057617,23.5,22.985000610351562,23.045000076293945,18.472442626953125,9715200
2015-07-24,23.040000915527344,23.049999237060547,22.395000457763672,22.540000915527344,18.06764030456543,14524400
2015-07-27,22.30500030517578,22.559999465942383,22.235000610351562,22.290000915527344,17.867244720458984,18553800
2015-07-28,22.325000762939453,22.815000534057617,22.21500015258789,22.7549991607666,18.2399845123291,28776400
2015-07-29,22.790000915527344,22.989999771118164,22.68000030517578,22.920000076293945,18.37224006652832,19170800
2015-07-30,22.924999237060547,23.06999969482422,22.899999618530273,23.03499984741211,18.46442413330078,11191600
2015-07-31,23.19499969482422,23.19499969482422,22.93000030517578,22.975000381469727,18.41632080078125,9396000
2015-08-03,22.954999923706055,23.059999465942383,22.674999237060547,22.795000076293945,18.272043228149414,11408400
2015-08-04,22.809999465942383,23.024999618530273,22.80500030517578,22.895000457763672,18.352197647094727,13195600
2015-08-05,23.059999465942383,23.2549991607666,22.934999465942383,23.010000228881836,18.444385528564453,11673400
2015-08-06,23.0049991607666,23.09000015258789,22.895000457763672,22.93000030517578,18.3802547454834,12226800
2015-08-07,22.780000686645508,22.924999237060547,22.53499984741211,22.610000610351562,18.123748779296875,11703000
2015-08-10,22.825000762939453,23.18000030517578,22.684999465942383,23.165000915527344,18.568628311157227,10623000
2015-08-11,22.799999237060547,22.915000915527344,22.639999389648438,22.735000610351562,18.223949432373047,11703800
2015-08-12,22.549999237060547,22.850000381469727,22.485000610351562,22.81999969482422,18.292083740234375,13284600
2015-08-13,22.75,22.854999542236328,22.674999237060547,22.7549991607666,18.2399845123291,6056000
2015-08-14,22.780000686645508,22.8799991607666,22.719999313354492,22.860000610351562,18.324146270751953,4275600
2015-08-17,22.80500030517578,23.0,22.704999923706055,22.989999771118164,18.4283504486084,5095800
2015-08-18,22.94499969482422,22.985000610351562,22.815000534057617,22.84000015258789,18.30811309814453,5708000
2015-08-19,22.725000381469727,22.735000610351562,22.46500015258789,22.559999465942383,18.08367347717285,8573200
2015-08-20,22.420000076293945,22.485000610351562,22.135000228881836,22.135000228881836,17.742998123168945,11617400
2015-08-21,22.0049991607666,22.045000076293945,21.594999313354492,21.594999313354492,17.310150146484375,25100400
2015-08-24,20.31999969482422,21.43000030517578,19.674999237060547,20.690000534057617,16.58470916748047,55362200
2015-08-25,21.020000457763672,21.469999313354492,20.329999923706055,20.364999771118164,16.324199676513672,26679000
2015-08-26,20.790000915527344,20.959999084472656,20.44499969482422,20.915000915527344,16.765073776245117,48975800
2015-08-27,21.25,21.780000686645508,21.225000381469727,21.674999237060547,17.374271392822266,23275400
2015-08-28,21.6200008392334,21.8799991607666,21.549999237060547,21.799999237060547,17.474470138549805,12740600
2015-08-31,21.719999313354492,21.84000015258789,21.440000534057617,21.68000030517578,17.378278732299805,17998800
2015-09-01,21.110000610351562,21.3799991607666,20.889999389648438,21.020000457763672,16.84923553466797,17978400
2015-09-02,21.274999618530273,21.344999313354492,20.9950008392334,21.31999969482422,17.089710235595703,14753000
2015-09-03,21.375,21.690000534057617,21.354999542236328,21.450000762939453,17.193920135498047,9719000
2015-09-04,21.114999771118164,21.219999313354492,20.989999771118164,21.024999618530273,16.853248596191406,14536000
2015-09-08,21.405000686645508,21.56999969482422,21.290000915527344,21.549999237060547,17.274072647094727,13149600
2015-09-09,21.68000030517578,21.864999771118164,21.350000381469727,21.385000228881836,17.14181900024414,13668800
2015-09-10,21.264999389648438,21.579999923706055,21.264999389648438,21.434999465942383,17.18189239501953,10947400
2015-09-11,21.2450008392334,21.415000915527344,21.21500015258789,21.405000686645508,17.15784454345703,5799000
2015-09-14,21.375,21.3799991607666,21.100000381469727,21.149999618530273,16.953439712524414,6685800
2015-09-15,21.190000534057617,21.364999771118164,21.139999389648438,21.30500030517578,17.07769012451172,7124000
2015-09-16,21.325000762939453,21.6299991607666,21.299999237060547,21.610000610351562,17.322168350219727,8727000
2015-09-17,21.56999969482422,21.8700008392334,21.46500015258789,21.510000228881836,17.24201202392578,18276000
2015-09-18,21.045000076293945,21.174999237060547,20.8700008392334,20.940000534057617,16.878490447998047,20257200
2015-09-21,21.09000015258789,21.174999237060547,20.934999465942383,21.010000228881836,16.934911727905273,12034600
2015-09-22,20.69499969482422,20.71500015258789,20.440000534057617,20.6200008392334,16.620555877685547,13189600
2015-09-23,20.649999618530273,20.65999984741211,20.149999618530273,20.18000030517578,16.265899658203125,13856200
2015-09-24,20.0049991607666,20.190000534057617,19.729999542236328,20.125,16.22156524658203,18589000
2015-09-25,20.315000534057617,20.315000534057617,19.979999542236328,20.100000381469727,16.201416015625,14634200
2015-09-28,20.010000228881836,20.014999389648438,19.424999237060547,19.475000381469727,15.697639465332031,24683600
2015-09-29,19.56999969482422,19.725000381469727,19.415000915527344,19.549999237060547,15.758085250854492,26944200
2015-09-30,19.790000915527344,20.0,19.700000762939453,19.959999084472656,16.088563919067383,15304400
2015-10-01,20.040000915527344,20.184999465942383,19.780000686645508,20.184999465942383,16.269929885864258,19226200
2015-10-02,19.844999313354492,20.68000030517578,19.844999313354492,20.68000030517578,16.668912887573242,46276000
2015-10-05,20.899999618530273,21.225000381469727,20.719999313354492,21.219999313354492,17.10418128967285,27824000
2015-10-06,21.350000381469727,21.65999984741211,21.325000762939453,21.4950008392334,17.32583999633789,28153200
2015-10-07,21.55500030517578,21.844999313354492,21.44499969482422,21.780000686645508,17.555561065673828,31866000
2015-10-08,21.690000534057617,22.149999618530273,21.690000534057617,22.084999084472656,17.801406860351562,27989800
2015-10-09,22.264999389648438,22.280000686645508,21.9950008392334,22.075000762939453,17.793346405029297,18153200
2015-10-12,22.1200008392334,22.1200008392334,21.780000686645508,21.885000228881836,17.64019775390625,14825600
2015-10-13,21.735000610351562,21.959999084472656,21.635000228881836,21.799999237060547,17.57167625427246,17327000
2015-10-14,21.80500030517578,22.09000015258789,21.760000228881836,21.975000381469727,17.712739944458008,13386000
2015-10-15,21.9950008392334,22.145000457763672,21.75,22.03499984741211,17.76109504699707,9153000
2015-10-16,22.139999389648438,22.19499969482422,21.889999389648438,22.045000076293945,17.769163131713867,14481000
2015-10-19,21.895000457763672,21.979999542236328,21.780000686645508,21.889999389648438,17.644222259521484,7810000
2015-10-20,21.864999771118164,22.114999771118164,21.825000762939453,21.924999237060547,17.672435760498047,7618400
2015-10-21,21.924999237060547,21.9950008392334,21.690000534057617,21.729999542236328,17.515256881713867,11033000
2015-10-22,21.989999771118164,22.344999313354492,21.934999465942383,22.325000762939453,17.994848251342773,14518000
2015-10-23,22.53499984741211,22.600000381469727,22.389999389648438,22.510000228881836,18.143972396850586,13013000
2015-10-26,22.475000381469727,22.540000915527344,22.31999969482422,22.325000762939453,17.994848251342773,7989200
2015-10-27,22.19499969482422,22.334999084472656,22.045000076293945,22.229999542236328,17.918285369873047,12333400
2015-10-28,22.19499969482422,22.610000610351562,22.19499969482422,22.565000534057617,18.188304901123047,15291000
2015-10-29,22.454999923706055,22.65999984741211,22.440000534057617,22.610000610351562,18.224573135375977,10736200
2015-10-30,22.600000381469727,22.829999923706055,22.575000762939453,22.639999389648438,18.248756408691406,12850200
2015-11-02,22.674999237060547,22.889999389648438,22.6200008392334,22.780000686645508,18.361610412597656,22701400
2015-11-03,22.719999313354492,23.045000076293945,22.704999923706055,22.8700008392334,18.434144973754883,15207800
2015-11-04,22.829999923706055,22.989999771118164,22.709999084472656,22.719999313354492,18.313241958618164,13682400
2015-11-05,22.690000534057617,22.690000534057617,22.424999237060547,22.604999542236328,18.220542907714844,20570000
2015-11-06,22.420000076293945,22.700000762939453,22.385000228881836,22.665000915527344,18.268909454345703,9202800
2015-11-09,22.559999465942383,22.65999984741211,22.309999465942383,22.510000228881836,18.143972396850586,10764200
2015-11-10,22.43000030517578,22.5,22.209999084472656,22.344999313354492,18.010974884033203,9809200
2015-11-11,22.395000457763672,22.440000534057617,22.235000610351562,22.3700008392334,18.031131744384766,12558800
2015-11-12,22.139999389648438,22.170000076293945,21.920000076293945,21.920000076293945,17.668405532836914,18044400
2015-11-13,21.905000686645508,22.315000534057617,21.8700008392334,22.200000762939453,17.894100189208984,14164800
2015-11-16,22.2450008392334,22.5,22.165000915527344,22.485000610351562,18.12381935119629,15463000
2015-11-17,22.524999618530273,22.684999465942383,22.399999618530273,22.459999084472656,18.103673934936523,25502200
2015-11-18,22.540000915527344,22.8799991607666,22.479999542236328,22.860000610351562,18.426082611083984,15760600
2015-11-19,22.80500030517578,22.96500015258789,22.795000076293945,22.834999084472656,18.405933380126953,10586200
2015-11-20,22.889999389648438,22.9950008392334,22.709999084472656,22.764999389648438,18.34950828552246,7459400
2015-11-23,22.799999237060547,22.969999313354492,22.760000228881836,22.795000076293945,18.373693466186523,7656200
2015-11-24,22.614999771118164,23.045000076293945,22.614999771118164,22.985000610351562,18.526840209960938,12506800
2015-11-25,22.985000610351562,23.024999618530273,22.809999465942383,22.84000015258789,18.409963607788086,8317200
2015-11-27,22.809999465942383,22.854999542236328,22.704999923706055,22.809999465942383,18.38578224182129,2541600
2015-11-30,22.8700008392334,22.969999313354492,22.78499984741211,22.864999771118164,18.430112838745117,13122600
2015-12-01,22.8799991607666,23.030000686645508,22.799999237060547,23.024999618530273,18.559078216552734,15433400
2015-12-02,22.954999923706055,23.010000228881836,22.639999389648438,22.71500015258789,18.309206008911133,16011800
2015-12-03,22.825000762939453,22.864999771118164,22.399999618530273,22.514999389648438,18.14800453186035,11657600
2015-12-04,22.565000534057617,22.969999313354492,22.4950008392334,22.90999984741211,18.466386795043945,11214400
2015-12-07,22.78499984741211,22.895000457763672,22.354999542236328,22.5,18.135908126831055,12326200
2015-12-08,22.264999389648438,22.454999923706055,22.045000076293945,22.075000762939453,17.793346405029297,14852400
2015-12-09,22.645000457763672,23.030000686645508,22.5049991607666,22.739999771118164,18.329362869262695,25922800
2015-12-10,22.600000381469727,22.78499984741211,22.420000076293945,22.56999969482422,18.19233512878418,10571600
2015-12-11,21.985000610351562,22.235000610351562,21.940000534057617,21.969999313354492,17.708703994750977,19088400
2015-12-14,21.854999542236328,21.93000030517578,21.485000610351562,21.68000030517578,17.474960327148438,17774400
2015-12-15,21.899999618530273,22.030000686645508,21.7549991607666,21.799999237060547,17.57167625427246,10093200
2015-12-16,21.915000915527344,22.045000076293945,21.614999771118164,22.024999618530273,17.753036499023438,16132800
2015-12-17,22.059999465942383,22.059999465942383,21.584999084472656,21.584999084472656,17.398378372192383,18393000
2015-12-18,21.3799991607666,21.524999618530273,21.135000228881836,21.135000228881836,17.163288116455078,28498400
2015-12-21,21.280000686645508,21.385000228881836,21.145000457763672,21.325000762939453,17.317584991455078,11774200
2015-12-22,21.434999465942383,21.69499969482422,21.364999771118164,21.594999313354492,17.536842346191406,10536200
2015-12-23,21.75,22.139999389648438,21.75,22.104999542236328,17.951005935668945,11639200
2015-12-24,22.05500030517578,22.145000457763672,22.010000228881836,22.05500030517578,17.910396575927734,7434000
2015-12-28,21.959999084472656,21.959999084472656,21.770000457763672,21.899999618530273,17.784528732299805,8323200
2015-12-29,22.024999618530273,22.184999465942383,22.014999389648438,22.104999542236328,17.951005935668945,7770800
2015-12-30,22.03499984741211,22.104999542236328,21.8700008392334,21.899999618530273,17.784528732299805,6678200
2015-12-31,21.850000381469727,21.96500015258789,21.709999084472656,21.709999084472656,17.630233764648438,9359000
2016-01-04,21.360000610351562,21.43000030517578,21.1299991607666,21.3700008392334,17.3541202545166,28860400
2016-01-05,21.459999084472656,21.459999084472656,21.200000762939453,21.360000610351562,17.34600830078125,18998000
2016-01-06,21.06999969482422,21.09000015258789,20.684999465942383,20.799999237060547,16.891237258911133,18614800
2016-01-07,20.420000076293945,20.625,20.125,20.235000610351562,16.432416915893555,25159400
2016-01-08,20.43000030517578,20.450000762939453,19.975000381469727,20.030000686645508,16.265941619873047,17400400
2016-01-11,20.135000228881836,20.139999389648438,19.53499984741211,19.690000534057617,15.989839553833008,20131400
2016-01-12,19.979999542236328,19.979999542236328,19.475000381469727,19.719999313354492,16.01419448852539,14540600
2016-01-13,19.864999771118164,19.905000686645508,19.239999771118164,19.264999389648438,15.644700050354004,21619200
2016-01-14,19.34000015258789,19.670000076293945,19.104999542236328,19.524999618530273,15.855839729309082,20744400
2016-01-15,19.125,19.2549991607666,18.875,19.125,15.531005859375,18717800
2016-01-19,19.299999237060547,19.364999771118164,18.645000457763672,18.889999389648438,15.340171813964844,19731200
2016-01-20,18.469999313354492,18.90999984741211,18.145000457763672,18.75,15.22647476196289,25650800
2016-01-21,18.84000015258789,19.05500030517578,18.584999084472656,18.915000915527344,15.360472679138184,23401400
2016-01-22,19.270000457763672,19.540000915527344,19.075000762939453,19.2549991607666,15.636578559875488,19075200
2016-01-25,19.06999969482422,19.110000610351562,18.610000610351562,18.639999389648438,15.137151718139648,22283400
2016-01-26,18.84000015258789,19.010000228881836,18.639999389648438,18.959999084472656,15.397014617919922,15175400
2016-01-27,18.924999237060547,19.25,18.760000228881836,18.809999465942383,15.275201797485352,15628600
2016-01-28,18.979999542236328,19.010000228881836,18.670000076293945,18.84000015258789,15.299562454223633,13311000
2016-01-29,18.9950008392334,19.399999618530273,18.850000381469727,19.385000228881836,15.742148399353027,16002000
2016-02-01,19.274999618530273,19.514999389648438,19.040000915527344,19.46500015258789,15.807116508483887,27190800
2016-02-02,19.389999389648438,19.434999465942383,19.110000610351562,19.334999084472656,15.701543807983398,23018800
2016-02-03,19.565000534057617,19.985000610351562,19.315000534057617,19.985000610351562,16.22939682006836,28828400
2016-02-04,20.065000534057617,20.674999237060547,20.049999237060547,20.540000915527344,16.68010711669922,29180400
2016-02-05,20.385000228881836,20.594999313354492,20.235000610351562,20.30500030517578,16.489259719848633,22863800
2016-02-08,20.0,20.15999984741211,19.485000610351562,19.770000457763672,16.054800033569336,23207400
2016-02-09,19.579999923706055,20.114999771118164,19.579999923706055,20.014999389648438,16.253751754760742,20513600
2016-02-10,20.100000381469727,20.30500030517578,19.774999618530273,19.825000762939453,16.099472045898438,22744400
2016-02-11,19.420000076293945,19.674999237060547,19.235000610351562,19.395000457763672,15.750272750854492,27070000
2016-02-12,19.670000076293945,19.969999313354492,19.450000762939453,19.969999313354492,16.217220306396484,17192000
2016-02-16,20.170000076293945,20.299999237060547,19.915000915527344,20.274999618530273,16.46489906311035,13573600
2016-02-17,20.440000534057617,20.790000915527344,20.434999465942383,20.674999237060547,16.78972816467285,14988400
2016-02-18,20.704999923706055,20.704999923706055,20.46500015258789,20.614999771118164,16.741008758544922,10820400
2016-02-19,20.5049991607666,20.520000457763672,20.290000915527344,20.375,16.546110153198242,11860800
2016-02-22,20.604999542236328,20.834999084472656,20.575000762939453,20.764999389648438,16.862821578979492,10721000
2016-02-23,20.600000381469727,20.610000610351562,20.219999313354492,20.2549991607666,16.448659896850586,13067400
2016-02-24,20.049999237060547,20.489999771118164,19.954999923706055,20.46500015258789,16.619199752807617,20284800
2016-02-25,20.514999389648438,20.7450008392334,20.334999084472656,20.729999542236328,16.83439064025879,10271400
2016-02-26,20.899999618530273,21.145000457763672,20.899999618530273,21.030000686645508,17.078020095825195,13506200
2016-02-29,21.06999969482422,21.280000686645508,20.889999389648438,20.899999618530273,16.972448348999023,13677600
2016-03-01,21.149999618530273,21.489999771118164,21.014999389648438,21.434999465942383,17.40690803527832,24185000
2016-03-02,21.19499969482422,21.395000457763672,21.1299991607666,21.350000381469727,17.337888717651367,19728600
2016-03-03,21.30500030517578,21.53499984741211,21.264999389648438,21.479999542236328,17.44345474243164,17211000
2016-03-04,21.5049991607666,21.8700008392334,21.434999465942383,21.729999542236328,17.64647102355957,19815600
2016-03-07,21.739999771118164,22.030000686645508,21.735000610351562,21.979999542236328,17.8494930267334,15768800
2016-03-08,21.799999237060547,21.80500030517578,21.424999237060547,21.549999237060547,17.50029945373535,12577800
2016-03-09,21.665000915527344,21.790000915527344,21.53499984741211,21.684999465942383,17.609928131103516,11225600
2016-03-10,21.739999771118164,21.93000030517578,21.549999237060547,21.799999237060547,17.703319549560547,15157800
2016-03-11,22.014999389648438,22.260000228881836,22.014999389648438,22.200000762939453,18.028156280517578,10040000
2016-03-14,22.059999465942383,22.170000076293945,21.96500015258789,22.049999237060547,17.906339645385742,10944000
2016-03-15,21.850000381469727,22.100000381469727,21.719999313354492,22.100000381469727,17.94694709777832,9968600
2016-03-16,21.75,22.28499984741211,21.75,22.28499984741211,18.09717559814453,14579400
2016-03-17,22.2450008392334,22.764999389648438,22.2450008392334,22.69499969482422,18.430130004882812,15561800
2016-03-18,22.7549991607666,22.8700008392334,22.584999084472656,22.709999084472656,18.50632095336914,15260400
2016-03-21,22.65999984741211,22.815000534057617,22.3799991607666,22.815000534057617,18.591890335083008,10149400
2016-03-22,22.375,22.639999389648438,22.34000015258789,22.55500030517578,18.38001251220703,8192200
2016-03-23,22.364999771118164,22.434999465942383,22.235000610351562,22.274999618530273,18.151845932006836,11327200
2016-03-24,22.09000015258789,22.28499984741211,21.9950008392334,22.274999618530273,18.151845932006836,7524200
2016-03-28,22.25,22.450000762939453,22.229999542236328,22.3700008392334,18.22926139831543,7898600
2016-03-29,22.21500015258789,22.5,22.139999389648438,22.4950008392334,18.331117630004883,8191200
2016-03-30,22.594999313354492,22.690000534057617,22.5,22.594999313354492,18.41260528564453,8072600
2016-03-31,22.6200008392334,22.649999618530273,22.329999923706055,22.405000686645508,18.257787704467773,11115600
2016-04-01,22.2450008392334,22.6200008392334,22.079999923706055,22.6200008392334,18.4329833984375,17181000
2016-04-04,22.475000381469727,22.604999542236328,22.28499984741211,22.325000762939453,18.192584991455078,11321200
2016-04-05,22.15999984741211,22.295000076293945,22.1299991607666,22.184999465942383,18.07850456237793,10966400
2016-04-06,22.1299991607666,22.440000534057617,21.985000610351562,22.440000534057617,18.286298751831055,11345400
2016-04-07,22.270000457763672,22.30500030517578,22.020000457763672,22.114999771118164,18.021465301513672,10134200
2016-04-08,22.235000610351562,22.510000228881836,22.235000610351562,22.260000228881836,18.139616012573242,8811400
2016-04-11,22.459999084472656,22.594999313354492,22.360000610351562,22.360000610351562,18.221113204956055,7691400
2016-04-12,22.4950008392334,22.709999084472656,22.3700008392334,22.670000076293945,18.473726272583008,9409800
2016-04-13,22.815000534057617,22.969999313354492,22.795000076293945,22.895000457763672,18.657075881958008,9651800
2016-04-14,22.9950008392334,23.03499984741211,22.860000610351562,22.90999984741211,18.669301986694336,7076600
2016-04-15,22.969999313354492,23.030000686645508,22.825000762939453,23.014999389648438,18.75486183166504,6874800
2016-04-18,22.899999618530273,23.125,22.815000534057617,23.1200008392334,18.84044075012207,8931400
2016-04-19,23.209999084472656,23.6299991607666,23.174999237060547,23.614999771118164,19.243810653686523,12652200
2016-04-20,23.645000457763672,23.65999984741211,23.485000610351562,23.545000076293945,19.1867618560791,13013400
2016-04-21,23.614999771118164,23.704999923706055,23.434999465942383,23.440000534057617,19.1012020111084,12141200
2016-04-22,23.514999389648438,23.68000030517578,23.475000381469727,23.604999542236328,19.235658645629883,10859600
2016-04-25,23.579999923706055,23.579999923706055,23.344999313354492,23.524999618530273,19.170461654663086,9203800
2016-04-26,23.545000076293945,23.7450008392334,23.524999618530273,23.71500015258789,19.32529640197754,10080000
2016-04-27,23.774999618530273,23.940000534057617,23.670000076293945,23.915000915527344,19.488277435302734,11411600
2016-04-28,23.735000610351562,23.954999923706055,23.59000015258789,23.690000534057617,19.30492401123047,11328200
2016-04-29,23.610000610351562,23.770000457763672,23.389999389648438,23.549999237060547,19.19083595275879,12743800
2016-05-02,23.645000457763672,23.649999618530273,23.405000686645508,23.635000228881836,19.260108947753906,12408000
2016-05-03,23.415000915527344,23.43000030517578,23.145000457763672,23.2450008392334,18.942296981811523,18644400
2016-05-04,23.040000915527344,23.184999465942383,22.860000610351562,23.010000228881836,18.750795364379883,16141200
2016-05-05,23.155000686645508,23.190000534057617,22.854999542236328,22.895000457763672,18.657075881958008,13942000
2016-05-06,22.844999313354492,23.100000381469727,22.770000457763672,23.079999923706055,18.80783462524414,13554600
2016-05-09,22.905000686645508,22.940000534057617,22.770000457763672,22.799999237060547,18.579666137695312,13138200
2016-05-10,22.915000915527344,23.200000762939453,22.8700008392334,23.18000030517578,18.88932991027832,13576400
2016-05-11,23.219999313354492,23.299999237060547,23.084999084472656,23.100000381469727,18.824132919311523,11365000
2016-05-12,23.520000457763672,23.594999313354492,23.1200008392334,23.200000762939453,18.90562629699707,19875200
2016-05-13,23.190000534057617,23.309999465942383,22.889999389648438,22.975000381469727,18.72226333618164,11247800
2016-05-16,23.024999618530273,23.395000457763672,23.014999389648438,23.3700008392334,19.044160842895508,11674200
2016-05-17,23.2549991607666,23.485000610351562,23.200000762939453,23.25,18.946369171142578,12844800
2016-05-18,23.1200008392334,23.290000915527344,22.790000915527344,22.895000457763672,18.657075881958008,19165600
2016-05-19,22.850000381469727,23.0049991607666,22.709999084472656,22.975000381469727,18.72226333618164,12529800
2016-05-20,23.06999969482422,23.235000610351562,23.05500030517578,23.139999389648438,18.856725692749023,9825200
2016-05-23,23.25,23.514999389648438,23.239999771118164,23.40999984741211,19.076744079589844,8569400
2016-05-24,23.485000610351562,23.6200008392334,23.44499969482422,23.565000534057617,19.20306396484375,9029400
2016-05-25,24.010000228881836,24.010000228881836,23.700000762939453,23.854999542236328,19.43937873840332,11174200
2016-05-26,23.93000030517578,24.09000015258789,23.584999084472656,23.600000381469727,19.23158073425293,6667200
2016-05-27,23.5,23.674999237060547,23.5,23.59000015258789,19.223430633544922,8625600
2016-05-31,23.700000762939453,23.700000762939453,23.434999465942383,23.469999313354492,19.125642776489258,8903800
2016-06-01,23.424999237060547,23.545000076293945,23.184999465942383,23.5,19.150083541870117,9823600
2016-06-02,23.475000381469727,23.645000457763672,23.3700008392334,23.6299991607666,19.256027221679688,6764000
2016-06-03,23.735000610351562,23.885000228881836,23.584999084472656,23.829999923706055,19.41901397705078,9948400
2016-06-06,23.934999465942383,24.100000381469727,23.895000457763672,24.075000762939453,19.6186580657959,13869400
2016-06-07,24.094999313354492,24.165000915527344,23.979999542236328,24.084999084472656,19.626808166503906,7281400
2016-06-08,24.239999771118164,24.299999237060547,24.139999389648438,24.225000381469727,19.74089241027832,7884400
2016-06-09,24.100000381469727,24.110000610351562,23.940000534057617,24.049999237060547,19.598283767700195,7931200
2016-06-10,23.899999618530273,24.010000228881836,23.809999465942383,23.8700008392334,19.451601028442383,9617800
2016-06-13,23.8799991607666,23.96500015258789,23.600000381469727,23.604999542236328,19.235658645629883,10488000
2016-06-14,23.53499984741211,23.610000610351562,23.274999618530273,23.43000030517578,19.093053817749023,15125000
2016-06-15,23.520000457763672,23.700000762939453,23.479999542236328,23.53499984741211,19.17860984802246,8335800
2016-06-16,23.434999465942383,23.625,23.229999542236328,23.614999771118164,19.243810653686523,11745400
2016-06-17,23.450000762939453,23.649999618530273,23.395000457763672,23.600000381469727,19.327747344970703,11854200
2016-06-20,23.825000762939453,24.030000686645508,23.719999313354492,23.735000610351562,19.438308715820312,11932000
2016-06-21,23.7549991607666,23.790000915527344,23.584999084472656,23.670000076293945,19.385074615478516,6126800
2016-06-22,23.690000534057617,23.780000686645508,23.655000686645508,23.69499969482422,19.40555763244629,6083400
2016-06-23,23.93000030517578,24.06999969482422,23.899999618530273,24.059999465942383,19.7044734954834,7116400
2016-06-24,23.239999771118164,23.53499984741211,22.950000762939453,23.010000228881836,18.844558715820312,24895000
2016-06-27,22.834999084472656,22.834999084472656,22.110000610351562,22.235000610351562,18.209854125976562,17979600
2016-06-28,22.415000915527344,22.559999465942383,22.190000534057617,22.424999237060547,18.365459442138672,20741200
2016-06-29,22.700000762939453,22.8799991607666,22.645000457763672,22.80500030517578,18.676671981811523,13311000
2016-06-30,22.8700008392334,23.18000030517578,22.7450008392334,23.170000076293945,18.9755916595459,11955600
2016-07-01,23.170000076293945,23.329999923706055,23.104999542236328,23.18000030517578,18.983787536621094,9928200
2016-07-05,23.059999465942383,23.149999618530273,22.68000030517578,22.760000228881836,18.639814376831055,11140200
2016-07-06,22.68000030517578,22.8799991607666,22.5049991607666,22.850000381469727,18.71352195739746,11675600
2016-07-07,22.770000457763672,23.094999313354492,22.770000457763672,22.90999984741211,18.76265525817871,8517200
2016-07-08,23.06999969482422,23.524999618530273,23.06999969482422,23.479999542236328,19.229475021362305,10483000
2016-07-11,23.559999465942383,23.65999984741211,23.5,23.594999313354492,19.323652267456055,9244600
2016-07-12,23.774999618530273,24.155000686645508,23.760000228881836,24.024999618530273,19.675819396972656,13508400
2016-07-13,24.065000534057617,24.125,23.94499969482422,24.09000015258789,19.729049682617188,7860800
2016-07-14,24.184999465942383,24.350000381469727,24.15999984741211,24.30500030517578,19.905122756958008,9951000
2016-07-15,24.389999389648438,24.459999084472656,24.325000762939453,24.389999389648438,19.97473907470703,7262200
2016-07-18,24.389999389648438,24.575000762939453,24.235000610351562,24.549999237060547,20.10578155517578,5911000
2016-07-19,24.420000076293945,24.510000228881836,24.30500030517578,24.405000686645508,19.987018585205078,7029600
2016-07-20,24.344999313354492,24.479999542236328,24.235000610351562,24.415000915527344,19.99521255493164,8024400
2016-07-21,24.43000030517578,24.434999465942383,24.174999237060547,24.264999389648438,19.87236213684082,7250600
2016-07-22,24.290000915527344,24.385000228881836,24.225000381469727,24.329999923706055,19.925601959228516,7778800
2016-07-25,24.30500030517578,24.30500030517578,24.125,24.290000915527344,19.892845153808594,9678400
2016-07-26,24.28499984741211,24.489999771118164,24.264999389648438,24.475000381469727,20.044355392456055,8344000
2016-07-27,24.4950008392334,24.59000015258789,24.325000762939453,24.5049991607666,20.068918228149414,8514200
2016-07-28,24.450000762939453,24.549999237060547,24.329999923706055,24.469999313354492,20.04025650024414,7331000
2016-07-29,24.399999618530273,24.420000076293945,24.174999237060547,24.344999313354492,19.93787956237793,8545600
2016-08-01,24.344999313354492,24.350000381469727,24.110000610351562,24.209999084472656,19.827322006225586,7131600
2016-08-02,24.190000534057617,24.260000228881836,23.985000610351562,24.145000457763672,19.774089813232422,12103200
2016-08-03,24.184999465942383,24.299999237060547,24.030000686645508,24.204999923706055,19.823232650756836,6950800
2016-08-04,24.204999923706055,24.3700008392334,24.155000686645508,24.30500030517578,19.905122756958008,7105000
2016-08-05,24.34000015258789,24.434999465942383,24.299999237060547,24.385000228881836,19.97064781188965,6312000
2016-08-08,24.40999984741211,24.5049991607666,24.375,24.434999465942383,20.011592864990234,9463600
2016-08-09,24.44499969482422,24.530000686645508,24.309999465942383,24.360000610351562,19.95017433166504,7983000
2016-08-10,24.405000686645508,24.475000381469727,24.329999923706055,24.364999771118164,19.954267501831055,4510600
2016-08-11,24.485000610351562,24.514999389648438,24.34000015258789,24.469999313354492,20.04025650024414,5391400
2016-08-12,24.469999313354492,24.4950008392334,24.15999984741211,24.209999084472656,19.827322006225586,6764400
2016-08-15,24.295000076293945,24.514999389648438,24.280000686645508,24.454999923706055,20.027973175048828,4634000
2016-08-16,24.4950008392334,24.59000015258789,24.315000534057617,24.325000762939453,19.921504974365234,6769200
2016-08-17,24.30500030517578,24.360000610351562,24.104999542236328,24.30500030517578,19.905122756958008,6152800
2016-08-18,24.315000534057617,24.459999084472656,24.30500030517578,24.459999084472656,20.03206443786621,6755800
2016-08-19,24.399999618530273,24.530000686645508,24.2549991607666,24.4950008392334,20.06072998046875,9812200
2016-08-22,24.405000686645508,24.4950008392334,24.274999618530273,24.459999084472656,20.03206443786621,6100000
2016-08-23,24.674999237060547,24.78499984741211,24.614999771118164,24.670000076293945,20.20405387878418,8259400
2016-08-24,24.635000228881836,24.635000228881836,24.354999542236328,24.385000228881836,19.97064781188965,7807800
2016-08-25,24.360000610351562,24.53499984741211,24.354999542236328,24.5049991607666,20.068918228149414,6776400
2016-08-26,24.600000381469727,24.760000228881836,24.264999389648438,24.364999771118164,19.954267501831055,11969600
2016-08-29,24.329999923706055,24.639999389648438,24.325000762939453,24.584999084472656,20.134437561035156,5967600
2016-08-30,24.575000762939453,24.704999923706055,24.479999542236328,24.524999618530273,20.085302352905273,7531600
2016-08-31,24.399999618530273,24.440000534057617,24.225000381469727,24.280000686645508,19.884653091430664,8380400
2016-09-01,24.354999542236328,24.40999984741211,24.200000762939453,24.3799991607666,19.96654510498047,9463600
2016-09-02,24.565000534057617,24.625,24.489999771118164,24.625,20.167194366455078,6608600
2016-09-06,24.649999618530273,24.71500015258789,24.46500015258789,24.56999969482422,20.122159957885742,6408600
2016-09-07,24.514999389648438,24.604999542236328,24.3799991607666,24.53499984741211,20.093496322631836,11484200
2016-09-08,24.489999771118164,24.545000076293945,24.354999542236328,24.43000030517578,20.007497787475586,5730200
2016-09-09,24.25,24.264999389648438,23.69499969482422,23.719999313354492,19.426027297973633,17347400
2016-09-12,23.579999923706055,24.010000228881836,23.53499984741211,23.94499969482422,19.61029815673828,13025600
2016-09-13,23.700000762939453,23.795000076293945,23.344999313354492,23.5,19.245845794677734,20948000
2016-09-14,23.5,23.59000015258789,23.375,23.44499969482422,19.200817108154297,15579600
2016-09-15,23.40999984741211,23.645000457763672,23.354999542236328,23.594999313354492,19.323652267456055,11751200
2016-09-16,23.315000534057617,23.420000076293945,23.274999618530273,23.3799991607666,19.246280670166016,17158000
2016-09-19,23.485000610351562,23.56999969482422,23.375,23.415000915527344,19.275089263916016,7353000
2016-09-20,23.59000015258789,23.6200008392334,23.34000015258789,23.344999313354492,19.217464447021484,7998800
2016-09-21,23.475000381469727,23.729999542236328,23.43000030517578,23.700000762939453,19.50969886779785,11192400
2016-09-22,23.8700008392334,23.979999542236328,23.71500015258789,23.774999618530273,19.571439743041992,5991400
2016-09-23,23.69499969482422,23.809999465942383,23.649999618530273,23.655000686645508,19.472652435302734,8620400
2016-09-26,23.670000076293945,23.704999923706055,23.514999389648438,23.545000076293945,19.38210105895996,7515600
2016-09-27,23.46500015258789,23.635000228881836,23.424999237060547,23.614999771118164,19.439725875854492,6643200
2016-09-28,23.670000076293945,23.90999984741211,23.559999465942383,23.885000228881836,19.661991119384766,9133200
2016-09-29,23.790000915527344,23.950000762939453,23.625,23.700000762939453,19.50969886779785,9322800
2016-09-30,23.844999313354492,23.959999084472656,23.770000457763672,23.875,19.65375518798828,9390600
2016-10-03,23.889999389648438,23.954999923706055,23.815000534057617,23.844999313354492,19.629060745239258,16199400
2016-10-04,23.8799991607666,23.924999237060547,23.479999542236328,23.520000457763672,19.361526489257812,11833600
2016-10-05,23.565000534057617,23.78499984741211,23.565000534057617,23.68000030517578,19.493234634399414,13485600
2016-10-06,23.625,23.889999389648438,23.59000015258789,23.875,19.65375518798828,10459600
2016-10-07,23.905000686645508,23.905000686645508,23.350000381469727,23.43000030517578,19.287437438964844,11781800
2016-10-10,23.56999969482422,23.739999771118164,23.520000457763672,23.56999969482422,19.402679443359375,6183800
2016-10-11,23.405000686645508,23.43000030517578,23.100000381469727,23.25,19.139259338378906,22701000
2016-10-12,23.270000457763672,23.290000915527344,23.09000015258789,23.204999923706055,19.102216720581055,8116400
2016-10-13,22.954999923706055,23.139999389648438,22.780000686645508,23.084999084472656,19.00343132019043,9894200
2016-10-14,23.184999465942383,23.325000762939453,23.135000228881836,23.15999984741211,19.065174102783203,9537400
2016-10-17,23.170000076293945,23.264999389648438,23.135000228881836,23.18000030517578,19.08163833618164,6538200
2016-10-18,23.40999984741211,23.459999084472656,23.309999465942383,23.389999389648438,19.254507064819336,5839600
2016-10-19,23.44499969482422,23.600000381469727,23.354999542236328,23.559999465942383,19.394451141357422,5369600
2016-10-20,23.530000686645508,23.6200008392334,23.3799991607666,23.540000915527344,19.377988815307617,5456400
2016-10-21,23.540000915527344,23.545000076293945,23.299999237060547,23.530000686645508,19.3697566986084,7725800
2016-10-24,23.6200008392334,23.65999984741211,23.524999618530273,23.584999084472656,19.41502571105957,6041400
2016-10-25,23.479999542236328,23.575000762939453,23.31999969482422,23.3700008392334,19.238046646118164,6744000
2016-10-26,23.34000015258789,23.375,23.229999542236328,23.334999084472656,19.209232330322266,6690200
2016-10-27,23.395000457763672,23.434999465942383,23.200000762939453,23.30500030517578,19.184532165527344,9517200
2016-10-28,23.375,23.559999465942383,23.239999771118164,23.364999771118164,19.233930587768555,10611400
2016-10-31,23.3700008392334,23.44499969482422,23.329999923706055,23.375,19.242164611816406,14324200
2016-11-01,23.424999237060547,23.520000457763672,23.110000610351562,23.239999771118164,19.131027221679688,28453800
2016-11-02,23.274999618530273,23.31999969482422,23.114999771118164,23.114999771118164,19.028135299682617,11679600
2016-11-03,23.100000381469727,23.239999771118164,23.059999465942383,23.1200008392334,19.03224754333496,8482800
2016-11-04,23.1200008392334,23.325000762939453,23.084999084472656,23.200000762939453,19.09810447692871,8831400
2016-11-07,23.469999313354492,23.55500030517578,23.395000457763672,23.55500030517578,19.390335083007812,14197000
2016-11-08,23.4950008392334,23.704999923706055,23.44499969482422,23.6299991607666,19.45207405090332,10583600
2016-11-09,23.614999771118164,24.184999465942383,23.424999237060547,24.1299991607666,19.863670349121094,29530200
2016-11-10,24.239999771118164,24.530000686645508,24.229999542236328,24.40999984741211,20.094165802001953,40670600
2016-11-11,24.375,24.399999618530273,23.924999237060547,24.075000762939453,19.818395614624023,13428000
2016-11-14,24.184999465942383,24.209999084472656,23.979999542236328,24.1299991607666,19.863670349121094,16677400
2016-11-15,24.114999771118164,24.235000610351562,23.94499969482422,24.229999542236328,19.945987701416016,13921400
2016-11-16,24.174999237060547,24.270000457763672,24.104999542236328,24.184999465942383,19.90894889831543,7433000
2016-11-17,24.260000228881836,24.280000686645508,24.06999969482422,24.19499969482422,19.91717529296875,8271800
2016-11-18,24.190000534057617,24.190000534057617,24.09000015258789,24.15999984741211,19.88836669921875,7788400
2016-11-21,24.19499969482422,24.454999923706055,24.19499969482422,24.44499969482422,20.122976303100586,7598200
2016-11-22,24.510000228881836,24.645000457763672,24.440000534057617,24.594999313354492,20.246458053588867,10270200
2016-11-23,24.549999237060547,24.719999313354492,24.479999542236328,24.704999923706055,20.337007522583008,6997600
2016-11-25,24.729999542236328,24.795000076293945,24.690000534057617,24.780000686645508,20.39874839782715,3205200
2016-11-28,24.795000076293945,24.795000076293945,24.625,24.68000030517578,20.316431045532227,9059400
2016-11-29,24.594999313354492,24.80500030517578,24.5,24.704999923706055,20.337007522583008,6861400
2016-11-30,24.834999084472656,25.030000686645508,24.7549991607666,24.969999313354492,20.555152893066406,14855000
2016-12-01,25.05500030517578,25.165000915527344,24.905000686645508,24.979999542236328,20.563390731811523,16413400
2016-12-02,24.959999084472656,25.06999969482422,24.844999313354492,24.989999771118164,20.571613311767578,12528200
2016-12-05,25.09000015258789,25.270000457763672,25.030000686645508,25.184999465942383,20.73214340209961,10625800
2016-12-06,25.184999465942383,25.219999313354492,25.024999618530273,25.21500015258789,20.756839752197266,13429600
2016-12-07,25.264999389648438,25.59000015258789,25.21500015258789,25.575000762939453,21.053186416625977,14901400
2016-12-08,25.604999542236328,25.844999313354492,25.594999313354492,25.7450008392334,21.193132400512695,14014200
2016-12-09,25.809999465942383,25.809999465942383,25.6200008392334,25.75,21.197248458862305,8984800
2016-12-12,25.78499984741211,25.844999313354492,25.6200008392334,25.635000228881836,21.102582931518555,9475000
2016-12-13,25.729999542236328,25.7450008392334,25.440000534057617,25.594999313354492,21.069650650024414,9274600
2016-12-14,25.59000015258789,25.6299991607666,25.2450008392334,25.290000915527344,20.818580627441406,18738400
2016-12-15,25.200000762939453,25.520000457763672,25.155000686645508,25.454999923706055,20.954402923583984,12862000
2016-12-16,25.395000457763672,25.395000457763672,25.145000457763672,25.209999084472656,20.889768600463867,10354600
2016-12-19,25.135000228881836,25.229999542236328,25.065000534057617,25.15999984741211,20.848339080810547,6404600
2016-12-20,25.1299991607666,25.200000762939453,25.045000076293945,25.18000030517578,20.864910125732422,8852800
2016-12-21,25.274999618530273,25.295000076293945,25.149999618530273,25.190000534057617,20.873205184936523,6560200
2016-12-22,25.165000915527344,25.19499969482422,25.010000228881836,25.084999084472656,20.78619384765625,6630800
2016-12-23,25.155000686645508,25.155000686645508,24.985000610351562,25.135000228881836,20.827627182006836,4314800
2016-12-27,25.204999923706055,25.299999237060547,25.104999542236328,25.270000457763672,20.93948745727539,7773000
2016-12-28,25.364999771118164,25.485000610351562,24.9950008392334,25.014999389648438,20.728191375732422,6155600
2016-12-29,25.0049991607666,25.1200008392334,24.975000381469727,25.014999389648438,20.728191375732422,5727000
2016-12-30,25.049999237060547,25.09000015258789,24.75,24.850000381469727,20.591461181640625,9859800
2017-01-03,24.915000915527344,25.135000228881836,24.815000534057617,24.9950008392334,20.71161460876465,15475000
2017-01-04,25.094999313354492,25.405000686645508,25.094999313354492,25.360000610351562,21.014066696166992,9084600
2017-01-05,25.329999923706055,25.424999237060547,25.200000762939453,25.28499984741211,20.951915740966797,7806000
2017-01-06,25.28499984741211,25.329999923706055,25.165000915527344,25.309999465942383,20.972639083862305,5894200
2017-01-09,25.290000915527344,25.545000076293945,25.264999389648438,25.30500030517578,20.96849250793457,14201200
2017-01-10,25.31999969482422,25.415000915527344,25.209999084472656,25.31999969482422,20.980924606323242,5688400
2017-01-11,25.274999618530273,25.540000915527344,25.274999618530273,25.524999618530273,21.150793075561523,13199800
2017-01-12,25.524999618530273,25.524999618530273,25.315000534057617,25.475000381469727,21.109363555908203,6312000
2017-01-13,25.479999542236328,25.5049991607666,25.3700008392334,25.434999465942383,21.076215744018555,4896800
2017-01-17,25.3700008392334,25.43000030517578,25.239999771118164,25.31999969482422,20.980924606323242,7363400
2017-01-18,25.389999389648438,25.5049991607666,25.30500030517578,25.479999542236328,21.113500595092773,6073400
2017-01-19,25.510000228881836,25.565000534057617,25.225000381469727,25.31999969482422,20.980924606323242,6606400
2017-01-20,25.40999984741211,25.59000015258789,25.389999389648438,25.545000076293945,21.16736602783203,10013800
2017-01-23,25.545000076293945,25.635000228881836,25.450000762939453,25.594999313354492,21.208799362182617,8322200
2017-01-24,25.690000534057617,26.315000534057617,25.690000534057617,26.2549991607666,21.755685806274414,15962000
2017-01-25,26.364999771118164,26.454999923706055,26.200000762939453,26.43000030517578,21.900697708129883,16441800
2017-01-26,26.434999465942383,26.6299991607666,26.3700008392334,26.5,21.958703994750977,10641200
2017-01-27,26.434999465942383,26.485000610351562,26.350000381469727,26.405000686645508,21.87997817993164,9305200
2017-01-30,26.309999465942383,26.309999465942383,26.024999618530273,26.135000228881836,21.65625762939453,12086200
2017-01-31,26.125,26.145000457763672,25.875,25.979999542236328,21.527820587158203,11053400
2017-02-01,25.969999313354492,26.15999984741211,25.895000457763672,26.110000610351562,21.635540008544922,20149800
2017-02-02,26.100000381469727,26.100000381469727,25.905000686645508,25.9950008392334,21.540246963500977,10131400
2017-02-03,26.03499984741211,26.079999923706055,25.954999923706055,26.040000915527344,21.57754135131836,11083600
2017-02-06,25.979999542236328,26.0049991607666,25.860000610351562,25.969999313354492,21.519527435302734,5445200
2017-02-07,25.899999618530273,25.940000534057617,25.725000381469727,25.764999389648438,21.34965705871582,8401600
2017-02-08,25.75,25.834999084472656,25.665000915527344,25.825000762939453,21.399381637573242,9378400
2017-02-09,25.825000762939453,25.895000457763672,25.760000228881836,25.815000534057617,21.39109992980957,16234800
2017-02-10,25.93000030517578,26.09000015258789,25.915000915527344,26.049999237060547,21.58582305908203,6955000
2017-02-13,26.149999618530273,26.334999084472656,26.149999618530273,26.264999389648438,21.763973236083984,7428200
2017-02-14,26.219999313354492,26.274999618530273,26.09000015258789,26.260000228881836,21.759838104248047,7324600
2017-02-15,26.190000534057617,26.309999465942383,26.174999237060547,26.225000381469727,21.73082733154297,6209800
2017-02-16,26.25,26.375,26.139999389648438,26.225000381469727,21.73082733154297,6408800
2017-02-17,26.174999237060547,26.209999084472656,26.05500030517578,26.149999618530273,21.66868019104004,7928200
2017-02-21,26.135000228881836,26.309999465942383,26.09000015258789,26.235000610351562,21.739116668701172,14751800
2017-02-22,26.1299991607666,26.450000762939453,26.114999771118164,26.30500030517578,21.797117233276367,10228800
2017-02-23,26.360000610351562,26.454999923706055,26.135000228881836,26.15999984741211,21.676969528198242,7070200
2017-02-24,26.049999237060547,26.235000610351562,26.010000228881836,26.21500015258789,21.72254180908203,9624600
2017-02-27,26.21500015258789,26.364999771118164,26.110000610351562,26.149999618530273,21.66868019104004,12595600
2017-02-28,26.1299991607666,26.25,26.084999084472656,26.125,21.647968292236328,7724400
2017-03-01,26.364999771118164,26.719999313354492,26.364999771118164,26.635000228881836,22.07056999206543,11802200
2017-03-02,26.614999771118164,26.625,26.350000381469727,26.350000381469727,21.834409713745117,9149400
2017-03-03,26.350000381469727,26.434999465942383,26.260000228881836,26.329999923706055,21.817834854125977,5924200
2017-03-06,26.235000610351562,26.30500030517578,26.1200008392334,26.15999984741211,21.676969528198242,7113400
2017-03-07,26.174999237060547,26.200000762939453,26.0049991607666,26.014999389648438,21.556821823120117,7676200
2017-03-08,26.03499984741211,26.28499984741211,25.975000381469727,26.014999389648438,21.556821823120117,10178200
2017-03-09,26.049999237060547,26.084999084472656,25.809999465942383,25.934999465942383,21.490524291992188,9039600
2017-03-10,26.075000762939453,26.139999389648438,25.934999465942383,26.05500030517578,21.5899600982666,9538200
2017-03-13,26.084999084472656,26.135000228881836,26.014999389648438,26.1299991607666,21.652114868164062,7070400
2017-03-14,26.024999618530273,26.045000076293945,25.875,25.905000686645508,21.465673446655273,11313000
2017-03-15,26.014999389648438,26.364999771118164,25.9950008392334,26.31999969482422,21.809551239013672,11398000
2017-03-16,26.3799991607666,26.415000915527344,26.100000381469727,26.139999389648438,21.660396575927734,13080200
2017-03-17,26.18000030517578,26.264999389648438,26.145000457763672,26.170000076293945,21.753498077392578,10261200
2017-03-20,26.190000534057617,26.329999923706055,26.09000015258789,26.315000534057617,21.874027252197266,5510400
2017-03-21,26.334999084472656,26.389999389648438,25.834999084472656,25.875,21.50827980041504,14679400
2017-03-22,25.854999542236328,25.969999313354492,25.684999465942383,25.950000762939453,21.570627212524414,11302800
2017-03-23,25.90999984741211,26.139999389648438,25.850000381469727,26.059999465942383,21.66205596923828,9532800
2017-03-24,26.045000076293945,26.114999771118164,25.719999313354492,25.829999923706055,21.47087287902832,12040600
2017-03-27,25.584999084472656,25.934999465942383,25.520000457763672,25.885000228881836,21.516590118408203,8577800
2017-03-28,25.920000076293945,26.274999618530273,25.854999542236328,26.184999465942383,21.765958786010742,7867200
2017-03-29,26.145000457763672,26.274999618530273,26.114999771118164,26.204999923706055,21.782590866088867,6022800
2017-03-30,26.190000534057617,26.350000381469727,26.18000030517578,26.209999084472656,21.786745071411133,5983200
2017-03-31,26.229999542236328,26.350000381469727,26.18000030517578,26.204999923706055,21.782590866088867,7425400
2017-04-03,26.21500015258789,26.31999969482422,25.895000457763672,26.104999542236328,21.6994686126709,9031000
2017-04-04,26.084999084472656,26.209999084472656,26.014999389648438,26.200000762939453,21.778432846069336,6526600
2017-04-05,26.280000686645508,26.4950008392334,26.155000686645508,26.18000030517578,21.761812210083008,10009800
2017-04-06,26.204999923706055,26.420000076293945,26.1200008392334,26.31999969482422,21.87818717956543,6164000
2017-04-07,26.2450008392334,26.385000228881836,26.21500015258789,26.295000076293945,21.857398986816406,5061800
2017-04-10,26.295000076293945,26.375,26.200000762939453,26.299999237060547,21.861555099487305,6923000
2017-04-11,26.219999313354492,26.280000686645508,26.079999923706055,26.229999542236328,21.80337142944336,7831400
2017-04-12,26.19499969482422,26.239999771118164,25.889999389648438,25.905000686645508,21.533218383789062,7779600
2017-04-13,25.854999542236328,25.905000686645508,25.635000228881836,25.655000686645508,21.325408935546875,8387000
2017-04-17,25.725000381469727,25.850000381469727,25.674999237060547,25.84000015258789,21.479190826416016,7702000
2017-04-18,25.725000381469727,25.889999389648438,25.69499969482422,25.809999465942383,21.45425033569336,5073800
2017-04-19,25.899999618530273,25.975000381469727,25.799999237060547,25.844999313354492,21.48334312438965,6260400
2017-04-20,25.959999084472656,26.235000610351562,25.940000534057617,26.1299991607666,21.72024917602539,8138800
2017-04-21,26.110000610351562,26.170000076293945,26.030000686645508,26.100000381469727,21.695310592651367,7183200
2017-04-24,26.385000228881836,26.469999313354492,26.34000015258789,26.399999618530273,21.94468116760254,11133600
2017-04-25,26.6299991607666,26.860000610351562,26.614999771118164,26.825000762939453,22.29796028137207,15884600
2017-04-26,26.78499984741211,26.90999984741211,26.719999313354492,26.81999969482422,22.293798446655273,6333800
2017-04-27,26.78499984741211,26.84000015258789,26.584999084472656,26.760000228881836,22.24392318725586,9210000
2017-04-28,26.704999923706055,26.78499984741211,26.53499984741211,26.53499984741211,22.05689239501953,8080000
2017-05-01,26.65999984741211,26.65999984741211,26.475000381469727,26.549999237060547,22.06936264038086,7949600
2017-05-02,26.559999465942383,26.635000228881836,26.475000381469727,26.594999313354492,22.106769561767578,6931600
2017-05-03,26.485000610351562,26.545000076293945,26.260000228881836,26.334999084472656,21.89065170288086,13197800
2017-05-04,26.40999984741211,26.43000030517578,26.280000686645508,26.364999771118164,21.915592193603516,7487000
2017-05-05,26.415000915527344,26.760000228881836,26.415000915527344,26.739999771118164,22.227298736572266,11447400
2017-05-08,26.68000030517578,26.71500015258789,26.469999313354492,26.524999618530273,22.048585891723633,10216200
2017-05-09,26.5,26.549999237060547,26.290000915527344,26.325000762939453,21.88233757019043,9386400
2017-05-10,26.364999771118164,26.44499969482422,26.299999237060547,26.40999984741211,21.95298957824707,6388000
2017-05-11,26.34000015258789,26.43000030517578,26.1299991607666,26.3700008392334,21.919742584228516,6680600
2017-05-12,26.350000381469727,26.385000228881836,26.28499984741211,26.30500030517578,21.86571502685547,4718400
2017-05-15,26.385000228881836,26.614999771118164,26.385000228881836,26.53499984741211,22.05689239501953,6526200
2017-05-16,26.545000076293945,26.604999542236328,26.5049991607666,26.540000915527344,22.06105613708496,6068800
2017-05-17,26.354999542236328,26.375,25.975000381469727,25.979999542236328,21.595561981201172,16264800
2017-05-18,25.8799991607666,26.059999465942383,25.674999237060547,25.9950008392334,21.608028411865234,13926600
2017-05-19,26.045000076293945,26.329999923706055,26.040000915527344,26.219999313354492,21.795053482055664,9978600
2017-05-22,26.309999465942383,26.375,26.174999237060547,26.25,21.819990158081055,5743200
2017-05-23,26.30500030517578,26.3700008392334,26.235000610351562,26.270000457763672,21.836620330810547,7096000
2017-05-24,26.325000762939453,26.5049991607666,26.31999969482422,26.44499969482422,21.98208236694336,6011400
2017-05-25,26.540000915527344,26.604999542236328,26.354999542236328,26.415000915527344,21.957151412963867,9707600
2017-05-26,26.375,26.489999771118164,26.344999313354492,26.46500015258789,21.99871253967285,4240200
2017-05-30,26.424999237060547,26.510000228881836,26.3700008392334,26.459999084472656,21.994556427001953,5597600
2017-05-31,26.4950008392334,26.545000076293945,26.28499984741211,26.540000915527344,22.06105613708496,12339000
2017-06-01,26.524999618530273,26.889999389648438,26.520000457763672,26.860000610351562,22.327045440673828,15808200
2017-06-02,26.850000381469727,26.985000610351562,26.795000076293945,26.924999237060547,22.381078720092773,9810800
2017-06-05,26.899999618530273,26.954999923706055,26.80500030517578,26.84000015258789,22.310415267944336,5658600
2017-06-06,26.764999389648438,26.93000030517578,26.704999923706055,26.854999542236328,22.32289695739746,8257200
2017-06-07,26.940000534057617,26.985000610351562,26.80500030517578,26.889999389648438,22.35198974609375,8331200
2017-06-08,26.844999313354492,27.05500030517578,26.84000015258789,26.969999313354492,22.418487548828125,7152400
2017-06-09,27.030000686645508,27.344999313354492,27.030000686645508,27.315000534057617,22.705259323120117,14996600
2017-06-12,27.280000686645508,27.43000030517578,27.149999618530273,27.209999084472656,22.617982864379883,11520800
2017-06-13,27.19499969482422,27.559999465942383,27.19499969482422,27.549999237060547,22.900604248046875,6725000
2017-06-14,27.59000015258789,27.610000610351562,27.184999465942383,27.260000228881836,22.6595401763916,11182400
2017-06-15,27.06999969482422,27.170000076293945,26.905000686645508,27.020000457763672,22.460046768188477,9720200
2017-06-16,27.020000457763672,27.024999618530273,26.860000610351562,27.010000228881836,22.55692481994629,9150200
2017-06-19,27.145000457763672,27.260000228881836,27.110000610351562,27.225000381469727,22.73647689819336,5012800
2017-06-20,27.170000076293945,27.170000076293945,27.06999969482422,27.075000762939453,22.6112060546875,6916800
2017-06-21,27.110000610351562,27.135000228881836,26.7549991607666,26.790000915527344,22.37319564819336,9522600
2017-06-22,26.790000915527344,26.920000076293945,26.770000457763672,26.81999969482422,22.398244857788086,6704200
2017-06-23,26.885000228881836,27.0049991607666,26.780000686645508,26.924999237060547,22.485937118530273,6690800
2017-06-26,27.014999389648438,27.049999237060547,26.895000457763672,27.0049991607666,22.552743911743164,8108200
2017-06-27,27.059999465942383,27.094999313354492,26.829999923706055,26.84000015258789,22.41494369506836,7226400
2017-06-28,27.03499984741211,27.149999618530273,26.985000610351562,27.084999084472656,22.61955451965332,6592000
2017-06-29,27.075000762939453,27.1200008392334,26.690000534057617,26.760000228881836,22.3481388092041,8811600
2017-06-30,26.80500030517578,27.024999618530273,26.799999237060547,26.905000686645508,22.469228744506836,6258400
2017-07-03,26.969999313354492,27.209999084472656,26.94499969482422,27.139999389648438,22.665489196777344,6217000
2017-07-05,27.170000076293945,27.18000030517578,26.959999084472656,27.049999237060547,22.590320587158203,11411400
2017-07-06,26.899999618530273,27.075000762939453,26.850000381469727,26.93000030517578,22.490116119384766,9858800
2017-07-07,26.975000381469727,27.100000381469727,26.8700008392334,27.06999969482422,22.60702896118164,5246800
2017-07-10,27.065000534057617,27.350000381469727,26.954999923706055,27.239999771118164,22.749008178710938,7711800
2017-07-11,27.239999771118164,27.270000457763672,27.03499984741211,27.200000762939453,22.715600967407227,4017200
2017-07-12,27.344999313354492,27.540000915527344,27.299999237060547,27.514999389648438,22.978666305541992,5802400
2017-07-13,27.540000915527344,27.59000015258789,27.44499969482422,27.485000610351562,22.95361328125,4266000
2017-07-14,27.584999084472656,27.68000030517578,27.510000228881836,27.625,23.07052993774414,6508800
2017-07-17,27.639999389648438,27.75,27.579999923706055,27.68000030517578,23.116458892822266,5979600
2017-07-18,27.604999542236328,27.610000610351562,27.459999084472656,27.565000534057617,23.020423889160156,4634600
2017-07-19,27.575000762939453,27.850000381469727,27.575000762939453,27.829999923706055,23.241727828979492,6846200
2017-07-20,27.764999389648438,27.774999618530273,27.540000915527344,27.625,23.07052993774414,9041000
2017-07-21,27.545000076293945,27.635000228881836,27.5049991607666,27.6299991607666,23.07469940185547,5447000
2017-07-24,27.600000381469727,27.645000457763672,27.489999771118164,27.604999542236328,23.05382537841797,5522200
2017-07-25,27.844999313354492,27.959999084472656,27.809999465942383,27.899999618530273,23.300188064575195,9110400
2017-07-26,27.8799991607666,27.8799991607666,27.690000534057617,27.729999542236328,23.158214569091797,7624000
2017-07-27,27.760000228881836,27.809999465942383,27.5,27.6299991607666,23.07469940185547,7578600
2017-07-28,27.655000686645508,27.739999771118164,27.424999237060547,27.530000686645508,22.991193771362305,9382400
2017-07-31,27.59000015258789,27.625,27.30500030517578,27.31999969482422,22.815820693969727,9019600
2017-08-01,27.434999465942383,27.434999465942383,27.204999923706055,27.34000015258789,22.832515716552734,21064400
2017-08-02,27.260000228881836,27.405000686645508,27.139999389648438,27.364999771118164,22.853395462036133,6439000
2017-08-03,27.454999923706055,27.454999923706055,27.1299991607666,27.15999984741211,22.682191848754883,7983600
2017-08-04,27.239999771118164,27.31999969482422,27.225000381469727,27.290000915527344,22.790760040283203,5272600
2017-08-07,27.329999923706055,27.405000686645508,27.28499984741211,27.30500030517578,22.803287506103516,5056200
2017-08-08,27.25,27.274999618530273,27.03499984741211,27.09000015258789,22.623729705810547,8324000
2017-08-09,27.06999969482422,27.149999618530273,27.024999618530273,27.114999771118164,22.644607543945312,6909800
2017-08-10,27.014999389648438,27.059999465942383,26.780000686645508,26.80500030517578,22.38572120666504,12957600
2017-08-11,26.725000381469727,26.84000015258789,26.704999923706055,26.739999771118164,22.331432342529297,7830000
2017-08-14,26.8799991607666,27.03499984741211,26.8799991607666,26.989999771118164,22.540220260620117,7159600
2017-08-15,27.010000228881836,27.045000076293945,26.915000915527344,26.9950008392334,22.54439926147461,3973000
2017-08-16,27.084999084472656,27.260000228881836,27.079999923706055,27.260000228881836,22.765701293945312,10653400
2017-08-17,27.170000076293945,27.21500015258789,26.84000015258789,26.844999313354492,22.419126510620117,8904000
2017-08-18,26.75,26.975000381469727,26.735000610351562,26.854999542236328,22.42748260498047,7537400
2017-08-21,26.899999618530273,26.954999923706055,26.815000534057617,26.8799991607666,22.448354721069336,5403200
2017-08-22,26.954999923706055,27.229999542236328,26.954999923706055,27.229999542236328,22.740650177001953,6240800
2017-08-23,27.110000610351562,27.270000457763672,27.079999923706055,27.18000030517578,22.698898315429688,8219200
2017-08-24,27.174999237060547,27.225000381469727,27.094999313354492,27.1299991607666,22.657135009765625,5330400
2017-08-25,27.229999542236328,27.274999618530273,27.15999984741211,27.21500015258789,22.728120803833008,5828800
2017-08-28,27.315000534057617,27.315000534057617,27.139999389648438,27.2549991607666,22.76152801513672,4621600
2017-08-29,27.09000015258789,27.15999984741211,27.020000457763672,27.125,22.652963638305664,6019600
2017-08-30,27.104999542236328,27.354999542236328,27.030000686645508,27.325000762939453,22.819988250732422,10283800
2017-08-31,27.450000762939453,27.594999313354492,27.424999237060547,27.53499984741211,22.995365142822266,9280600
2017-09-01,27.6299991607666,27.7450008392334,27.565000534057617,27.71500015258789,23.145692825317383,10567400
2017-09-05,27.739999771118164,27.809999465942383,27.3700008392334,27.399999618530273,22.88262367248535,13656000
2017-09-06,27.424999237060547,27.510000228881836,27.270000457763672,27.469999313354492,22.941083908081055,12517000
2017-09-07,27.5049991607666,27.530000686645508,27.34000015258789,27.514999389648438,22.978666305541992,8885200
2017-09-08,27.4950008392334,27.53499984741211,27.385000228881836,27.5049991607666,22.970308303833008,5438400
2017-09-11,27.655000686645508,27.940000534057617,27.604999542236328,27.864999771118164,23.270959854125977,10144600
2017-09-12,27.989999771118164,28.19499969482422,27.985000610351562,28.100000381469727,23.46721839904785,13287400
2017-09-13,28.104999542236328,28.114999771118164,27.950000762939453,28.09000015258789,23.458866119384766,8780600
2017-09-14,28.09000015258789,28.229999542236328,28.024999618530273,28.184999465942383,23.538206100463867,8557600
2017-09-15,28.014999389648438,28.084999084472656,27.940000534057617,28.03499984741211,23.539045333862305,9401800
2017-09-18,28.09000015258789,28.219999313354492,28.040000915527344,28.190000534057617,23.669185638427734,8851400
2017-09-19,28.280000686645508,28.350000381469727,28.15999984741211,28.334999084472656,23.79093360900879,6064000
2017-09-20,28.424999237060547,28.4950008392334,28.280000686645508,28.434999465942383,23.87489891052246,8864800
2017-09-21,28.3799991607666,28.479999542236328,28.3700008392334,28.375,23.824514389038086,6344800
2017-09-22,28.325000762939453,28.364999771118164,28.229999542236328,28.274999618530273,23.74055290222168,5887200
2017-09-25,28.2549991607666,28.325000762939453,28.125,28.325000762939453,23.782533645629883,10978000
2017-09-26,28.350000381469727,28.385000228881836,28.190000534057617,28.200000762939453,23.677579879760742,5490600
2017-09-27,28.235000610351562,28.274999618530273,27.9950008392334,28.200000762939453,23.677579879760742,7937200
2017-09-28,28.174999237060547,28.405000686645508,28.100000381469727,28.399999618530273,23.84550666809082,8713400
2017-09-29,28.3799991607666,28.440000534057617,28.264999389648438,28.399999618530273,23.84550666809082,8288800
2017-10-02,28.364999771118164,28.709999084472656,28.354999542236328,28.709999084472656,24.105798721313477,15031800
2017-10-03,28.75,28.844999313354492,28.670000076293945,28.829999923706055,24.206546783447266,7337600
2017-10-04,28.860000610351562,28.924999237060547,28.81999969482422,28.84000015258789,24.214946746826172,7681000
2017-10-05,28.899999618530273,29.014999389648438,28.860000610351562,29.014999389648438,24.36188507080078,7340000
2017-10-06,28.889999389648438,28.96500015258789,28.834999084472656,28.950000762939453,24.307310104370117,5262400
2017-10-09,28.979999542236328,28.9950008392334,28.850000381469727,28.94499969482422,24.3031063079834,3339000
2017-10-10,29.05500030517578,29.05500030517578,28.864999771118164,28.96500015258789,24.31989860534668,5144000
2017-10-11,28.950000762939453,28.979999542236328,28.829999923706055,28.979999542236328,24.332494735717773,4033600
2017-10-12,28.920000076293945,29.075000762939453,28.90999984741211,29.03499984741211,24.378677368164062,6376200
2017-10-13,29.219999313354492,29.25,29.15999984741211,29.174999237060547,24.49622344970703,6715800
2017-10-16,29.30500030517578,29.31999969482422,29.06999969482422,29.155000686645508,24.47942543029785,6626200
2017-10-17,29.1200008392334,29.139999389648438,29.0049991607666,29.079999923706055,24.416454315185547,5482200
2017-10-18,29.09000015258789,29.110000610351562,28.985000610351562,29.010000228881836,24.357683181762695,8878600
2017-10-19,28.950000762939453,29.1200008392334,28.850000381469727,29.1200008392334,24.450040817260742,5450800
2017-10-20,29.229999542236328,29.3700008392334,29.219999313354492,29.3700008392334,24.659948348999023,9474800
2017-10-23,29.459999084472656,29.584999084472656,29.299999237060547,29.315000534057617,24.613773345947266,6293000
2017-10-24,29.389999389648438,29.524999618530273,29.3700008392334,29.479999542236328,24.752309799194336,8450400
2017-10-25,29.479999542236328,29.514999389648438,29.19499969482422,29.325000762939453,24.622167587280273,11317800
2017-10-26,29.575000762939453,29.809999465942383,29.46500015258789,29.71500015258789,24.94961929321289,13985800
2017-10-27,29.690000534057617,29.690000534057617,29.389999389648438,29.559999465942383,24.81947135925293,10382200
2017-10-30,29.690000534057617,29.690000534057617,29.360000610351562,29.420000076293945,24.70193099975586,10491400
2017-10-31,29.454999923706055,29.575000762939453,29.44499969482422,29.5,24.769102096557617,8011800
2017-11-01,29.649999618530273,29.739999771118164,29.53499984741211,29.645000457763672,24.890844345092773,11202000
2017-11-02,29.684999465942383,29.684999465942383,29.364999771118164,29.43000030517578,24.710329055786133,25637600
2017-11-03,29.450000762939453,29.450000762939453,29.274999618530273,29.415000915527344,24.69774055480957,7582000
2017-11-06,29.375,29.5,29.260000228881836,29.290000915527344,24.59278678894043,7396600
2017-11-07,29.334999084472656,29.3799991607666,29.229999542236328,29.31999969482422,24.617965698242188,7251600
2017-11-08,29.364999771118164,29.405000686645508,29.270000457763672,29.350000381469727,24.64315414428711,5133400
2017-11-09,29.200000762939453,29.25,29.010000228881836,29.100000381469727,24.43325424194336,9454200
2017-11-10,29.0049991607666,29.135000228881836,28.9950008392334,29.05500030517578,24.395463943481445,5700000
2017-11-13,28.94499969482422,29.2450008392334,28.850000381469727,29.204999923706055,24.52140998840332,5408400
2017-11-14,29.030000686645508,29.059999465942383,28.864999771118164,28.940000534057617,24.298904418945312,7373400
2017-11-15,28.764999389648438,28.84000015258789,28.6299991607666,28.764999389648438,24.1519775390625,10961200
2017-11-16,28.864999771118164,29.149999618530273,28.84000015258789,29.114999771118164,24.445844650268555,7014800
2017-11-17,29.040000915527344,29.25,29.014999389648438,29.155000686645508,24.47942543029785,5651800
2017-11-20,29.1299991607666,29.280000686645508,29.09000015258789,29.19499969482422,24.513017654418945,8318200
2017-11-21,29.360000610351562,29.4950008392334,29.315000534057617,29.350000381469727,24.64315414428711,6200400
2017-11-22,29.3799991607666,29.389999389648438,29.270000457763672,29.270000457763672,24.575990676879883,4751600
2017-11-24,29.334999084472656,29.454999923706055,29.31999969482422,29.420000076293945,24.70193099975586,2446400
2017-11-27,29.434999465942383,29.434999465942383,29.239999771118164,29.2450008392334,24.55499839782715,7602400
2017-11-28,29.295000076293945,29.584999084472656,29.280000686645508,29.56999969482422,24.82787322998047,8801400
2017-11-29,29.604999542236328,29.635000228881836,29.510000228881836,29.614999771118164,24.86565589904785,7738200
2017-11-30,29.68000030517578,29.985000610351562,29.625,29.780000686645508,25.00419807434082,15017200
2017-12-01,29.834999084472656,29.875,29.309999465942383,29.53499984741211,24.79848289489746,16367800
2017-12-04,29.7450008392334,30.084999084472656,29.735000610351562,29.84000015258789,25.05457305908203,13046800
2017-12-05,29.850000381469727,29.899999618530273,29.68000030517578,29.690000534057617,24.928630828857422,16453600
2017-12-06,29.635000228881836,29.700000762939453,29.5049991607666,29.514999389648438,24.78169059753418,8077400
2017-12-07,29.485000610351562,29.719999313354492,29.424999237060547,29.71500015258789,24.94961929321289,7160600
2017-12-08,29.75,29.850000381469727,29.649999618530273,29.71500015258789,24.94961929321289,10270400
2017-12-11,29.795000076293945,29.8799991607666,29.709999084472656,29.7549991607666,24.983205795288086,10457400
2017-12-12,29.815000534057617,29.854999542236328,29.729999542236328,29.760000228881836,24.98740577697754,12029000
2017-12-13,29.780000686645508,29.8799991607666,29.770000457763672,29.84000015258789,25.05457305908203,8363400
2017-12-14,29.915000915527344,29.915000915527344,29.4950008392334,29.510000228881836,24.77749252319336,8369000
2017-12-15,29.479999542236328,29.625,29.434999465942383,29.540000915527344,24.924304962158203,10058000
2017-12-18,29.735000610351562,30.0,29.71500015258789,29.975000381469727,25.291345596313477,9742600
2017-12-19,29.9950008392334,30.045000076293945,29.915000915527344,29.940000534057617,25.261810302734375,6309600
2017-12-20,30.079999923706055,30.094999313354492,29.950000762939453,29.950000762939453,25.27025032043457,9517000
2017-12-21,30.084999084472656,30.1200008392334,29.940000534057617,30.05500030517578,25.358842849731445,6423800
2017-12-22,30.104999542236328,30.19499969482422,30.045000076293945,30.170000076293945,25.455875396728516,6011200
2017-12-26,30.184999465942383,30.219999313354492,30.125,30.145000457763672,25.434776306152344,3319600
2017-12-27,30.200000762939453,30.2450008392334,30.15999984741211,30.184999465942383,25.468524932861328,8373200
2017-12-28,30.219999313354492,30.325000762939453,30.155000686645508,30.31999969482422,25.582439422607422,3130800
2017-12-29,30.434999465942383,30.434999465942383,30.235000610351562,30.264999389648438,25.536027908325195,4969600
2018-01-02,30.424999237060547,30.704999923706055,30.344999313354492,30.69499969482422,25.898845672607422,17958400
2018-01-03,30.774999618530273,30.94499969482422,30.704999923706055,30.90999984741211,26.080249786376953,9904600
2018-01-04,31.040000915527344,31.2450008392334,31.024999618530273,31.18000030517578,26.308059692382812,8240200
2018-01-05,31.315000534057617,31.46500015258789,31.2450008392334,31.43000030517578,26.518991470336914,9344000
2018-01-08,31.459999084472656,31.5049991607666,31.31999969482422,31.475000381469727,26.556962966918945,9078200
2018-01-09,31.514999389648438,31.65999984741211,31.405000686645508,31.424999237060547,26.514774322509766,9511000
2018-01-10,31.364999771118164,31.3700008392334,31.170000076293945,31.235000610351562,26.354463577270508,8440800
2018-01-11,31.360000610351562,31.645000457763672,31.334999084472656,31.645000457763672,26.70039939880371,11642600
2018-01-12,31.764999389648438,31.78499984741211,31.584999084472656,31.69499969482422,26.74258804321289,9097400
2018-01-16,31.790000915527344,31.829999923706055,31.1299991607666,31.325000762939453,26.430404663085938,17025800
2018-01-17,31.549999237060547,31.610000610351562,31.34000015258789,31.469999313354492,26.55274200439453,21698800
2018-01-18,31.375,31.565000534057617,31.264999389648438,31.450000762939453,26.53586769104004,11787400
2018-01-19,31.594999313354492,31.655000686645508,31.46500015258789,31.639999389648438,26.696182250976562,9866400
2018-01-22,31.594999313354492,31.594999313354492,31.395000457763672,31.565000534057617,26.63290023803711,11438000
2018-01-23,31.5,31.584999084472656,31.334999084472656,31.559999465942383,26.628681182861328,8043000
2018-01-24,31.639999389648438,31.854999542236328,31.559999465942383,31.69499969482422,26.74258804321289,11488400
2018-01-25,31.84000015258789,32.040000915527344,31.774999618530273,31.905000686645508,26.919775009155273,15536600
2018-01-26,31.924999237060547,32.084999084472656,31.69499969482422,32.04499816894531,27.037893295288086,7762600
2018-01-29,32.02000045776367,32.060001373291016,31.65999984741211,31.68000030517578,26.72993278503418,10662200
2018-01-30,31.545000076293945,31.69499969482422,31.3799991607666,31.450000762939453,26.53586769104004,17635000
2018-01-31,31.549999237060547,31.579999923706055,31.264999389648438,31.475000381469727,26.556962966918945,19825200
2018-02-01,31.2549991607666,31.459999084472656,30.989999771118164,31.045000076293945,26.19414710998535,18972200
2018-02-02,30.875,30.920000076293945,30.204999923706055,30.229999542236328,25.506498336791992,19349400
2018-02-05,30.104999542236328,30.434999465942383,29.075000762939453,29.075000762939453,24.531972885131836,37141400
2018-02-06,28.649999618530273,30.075000762939453,28.56999969482422,30.024999618530273,25.333526611328125,38680600
2018-02-07,29.889999389648438,30.299999237060547,29.7549991607666,29.7549991607666,25.105712890625,33502000
2018-02-08,29.799999237060547,29.864999771118164,28.700000762939453,28.709999084472656,24.2240047454834,25600000
2018-02-09,29.024999618530273,29.405000686645508,28.309999465942383,29.209999084472656,24.6458740234375,52835000
2018-02-12,29.440000534057617,29.975000381469727,29.354999542236328,29.799999237060547,25.14368438720703,20940400
2018-02-13,29.68000030517578,29.860000610351562,29.610000610351562,29.725000381469727,25.080398559570312,13552600
2018-02-14,29.479999542236328,30.184999465942383,29.420000076293945,30.125,25.41790771484375,15999400
2018-02-15,30.34000015258789,30.3700008392334,29.979999542236328,30.350000381469727,25.607746124267578,12298200
2018-02-16,30.209999084472656,30.53499984741211,30.104999542236328,30.239999771118164,25.514934539794922,16917000
2018-02-20,30.110000610351562,30.329999923706055,29.9950008392334,30.104999542236328,25.40102767944336,10487400
2018-02-21,30.1299991607666,30.53499984741211,29.9950008392334,30.0,25.31243133544922,9994600
2018-02-22,30.1299991607666,30.479999542236328,30.09000015258789,30.200000762939453,25.481182098388672,9058800
2018-02-23,30.375,30.655000686645508,30.219999313354492,30.645000457763672,25.85664939880371,7064000
2018-02-26,30.774999618530273,30.799999237060547,30.475000381469727,30.780000686645508,25.970558166503906,6509000
2018-02-27,30.75,30.795000076293945,30.354999542236328,30.354999542236328,25.611963272094727,11837200
2018-02-28,30.440000534057617,30.469999313354492,29.809999465942383,29.815000534057617,25.156343460083008,11141400
2018-03-01,29.799999237060547,29.924999237060547,29.290000915527344,29.510000228881836,24.898996353149414,19925000
2018-03-02,29.334999084472656,29.559999465942383,29.184999465942383,29.479999542236328,24.873685836791992,16019400
2018-03-05,29.344999313354492,29.954999923706055,29.30500030517578,29.8700008392334,25.202754974365234,13161200
2018-03-06,30.0049991607666,30.424999237060547,29.860000610351562,30.200000762939453,25.481182098388672,17615000
2018-03-07,29.8799991607666,30.170000076293945,29.829999923706055,30.09000015258789,25.38837432861328,16786600
2018-03-08,30.155000686645508,30.21500015258789,29.90999984741211,30.114999771118164,25.409465789794922,10334600
2018-03-09,30.30500030517578,30.674999237060547,30.190000534057617,30.65999984741211,25.869312286376953,11726400
2018-03-12,30.69499969482422,30.844999313354492,30.524999618530273,30.584999084472656,25.80602264404297,9550400
2018-03-13,30.75,30.8700008392334,30.424999237060547,30.459999084472656,25.700557708740234,12138400
2018-03-14,30.594999313354492,30.600000381469727,30.024999618530273,30.084999084472656,25.3841495513916,10858800
2018-03-15,30.125,30.149999618530273,29.684999465942383,29.690000534057617,25.050874710083008,10470600
2018-03-16,29.520000457763672,29.735000610351562,29.46500015258789,29.575000762939453,25.049177169799805,11053000
2018-03-19,29.489999771118164,29.510000228881836,28.934999465942383,29.149999618530273,24.689210891723633,12682400
2018-03-20,29.2549991607666,29.350000381469727,29.059999465942383,29.1200008392334,24.66381072998047,7228800
2018-03-21,29.190000534057617,29.71500015258789,29.09000015258789,29.450000762939453,24.94331169128418,9707400
2018-03-22,29.21500015258789,29.31999969482422,28.55500030517578,28.56999969482422,24.197969436645508,15399400
2018-03-23,28.635000228881836,28.71500015258789,27.985000610351562,28.010000228881836,23.72366714477539,15817800
2018-03-26,28.34000015258789,28.610000610351562,28.075000762939453,28.584999084472656,24.210676193237305,11684200
2018-03-27,28.65999984741211,28.84000015258789,28.149999618530273,28.295000076293945,23.965055465698242,14582000
2018-03-28,28.344999313354492,28.450000762939453,27.844999313354492,27.934999465942383,23.660146713256836,23688400
2018-03-29,28.065000534057617,28.6200008392334,28.040000915527344,28.469999313354492,24.11327362060547,12421400
2018-04-02,28.375,28.514999389648438,27.604999542236328,27.850000381469727,23.588153839111328,18658800
2018-04-03,27.915000915527344,28.325000762939453,27.739999771118164,28.2450008392334,23.92270278930664,13572800
2018-04-04,27.774999618530273,28.454999923706055,27.614999771118164,28.43000030517578,24.07939338684082,12873400
2018-04-05,28.565000534057617,29.059999465942383,28.520000457763672,28.959999084472656,24.52829360961914,15388600
2018-04-06,28.674999237060547,28.809999465942383,28.075000762939453,28.2549991607666,23.931180953979492,15822800
2018-04-09,28.40999984741211,28.75,28.209999084472656,28.40999984741211,24.062454223632812,12578400
2018-04-10,28.790000915527344,29.155000686645508,28.75,28.9950008392334,24.55793571472168,25605200
2018-04-11,28.78499984741211,28.899999618530273,28.670000076293945,28.780000686645508,24.375835418701172,12914800
2018-04-12,28.90999984741211,29.204999923706055,28.834999084472656,29.084999084472656,24.6341609954834,7073600
2018-04-13,29.2450008392334,29.325000762939453,28.950000762939453,29.05500030517578,24.608753204345703,8643600
2018-04-16,29.270000457763672,29.489999771118164,29.1200008392334,29.44499969482422,24.93907928466797,12664200
2018-04-17,29.635000228881836,29.864999771118164,29.5049991607666,29.780000686645508,25.222806930541992,9562400
2018-04-18,29.950000762939453,30.125,29.8799991607666,29.9950008392334,25.4049015045166,9472400
2018-04-19,30.030000686645508,30.030000686645508,29.549999237060547,29.65999984741211,25.12117576599121,11639200
2018-04-20,29.665000915527344,29.7549991607666,29.375,29.5,24.985652923583984,8702200
2018-04-23,29.440000534057617,29.53499984741211,29.334999084472656,29.415000915527344,24.913665771484375,6195400
2018-04-24,29.524999618530273,29.524999618530273,28.31999969482422,28.6200008392334,24.240320205688477,17448400
2018-04-25,28.670000076293945,28.864999771118164,28.40999984741211,28.774999618530273,24.371604919433594,15901000
2018-04-26,28.90999984741211,29.075000762939453,28.7450008392334,28.954999923706055,24.52405548095703,9875200
2018-04-27,28.959999084472656,29.03499984741211,28.674999237060547,28.8799991607666,24.460535049438477,15796800
2018-04-30,28.924999237060547,29.024999618530273,28.475000381469727,28.5049991607666,24.142915725708008,9750400
2018-05-01,28.350000381469727,28.489999771118164,28.110000610351562,28.479999542236328,24.121746063232422,12562200
2018-05-02,28.524999618530273,28.635000228881836,28.360000610351562,28.415000915527344,24.066694259643555,12740600
2018-05-03,28.450000762939453,28.729999542236328,28.145000457763672,28.545000076293945,24.176795959472656,19521600
2018-05-04,28.360000610351562,29.059999465942383,28.344999313354492,28.899999618530273,24.47747039794922,8905800
2018-05-07,28.93000030517578,29.06999969482422,28.790000915527344,28.889999389648438,24.4689998626709,9891600
2018-05-08,28.81999969482422,28.950000762939453,28.674999237060547,28.829999923706055,24.41818618774414,7349200
2018-05-09,28.940000534057617,29.28499984741211,28.940000534057617,29.2450008392334,24.769678115844727,24065800
2018-05-10,29.270000457763672,29.625,29.25,29.454999923706055,24.947538375854492,9666000
2018-05-11,29.475000381469727,29.684999465942383,29.405000686645508,29.44499969482422,24.93907928466797,7105000
2018-05-14,29.530000686645508,29.655000686645508,29.44499969482422,29.559999465942383,25.036476135253906,5571600
2018-05-15,29.40999984741211,29.520000457763672,29.229999542236328,29.469999313354492,24.96024513244629,14327600
2018-05-16,29.469999313354492,29.860000610351562,29.469999313354492,29.81999969482422,25.256690979003906,6724800
2018-05-17,29.75,30.0,29.75,29.889999389648438,25.315977096557617,20734600
2018-05-18,29.854999542236328,30.014999389648438,29.84000015258789,29.93000030517578,25.349849700927734,6550800
2018-05-21,30.09000015258789,30.15999984741211,29.985000610351562,30.09000015258789,25.485368728637695,10592000
2018-05-22,30.09000015258789,30.18000030517578,29.809999465942383,29.84000015258789,25.273624420166016,7705000
2018-05-23,29.645000457763672,29.780000686645508,29.5049991607666,29.770000457763672,25.214338302612305,7298800
2018-05-24,29.709999084472656,29.81999969482422,29.514999389648438,29.665000915527344,25.12540626525879,7098800
2018-05-25,29.540000915527344,29.594999313354492,29.399999618530273,29.5049991607666,24.989885330200195,8115400
2018-05-29,29.2549991607666,29.43000030517578,28.899999618530273,28.9950008392334,24.55793571472168,11699800
2018-05-30,29.204999923706055,29.424999237060547,29.114999771118164,29.334999084472656,24.845905303955078,8706200
2018-05-31,29.3700008392334,29.415000915527344,29.075000762939453,29.09000015258789,24.638402938842773,11556600
2018-06-01,29.30500030517578,29.6299991607666,29.30500030517578,29.53499984741211,25.015302658081055,7605400
2018-06-04,29.649999618530273,29.764999389648438,29.6299991607666,29.704999923706055,25.159290313720703,9079800
2018-06-05,29.739999771118164,30.03499984741211,29.700000762939453,29.93000030517578,25.349849700927734,6651400
2018-06-06,29.96500015258789,30.4950008392334,29.8799991607666,30.485000610351562,25.819921493530273,16384800
2018-06-07,30.5,30.524999618530273,30.19499969482422,30.329999923706055,25.688648223876953,10314600
2018-06-08,30.299999237060547,30.469999313354492,30.135000228881836,30.415000915527344,25.760635375976562,7572000
2018-06-11,30.375,30.53499984741211,30.31999969482422,30.459999084472656,25.798755645751953,5773600
2018-06-12,30.5049991607666,30.604999542236328,30.385000228881836,30.5,25.832630157470703,8955800
2018-06-13,30.53499984741211,30.549999237060547,30.135000228881836,30.170000076293945,25.553125381469727,8118400
2018-06-14,30.295000076293945,30.364999771118164,30.094999313354492,30.21500015258789,25.591238021850586,5079400
2018-06-15,29.8799991607666,29.96500015258789,29.655000686645508,29.864999771118164,25.412548065185547,13055200
2018-06-18,29.635000228881836,29.844999313354492,29.600000381469727,29.790000915527344,25.348731994628906,17983000
2018-06-19,29.440000534057617,29.5,28.9950008392334,29.2450008392334,24.88498306274414,14423400
2018-06-20,29.364999771118164,29.364999771118164,29.030000686645508,29.149999618530273,24.804140090942383,10670400
2018-06-21,29.079999923706055,29.110000610351562,28.790000915527344,28.84000015258789,24.540367126464844,14373000
2018-06-22,29.05500030517578,29.329999923706055,29.05500030517578,29.260000228881836,24.897747039794922,14228400
2018-06-25,29.114999771118164,29.114999771118164,28.56999969482422,28.80500030517578,24.510583877563477,19581200
2018-06-26,28.854999542236328,29.0049991607666,28.795000076293945,28.915000915527344,24.604183197021484,7416200
2018-06-27,29.06999969482422,29.375,28.815000534057617,28.825000762939453,24.52760124206543,11575600
2018-06-28,28.834999084472656,29.0049991607666,28.6299991607666,28.934999465942383,24.621200561523438,11778800
2018-06-29,28.9950008392334,29.385000228881836,28.9950008392334,29.03499984741211,24.70629119873047,10085800
2018-07-02,28.825000762939453,28.94499969482422,28.674999237060547,28.8799991607666,24.574399948120117,15365800
2018-07-03,29.065000534057617,29.2450008392334,28.764999389648438,28.829999923706055,24.53185272216797,6778800
2018-07-05,29.030000686645508,29.104999542236328,28.80500030517578,29.079999923706055,24.744577407836914,11118400
2018-07-06,29.030000686645508,29.309999465942383,28.895000457763672,29.225000381469727,24.86795997619629,9061800
2018-07-09,29.364999771118164,29.5,29.34000015258789,29.485000610351562,25.089202880859375,9075600
2018-07-10,29.475000381469727,29.75,29.475000381469727,29.735000610351562,25.301929473876953,11946600
2018-07-11,29.424999237060547,29.510000228881836,29.104999542236328,29.235000610351562,24.876476287841797,22691200
2018-07-12,29.415000915527344,29.440000534057617,29.184999465942383,29.30500030517578,24.936037063598633,13238000
2018-07-13,29.2549991607666,29.395000457763672,29.209999084472656,29.290000915527344,24.92327880859375,6924000
2018-07-16,29.30500030517578,29.364999771118164,28.989999771118164,29.05500030517578,24.723308563232422,8983200
2018-07-17,29.079999923706055,29.53499984741211,28.969999313354492,29.434999465942383,25.046653747558594,15364000
2018-07-18,29.399999618530273,29.56999969482422,29.15999984741211,29.15999984741211,24.812654495239258,11774400
2018-07-19,29.264999389648438,29.299999237060547,29.059999465942383,29.264999389648438,24.902002334594727,12835000
2018-07-20,29.145000457763672,29.25,29.010000228881836,29.145000457763672,24.79989242553711,14633600
2018-07-23,29.135000228881836,29.145000457763672,28.959999084472656,28.985000610351562,24.663747787475586,8299000
2018-07-24,29.190000534057617,29.524999618530273,29.190000534057617,29.360000610351562,24.98283576965332,14233600
2018-07-25,29.375,29.6299991607666,29.170000076293945,29.59000015258789,25.178544998168945,9467200
2018-07-26,29.584999084472656,29.815000534057617,29.489999771118164,29.760000228881836,25.323205947875977,12395400
2018-07-27,29.850000381469727,29.875,29.575000762939453,29.649999618530273,25.22960090637207,11041400
2018-07-30,29.68000030517578,29.864999771118164,29.545000076293945,29.594999313354492,25.18280029296875,6944400
2018-07-31,29.65999984741211,29.940000534057617,29.649999618530273,29.864999771118164,25.412548065185547,10475200
2018-08-01,29.799999237060547,29.864999771118164,29.5049991607666,29.559999465942383,25.15302085876465,12120800
2018-08-02,29.315000534057617,29.3799991607666,29.030000686645508,29.364999771118164,24.987098693847656,18536200
2018-08-03,29.46500015258789,29.65999984741211,29.44499969482422,29.645000457763672,25.2253475189209,10659200
2018-08-06,29.415000915527344,29.75,29.31999969482422,29.635000228881836,25.21683692932129,9262200
2018-08-07,29.719999313354492,29.90999984741211,29.704999923706055,29.735000610351562,25.301929473876953,9514800
2018-08-08,29.760000228881836,29.844999313354492,29.594999313354492,29.610000610351562,25.19556427001953,13012400
2018-08-09,29.704999923706055,29.934999465942383,29.704999923706055,29.770000457763672,25.331710815429688,8488200
2018-08-10,29.56999969482422,29.625,29.30500030517578,29.34000015258789,24.965822219848633,12104600
2018-08-13,29.364999771118164,29.485000610351562,28.934999465942383,29.045000076293945,24.714801788330078,10872200
2018-08-14,29.165000915527344,29.44499969482422,29.145000457763672,29.290000915527344,24.92327880859375,8272000
2018-08-15,29.0,29.010000228881836,28.510000228881836,28.825000762939453,24.52760124206543,16990400
2018-08-16,28.934999465942383,29.15999984741211,28.934999465942383,29.0,24.67650604248047,12689400
2018-08-17,28.94499969482422,29.270000457763672,28.934999465942383,29.21500015258789,24.859453201293945,10518000
2018-08-20,29.270000457763672,29.475000381469727,29.270000457763672,29.420000076293945,25.03389549255371,9683000
2018-08-21,29.479999542236328,29.670000076293945,29.43000030517578,29.53499984741211,25.131750106811523,9916000
2018-08-22,29.520000457763672,29.56999969482422,29.350000381469727,29.385000228881836,25.004108428955078,10865400
2018-08-23,29.325000762939453,29.325000762939453,29.104999542236328,29.184999465942383,24.83392333984375,8884000
2018-08-24,29.34000015258789,29.604999542236328,29.309999465942383,29.565000534057617,25.157278060913086,9903200
2018-08-27,29.625,30.065000534057617,29.625,29.969999313354492,25.501895904541016,11218200
2018-08-28,30.014999389648438,30.149999618530273,29.760000228881836,29.854999542236328,25.40403938293457,7686200
2018-08-29,29.860000610351562,30.135000228881836,29.729999542236328,30.079999923706055,25.595495223999023,8557000
2018-08-30,29.940000534057617,30.079999923706055,29.635000228881836,29.725000381469727,25.293418884277344,11678600
2018-08-31,29.68000030517578,29.8700008392334,29.56999969482422,29.635000228881836,25.21683692932129,8561400
2018-09-04,29.55500030517578,29.56999969482422,29.280000686645508,29.43000030517578,25.042400360107422,11944400
2018-09-05,29.405000686645508,29.68000030517578,29.31999969482422,29.625,25.20833396911621,9280800
2018-09-06,29.65999984741211,29.860000610351562,29.479999542236328,29.684999465942383,25.259380340576172,12008200
2018-09-07,29.46500015258789,29.600000381469727,29.295000076293945,29.489999771118164,25.093456268310547,14598200
2018-09-10,29.56999969482422,29.684999465942383,29.510000228881836,29.524999618530273,25.12323760986328,9543000
2018-09-11,29.309999465942383,29.65999984741211,29.204999923706055,29.584999084472656,25.17429542541504,15498000
2018-09-12,29.579999923706055,29.735000610351562,29.46500015258789,29.600000381469727,25.187057495117188,12482600
2018-09-13,29.834999084472656,29.934999465942383,29.700000762939453,29.71500015258789,25.284908294677734,8205800
2018-09-14,29.780000686645508,29.834999084472656,29.6299991607666,29.704999923706055,25.27640724182129,9707400
2018-09-17,29.69499969482422,29.985000610351562,29.69499969482422,29.809999465942383,25.365751266479492,7766800
2018-09-18,29.895000457763672,30.0,29.735000610351562,29.84000015258789,25.39127540588379,8157000
2018-09-19,29.8700008392334,30.290000915527344,29.8700008392334,30.165000915527344,25.66782569885254,15854400
2018-09-20,30.375,30.579999923706055,30.364999771118164,30.489999771118164,25.944366455078125,11195200
2018-09-21,30.469999313354492,30.524999618530273,30.200000762939453,30.280000686645508,25.88837242126465,16272400
2018-09-24,30.18000030517578,30.219999313354492,29.80500030517578,29.854999542236328,25.52501106262207,9201400
2018-09-25,29.924999237060547,29.954999923706055,29.665000915527344,29.700000762939453,25.39249038696289,10138000
2018-09-26,29.55500030517578,29.684999465942383,29.344999313354492,29.405000686645508,25.140274047851562,17022600
2018-09-27,29.385000228881836,29.385000228881836,29.114999771118164,29.149999618530273,24.922252655029297,12559800
2018-09-28,29.065000534057617,29.110000610351562,28.90999984741211,28.96500015258789,24.764089584350586,10761800
2018-10-01,29.125,29.375,29.125,29.2549991607666,25.012027740478516,8773000
2018-10-02,29.274999618530273,29.454999923706055,29.229999542236328,29.3799991607666,25.118900299072266,7347600
2018-10-03,29.479999542236328,29.520000457763672,29.145000457763672,29.170000076293945,24.93935775756836,7870000
2018-10-04,29.15999984741211,29.15999984741211,28.80500030517578,29.03499984741211,24.823936462402344,11157800
2018-10-05,28.979999542236328,29.09000015258789,28.700000762939453,28.81999969482422,24.640121459960938,10704000
2018-10-08,28.704999923706055,28.854999542236328,28.584999084472656,28.80500030517578,24.627296447753906,12580200
2018-10-09,28.43000030517578,28.43000030517578,27.80500030517578,27.850000381469727,23.810806274414062,22714800
2018-10-10,27.864999771118164,27.8799991607666,27.110000610351562,27.1200008392334,23.186677932739258,26403400
2018-10-11,27.100000381469727,27.34000015258789,26.709999084472656,26.80500030517578,22.9173641204834,36573600
2018-10-12,27.235000610351562,27.315000534057617,26.684999465942383,26.8799991607666,22.981487274169922,21301000
2018-10-15,26.875,27.045000076293945,26.780000686645508,26.790000915527344,22.904541015625,10256000
2018-10-16,26.875,27.280000686645508,26.780000686645508,27.219999313354492,23.272172927856445,11053000
2018-10-17,27.190000534057617,27.25,26.8700008392334,27.045000076293945,23.122554779052734,17070000
2018-10-18,26.920000076293945,27.18000030517578,26.594999313354492,26.739999771118164,22.86179542541504,15387800
2018-10-19,26.674999237060547,26.915000915527344,26.5049991607666,26.549999237060547,22.69934844970703,14211800
2018-10-22,26.665000915527344,26.760000228881836,26.25,26.34000015258789,22.519807815551758,26653000
2018-10-23,25.915000915527344,26.21500015258789,25.514999389648438,26.079999923706055,22.29751205444336,40403800
2018-10-24,25.985000610351562,26.114999771118164,25.200000762939453,25.2549991607666,21.5921688079834,41268000
2018-10-25,25.405000686645508,25.774999618530273,25.3700008392334,25.579999923706055,21.870027542114258,28511600
2018-10-26,25.225000381469727,25.69499969482422,25.045000076293945,25.43000030517578,21.741788864135742,47958600
2018-10-29,25.7549991607666,25.940000534057617,25.110000610351562,25.3700008392334,21.69048500061035,34825400
2018-10-30,25.299999237060547,26.0,25.274999618530273,25.950000762939453,22.18637466430664,46345200
2018-10-31,26.2450008392334,26.475000381469727,26.135000228881836,26.30500030517578,22.48988151550293,26335400
2018-11-01,26.78499984741211,27.110000610351562,26.594999313354492,27.045000076293945,23.122554779052734,27448600
2018-11-02,27.229999542236328,27.30500030517578,26.625,26.979999542236328,23.066986083984375,26879600
2018-11-05,27.0,27.125,26.860000610351562,27.059999465942383,23.135379791259766,15713600
2018-11-06,27.139999389648438,27.530000686645508,27.065000534057617,27.5049991607666,23.515840530395508,13145200
2018-11-07,27.71500015258789,28.014999389648438,27.545000076293945,28.0,23.93904685974121,13562200
2018-11-08,27.844999313354492,28.0049991607666,27.735000610351562,27.8799991607666,23.836454391479492,12894800
2018-11-09,27.71500015258789,27.71500015258789,27.28499984741211,27.489999771118164,23.50301742553711,18024800
2018-11-12,27.454999923706055,27.510000228881836,27.030000686645508,27.084999084472656,23.15675163269043,20119600
2018-11-13,27.145000457763672,27.434999465942383,26.96500015258789,27.0049991607666,23.088356018066406,19012400
2018-11-14,27.165000915527344,27.360000610351562,26.834999084472656,26.975000381469727,23.062707901000977,19452600
2018-11-15,26.885000228881836,27.475000381469727,26.885000228881836,27.344999313354492,23.379043579101562,24067800
2018-11-16,27.260000228881836,27.690000534057617,27.184999465942383,27.6200008392334,23.614164352416992,17462000
2018-11-19,27.559999465942383,27.709999084472656,27.149999618530273,27.225000381469727,23.27644920349121,24568400
2018-11-20,26.96500015258789,27.020000457763672,26.610000610351562,26.729999542236328,22.853240966796875,22518600
2018-11-21,26.81999969482422,27.204999923706055,26.81999969482422,26.94499969482422,23.037057876586914,14026800
2018-11-23,26.69499969482422,26.834999084472656,26.575000762939453,26.655000686645508,22.789113998413086,6302200
2018-11-26,26.885000228881836,27.05500030517578,26.799999237060547,26.959999084472656,23.049884796142578,10714600
2018-11-27,26.7549991607666,26.905000686645508,26.450000762939453,26.6299991607666,22.767744064331055,11742200
2018-11-28,26.700000762939453,27.040000915527344,26.34000015258789,27.040000915527344,23.118282318115234,17062000
2018-11-29,27.03499984741211,27.389999389648438,26.975000381469727,27.235000610351562,23.285003662109375,14276400
2018-11-30,27.045000076293945,27.385000228881836,27.014999389648438,27.30500030517578,23.344844818115234,12116400
2018-12-03,27.8700008392334,28.06999969482422,27.489999771118164,27.78499984741211,23.755229949951172,17150200
2018-12-04,27.75,27.80500030517578,26.915000915527344,26.959999084472656,23.049884796142578,18091600
2018-12-06,26.510000228881836,26.594999313354492,25.940000534057617,26.594999313354492,22.73781967163086,26450600
2018-12-07,26.56999969482422,27.0,25.8700008392334,25.954999923706055,22.19063949584961,28052600
2018-12-10,25.96500015258789,26.135000228881836,25.55500030517578,26.024999618530273,22.25048828125,23329800
2018-12-11,26.485000610351562,26.635000228881836,25.834999084472656,25.940000534057617,22.177820205688477,20142200
2018-12-12,26.325000762939453,26.469999313354492,26.149999618530273,26.165000915527344,22.370187759399414,14902000
2018-12-13,26.2450008392334,26.329999923706055,25.764999389648438,25.860000610351562,22.109418869018555,29257200
2018-12-14,25.65999984741211,25.920000076293945,25.565000534057617,25.65999984741211,21.938430786132812,15958800
2018-12-17,25.69499969482422,25.8700008392334,25.05500030517578,25.219999313354492,21.562238693237305,30503200
2018-12-18,25.40999984741211,25.670000076293945,25.204999923706055,25.360000610351562,21.68194007873535,23365800
2018-12-19,25.399999618530273,25.895000457763672,24.899999618530273,25.014999389648438,21.386974334716797,39400800
2018-12-20,24.94499969482422,25.184999465942383,24.43000030517578,24.68000030517578,21.10056495666504,46346200
2018-12-21,24.655000686645508,25.059999465942383,24.274999618530273,24.299999237060547,20.910812377929688,41112200
2018-12-24,24.139999389648438,24.329999923706055,23.655000686645508,23.670000076293945,20.368680953979492,22656400
2018-12-26,23.780000686645508,24.739999771118164,23.524999618530273,24.729999542236328,21.280838012695312,34232200
2018-12-27,24.424999237060547,25.19499969482422,24.31999969482422,25.184999465942383,21.672378540039062,29847200
2018-12-28,25.31999969482422,25.454999923706055,24.954999923706055,25.049999237060547,21.556211471557617,18906000
2018-12-31,25.135000228881836,25.30500030517578,24.979999542236328,25.260000228881836,21.736921310424805,15596000
2019-01-02,24.889999389648438,25.485000610351562,24.75,25.389999389648438,21.84878921508789,18192600
2019-01-03,25.2549991607666,25.2549991607666,24.6200008392334,24.670000076293945,21.229209899902344,19668000
2019-01-04,25.06999969482422,25.739999771118164,25.030000686645508,25.639999389648438,22.063920974731445,17901200
2019-01-07,25.649999618530273,26.03499984741211,25.479999542236328,25.729999542236328,22.141366958618164,14936600
2019-01-08,25.854999542236328,26.040000915527344,25.709999084472656,26.0,22.373714447021484,20657200
2019-01-09,26.065000534057617,26.110000610351562,25.764999389648438,26.010000228881836,22.382312774658203,16250400
2019-01-10,25.825000762939453,26.2549991607666,25.799999237060547,26.239999771118164,22.580242156982422,16942800
2019-01-11,26.104999542236328,26.200000762939453,25.96500015258789,26.135000228881836,22.489883422851562,12372400
2019-01-14,25.905000686645508,26.075000762939453,25.774999618530273,25.934999465942383,22.31777572631836,23006400
2019-01-15,25.770000457763672,25.93000030517578,25.604999542236328,25.764999389648438,22.171483993530273,15094200
2019-01-16,25.770000457763672,26.0,25.729999542236328,25.864999771118164,22.257539749145508,27437400
2019-01-17,25.725000381469727,26.3799991607666,25.725000381469727,26.31999969482422,22.64908218383789,20411000
2019-01-18,26.540000915527344,26.8799991607666,26.46500015258789,26.7549991607666,23.02340316772461,17514800
2019-01-22,26.6299991607666,26.674999237060547,26.229999542236328,26.385000228881836,22.705007553100586,14866800
2019-01-23,26.424999237060547,26.4950008392334,25.954999923706055,26.204999923706055,22.550121307373047,11410000
2019-01-24,26.059999465942383,26.225000381469727,25.950000762939453,26.065000534057617,22.42964744567871,10499400
2019-01-25,26.46500015258789,26.704999923706055,26.354999542236328,26.559999465942383,22.855609893798828,9834000
2019-01-28,26.3700008392334,26.540000915527344,26.290000915527344,26.520000457763672,22.821184158325195,11943600
2019-01-29,26.584999084472656,26.8700008392334,26.584999084472656,26.795000076293945,23.057828903198242,16446000
2019-01-30,26.905000686645508,27.295000076293945,26.795000076293945,27.079999923706055,23.303083419799805,14146600
2019-01-31,26.5,26.790000915527344,26.21500015258789,26.674999237060547,22.95456314086914,24950600
2019-02-01,26.65999984741211,26.81999969482422,26.540000915527344,26.7549991607666,23.02340316772461,11079000
2019-02-04,26.704999923706055,26.735000610351562,26.530000686645508,26.709999084472656,22.984683990478516,7115600
2019-02-05,26.770000457763672,26.969999313354492,26.7549991607666,26.905000686645508,23.15248680114746,8857800
2019-02-06,26.774999618530273,26.8799991607666,26.69499969482422,26.7450008392334,23.014801025390625,9909800
2019-02-07,26.575000762939453,26.625,26.15999984741211,26.375,22.696407318115234,12736000
2019-02-08,26.229999542236328,26.354999542236328,26.014999389648438,26.350000381469727,22.674898147583008,9042800
2019-02-11,26.44499969482422,26.479999542236328,26.264999389648438,26.389999389648438,22.70931625366211,8316600
2019-02-12,26.635000228881836,27.014999389648438,26.559999465942383,26.979999542236328,23.217031478881836,20139600
2019-02-13,27.1299991607666,27.209999084472656,27.0049991607666,27.014999389648438,23.247148513793945,14694200
2019-02-14,26.889999389648438,27.06999969482422,26.799999237060547,26.875,23.126670837402344,9770000
2019-02-15,27.170000076293945,27.309999465942383,27.040000915527344,27.239999771118164,23.440763473510742,15294400
2019-02-19,27.139999389648438,27.540000915527344,27.114999771118164,27.40999984741211,23.58704948425293,24529000
2019-02-20,27.459999084472656,28.049999237060547,27.420000076293945,27.8799991607666,23.991500854492188,22618000
2019-02-21,27.915000915527344,27.979999542236328,27.655000686645508,27.770000457763672,23.8968448638916,17103800
2019-02-22,27.90999984741211,27.975000381469727,27.790000915527344,27.889999389648438,24.000106811523438,9581600
2019-02-25,28.0049991607666,28.149999618530273,27.94499969482422,28.06999969482422,24.155004501342773,12375800
2019-02-26,28.0049991607666,28.09000015258789,27.899999618530273,27.90999984741211,24.017316818237305,12384600
2019-02-27,27.850000381469727,27.950000762939453,27.684999465942383,27.864999771118164,23.978588104248047,9262400
2019-02-28,27.834999084472656,27.860000610351562,27.46500015258789,27.524999618530273,23.686012268066406,17525000
2019-03-01,27.725000381469727,27.8700008392334,27.395000457763672,27.489999771118164,23.655899047851562,19683000
2019-03-04,27.549999237060547,27.729999542236328,27.19499969482422,27.614999771118164,23.763465881347656,15920800
2019-03-05,27.55500030517578,27.625,27.454999923706055,27.485000610351562,23.651596069335938,10463400
2019-03-06,27.565000534057617,27.739999771118164,27.5049991607666,27.545000076293945,23.703222274780273,9231000
2019-03-07,27.485000610351562,27.489999771118164,27.114999771118164,27.31999969482422,23.50960922241211,23923800
2019-03-08,27.174999237060547,27.385000228881836,27.030000686645508,27.364999771118164,23.548330307006836,14289200
2019-03-11,27.479999542236328,27.764999389648438,27.440000534057617,27.7549991607666,23.883934020996094,13715400
2019-03-12,27.795000076293945,28.020000457763672,27.795000076293945,27.860000610351562,23.97429084777832,14432200
2019-03-13,28.014999389648438,28.170000076293945,27.940000534057617,27.9950008392334,24.090463638305664,11036800
2019-03-14,27.915000915527344,27.975000381469727,27.719999313354492,27.78499984741211,23.90974998474121,10079600
2019-03-15,27.780000686645508,27.915000915527344,27.594999313354492,27.700000762939453,23.93956756591797,14518000
2019-03-18,27.719999313354492,27.80500030517578,27.55500030517578,27.764999389648438,23.99574089050293,8691000
2019-03-19,27.899999618530273,28.075000762939453,27.604999542236328,27.729999542236328,23.96549415588379,10542600
2019-03-20,27.71500015258789,27.850000381469727,27.440000534057617,27.704999923706055,23.943891525268555,22470000
2019-03-21,27.610000610351562,28.104999542236328,27.579999923706055,28.0,24.19883918762207,15919400
2019-03-22,27.7549991607666,27.760000228881836,27.114999771118164,27.165000915527344,23.47719383239746,18247400
2019-03-25,27.149999618530273,27.360000610351562,27.06999969482422,27.114999771118164,23.433984756469727,13125400
2019-03-26,27.295000076293945,27.364999771118164,27.084999084472656,27.280000686645508,23.576583862304688,11799600
2019-03-27,27.209999084472656,27.344999313354492,27.049999237060547,27.2450008392334,23.546335220336914,19565200
2019-03-28,27.28499984741211,27.524999618530273,27.274999618530273,27.510000228881836,23.775360107421875,9741600
2019-03-29,27.540000915527344,27.760000228881836,27.415000915527344,27.75,23.982784271240234,12654600
2019-04-01,27.94499969482422,28.204999923706055,27.90999984741211,28.165000915527344,24.341440200805664,12908600
2019-04-02,28.235000610351562,28.3799991607666,28.1200008392334,28.260000228881836,24.423540115356445,14224600
2019-04-03,28.489999771118164,28.809999465942383,28.405000686645508,28.6299991607666,24.743318557739258,34729000
2019-04-04,28.649999618530273,28.93000030517578,28.635000228881836,28.920000076293945,24.993942260742188,12205600
2019-04-05,28.924999237060547,29.024999618530273,28.825000762939453,28.90999984741211,24.985305786132812,7337200
2019-04-08,28.889999389648438,28.950000762939453,28.770000457763672,28.920000076293945,24.993942260742188,13149400
2019-04-09,28.799999237060547,28.84000015258789,28.625,28.709999084472656,24.812458038330078,12221600
2019-04-10,28.735000610351562,28.790000915527344,28.584999084472656,28.69499969482422,24.79949378967285,7594800
2019-04-11,28.684999465942383,28.78499984741211,28.600000381469727,28.68000030517578,24.786531448364258,6989200
2019-04-12,28.915000915527344,29.059999465942383,28.825000762939453,29.059999465942383,25.11493492126465,7217400
2019-04-15,29.059999465942383,29.079999923706055,28.875,28.924999237060547,24.99827003479004,5410200
2019-04-16,28.895000457763672,29.059999465942383,28.760000228881836,29.05500030517578,25.11062240600586,7475000
2019-04-17,29.114999771118164,29.25,28.864999771118164,28.875,24.95505714416504,6740400
2019-04-18,28.899999618530273,28.985000610351562,28.760000228881836,28.90999984741211,24.985305786132812,7268800
2019-04-22,28.799999237060547,28.895000457763672,28.674999237060547,28.71500015258789,24.81678009033203,11976200
2019-04-23,28.670000076293945,28.934999465942383,28.600000381469727,28.844999313354492,24.92913246154785,15290400
2019-04-24,28.815000534057617,28.905000686645508,28.665000915527344,28.665000915527344,24.773563385009766,7616400
2019-04-25,28.53499984741211,28.575000762939453,28.209999084472656,28.299999237060547,24.458114624023438,10360200
2019-04-26,28.299999237060547,28.610000610351562,28.2450008392334,28.53499984741211,24.661209106445312,9900200
2019-04-29,28.459999084472656,28.559999465942383,28.375,28.479999542236328,24.613676071166992,12113000
2019-04-30,28.55500030517578,28.760000228881836,28.40999984741211,28.725000381469727,24.825416564941406,6798400
2019-05-01,28.764999389648438,28.764999389648438,28.200000762939453,28.204999923706055,24.376012802124023,13101800
2019-05-02,28.06999969482422,28.219999313354492,27.864999771118164,28.059999465942383,24.250696182250977,21946200
2019-05-03,28.114999771118164,28.350000381469727,28.09000015258789,28.334999084472656,24.488365173339844,12066800
2019-05-06,27.65999984741211,28.040000915527344,27.65999984741211,27.93000030517578,24.138341903686523,31202200
2019-05-07,27.665000915527344,27.71500015258789,27.295000076293945,27.440000534057617,23.714862823486328,19502000
2019-05-08,27.420000076293945,27.545000076293945,27.299999237060547,27.415000915527344,23.693262100219727,12319400
2019-05-09,27.104999542236328,27.30500030517578,26.889999389648438,27.200000762939453,23.507442474365234,13428800
2019-05-10,27.149999618530273,27.670000076293945,27.03499984741211,27.56999969482422,23.827211380004883,12945800
2019-05-13,27.059999465942383,27.549999237060547,26.7450008392334,26.950000762939453,23.2913875579834,14097600
2019-05-14,27.045000076293945,27.385000228881836,26.975000381469727,27.18000030517578,23.490158081054688,12203800
2019-05-15,27.0,27.30500030517578,26.885000228881836,27.110000610351562,23.429664611816406,10524400
2019-05-16,27.315000534057617,27.579999923706055,27.315000534057617,27.489999771118164,23.758079528808594,9810600
2019-05-17,27.280000686645508,27.520000457763672,27.204999923706055,27.325000762939453,23.61547088623047,12166600
2019-05-20,27.079999923706055,27.190000534057617,26.889999389648438,26.934999465942383,23.27842140197754,10032600
2019-05-21,27.1299991607666,27.389999389648438,27.09000015258789,27.350000381469727,23.6370792388916,8743200
2019-05-22,27.299999237060547,27.399999618530273,27.15999984741211,27.15999984741211,23.47287940979004,10617000
2019-05-23,26.8700008392334,26.959999084472656,26.625,26.7450008392334,23.114213943481445,9845400
2019-05-24,27.014999389648438,27.094999313354492,26.75,26.895000457763672,23.243850708007812,8180800
2019-05-28,26.889999389648438,26.975000381469727,26.604999542236328,26.625,23.01051139831543,9652200
2019-05-29,26.420000076293945,26.670000076293945,26.350000381469727,26.6299991607666,23.014827728271484,17477600
2019-05-30,26.639999389648438,26.795000076293945,26.604999542236328,26.674999237060547,23.053712844848633,8950200
2019-05-31,26.360000610351562,26.489999771118164,26.260000228881836,26.375,22.794445037841797,11983600
2019-06-03,26.450000762939453,27.21500015258789,26.375,27.204999923706055,23.51177406311035,26310800
2019-06-04,27.5,28.024999618530273,27.34000015258789,27.969999313354492,24.17291831970215,35555800
2019-06-05,28.145000457763672,28.239999771118164,27.7549991607666,28.174999237060547,24.35009002685547,39408000
2019-06-06,28.315000534057617,28.604999542236328,28.21500015258789,28.510000228881836,24.63960838317871,39823200
2019-06-07,28.69499969482422,28.8700008392334,28.635000228881836,28.764999389648438,24.859996795654297,46422200
2019-06-10,28.94499969482422,28.985000610351562,28.790000915527344,28.815000534057617,24.903200149536133,28725200
2019-06-11,28.96500015258789,29.075000762939453,28.7450008392334,28.795000076293945,24.885915756225586,15737400
2019-06-12,28.809999465942383,28.93000030517578,28.774999618530273,28.889999389648438,24.968021392822266,7100800
2019-06-13,28.9950008392334,29.094999313354492,28.959999084472656,29.059999465942383,25.11493492126465,14784200
2019-06-14,29.0,29.030000686645508,28.834999084472656,28.934999465942383,25.00691032409668,7875400
2019-06-17,28.889999389648438,28.90999984741211,28.6299991607666,28.670000076293945,24.777883529663086,15014000
2019-06-18,28.825000762939453,29.094999313354492,28.795000076293945,28.895000457763672,24.972341537475586,13775600
2019-06-19,28.895000457763672,28.905000686645508,28.584999084472656,28.735000610351562,24.834060668945312,14332800
2019-06-20,29.100000381469727,29.18000030517578,28.850000381469727,29.100000381469727,25.149511337280273,13487600
2019-06-21,28.90999984741211,28.959999084472656,28.80500030517578,28.834999084472656,25.069520950317383,11652000
2019-06-24,28.844999313354492,29.0049991607666,28.719999313354492,28.94499969482422,25.165163040161133,9203400
2019-06-25,28.979999542236328,29.075000762939453,28.864999771118164,28.959999084472656,25.17820167541504,11431800
2019-06-26,28.94499969482422,29.03499984741211,28.8700008392334,28.90999984741211,25.134735107421875,8369600
2019-06-27,28.954999923706055,29.05500030517578,28.934999465942383,29.0049991607666,25.21731948852539,6878000
2019-06-28,29.049999237060547,29.290000915527344,29.020000457763672,29.25,25.430335998535156,10017000
2019-07-01,29.46500015258789,29.479999542236328,29.229999542236328,29.475000381469727,25.625947952270508,11940200
2019-07-02,29.475000381469727,29.475000381469727,29.2549991607666,29.44499969482422,25.599868774414062,12640200
2019-07-03,29.424999237060547,29.594999313354492,29.3700008392334,29.594999313354492,25.730274200439453,4951600
2019-07-05,29.309999465942383,29.459999084472656,29.170000076293945,29.459999084472656,25.61290740966797,7620200
2019-07-08,29.34000015258789,29.405000686645508,29.06999969482422,29.1200008392334,25.31731414794922,19583600
2019-07-09,29.014999389648438,29.05500030517578,28.770000457763672,28.834999084472656,25.069520950317383,10388200
2019-07-10,29.0049991607666,29.06999969482422,28.739999771118164,28.774999618530273,25.017364501953125,14628200
2019-07-11,28.75,28.905000686645508,28.635000228881836,28.899999618530273,25.126035690307617,22183000
2019-07-12,28.979999542236328,29.19499969482422,28.96500015258789,29.184999465942383,25.373821258544922,8810000
2019-07-15,29.170000076293945,29.225000381469727,29.075000762939453,29.204999923706055,25.391210556030273,9076600
2019-07-16,29.225000381469727,29.530000686645508,29.19499969482422,29.274999618530273,25.452068328857422,9052000
2019-07-17,29.280000686645508,29.31999969482422,29.010000228881836,29.014999389648438,25.22602081298828,14334800
2019-07-18,28.915000915527344,29.165000915527344,28.8799991607666,29.139999389648438,25.334697723388672,7545600
2019-07-19,29.114999771118164,29.354999542236328,29.114999771118164,29.204999923706055,25.391210556030273,7622400
2019-07-22,29.270000457763672,29.309999465942383,29.084999084472656,29.1299991607666,25.326000213623047,5828600
2019-07-23,29.264999389648438,29.729999542236328,29.264999389648438,29.729999542236328,25.847652435302734,8403400
2019-07-24,29.639999389648438,29.764999389648438,29.56999969482422,29.709999084472656,25.830257415771484,7529800
2019-07-25,29.610000610351562,29.610000610351562,29.190000534057617,29.4950008392334,25.64334487915039,12271000
2019-07-26,29.420000076293945,29.540000915527344,29.225000381469727,29.530000686645508,25.67376708984375,15275400
2019-07-29,29.434999465942383,29.489999771118164,29.334999084472656,29.43000030517578,25.586830139160156,5783200
2019-07-30,29.209999084472656,29.645000457763672,29.165000915527344,29.625,25.756366729736328,8028400
2019-07-31,29.540000915527344,29.68000030517578,28.905000686645508,29.170000076293945,25.360780715942383,16205400
2019-08-01,29.135000228881836,29.579999923706055,28.875,29.0049991607666,25.21731948852539,19565800
2019-08-02,28.850000381469727,28.885000228881836,28.46500015258789,28.665000915527344,24.921724319458008,14996000
2019-08-05,28.415000915527344,28.514999389648438,27.93000030517578,28.125,24.452241897583008,20582200
2019-08-06,28.2450008392334,28.25,27.81999969482422,28.15999984741211,24.4826717376709,22989200
2019-08-07,27.920000076293945,28.59000015258789,27.895000457763672,28.549999237060547,24.82174301147461,46538800
2019-08-08,28.69499969482422,29.104999542236328,28.69499969482422,29.094999313354492,25.29557228088379,11470200
2019-08-09,28.979999542236328,29.024999618530273,28.709999084472656,28.864999771118164,25.095603942871094,9249200
2019-08-12,28.825000762939453,28.854999542236328,28.360000610351562,28.415000915527344,24.704376220703125,45067400
2019-08-13,28.440000534057617,29.075000762939453,28.274999618530273,28.719999313354492,24.969541549682617,14111200
2019-08-14,28.299999237060547,28.420000076293945,27.78499984741211,27.809999465942383,24.17837905883789,18258600
2019-08-15,27.96500015258789,27.969999313354492,27.6200008392334,27.81999969482422,24.18707275390625,17831000
2019-08-16,27.940000534057617,28.375,27.905000686645508,28.309999465942383,24.613082885742188,11667600
2019-08-19,28.559999465942383,28.639999389648438,28.489999771118164,28.53499984741211,24.80869483947754,6656000
2019-08-20,28.415000915527344,28.44499969482422,28.18000030517578,28.200000762939453,24.5174503326416,9478000
2019-08-21,28.389999389648438,28.454999923706055,28.200000762939453,28.344999313354492,24.643510818481445,6404600
2019-08-22,28.399999618530273,28.530000686645508,28.09000015258789,28.155000686645508,24.47832489013672,5214800
2019-08-23,28.030000686645508,28.149999618530273,27.34000015258789,27.475000381469727,23.887123107910156,18181200
2019-08-26,27.700000762939453,27.739999771118164,27.434999465942383,27.565000534057617,23.965377807617188,14902600
2019-08-27,27.670000076293945,27.84000015258789,27.514999389648438,27.584999084472656,23.982755661010742,11189800
2019-08-28,27.4950008392334,27.860000610351562,27.415000915527344,27.799999237060547,24.1696834564209,7545000
2019-08-29,28.145000457763672,28.280000686645508,28.104999542236328,28.155000686645508,24.47832489013672,8186800
2019-08-30,28.3799991607666,28.489999771118164,28.2549991607666,28.344999313354492,24.643510818481445,10142600
2019-09-03,28.125,28.184999465942383,27.93000030517578,28.1200008392334,24.447895050048828,11615800
2019-09-04,28.3700008392334,28.485000610351562,28.280000686645508,28.46500015258789,24.747840881347656,11884000
2019-09-05,28.670000076293945,28.774999618530273,28.485000610351562,28.510000228881836,24.786968231201172,11648200
2019-09-06,28.565000534057617,28.69499969482422,28.44499969482422,28.6200008392334,24.882604598999023,7904600
2019-09-09,28.68000030517578,28.69499969482422,28.415000915527344,28.469999313354492,24.75218963623047,13704000
2019-09-10,28.44499969482422,28.7549991607666,28.395000457763672,28.75,24.995628356933594,9959000
2019-09-11,28.815000534057617,29.040000915527344,28.6200008392334,29.024999618530273,25.23471450805664,10816000
2019-09-12,29.225000381469727,29.3700008392334,29.030000686645508,29.25,25.430335998535156,21448400
2019-09-13,29.434999465942383,29.65999984741211,29.405000686645508,29.56999969482422,25.708539962768555,10948000
2019-09-16,29.479999542236328,29.59000015258789,29.05500030517578,29.084999084472656,25.286874771118164,9467600
2019-09-17,29.06999969482422,29.3799991607666,28.979999542236328,29.31999969482422,25.491188049316406,8162200
2019-09-18,29.329999923706055,29.3799991607666,29.06999969482422,29.334999084472656,25.504230499267578,8159200
2019-09-19,29.405000686645508,29.55500030517578,29.329999923706055,29.385000228881836,25.547704696655273,6528200
2019-09-20,29.344999313354492,29.399999618530273,29.040000915527344,29.170000076293945,25.488285064697266,10378400
2019-09-23,28.969999313354492,29.190000534057617,28.96500015258789,29.100000381469727,25.4271240234375,6141600
2019-09-24,29.15999984741211,29.225000381469727,28.760000228881836,28.850000381469727,25.20867347717285,18071400
2019-09-25,28.850000381469727,29.05500030517578,28.725000381469727,29.0,25.339736938476562,9181000
2019-09-26,29.03499984741211,29.049999237060547,28.80500030517578,28.934999465942383,25.282941818237305,8078000
2019-09-27,28.979999542236328,29.104999542236328,28.739999771118164,28.854999542236328,25.213041305541992,12372200
2019-09-30,28.8700008392334,29.155000686645508,28.864999771118164,29.100000381469727,25.4271240234375,7754200
2019-10-01,29.145000457763672,29.2450008392334,28.40999984741211,28.415000915527344,24.828582763671875,14609000
2019-10-02,28.149999618530273,28.190000534057617,27.639999389648438,27.905000686645508,24.382946014404297,23360800
2019-10-03,27.834999084472656,28.010000228881836,27.549999237060547,28.0049991607666,24.47032356262207,16530000
2019-10-04,28.024999618530273,28.219999313354492,28.0,28.155000686645508,24.60139274597168,12585800
2019-10-07,28.079999923706055,28.344999313354492,27.969999313354492,28.05500030517578,24.51401138305664,17257200
2019-10-08,27.854999542236328,27.875,27.55500030517578,27.565000534057617,24.08586311340332,15613800
2019-10-09,27.834999084472656,27.975000381469727,27.68000030517578,27.875,24.356739044189453,17766400
2019-10-10,27.96500015258789,28.264999389648438,27.889999389648438,28.1299991607666,24.579547882080078,13538800
2019-10-11,28.46500015258789,28.940000534057617,28.43000030517578,28.674999237060547,25.05575942993164,20600800
2019-10-14,28.575000762939453,28.649999618530273,28.454999923706055,28.469999313354492,24.876636505126953,9404600
2019-10-15,28.614999771118164,28.809999465942383,28.520000457763672,28.670000076293945,25.0513916015625,9787600
2019-10-16,28.674999237060547,28.940000534057617,28.655000686645508,28.729999542236328,25.103818893432617,7689200
2019-10-17,28.8700008392334,29.024999618530273,28.7549991607666,28.80500030517578,25.169357299804688,6221000
2019-10-18,28.729999542236328,28.8799991607666,28.639999389648438,28.7549991607666,25.125669479370117,6164200
2019-10-21,28.885000228881836,28.975000381469727,28.665000915527344,28.665000915527344,25.047021865844727,5849800
2019-10-22,28.645000457763672,28.739999771118164,28.420000076293945,28.545000076293945,24.94217300415039,8107000
2019-10-23,28.649999618530273,28.850000381469727,28.6200008392334,28.725000381469727,25.099456787109375,7993000
2019-10-24,28.834999084472656,28.9950008392334,28.65999984741211,28.815000534057617,25.178089141845703,9324600
2019-10-25,28.81999969482422,29.200000762939453,28.790000915527344,29.1299991607666,25.453332901000977,8075000
2019-10-28,29.2450008392334,29.3700008392334,29.125,29.219999313354492,25.531970977783203,6809000
2019-10-29,29.09000015258789,29.53499984741211,29.024999618530273,29.399999618530273,25.68924903869629,8291000
2019-10-30,29.309999465942383,29.469999313354492,29.170000076293945,29.424999237060547,25.71109962463379,12694400
2019-10-31,29.389999389648438,29.450000762939453,28.934999465942383,29.094999313354492,25.422748565673828,14273400
2019-11-01,29.2450008392334,29.5049991607666,29.21500015258789,29.5049991607666,25.781002044677734,9332600
2019-11-04,29.725000381469727,29.795000076293945,29.579999923706055,29.735000610351562,25.98197364807129,6178600
2019-11-05,29.725000381469727,29.950000762939453,29.670000076293945,29.78499984741211,26.02566146850586,7481000
2019-11-06,29.760000228881836,29.844999313354492,29.655000686645508,29.764999389648438,26.0081844329834,7988600
2019-11-07,29.93000030517578,29.9950008392334,29.850000381469727,29.96500015258789,26.182939529418945,8387800
2019-11-08,29.899999618530273,30.09000015258789,29.875,30.084999084472656,26.287796020507812,5760200
2019-11-11,29.924999237060547,30.075000762939453,29.8700008392334,30.040000915527344,26.24847984313965,8242600
2019-11-12,30.135000228881836,30.299999237060547,30.040000915527344,30.19499969482422,26.3839111328125,9920600
2019-11-13,30.06999969482422,30.18000030517578,29.96500015258789,30.020000457763672,26.231000900268555,10682000
2019-11-14,29.950000762939453,30.229999542236328,29.934999465942383,30.204999923706055,26.39265251159668,7162400
2019-11-15,30.354999542236328,30.405000686645508,30.100000381469727,30.18000030517578,26.370803833007812,6821800
2019-11-18,30.05500030517578,30.19499969482422,30.020000457763672,30.104999542236328,26.30527114868164,5833200
2019-11-19,30.235000610351562,30.235000610351562,29.940000534057617,30.040000915527344,26.24847984313965,7262400
2019-11-20,29.924999237060547,29.979999542236328,29.6299991607666,29.665000915527344,25.920808792114258,11225400
2019-11-21,29.655000686645508,29.700000762939453,29.540000915527344,29.614999771118164,25.877117156982422,6347200
2019-11-22,29.684999465942383,29.795000076293945,29.6299991607666,29.665000915527344,25.920808792114258,5749400
2019-11-25,29.764999389648438,29.8700008392334,29.725000381469727,29.860000610351562,26.09119987487793,6228600
2019-11-26,29.84000015258789,30.045000076293945,29.770000457763672,30.010000228881836,26.222267150878906,7871200
2019-11-27,30.065000534057617,30.155000686645508,29.905000686645508,30.1299991607666,26.327116012573242,10083000
2019-11-29,30.024999618530273,30.114999771118164,29.920000076293945,30.020000457763672,26.231000900268555,7067200
2019-12-02,29.969999313354492,30.024999618530273,29.719999313354492,29.719999313354492,25.9688663482666,13946400
2019-12-03,29.459999084472656,29.565000534057617,29.309999465942383,29.530000686645508,25.802846908569336,17312600
2019-12-04,29.725000381469727,29.924999237060547,29.530000686645508,29.594999313354492,25.859643936157227,11218600
2019-12-05,29.645000457763672,29.764999389648438,29.4950008392334,29.7450008392334,25.990711212158203,10409200
2019-12-06,29.989999771118164,30.100000381469727,29.915000915527344,30.049999237060547,26.257213592529297,13194400
2019-12-09,30.079999923706055,30.155000686645508,29.950000762939453,29.989999771118164,26.204784393310547,5500400
2019-12-10,29.940000534057617,29.985000610351562,29.7549991607666,29.809999465942383,26.04750633239746,7099600
2019-12-11,29.950000762939453,30.065000534057617,29.889999389648438,30.03499984741211,26.244108200073242,6985400
2019-12-12,30.06999969482422,30.4950008392334,30.0,30.454999923706055,26.611095428466797,14450800
2019-12-13,30.4950008392334,30.6200008392334,30.209999084472656,30.219999313354492,26.405757904052734,10166800
2019-12-16,30.4950008392334,30.524999618530273,30.31999969482422,30.350000381469727,26.519350051879883,17986000
2019-12-17,30.399999618530273,30.530000686645508,30.295000076293945,30.395000457763672,26.558670043945312,10051600
2019-12-18,30.424999237060547,30.424999237060547,30.125,30.354999542236328,26.52372169494629,7347400
2019-12-19,30.3799991607666,30.5049991607666,30.350000381469727,30.459999084472656,26.615468978881836,6191200
2019-12-20,30.30500030517578,30.485000610351562,30.30500030517578,30.440000534057617,26.744625091552734,8337800
2019-12-23,30.424999237060547,30.549999237060547,30.350000381469727,30.524999618530273,26.819303512573242,6288000
2019-12-24,30.540000915527344,30.6299991607666,30.489999771118164,30.559999465942383,26.850053787231445,2901400
2019-12-26,30.625,30.69499969482422,30.520000457763672,30.69499969482422,26.96866226196289,5604800
2019-12-27,30.80500030517578,30.80500030517578,30.565000534057617,30.579999923706055,26.867626190185547,13605400
2019-12-30,30.645000457763672,30.649999618530273,30.450000762939453,30.485000610351562,26.78415870666504,6015400
2019-12-31,30.479999542236328,30.739999771118164,30.434999465942383,30.709999084472656,26.981843948364258,5390000
2020-01-02,30.915000915527344,30.969999313354492,30.315000534057617,30.350000381469727,26.665544509887695,14714800
2020-01-03,30.040000915527344,30.219999313354492,29.850000381469727,29.860000610351562,26.235036849975586,24846400
2020-01-06,29.774999618530273,29.915000915527344,29.704999923706055,29.729999542236328,26.12081527709961,31528800
2020-01-07,29.68000030517578,29.899999618530273,29.600000381469727,29.69499969482422,26.090065002441406,40533800
2020-01-08,29.700000762939453,29.920000076293945,29.600000381469727,29.799999237060547,26.182321548461914,16159200
2020-01-09,29.895000457763672,29.96500015258789,29.815000534057617,29.90999984741211,26.278959274291992,7572400
2020-01-10,29.979999542236328,30.05500030517578,29.739999771118164,29.790000915527344,26.173532485961914,11274800
2020-01-13,29.815000534057617,30.184999465942383,29.78499984741211,30.174999237060547,26.511791229248047,8818600
2020-01-14,30.145000457763672,30.235000610351562,29.985000610351562,30.049999237060547,26.401962280273438,11010200
2020-01-15,30.045000076293945,30.395000457763672,30.040000915527344,30.2549991607666,26.582080841064453,7797000
2020-01-16,30.360000610351562,30.485000610351562,30.260000228881836,30.434999465942383,26.7402286529541,18799800
2020-01-17,30.469999313354492,30.575000762939453,30.389999389648438,30.56999969482422,26.858842849731445,10894400
2020-01-21,30.360000610351562,30.415000915527344,30.19499969482422,30.239999771118164,26.56890106201172,7614800
2020-01-22,30.30500030517578,30.329999923706055,30.104999542236328,30.1200008392334,26.463464736938477,5475000
2020-01-23,29.8799991607666,30.114999771118164,29.665000915527344,30.084999084472656,26.43271827697754,6925200
2020-01-24,30.1299991607666,30.145000457763672,29.7450008392334,29.8700008392334,26.24382209777832,10493400
2020-01-27,29.34000015258789,29.434999465942383,29.225000381469727,29.225000381469727,25.677122116088867,13869200
2020-01-28,29.3700008392334,29.649999618530273,29.30500030517578,29.55500030517578,25.967063903808594,8982200
2020-01-29,29.655000686645508,29.815000534057617,29.635000228881836,29.649999618530273,26.050521850585938,7138400
2020-01-30,29.260000228881836,29.5049991607666,29.06999969482422,29.46500015258789,25.887989044189453,17398200
2020-01-31,29.19499969482422,29.21500015258789,28.719999313354492,28.815000534057617,25.316896438598633,22041400
2020-02-03,28.924999237060547,29.549999237060547,28.899999618530273,29.420000076293945,25.848447799682617,24321200
2020-02-04,29.780000686645508,30.100000381469727,29.65999984741211,29.940000534057617,26.305326461791992,27190200
2020-02-05,30.200000762939453,30.549999237060547,29.985000610351562,30.4950008392334,26.792943954467773,34300800
2020-02-06,30.645000457763672,30.645000457763672,30.3700008392334,30.479999542236328,26.779760360717773,24751800
2020-02-07,30.290000915527344,30.290000915527344,29.940000534057617,30.045000076293945,26.39757537841797,15666600
2020-02-10,30.0,30.110000610351562,29.934999465942383,30.030000686645508,26.384397506713867,9051200
2020-02-11,30.190000534057617,30.469999313354492,30.174999237060547,30.19499969482422,26.529369354248047,8116800
2020-02-12,30.399999618530273,30.420000076293945,30.260000228881836,30.360000610351562,26.674333572387695,6487000
2020-02-13,30.31999969482422,30.440000534057617,30.170000076293945,30.25,26.577688217163086,8235600
2020-02-14,30.260000228881836,30.3700008392334,30.174999237060547,30.2549991607666,26.582080841064453,7255000
2020-02-18,30.209999084472656,30.28499984741211,30.040000915527344,30.18000030517578,26.51618003845215,9416200
2020-02-19,30.25,30.375,30.229999542236328,30.260000228881836,26.586469650268555,13654800
2020-02-20,30.149999618530273,30.514999389648438,30.09000015258789,30.309999465942383,26.630401611328125,10361200
2020-02-21,30.184999465942383,30.280000686645508,30.100000381469727,30.170000076293945,26.507396697998047,13041000
2020-02-24,29.405000686645508,29.540000915527344,29.184999465942383,29.31999969482422,25.760589599609375,18589800
2020-02-25,29.325000762939453,29.350000381469727,27.979999542236328,28.05500030517578,24.64915657043457,40124000
2020-02-26,28.204999923706055,28.579999923706055,27.915000915527344,27.959999084472656,24.56568717956543,28607200
2020-02-27,27.5,27.81999969482422,26.649999618530273,26.649999618530273,23.414724349975586,41394400
2020-02-28,25.80500030517578,26.405000686645508,25.575000762939453,26.360000610351562,23.159931182861328,61483400
2020-03-02,26.610000610351562,27.4950008392334,26.315000534057617,27.489999771118164,24.152746200561523,33634600
2020-03-03,27.579999923706055,28.06999969482422,26.885000228881836,27.25,23.941877365112305,56780400
2020-03-04,27.729999542236328,28.395000457763672,27.344999313354492,28.3799991607666,24.934703826904297,28159600
2020-03-05,27.559999465942383,27.8700008392334,27.309999465942383,27.479999542236328,24.143959045410156,28354600
2020-03-06,26.764999389648438,26.989999771118164,26.2450008392334,26.764999389648438,23.515758514404297,37882200
2020-03-09,24.84000015258789,25.764999389648438,24.18000030517578,24.260000228881836,21.314868927001953,28490000
2020-03-10,25.170000076293945,25.280000686645508,24.020000457763672,25.2450008392334,22.18029022216797,33436000
2020-03-11,24.524999618530273,24.594999313354492,23.709999084472656,24.045000076293945,21.125965118408203,29909600
2020-03-12,22.28499984741211,23.2549991607666,21.184999465942383,21.729999542236328,19.092002868652344,30731600
2020-03-13,23.135000228881836,23.270000457763672,21.600000381469727,23.2549991607666,20.431873321533203,24228000
2020-03-16,18.844999313354492,21.614999771118164,18.844999313354492,20.69499969482422,18.182655334472656,28854200
2020-03-17,21.014999389648438,22.200000762939453,20.415000915527344,21.975000381469727,19.307260513305664,22089800
2020-03-18,20.549999237060547,21.395000457763672,19.209999084472656,20.56999969482422,18.07282257080078,19751800
2020-03-19,20.21500015258789,21.424999237060547,19.78499984741211,21.094999313354492,18.534088134765625,17973800
2020-03-20,21.274999618530273,21.30500030517578,20.010000228881836,20.34000015258789,17.87074851989746,30497400
2020-03-23,20.079999923706055,20.219999313354492,19.079999923706055,19.174999237060547,16.959739685058594,37354800
2020-03-24,20.385000228881836,21.56999969482422,20.21500015258789,21.43000030517578,18.9542293548584,23758600
2020-03-25,21.350000381469727,22.815000534057617,21.1299991607666,21.93000030517578,19.39646339416504,27152800
2020-03-26,22.190000534057617,23.06999969482422,22.145000457763672,22.959999084472656,20.307462692260742,26767800
2020-03-27,22.104999542236328,22.604999542236328,21.934999465942383,22.1299991607666,19.57335090637207,28151200
2020-03-30,22.405000686645508,22.924999237060547,22.219999313354492,22.834999084472656,20.196908950805664,19508400
2020-03-31,22.764999389648438,23.084999084472656,22.43000030517578,22.520000457763672,19.918304443359375,17017400
2020-04-01,21.69499969482422,22.1200008392334,21.44499969482422,21.5049991607666,19.02056312561035,20480800
2020-04-02,21.479999542236328,22.364999771118164,21.434999465942383,21.829999923706055,19.30801010131836,23569200
2020-04-03,21.68000030517578,22.125,21.209999084472656,21.30500030517578,18.843671798706055,18531600
2020-04-06,22.219999313354492,23.059999465942383,22.219999313354492,22.889999389648438,20.24555015563965,20933400
2020-04-07,23.735000610351562,24.315000534057617,23.385000228881836,23.5,20.785083770751953,22422600
2020-04-08,23.75,24.760000228881836,23.485000610351562,24.649999618530273,21.802228927612305,32927200
2020-04-09,24.920000076293945,25.850000381469727,24.895000457763672,25.709999084472656,22.739768981933594,61476000
2020-04-13,25.510000228881836,25.579999923706055,24.795000076293945,25.145000457763672,22.240039825439453,31714600
2020-04-14,25.670000076293945,25.834999084472656,25.209999084472656,25.469999313354492,22.52749252319336,16524000
2020-04-15,24.65999984741211,24.684999465942383,24.104999542236328,24.299999237060547,21.49266242980957,11401200
2020-04-16,24.344999313354492,24.395000457763672,23.760000228881836,24.15999984741211,21.36883544921875,9255800
2020-04-17,24.729999542236328,25.209999084472656,24.725000381469727,25.1299991607666,22.226768493652344,12609200
2020-04-20,24.690000534057617,25.09000015258789,24.440000534057617,24.510000228881836,21.678401947021484,9686400
2020-04-21,23.885000228881836,24.174999237060547,23.795000076293945,23.905000686645508,21.143293380737305,11975400
2020-04-22,24.395000457763672,24.559999465942383,24.135000228881836,24.375,21.558992385864258,7665200
2020-04-23,24.514999389648438,25.045000076293945,24.514999389648438,24.545000076293945,21.709354400634766,12767200
2020-04-24,24.7450008392334,25.0,24.475000381469727,24.93000030517578,22.049877166748047,8291400
2020-04-27,25.0049991607666,25.690000534057617,24.969999313354492,25.594999313354492,22.638050079345703,9722200
2020-04-28,26.014999389648438,26.225000381469727,25.75,26.06999969482422,23.058176040649414,13503800
2020-04-29,26.610000610351562,26.8700008392334,26.5,26.735000610351562,23.646343231201172,11752600
2020-04-30,26.315000534057617,26.315000534057617,25.899999618530273,25.940000534057617,22.94319725036621,10813600
2020-05-01,25.489999771118164,25.600000381469727,25.15999984741211,25.395000457763672,22.461158752441406,10134000
2020-05-04,25.200000762939453,25.520000457763672,24.950000762939453,25.485000610351562,22.540760040283203,10141000
2020-05-05,25.709999084472656,25.895000457763672,25.4950008392334,25.549999237060547,22.598255157470703,9034000
2020-05-06,25.6200008392334,25.815000534057617,25.084999084472656,25.110000610351562,22.20907974243164,7506400
2020-05-07,25.360000610351562,25.854999542236328,25.325000762939453,25.625,22.66458511352539,8245800
2020-05-08,25.9950008392334,26.274999618530273,25.915000915527344,26.239999771118164,23.208532333374023,7567000
2020-05-11,25.80500030517578,25.959999084472656,25.575000762939453,25.84000015258789,22.854751586914062,8857200
2020-05-12,25.924999237060547,26.09000015258789,25.44499969482422,25.44499969482422,22.505382537841797,8400000
2020-05-13,25.31999969482422,25.424999237060547,24.68000030517578,24.90999984741211,22.032188415527344,10532200
2020-05-14,24.450000762939453,25.21500015258789,24.15999984741211,25.21500015258789,22.30195426940918,10842000
2020-05-15,25.05500030517578,25.454999923706055,24.93000030517578,25.434999465942383,22.496530532836914,9761200
2020-05-18,26.309999465942383,26.80500030517578,26.2450008392334,26.594999313354492,23.522518157958984,8851400
2020-05-19,26.4950008392334,26.709999084472656,26.315000534057617,26.34000015258789,23.296977996826172,9785800
2020-05-20,26.690000534057617,27.049999237060547,26.684999465942383,26.760000228881836,23.668460845947266,7598600
2020-05-21,26.68000030517578,26.825000762939453,26.405000686645508,26.5049991607666,23.442920684814453,10491400
2020-05-22,26.475000381469727,26.514999389648438,26.260000228881836,26.46500015258789,23.407541275024414,7465200
2020-05-26,27.065000534057617,27.334999084472656,26.969999313354492,27.190000534057617,24.04878044128418,8228800
2020-05-27,27.5,27.645000457763672,27.114999771118164,27.46500015258789,24.292007446289062,13983400
2020-05-28,27.850000381469727,27.94499969482422,27.450000762939453,27.719999313354492,24.51755142211914,10969400
2020-05-29,27.725000381469727,27.81999969482422,27.395000457763672,27.725000381469727,24.521974563598633,14772600
2020-06-01,27.735000610351562,28.014999389648438,27.69499969482422,27.915000915527344,24.690025329589844,6466800
2020-06-02,28.0049991607666,28.459999084472656,27.975000381469727,28.420000076293945,25.136688232421875,8655400
2020-06-03,28.774999618530273,29.274999618530273,28.739999771118164,29.065000534057617,25.707170486450195,9448200
2020-06-04,28.94499969482422,29.25,28.899999618530273,29.170000076293945,25.800033569335938,9007400
2020-06-05,29.934999465942383,30.145000457763672,29.81999969482422,29.915000915527344,26.458969116210938,11260000
2020-06-08,30.030000686645508,30.125,29.690000534057617,29.954999923706055,26.49435043334961,10513000
2020-06-09,29.610000610351562,29.78499984741211,29.415000915527344,29.59000015258789,26.17151641845703,12017800
2020-06-10,29.71500015258789,29.71500015258789,29.135000228881836,29.2549991607666,25.875211715698242,10384800
2020-06-11,28.424999237060547,28.510000228881836,26.8799991607666,26.9950008392334,23.87630844116211,58196800
2020-06-12,27.93000030517578,28.045000076293945,27.0,27.520000457763672,24.340656280517578,27863800
2020-06-15,26.795000076293945,27.975000381469727,26.645000457763672,27.809999465942383,24.597156524658203,13771400
2020-06-16,28.770000457763672,28.895000457763672,27.954999923706055,28.389999389648438,25.11014747619629,19004800
2020-06-17,28.56999969482422,28.600000381469727,28.075000762939453,28.155000686645508,24.902297973632812,8050800
2020-06-18,28.049999237060547,28.334999084472656,28.0,28.174999237060547,24.919986724853516,7135200
2020-06-19,28.645000457763672,28.69499969482422,27.889999389648438,28.09000015258789,24.844810485839844,14837000
2020-06-22,27.93000030517578,28.155000686645508,27.684999465942383,28.040000915527344,24.936853408813477,6738800
2020-06-23,28.459999084472656,28.485000610351562,28.094999313354492,28.104999542236328,24.994659423828125,6232000
2020-06-24,27.80500030517578,27.834999084472656,27.204999923706055,27.28499984741211,24.265405654907227,11306000
2020-06-25,27.209999084472656,27.655000686645508,26.96500015258789,27.625,24.56777572631836,10509400
2020-06-26,27.520000457763672,27.56999969482422,27.079999923706055,27.2450008392334,24.22983741760254,16345800
2020-06-29,27.475000381469727,27.895000457763672,27.40999984741211,27.774999618530273,24.70117950439453,9878200
2020-06-30,27.68000030517578,28.34000015258789,27.600000381469727,28.174999237060547,25.05691146850586,7877800
2020-07-01,28.204999923706055,28.329999923706055,27.850000381469727,28.235000610351562,25.110271453857422,16292200
2020-07-02,28.6299991607666,29.0,28.56999969482422,28.764999389648438,25.58161735534668,16065800
2020-07-06,29.309999465942383,29.34000015258789,28.799999237060547,29.174999237060547,25.946237564086914,15728400
2020-07-07,28.96500015258789,29.270000457763672,28.94499969482422,29.184999465942383,25.955135345458984,14897400
2020-07-08,29.235000610351562,29.389999389648438,28.44499969482422,28.770000457763672,25.586063385009766,18333600
2020-07-09,28.905000686645508,28.94499969482422,28.18000030517578,28.5,25.345947265625,31458800
2020-07-10,28.565000534057617,29.030000686645508,28.545000076293945,28.9950008392334,25.786163330078125,9314200
2020-07-13,29.295000076293945,29.584999084472656,28.975000381469727,28.9950008392334,25.786163330078125,18069200
2020-07-14,28.934999465942383,29.764999389648438,28.899999618530273,29.725000381469727,26.435375213623047,18868200
2020-07-15,30.2450008392334,30.350000381469727,30.020000457763672,30.225000381469727,26.880041122436523,16457200
2020-07-16,30.28499984741211,30.55500030517578,30.174999237060547,30.325000762939453,26.968978881835938,11128800
2020-07-17,30.540000915527344,30.65999984741211,30.43000030517578,30.579999923706055,27.195751190185547,8155600
2020-07-20,30.565000534057617,30.645000457763672,30.264999389648438,30.315000534057617,26.9600772857666,7186400
2020-07-21,30.5049991607666,30.729999542236328,30.5049991607666,30.579999923706055,27.195751190185547,7554200
2020-07-22,30.530000686645508,30.94499969482422,30.520000457763672,30.934999465942383,27.5114688873291,5899400
2020-07-23,30.90999984741211,31.145000457763672,30.625,30.84000015258789,27.426979064941406,8828000
2020-07-24,30.729999542236328,30.895000457763672,30.559999465942383,30.735000610351562,27.333600997924805,11727000
2020-07-27,30.934999465942383,31.295000076293945,30.834999084472656,31.18000030517578,27.729354858398438,7281800
2020-07-28,31.084999084472656,31.084999084472656,30.46500015258789,30.4950008392334,27.120162963867188,9140200
2020-07-29,30.594999313354492,30.834999084472656,30.545000076293945,30.7450008392334,27.342498779296875,8223000
2020-07-30,30.28499984741211,30.375,29.899999618530273,30.149999618530273,26.813343048095703,14042200
2020-07-31,30.204999923706055,30.2549991607666,29.799999237060547,30.18000030517578,26.840024948120117,10541400
2020-08-03,30.334999084472656,30.344999313354492,30.0049991607666,30.010000228881836,26.688831329345703,11077800
2020-08-04,29.889999389648438,30.5049991607666,29.829999923706055,30.434999465942383,27.06679344177246,15835000
2020-08-05,30.719999313354492,31.204999923706055,30.635000228881836,30.8799991607666,27.46255111694336,11793000
2020-08-06,30.84000015258789,30.920000076293945,30.6299991607666,30.75,27.346940994262695,13939400
2020-08-07,30.59000015258789,30.860000610351562,30.44499969482422,30.854999542236328,27.440324783325195,7971600
2020-08-10,30.885000228881836,31.155000686645508,30.84000015258789,31.155000686645508,27.707117080688477,6678200
2020-08-11,31.424999237060547,31.604999542236328,31.040000915527344,31.100000381469727,27.658205032348633,8975200
2020-08-12,31.475000381469727,31.510000228881836,31.209999084472656,31.28499984741211,27.822731018066406,7929000
2020-08-13,31.135000228881836,31.399999618530273,31.094999313354492,31.280000686645508,27.818286895751953,16852000
2020-08-14,31.139999389648438,31.440000534057617,31.100000381469727,31.315000534057617,27.84941291809082,5179600
2020-08-17,31.559999465942383,31.68000030517578,31.325000762939453,31.454999923706055,27.973922729492188,3719600
2020-08-18,31.55500030517578,31.614999771118164,31.295000076293945,31.325000762939453,27.858308792114258,4764000
2020-08-19,31.44499969482422,31.520000457763672,31.145000457763672,31.235000610351562,27.77826690673828,6209400
2020-08-20,31.0,31.145000457763672,30.915000915527344,31.125,27.680438995361328,4662400
2020-08-21,30.889999389648438,31.0,30.774999618530273,30.94499969482422,27.520360946655273,5512600
2020-08-24,31.34000015258789,31.4950008392334,31.235000610351562,31.489999771118164,28.005041122436523,7063200
2020-08-25,31.600000381469727,31.704999923706055,31.229999542236328,31.364999771118164,27.893878936767578,5754800
2020-08-26,31.334999084472656,31.75,31.2549991607666,31.69499969482422,28.18735694885254,4762800
2020-08-27,31.80500030517578,31.8700008392334,31.514999389648438,31.610000610351562,28.11176872253418,7297600
2020-08-28,31.764999389648438,32.01499938964844,31.6200008392334,31.985000610351562,28.44526481628418,4845800
2020-08-31,31.93000030517578,32.005001068115234,31.4950008392334,31.4950008392334,28.009496688842773,6109400
2020-09-01,31.4950008392334,32.415000915527344,31.3700008392334,32.380001068115234,28.79655647277832,18465600
2020-09-02,32.51499938964844,33.165000915527344,32.30500030517578,33.1150016784668,29.450212478637695,22911200
2020-09-03,33.06999969482422,33.06999969482422,31.860000610351562,32.20000076293945,28.636470794677734,28891200
2020-09-04,32.38999938964844,32.560001373291016,31.735000610351562,32.220001220703125,28.654258728027344,27926400
2020-09-08,31.899999618530273,31.924999237060547,31.375,31.614999771118164,28.1162109375,16465800
2020-09-09,32.005001068115234,32.64500045776367,31.985000610351562,32.43000030517578,28.841014862060547,13236200
2020-09-10,32.59000015258789,32.709999084472656,32.064998626708984,32.125,28.569774627685547,14234600
2020-09-11,32.380001068115234,32.69499969482422,32.22999954223633,32.53499984741211,28.934398651123047,19443800
2020-09-14,32.80500030517578,33.099998474121094,32.67499923706055,33.005001068115234,29.35238265991211,11562800
2020-09-15,33.16999816894531,33.3849983215332,33.150001525878906,33.165000915527344,29.49467658996582,8611200
2020-09-16,33.2400016784668,33.56999969482422,33.095001220703125,33.189998626708984,29.516910552978516,19141200
2020-09-17,32.84000015258789,33.505001068115234,32.665000915527344,33.435001373291016,29.734800338745117,23226600
2020-09-18,33.540000915527344,33.540000915527344,32.82500076293945,32.86000061035156,29.223438262939453,18910000
2020-09-21,32.04499816894531,32.07500076293945,31.239999771118164,31.604999542236328,28.239665985107422,16070800
2020-09-22,31.6299991607666,31.7450008392334,31.405000686645508,31.665000915527344,28.293277740478516,11727400
2020-09-23,31.604999542236328,31.635000228881836,30.709999084472656,30.735000610351562,27.462305068969727,14883600
2020-09-24,30.719999313354492,31.270000457763672,30.46500015258789,30.954999923706055,27.658878326416016,22009400
2020-09-25,30.665000915527344,31.329999923706055,30.55500030517578,31.229999542236328,27.904592514038086,8869000
2020-09-28,31.674999237060547,31.9950008392334,31.545000076293945,31.735000610351562,28.355817794799805,8570600
2020-09-29,31.7549991607666,31.854999542236328,31.415000915527344,31.5,28.145845413208008,11333400
2020-09-30,31.639999389648438,32.08000183105469,31.56999969482422,31.81999969482422,28.431772232055664,12347200
2020-10-01,31.969999313354492,32.119998931884766,31.264999389648438,31.3700008392334,28.029687881469727,29154800
2020-10-02,31.014999389648438,31.895000457763672,30.920000076293945,31.649999618530273,28.279876708984375,27853200
2020-10-05,31.905000686645508,32.470001220703125,31.895000457763672,32.255001068115234,28.820451736450195,18641400
2020-10-06,32.415000915527344,32.68000030517578,31.790000915527344,31.850000381469727,28.45857810974121,31358800
2020-10-07,32.255001068115234,32.755001068115234,32.20500183105469,32.66999816894531,29.19126319885254,14277800
2020-10-08,32.91999816894531,33.125,32.83000183105469,33.0,29.48612403869629,12583200
2020-10-09,33.275001525878906,33.400001525878906,33.04999923706055,33.255001068115234,29.713973999023438,9547600
2020-10-12,33.44499969482422,33.48500061035156,33.18000030517578,33.20000076293945,29.664831161499023,8131200
2020-10-13,32.96500015258789,33.150001525878906,32.779998779296875,32.904998779296875,29.4012393951416,10341200
2020-10-14,32.939998626708984,33.21500015258789,32.89500045776367,33.0,29.48612403869629,8767000
2020-10-15,32.540000915527344,32.94499969482422,32.5,32.904998779296875,29.4012393951416,8749800
2020-10-16,33.099998474121094,33.290000915527344,33.005001068115234,33.1349983215332,29.606748580932617,20165000
2020-10-19,33.244998931884766,33.36000061035156,32.650001525878906,32.75,29.26274299621582,10827600
2020-10-20,32.94499969482422,33.17499923706055,32.724998474121094,32.82500076293945,29.329763412475586,8399800
2020-10-21,32.81999969482422,33.20500183105469,32.70000076293945,32.70000076293945,29.218069076538086,7800400
2020-10-22,32.685001373291016,32.91999816894531,32.36000061035156,32.880001068115234,29.37889862060547,7066400
2020-10-23,33.1150016784668,33.2400016784668,32.834999084472656,33.0,29.48612403869629,8233000
2020-10-26,32.584999084472656,32.59000015258789,31.924999237060547,32.17499923706055,28.74897003173828,14833600
2020-10-27,32.185001373291016,32.22999954223633,31.850000381469727,31.8700008392334,28.476449966430664,9313000
2020-10-28,31.09000015258789,31.395000457763672,30.850000381469727,30.969999313354492,27.67227554321289,15424600
2020-10-29,30.8799991607666,31.854999542236328,30.770000457763672,31.610000610351562,28.24413299560547,15086800
2020-10-30,31.479999542236328,31.719999313354492,31.09000015258789,31.59000015258789,28.226261138916016,14679800
2020-11-02,32.064998626708984,32.755001068115234,31.979999542236328,32.63999938964844,29.16445541381836,15868400
2020-11-03,33.029998779296875,33.31999969482422,32.80500030517578,33.150001525878906,29.620153427124023,17784200
2020-11-04,32.994998931884766,33.20500183105469,32.28499984741211,32.584999084472656,29.115318298339844,22194600
2020-11-05,33.334999084472656,34.16999816894531,33.310001373291016,33.915000915527344,30.303693771362305,17707400
2020-11-06,34.11000061035156,34.30500030517578,33.86000061035156,34.0,30.37964630126953,12151400
2020-11-09,35.630001068115234,36.20500183105469,34.71500015258789,34.76499938964844,31.063186645507812,32868400
2020-11-10,34.90999984741211,35.255001068115234,34.8650016784668,35.17499923706055,31.429521560668945,19650600
2020-11-11,35.20000076293945,35.20000076293945,34.415000915527344,34.650001525878906,30.960426330566406,12835400
2020-11-12,34.494998931884766,34.52000045776367,33.70000076293945,33.91999816894531,30.30815887451172,11053200
2020-11-13,34.17499923706055,34.60499954223633,34.165000915527344,34.505001068115234,30.83086395263672,11077200
2020-11-16,35.060001373291016,35.22999954223633,34.790000915527344,35.185001373291016,31.438472747802734,10964200
2020-11-17,34.96500015258789,35.1349983215332,34.61000061035156,35.05500030517578,31.322311401367188,13893800
2020-11-18,35.16999816894531,35.275001525878906,34.75,34.76499938964844,31.063186645507812,9243000
2020-11-19,34.67499923706055,34.96500015258789,34.400001525878906,34.90999984741211,31.19274139404297,7465400
2020-11-20,34.900001525878906,35.040000915527344,34.724998474121094,34.880001068115234,31.16593360900879,8858000
2020-11-23,35.154998779296875,35.3849983215332,35.0099983215332,35.16999816894531,31.42506217956543,8959000
2020-11-24,35.494998931884766,36.150001525878906,35.45500183105469,36.04499816894531,32.20689010620117,12274400
2020-11-25,35.97999954223633,35.994998931884766,35.60499954223633,35.66999816894531,31.87181854248047,7890200
2020-11-27,35.83000183105469,35.98500061035156,35.685001373291016,35.85499954223633,32.03711700439453,4594600
2020-11-30,35.80500030517578,35.834999084472656,35.30500030517578,35.494998931884766,31.715450286865234,9913400
2020-12-01,36.099998474121094,36.165000915527344,35.720001220703125,35.8849983215332,32.063926696777344,10474200
2020-12-02,35.775001525878906,35.900001525878906,35.36000061035156,35.42499923706055,31.652910232543945,10779600
2020-12-03,35.525001525878906,35.64500045776367,35.099998474121094,35.18000030517578,31.433988571166992,11470200
2020-12-04,35.33000183105469,35.89500045776367,35.31999969482422,35.88999938964844,32.06839370727539,11538400
2020-12-07,35.8650016784668,35.970001220703125,35.529998779296875,35.654998779296875,31.858417510986328,8008800
2020-12-08,35.459999084472656,35.939998626708984,35.44499969482422,35.85499954223633,32.03711700439453,7046600
2020-12-09,35.994998931884766,36.064998626708984,35.53499984741211,35.875,32.05498504638672,13517800
2020-12-10,35.685001373291016,35.959999084472656,35.53499984741211,35.654998779296875,31.858417510986328,7156600
2020-12-11,35.415000915527344,35.6150016784668,35.185001373291016,35.45000076293945,31.675243377685547,6851600
2020-12-14,35.7599983215332,35.814998626708984,34.98500061035156,35.0,31.273157119750977,10226400
2020-12-15,35.334999084472656,35.724998474121094,35.244998931884766,35.6349983215332,31.84054183959961,8021400
2020-12-16,35.71500015258789,35.76499938964844,35.3849983215332,35.53499984741211,31.75119972229004,8139200
2020-12-17,35.869998931884766,35.974998474121094,35.73500061035156,35.94499969482422,32.1175422668457,7591400
2020-12-18,35.97999954223633,36.19499969482422,35.67499923706055,36.10499954223633,32.260501861572266,10906600
2020-12-21,35.290000915527344,35.82500076293945,35.0,35.73500061035156,32.08943176269531,10098600
2020-12-22,35.72999954223633,35.775001525878906,35.46500015258789,35.51499938964844,31.89186668395996,6653800
2020-12-23,35.709999084472656,35.939998626708984,35.54499816894531,35.564998626708984,31.936777114868164,8219200
2020-12-24,35.595001220703125,35.790000915527344,35.45500183105469,35.790000915527344,32.13882827758789,2732600
2020-12-28,36.125,36.16999816894531,35.6349983215332,35.650001525878906,32.01310348510742,5322600
2020-12-29,35.84000015258789,35.91999816894531,35.3849983215332,35.564998626708984,31.936777114868164,6852800
2020-12-30,35.685001373291016,36.130001068115234,35.665000915527344,36.05500030517578,32.376792907714844,5655000
2020-12-31,36.10499954223633,36.255001068115234,35.810001373291016,36.19499969482422,32.50251007080078,6500800
2021-01-04,36.51499938964844,36.70000076293945,35.64500045776367,35.849998474121094,32.192710876464844,18266000
2021-01-05,35.790000915527344,36.755001068115234,35.790000915527344,36.654998779296875,32.915584564208984,26812000
2021-01-06,37.04999923706055,38.42499923706055,37.0099983215332,38.154998779296875,34.262550354003906,48521400
2021-01-07,38.3849983215332,38.69499969482422,38.29999923706055,38.439998626708984,34.51847457885742,18577800
2021-01-08,38.5099983215332,38.54499816894531,37.779998779296875,38.255001068115234,34.35234832763672,16988400
2021-01-11,37.689998626708984,38.40999984741211,37.54999923706055,38.255001068115234,34.35234832763672,12240200
2021-01-12,38.220001220703125,38.8849983215332,38.095001220703125,38.7400016784668,34.787872314453125,17845800
2021-01-13,38.70000076293945,38.790000915527344,38.185001373291016,38.345001220703125,34.43317413330078,9809200
2021-01-14,38.470001220703125,38.505001068115234,38.16999816894531,38.21500015258789,34.31643295288086,11074000
2021-01-15,37.86000061035156,37.93000030517578,37.275001525878906,37.66999816894531,33.8270263671875,19709000
2021-01-19,37.974998474121094,38.07500076293945,37.63999938964844,37.79999923706055,33.94376754760742,9912400
2021-01-20,37.98500061035156,38.040000915527344,37.76499938964844,37.92499923706055,34.0560188293457,10326600
2021-01-21,37.880001068115234,37.95500183105469,37.35499954223633,37.369998931884766,33.557647705078125,12646600
2021-01-22,36.95000076293945,37.34000015258789,36.88999938964844,37.189998626708984,33.39599609375,12131800
2021-01-25,37.040000915527344,37.14500045776367,36.345001220703125,36.994998931884766,33.22090530395508,24149400
2021-01-26,37.224998474121094,37.3650016784668,36.474998474121094,36.48500061035156,32.76292419433594,13554800
2021-01-27,35.92499923706055,35.92499923706055,35.005001068115234,35.40999984741211,31.797584533691406,24779000
2021-01-28,35.76499938964844,36.244998931884766,35.66999816894531,36.02000045776367,32.345367431640625,14483400
2021-01-29,35.869998931884766,36.05500030517578,35.13999938964844,35.31999969482422,31.716768264770508,17979800
2021-02-01,35.685001373291016,35.79999923706055,35.15999984741211,35.73500061035156,32.08943176269531,16012000
2021-02-02,36.0,36.3849983215332,35.79999923706055,36.20500183105469,32.5114860534668,15789200
2021-02-03,36.30500030517578,36.4900016784668,36.13999938964844,36.275001525878906,32.57434844970703,12846200
2021-02-04,36.16999816894531,36.34000015258789,35.834999084472656,36.14500045776367,32.457611083984375,12994200
2021-02-05,36.494998931884766,36.814998626708984,36.41999816894531,36.76499938964844,33.01435852050781,12575600
2021-02-08,37.08000183105469,37.20000076293945,36.974998474121094,37.06999969482422,33.28824996948242,12635600
2021-02-09,37.09000015258789,37.119998931884766,36.70500183105469,36.79499816894531,33.041290283203125,14514000
2021-02-10,37.03499984741211,37.07500076293945,36.52000045776367,36.755001068115234,33.00537872314453,10917400
2021-02-11,36.8650016784668,37.0,36.474998474121094,36.790000915527344,33.03680419921875,13346000
2021-02-12,36.709999084472656,37.189998626708984,36.65999984741211,37.16999816894531,33.37804412841797,6575800
2021-02-16,37.310001373291016,37.435001373291016,37.04499816894531,37.099998474121094,33.315181732177734,12385800
2021-02-17,36.994998931884766,37.150001525878906,36.599998474121094,37.08000183105469,33.297218322753906,11821200
2021-02-18,36.98500061035156,37.025001525878906,36.68000030517578,36.849998474121094,33.09068298339844,12117600
2021-02-19,37.060001373291016,37.689998626708984,37.04999923706055,37.525001525878906,33.69682693481445,11360800
2021-02-22,37.47999954223633,37.82500076293945,37.35499954223633,37.66999816894531,33.8270263671875,12198600
2021-02-23,37.650001525878906,37.900001525878906,36.97999954223633,37.79999923706055,33.94376754760742,22024400
2021-02-24,37.81999969482422,38.290000915527344,37.68000030517578,38.130001068115234,34.2401123046875,14763400
2021-02-25,38.05500030517578,38.119998931884766,37.099998474121094,37.25,33.44987869262695,20375400
2021-02-26,37.154998779296875,37.27000045776367,36.53499984741211,36.775001525878906,33.023338317871094,16280200
2021-03-01,37.2599983215332,37.904998779296875,37.2599983215332,37.70500183105469,33.85845947265625,15016000
2021-03-02,37.814998626708984,38.2599983215332,37.790000915527344,37.915000915527344,34.04703903198242,15129200
2021-03-03,37.775001525878906,38.04499816894531,37.53499984741211,37.540000915527344,33.710289001464844,17340400
2021-03-04,37.47999954223633,37.630001068115234,36.16999816894531,36.810001373291016,33.05476379394531,37034800
2021-03-05,37.189998626708984,37.779998779296875,36.40999984741211,37.654998779296875,33.813568115234375,23513000
2021-03-08,37.779998779296875,38.72999954223633,37.71500015258789,38.15999984741211,34.267051696777344,29673000
2021-03-09,38.415000915527344,38.70500183105469,38.1349983215332,38.39500045776367,34.478057861328125,15732600
2021-03-10,38.584999084472656,39.334999084472656,38.560001373291016,39.029998779296875,35.04828643798828,14336600
2021-03-11,39.38999938964844,39.55500030517578,39.21500015258789,39.2400016784668,35.23686599731445,9525000
2021-03-12,39.23500061035156,39.369998931884766,39.130001068115234,39.345001220703125,35.33115768432617,9627600
2021-03-15,39.345001220703125,39.415000915527344,38.915000915527344,39.38999938964844,35.37156677246094,9292800
2021-03-16,39.35499954223633,39.39500045776367,38.845001220703125,39.064998626708984,35.07971954345703,13154200
2021-03-17,39.029998779296875,39.5099983215332,38.935001373291016,39.415000915527344,35.394020080566406,11091200
2021-03-18,39.31999969482422,39.77000045776367,39.119998931884766,39.19499969482422,35.19645309448242,13173600
2021-03-19,39.119998931884766,39.26499938964844,38.540000915527344,39.0,35.0213508605957,17836800
2021-03-22,38.775001525878906,39.02000045776367,38.54499816894531,38.86000061035156,35.04298782348633,12876400
2021-03-23,38.685001373291016,38.71500015258789,37.915000915527344,38.04999923706055,34.31255340576172,20470200
2021-03-24,38.220001220703125,38.86000061035156,38.220001220703125,38.32500076293945,34.560543060302734,13470600
2021-03-25,38.16999816894531,38.95000076293945,37.95000076293945,38.880001068115234,35.06102752685547,15393400
2021-03-26,39.244998931884766,39.875,39.1150016784668,39.845001220703125,35.93124771118164,15219200
2021-03-29,39.70000076293945,40.084999084472656,39.48500061035156,39.709999084472656,35.809505462646484,12979600
2021-03-30,39.69499969482422,39.80500030517578,39.4900016784668,39.595001220703125,35.70579147338867,13140600
2021-03-31,39.66999816894531,39.790000915527344,39.29999923706055,39.400001525878906,35.52995300292969,14174400
2021-04-01,39.46500015258789,39.775001525878906,39.224998474121094,39.744998931884766,35.841064453125,14325800
2021-04-05,40.154998779296875,40.380001068115234,39.959999084472656,40.23500061035156,36.282928466796875,17460600
2021-04-06,40.165000915527344,40.470001220703125,40.130001068115234,40.32500076293945,36.36410140991211,12551800
2021-04-07,40.2599983215332,40.33000183105469,39.54499816894531,39.630001068115234,35.737361907958984,17575600
2021-04-08,39.720001220703125,39.7599983215332,39.349998474121094,39.68000030517578,35.78245162963867,10828600
2021-04-09,39.775001525878906,40.03499984741211,39.654998779296875,40.025001525878906,36.09355926513672,10617600
2021-04-12,40.0,40.209999084472656,39.9900016784668,40.165000915527344,36.21981430053711,8856400
2021-04-13,40.099998474121094,40.189998626708984,39.88999938964844,40.06999969482422,36.134132385253906,9311800
2021-04-14,40.099998474121094,40.525001525878906,40.084999084472656,40.36000061035156,36.3956413269043,9953200
2021-04-15,40.560001373291016,40.90999984741211,40.400001525878906,40.834999084472656,36.82400131225586,10863000
2021-04-16,41.23500061035156,41.439998626708984,41.15999984741211,41.33000183105469,37.27037048339844,12927600
2021-04-19,41.33000183105469,41.404998779296875,40.90999984741211,41.13999938964844,37.09904479980469,12112600
2021-04-20,41.064998626708984,41.14500045776367,40.595001220703125,40.744998931884766,36.74284362792969,10643200
2021-04-21,40.755001068115234,41.53499984741211,40.70500183105469,41.48500061035156,37.4101448059082,10809000
2021-04-22,41.435001373291016,41.435001373291016,40.73500061035156,40.78499984741211,36.778900146484375,16101000
2021-04-23,40.96500015258789,41.59000015258789,40.814998626708984,41.45500183105469,37.38309860229492,9370000
2021-04-26,41.619998931884766,41.939998626708984,41.53499984741211,41.70000076293945,37.60403060913086,8192000
2021-04-27,41.51499938964844,41.709999084472656,41.334999084472656,41.59000015258789,37.50482940673828,8882800
2021-04-28,41.61000061035156,41.880001068115234,41.529998779296875,41.70500183105469,37.60854721069336,7793600
2021-04-29,41.959999084472656,41.98500061035156,41.53499984741211,41.96500015258789,37.84300231933594,11571000
2021-04-30,41.78499984741211,41.97999954223633,41.42499923706055,41.52000045776367,37.44171905517578,10352600
2021-05-03,41.875,42.38999938964844,41.845001220703125,42.13999938964844,38.00082015991211,12405600
2021-05-04,41.8650016784668,42.599998474121094,41.83000183105469,42.599998474121094,38.41563415527344,15622200
2021-05-05,42.77000045776367,43.209999084472656,42.77000045776367,43.13999938964844,38.902584075927734,15113400
2021-05-06,43.224998474121094,43.529998779296875,42.79999923706055,43.505001068115234,39.23173904418945,14774400
2021-05-07,43.51499938964844,44.02000045776367,43.32500076293945,43.935001373291016,39.61949920654297,15089400
2021-05-10,44.44499969482422,44.60499954223633,43.73500061035156,43.7400016784668,39.44365310668945,18238200
2021-05-11,43.38999938964844,43.94499969482422,43.09000015258789,43.8849983215332,39.574405670166016,18997000
2021-05-12,43.720001220703125,43.81999969482422,42.72999954223633,42.779998779296875,38.57794952392578,18269200
2021-05-13,42.845001220703125,43.564998626708984,42.744998931884766,43.435001373291016,39.16861343383789,22130400
2021-05-14,43.630001068115234,44.06999969482422,43.59000015258789,43.95500183105469,39.637542724609375,11112600
2021-05-17,43.97999954223633,44.41999816894531,43.7599983215332,44.34000015258789,39.98472213745117,15624000
2021-05-18,44.415000915527344,44.439998626708984,43.81999969482422,43.849998474121094,39.5428466796875,13594800
2021-05-19,43.2400016784668,43.369998931884766,42.689998626708984,43.18000030517578,38.938655853271484,24960000
2021-05-20,43.255001068115234,43.39500045776367,43.03499984741211,43.20500183105469,38.96120071411133,11750000
2021-05-21,43.44499969482422,43.7599983215332,43.275001525878906,43.29999923706055,39.046878814697266,13533000
2021-05-24,43.55500030517578,43.85499954223633,43.375,43.685001373291016,39.39405822753906,10218400
2021-05-25,43.77000045776367,43.869998931884766,43.26499938964844,43.314998626708984,39.06040573120117,9688800
2021-05-26,43.33000183105469,43.46500015258789,43.03499984741211,43.33000183105469,39.07393264770508,12616400
2021-05-27,43.685001373291016,43.88999938964844,43.560001373291016,43.67499923706055,39.38504409790039,11654600
2021-05-28,43.77000045776367,43.82500076293945,43.45500183105469,43.630001068115234,39.344459533691406,10690800
2021-06-01,44.1349983215332,44.310001373291016,43.939998626708984,44.2400016784668,39.89454650878906,13700800
2021-06-02,44.29999923706055,44.310001373291016,43.814998626708984,43.869998931884766,39.560882568359375,11410200
2021-06-03,43.560001373291016,43.880001068115234,43.32500076293945,43.86000061035156,39.5518684387207,12528600
2021-06-04,44.04499816894531,44.11000061035156,43.775001525878906,43.95500183105469,39.637542724609375,10291600
2021-06-07,43.974998474121094,43.974998474121094,43.224998474121094,43.41999816894531,39.155086517333984,12097600
2021-06-08,43.439998626708984,43.68000030517578,43.1150016784668,43.5,39.227237701416016,11581600
2021-06-09,43.415000915527344,43.540000915527344,43.150001525878906,43.15999984741211,38.920616149902344,19761200
2021-06-10,43.4900016784668,43.54999923706055,42.89500045776367,42.900001525878906,38.68616485595703,12269000
2021-06-11,43.20500183105469,43.3650016784668,42.83000183105469,43.060001373291016,38.830448150634766,8715600
2021-06-14,42.939998626708984,43.04499816894531,42.29999923706055,42.529998779296875,38.35250473022461,12375600
2021-06-15,42.595001220703125,42.619998931884766,42.13999938964844,42.439998626708984,38.27134704589844,20967400
2021-06-16,42.439998626708984,42.459999084472656,41.875,41.970001220703125,37.84751510620117,16649000
2021-06-17,41.849998474121094,41.85499954223633,40.53499984741211,41.03499984741211,37.00436019897461,30323200
2021-06-18,40.61000061035156,40.779998779296875,40.369998931884766,40.369998931884766,36.40467834472656,23531600
2021-06-21,40.665000915527344,41.09000015258789,40.650001525878906,41.029998779296875,37.16047286987305,18014200
2021-06-22,41.20000076293945,41.375,40.904998779296875,41.19499969482422,37.30990982055664,11156800
2021-06-23,41.314998626708984,41.41999816894531,40.92499923706055,40.93000030517578,37.06990432739258,10336800
2021-06-24,41.23500061035156,41.29999923706055,40.92499923706055,41.060001373291016,37.187644958496094,10540600
2021-06-25,41.28499984741211,41.45000076293945,41.029998779296875,41.064998626708984,37.19215774536133,20219000
2021-06-28,41.19499969482422,41.22999954223633,40.744998931884766,41.064998626708984,37.19215774536133,10148200
2021-06-29,41.244998931884766,41.46500015258789,40.94499969482422,41.04499816894531,37.1740608215332,9840000
2021-06-30,40.93000030517578,41.21500015258789,40.92499923706055,41.154998779296875,37.273681640625,9728400
2021-07-01,41.48500061035156,41.540000915527344,41.16999816894531,41.380001068115234,37.47745895385742,14184600
2021-07-02,41.435001373291016,41.4900016784668,41.15999984741211,41.439998626708984,37.531803131103516,12341200
2021-07-06,41.41999816894531,41.435001373291016,40.540000915527344,40.82500076293945,36.97480010986328,12216600
2021-07-07,40.834999084472656,41.28499984741211,40.73500061035156,41.25,37.35972213745117,13178600
2021-07-08,40.57500076293945,40.90999984741211,40.334999084472656,40.689998626708984,36.85253143310547,15825600
2021-07-09,41.21500015258789,41.599998474121094,41.1349983215332,41.4900016784668,37.577091217041016,14981600
2021-07-12,41.2400016784668,41.75,41.084999084472656,41.625,37.699363708496094,20226200
2021-07-13,41.54999923706055,41.64500045776367,41.1150016784668,41.244998931884766,37.355201721191406,24708800
2021-07-14,41.29499816894531,41.625,41.040000915527344,41.15999984741211,37.27821350097656,12376600
2021-07-15,40.95000076293945,41.439998626708984,40.92499923706055,41.165000915527344,37.282737731933594,12688200
2021-07-16,41.2400016784668,41.27000045776367,40.470001220703125,40.54499816894531,36.72120666503906,19222200
2021-07-19,39.83000183105469,39.8650016784668,39.34000015258789,39.67499923706055,35.93325424194336,23013400
2021-07-20,39.56999969482422,40.415000915527344,39.44499969482422,40.125,36.3408203125,21231400
2021-07-21,40.404998779296875,40.69499969482422,40.35499954223633,40.564998626708984,36.73931884765625,13671200
2021-07-22,40.65999984741211,40.70000076293945,40.244998931884766,40.58000183105469,36.75291442871094,9453400
2021-07-23,40.779998779296875,40.904998779296875,40.41999816894531,40.8650016784668,37.011024475097656,10392800
2021-07-26,40.96500015258789,41.25,40.875,41.209999084472656,37.3234977722168,11820600
2021-07-27,40.95500183105469,41.45000076293945,40.564998626708984,41.26499938964844,37.37330627441406,16864400
2021-07-28,41.279998779296875,41.53499984741211,40.98500061035156,41.3849983215332,37.48199462890625,12214400
2021-07-29,41.67499923706055,41.994998931884766,41.57500076293945,41.84000015258789,37.894081115722656,12574800
2021-07-30,41.7599983215332,42.27000045776367,41.7599983215332,42.0099983215332,38.04804611206055,11172400
2021-08-02,42.209999084472656,42.45500183105469,41.5,41.5,37.586151123046875,17010000
2021-08-03,41.540000915527344,41.935001373291016,41.185001373291016,41.93000030517578,37.975589752197266,13131600
2021-08-04,41.755001068115234,41.97999954223633,41.5099983215332,41.529998779296875,37.61331558227539,10539600
2021-08-05,41.72999954223633,42.0099983215332,41.43000030517578,41.470001220703125,37.558990478515625,13964800
2021-08-06,41.71500015258789,42.125,41.67499923706055,42.06999969482422,38.102386474609375,14054200
2021-08-09,41.994998931884766,42.125,41.68000030517578,42.02000045776367,38.057106018066406,10743600
2021-08-10,42.005001068115234,42.81999969482422,42.005001068115234,42.654998779296875,38.6322135925293,16047400
2021-08-11,42.97999954223633,43.290000915527344,42.78499984741211,43.255001068115234,39.17562484741211,16544800
2021-08-12,43.2599983215332,43.29999923706055,42.79999923706055,43.185001373291016,39.112239837646484,9612600
2021-08-13,43.244998931884766,43.314998626708984,43.14500045776367,43.224998474121094,39.14846420288086,7815800
2021-08-16,42.959999084472656,43.064998626708984,42.55500030517578,43.0099983215332,38.9537353515625,12273400
2021-08-17,42.775001525878906,42.82500076293945,42.02000045776367,42.51499938964844,38.50542068481445,14924000
2021-08-18,42.3650016784668,42.619998931884766,41.994998931884766,42.02000045776367,38.057106018066406,14712800
2021-08-19,41.54499816894531,41.83000183105469,41.41999816894531,41.64500045776367,37.71747589111328,15936200
2021-08-20,41.65999984741211,41.97999954223633,41.595001220703125,41.88999938964844,37.93937301635742,13973600
2021-08-23,42.125,42.3650016784668,42.02000045776367,42.25,38.26541519165039,8095600
2021-08-24,42.45000076293945,42.64500045776367,42.3849983215332,42.51499938964844,38.50542068481445,11059200
2021-08-25,42.400001525878906,42.849998474121094,42.23500061035156,42.709999084472656,38.68202590942383,9824400
2021-08-26,42.69499969482422,42.75,42.39500045776367,42.415000915527344,38.414852142333984,11541800
2021-08-27,42.630001068115234,43.099998474121094,42.584999084472656,42.974998474121094,38.92203903198242,10357400
2021-08-30,43.150001525878906,43.22999954223633,42.93000030517578,42.93000030517578,38.88127517700195,9012600
2021-08-31,42.904998779296875,42.904998779296875,42.599998474121094,42.80500030517578,38.76806640625,10608800
2021-09-01,42.7599983215332,42.8650016784668,42.32500076293945,42.69499969482422,38.6684455871582,14017600
2021-09-02,42.81999969482422,43.05500030517578,42.80500030517578,42.970001220703125,38.917503356933594,10631000
2021-09-03,42.92499923706055,43.04999923706055,42.67499923706055,42.685001373291016,38.65939712524414,22878200
2021-09-07,42.53499984741211,42.564998626708984,42.345001220703125,42.404998779296875,38.405792236328125,13864600
2021-09-08,42.279998779296875,42.31999969482422,41.85499954223633,42.0,38.03899383544922,12420000
2021-09-09,41.880001068115234,42.29999923706055,41.880001068115234,42.01499938964844,38.052574157714844,9871400
2021-09-10,42.209999084472656,42.525001525878906,41.97999954223633,42.005001068115234,38.043521881103516,17780200
2021-09-13,42.375,42.5,41.72999954223633,41.994998931884766,38.03445816040039,15220000
2021-09-14,42.13999938964844,42.16999816894531,41.44499969482422,41.53499984741211,37.61784744262695,12087400
2021-09-15,41.63999938964844,42.025001525878906,41.560001373291016,41.974998474121094,38.016353607177734,12651600
2021-09-16,41.814998626708984,41.85499954223633,41.220001220703125,41.52000045776367,37.60426712036133,11250600
2021-09-17,41.290000915527344,41.3650016784668,40.53499984741211,40.665000915527344,36.829891204833984,19932000
2021-09-20,39.540000915527344,39.89500045776367,39.185001373291016,39.709999084472656,36.12218475341797,20155600
2021-09-21,39.95500183105469,40.025001525878906,39.44499969482422,39.6150016784668,36.03577423095703,15229000
2021-09-22,39.994998931884766,40.42499923706055,39.994998931884766,40.025001525878906,36.408729553222656,15312200
2021-09-23,40.32500076293945,40.869998931884766,40.28499984741211,40.595001220703125,36.92723083496094,9516600
2021-09-24,40.40999984741211,40.75,40.314998626708984,40.53499984741211,36.872650146484375,7251800
2021-09-27,40.63999938964844,41.08000183105469,40.6349983215332,40.849998474121094,37.15918731689453,10433000
2021-09-28,40.75,40.810001373291016,40.220001220703125,40.345001220703125,36.69981002807617,16570600
2021-09-29,40.34000015258789,40.43000030517578,40.099998474121094,40.18000030517578,36.54972839355469,13939600
2021-09-30,40.29999923706055,40.46500015258789,39.54499816894531,39.55500030517578,35.9811897277832,21458800
2021-10-01,39.744998931884766,40.400001525878906,39.44499969482422,40.185001373291016,36.55427551269531,18500000
2021-10-04,40.23500061035156,40.48500061035156,39.724998474121094,40.0099983215332,36.395084381103516,17111600
2021-10-05,40.119998931884766,40.59000015258789,39.849998474121094,40.3650016784668,36.718013763427734,13584200
2021-10-06,39.95500183105469,40.290000915527344,39.529998779296875,40.290000915527344,36.64979553222656,15448600
2021-10-07,40.6349983215332,41.2599983215332,40.6349983215332,40.814998626708984,37.127342224121094,16938400
2021-10-08,40.915000915527344,41.01499938964844,40.51499938964844,40.59000015258789,36.92267990112305,12798000
2021-10-11,40.72999954223633,41.189998626708984,40.59000015258789,40.595001220703125,36.92723083496094,9673200
2021-10-12,40.619998931884766,40.84000015258789,40.5,40.650001525878906,36.977256774902344,15331400
2021-10-13,40.915000915527344,41.13999938964844,40.46500015258789,40.95500183105469,37.25471496582031,14431400
2021-10-14,41.35499954223633,42.0099983215332,41.2400016784668,41.95000076293945,38.15980911254883,11374200
2021-10-15,42.16999816894531,42.290000915527344,41.970001220703125,42.07500076293945,38.27350616455078,11705000
2021-10-18,41.71500015258789,42.125,41.63999938964844,42.04499816894531,38.246219635009766,12699800
2021-10-19,42.23500061035156,42.26499938964844,41.915000915527344,42.26499938964844,38.44634246826172,9591000
2021-10-20,42.29999923706055,42.654998779296875,42.20000076293945,42.60499954223633,38.7556266784668,9303800
2021-10-21,42.43000030517578,42.5099983215332,42.05500030517578,42.494998931884766,38.655555725097656,13392200
2021-10-22,42.57500076293945,42.8650016784668,42.415000915527344,42.415000915527344,38.58279037475586,11568400
2021-10-25,42.685001373291016,43.02000045776367,42.42499923706055,42.84000015258789,38.96938705444336,10799400
2021-10-26,42.915000915527344,43.1349983215332,42.560001373291016,42.959999084472656,39.078548431396484,11553800
2021-10-27,42.79499816894531,42.869998931884766,42.314998626708984,42.345001220703125,38.51911163330078,11404200
2021-10-28,42.39500045776367,42.845001220703125,42.3849983215332,42.76499938964844,38.90116500854492,8303400
2021-10-29,42.60499954223633,42.915000915527344,42.404998779296875,42.560001373291016,38.71468734741211,8699200
2021-11-01,42.630001068115234,42.915000915527344,42.5099983215332,42.65999984741211,38.80565643310547,11040400
2021-11-02,42.77000045776367,43.22999954223633,42.689998626708984,43.14500045776367,39.2468376159668,13271200
2021-11-03,43.220001220703125,43.779998779296875,43.10499954223633,43.595001220703125,39.65617752075195,19187200
2021-11-04,43.65999984741211,43.755001068115234,43.3849983215332,43.56999969482422,39.633426666259766,10073200
2021-11-05,43.68000030517578,44.029998779296875,43.6349983215332,43.90999984741211,39.94270706176758,11658800
2021-11-08,44.38999938964844,44.6150016784668,44.30500030517578,44.459999084472656,40.44301986694336,10690000
2021-11-09,44.474998474121094,44.665000915527344,44.29499816894531,44.665000915527344,40.62949752807617,15768000
2021-11-10,44.619998931884766,44.82500076293945,44.27000045776367,44.36000061035156,40.352054595947266,12872400
2021-11-11,44.560001373291016,44.900001525878906,44.46500015258789,44.71500015258789,40.674983978271484,8158400
2021-11-12,44.834999084472656,45.07500076293945,44.72999954223633,45.04999923706055,40.97971725463867,8774600
2021-11-15,45.064998626708984,45.084999084472656,44.685001373291016,44.845001220703125,40.79323959350586,8628000
2021-11-16,44.869998931884766,44.994998931884766,44.689998626708984,44.720001220703125,40.67953872680664,8776200
2021-11-17,44.650001525878906,44.76499938964844,44.38999938964844,44.42499923706055,40.41119384765625,10558600
2021-11-18,44.459999084472656,44.54499816894531,44.14500045776367,44.23500061035156,40.23835372924805,10389200
2021-11-19,44.08000183105469,44.41999816894531,44.0099983215332,44.154998779296875,40.16558837890625,10426000
2021-11-22,44.17499923706055,44.70000076293945,44.154998779296875,44.224998474121094,40.22925567626953,13379800
2021-11-23,44.2400016784668,44.584999084472656,44.04499816894531,44.27000045776367,40.27019500732422,15231400
2021-11-24,44.03499984741211,44.1349983215332,43.86000061035156,43.95500183105469,39.98365020751953,10365200
2021-11-26,42.95500183105469,43.404998779296875,42.73500061035156,43.20000076293945,39.296871185302734,14215000
2021-11-29,43.529998779296875,43.625,43.1150016784668,43.400001525878906,39.478797912597656,12280400
2021-11-30,43.18000030517578,43.290000915527344,42.244998931884766,42.32500076293945,38.50092315673828,24004600
2021-12-01,42.994998931884766,43.3650016784668,41.875,41.89500045776367,38.10976791381836,22485600
2021-12-02,42.03499984741211,42.92499923706055,41.95500183105469,42.75,38.88752365112305,17957400
2021-12-03,42.81999969482422,43.279998779296875,42.275001525878906,42.654998779296875,38.80110549926758,19977200
2021-12-06,43.084999084472656,43.619998931884766,42.93000030517578,43.279998779296875,39.3696403503418,16246000
2021-12-07,43.779998779296875,44.21500015258789,43.775001525878906,43.939998626708984,39.970001220703125,11307000
2021-12-08,44.09000015258789,44.224998474121094,43.869998931884766,44.125,40.1382942199707,9216400
2021-12-09,43.79499816894531,44.09000015258789,43.70000076293945,43.880001068115234,39.91543197631836,6601600
2021-12-10,44.21500015258789,44.31999969482422,43.86000061035156,44.150001525878906,40.16102600097656,9585000
2021-12-13,44.125,44.224998474121094,43.7400016784668,43.8849983215332,39.91997528076172,9406600
2021-12-14,43.849998474121094,44.209999084472656,43.720001220703125,43.84000015258789,39.8790397644043,9073600
2021-12-15,43.654998779296875,43.9900016784668,43.18000030517578,43.935001373291016,39.9654541015625,14623000
2021-12-16,44.23500061035156,44.66999816894531,44.20000076293945,44.3849983215332,40.374794006347656,13071200
2021-12-17,44.224998474121094,44.35499954223633,43.79999923706055,43.83000183105469,39.86994552612305,15645800
2021-12-20,42.9900016784668,43.01499938964844,42.28499984741211,42.83000183105469,39.157737731933594,14155400
2021-12-21,43.13999938964844,43.540000915527344,43.10499954223633,43.369998931884766,39.651432037353516,9063600
2021-12-22,43.31999969482422,43.75,43.26499938964844,43.71500015258789,39.966861724853516,6190200
2021-12-23,43.78499984741211,44.29999923706055,43.720001220703125,44.154998779296875,40.36913299560547,5745600
2021-12-27,44.29499816894531,44.82500076293945,44.22999954223633,44.81999969482422,40.977115631103516,4918600
2021-12-28,44.79999923706055,45.130001068115234,44.790000915527344,45.08000183105469,41.21481704711914,8537000
2021-12-29,45.040000915527344,45.345001220703125,45.0,45.26499938964844,41.38396072387695,5153800
2021-12-30,45.279998779296875,45.540000915527344,45.06999969482422,45.10499954223633,41.2376823425293,6340000
2021-12-31,45.025001525878906,45.41999816894531,45.01499938964844,45.30500030517578,41.420528411865234,6457800
2022-01-03,45.36000061035156,45.415000915527344,44.61000061035156,44.71500015258789,40.88111114501953,15088600
2022-01-04,44.845001220703125,45.435001373291016,44.82500076293945,45.26499938964844,41.38396072387695,19937400
2022-01-05,45.5,46.154998779296875,45.244998931884766,45.2599983215332,41.3793830871582,21252800
2022-01-06,45.3650016784668,45.3650016784668,44.625,44.689998626708984,40.8582649230957,17868600
2022-01-07,44.744998931884766,44.81999969482422,44.45500183105469,44.650001525878906,40.82168960571289,16543600
2022-01-10,44.40999984741211,44.51499938964844,43.775001525878906,44.19499969482422,40.40570068359375,16819200
2022-01-11,44.2599983215332,44.69499969482422,43.880001068115234,44.68000030517578,40.8491096496582,13614800
2022-01-12,45.05500030517578,45.224998474121094,44.68000030517578,45.130001068115234,41.26053237915039,10215600
2022-01-13,45.060001373291016,45.29499816894531,44.66999816894531,44.779998779296875,40.94053268432617,12006200
2022-01-14,44.28499984741211,44.48500061035156,43.869998931884766,44.400001525878906,40.5931282043457,14588800
2022-01-18,43.91999816894531,43.994998931884766,43.474998474121094,43.814998626708984,40.05828094482422,15581800
2022-01-19,44.13999938964844,44.25,43.685001373291016,43.70500183105469,39.95772933959961,14832400
2022-01-20,43.814998626708984,44.13999938964844,43.02000045776367,43.06999969482422,39.377159118652344,17147200
2022-01-21,42.814998626708984,42.974998474121094,41.880001068115234,42.02000045776367,38.41719055175781,32542400
2022-01-24,41.22999954223633,42.154998779296875,40.45500183105469,42.04499816894531,38.440040588378906,42454000
2022-01-25,41.415000915527344,42.02000045776367,40.70000076293945,41.665000915527344,38.09262466430664,29311200
2022-01-26,42.0,42.349998474121094,40.814998626708984,41.22999954223633,37.69491958618164,26921600
2022-01-27,41.685001373291016,42.23500061035156,40.97999954223633,41.369998931884766,37.82291793823242,23174600
2022-01-28,41.189998626708984,41.625,40.6150016784668,41.61000061035156,38.04234313964844,22016000
2022-01-31,41.38999938964844,42.255001068115234,41.31999969482422,42.224998474121094,38.6046028137207,14549400
2022-02-01,42.439998626708984,42.974998474121094,42.209999084472656,42.875,39.19887924194336,18608400
2022-02-02,42.8650016784668,43.20000076293945,42.6349983215332,43.0099983215332,39.32229995727539,14158800
2022-02-03,42.6349983215332,42.94499969482422,42.189998626708984,42.2599983215332,38.63660430908203,15542600
2022-02-04,41.689998626708984,42.025001525878906,41.314998626708984,41.560001373291016,37.996620178222656,23376200
2022-02-07,41.64500045776367,41.744998931884766,41.21500015258789,41.35499954223633,37.80919647216797,25255400
2022-02-08,41.52000045776367,42.06999969482422,41.435001373291016,41.994998931884766,38.39432144165039,15501800
2022-02-09,42.40999984741211,42.974998474121094,42.39500045776367,42.90999984741211,39.23087692260742,21469200
2022-02-10,42.755001068115234,43.61000061035156,42.45000076293945,42.65999984741211,39.002315521240234,26622000
2022-02-11,42.44499969482422,42.834999084472656,41.86000061035156,42.0,38.39889907836914,25266400
2022-02-14,42.029998779296875,42.06999969482422,41.34000015258789,41.654998779296875,38.08347702026367,18896800
2022-02-15,41.94499969482422,42.48500061035156,41.900001525878906,42.41999816894531,38.78289031982422,13351000
2022-02-16,42.375,42.81999969482422,42.29499816894531,42.72999954223633,39.066314697265625,15678000
2022-02-17,42.290000915527344,42.41999816894531,41.85499954223633,42.0,38.39889907836914,13083800
2022-02-18,42.09000015258789,42.310001373291016,41.69499969482422,41.93000030517578,38.334896087646484,17929600
2022-02-22,41.72999954223633,41.90999984741211,40.994998931884766,41.334999084472656,37.79091262817383,21308800
2022-02-23,41.599998474121094,41.75,40.744998931884766,40.80500030517578,37.306358337402344,19162200
2022-02-24,39.8849983215332,40.79999923706055,39.689998626708984,40.685001373291016,37.196651458740234,31807000
2022-02-25,40.869998931884766,42.189998626708984,40.834999084472656,42.16999816894531,38.554317474365234,22258400
2022-02-28,41.52000045776367,41.974998474121094,41.28499984741211,41.689998626708984,38.115478515625,22460400
2022-03-01,41.56999969482422,41.89500045776367,40.48500061035156,40.72999954223633,37.237789154052734,26263800
2022-03-02,40.97999954223633,41.85499954223633,40.8849983215332,41.625,38.056053161621094,19142800
2022-03-03,41.994998931884766,42.14500045776367,41.255001068115234,41.67499923706055,38.101768493652344,19471600
2022-03-04,41.165000915527344,41.54999923706055,40.84000015258789,41.529998779296875,37.969200134277344,17329000
2022-03-07,41.415000915527344,41.44499969482422,40.084999084472656,40.09000015258789,36.65266799926758,21826400
2022-03-08,40.14500045776367,40.724998474121094,39.64500045776367,39.8849983215332,36.465240478515625,25989800
2022-03-09,40.54499816894531,41.3650016784668,40.32500076293945,41.119998931884766,37.5943489074707,20626200
2022-03-10,40.69499969482422,41.28499984741211,40.63999938964844,41.22999954223633,37.69491958618164,15590000
2022-03-11,41.28499984741211,41.63999938964844,40.88999938964844,40.92499923706055,37.41606903076172,13862800
2022-03-14,41.189998626708984,41.45500183105469,40.65999984741211,40.8650016784668,37.3612174987793,15630800
2022-03-15,40.8849983215332,41.415000915527344,40.61000061035156,41.334999084472656,37.79091262817383,18169600
2022-03-16,41.79999923706055,42.380001068115234,41.13999938964844,41.98500061035156,38.38518524169922,23893200
2022-03-17,41.845001220703125,42.810001373291016,41.790000915527344,42.790000915527344,39.12116622924805,14103000
2022-03-18,42.58000183105469,43.125,42.46500015258789,43.04999923706055,39.35887145996094,19242200
2022-03-21,43.064998626708984,43.435001373291016,42.959999084472656,43.244998931884766,39.68603515625,17759400
2022-03-22,43.57500076293945,43.755001068115234,43.31999969482422,43.47999954223633,39.90168380737305,13931800
2022-03-23,43.375,43.57500076293945,43.224998474121094,43.279998779296875,39.7181510925293,11578800
2022-03-24,43.54999923706055,44.16999816894531,43.51499938964844,44.150001525878906,40.51655960083008,10905200
2022-03-25,44.25,44.66999816894531,44.16999816894531,44.64500045776367,40.970821380615234,10050000
2022-03-28,44.47999954223633,44.5099983215332,44.005001068115234,44.44499969482422,40.78727340698242,10706800
2022-03-29,44.48500061035156,44.81999969482422,44.150001525878906,44.81999969482422,41.131412506103516,15656200
2022-03-30,44.834999084472656,44.915000915527344,44.45500183105469,44.66999816894531,40.99375534057617,8967200
2022-03-31,44.48500061035156,44.81999969482422,44.06999969482422,44.07500076293945,40.447731018066406,10599400
2022-04-01,44.33000183105469,44.70500183105469,44.06999969482422,44.540000915527344,40.87445831298828,12484000
2022-04-04,44.6150016784668,44.6150016784668,44.154998779296875,44.54999923706055,40.88363265991211,11518000
2022-04-05,44.525001525878906,44.83000183105469,44.064998626708984,44.19499969482422,40.55784606933594,11457400
2022-04-06,43.90999984741211,43.92499923706055,43.30500030517578,43.685001373291016,40.08982467651367,16795600
2022-04-07,43.7400016784668,44.150001525878906,43.435001373291016,43.970001220703125,40.35137176513672,11529200
2022-04-08,44.224998474121094,44.529998779296875,43.994998931884766,44.2400016784668,40.599143981933594,10311000
2022-04-11,44.095001220703125,44.4900016784668,43.96500015258789,44.02000045776367,40.397254943847656,12266200
2022-04-12,44.23500061035156,44.60499954223633,43.849998474121094,44.029998779296875,40.40643310546875,14295600
2022-04-13,44.1150016784668,44.70000076293945,43.939998626708984,44.68000030517578,41.00293731689453,17061600
2022-04-14,44.72999954223633,45.060001373291016,44.505001068115234,44.529998779296875,40.86527633666992,12664000
2022-04-18,44.5,44.834999084472656,44.41999816894531,44.56999969482422,40.901981353759766,12443000
2022-04-19,44.44499969482422,45.084999084472656,44.334999084472656,44.9900016784668,41.28742980957031,10121200
2022-04-20,45.060001373291016,45.45000076293945,44.974998474121094,45.275001525878906,41.548973083496094,17289400
2022-04-21,45.6150016784668,45.744998931884766,44.40999984741211,44.53499984741211,40.869873046875,15328600
2022-04-22,44.165000915527344,44.17499923706055,42.790000915527344,42.869998931884766,39.341896057128906,18824200
2022-04-25,42.415000915527344,42.86000061035156,41.56999969482422,42.75,39.23176956176758,26687800
2022-04-26,42.939998626708984,43.18000030517578,42.06999969482422,42.09000015258789,38.626094818115234,21081400
2022-04-27,42.470001220703125,43.19499969482422,42.334999084472656,42.709999084472656,39.195064544677734,26049200
2022-04-28,42.91999816894531,43.53499984741211,42.19499969482422,43.3849983215332,39.81451416015625,20703000
2022-04-29,43.525001525878906,43.8849983215332,42.40999984741211,42.51499938964844,39.01610565185547,21265600
2022-05-02,42.56999969482422,42.75,41.564998626708984,42.3849983215332,38.89680480957031,32838200
2022-05-03,42.415000915527344,43.099998474121094,42.33000183105469,42.86000061035156,39.33272171020508,22845000
2022-05-04,43.13999938964844,44.279998779296875,42.744998931884766,44.25,40.60832595825195,29811200
2022-05-05,43.939998626708984,44.084999084472656,42.415000915527344,42.880001068115234,39.3510627746582,24543600
2022-05-06,42.540000915527344,42.540000915527344,41.564998626708984,42.26499938964844,38.786678314208984,28715400
2022-05-09,41.494998931884766,41.869998931884766,40.814998626708984,40.93000030517578,37.56155014038086,27881400
2022-05-10,41.61000061035156,41.720001220703125,40.189998626708984,40.67499923706055,37.32754135131836,34030200
2022-05-11,40.790000915527344,41.78499984741211,40.60499954223633,40.69499969482422,37.34589385986328,33836600
2022-05-12,40.27000045776367,41.025001525878906,39.880001068115234,40.619998931884766,37.27707290649414,26458200
2022-05-13,40.94499969482422,41.654998779296875,40.94499969482422,41.244998931884766,37.85062789916992,17295200
2022-05-16,41.06999969482422,41.5,40.69499969482422,41.16999816894531,37.78179931640625,16692600
2022-05-17,42.095001220703125,42.400001525878906,41.66999816894531,42.334999084472656,38.850921630859375,15137400
2022-05-18,41.93000030517578,42.025001525878906,40.845001220703125,41.02000045776367,37.64415740966797,13932400
2022-05-19,40.75,41.79499816894531,40.70000076293945,41.310001373291016,37.91028594970703,16195000
2022-05-20,41.71500015258789,41.875,40.310001373291016,41.209999084472656,37.81850814819336,16114400
2022-05-23,41.73500061035156,42.064998626708984,41.45000076293945,41.96500015258789,38.511375427246094,12760200
2022-05-24,41.82500076293945,41.869998931884766,41.0099983215332,41.724998474121094,38.29113006591797,14059600
2022-05-25,41.564998626708984,42.09000015258789,41.41999816894531,41.90999984741211,38.46090316772461,11071400
2022-05-26,42.20000076293945,42.89500045776367,42.119998931884766,42.68000030517578,39.16753387451172,11073000
2022-05-27,43.040000915527344,43.69499969482422,42.970001220703125,43.68000030517578,40.08523178100586,13588800
2022-05-31,43.27000045776367,43.43000030517578,42.869998931884766,43.01499938964844,39.47495651245117,18490800
2022-06-01,43.084999084472656,43.220001220703125,42.16999816894531,42.584999084472656,39.08035659790039,14350000
2022-06-02,43.040000915527344,43.7599983215332,42.94499969482422,43.7599983215332,40.15864944458008,13050800
2022-06-03,43.369998931884766,43.68000030517578,43.18000030517578,43.334999084472656,39.76863098144531,10651200
2022-06-06,43.654998779296875,43.91999816894531,43.5099983215332,43.744998931884766,40.14488220214844,11184000
2022-06-07,43.375,44.1150016784668,43.2599983215332,44.060001373291016,40.4339599609375,12411400
2022-06-08,43.60499954223633,43.974998474121094,43.04999923706055,43.14500045776367,39.594261169433594,8475600
2022-06-09,42.814998626708984,42.959999084472656,42.11000061035156,42.125,38.658203125,10812600
2022-06-10,41.310001373291016,41.380001068115234,40.779998779296875,40.834999084472656,37.4743766784668,16668400
2022-06-13,39.790000915527344,39.880001068115234,39.0099983215332,39.2400016784668,36.01063537597656,20820400
2022-06-14,39.22999954223633,39.46500015258789,38.6349983215332,38.939998626708984,35.735328674316406,15700800
2022-06-15,39.435001373291016,39.48500061035156,38.220001220703125,38.93000030517578,35.72614669799805,20859400
2022-06-16,37.8650016784668,37.9900016784668,37.20500183105469,37.525001525878906,34.4367790222168,18569400
2022-06-17,37.470001220703125,37.72999954223633,36.810001373291016,37.459999084472656,34.37712097167969,25019600
2022-06-21,37.78499984741211,37.939998626708984,37.474998474121094,37.76499938964844,34.89689636230469,11233200
2022-06-22,36.95000076293945,37.64500045776367,36.845001220703125,37.279998779296875,34.44873809814453,16064800
2022-06-23,37.130001068115234,37.34000015258789,36.3849983215332,36.77000045776367,33.977474212646484,18934800
2022-06-24,37.02000045776367,38.2400016784668,36.97999954223633,38.22999954223633,35.32659149169922,22495000
2022-06-27,38.20000076293945,38.33000183105469,37.79999923706055,37.915000915527344,35.03551483154297,13583800
2022-06-28,38.13999938964844,38.494998931884766,37.45000076293945,37.5099983215332,34.6612663269043,9846400
2022-06-29,37.58000183105469,37.64500045776367,36.85499954223633,37.2400016784668,34.41178512573242,10594800
2022-06-30,36.65999984741211,37.13999938964844,36.290000915527344,36.79999923706055,34.00519943237305,13860000
2022-07-01,36.494998931884766,37.1150016784668,36.095001220703125,37.060001373291016,34.24544906616211,16434200
2022-07-05,36.084999084472656,36.31999969482422,35.55500030517578,36.314998626708984,33.55702209472656,19413000
2022-07-06,36.275001525878906,36.650001525878906,35.880001068115234,36.54499816894531,33.76956558227539,16602000
2022-07-07,36.994998931884766,37.25,36.76499938964844,36.869998931884766,34.06987762451172,9897200
2022-07-08,36.92499923706055,36.98500061035156,36.314998626708984,36.5099983215332,33.73720932006836,8182600
2022-07-11,36.13999938964844,36.57500076293945,36.07500076293945,36.40999984741211,33.64481735229492,8287600
2022-07-12,36.255001068115234,36.81999969482422,36.209999084472656,36.34000015258789,33.58012771606445,13606800
2022-07-13,35.744998931884766,36.34000015258789,35.564998626708984,36.130001068115234,33.38608169555664,19998800
2022-07-14,35.45500183105469,35.494998931884766,34.9900016784668,35.46500015258789,32.77158737182617,15012400
2022-07-15,36.040000915527344,36.14500045776367,35.58000183105469,36.02000045776367,33.2844352722168,10334000
2022-07-18,36.4900016784668,36.65999984741211,35.970001220703125,36.10499954223633,33.36298370361328,7533400
2022-07-19,36.505001068115234,37.290000915527344,36.46500015258789,37.20500183105469,34.37943649291992,11284800
2022-07-20,37.154998779296875,37.435001373291016,36.994998931884766,37.27000045776367,34.43949890136719,9383400
2022-07-21,37.20500183105469,37.810001373291016,37.03499984741211,37.79999923706055,34.92924880981445,9401800
2022-07-22,38.029998779296875,38.224998474121094,37.36000061035156,37.529998779296875,34.67975616455078,10807400
2022-07-25,37.630001068115234,37.73500061035156,37.380001068115234,37.685001373291016,34.82297897338867,7729800
2022-07-26,37.4900016784668,37.650001525878906,37.28499984741211,37.43000030517578,34.58735275268555,7703800
2022-07-27,37.165000915527344,38.029998779296875,36.98500061035156,37.880001068115234,35.003173828125,11703200
2022-07-28,38.060001373291016,38.59000015258789,37.974998474121094,38.54999923706055,35.62229919433594,11832000
2022-07-29,38.82500076293945,39.16999816894531,38.67499923706055,39.064998626708984,36.098175048828125,9258000
2022-08-01,38.880001068115234,38.90999984741211,38.470001220703125,38.75,35.80710220336914,10411600
2022-08-02,38.55500030517578,38.89500045776367,38.13999938964844,38.35499954223633,35.442100524902344,11367400
2022-08-03,38.564998626708984,38.65999984741211,38.06999969482422,38.39500045776367,35.479061126708984,9597400
2022-08-04,38.45500183105469,38.75,38.224998474121094,38.41999816894531,35.502166748046875,6898800
2022-08-05,38.1150016784668,38.720001220703125,38.060001373291016,38.55500030517578,35.62690734863281,5892000
2022-08-08,39.025001525878906,39.31999969482422,38.744998931884766,38.77000045776367,35.82558822631836,9414200
2022-08-09,38.834999084472656,38.849998474121094,38.44499969482422,38.58000183105469,35.65001678466797,13987200
2022-08-10,39.33000183105469,39.900001525878906,39.31999969482422,39.67499923706055,36.6618537902832,8528200
2022-08-11,40.040000915527344,40.314998626708984,39.7599983215332,39.810001373291016,36.78659439086914,6129200
2022-08-12,39.935001373291016,40.56999969482422,39.86000061035156,40.560001373291016,37.47964096069336,7447200
2022-08-15,40.130001068115234,40.595001220703125,39.994998931884766,40.53499984741211,37.45653533935547,6380200
2022-08-16,40.41999816894531,40.935001373291016,40.415000915527344,40.7599983215332,37.66444778442383,5211400
2022-08-17,40.30500030517578,40.39500045776367,39.98500061035156,40.20000076293945,37.146976470947266,8159600
2022-08-18,40.36000061035156,40.42499923706055,40.064998626708984,40.32500076293945,37.26248550415039,4562800
2022-08-19,40.10499954223633,40.10499954223633,39.439998626708984,39.584999084472656,36.57868576049805,6634400
2022-08-22,38.970001220703125,39.16999816894531,38.814998626708984,38.95500183105469,35.99652862548828,7032000
2022-08-23,38.959999084472656,39.53499984741211,38.959999084472656,39.34000015258789,36.352298736572266,9840000
2022-08-24,39.290000915527344,39.56999969482422,39.18000030517578,39.42499923706055,36.43083572387695,5778200
2022-08-25,39.69499969482422,40.334999084472656,39.69499969482422,40.31999969482422,37.25786209106445,6130800
2022-08-26,40.40999984741211,40.44499969482422,39.05500030517578,39.084999084472656,36.116661071777344,8665800
2022-08-29,38.654998779296875,39.130001068115234,38.560001373291016,38.810001373291016,35.862545013427734,7198800
2022-08-30,38.90999984741211,38.935001373291016,37.95000076293945,38.17499923706055,35.27577209472656,7402600
2022-08-31,38.2400016784668,38.2400016784668,37.689998626708984,37.70500183105469,34.84146499633789,10050800
2022-09-01,37.25,37.314998626708984,36.755001068115234,37.209999084472656,34.38405990600586,11796000
2022-09-02,37.7599983215332,38.05500030517578,37.0099983215332,37.17499923706055,34.351715087890625,14134200
2022-09-06,37.38999938964844,37.525001525878906,36.89500045776367,37.060001373291016,34.24544906616211,12551200
2022-09-07,36.959999084472656,38.150001525878906,36.875,38.084999084472656,35.19260025024414,12192000
2022-09-08,37.70500183105469,38.48500061035156,37.56999969482422,38.45500183105469,35.534507751464844,8796600
2022-09-09,38.84000015258789,39.14500045776367,38.73500061035156,39.03499984741211,36.07044982910156,7296600
2022-09-12,39.435001373291016,39.59000015258789,39.15999984741211,39.400001525878906,36.407737731933594,8099000
2022-09-13,38.39500045776367,38.83000183105469,37.900001525878906,37.994998931884766,35.109439849853516,9404000
2022-09-14,37.82500076293945,37.8650016784668,37.165000915527344,37.529998779296875,34.67975616455078,11562400
2022-09-15,37.3849983215332,37.775001525878906,36.970001220703125,37.03499984741211,34.222347259521484,10417400
2022-09-16,36.53499984741211,36.59000015258789,36.05500030517578,36.45000076293945,33.6817741394043,16265400
2022-09-19,35.849998474121094,36.89500045776367,35.80500030517578,36.845001220703125,34.239341735839844,10323400
2022-09-20,36.345001220703125,36.345001220703125,35.875,36.14500045776367,33.58884811401367,9549600
2022-09-21,36.404998779296875,36.47999954223633,35.34000015258789,35.35499954223633,32.85471725463867,17767400
2022-09-22,35.5,35.599998474121094,34.904998779296875,34.93000030517578,32.459774017333984,11753000
2022-09-23,34.33000183105469,34.375,33.70500183105469,34.21500015258789,31.795333862304688,14010200
2022-09-26,33.970001220703125,34.404998779296875,33.4900016784668,33.65999984741211,31.279586791992188,14978000
2022-09-27,34.09000015258789,34.28499984741211,33.42499923706055,33.73500061035156,31.349285125732422,14157800
2022-09-28,33.915000915527344,34.76499938964844,33.78499984741211,34.60499954223633,32.157752990722656,13507800
2022-09-29,34.275001525878906,34.275001525878906,33.599998474121094,34.095001220703125,31.683822631835938,11454600
2022-09-30,34.06999969482422,34.6349983215332,33.900001525878906,34.005001068115234,31.600189208984375,10820800
2022-10-03,34.54999923706055,35.369998931884766,34.35499954223633,35.11000061035156,32.62704086303711,19858000
2022-10-04,35.814998626708984,36.439998626708984,35.755001068115234,36.400001525878906,33.82582092285156,30250200
2022-10-05,35.88999938964844,36.28499984741211,35.584999084472656,35.9900016784668,33.44480895996094,18429800
2022-10-06,35.709999084472656,36.09000015258789,35.52000045776367,35.61000061035156,33.09168243408203,23953600
2022-10-07,35.314998626708984,35.38999938964844,34.505001068115234,34.72999954223633,32.27391815185547,10183800
2022-10-10,34.8650016784668,35.0099983215332,34.57500076293945,34.80500030517578,32.34361267089844,10391200
2022-10-11,34.51499938964844,35.099998474121094,34.290000915527344,34.53499984741211,32.09270477294922,13918800
2022-10-12,34.54499816894531,34.58000183105469,34.255001068115234,34.275001525878906,31.851093292236328,16029200
2022-10-13,33.60499954223633,35.439998626708984,33.43000030517578,35.279998779296875,32.78501892089844,19446400
2022-10-14,35.5099983215332,35.584999084472656,34.029998779296875,34.09000015258789,31.67917251586914,16595200
2022-10-17,34.779998779296875,35.17499923706055,34.73500061035156,34.939998626708984,32.46906280517578,11471400
2022-10-18,35.779998779296875,36.0,35.22999954223633,35.625,33.10562515258789,15958800
2022-10-19,35.3650016784668,35.65999984741211,34.9900016784668,35.20500183105469,32.715328216552734,8690200
2022-10-20,35.255001068115234,35.88999938964844,34.8650016784668,34.95000076293945,32.47835922241211,11416600
2022-10-21,34.8849983215332,36.209999084472656,34.849998474121094,36.15999984741211,33.602787017822266,16680600
2022-10-24,36.30500030517578,36.5,35.880001068115234,35.95000076293945,33.40763854980469,13474800
2022-10-25,35.974998474121094,36.8650016784668,35.93000030517578,36.84000015258789,34.23469924926758,12002600
2022-10-26,37.04999923706055,37.48500061035156,36.790000915527344,37.099998474121094,34.47631072998047,13530600
2022-10-27,37.154998779296875,37.44499969482422,36.935001373291016,37.005001068115234,34.38803482055664,9954000
2022-10-28,36.88999938964844,37.45000076293945,36.709999084472656,37.375,34.73186111450195,9254800
2022-10-31,37.16999816894531,37.474998474121094,36.98500061035156,37.040000915527344,34.42055892944336,9583400
2022-11-01,37.595001220703125,37.6349983215332,36.82500076293945,37.1349983215332,34.50883483886719,23317600
2022-11-02,37.28499984741211,37.60499954223633,36.154998779296875,36.16999816894531,33.6120719909668,31466600
2022-11-03,35.720001220703125,36.69499969482422,35.6349983215332,36.44499969482422,33.86762237548828,17459000
2022-11-04,37.375,37.9900016784668,37.064998626708984,37.709999084472656,35.04317092895508,19279600
2022-11-07,37.94499969482422,38.029998779296875,37.54999923706055,38.005001068115234,35.31731033325195,11153200
2022-11-08,38.224998474121094,39.040000915527344,38.119998931884766,38.65999984741211,35.92599105834961,12313600
2022-11-09,38.47999954223633,38.82500076293945,37.95000076293945,38.03499984741211,35.345184326171875,13207800
2022-11-10,39.58000183105469,40.16999816894531,39.38999938964844,40.13999938964844,37.30133056640625,17436600
2022-11-11,40.59000015258789,41.09000015258789,40.505001068115234,40.625,37.75202560424805,12982400
2022-11-14,40.4900016784668,41.130001068115234,40.45000076293945,40.56999969482422,37.70091247558594,12733800
2022-11-15,41.01499938964844,41.040000915527344,40.11000061035156,40.5099983215332,37.645164489746094,14455000
2022-11-16,40.35499954223633,40.48500061035156,40.03499984741211,40.1150016784668,37.27809524536133,12797800
2022-11-17,39.5,39.755001068115234,39.2400016784668,39.72999954223633,36.920310974121094,9358600
2022-11-18,40.1349983215332,40.1349983215332,39.625,39.994998931884766,37.16657257080078,7491200
2022-11-21,39.709999084472656,40.26499938964844,39.619998931884766,40.130001068115234,37.29203796386719,7238200
2022-11-22,40.43000030517578,41.04999923706055,40.34000015258789,41.040000915527344,38.13768005371094,7214000
2022-11-23,41.0,41.2400016784668,40.89500045776367,41.20000076293945,38.28635787963867,8495800
2022-11-25,41.13999938964844,41.21500015258789,41.04999923706055,41.185001373291016,38.27241516113281,2456600
2022-11-28,40.8849983215332,40.900001525878906,40.185001373291016,40.26499938964844,37.417476654052734,6464000
2022-11-29,40.415000915527344,40.619998931884766,40.290000915527344,40.400001525878906,37.542945861816406,5673200
2022-11-30,40.415000915527344,41.38999938964844,40.040000915527344,41.375,38.448978424072266,14624800
2022-12-01,41.65999984741211,41.70500183105469,41.064998626708984,41.42499923706055,38.495445251464844,8215800
2022-12-02,40.8849983215332,41.9900016784668,40.8849983215332,41.880001068115234,38.91827392578125,6825000
2022-12-05,41.564998626708984,41.72999954223633,40.98500061035156,41.04999923706055,38.146968841552734,9452400
2022-12-06,41.07500076293945,41.32500076293945,40.38999938964844,40.685001373291016,37.80778121948242,9495600
2022-12-07,40.619998931884766,40.994998931884766,40.494998931884766,40.595001220703125,37.724151611328125,8167200
2022-12-08,40.86000061035156,41.10499954223633,40.76499938964844,40.89500045776367,38.002925872802734,5523800
2022-12-09,40.79499816894531,41.14500045776367,40.47999954223633,40.4900016784668,37.62656784057617,7872400
2022-12-12,40.51499938964844,40.849998474121094,40.369998931884766,40.84000015258789,37.95182418823242,6385800
2022-12-13,42.099998474121094,42.18000030517578,41.11000061035156,41.404998779296875,38.47686004638672,12576000
2022-12-14,41.23500061035156,41.5,40.64500045776367,40.959999084472656,38.06333541870117,15635200
2022-12-15,40.26499938964844,40.30500030517578,39.61000061035156,39.709999084472656,36.901729583740234,10456800
2022-12-16,39.39500045776367,39.65999984741211,39.150001525878906,39.540000915527344,36.743751525878906,14570600
2022-12-19,39.209999084472656,39.435001373291016,38.59000015258789,38.775001525878906,36.26628494262695,6460000
2022-12-20,38.845001220703125,39.2599983215332,38.83000183105469,39.029998779296875,36.504783630371094,5641800
2022-12-21,39.23500061035156,39.53499984741211,39.13999938964844,39.369998931884766,36.822784423828125,5755400
2022-12-22,39.09000015258789,39.09000015258789,38.33000183105469,38.9900016784668,36.46737289428711,6631200
2022-12-23,38.9900016784668,39.27000045776367,38.775001525878906,39.2599983215332,36.71989822387695,6202200
2022-12-27,39.35499954223633,39.55500030517578,39.125,39.29499816894531,36.75263977050781,4868600
2022-12-28,39.28499984741211,39.435001373291016,38.665000915527344,38.69499969482422,36.19145965576172,5046400
2022-12-29,38.90999984741211,39.279998779296875,38.90999984741211,39.1150016784668,36.584285736083984,6446200
2022-12-30,38.83000183105469,38.974998474121094,38.51499938964844,38.84000015258789,36.32707595825195,5818800
2023-01-03,38.904998779296875,39.15999984741211,38.44499969482422,38.79999923706055,36.2896614074707,10684000
2023-01-04,38.994998931884766,39.584999084472656,38.970001220703125,39.474998474121094,36.92099380493164,9742000
2023-01-05,38.86000061035156,39.06999969482422,38.56999969482422,38.849998474121094,36.336429595947266,8212600
2023-01-06,39.209999084472656,40.275001525878906,39.209999084472656,40.185001373291016,37.58506393432617,8729200
2023-01-09,40.51499938964844,40.97999954223633,40.30500030517578,40.439998626708984,37.823551177978516,16791200
2023-01-10,40.45500183105469,40.875,40.22999954223633,40.845001220703125,38.20234680175781,8049000
2023-01-11,41.275001525878906,41.505001068115234,41.029998779296875,41.48500061035156,38.80094909667969,9845800
2023-01-12,41.58000183105469,41.7599983215332,41.165000915527344,41.63999938964844,38.945919036865234,7787600
2023-01-13,41.400001525878906,41.97999954223633,41.3650016784668,41.89500045776367,39.18442153930664,6965200
2023-01-17,41.96500015258789,42.04499816894531,41.435001373291016,41.474998474121094,38.79159164428711,6943000
2023-01-18,41.85499954223633,41.915000915527344,40.869998931884766,40.88999938964844,38.24444580078125,9444600
2023-01-19,40.58000183105469,40.744998931884766,40.255001068115234,40.57500076293945,37.9498291015625,8159800
2023-01-20,40.68000030517578,41.41999816894531,40.46500015258789,41.38999938964844,38.712093353271484,6897400
2023-01-23,41.334999084472656,41.70000076293945,41.1349983215332,41.525001525878906,38.83836364746094,12497400
2023-01-24,41.29499816894531,41.61000061035156,40.95000076293945,41.54999923706055,38.861751556396484,9361000
2023-01-25,41.095001220703125,41.650001525878906,40.95500183105469,41.6349983215332,38.941246032714844,7203800
2023-01-26,41.28499984741211,41.85499954223633,41.154998779296875,41.834999084472656,39.12830352783203,11506200
2023-01-27,41.54999923706055,41.994998931884766,41.5099983215332,41.70000076293945,39.00204086303711,6839400
2023-01-30,41.44499969482422,41.939998626708984,41.36000061035156,41.415000915527344,38.7354736328125,10421400
2023-01-31,41.44499969482422,42.34000015258789,41.44499969482422,42.32500076293945,39.58659744262695,7742600
2023-02-01,42.08000183105469,42.95000076293945,41.80500030517578,42.60499954223633,39.848480224609375,14447200
2023-02-02,42.41999816894531,42.595001220703125,41.834999084472656,42.470001220703125,39.72222900390625,12327800
2023-02-03,42.005001068115234,42.34000015258789,41.64500045776367,41.70500183105469,39.0067138671875,11875800
2023-02-06,41.334999084472656,41.5,41.025001525878906,41.244998931884766,38.57647705078125,12524600
2023-02-07,41.189998626708984,41.904998779296875,41.16999816894531,41.79999923706055,39.09556579589844,15105800
2023-02-08,41.58000183105469,41.97999954223633,41.435001373291016,41.46500015258789,38.78224182128906,10531800
2023-02-09,41.78499984741211,41.875,40.68000030517578,40.8650016784668,38.22106170654297,16661200
2023-02-10,40.775001525878906,41.07500076293945,40.529998779296875,41.01499938964844,38.361358642578125,7016000
2023-02-13,41.084999084472656,41.314998626708984,40.81999969482422,41.22999954223633,38.562442779541016,5498600
2023-02-14,41.05500030517578,41.439998626708984,40.849998474121094,41.32500076293945,38.651302337646484,8215000
2023-02-15,41.04999923706055,41.51499938964844,40.939998626708984,41.505001068115234,38.81964874267578,7956800
2023-02-16,40.93000030517578,41.51499938964844,40.83000183105469,41.03499984741211,38.38006591796875,8673600
2023-02-17,40.75,40.790000915527344,40.43000030517578,40.650001525878906,38.01996612548828,7452400
2023-02-21,40.439998626708984,40.58000183105469,39.91999816894531,39.97999954223633,37.3933219909668,11800600
2023-02-22,40.15999984741211,40.47999954223633,39.95500183105469,40.279998779296875,37.673912048339844,11868800
2023-02-23,40.43000030517578,40.599998474121094,39.72999954223633,40.32500076293945,37.715999603271484,11192400
2023-02-24,39.64500045776367,40.650001525878906,39.435001373291016,40.595001220703125,37.96853256225586,18648200
2023-02-27,40.85499954223633,41.1150016784668,40.689998626708984,40.72999954223633,38.094791412353516,12939600
2023-02-28,40.720001220703125,41.18000030517578,40.64500045776367,40.915000915527344,38.2678337097168,17093600
2023-03-01,41.005001068115234,41.6349983215332,41.0,41.23500061035156,38.56711959838867,15481600
2023-03-02,41.02000045776367,41.80500030517578,40.92499923706055,41.70500183105469,39.0067138671875,12669800
2023-03-03,41.97999954223633,42.32500076293945,41.654998779296875,42.29999923706055,39.5632209777832,11994600
2023-03-06,42.1349983215332,42.1349983215332,41.54499816894531,41.6150016784668,38.922542572021484,10962800
2023-03-07,41.459999084472656,41.459999084472656,40.650001525878906,40.79499816894531,38.15558624267578,13520600
2023-03-08,40.814998626708984,41.095001220703125,40.67499923706055,40.994998931884766,38.342655181884766,11590400
2023-03-09,41.025001525878906,41.15999984741211,39.814998626708984,39.939998626708984,37.35590744018555,12851800
2023-03-10,39.95500183105469,39.96500015258789,38.880001068115234,39.09000015258789,36.5609016418457,26124800
2023-03-13,38.70000076293945,39.220001220703125,38.400001525878906,38.689998626708984,36.18678283691406,40704800
2023-03-14,39.255001068115234,39.63999938964844,38.7599983215332,39.185001373291016,36.64976119995117,16477200
2023-03-15,38.17499923706055,38.2599983215332,37.3849983215332,37.915000915527344,35.4619255065918,28524400
2023-03-16,37.55500030517578,38.400001525878906,37.439998626708984,38.349998474121094,35.868770599365234,21605600
2023-03-17,38.21500015258789,38.224998474121094,37.689998626708984,37.755001068115234,35.31227493286133,19087000
2023-03-20,37.8849983215332,38.3849983215332,37.8849983215332,38.3650016784668,36.038875579833984,14785800
2023-03-21,38.814998626708984,38.994998931884766,38.56999969482422,38.83000183105469,36.475685119628906,9498000
2023-03-22,38.76499938964844,39.05500030517578,38.130001068115234,38.13999938964844,35.827518463134766,14654600
2023-03-23,38.310001373291016,38.86000061035156,37.79999923706055,38.095001220703125,35.78525161743164,13439600
2023-03-24,37.80500030517578,38.494998931884766,37.529998779296875,38.404998779296875,36.07645034790039,13465200
2023-03-27,38.80500030517578,38.96500015258789,38.40999984741211,38.689998626708984,36.34416961669922,10614000
2023-03-28,38.685001373291016,38.939998626708984,38.64500045776367,38.875,36.5179557800293,10248000
2023-03-29,39.375,39.439998626708984,39.2400016784668,39.415000915527344,37.02521514892578,8270200
2023-03-30,39.82500076293945,39.849998474121094,39.540000915527344,39.685001373291016,37.27885437011719,8433400
2023-03-31,39.689998626708984,40.349998474121094,39.689998626708984,40.33000183105469,37.88473892211914,13526200
2023-04-03,40.40999984741211,40.689998626708984,40.28499984741211,40.584999084472656,38.1242790222168,16128600
2023-04-04,40.48500061035156,40.505001068115234,39.845001220703125,40.0,37.574745178222656,17497400
2023-04-05,39.70000076293945,39.96500015258789,39.54999923706055,39.90999984741211,37.49020004272461,18561000
2023-04-06,39.64500045776367,39.85499954223633,39.52000045776367,39.814998626708984,37.400962829589844,19031400
2023-04-10,39.65999984741211,40.07500076293945,39.619998931884766,40.005001068115234,37.579444885253906,9267200
2023-04-11,40.185001373291016,40.53499984741211,40.16999816894531,40.314998626708984,37.870643615722656,7715400
2023-04-12,40.595001220703125,40.685001373291016,40.275001525878906,40.345001220703125,37.89882278442383,11888000
2023-04-13,40.369998931884766,40.89500045776367,40.28499984741211,40.7599983215332,38.28866958618164,18003000
2023-04-14,40.65999984741211,40.94499969482422,40.2599983215332,40.46500015258789,38.01155471801758,8826200
2023-04-17,40.48500061035156,40.709999084472656,40.375,40.70000076293945,38.23230743408203,7366200
2023-04-18,40.85499954223633,41.005001068115234,40.68000030517578,40.869998931884766,38.391998291015625,6766000
2023-04-19,40.595001220703125,40.790000915527344,40.5,40.755001068115234,38.28396987915039,7309600
2023-04-20,40.46500015258789,40.84000015258789,40.45500183105469,40.709999084472656,38.241695404052734,8052000
2023-04-21,40.54999923706055,40.595001220703125,40.125,40.349998474121094,37.90351867675781,10844200
2023-04-24,40.415000915527344,40.6349983215332,40.3650016784668,40.625,38.1618537902832,7731000
2023-04-25,40.20000076293945,40.2400016784668,39.724998474121094,39.744998931884766,37.335208892822266,11966000
2023-04-26,39.584999084472656,39.720001220703125,39.14500045776367,39.275001525878906,36.893699645996094,11910400
2023-04-27,39.38999938964844,39.82500076293945,39.165000915527344,39.810001373291016,37.39626693725586,11826400
2023-04-28,39.79499816894531,40.345001220703125,39.685001373291016,40.275001525878906,37.83307647705078,10143200
2023-05-01,40.32500076293945,40.52000045776367,40.18000030517578,40.255001068115234,37.814292907714844,8416400
2023-05-02,39.880001068115234,39.935001373291016,39.22999954223633,39.8650016784668,37.447933197021484,11681000
2023-05-03,39.92499923706055,40.119998931884766,39.40999984741211,39.42499923706055,37.03461456298828,12701400
2023-05-04,39.5099983215332,39.76499938964844,39.07500076293945,39.16999816894531,36.79507064819336,16655000
2023-05-05,39.599998474121094,39.970001220703125,39.564998626708984,39.83000183105469,37.41506576538086,10267200
2023-05-08,40.07500076293945,40.130001068115234,39.63999938964844,39.70000076293945,37.29294204711914,7680000
2023-05-09,39.47999954223633,39.54499816894531,39.18000030517578,39.34000015258789,36.95476150512695,15114400
2023-05-10,39.814998626708984,39.814998626708984,38.935001373291016,39.3650016784668,36.97825241088867,11730200
2023-05-11,38.9900016784668,39.11000061035156,38.79499816894531,38.97999954223633,36.61659240722656,12849800
2023-05-12,39.154998779296875,39.224998474121094,38.71500015258789,39.04999923706055,36.68234634399414,8287200
2023-05-15,39.25,39.40999984741211,39.005001068115234,39.380001068115234,36.992340087890625,6487200
2023-05-16,39.16999816894531,39.209999084472656,38.71500015258789,38.72999954223633,36.38174819946289,8346400
2023-05-17,38.915000915527344,39.13999938964844,38.73500061035156,38.98500061035156,36.62129211425781,10505600
2023-05-18,38.80500030517578,39.255001068115234,38.619998931884766,39.21500015258789,36.837345123291016,13352400
2023-05-19,39.5,39.51499938964844,39.099998474121094,39.314998626708984,36.931278228759766,9943000
2023-05-22,39.39500045776367,39.505001068115234,39.04499816894531,39.11000061035156,36.73870849609375,8288600
2023-05-23,38.82500076293945,38.93000030517578,38.42499923706055,38.505001068115234,36.17039489746094,10494200
2023-05-24,38.34000015258789,38.375,37.9900016784668,38.064998626708984,35.75706100463867,14127600
2023-05-25,38.11000061035156,38.1150016784668,37.720001220703125,37.93000030517578,35.63025665283203,11713000
2023-05-26,38.209999084472656,38.36000061035156,37.95000076293945,38.119998931884766,35.80873107910156,15882600
2023-05-30,38.09000015258789,38.15999984741211,37.625,37.915000915527344,35.61616897583008,12780600
2023-05-31,37.70000076293945,37.82500076293945,37.35499954223633,37.5099983215332,35.2357177734375,13816800
2023-06-01,37.70000076293945,38.119998931884766,37.529998779296875,38.0099983215332,35.70539474487305,14559600
2023-06-02,38.7599983215332,39.375,38.70000076293945,39.28499984741211,36.90309524536133,17659000
2023-06-05,39.3650016784668,39.69499969482422,39.11000061035156,39.255001068115234,36.87491989135742,14321400
2023-06-06,39.095001220703125,39.60499954223633,39.06999969482422,39.505001068115234,37.1097526550293,15206800
2023-06-07,39.415000915527344,40.0099983215332,39.415000915527344,39.974998474121094,37.55126190185547,13330800
2023-06-08,39.994998931884766,40.11000061035156,39.55500030517578,39.83000183105469,37.41506576538086,11719200
2023-06-09,39.67499923706055,39.73500061035156,39.349998474121094,39.5,37.10505676269531,11621400
2023-06-12,39.54499816894531,39.72999954223633,39.26499938964844,39.68000030517578,37.274147033691406,9691200
2023-06-13,39.97999954223633,40.625,39.89500045776367,40.599998474121094,38.138370513916016,16467200
2023-06-14,40.91999816894531,40.95500183105469,40.21500015258789,40.43000030517578,37.978675842285156,13956600
2023-06-15,40.380001068115234,40.935001373291016,40.345001220703125,40.775001525878906,38.302757263183594,11778200
2023-06-16,40.84000015258789,40.89500045776367,40.58000183105469,40.875,38.396697998046875,16966800
2023-06-20,40.26499938964844,40.349998474121094,39.900001525878906,40.125,37.87702560424805,11739600
2023-06-21,39.935001373291016,40.42499923706055,39.814998626708984,40.255001068115234,37.999759674072266,13355400
2023-06-22,40.11000061035156,40.19499969482422,39.779998779296875,40.15999984741211,37.91007995605469,8650000
2023-06-23,39.7400016784668,39.90999984741211,39.53499984741211,39.834999084472656,37.6032829284668,11953400
2023-06-26,39.94499969482422,40.30500030517578,39.849998474121094,40.25,37.995033264160156,8335800
2023-06-27,40.349998474121094,40.849998474121094,40.220001220703125,40.81999969482422,38.53310012817383,13676200
2023-06-28,40.720001220703125,40.720001220703125,40.35499954223633,40.540000915527344,38.26878356933594,10987000
2023-06-29,40.43000030517578,41.06999969482422,40.34000015258789,41.04999923706055,38.75020980834961,10564000
2023-06-30,41.27000045776367,41.540000915527344,41.119998931884766,41.435001373291016,39.113651275634766,12966600
2023-07-03,41.415000915527344,41.77000045776367,41.345001220703125,41.59000015258789,39.25996398925781,7865600
2023-07-05,41.1349983215332,41.17499923706055,40.48500061035156,40.564998626708984,38.292381286621094,23658800
2023-07-06,40.04499816894531,40.29499816894531,39.654998779296875,40.27000045776367,38.013916015625,17904200
2023-07-07,40.244998931884766,41.025001525878906,40.189998626708984,40.619998931884766,38.344303131103516,13663000
2023-07-10,40.33000183105469,40.85499954223633,40.29499816894531,40.61000061035156,38.33486557006836,11196200
2023-07-11,40.85499954223633,41.040000915527344,40.67499923706055,41.0099983215332,38.71244812011719,9412000
2023-07-12,41.5099983215332,41.67499923706055,41.20500183105469,41.54999923706055,39.222206115722656,23076800
2023-07-13,41.689998626708984,41.92499923706055,41.540000915527344,41.875,39.52899169921875,9610000
2023-07-14,41.89500045776367,41.89500045776367,41.44499969482422,41.630001068115234,39.2977180480957,11252000
2023-07-17,41.4900016784668,41.755001068115234,41.415000915527344,41.66999816894531,39.33548355102539,9072800
2023-07-18,41.51499938964844,42.119998931884766,41.51499938964844,41.994998931884766,39.64226531982422,11795400
2023-07-19,41.939998626708984,42.04999923706055,41.63999938964844,41.77000045776367,39.429874420166016,10383400
2023-07-20,41.904998779296875,41.96500015258789,41.58000183105469,41.869998931884766,39.5242805480957,9853400
2023-07-21,41.75,41.939998626708984,41.540000915527344,41.875,39.52899169921875,9048000
2023-07-24,41.92499923706055,42.08000183105469,41.7400016784668,42.005001068115234,39.65170669555664,8705600
2023-07-25,42.2400016784668,42.91999816894531,42.17499923706055,42.7599983215332,40.364410400390625,17521000
2023-07-26,42.459999084472656,42.72999954223633,42.279998779296875,42.6150016784668,40.227535247802734,12335200
2023-07-27,42.76499938964844,42.88999938964844,42.29999923706055,42.34000015258789,39.96794509887695,14101400
2023-07-28,42.79999923706055,42.80500030517578,42.415000915527344,42.6349983215332,40.24641418457031,8129600
2023-07-31,42.73500061035156,42.93000030517578,42.6150016784668,42.86000061035156,40.45880889892578,11001200
2023-08-01,42.650001525878906,42.845001220703125,42.5,42.66999816894531,40.27945327758789,15073400
2023-08-02,42.279998779296875,42.525001525878906,42.084999084472656,42.13999938964844,39.779144287109375,20370600
2023-08-03,42.01499938964844,42.22999954223633,41.80500030517578,41.880001068115234,39.533714294433594,18758800
2023-08-04,42.09000015258789,42.39500045776367,41.75,41.78499984741211,39.44403076171875,16990000
2023-08-07,41.935001373291016,42.130001068115234,41.755001068115234,42.060001373291016,39.703636169433594,10322200
2023-08-08,41.375,41.69499969482422,41.16999816894531,41.6150016784668,39.28356170654297,12857600
2023-08-09,41.775001525878906,41.86000061035156,41.38999938964844,41.44499969482422,39.123085021972656,15928200
2023-08-10,41.650001525878906,41.88999938964844,41.380001068115234,41.474998474121094,39.15140151977539,11144800
2023-08-11,41.3650016784668,41.56999969482422,41.21500015258789,41.36000061035156,39.04285430908203,7974600
2023-08-14,41.2599983215332,41.45500183105469,41.03499984741211,41.45000076293945,39.1278076171875,7753400
2023-08-15,41.04999923706055,41.13999938964844,40.685001373291016,40.775001525878906,38.49061965942383,11392600
2023-08-16,40.709999084472656,40.915000915527344,40.48500061035156,40.5,38.231021881103516,10564400
2023-08-17,40.779998779296875,41.03499984741211,40.380001068115234,40.41999816894531,38.15550231933594,10530800
2023-08-18,40.185001373291016,40.5099983215332,40.095001220703125,40.415000915527344,38.15079116821289,9817800
2023-08-21,40.51499938964844,40.57500076293945,40.125,40.41999816894531,38.15550231933594,9705200
2023-08-22,40.61000061035156,40.68000030517578,40.26499938964844,40.3849983215332,38.12247085571289,7218200
2023-08-23,40.380001068115234,40.59000015258789,40.279998779296875,40.45000076293945,38.18383026123047,7004600
2023-08-24,40.26499938964844,40.630001068115234,40.224998474121094,40.279998779296875,38.02334213256836,8140400
2023-08-25,40.46500015258789,40.584999084472656,40.060001373291016,40.400001525878906,38.136627197265625,10757800
2023-08-28,40.5099983215332,40.88999938964844,40.4900016784668,40.69499969482422,38.415096282958984,10101800
2023-08-29,40.720001220703125,41.38999938964844,40.58000183105469,41.369998931884766,39.05228805541992,11751000
2023-08-30,41.369998931884766,41.540000915527344,41.29999923706055,41.46500015258789,39.14196014404297,7597400
2023-08-31,41.53499984741211,41.63999938964844,41.400001525878906,41.44499969482422,39.123085021972656,6560000
2023-09-01,41.84000015258789,42.02000045776367,41.75,41.90999984741211,39.56203079223633,11825400
2023-09-05,41.845001220703125,41.880001068115234,41.1349983215332,41.1349983215332,38.83045959472656,12926400
2023-09-06,40.9900016784668,41.23500061035156,40.724998474121094,41.04499816894531,38.74549865722656,9306200
2023-09-07,40.880001068115234,41.025001525878906,40.55500030517578,40.86000061035156,38.570858001708984,8874400
2023-09-08,40.779998779296875,41.07500076293945,40.775001525878906,40.900001525878906,38.60862350463867,6986400
2023-09-11,41.165000915527344,41.3650016784668,40.994998931884766,41.07500076293945,38.7738151550293,8070600
2023-09-12,40.939998626708984,41.16999816894531,40.88999938964844,40.97999954223633,38.684139251708984,8421400
2023-09-13,40.959999084472656,41.04499816894531,40.625,40.7400016784668,38.45758819580078,9171000
2023-09-14,41.165000915527344,41.400001525878906,41.01499938964844,41.314998626708984,39.0003662109375,8669000
2023-09-15,41.20000076293945,41.380001068115234,40.790000915527344,40.85499954223633,38.56614685058594,13975600
2023-09-18,40.61000061035156,40.70000076293945,40.3650016784668,40.4900016784668,38.40584182739258,7366600
2023-09-19,40.46500015258789,40.64500045776367,40.10499954223633,40.45500183105469,38.37263870239258,8168200
2023-09-20,40.61000061035156,40.709999084472656,40.005001068115234,40.029998779296875,37.969512939453125,9299400
2023-09-21,39.7599983215332,39.775001525878906,39.209999084472656,39.224998474121094,37.2059440612793,13559600
2023-09-22,39.33000183105469,39.525001525878906,39.1150016784668,39.185001373291016,37.16801071166992,12035200
2023-09-25,39.03499984741211,39.51499938964844,39.0099983215332,39.494998931884766,37.462059020996094,8245600
2023-09-26,39.255001068115234,39.46500015258789,38.814998626708984,38.92499923706055,36.9213981628418,10951800
2023-09-27,39.119998931884766,39.17499923706055,38.689998626708984,38.91999816894531,36.916648864746094,11032000
2023-09-28,38.9900016784668,39.47999954223633,38.9900016784668,39.34000015258789,37.315025329589844,9398200
2023-09-29,39.71500015258789,39.720001220703125,39.16999816894531,39.275001525878906,37.25338363647461,11714400
2023-10-02,39.119998931884766,39.17499923706055,38.4900016784668,38.755001068115234,36.76013946533203,22598800
2023-10-03,38.36000061035156,39.13999938964844,38.36000061035156,38.650001525878906,36.66055679321289,26358000
2023-10-04,39.04999923706055,39.16999816894531,38.58000183105469,39.10499954223633,37.09212875366211,17954000
2023-10-05,39.005001068115234,39.21500015258789,38.39500045776367,38.630001068115234,36.64158248901367,20474400
2023-10-06,38.529998779296875,39.26499938964844,38.38999938964844,38.994998931884766,36.987789154052734,16085800
2023-10-09,38.77000045776367,39.15999984741211,38.58000183105469,39.04499816894531,37.035213470458984,12974800
2023-10-10,39.26499938964844,39.78499984741211,39.209999084472656,39.459999084472656,37.42885208129883,13709800
2023-10-11,39.619998931884766,39.779998779296875,39.224998474121094,39.55500030517578,37.51896286010742,9858800
2023-10-12,39.724998474121094,39.724998474121094,38.665000915527344,38.96500015258789,36.95933532714844,12126600
2023-10-13,39.15999984741211,39.33000183105469,38.650001525878906,38.81999969482422,36.82179641723633,11269200
2023-10-16,39.11000061035156,39.459999084472656,38.97999954223633,39.20000076293945,37.18223571777344,12363800
2023-10-17,38.915000915527344,39.720001220703125,38.915000915527344,39.584999084472656,37.547420501708984,11636600
2023-10-18,39.32500076293945,39.32500076293945,38.5099983215332,38.560001373291016,36.57518005371094,13017200
2023-10-19,38.41999816894531,38.7400016784668,38.060001373291016,38.11000061035156,36.14834976196289,18466200
2023-10-20,38.095001220703125,38.16999816894531,37.6349983215332,37.650001525878906,35.7120246887207,14322400
2023-10-23,37.28499984741211,37.619998931884766,37.165000915527344,37.22999954223633,35.31364440917969,18276000
2023-10-24,37.53499984741211,37.89500045776367,37.470001220703125,37.66999816894531,35.730995178222656,14848400
2023-10-25,37.595001220703125,37.65999984741211,37.20000076293945,37.22999954223633,35.31364440917969,12540000
2023-10-26,37.5,37.83000183105469,37.380001068115234,37.4900016784668,35.560264587402344,17553400
2023-10-27,37.505001068115234,37.755001068115234,37.3849983215332,37.474998474121094,35.5460319519043,16473200
2023-10-30,37.85499954223633,38.0099983215332,37.59000015258789,37.86000061035156,35.91121292114258,11954200
2023-10-31,37.79499816894531,38.13999938964844,37.70000076293945,38.029998779296875,36.07246017456055,11162600
2023-11-01,37.974998474121094,38.1349983215332,37.65999984741211,38.04999923706055,36.091434478759766,17561000
2023-11-02,38.29999923706055,38.79999923706055,38.275001525878906,38.78499984741211,36.78860092163086,13101200
2023-11-03,39.10499954223633,39.665000915527344,39.10499954223633,39.39500045776367,37.36720275878906,12129600
2023-11-06,39.404998779296875,39.43000030517578,39.1150016784668,39.20000076293945,37.18223571777344,9337600
2023-11-07,38.81999969482422,38.849998474121094,38.38999938964844,38.439998626708984,36.46135330200195,15016000
2023-11-08,38.53499984741211,38.665000915527344,38.310001373291016,38.560001373291016,36.57518005371094,10941600
2023-11-09,38.81999969482422,38.82500076293945,38.20500183105469,38.22999954223633,36.26216506958008,13878000
2023-11-10,38.26499938964844,38.709999084472656,38.21500015258789,38.68000030517578,36.689002990722656,7248200
2023-11-13,38.45500183105469,38.78499984741211,38.404998779296875,38.625,36.63683319091797,8079400
2023-11-14,39.07500076293945,39.94499969482422,39.06999969482422,39.76499938964844,37.718162536621094,10995800
2023-11-15,39.85499954223633,40.30500030517578,39.814998626708984,39.939998626708984,37.8841438293457,9819800
2023-11-16,39.93000030517578,40.10499954223633,39.82500076293945,40.060001373291016,37.99796676635742,7165600
2023-11-17,40.185001373291016,40.27000045776367,40.01499938964844,40.1349983215332,38.06911087036133,6890000
2023-11-20,40.07500076293945,40.33000183105469,39.86000061035156,40.20500183105469,38.13551712036133,9634600
2023-11-21,40.32500076293945,40.5099983215332,40.29499816894531,40.36000061035156,38.282527923583984,7363000
2023-11-22,40.36000061035156,40.44499969482422,40.18000030517578,40.3849983215332,38.30624008178711,7523000
2023-11-24,40.38999938964844,40.69499969482422,40.38999938964844,40.560001373291016,38.47224044799805,3689800
2023-11-27,40.40999984741211,40.55500030517578,40.23500061035156,40.5099983215332,38.424808502197266,6524600
2023-11-28,40.5099983215332,40.810001373291016,40.38999938964844,40.59000015258789,38.50068664550781,6996200
2023-11-29,40.744998931884766,40.98500061035156,40.70500183105469,40.79999923706055,38.699886322021484,6244400
2023-11-30,40.82500076293945,41.2400016784668,40.689998626708984,41.20500183105469,39.08403015136719,11482400
2023-12-01,41.26499938964844,41.81999969482422,41.16999816894531,41.67499923706055,39.52983856201172,16782800
2023-12-04,41.33000183105469,41.630001068115234,41.16999816894531,41.189998626708984,39.069801330566406,21230000
2023-12-05,40.98500061035156,41.0099983215332,40.529998779296875,40.625,38.53388977050781,17533400
2023-12-06,40.80500030517578,40.939998626708984,40.505001068115234,40.540000915527344,38.4532585144043,16910000
2023-12-07,40.69499969482422,40.86000061035156,40.57500076293945,40.814998626708984,38.71410369873047,8559600
2023-12-08,40.78499984741211,41.15999984741211,40.78499984741211,40.96500015258789,38.85639190673828,8247000
2023-12-11,40.88999938964844,41.2599983215332,40.814998626708984,41.255001068115234,39.131465911865234,9205800
2023-12-12,41.63999938964844,41.79999923706055,41.29499816894531,41.494998931884766,39.359100341796875,20435000
2023-12-13,41.04499816894531,42.02000045776367,40.939998626708984,42.0,39.83811569213867,16392600
2023-12-14,42.255001068115234,42.93000030517578,42.255001068115234,42.69499969482422,40.497337341308594,12713400
2023-12-15,42.459999084472656,42.849998474121094,42.459999084472656,42.584999084472656,40.39300537109375,10811200
2023-12-18,42.61000061035156,42.70000076293945,42.32500076293945,42.35499954223633,40.455562591552734,8052800
2023-12-19,42.630001068115234,42.845001220703125,42.584999084472656,42.744998931884766,40.82807540893555,7285400
2023-12-20,42.630001068115234,42.73500061035156,42.08000183105469,42.09000015258789,40.20244598388672,9358800
2023-12-21,42.44499969482422,42.54499816894531,42.25,42.53499984741211,40.62749481201172,7544400
2023-12-22,42.69499969482422,42.89500045776367,42.619998931884766,42.79999923706055,40.88060760498047,5386600
2023-12-26,42.85499954223633,43.125,42.79999923706055,43.0,41.07162857055664,6731400
2023-12-27,42.91999816894531,43.150001525878906,42.869998931884766,43.10499954223633,41.17192840576172,6819600
2023-12-28,43.029998779296875,43.10499954223633,42.904998779296875,42.939998626708984,41.01433181762695,7214000
2023-12-29,42.79499816894531,42.88999938964844,42.685001373291016,42.77000045776367,40.85195541381836,6992200
2024-01-02,42.459999084472656,42.76499938964844,42.400001525878906,42.69499969482422,40.78030776977539,19924800
2024-01-03,42.25,42.45000076293945,41.939998626708984,42.23500061035156,40.340946197509766,23358600
2024-01-04,42.165000915527344,42.36000061035156,42.02000045776367,42.099998474121094,40.21200180053711,20424200
2024-01-05,41.98500061035156,42.404998779296875,41.935001373291016,42.16999816894531,40.27886199951172,14692800
2024-01-08,41.95000076293945,42.36000061035156,41.79999923706055,42.349998474121094,40.45078659057617,10366200
2024-01-09,42.08000183105469,42.08000183105469,41.72999954223633,41.8650016784668,39.9875373840332,12910400
2024-01-10,41.71500015258789,41.849998474121094,41.61000061035156,41.810001373291016,39.93500518798828,8202800
2024-01-11,41.86000061035156,41.86000061035156,41.380001068115234,41.685001373291016,39.815608978271484,8542200
2024-01-12,41.92499923706055,42.02000045776367,41.54499816894531,41.724998474121094,39.85381317138672,8267800
2024-01-16,41.470001220703125,41.54499816894531,41.14500045776367,41.244998931884766,39.39533996582031,10552800
2024-01-17,40.82500076293945,41.09000015258789,40.76499938964844,40.94499969482422,39.10879898071289,9287600
2024-01-18,41.025001525878906,41.1349983215332,40.72999954223633,41.07500076293945,39.232967376708984,9320800
2024-01-19,41.1150016784668,41.189998626708984,40.720001220703125,41.1150016784668,39.271175384521484,11653600
2024-01-22,40.880001068115234,41.310001373291016,40.880001068115234,41.23500061035156,39.38578414916992,10785200
2024-01-23,41.43000030517578,41.55500030517578,41.21500015258789,41.369998931884766,39.51473617553711,7891600
2024-01-24,41.39500045776367,41.5,40.78499984741211,40.810001373291016,38.9798469543457,10317800
2024-01-25,41.005001068115234,41.2599983215332,40.8849983215332,41.2400016784668,39.390567779541016,9734400
2024-01-26,41.38999938964844,41.4900016784668,41.16999816894531,41.255001068115234,39.4048957824707,7799400
2024-01-29,41.224998474121094,41.474998474121094,41.03499984741211,41.459999084472656,39.6006965637207,7125800
2024-01-30,41.375,41.845001220703125,41.29499816894531,41.650001525878906,39.78218460083008,10851400
2024-01-31,41.71500015258789,41.77000045776367,41.064998626708984,41.10499954223633,39.26161193847656,13478400
2024-02-01,41.73500061035156,41.85499954223633,41.23500061035156,41.790000915527344,39.91590881347656,19793800
2024-02-02,41.48500061035156,41.744998931884766,41.09000015258789,41.54499816894531,39.68187713623047,22920400
2024-02-05,40.650001525878906,40.744998931884766,40.369998931884766,40.4900016784668,38.6741943359375,24886800
2024-02-06,40.81999969482422,41.29499816894531,40.81999969482422,41.20500183105469,39.35713195800781,19053000
2024-02-07,41.439998626708984,41.650001525878906,41.41999816894531,41.53499984741211,39.67233657836914,10820400
2024-02-08,41.595001220703125,41.599998474121094,41.185001373291016,41.47999954223633,39.61980056762695,6798600
2024-02-09,41.3849983215332,41.59000015258789,41.26499938964844,41.56999969482422,39.705772399902344,7636600
2024-02-12,41.66999816894531,42.095001220703125,41.6349983215332,41.900001525878906,40.02096939086914,6796400
2024-02-13,41.5,41.619998931884766,41.0099983215332,41.310001373291016,39.457427978515625,12864600
2024-02-14,41.52000045776367,41.654998779296875,41.310001373291016,41.57500076293945,39.71054458618164,8762000
2024-02-15,41.80500030517578,42.42499923706055,41.80500030517578,42.36000061035156,40.46033477783203,11984000
2024-02-16,42.540000915527344,42.875,42.494998931884766,42.584999084472656,40.675254821777344,9313400
2024-02-20,42.560001373291016,42.630001068115234,42.369998931884766,42.494998931884766,40.58927917480469,9019000
2024-02-21,42.48500061035156,42.755001068115234,42.32500076293945,42.72999954223633,40.813743591308594,8122400
2024-02-22,42.810001373291016,43.224998474121094,42.755001068115234,43.15999984741211,41.22447204589844,9448600
2024-02-23,43.25,43.47999954223633,43.14500045776367,43.415000915527344,41.4680290222168,7079000
2024-02-26,43.275001525878906,43.334999084472656,43.10499954223633,43.154998779296875,41.21968460083008,6653600
2024-02-27,43.314998626708984,43.42499923706055,43.189998626708984,43.314998626708984,41.37251663208008,8254600
2024-02-28,43.189998626708984,43.61000061035156,43.07500076293945,43.45000076293945,41.501461029052734,8994000
2024-02-29,43.71500015258789,43.900001525878906,43.564998626708984,43.779998779296875,41.816654205322266,12247600
2024-03-01,43.779998779296875,44.09000015258789,43.744998931884766,43.97999954223633,42.0076904296875,10401600
2024-03-04,44.029998779296875,44.375,43.97999954223633,44.29999923706055,42.31333923339844,9349200
2024-03-05,44.150001525878906,44.435001373291016,43.915000915527344,44.064998626708984,42.0888786315918,8493800
2024-03-06,44.30500030517578,44.54499816894531,44.2400016784668,44.38999938964844,42.39929962158203,10224000
2024-03-07,44.7400016784668,45.14500045776367,44.73500061035156,44.935001373291016,42.919864654541016,7942200
2024-03-08,45.07500076293945,45.099998474121094,44.665000915527344,44.67499923706055,42.67152404785156,10311200
2024-03-11,44.8849983215332,45.369998931884766,44.724998474121094,45.18000030517578,43.153873443603516,23270600
2024-03-12,45.17499923706055,45.23500061035156,44.95500183105469,45.17499923706055,43.14910125732422,10149400
2024-03-13,45.314998626708984,45.83000183105469,45.314998626708984,45.619998931884766,43.57413864135742,14529200
2024-03-14,45.494998931884766,45.599998474121094,45.18000030517578,45.380001068115234,43.344905853271484,19452000
2024-03-15,45.084999084472656,45.599998474121094,45.05500030517578,45.400001525878906,43.36400604248047,18702600
2024-03-18,45.380001068115234,45.68000030517578,45.29999923706055,45.31999969482422,43.44309616088867,15242400
2024-03-19,45.26499938964844,45.404998779296875,45.130001068115234,45.32500076293945,43.44789123535156,10832800
2024-03-20,45.290000915527344,45.94499969482422,45.20000076293945,45.779998779296875,43.8840446472168,13252400
2024-03-21,45.900001525878906,46.040000915527344,45.720001220703125,45.970001220703125,44.0661735534668,9384200
2024-03-22,45.869998931884766,45.97999954223633,45.65999984741211,45.685001373291016,43.79297637939453,5874600
2024-03-25,45.65999984741211,45.8849983215332,45.619998931884766,45.70000076293945,43.80735397338867,5662600
2024-03-26,45.775001525878906,45.86000061035156,45.6349983215332,45.665000915527344,43.7738037109375,5434400
2024-03-27,45.779998779296875,46.334999084472656,45.7400016784668,46.31999969482422,44.40167999267578,8444400
2024-03-28,46.32500076293945,46.60499954223633,46.23500061035156,46.44499969482422,44.52149963378906,9025200
2024-04-01,46.665000915527344,46.665000915527344,46.25,46.334999084472656,44.41605758666992,7647000
2024-04-02,46.290000915527344,46.33000183105469,45.96500015258789,46.165000915527344,44.25309753417969,9570800
2024-04-03,46.21500015258789,46.5,46.17499923706055,46.439998626708984,44.516700744628906,10022800
2024-04-04,46.69499969482422,46.86000061035156,45.8650016784668,45.970001220703125,44.0661735534668,12658600
2024-04-05,45.96500015258789,46.44499969482422,45.92499923706055,46.3849983215332,44.463985443115234,9804200
2024-04-08,46.53499984741211,46.584999084472656,46.29499816894531,46.41999816894531,44.497535705566406,6522000
2024-04-09,46.779998779296875,46.79499816894531,46.05500030517578,46.529998779296875,44.60297775268555,11350600
2024-04-10,45.814998626708984,46.08000183105469,45.63999938964844,45.80500030517578,43.90800857543945,14113000
2024-04-11,45.849998474121094,45.96500015258789,45.53499984741211,45.77000045776367,43.874454498291016,9900600
2024-04-12,45.6349983215332,45.724998474121094,44.7599983215332,44.959999084472656,43.09800720214844,12113000
2024-04-15,45.439998626708984,45.61000061035156,44.59000015258789,44.744998931884766,42.89190673828125,11506200
2024-04-16,44.5,44.63999938964844,44.244998931884766,44.400001525878906,42.561195373535156,13555600
2024-04-17,44.70000076293945,44.900001525878906,44.369998931884766,44.5,42.65705490112305,9156800
2024-04-18,44.86000061035156,44.89500045776367,44.310001373291016,44.51499938964844,42.67143249511719,7497800
2024-04-19,44.630001068115234,44.81999969482422,44.314998626708984,44.47999954223633,42.637882232666016,10109000
2024-04-22,44.23500061035156,44.7599983215332,44.064998626708984,44.525001525878906,42.68102264404297,8284600
2024-04-23,43.970001220703125,44.35499954223633,43.8849983215332,44.13999938964844,42.31196594238281,11470000
2024-04-24,43.959999084472656,44.209999084472656,43.83000183105469,44.16999816894531,42.34071350097656,9553800
2024-04-25,44.16999816894531,44.584999084472656,43.775001525878906,44.48500061035156,42.64267349243164,9220200
2024-04-26,44.505001068115234,44.95000076293945,44.494998931884766,44.7599983215332,42.906280517578125,6274400
2024-04-29,44.959999084472656,45.189998626708984,44.915000915527344,45.1349983215332,43.26575469970703,5676800
2024-04-30,44.7599983215332,44.8650016784668,44.30500030517578,44.314998626708984,42.479713439941406,9871800
2024-05-01,44.47999954223633,45.2599983215332,44.369998931884766,44.54499816894531,42.70018768310547,15456200
2024-05-02,44.30500030517578,44.505001068115234,43.95000076293945,44.314998626708984,42.479713439941406,15567400
2024-05-03,44.685001373291016,44.8849983215332,44.525001525878906,44.76499938964844,42.911075592041016,8999400
2024-05-06,45.040000915527344,45.209999084472656,44.834999084472656,45.03499984741211,43.169898986816406,6615600
2024-05-07,45.20500183105469,45.64500045776367,45.20000076293945,45.56999969482422,43.682743072509766,8862200
2024-05-08,45.400001525878906,45.56999969482422,45.314998626708984,45.36000061035156,43.4814338684082,6522600
2024-05-09,45.47999954223633,45.904998779296875,45.42499923706055,45.8650016784668,43.96551513671875,7070000
2024-05-10,46.060001373291016,46.10499954223633,45.88999938964844,45.91999816894531,44.01823806762695,5472600
2024-05-13,46.005001068115234,46.165000915527344,45.849998474121094,45.88999938964844,43.9894905090332,5030600
2024-05-14,46.01499938964844,46.099998474121094,45.78499984741211,45.935001373291016,44.032623291015625,7480400
2024-05-15,46.25,46.279998779296875,45.80500030517578,46.01499938964844,44.10930633544922,7922200
2024-05-16,46.029998779296875,46.064998626708984,45.65999984741211,45.685001373291016,43.79297637939453,7245800
2024-05-17,45.85499954223633,46.07500076293945,45.78499984741211,46.07500076293945,44.166831970214844,7256200
2024-05-20,46.0099983215332,46.220001220703125,45.88999938964844,46.13999938964844,44.229129791259766,4544600
2024-05-21,46.13999938964844,46.150001525878906,45.935001373291016,46.13999938964844,44.229129791259766,5425000
2024-05-22,45.709999084472656,45.875,45.47999954223633,45.689998626708984,43.79777145385742,8703200
2024-05-23,45.755001068115234,45.79999923706055,45.19499969482422,45.28499984741211,43.409542083740234,5688000
2024-05-24,45.494998931884766,45.7400016784668,45.494998931884766,45.68000030517578,43.78818130493164,4598000
2024-05-28,45.689998626708984,45.75,45.345001220703125,45.505001068115234,43.62042999267578,4223000
2024-05-29,45.07500076293945,45.189998626708984,44.81999969482422,44.85499954223633,42.99734878540039,8145000
2024-05-30,44.76499938964844,45.244998931884766,44.76499938964844,45.220001220703125,43.347232818603516,6599400
2024-05-31,45.26499938964844,45.775001525878906,44.94499969482422,45.76499938964844,43.86966323852539,8203000
2024-06-03,45.755001068115234,45.775001525878906,45.10499954223633,45.494998931884766,43.610843658447266,11900200
2024-06-04,45.130001068115234,45.21500015258789,44.72999954223633,44.9900016784668,43.12675857543945,6779000
2024-06-05,45.0,45.31999969482422,44.810001373291016,45.29999923706055,43.42392349243164,6820800
2024-06-06,45.29999923706055,45.36000061035156,45.099998474121094,45.349998474121094,43.47185516357422,4238800
2024-06-07,44.880001068115234,45.27000045776367,44.70000076293945,44.89500045776367,43.03569412231445,8359000
2024-06-10,44.775001525878906,44.89500045776367,44.67499923706055,44.849998474121094,42.99256134033203,5223600
2024-06-11,44.599998474121094,44.834999084472656,44.41999816894531,44.834999084472656,42.97817611694336,6457200
2024-06-12,45.375,45.5099983215332,44.80500030517578,44.91999816894531,43.059654235839844,8174200
2024-06-13,44.66999816894531,44.959999084472656,44.505001068115234,44.904998779296875,43.04528045654297,7937200
2024-06-14,44.64500045776367,44.720001220703125,44.209999084472656,44.4900016784668,42.64746856689453,5694400
2024-06-17,44.33000183105469,44.89500045776367,44.224998474121094,44.81999969482422,42.96379852294922,7631200
2024-06-18,44.83000183105469,44.994998931884766,44.564998626708984,44.77000045776367,42.91586685180664,6872200
2024-06-20,44.744998931884766,45.03499984741211,44.709999084472656,44.814998626708984,42.95901107788086,6441000
2024-06-21,44.69499969482422,44.904998779296875,44.48500061035156,44.81999969482422,42.96379852294922,8209800
2024-06-24,44.79499816894531,45.08000183105469,44.66999816894531,44.89500045776367,43.24070739746094,8065200
2024-06-25,44.810001373291016,44.81999969482422,44.18000030517578,44.32500076293945,42.691707611083984,7292200
2024-06-26,44.10499954223633,44.334999084472656,43.974998474121094,44.29499816894531,42.66281509399414,6474600
2024-06-27,44.290000915527344,44.310001373291016,44.060001373291016,44.16999816894531,42.54241943359375,16279600
2024-06-28,44.17499923706055,44.47999954223633,44.02000045776367,44.154998779296875,42.5279655456543,7750600
2024-07-01,44.189998626708984,44.35499954223633,43.34000015258789,43.474998474121094,41.87302780151367,8647400
2024-07-02,43.369998931884766,43.67499923706055,43.20500183105469,43.55500030517578,41.9500846862793,13117200
2024-07-03,43.70000076293945,43.9900016784668,43.65999984741211,43.880001068115234,42.26310729980469,4591200
2024-07-05,43.85499954223633,44.005001068115234,43.61000061035156,43.95000076293945,42.33052444458008,8846800
2024-07-08,44.08000183105469,44.23500061035156,43.92499923706055,44.08000183105469,42.45573806762695,10496800
2024-07-09,43.8849983215332,43.974998474121094,43.619998931884766,43.630001068115234,42.02231979370117,5951000
2024-07-10,43.849998474121094,44.2400016784668,43.779998779296875,44.21500015258789,42.58576583862305,7915400
2024-07-11,44.435001373291016,44.8849983215332,44.404998779296875,44.81999969482422,43.1684684753418,11914000
2024-07-12,45.07500076293945,45.46500015258789,44.95500183105469,45.25,43.5826301574707,9796000
2024-07-15,45.255001068115234,45.439998626708984,45.029998779296875,45.1349983215332,43.471866607666016,6485200
2024-07-16,45.095001220703125,46.04999923706055,45.07500076293945,46.0099983215332,44.31462097167969,7465600
2024-07-17,45.98500061035156,46.189998626708984,45.89500045776367,45.915000915527344,44.22311782836914,8790400
2024-07-18,45.64500045776367,46.14500045776367,45.404998779296875,45.459999084472656,43.78488540649414,8910200
2024-07-19,45.244998931884766,45.345001220703125,44.91999816894531,45.05500030517578,43.394813537597656,9365200
2024-07-22,45.16999816894531,45.2599983215332,44.83000183105469,45.20500183105469,43.53928756713867,7526200
2024-07-23,45.34000015258789,45.46500015258789,45.064998626708984,45.3849983215332,43.712646484375,6493400
2024-07-24,45.46500015258789,45.52000045776367,44.7599983215332,44.80500030517578,43.15401840209961,8549000
2024-07-25,44.599998474121094,45.474998474121094,44.560001373291016,44.93000030517578,43.2744140625,10052000
2024-07-26,45.224998474121094,45.84000015258789,45.119998931884766,45.665000915527344,43.982337951660156,7069800
2024-07-29,45.69499969482422,45.869998931884766,45.494998931884766,45.744998931884766,44.05938720703125,7049600
2024-07-30,45.584999084472656,45.93000030517578,45.5,45.595001220703125,43.914913177490234,8502200
2024-07-31,45.98500061035156,46.494998931884766,45.834999084472656,46.06999969482422,44.372406005859375,10466800
2024-08-01,46.275001525878906,46.69499969482422,45.595001220703125,45.8849983215332,44.1942253112793,17134400
2024-08-02,45.369998931884766,45.474998474121094,44.42499923706055,45.02000045776367,43.361106872558594,20945200
2024-08-05,44.209999084472656,44.375,43.63999938964844,44.01499938964844,42.393131256103516,19482800
2024-08-06,43.95500183105469,44.80500030517578,43.880001068115234,44.2400016784668,42.60984420776367,11812200
2024-08-07,44.6150016784668,44.79999923706055,43.61000061035156,43.63999938964844,42.03194808959961,11097400
2024-08-08,43.8650016784668,44.40999984741211,43.834999084472656,44.314998626708984,42.68207550048828,10759000
2024-08-09,44.34000015258789,44.42499923706055,43.875,44.279998779296875,42.64836883544922,5722000
2024-08-12,44.33000183105469,44.38999938964844,43.98500061035156,44.084999084472656,42.46055221557617,5561800
2024-08-13,44.2400016784668,44.619998931884766,44.1349983215332,44.525001525878906,42.884342193603516,6236000
2024-08-14,44.6349983215332,44.65999984741211,44.29999923706055,44.525001525878906,42.884342193603516,7241000
2024-08-15,44.95000076293945,45.32500076293945,44.85499954223633,45.22999954223633,43.563358306884766,7728600
2024-08-16,45.150001525878906,45.314998626708984,44.95000076293945,45.28499984741211,43.616336822509766,5803200
2024-08-19,45.290000915527344,45.540000915527344,45.290000915527344,45.5,43.82341003417969,4586400
2024-08-20,45.525001525878906,45.64500045776367,45.290000915527344,45.334999084472656,43.664493560791016,4834600
2024-08-21,45.48500061035156,45.89500045776367,45.46500015258789,45.85499954223633,44.16532897949219,4611000
2024-08-22,45.85499954223633,45.935001373291016,45.599998474121094,45.7599983215332,44.07383346557617,5684400
2024-08-23,45.95000076293945,46.47999954223633,45.91999816894531,46.3650016784668,44.65653991699219,5797800
2024-08-26,46.56999969482422,46.915000915527344,46.494998931884766,46.56999969482422,44.85398483276367,7663000
2024-08-27,46.53499984741211,46.584999084472656,46.275001525878906,46.57500076293945,44.858802795410156,8845400
2024-08-28,46.41999816894531,46.625,46.20500183105469,46.375,44.66617202758789,6524000
2024-08-29,46.540000915527344,46.91999816894531,46.244998931884766,46.630001068115234,44.91176986694336,6051200
2024-08-30,46.7599983215332,47.209999084472656,46.53499984741211,47.13999938964844,45.402984619140625,8647400
2024-09-03,46.45500183105469,46.68000030517578,45.92499923706055,46.06999969482422,44.372406005859375,9503400
2024-09-04,46.185001373291016,46.380001068115234,45.83000183105469,45.880001068115234,44.18941116333008,6313400
2024-09-05,45.974998474121094,46.029998779296875,45.415000915527344,45.52000045776367,43.84267807006836,7587000
2024-09-06,45.45500183105469,45.724998474121094,44.85499954223633,44.94499969482422,43.28886413574219,10616400
2024-09-09,45.20500183105469,45.6150016784668,45.20500183105469,45.380001068115234,43.70783615112305,6412400
2024-09-10,45.36000061035156,45.40999984741211,45.03499984741211,45.400001525878906,43.72710037231445,6299800
2024-09-11,45.400001525878906,45.560001373291016,44.44499969482422,45.5099983215332,43.83304214477539,7392800
2024-09-12,45.654998779296875,45.939998626708984,45.39500045776367,45.93000030517578,44.23756790161133,5962800
2024-09-13,46.064998626708984,46.595001220703125,46.029998779296875,46.345001220703125,44.63727951049805,6459000
2024-09-16,46.54999923706055,46.86000061035156,46.415000915527344,46.775001525878906,45.05142593383789,5838600
2024-09-17,46.79499816894531,47.209999084472656,46.75,46.8650016784668,45.138118743896484,5881400
2024-09-18,46.96500015258789,47.21500015258789,46.54999923706055,46.665000915527344,44.94548797607422,11155400
2024-09-19,47.439998626708984,47.560001373291016,47.11000061035156,47.369998931884766,45.624507904052734,8351800
2024-09-20,47.314998626708984,47.314998626708984,46.849998474121094,47.03499984741211,45.301849365234375,9617400
2024-09-23,47.0099983215332,47.275001525878906,46.90999984741211,47.23500061035156,45.697547912597656,5159800
2024-09-24,47.65999984741211,47.959999084472656,47.564998626708984,47.880001068115234,46.3215446472168,7918800
2024-09-25,48.0099983215332,48.04999923706055,47.45000076293945,47.560001373291016,46.011959075927734,5815400
2024-09-26,48.07500076293945,48.6150016784668,48.07500076293945,48.54499816894531,46.96489715576172,10243400
2024-09-27,48.540000915527344,48.88999938964844,48.36000061035156,48.459999084472656,46.882667541503906,8498600
2024-09-30,48.380001068115234,48.435001373291016,47.82500076293945,48.189998626708984,46.621456146240234,7373600
2024-10-01,48.2400016784668,48.27000045776367,47.849998474121094,48.06999969482422,46.5053596496582,11546800
2024-10-02,47.95000076293945,48.26499938964844,47.7599983215332,47.8849983215332,46.32638168334961,10571400
2024-10-03,47.599998474121094,47.61000061035156,47.224998474121094,47.35499954223633,45.81363296508789,13542600
2024-10-04,47.650001525878906,47.78499984741211,47.290000915527344,47.584999084472656,46.03614807128906,11380200
2024-10-07,47.369998931884766,47.560001373291016,47.18000030517578,47.44499969482422,45.90070343017578,7800600
2024-10-08,47.16999816894531,47.28499984741211,46.91999816894531,47.224998474121094,45.68785858154297,8933800
2024-10-09,47.189998626708984,47.65999984741211,47.1150016784668,47.525001525878906,45.97809982299805,8562000
2024-10-10,47.505001068115234,47.709999084472656,47.30500030517578,47.6349983215332,46.08451843261719,6764600
2024-10-11,47.72999954223633,48.08000183105469,47.65999984741211,47.94499969482422,46.384429931640625,6631200
2024-10-14,47.72999954223633,48.25,47.654998779296875,48.220001220703125,46.65047836303711,6217000
2024-10-15,48.11000061035156,48.564998626708984,48.11000061035156,48.16999816894531,46.602108001708984,7717600
2024-10-16,48.224998474121094,48.63999938964844,48.20500183105469,48.54499816894531,46.96489715576172,7465800
2024-10-17,48.650001525878906,48.72999954223633,48.46500015258789,48.619998931884766,47.03745651245117,5043600
2024-10-18,48.76499938964844,48.935001373291016,48.56999969482422,48.814998626708984,47.226112365722656,6035600
2024-10-21,48.7599983215332,48.834999084472656,48.275001525878906,48.439998626708984,46.86331558227539,4343200
2024-10-22,48.404998779296875,48.47999954223633,47.72999954223633,47.994998931884766,46.43280792236328,6954000
2024-10-23,47.869998931884766,48.130001068115234,47.63999938964844,47.8650016784668,46.30703353881836,6782600
2024-10-24,47.77000045776367,47.8650016784668,47.084999084472656,47.279998779296875,45.74106979370117,5092000
2024-10-25,47.2599983215332,47.45000076293945,46.95500183105469,46.97999954223633,45.45083999633789,7406600
2024-10-28,47.209999084472656,47.435001373291016,47.15999984741211,47.369998931884766,45.82814025878906,7701600
2024-10-29,47.1349983215332,47.345001220703125,47.0099983215332,47.064998626708984,45.53307342529297,7315600
2024-10-30,47.064998626708984,47.6349983215332,47.064998626708984,47.31999969482422,45.77976989746094,10643600
2024-10-31,47.0,47.19499969482422,46.67499923706055,46.69499969482422,45.17511749267578,8106800
2024-11-01,46.72999954223633,46.89500045776367,46.54999923706055,46.564998626708984,45.049346923828125,6928000
2024-11-04,46.81999969482422,47.084999084472656,46.560001373291016,46.77000045776367,45.247676849365234,15308600
2024-11-05,46.65999984741211,47.029998779296875,46.5099983215332,46.84000015258789,45.31539535522461,7972800
2024-11-06,47.869998931884766,47.96500015258789,47.1349983215332,47.48500061035156,45.93940734863281,12702800
2024-11-07,47.61000061035156,47.84000015258789,47.5099983215332,47.66999816894531,46.118377685546875,19949800
2024-11-08,47.494998931884766,47.540000915527344,47.150001525878906,47.23500061035156,45.697547912597656,8805600
2024-11-11,47.185001373291016,47.380001068115234,46.97999954223633,47.029998779296875,45.499210357666016,7693600
2024-11-12,46.79999923706055,46.8650016784668,46.1150016784668,46.22999954223633,44.72525405883789,7078400
2024-11-13,46.26499938964844,46.435001373291016,46.1150016784668,46.34000015258789,44.83167266845703,6310000
2024-11-14,46.275001525878906,46.32500076293945,45.90999984741211,45.959999084472656,44.46403884887695,5911400
2024-11-15,45.939998626708984,46.03499984741211,45.564998626708984,45.63999938964844,44.15445327758789,6395600
2024-11-18,45.724998474121094,45.994998931884766,45.63999938964844,45.994998931884766,44.497901916503906,7875200
2024-11-19,45.650001525878906,45.91999816894531,45.40999984741211,45.845001220703125,44.352787017822266,6540600
2024-11-20,45.869998931884766,46.275001525878906,45.689998626708984,46.220001220703125,44.715576171875,8345800
2024-11-21,46.22999954223633,46.79999923706055,46.095001220703125,46.78499984741211,45.26218795776367,8402400
2024-11-22,46.744998931884766,47.099998474121094,46.71500015258789,47.04499816894531,45.51372528076172,5857200
2024-11-25,47.23500061035156,47.599998474121094,47.18000030517578,47.529998779296875,45.982933044433594,7524600
2024-11-26,47.40999984741211,47.40999984741211,46.994998931884766,47.17499923706055,45.63949203491211,6104600
2024-11-27,47.244998931884766,47.58000183105469,47.09000015258789,47.150001525878906,45.61530303955078,14047400
2024-11-29,47.154998779296875,47.43000030517578,47.084999084472656,47.38999938964844,45.84749221801758,4265200
2024-12-02,47.439998626708984,47.470001220703125,47.025001525878906,47.36000061035156,45.81847381591797,12785600
2024-12-03,47.54999923706055,47.59000015258789,47.119998931884766,47.209999084472656,45.67335510253906,11099200
2024-12-04,47.025001525878906,47.05500030517578,46.60499954223633,46.75,45.22832489013672,10865800
2024-12-05,46.5,46.56999969482422,45.91999816894531,46.1349983215332,44.63334274291992,12762800
2024-12-06,46.25,46.314998626708984,45.935001373291016,45.95500183105469,44.45920181274414,7131000
2024-12-09,46.31999969482422,46.57500076293945,45.935001373291016,45.94499969482422,44.449527740478516,9417600
2024-12-10,45.88999938964844,45.92499923706055,45.19499969482422,45.474998474121094,43.99482345581055,7718600
2024-12-11,45.625,45.625,45.28499984741211,45.314998626708984,43.84003448486328,12288200
2024-12-12,45.154998779296875,45.279998779296875,44.97999954223633,45.0,43.53528594970703,7294000
2024-12-13,44.84000015258789,44.904998779296875,44.46500015258789,44.6150016784668,43.162818908691406,8098800
2024-12-16,44.525001525878906,44.68000030517578,44.20000076293945,44.220001220703125,42.78068542480469,10486600
2024-12-17,44.025001525878906,44.345001220703125,43.96500015258789,43.974998474121094,42.54365158081055,8289800
2024-12-18,43.95000076293945,44.099998474121094,42.70500183105469,42.724998474121094,41.33433151245117,14797400
2024-12-19,42.76499938964844,43.060001373291016,42.255001068115234,42.26499938964844,40.889312744140625,12495600
2024-12-20,42.189998626708984,43.040000915527344,42.165000915527344,42.790000915527344,41.397220611572266,14684600
2024-12-23,42.51499938964844,42.584999084472656,42.130001068115234,42.53499984741211,41.3651237487793,11338400
2024-12-24,42.54499816894531,42.79999923706055,42.34000015258789,42.76499938964844,41.588802337646484,5502400
2024-12-26,42.59000015258789,42.86000061035156,42.48500061035156,42.70000076293945,41.52559280395508,6517600
2024-12-27,42.48500061035156,42.85499954223633,42.30500030517578,42.470001220703125,41.30191421508789,8568000
2024-12-30,42.19499969482422,42.19499969482422,41.70000076293945,41.900001525878906,40.74759292602539,7528200
2024-12-31,42.040000915527344,42.209999084472656,41.849998474121094,42.06999969482422,40.91291809082031,8883200
2025-01-02,42.27000045776367,42.40999984741211,41.54499816894531,41.60499954223633,40.4607048034668,20004200
2025-01-03,41.7400016784668,41.79499816894531,41.52000045776367,41.595001220703125,40.45098876953125,19348400
2025-01-06,42.005001068115234,42.275001525878906,41.814998626708984,41.875,40.7232780456543,16602000
2025-01-07,41.900001525878906,42.32500076293945,41.63999938964844,41.849998474121094,40.69896697998047,23069000
2025-01-08,41.880001068115234,42.084999084472656,41.58000183105469,42.08000183105469,40.922645568847656,15743000
2025-01-10,41.78499984741211,41.95500183105469,41.540000915527344,41.650001525878906,40.50446701049805,18553600
2025-01-13,41.61000061035156,42.60499954223633,41.57500076293945,42.58000183105469,41.40889358520508,20014800
2025-01-14,42.81999969482422,43.14500045776367,42.709999084472656,43.11000061035156,41.924312591552734,13084600
2025-01-15,43.73500061035156,43.849998474121094,43.23500061035156,43.52000045776367,42.323036193847656,12564200
2025-01-16,43.55500030517578,43.8849983215332,43.435001373291016,43.880001068115234,42.673133850097656,11550400
2025-01-17,44.16999816894531,44.45000076293945,44.0,44.165000915527344,42.950294494628906,11589000
2025-01-21,44.58000183105469,44.85499954223633,44.52000045776367,44.72999954223633,43.499752044677734,10348000
2025-01-22,44.779998779296875,44.79499816894531,44.36000061035156,44.369998931884766,43.149662017822266,11894200
2025-01-23,44.369998931884766,44.6150016784668,44.1349983215332,44.6150016784668,43.38792037963867,8568400
2025-01-24,44.814998626708984,44.83000183105469,44.45500183105469,44.5,43.27608108520508,6300000
2025-01-27,44.40999984741211,44.564998626708984,44.154998779296875,44.525001525878906,43.30039978027344,12938800
2025-01-28,44.630001068115234,44.6349983215332,44.279998779296875,44.380001068115234,43.15938186645508,9287600
2025-01-29,44.209999084472656,44.5099983215332,44.189998626708984,44.29999923706055,43.081581115722656,9020200
2025-01-30,44.209999084472656,44.75,44.130001068115234,44.720001220703125,43.49003219604492,12398200
2025-01-31,44.665000915527344,44.79999923706055,44.21500015258789,44.39500045776367,43.17396926879883,13902800
2025-02-03,43.94499969482422,44.56999969482422,43.46500015258789,44.439998626708984,43.217735290527344,21249600
2025-02-04,44.584999084472656,44.755001068115234,44.44499969482422,44.56999969482422,43.344154357910156,19718400
2025-02-05,44.380001068115234,44.75,44.23500061035156,44.53499984741211,43.310123443603516,14194200
2025-02-06,44.564998626708984,44.80500030517578,44.34000015258789,44.689998626708984,43.460853576660156,15303000
2025-02-07,44.57500076293945,44.64500045776367,44.099998474121094,44.14500045776367,42.93084716796875,13545600
2025-02-10,44.46500015258789,44.51499938964844,44.1349983215332,44.369998931884766,43.149662017822266,8950400
2025-02-11,44.5099983215332,44.915000915527344,44.44499969482422,44.630001068115234,43.40251159667969,9441800
2025-02-12,44.029998779296875,44.53499984741211,43.880001068115234,44.310001373291016,43.09130859375,11027200
2025-02-13,44.55500030517578,45.1349983215332,44.494998931884766,45.08000183105469,43.84013366699219,10430600
2025-02-14,45.209999084472656,45.435001373291016,44.915000915527344,44.92499923706055,43.68939208984375,9631400
2025-02-18,45.04999923706055,45.494998931884766,44.775001525878906,45.494998931884766,44.24371337890625,7115800
2025-02-19,44.94499969482422,45.099998474121094,44.80500030517578,44.959999084472656,43.72343063354492,7608000
2025-02-20,44.84000015258789,45.01499938964844,44.564998626708984,44.85499954223633,43.621315002441406,9868600
2025-02-21,44.94499969482422,44.95000076293945,43.98500061035156,44.03499984741211,42.82386779785156,9954000
2025-02-24,44.14500045776367,44.2400016784668,43.86000061035156,43.98500061035156,42.77524948120117,9454200
2025-02-25,44.01499938964844,44.46500015258789,43.974998474121094,44.32500076293945,43.105892181396484,9281200
2025-02-26,44.48500061035156,44.720001220703125,44.2599983215332,44.30500030517578,43.08644104003906,7965000
2025-02-27,44.32500076293945,44.60499954223633,43.974998474121094,44.005001068115234,42.79469680786133,7089000
2025-02-28,44.17499923706055,44.415000915527344,43.834999084472656,44.380001068115234,43.15938186645508,9316600
2025-03-03,44.79499816894531,44.95500183105469,43.3849983215332,43.4900016784668,42.29386520385742,16883200
2025-03-04,43.59000015258789,43.59000015258789,42.84000015258789,42.900001525878906,41.7200927734375,22518600
2025-03-05,43.29999923706055,44.1349983215332,43.23500061035156,44.02000045776367,42.80928421020508,17368600
2025-03-06,43.79999923706055,44.209999084472656,43.55500030517578,43.790000915527344,42.58561325073242,18493600
2025-03-07,43.595001220703125,44.095001220703125,43.38999938964844,43.90999984741211,42.702308654785156,15654600
2025-03-10,43.52000045776367,43.77000045776367,42.69499969482422,42.994998931884766,41.812477111816406,16672800
2025-03-11,43.06999969482422,43.10499954223633,42.42499923706055,42.665000915527344,41.491554260253906,15426200
2025-03-12,42.779998779296875,42.84000015258789,42.275001525878906,42.46500015258789,41.29705047607422,12607200
2025-03-13,42.494998931884766,42.93000030517578,42.16999816894531,42.435001373291016,41.267879486083984,10283000
2025-03-14,42.78499984741211,43.05500030517578,42.61000061035156,42.9900016784668,41.807613372802734,9507400
2025-03-17,42.900001525878906,43.665000915527344,42.900001525878906,43.529998779296875,42.332763671875,8615000
2025-03-18,43.709999084472656,43.709999084472656,43.28499984741211,43.45500183105469,42.25982666015625,10023800
2025-03-19,43.4900016784668,43.76499938964844,43.189998626708984,43.599998474121094,42.40083694458008,10253600
2025-03-20,43.470001220703125,43.69499969482422,43.26499938964844,43.32500076293945,42.133399963378906,7606200
2025-03-21,42.96500015258789,42.96500015258789,42.3650016784668,42.89500045776367,41.71522903442383,16808800
2025-03-24,43.125,43.35499954223633,42.970001220703125,43.27000045776367,42.28050231933594,9204400
2025-03-25,43.404998779296875,43.494998931884766,43.07500076293945,43.2599983215332,42.27072525024414,7622200
2025-03-26,43.30500030517578,43.599998474121094,43.130001068115234,43.34000015258789,42.348899841308594,8160800
2025-03-27,43.21500015258789,43.470001220703125,42.915000915527344,43.31999969482422,42.329349517822266,6049200
2025-03-28,43.42499923706055,43.439998626708984,42.470001220703125,42.525001525878906,41.55253601074219,9147200
2025-03-31,42.375,43.19499969482422,42.03499984741211,42.9900016784668,42.00690460205078,8881800
2025-04-01,42.880001068115234,43.16999816894531,42.494998931884766,43.150001525878906,42.163246154785156,12197600
2025-04-02,42.75,43.564998626708984,42.75,43.505001068115234,42.51012420654297,11863800
2025-04-03,42.11000061035156,42.38999938964844,41.43000030517578,41.540000915527344,40.590065002441406,18958600
2025-04-04,40.54499816894531,40.63999938964844,38.845001220703125,38.939998626708984,38.04951858520508,29389600
2025-04-07,38.07500076293945,39.935001373291016,37.119998931884766,38.314998626708984,37.438804626464844,50243800
2025-04-08,39.209999084472656,39.33000183105469,36.560001373291016,37.1349983215332,36.28579330444336,27497400
2025-04-09,36.93000030517578,40.584999084472656,36.875,40.380001068115234,39.45658874511719,40440200
2025-04-10,39.73500061035156,39.75,38.16999816894531,39.09000015258789,38.19608688354492,28167600
2025-04-11,39.17499923706055,40.54499816894531,38.97999954223633,40.25,39.32955551147461,17207000
2025-04-14,40.724998474121094,40.915000915527344,40.2400016784668,40.73500061035156,39.803470611572266,10426400
2025-04-15,40.564998626708984,40.94499969482422,40.380001068115234,40.415000915527344,39.49079132080078,8028800
2025-04-16,40.45000076293945,40.724998474121094,39.82500076293945,40.099998474121094,39.18299102783203,10726400
2025-04-17,40.21500015258789,40.689998626708984,40.165000915527344,40.375,39.45170211791992,9535800
2025-04-21,40.345001220703125,40.345001220703125,39.38999938964844,39.7599983215332,38.85076141357422,7885800
2025-04-22,40.165000915527344,40.80500030517578,40.165000915527344,40.689998626708984,39.759498596191406,7293800
2025-04-23,41.14500045776367,41.73500061035156,40.61000061035156,40.7400016784668,39.80835723876953,13337000
2025-04-24,40.80500030517578,41.69499969482422,40.654998779296875,41.619998931884766,40.66823196411133,9995400
2025-04-25,41.29499816894531,41.42499923706055,40.974998474121094,41.310001373291016,40.365318298339844,9400400
2025-04-28,41.3650016784668,41.67499923706055,40.97999954223633,41.3849983215332,40.438602447509766,7779600
2025-04-29,41.470001220703125,41.904998779296875,41.27000045776367,41.72999954223633,40.77571487426758,9526800
2025-04-30,41.2400016784668,42.08000183105469,41.02000045776367,41.94499969482422,40.98579788208008,9867400
2025-05-01,41.470001220703125,42.06999969482422,41.45000076293945,41.7599983215332,40.805030822753906,11208400
2025-05-02,42.2599983215332,42.64500045776367,42.11000061035156,42.46500015258789,41.49390411376953,8572400
2025-05-05,42.275001525878906,42.45500183105469,42.09000015258789,42.150001525878906,41.18611145019531,5679200
2025-05-06,42.0099983215332,42.20000076293945,41.73500061035156,41.845001220703125,40.888084411621094,6111200
2025-05-07,41.88999938964844,41.97999954223633,41.45500183105469,41.6150016784668,40.66334533691406,8746400
2025-05-08,41.904998779296875,42.584999084472656,41.79999923706055,42.16999816894531,41.20565414428711,8063200
2025-05-09,42.17499923706055,42.34000015258789,42.040000915527344,42.279998779296875,41.313133239746094,6360000
2025-05-12,43.435001373291016,43.7400016784668,43.040000915527344,43.2599983215332,42.27072525024414,8798800
2025-05-13,43.279998779296875,43.369998931884766,43.029998779296875,43.04499816894531,42.06064224243164,6839000
2025-05-14,42.79999923706055,42.85499954223633,42.41999816894531,42.650001525878906,41.67467498779297,7891200
2025-05-15,42.53499984741211,43.11000061035156,42.505001068115234,43.084999084472656,42.099727630615234,7114600
2025-05-16,43.09000015258789,43.529998779296875,42.84000015258789,43.525001525878906,42.52967071533203,6426800
2025-05-19,43.279998779296875,43.685001373291016,43.09000015258789,43.6349983215332,42.63714599609375,10166600
2025-05-20,43.56999969482422,43.63999938964844,43.375,43.560001373291016,42.563865661621094,5128600
2025-05-21,43.21500015258789,43.45000076293945,42.915000915527344,42.97999954223633,41.997127532958984,9612400
2025-05-22,42.92499923706055,43.119998931884766,42.619998931884766,42.935001373291016,41.953163146972656,7651000
2025-05-23,42.61000061035156,43.005001068115234,42.529998779296875,42.849998474121094,41.87010192871094,7343200
2025-05-27,43.279998779296875,43.61000061035156,43.14500045776367,43.599998474121094,42.60295104980469,6898600
2025-05-28,43.54999923706055,43.55500030517578,42.96500015258789,43.005001068115234,42.02155685424805,10597000
2025-05-29,43.224998474121094,43.2400016784668,42.73500061035156,43.165000915527344,42.17789840698242,9869600
2025-05-30,43.04999923706055,43.22999954223633,42.61000061035156,43.16999816894531,42.18278503417969,12114200
2025-06-02,43.439998626708984,43.44499969482422,43.095001220703125,43.42499923706055,42.43195343017578,15811000
2025-06-03,43.2599983215332,43.8849983215332,43.05500030517578,43.869998931884766,42.86677932739258,13218200
2025-06-04,43.92499923706055,44.154998779296875,43.849998474121094,44.03499984741211,43.02799987792969,13268000
2025-06-05,44.20500183105469,44.224998474121094,43.67499923706055,43.775001525878906,42.77395248413086,14234800
2025-06-06,44.099998474121094,44.224998474121094,43.790000915527344,43.88999938964844,42.88631820678711,9348400
2025-06-09,43.994998931884766,44.474998474121094,43.94499969482422,44.185001373291016,43.17457580566406,11667000
2025-06-10,44.18000030517578,44.494998931884766,44.18000030517578,44.459999084472656,43.44328689575195,7875200
2025-06-11,44.345001220703125,44.38999938964844,43.869998931884766,44.02000045776367,43.01334762573242,10307800
2025-06-12,43.86000061035156,44.23500061035156,43.65999984741211,44.20500183105469,43.19411849975586,8660000
2025-06-13,43.779998779296875,44.25,43.56999969482422,43.689998626708984,42.69089126586914,14289400
2025-06-16,43.8849983215332,44.290000915527344,43.8849983215332,44.060001373291016,43.05243682861328,10504000
2025-06-17,43.939998626708984,43.9900016784668,43.564998626708984,43.630001068115234,42.632266998291016,9158000
2025-06-18,43.67499923706055,43.845001220703125,43.45000076293945,43.505001068115234,42.51012420654297,8554000
2025-06-20,43.755001068115234,43.81999969482422,43.150001525878906,43.209999084472656,42.22187423706055,13409800
2025-06-23,42.994998931884766,43.5099983215332,42.77000045776367,43.470001220703125,42.69230270385742,10120600
2025-06-24,43.564998626708984,43.89500045776367,43.505001068115234,43.83000183105469,43.045860290527344,8768200
2025-06-25,43.744998931884766,43.744998931884766,43.36000061035156,43.40999984741211,42.63337326049805,8744000
2025-06-26,43.625,44.029998779296875,43.625,43.88999938964844,43.10478210449219,10508600
2025-06-27,43.904998779296875,44.13999938964844,43.70000076293945,43.94499969482422,43.15879821777344,9375600
2025-06-30,43.9900016784668,44.0099983215332,43.685001373291016,43.904998779296875,43.1195182800293,8533800
2025-07-01,44.025001525878906,45.29499816894531,43.94499969482422,45.040000915527344,44.234214782714844,15844200
2025-07-02,45.255001068115234,45.72999954223633,45.17499923706055,45.71500015258789,44.89713668823242,14644200
2025-07-03,45.68000030517578,45.845001220703125,45.599998474121094,45.685001373291016,44.867671966552734,6766000
2025-07-07,45.45000076293945,45.61000061035156,45.005001068115234,45.244998931884766,44.435543060302734,11761600
2025-07-08,45.34000015258789,45.7599983215332,45.28499984741211,45.6150016784668,44.798927307128906,16347600
2025-07-09,45.73500061035156,45.939998626708984,45.459999084472656,45.88999938964844,45.069007873535156,13435600
2025-07-10,46.0,46.43000030517578,45.904998779296875,46.1349983215332,45.30961990356445,12865600
2025-07-11,45.63999938964844,45.84000015258789,45.404998779296875,45.7599983215332,44.94132995605469,11563200
2025-07-14,45.57500076293945,45.67499923706055,45.34000015258789,45.505001068115234,44.690895080566406,12949400
2025-07-15,45.58000183105469,45.60499954223633,44.55500030517578,44.56999969482422,43.772621154785156,14653600
2025-07-16,44.625,44.7400016784668,44.16999816894531,44.689998626708984,43.890472412109375,13615200
2025-07-17,44.595001220703125,45.040000915527344,44.53499984741211,45.005001068115234,44.1998405456543,11840800
2025-07-18,45.08000183105469,45.14500045776367,44.84000015258789,45.11000061035156,44.30295944213867,13623200
2025-07-21,45.3849983215332,45.7400016784668,45.290000915527344,45.34000015258789,44.528846740722656,10631000
2025-07-22,45.29499816894531,46.005001068115234,45.27000045776367,45.96500015258789,45.14266586303711,13651000
2025-07-23,46.14500045776367,46.369998931884766,46.040000915527344,46.119998931884766,45.29488754272461,13494400
2025-07-24,45.70000076293945,46.0,45.5099983215332,45.64500045776367,44.82838439941406,17343400
2025-07-25,45.76499938964844,46.209999084472656,45.63999938964844,46.185001373291016,45.358726501464844,15752800
2025-07-28,45.91999816894531,45.98500061035156,45.3849983215332,45.51499938964844,44.70071029663086,15015000
2025-07-29,45.435001373291016,45.439998626708984,45.07500076293945,45.34000015258789,44.528846740722656,14205800
2025-07-30,45.1349983215332,45.18000030517578,44.23500061035156,44.42499923706055,43.630210876464844,23629400
2025-07-31,43.900001525878906,44.40999984741211,43.814998626708984,43.8650016784668,43.080238342285156,23230600
2025-08-01,43.564998626708984,43.584999084472656,43.0099983215332,43.36000061035156,42.58427047729492,28581800
2025-08-04,43.61000061035156,43.97999954223633,43.595001220703125,43.935001373291016,43.148983001708984,15497000
2025-08-05,44.165000915527344,44.334999084472656,43.834999084472656,44.244998931884766,43.453433990478516,16047000
2025-08-06,44.20000076293945,44.310001373291016,43.755001068115234,43.76499938964844,42.98202133178711,13141000
2025-08-07,44.19499969482422,44.26499938964844,43.685001373291016,43.95500183105469,43.16862487792969,15272600
2025-08-08,44.1150016784668,44.31999969482422,43.97999954223633,44.17499923706055,43.38468551635742,10402600
2025-08-11,44.209999084472656,44.400001525878906,43.82500076293945,44.07500076293945,43.286476135253906,12035600
2025-08-12,44.150001525878906,44.689998626708984,44.10499954223633,44.650001525878906,43.851192474365234,12501200
2025-08-13,44.880001068115234,45.5099983215332,44.7599983215332,45.4900016784668,44.6761589050293,16882200
2025-08-14,45.07500076293945,45.09000015258789,44.66999816894531,45.01499938964844,44.20965576171875,16098600
2025-08-15,45.310001373291016,45.310001373291016,44.915000915527344,45.01499938964844,44.20965576171875,16132200
2025-08-18,44.95000076293945,45.04999923706055,44.69499969482422,44.755001068115234,43.954315185546875,9423000
2025-08-19,44.790000915527344,45.244998931884766,44.790000915527344,45.025001525878906,44.219482421875,11980200
2025-08-20,45.03499984741211,45.34000015258789,44.900001525878906,45.060001373291016,44.25385665893555,13436000
2025-08-21,44.8849983215332,45.29999923706055,44.82500076293945,45.19499969482422,44.386436462402344,13017600
2025-08-22,45.3849983215332,46.31999969482422,45.32500076293945,46.09000015258789,45.26542663574219,11434200
2025-08-25,46.04499816894531,46.099998474121094,45.7599983215332,45.834999084472656,45.01498794555664,12563800
2025-08-26,45.71500015258789,46.0,45.68000030517578,45.959999084472656,45.13774871826172,8414200
2025-08-27,45.7599983215332,46.130001068115234,45.71500015258789,46.07500076293945,45.25069808959961,8967800
2025-08-28,46.20500183105469,46.220001220703125,45.75,46.07500076293945,45.25069808959961,8557200
2025-08-29,46.084999084472656,46.36000061035156,46.025001525878906,46.13999938964844,45.31452941894531,8288800
2025-09-02,45.75,45.845001220703125,45.52000045776367,45.79499816894531,44.975704193115234,13028600
2025-09-03,45.77000045776367,45.81999969482422,45.369998931884766,45.48500061035156,44.67124938964844,10157600
2025-09-04,45.47999954223633,45.685001373291016,45.11000061035156,45.65999984741211,44.84312057495117,12530000
2025-09-05,45.83000183105469,46.349998474121094,45.654998779296875,45.97999954223633,45.15739440917969,15054400
2025-09-08,46.064998626708984,46.064998626708984,45.48500061035156,46.02000045776367,45.196678161621094,13605800
2025-09-09,45.775001525878906,45.95500183105469,45.14500045776367,45.27000045776367,44.4600944519043,12112400
2025-09-10,45.23500061035156,45.6150016784668,45.18000030517578,45.35499954223633,44.5435791015625,10671600
2025-09-11,45.314998626708984,46.349998474121094,45.28499984741211,46.30500030517578,45.47658157348633,11685200
2025-09-12,46.064998626708984,46.2400016784668,45.755001068115234,45.84000015258789,45.0198974609375,11069400
2025-09-15,45.89500045776367,45.915000915527344,45.39500045776367,45.470001220703125,44.656517028808594,9791400
2025-09-16,45.58000183105469,45.66999816894531,45.21500015258789,45.33000183105469,44.519020080566406,9700400
2025-09-17,45.369998931884766,46.22999954223633,45.165000915527344,45.435001373291016,44.62214660644531,13319600
2025-09-18,45.29499816894531,45.57500076293945,45.08000183105469,45.435001373291016,44.62214660644531,15116000
2025-09-19,45.54999923706055,45.58000183105469,45.27000045776367,45.415000915527344,44.60250473022461,16468200
2025-09-22,45.185001373291016,45.33000183105469,44.974998474121094,45.185001373291016,44.58720779418945,8882400
2025-09-23,45.290000915527344,45.630001068115234,44.98500061035156,45.040000915527344,44.444129943847656,8228800
2025-09-24,44.86000061035156,45.084999084472656,44.435001373291016,44.4900016784668,43.901405334472656,10669600
2025-09-25,44.33000183105469,44.34000015258789,43.84000015258789,43.90999984741211,43.329078674316406,11077200
2025-09-26,44.02000045776367,44.494998931884766,43.98500061035156,44.41999816894531,43.83232879638672,9944600
2025-09-29,44.70500183105469,44.73500061035156,44.34000015258789,44.59000015258789,44.000083923339844,9378800
2025-09-30,44.4900016784668,44.845001220703125,44.404998779296875,44.810001373291016,44.21717071533203,9408200
2025-10-01,44.755001068115234,44.86000061035156,44.23500061035156,44.34000015258789,43.753387451171875,13749800
2025-10-02,44.275001525878906,44.880001068115234,44.275001525878906,44.85499954223633,44.26157760620117,10673800
2025-10-03,44.845001220703125,45.16999816894531,44.79999923706055,44.93000030517578,44.3355827331543,9827600
2025-10-06,44.95500183105469,45.1349983215332,44.79499816894531,44.88999938964844,44.296112060546875,8937800
2025-10-07,44.959999084472656,45.13999938964844,44.54999923706055,44.709999084472656,44.118492126464844,11308800
2025-10-08,44.92499923706055,45.119998931884766,44.744998931884766,44.95000076293945,44.35531997680664,12184200
2025-10-09,45.125,45.21500015258789,44.224998474121094,44.334999084472656,43.74845504760742,13231800
2025-10-10,44.41999816894531,44.52000045776367,43.41999816894531,43.42499923706055,42.850494384765625,22262600
2025-10-13,44.01499938964844,44.400001525878906,43.88999938964844,44.1150016784668,43.53136444091797,11979800
2025-10-14,43.709999084472656,44.75,43.625,44.55500030517578,43.965545654296875,10797400
2025-10-15,44.7400016784668,45.0,44.1150016784668,44.35499954223633,43.7681884765625,10555800
2025-10-16,44.57500076293945,44.57500076293945,43.79999923706055,44.025001525878906,43.44255447387695,13389600
2025-10-17,43.994998931884766,44.189998626708984,43.70500183105469,43.939998626708984,43.358680725097656,12791000
2025-10-20,44.33000183105469,44.5,44.189998626708984,44.46500015258789,43.87673568725586,8425400
2025-10-21,44.1349983215332,44.45500183105469,43.994998931884766,44.29499816894531,43.708980560302734,9335800
2025-10-22,44.13999938964844,44.42499923706055,43.98500061035156,44.15999984741211,43.57577133178711,13133000
2025-10-23,44.47999954223633,44.80500030517578,44.369998931884766,44.689998626708984,44.0987548828125,10682600
2025-10-24,44.625,44.79499816894531,44.46500015258789,44.505001068115234,43.91620635986328,13450400
2025-10-27,44.48500061035156,44.689998626708984,44.29499816894531,44.48500061035156,43.89646911621094,11936600
2025-10-28,44.45500183105469,44.77000045776367,44.380001068115234,44.54499816894531,43.95566940307617,13049400
2025-10-29,44.375,44.5099983215332,43.59000015258789,43.66999816894531,43.09225082397461,20990000
2025-10-30,43.375,43.52000045776367,43.060001373291016,43.084999084472656,42.514991760253906,20798600
2025-10-31,42.85499954223633,43.04999923706055,42.52000045776367,42.834999084472656,42.26829528808594,17528800
2025-11-03,42.790000915527344,42.84000015258789,42.14500045776367,42.56999969482422,42.006805419921875,24127400
2025-11-04,42.26499938964844,42.540000915527344,42.03499984741211,42.36000061035156,41.799583435058594,22164800
2025-11-05,42.60499954223633,42.81999969482422,42.47999954223633,42.61000061035156,42.0462760925293,18828400
2025-11-06,42.71500015258789,42.92499923706055,42.369998931884766,42.400001525878906,41.839054107666016,22407400
2025-11-07,42.5099983215332,42.994998931884766,42.35499954223633,42.90999984741211,42.34230422973633,17975200
2025-11-10,43.19499969482422,43.40999984741211,42.834999084472656,43.314998626708984,42.741947174072266,15233400
2025-11-11,43.494998931884766,43.85499954223633,43.39500045776367,43.76499938964844,43.18599319458008,11641400
2025-11-12,43.900001525878906,44.334999084472656,43.86000061035156,44.07500076293945,43.49189376831055,13923800
2025-11-13,44.084999084472656,44.220001220703125,43.75,43.78499984741211,43.205726623535156,17940400
2025-11-14,43.474998474121094,43.72999954223633,43.31999969482422,43.3849983215332,42.81101989746094,12830000
2025-11-17,43.279998779296875,43.400001525878906,42.665000915527344,42.724998474121094,42.159751892089844,14150800
2025-11-18,42.77000045776367,43.060001373291016,42.529998779296875,42.7599983215332,42.19429016113281,20615000
2025-11-19,43.02000045776367,43.04999923706055,42.599998474121094,42.869998931884766,42.302833557128906,15385800
2025-11-20,43.165000915527344,43.35499954223633,42.21500015258789,42.22999954223633,41.67130661010742,22669200
2025-11-21,42.439998626708984,43.505001068115234,42.35499954223633,43.17499923706055,42.603797912597656,20989200
2025-11-24,43.14500045776367,43.36000061035156,42.959999084472656,43.2599983215332,42.68767166137695,14549600
2025-11-25,43.48500061035156,44.005001068115234,43.45500183105469,43.904998779296875,43.32413864135742,12455800
2025-11-26,43.939998626708984,44.560001373291016,43.91999816894531,44.44499969482422,43.856998443603516,9895200
2025-11-28,44.564998626708984,44.875,44.45500183105469,44.70000076293945,44.10862350463867,4786800
2025-12-01,44.63999938964844,44.97999954223633,44.564998626708984,44.59000015258789,44.000083923339844,13367800
2025-12-02,44.68000030517578,44.68000030517578,43.92499923706055,44.185001373291016,43.600440979003906,12905800
2025-12-03,44.380001068115234,44.625,44.345001220703125,44.494998931884766,43.90633773803711,11841600
2025-12-04,44.380001068115234,44.505001068115234,44.125,44.23500061035156,43.649776458740234,9912600
2025-12-05,44.34000015258789,44.63999938964844,44.09000015258789,44.09000015258789,43.50669479370117,7134000
2025-12-08,44.08000183105469,44.099998474121094,43.45000076293945,43.47999954223633,42.904762268066406,11389100
2025-12-09,43.41999816894531,43.81999969482422,43.369998931884766,43.38999938964844,42.815956115722656,8801100
2025-12-10,43.349998474121094,44.34000015258789,43.349998474121094,44.2400016784668,43.65471267700195,10919500
2025-12-11,44.290000915527344,45.220001220703125,44.290000915527344,45.119998931884766,44.523067474365234,11009200
2025-12-12,45.5099983215332,45.58000183105469,44.970001220703125,45.150001525878906,44.55267333984375,14078600
2025-12-15,45.41999816894531,45.439998626708984,44.849998474121094,45.119998931884766,44.523067474365234,9228800
2025-12-16,45.18000030517578,45.209999084472656,44.720001220703125,45.0,44.40465545654297,9742300
2025-12-17,45.0099983215332,45.369998931884766,44.939998626708984,45.189998626708984,44.59214401245117,10935000
2025-12-18,45.27000045776367,45.630001068115234,45.130001068115234,45.16999816894531,44.57240676879883,8978100
2025-12-19,45.20000076293945,45.540000915527344,45.09000015258789,45.369998931884766,44.76976013183594,10358000
2025-12-22,45.38999938964844,45.709999084472656,45.33000183105469,45.66999816894531,45.29841995239258,9862300
2025-12-23,45.779998779296875,45.79999923706055,45.540000915527344,45.75,45.377769470214844,8424800
2025-12-24,45.72999954223633,45.88999938964844,45.61000061035156,45.84000015258789,45.467041015625,2767600
2025-12-26,45.95000076293945,46.13999938964844,45.86000061035156,46.11000061035156,45.73484420776367,5035800
2025-12-29,45.7400016784668,45.86000061035156,45.540000915527344,45.7400016784668,45.367855072021484,6370400
2025-12-30,45.810001373291016,45.849998474121094,45.630001068115234,45.72999954223633,45.35793685913086,4432100
2025-12-31,45.61000061035156,45.66999816894531,45.33000183105469,45.349998474121094,44.98102569580078,5704300
2026-01-02,45.52000045776367,46.18000030517578,45.27000045776367,46.119998931884766,45.7447624206543,18031000
2026-01-05,46.02000045776367,46.72999954223633,46.0,46.58000183105469,46.20102310180664,22033700
2026-01-06,46.72999954223633,47.630001068115234,46.689998626708984,47.5,47.11353302001953,18351400
2026-01-07,47.34000015258789,47.560001373291016,46.630001068115234,46.68000030517578,46.30020523071289,16963400
2026-01-08,46.40999984741211,47.630001068115234,46.27000045776367,47.5,47.11353302001953,14918900
2026-01-09,47.59000015258789,48.290000915527344,47.560001373291016,48.2599983215332,47.867347717285156,11769700
2026-01-12,48.369998931884766,48.61000061035156,48.20000076293945,48.52000045776367,48.1252326965332,12672800
2026-01-13,48.599998474121094,48.7599983215332,48.38999938964844,48.72999954223633,48.333526611328125,10797500
2026-01-14,48.75,49.13999938964844,48.630001068115234,48.75,48.35336685180664,16029700
2026-01-15,48.77000045776367,49.11000061035156,48.61000061035156,48.959999084472656,48.5616569519043,17883600
2026-01-16,48.56999969482422,48.720001220703125,48.36000061035156,48.68000030517578,48.283935546875,10769100
2026-01-20,48.349998474121094,48.52000045776367,48.02000045776367,48.189998626708984,47.797916412353516,17363800
2026-01-21,48.81999969482422,49.380001068115234,48.66999816894531,49.2400016784668,48.839378356933594,16940400
2026-01-22,49.369998931884766,49.83000183105469,49.349998474121094,49.52000045776367,49.11709976196289,14648300
2026-01-23,49.459999084472656,49.9900016784668,49.36000061035156,49.970001220703125,49.56344223022461,19550700
2026-01-26,50.41999816894531,50.47999954223633,50.02000045776367,50.029998779296875,49.622947692871094,13900900
2026-01-27,49.869998931884766,50.18000030517578,49.68000030517578,49.97999954223633,49.57335662841797,10123800
2026-01-28,50.119998931884766,50.209999084472656,49.540000915527344,49.95000076293945,49.543601989746094,13517200
2026-01-29,50.45000076293945,50.619998931884766,49.290000915527344,50.0,49.593196868896484,20503700
2026-01-30,49.220001220703125,49.650001525878906,48.810001373291016,49.27000045776367,48.86913299560547,28082600
2026-02-02,49.25,49.810001373291016,49.20000076293945,49.650001525878906,49.24604415893555,25155300
2026-02-03,50.18000030517578,51.220001220703125,50.060001373291016,50.70000076293945,50.287498474121094,34077400
2026-02-04,51.0099983215332,52.02000045776367,51.0099983215332,51.88999938964844,51.46781539916992,35878600
2026-02-05,51.380001068115234,51.52000045776367,50.36000061035156,50.5,50.08912658691406,25667300
2026-02-06,50.86000061035156,51.619998931884766,50.86000061035156,51.5099983215332,51.09090805053711,14367300
2026-02-09,51.470001220703125,52.310001373291016,51.27000045776367,52.18000030517578,51.75545883178711,12325200
2026-02-10,52.150001525878906,52.9900016784668,52.119998931884766,52.90999984741211,52.479515075683594,18381400
2026-02-11,53.11000061035156,53.66999816894531,53.11000061035156,53.619998931884766,53.183738708496094,24891300
2026-02-12,53.66999816894531,54.13999938964844,52.7400016784668,52.83000183105469,52.400169372558594,30108100
2026-02-13,52.540000915527344,53.63999938964844,52.439998626708984,53.310001373291016,52.87626647949219,19918900
2026-02-17,52.70000076293945,52.970001220703125,52.08000183105469,52.70000076293945,52.2712287902832,20404700
2026-02-18,53.0,53.34000015258789,52.7400016784668,53.02000045776367,52.588626861572266,11992700
2026-02-19,52.650001525878906,53.16999816894531,52.43000030517578,52.83000183105469,52.400169372558594,18340200
2026-02-20,52.619998931884766,53.25,52.31999969482422,52.959999084472656,52.529109954833984,17810500
2026-02-23,52.4900016784668,53.099998474121094,52.36000061035156,52.959999084472656,52.529109954833984,17353800
2026-02-24,52.959999084472656,53.5,52.90999984741211,53.36000061035156,52.92585754394531,13452200
2026-02-25,53.72999954223633,53.75,52.66999816894531,53.060001373291016,52.628299713134766,12379300
2026-02-26,52.88999938964844,53.119998931884766,52.349998474121094,53.0,52.56878662109375,15645100
2026-02-27,52.86000061035156,53.4900016784668,52.66999816894531,53.40999984741211,52.97544860839844,12122700
2026-03-02,53.06999969482422,53.38999938964844,52.5099983215332,53.25,52.81675338745117,19444500
2026-03-03,51.66999816894531,52.09000015258789,50.689998626708984,51.939998626708984,51.51741027832031,27307900
2026-03-04,52.31999969482422,52.380001068115234,51.68000030517578,51.91999816894531,51.4975700378418,17141500
2026-03-05,51.599998474121094,51.779998779296875,50.5099983215332,50.83000183105469,50.41644287109375,19897300
2026-03-06,50.310001373291016,50.36000061035156,49.439998626708984,49.86000061035156,49.4543342590332,23170700
2026-03-09,49.2599983215332,50.189998626708984,48.599998474121094,49.9900016784668,49.583274841308594,22461900
2026-03-10,49.9900016784668,50.41999816894531,49.630001068115234,49.880001068115234,49.47417068481445,19215000
2026-03-11,49.72999954223633,49.88999938964844,49.279998779296875,49.84000015258789,49.43449401855469,12570900
2026-03-12,49.790000915527344,50.22999954223633,49.630001068115234,49.68000030517578,49.27579879760742,19572900
2026-03-13,50.029998779296875,50.130001068115234,49.0099983215332,49.189998626708984,48.7897834777832,17240300
2026-03-16,49.459999084472656,49.77000045776367,49.09000015258789,49.400001525878906,48.998077392578125,15641100
2026-03-17,49.68000030517578,49.97999954223633,49.47999954223633,49.52000045776367,49.11709976196289,12770300
2026-03-18,49.18000030517578,49.279998779296875,48.47999954223633,48.47999954223633,48.0855598449707,16432400
2026-03-19,47.63999938964844,48.0,47.220001220703125,47.7400016784668,47.351585388183594,23546600
2026-03-20,47.849998474121094,47.959999084472656,46.72999954223633,46.97999954223633,46.5977668762207,19735100
2026-03-23,47.400001525878906,48.150001525878906,47.36000061035156,47.54999923706055,47.372867584228516,19208000
2026-03-24,47.279998779296875,48.790000915527344,47.2400016784668,48.45000076293945,48.26951599121094,15814600
2026-03-25,49.0,49.45000076293945,48.66999816894531,49.40999984741211,49.2259407043457,15047100
2026-03-26,48.970001220703125,49.72999954223633,48.970001220703125,49.09000015258789,48.90713119506836,12903500
2026-03-27,49.040000915527344,49.290000915527344,48.779998779296875,48.90999984741211,48.72780227661133,10746100
2026-03-30,49.5099983215332,49.7400016784668,48.900001525878906,49.09000015258789,48.90713119506836,16612900
2026-03-31,49.52000045776367,50.22999954223633,49.290000915527344,49.970001220703125,49.78385543823242,20487800
2026-04-01,50.34000015258789,50.65999984741211,50.16999816894531,50.459999084472656,50.27202606201172,19966800
2026-04-02,50.08000183105469,50.91999816894531,49.90999984741211,50.40999984741211,50.22221374511719,13799900
2026-04-06,50.209999084472656,50.43000030517578,49.849998474121094,50.220001220703125,50.03292465209961,8885600
2026-04-07,50.119998931884766,50.31999969482422,49.68000030517578,50.08000183105469,49.8934440612793,9953400
2026-04-08,51.08000183105469,51.779998779296875,50.77000045776367,51.75,51.55722427368164,14354000
2026-04-09,51.560001373291016,52.06999969482422,51.470001220703125,51.66999816894531,51.47751998901367,7658500
2026-04-10,51.93000030517578,52.220001220703125,51.880001068115234,51.959999084472656,51.76643753051758,6138500
2026-04-13,51.689998626708984,52.2599983215332,51.560001373291016,52.189998626708984,51.995582580566406,9890600
2026-04-14,52.2599983215332,52.2599983215332,51.650001525878906,52.0099983215332,51.816253662109375,8273900
2026-04-15,51.900001525878906,51.900001525878906,51.2400016784668,51.380001068115234,51.188602447509766,20300500
2026-04-16,51.52000045776367,51.970001220703125,51.4900016784668,51.75,51.55722427368164,12382700
2026-04-17,51.599998474121094,52.369998931884766,51.470001220703125,51.880001068115234,51.68674087524414,11796000
2026-04-20,51.84000015258789,52.400001525878906,51.66999816894531,52.22999954223633,52.03543472290039,8558000
2026-04-21,52.25,52.56999969482422,51.63999938964844,51.77000045776367,51.5771484375,9557700
2026-04-22,52.2400016784668,52.41999816894531,51.70000076293945,51.83000183105469,51.636924743652344,8933000
2026-04-23,51.709999084472656,51.900001525878906,51.279998779296875,51.810001373291016,51.617000579833984,13728200
2026-04-24,51.75,52.0,51.33000183105469,51.91999816894531,51.726585388183594,7420300
2026-04-27,52.0,52.18000030517578,51.61000061035156,51.779998779296875,51.58710861206055,8025900
2026-04-28,51.880001068115234,51.97999954223633,51.0099983215332,51.400001525878906,51.208526611328125,9073000
2026-04-29,51.4900016784668,51.5099983215332,50.88999938964844,50.959999084472656,50.770164489746094,7053300
2026-04-30,50.91999816894531,51.709999084472656,50.79999923706055,51.470001220703125,51.27826690673828,15282700
2026-05-01,51.63999938964844,51.77000045776367,51.34000015258789,51.349998474121094,51.15871047973633,9358200
2026-05-04,51.15999984741211,51.2599983215332,50.5,50.650001525878906,50.46132278442383,10041600
2026-05-05,51.040000915527344,51.790000915527344,50.88999938964844,51.529998779296875,51.33803939819336,10775100
2026-05-06,52.31999969482422,52.66999816894531,52.13999938964844,52.40999984741211,52.21476364135742,10500300
2026-05-07,52.599998474121094,52.77000045776367,51.380001068115234,51.400001525878906,51.208526611328125,13026600
2026-05-08,51.810001373291016,51.90999984741211,51.5,51.59000015258789,51.39781951904297,7600000
2026-05-11,51.86000061035156,52.40999984741211,51.83000183105469,52.2599983215332,52.0653190612793,8586900
2026-05-12,52.0,52.290000915527344,51.459999084472656,52.13999938964844,51.945770263671875,11594700
2026-05-13,52.130001068115234,52.52000045776367,52.02000045776367,52.060001373291016,51.86606979370117,8455400
2026-05-14,52.119998931884766,52.25,51.599998474121094,51.66999816894531,51.47751998901367,10703400
2026-05-15,51.0099983215332,51.189998626708984,50.25,50.29999923706055,50.11262130737305,11192800
2026-05-18,50.33000183105469,50.720001220703125,50.06999969482422,50.220001220703125,50.03292465209961,10543700
2026-05-19,49.779998779296875,49.86000061035156,48.88999938964844,49.040000915527344,48.85731887817383,11881300
2026-05-20,48.9900016784668,49.779998779296875,48.900001525878906,49.720001220703125,49.534786224365234,20467000
2026-05-21,49.540000915527344,50.25,49.13999938964844,50.02000045776367,49.83366775512695,10235900
2026-05-22,50.33000183105469,50.5,49.9900016784668,50.290000915527344,50.1026611328125,6954600
2026-05-26,50.68000030517578,51.16999816894531,50.650001525878906,50.9900016784668,50.80005645751953,8241700
2026-05-27,51.0099983215332,51.369998931884766,50.97999954223633,51.18000030517578,50.98934555053711,9010300
2026-05-28,51.06999969482422,51.470001220703125,50.61000061035156,51.36000061035156,51.16867446899414,10566000
2026-05-29,51.279998779296875,51.58000183105469,51.11000061035156,51.150001525878906,50.95945739746094,11728000
2026-06-01,50.650001525878906,51.04999923706055,50.130001068115234,50.91999816894531,50.73031234741211,24538000
2026-06-02,50.81999969482422,51.66999816894531,50.720001220703125,51.52000045776367,51.32807922363281,19926800
2026-06-03,51.349998474121094,52.029998779296875,51.2400016784668,51.630001068115234,51.43767166137695,12438500
2026-06-04,51.83000183105469,52.20000076293945,51.439998626708984,51.619998931884766,51.427703857421875,9689200
2026-06-05,51.40999984741211,51.650001525878906,50.5,50.630001068115234,50.4413948059082,12395700
2026-06-08,50.61000061035156,50.810001373291016,49.90999984741211,49.959999084472656,49.773887634277344,10994300
2026-06-09,50.59000015258789,50.81999969482422,49.84000015258789,50.77000045776367,50.580875396728516,13510500
2026-06-10,50.75,50.86000061035156,49.56999969482422,49.599998474121094,49.41522979736328,9676500
2026-06-11,50.06999969482422,51.33000183105469,50.0,51.220001220703125,51.029197692871094,12442900
2026-06-12,51.709999084472656,52.36000061035156,51.52000045776367,52.18000030517578,51.98562240600586,15194700
2026-06-15,52.869998931884766,53.20000076293945,52.470001220703125,52.5,52.30442810058594,14993300
2026-06-16,52.689998626708984,53.09000015258789,52.63999938964844,52.720001220703125,52.52360916137695,8430000
2026-06-17,52.52000045776367,53.310001373291016,51.86000061035156,52.02000045776367,51.82621765136719,16228500
2026-06-18,52.220001220703125,52.43000030517578,51.7599983215332,51.810001373291016,51.617000579833984,11934100
2026-06-22,51.18000030517578,51.81999969482422,51.150001525878906,51.619998931884766,51.619998931884766,9088400
2026-06-23,51.06999969482422,51.47999954223633,50.790000915527344,50.869998931884766,50.869998931884766,10273400
2026-06-24,50.869998931884766,51.529998779296875,50.790000915527344,51.15999984741211,51.15999984741211,12425600
2026-06-25,51.40999984741211,52.189998626708984,51.27000045776367,51.84000015258789,51.84000015258789,9655000
2026-06-26,51.56999969482422,51.88999938964844,51.380001068115234,51.599998474121094,51.599998474121094,9233700
2026-06-29,51.279998779296875,51.400001525878906,50.25,50.65999984741211,50.65999984741211,12726100
2026-06-30,51.06999969482422,51.189998626708984,50.66999816894531,50.83000183105469,50.83000183105469,8329100
2026-07-01,50.720001220703125,51.470001220703125,50.47999954223633,51.02000045776367,51.02000045776367,14128800
2026-07-02,51.400001525878906,52.029998779296875,51.29999923706055,52.0099983215332,52.0099983215332,12373700
2026-07-06,51.91999816894531,52.040000915527344,51.349998474121094,51.97999954223633,51.97999954223633,20090500
2026-07-07,51.959999084472656,52.119998931884766,51.29999923706055,51.5099983215332,51.5099983215332,12304900
2026-07-08,51.0,51.040000915527344,49.88999938964844,50.15999984741211,50.15999984741211,13282200
2026-07-09,50.369998931884766,50.54999923706055,50.119998931884766,50.2599983215332,50.2599983215332,10529400
2026-07-10,50.290000915527344,51.11000061035156,50.290000915527344,50.88999938964844,50.88999938964844,7507300
2026-07-13,50.970001220703125,51.349998474121094,50.36000061035156,50.58000183105469,50.58000183105469,9031400
2026-07-14,51.150001525878906,51.45000076293945,50.59000015258789,50.63999938964844,50.63999938964844,8755500
2026-07-15,50.65999984741211,50.84000015258789,50.11000061035156,50.5,50.5,12323300
2026-07-16,50.310001373291016,50.93000030517578,50.279998779296875,50.88999938964844,50.88999938964844,7147400
2026-07-17,50.79999923706055,51.45000076293945,50.38999938964844,50.529998779296875,50.529998779296875,8670700
2026-07-20,50.63999938964844,50.72999954223633,49.880001068115234,49.96500015258789,49.96500015258789,7901888
