price_date,open,high,low,close,adj_close,volume
2010-01-04,25.798999786376953,25.81999969482422,25.60700035095215,25.68400001525879,23.50269889831543,9321000
2010-01-05,25.784000396728516,25.79599952697754,25.30500030517578,25.607999801635742,23.43315315246582,12906000
2010-01-06,25.624000549316406,25.624000549316406,25.25,25.555999755859375,23.399269104003906,10785000
2010-01-07,25.34000015258789,25.4060001373291,25.097999572753906,25.388999938964844,23.246376037597656,11273000
2010-01-08,25.232999801635742,25.492000579833984,25.170000076293945,25.398000717163086,23.254606246948242,8635000
2010-01-11,25.457000732421875,25.535999298095703,24.788000106811523,24.979999542236328,22.87188720703125,11171000
2010-01-12,24.958999633789062,25.29400062561035,24.856000900268555,24.965999603271484,22.859066009521484,8595000
2010-01-13,25.180999755859375,25.624000549316406,24.965999603271484,25.614999771118164,23.453292846679688,8585000
2010-01-14,25.625,26.18400001525879,25.450000762939453,26.04800033569336,23.849761962890625,12433000
2010-01-15,26.180999755859375,26.58799934387207,26.05500030517578,26.264999389648438,24.048439025878906,19419000
2010-01-19,26.25,26.988000869750977,26.170000076293945,26.475000381469727,24.24072265625,14633000
2010-01-20,26.301000595092773,26.614999771118164,26.219999313354492,26.339000701904297,24.11619758605957,10211000
2010-01-21,26.354999542236328,26.700000762939453,25.611000061035156,25.85099983215332,23.669384002685547,14131000
2010-01-22,25.73900032043457,26.099000930786133,25.107999801635742,25.180999755859375,23.055919647216797,13251000
2010-01-25,25.34000015258789,25.42300033569336,24.849000930786133,25.2450008392334,23.114519119262695,10811000
2010-01-26,25.20199966430664,25.312999725341797,24.80500030517578,24.861000061035156,22.76292610168457,11194000
2010-01-27,24.968000411987305,25.64299964904785,24.834999084472656,25.632999420166016,23.46978187561035,10066000
2010-01-28,25.6299991607666,25.795000076293945,24.58300018310547,24.94499969482422,22.8398494720459,16120000
2010-01-29,25.115999221801758,25.513999938964844,24.909000396728516,24.989999771118164,22.881040573120117,15042000
2010-02-01,25.113000869750977,25.650999069213867,25.108999252319336,25.341999053955078,23.203330993652344,9329000
2010-02-02,25.6200008392334,25.6299991607666,25.180999755859375,25.256000518798828,23.124595642089844,13404000
2010-02-03,25.2450008392334,25.399999618530273,24.70599937438965,24.757999420166016,22.668624877929688,17961000
2010-02-04,23.43400001525879,23.55299949645996,22.089000701904297,22.211000442504883,20.336565017700195,108380000
2010-02-05,22.540000915527344,22.540000915527344,21.71500015258789,22.073999404907227,20.211132049560547,58136000
2010-02-08,22.100000381469727,22.84600067138672,22.017000198364258,22.639999389648438,20.729358673095703,28165000
2010-02-09,22.860000610351562,22.864999771118164,22.299999237060547,22.344999313354492,20.459257125854492,16486000
2010-02-10,22.170000076293945,22.785999298095703,22.170000076293945,22.690000534057617,20.775142669677734,18326000
2010-02-11,22.690000534057617,22.929000854492188,22.48200035095215,22.899999618530273,20.967418670654297,12221000
2010-02-12,22.774999618530273,22.774999618530273,22.46500015258789,22.54800033569336,20.645124435424805,14838000
2010-02-16,22.65999984741211,22.816999435424805,22.450000762939453,22.530000686645508,20.628643035888672,17568000
2010-02-17,22.559999465942383,22.604999542236328,22.343000411987305,22.482999801635742,20.585609436035156,12500000
2010-02-18,22.43000030517578,22.43000030517578,22.160999298095703,22.200000762939453,20.326492309570312,17281000
2010-02-19,22.191999435424805,22.388999938964844,21.959999084472656,22.26300048828125,20.384180068969727,17620000
2010-02-22,22.284000396728516,22.69499969482422,22.284000396728516,22.423999786376953,20.53159523010254,10856000
2010-02-23,22.32200050354004,22.368999481201172,21.937000274658203,22.20199966430664,20.328327178955078,16517000
2010-02-24,22.20199966430664,22.31100082397461,21.899999618530273,22.174999237060547,20.303604125976562,15190000
2010-02-25,21.954999923706055,22.315000534057617,21.64299964904785,22.14900016784668,20.27979850769043,19896000
2010-02-26,22.29800033569336,22.513999938964844,22.106000900268555,22.437000274658203,20.54349708557129,10947000
2010-03-01,22.5939998626709,23.285999298095703,22.538000106811523,23.27400016784668,21.309865951538086,24265000
2010-03-02,23.229000091552734,23.35300064086914,22.906999588012695,23.180999755859375,21.224708557128906,13247000
2010-03-03,23.183000564575195,23.448999404907227,23.100000381469727,23.21500015258789,21.255842208862305,13620000
2010-03-04,23.17300033569336,23.34600067138672,22.98200035095215,23.299999237060547,21.333660125732422,10161000
2010-03-05,23.365999221801758,23.979999542236328,23.270999908447266,23.95400047302246,21.932476043701172,32910000
2010-03-08,23.909000396728516,24.70800018310547,23.839000701904297,24.56100082397461,22.488252639770508,29561000
2010-03-09,24.5049991607666,25.18899917602539,24.465999603271484,24.648000717163086,22.567901611328125,21849000
2010-03-10,24.709999084472656,25.049999237060547,24.607999801635742,24.959999084472656,22.853567123413086,19561000
2010-03-11,24.80500030517578,25.049999237060547,24.61400032043457,25.018999099731445,22.90760040283203,11508000
2010-03-12,25.106000900268555,25.177000045776367,24.85300064086914,24.996999740600586,22.887447357177734,8736000
2010-03-15,25.097999572753906,25.097999572753906,24.594999313354492,25.007999420166016,22.897525787353516,11262000
2010-03-16,25.024999618530273,25.1299991607666,24.691999435424805,24.93400001525879,22.829769134521484,9672000
2010-03-17,24.968000411987305,25.100000381469727,24.68000030517578,24.864999771118164,22.766599655151367,11144000
2010-03-18,24.882999420166016,24.882999420166016,24.461999893188477,24.6299991607666,22.551424026489258,7593000
2010-03-19,24.43600082397461,24.808000564575195,24.2549991607666,24.43600082397461,22.373796463012695,9801000
2010-03-22,24.27899932861328,24.823999404907227,24.225000381469727,24.70800018310547,22.622840881347656,8089000
2010-03-23,24.707000732421875,25.065000534057617,24.437999725341797,24.55900001525879,22.48641586303711,11016000
2010-03-24,24.520000457763672,24.687999725341797,24.395000457763672,24.468000411987305,22.403095245361328,7700000
2010-03-25,24.643999099731445,25.02899932861328,24.608999252319336,24.608999252319336,22.532188415527344,13145000
2010-03-26,24.725000381469727,24.875,24.506999969482422,24.624000549316406,22.545930862426758,10836000
2010-03-29,24.69300079345703,24.923999786376953,24.660999298095703,24.801000595092773,22.707990646362305,7287000
2010-03-30,24.92300033569336,25.382999420166016,24.920000076293945,25.240999221801758,23.11086654663086,12046000
2010-03-31,25.219999313354492,25.42799949645996,25.142000198364258,25.399999618530273,23.25644302368164,9333000
2010-04-01,25.55500030517578,25.589000701904297,25.20599937438965,25.393999099731445,23.250953674316406,11188000
2010-04-05,25.452999114990234,25.62700080871582,25.28700065612793,25.558000564575195,23.4011173248291,7457000
2010-04-06,25.485000610351562,26.100000381469727,25.479999542236328,25.875,23.69135284423828,13992000
2010-04-07,25.889999389648438,25.954999923706055,25.490999221801758,25.56599998474121,23.42201042175293,7831000
2010-04-08,25.4060001373291,25.729999542236328,25.4060001373291,25.687999725341797,23.53378677368164,6402000
2010-04-09,25.875,25.999000549316406,25.68199920654297,25.88800048828125,23.71700668334961,4966000
2010-04-12,25.83099937438965,26.100000381469727,25.827999114990234,25.957000732421875,23.78021812438965,6537000
2010-04-13,25.8700008392334,26.054000854492188,25.72100067138672,25.850000381469727,23.68219566345215,7131000
2010-04-14,25.906999588012695,26.42300033569336,25.801000595092773,26.312999725341797,24.10637092590332,11661000
2010-04-15,26.459999084472656,26.465999603271484,26.225000381469727,26.26300048828125,24.060564041137695,6282000
2010-04-16,26.10300064086914,26.371999740600586,25.826000213623047,25.950000762939453,23.77381134033203,11495000
2010-04-19,25.882999420166016,26.152999877929688,25.472000122070312,25.729999542236328,23.572254180908203,9559000
2010-04-20,25.895000457763672,26.288000106811523,25.716999053955078,26.138999938964844,23.946958541870117,7375000
2010-04-21,26.334999084472656,26.334999084472656,25.878000259399414,26.05900001525879,23.873672485351562,5035000
2010-04-22,25.8799991607666,26.25200080871582,25.201000213623047,26.15999984741211,23.966205596923828,8638000
2010-04-23,26.361000061035156,26.757999420166016,26.200000762939453,26.722000122070312,24.481069564819336,10379000
2010-04-26,26.81599998474121,26.922000885009766,26.56800079345703,26.577999114990234,24.349143981933594,7095000
2010-04-27,26.57900047302246,26.57900047302246,25.483999252319336,25.485000610351562,23.347808837890625,10947000
2010-04-28,25.65399932861328,25.729999542236328,25.058000564575195,25.299999237060547,23.17831802368164,17995000
2010-04-29,25.371999740600586,25.8439998626709,25.179000854492188,25.538000106811523,23.396350860595703,14089000
2010-04-30,25.72100067138672,25.739999771118164,24.599000930786133,24.804000854492188,22.72391128540039,16675000
2010-05-03,25.118999481201172,25.138999938964844,24.45400047302246,25.073999404907227,22.971263885498047,16928000
2010-05-04,25.336999893188477,25.743999481201172,24.83099937438965,25.125,23.017990112304688,29370000
2010-05-05,24.799999237060547,24.89900016784668,23.60099983215332,23.79400062561035,21.798612594604492,25627000
2010-05-06,23.541000366210938,23.798999786376953,21.100000381469727,23.030000686645508,21.098676681518555,34273000
2010-05-07,22.834999084472656,23.398000717163086,22.20400047302246,22.30900001525879,20.438148498535156,29304000
2010-05-10,23.39900016784668,23.61199951171875,22.83300018310547,23.0310001373291,21.099594116210938,29826000
2010-05-11,22.740999221801758,22.749000549316406,22.124000549316406,22.323999404907227,20.45188331604004,29271000
2010-05-12,22.5,23.621999740600586,22.458999633789062,23.261999130249023,21.31122398376465,29123000
2010-05-13,23.270000457763672,23.992000579833984,23.055999755859375,23.231000900268555,21.28282928466797,22049000
2010-05-14,21.530000686645508,22.00200080871582,20.906999588012695,21.2450008392334,19.4633731842041,101983000
2010-05-17,21.52400016784668,21.66699981689453,20.819000244140625,21.08099937438965,19.313129425048828,34138000
2010-05-18,21.29400062561035,21.461999893188477,19.558000564575195,20.2810001373291,18.58021354675293,70828000
2010-05-19,20.30500030517578,21.325000762939453,19.604999542236328,20.2450008392334,18.54722785949707,91584000
2010-05-20,19.666000366210938,20.999000549316406,19.666000366210938,20.549999237060547,18.826662063598633,51156000
2010-05-21,20.23900032043457,21.733999252319336,20.218000411987305,21.385000228881836,19.59163475036621,43426000
2010-05-24,21.538999557495117,21.64900016784668,20.983999252319336,20.983999252319336,19.22426414489746,17858000
2010-05-25,20.406999588012695,20.865999221801758,20.381000518798828,20.687000274658203,18.952167510986328,22472000
2010-05-26,21.0310001373291,21.295000076293945,20.5,20.5,18.780847549438477,21772000
2010-05-27,21.024999618530273,21.128000259399414,20.579999923706055,20.780000686645508,19.03737449645996,19644000
2010-05-28,20.73699951171875,20.823999404907227,20.114999771118164,20.177000045776367,18.484941482543945,25471000
2010-06-01,20.100000381469727,20.3700008392334,19.975000381469727,20.038999557495117,18.358505249023438,22633000
2010-06-02,20.132999420166016,20.18899917602539,19.961999893188477,20.101999282836914,18.416229248046875,20431000
2010-06-03,20.131000518798828,20.363000869750977,20.125,20.200000762939453,18.506004333496094,19643000
2010-06-04,19.950000762939453,20.086999893188477,19.649999618530273,19.66699981689453,18.017709732055664,33167000
2010-06-07,19.729000091552734,20.549999237060547,19.726999282836914,20.006999969482422,18.329198837280273,26819000
2010-06-08,20.11199951171875,20.232999801635742,19.53499984741211,19.753999710083008,18.097415924072266,33612000
2010-06-09,19.799999237060547,20.062000274658203,19.375999450683594,19.54599952697754,17.906858444213867,26857000
2010-06-10,19.823999404907227,20.6299991607666,19.799999237060547,20.511999130249023,18.791852951049805,45764000
2010-06-11,20.399999618530273,20.54400062561035,20.1560001373291,20.488000869750977,18.76986312866211,19569000
2010-06-14,20.68400001525879,20.731000900268555,20.31100082397461,20.41699981689453,18.70480728149414,12166000
2010-06-15,20.545000076293945,20.974000930786133,20.288000106811523,20.957000732421875,19.199535369873047,18280000
2010-06-16,20.71500015258789,21.14699935913086,20.62700080871582,21.062000274658203,19.29572105407715,15745000
2010-06-17,21.21500015258789,21.716999053955078,21.111000061035156,21.399999618530273,19.605382919311523,22337000
2010-06-18,21.54800033569336,21.643999099731445,21.23900032043457,21.426000595092773,19.62919044494629,13863000
2010-06-21,21.572999954223633,23.04800033569336,21.27199935913086,22.333999633789062,20.4610538482666,53737000
2010-06-22,22.333999633789062,22.697999954223633,22.058000564575195,22.0939998626709,20.24117660522461,22197000
2010-06-23,22.176000595092773,22.22599983215332,21.54599952697754,21.985000610351562,20.141319274902344,13795000
2010-06-24,21.774999618530273,22.100000381469727,21.336000442504883,21.48900032043457,19.686918258666992,12283000
2010-06-25,21.466999053955078,21.839000701904297,21.118000030517578,21.839000701904297,20.007566452026367,18498000
2010-06-28,21.799999237060547,21.908000946044922,21.113000869750977,21.152000427246094,19.3781681060791,12425000
2010-06-29,21.0,21.0,20.114999771118164,20.298999786376953,18.596704483032227,17984000
2010-06-30,20.332000732421875,20.56599998474121,19.94300079345703,19.952999114990234,18.27971839904785,27037000
2010-07-01,19.954999923706055,20.44700050354004,19.47100067138672,20.270000457763672,18.5841064453125,17029000
2010-07-02,20.486000061035156,20.48900032043457,20.06999969482422,20.277000427246094,18.590524673461914,8444000
2010-07-06,20.39900016784668,20.600000381469727,19.805999755859375,20.003000259399414,18.339319229125977,16346000
2010-07-07,20.05699920654297,20.756999969482422,20.05699920654297,20.756999969482422,19.030603408813477,12675000
2010-07-08,20.81800079345703,21.0,20.66699981689453,20.966999053955078,19.223133087158203,9491000
2010-07-09,21.077999114990234,21.552000045776367,20.854999542236328,21.552000045776367,19.759485244750977,11867000
2010-07-12,21.30299949645996,21.584999084472656,21.1299991607666,21.367000579833984,19.589868545532227,7162000
2010-07-13,21.639999389648438,21.687999725341797,21.079999923706055,21.46299934387207,19.677886962890625,16830000
2010-07-14,21.5,21.599000930786133,21.214000701904297,21.316999435424805,19.544021606445312,8180000
2010-07-15,21.4060001373291,21.4060001373291,20.863000869750977,21.180999755859375,19.419340133666992,8167000
2010-07-16,20.643999099731445,20.68199920654297,19.722000122070312,19.722000122070312,18.081684112548828,28878000
2010-07-19,19.766000747680664,19.947999954223633,19.406999588012695,19.58300018310547,17.954246520996094,23196000
2010-07-20,19.299999237060547,20.538000106811523,19.299999237060547,20.530000686645508,18.822486877441406,17403000
2010-07-21,20.697999954223633,20.78700065612793,20.128999710083008,20.149999618530273,18.47409439086914,11656000
2010-07-22,20.493999481201172,20.93000030517578,20.350000381469727,20.84000015258789,19.10670280456543,9643000
2010-07-23,20.81999969482422,21.32699966430664,20.768999099731445,21.29400062561035,19.522939682006836,9821000
2010-07-26,21.364999771118164,21.704999923706055,21.139999389648438,21.283000946044922,19.512853622436523,9821000
2010-07-27,21.454999923706055,21.555999755859375,21.23900032043457,21.42300033569336,19.641206741333008,7514000
2010-07-28,21.273000717163086,21.489999771118164,21.009000778198242,21.009000778198242,19.261648178100586,8818000
2010-07-29,21.011999130249023,21.173999786376953,20.450000762939453,20.836999893188477,19.10395050048828,14649000
2010-07-30,20.551000595092773,21.041000366210938,20.551000595092773,21.003999710083008,19.25705337524414,7863000
2010-08-02,20.74799919128418,20.812000274658203,20.118000030517578,20.25200080871582,18.56760597229004,29181000
2010-08-03,19.85700035095215,20.459999084472656,19.799999237060547,20.090999603271484,18.419986724853516,31650000
2010-08-04,20.259000778198242,20.538999557495117,20.000999450683594,20.530000686645508,18.822486877441406,17868000
2010-08-05,20.393999099731445,20.538999557495117,20.10700035095215,20.163000106811523,18.486013412475586,18692000
2010-08-06,20.0,20.799999237060547,20.0,20.742000579833984,19.01685905456543,18455000
2010-08-09,20.959999084472656,21.506999969482422,20.81599998474121,21.48900032043457,19.701723098754883,19632000
2010-08-10,21.375,21.740999221801758,21.170000076293945,21.635000228881836,19.8355770111084,16622000
2010-08-11,21.25200080871582,21.465999603271484,20.965999603271484,20.965999603271484,19.22222328186035,16610000
2010-08-12,20.81999969482422,21.33300018310547,20.700000762939453,21.183000564575195,19.421171188354492,11462000
2010-08-13,21.284000396728516,21.299999237060547,21.038999557495117,21.06399917602539,19.31207275390625,8246000
2010-08-16,20.91900062561035,21.233999252319336,20.802000045776367,21.04400062561035,19.293733596801758,6006000
2010-08-17,21.125,21.499000549316406,21.062000274658203,21.402999877929688,19.622873306274414,7613000
2010-08-18,21.5,21.513999938964844,21.2189998626709,21.285999298095703,19.515605926513672,5574000
2010-08-19,21.27400016784668,21.395999908447266,20.860000610351562,20.888999938964844,19.151628494262695,8567000
2010-08-20,20.82699966430664,21.038999557495117,20.481000900268555,20.636999130249023,18.920583724975586,7899000
2010-08-23,20.83300018310547,20.854000091552734,20.468000411987305,20.518999099731445,18.812402725219727,6293000
2010-08-24,20.365999221801758,20.527000427246094,20.2189998626709,20.250999450683594,18.56669044494629,15151000
2010-08-25,20.142000198364258,20.766000747680664,20.106000900268555,20.611000061035156,18.896745681762695,8058000
2010-08-26,20.700000762939453,20.81800079345703,20.28700065612793,20.316999435424805,18.627199172973633,6801000
2010-08-27,20.42099952697754,20.66200065612793,20.149999618530273,20.66200065612793,18.943506240844727,5447000
2010-08-30,20.764999389648438,20.764999389648438,20.23200035095215,20.270000457763672,18.5841064453125,4973000
2010-08-31,20.200000762939453,20.242000579833984,19.70599937438965,19.836000442504883,18.186203002929688,18184000
2010-09-01,20.099000930786133,20.29599952697754,19.950000762939453,20.107999801635742,18.435585021972656,13209000
2010-09-02,20.263999938964844,20.472999572753906,20.11199951171875,20.472999572753906,18.770221710205078,8231000
2010-09-03,20.649999618530273,20.749000549316406,20.547000885009766,20.697999954223633,18.976505279541016,6988000
2010-09-07,20.46500015258789,20.593000411987305,20.000999450683594,20.052000045776367,18.384239196777344,10815000
2010-09-08,19.95199966430664,20.170000076293945,19.43199920654297,19.440000534057617,17.82313346862793,21383000
2010-09-09,19.701000213623047,19.70800018310547,19.1200008392334,19.197999954223633,17.601276397705078,21207000
2010-09-10,19.273000717163086,19.827999114990234,19.246000289916992,19.81399917602539,18.16604232788086,14930000
2010-09-13,19.66699981689453,19.670000076293945,19.100000381469727,19.30299949645996,17.697534561157227,39157000
2010-09-14,19.336000442504883,20.125,19.323999404907227,19.975000381469727,18.313642501831055,22223000
2010-09-15,20.416000366210938,21.30299949645996,20.413999557495117,21.01799964904785,19.26988983154297,45712000
2010-09-16,21.06999969482422,21.33799934387207,20.825000762939453,21.02899932861328,19.279985427856445,21782000
2010-09-17,21.149999618530273,21.434999465942383,20.996000289916992,21.367000579833984,19.589868545532227,18033000
2010-09-20,21.399999618530273,21.871000289916992,21.152000427246094,21.871000289916992,20.051952362060547,17232000
2010-09-21,21.836999893188477,21.944000244140625,21.4689998626709,21.698999404907227,19.89426040649414,17864000
2010-09-22,21.625,21.98900032043457,21.41200065612793,21.902999877929688,20.08128547668457,13085000
2010-09-23,21.711999893188477,22.31800079345703,21.711999893188477,21.94300079345703,20.117961883544922,18314000
2010-09-24,22.1299991607666,22.299999237060547,21.959999084472656,22.156999588012695,20.314170837402344,11947000
2010-09-27,22.100000381469727,22.450000762939453,22.08099937438965,22.23699951171875,20.387502670288086,9131000
2010-09-28,22.261999130249023,22.34000015258789,22.03499984741211,22.299999237060547,20.445270538330078,9990000
2010-09-29,22.236000061035156,22.41200065612793,22.155000686645508,22.26300048828125,20.411348342895508,11578000
2010-09-30,22.381000518798828,22.6299991607666,22.275999069213867,22.399999618530273,20.536964416503906,12062000
2010-10-01,22.5,22.600000381469727,22.270000457763672,22.47800064086914,20.60846519470215,9572000
2010-10-04,22.558000564575195,22.715999603271484,21.899999618530273,22.263999938964844,20.41227149963379,14600000
2010-10-05,22.601999282836914,22.798999786376953,22.427000045776367,22.59000015258789,20.711153030395508,12251000
2010-10-06,22.594999313354492,22.594999313354492,22.173999786376953,22.329999923706055,20.472774505615234,8055000
2010-10-07,22.466999053955078,22.5,22.076000213623047,22.086000442504883,20.262678146362305,5982000
2010-10-08,22.111000061035156,22.30500030517578,21.93000030517578,22.259000778198242,20.421403884887695,8618000
2010-10-11,22.231000900268555,22.42300033569336,22.110000610351562,22.285999298095703,20.446170806884766,4560000
2010-10-12,22.163999557495117,22.266000747680664,22.0,22.21299934387207,20.37919044494629,6982000
2010-10-13,22.299999237060547,23.141000747680664,22.281999588012695,23.089000701904297,21.182880401611328,18800000
2010-10-14,23.082000732421875,23.434999465942383,22.926000595092773,23.266000747680664,21.34526824951172,19475000
2010-10-15,23.368000030517578,23.56399917602539,23.10300064086914,23.3700008392334,21.440685272216797,10996000
2010-10-18,23.489999771118164,23.68400001525879,23.422000885009766,23.545000076293945,21.601228713989258,8128000
2010-10-19,23.361000061035156,24.055999755859375,23.25,23.704999923706055,21.748018264770508,15936000
2010-10-20,23.714000701904297,24.15999984741211,23.483999252319336,24.052000045776367,22.06637191772461,9217000
2010-10-21,24.04400062561035,24.625,24.04400062561035,24.319000244140625,22.31133270263672,11449000
2010-10-22,24.399999618530273,24.523000717163086,24.110000610351562,24.263999938964844,22.26087188720703,6182000
2010-10-25,24.40999984741211,24.850000381469727,24.327999114990234,24.514999389648438,22.491146087646484,9933000
2010-10-26,24.5,24.594999313354492,24.26799964904785,24.351999282836914,22.34160804748535,9054000
2010-10-27,24.259000778198242,24.621999740600586,24.259000778198242,24.576000213623047,22.54712677001953,9034000
2010-10-28,24.490999221801758,24.490999221801758,23.742000579833984,23.95199966430664,21.974628448486328,13105000
2010-10-29,23.9950008392334,24.349000930786133,23.93000030517578,24.006000518798828,22.024169921875,8065000
2010-11-01,24.26099967956543,24.295000076293945,23.822999954223633,23.89900016784668,21.92601203918457,8713000
2010-11-02,24.75,24.82900047302246,24.31800079345703,24.597999572753906,22.567302703857422,18490000
2010-11-03,24.670000076293945,25.200000762939453,24.649999618530273,25.183000564575195,23.10401153564453,15721000
2010-11-04,25.25,25.49799919128418,25.1299991607666,25.48900032043457,23.38474464416504,11751000
2010-11-05,25.64900016784668,25.68899917602539,25.365999221801758,25.628999710083008,23.513187408447266,10195000
2010-11-08,25.5,25.58799934387207,25.125,25.275999069213867,23.1893310546875,8045000
2010-11-09,25.312000274658203,25.3799991607666,25.06599998474121,25.152000427246094,23.075572967529297,6244000
2010-11-10,25.201000213623047,25.399999618530273,25.09000015258789,25.35700035095215,23.263648986816406,5776000
2010-11-11,25.207000732421875,25.48699951171875,25.141000747680664,25.207000732421875,23.126018524169922,4812000
2010-11-12,25.00200080871582,25.100000381469727,24.26099967956543,24.316999435424805,22.309492111206055,11052000
2010-11-15,24.281999588012695,24.749000549316406,23.972999572753906,24.292999267578125,22.287485122680664,8058000
2010-11-16,24.06999969482422,24.06999969482422,23.27199935913086,23.305999755859375,21.381956100463867,14991000
2010-11-17,23.374000549316406,23.905000686645508,23.291000366210938,23.457000732421875,21.520498275756836,10875000
2010-11-18,23.80699920654297,24.360000610351562,23.670000076293945,24.249000549316406,22.247112274169922,10571000
2010-11-19,24.42300033569336,24.499000549316406,24.174999237060547,24.38800048828125,22.374631881713867,9330000
2010-11-22,24.25200080871582,24.416000366210938,24.100000381469727,24.340999603271484,22.331514358520508,6292000
2010-11-23,24.152000427246094,24.236000061035156,23.54800033569336,23.565000534057617,21.619585037231445,11405000
2010-11-24,23.649999618530273,24.086000442504883,23.649999618530273,23.77899932861328,21.815908432006836,9015000
2010-11-26,23.694000244140625,23.694000244140625,23.299999237060547,23.514999389648438,21.573707580566406,7351000
2010-11-29,23.489999771118164,23.606000900268555,23.000999450683594,23.555999755859375,21.611328125,8736000
2010-11-30,23.3799991607666,23.85700035095215,23.301000595092773,23.702999114990234,21.746185302734375,15648000
2010-12-01,24.191999435424805,25.0,24.06599998474121,24.819000244140625,22.770061492919922,14105000
2010-12-02,24.809999465942383,24.91900062561035,24.527999877929688,24.91900062561035,22.861801147460938,10802000
2010-12-03,24.798999786376953,24.93899917602539,24.51799964904785,24.908000946044922,22.85171890258789,7642000
2010-12-06,24.725000381469727,25.360000610351562,24.725000381469727,25.31599998474121,23.226028442382812,7605000
2010-12-07,25.451000213623047,25.56599998474121,24.650999069213867,24.67799949645996,22.640695571899414,8389000
2010-12-08,24.66900062561035,25.075000762939453,24.618000030517578,25.06399917602539,22.994834899902344,8361000
2010-12-09,25.048999786376953,25.413999557495117,24.68000030517578,25.121999740600586,23.048032760620117,7740000
2010-12-10,25.152999877929688,25.47599983215332,25.033000946044922,25.47599983215332,23.372814178466797,8104000
2010-12-13,25.45800018310547,26.07200050354004,25.2549991607666,25.934999465942383,23.793922424316406,13835000
2010-12-14,25.954999923706055,26.0,25.3700008392334,25.41200065612793,23.314102172851562,7172000
2010-12-15,25.496999740600586,25.600000381469727,24.790000915527344,24.922000885009766,22.864559173583984,12579000
2010-12-16,25.0,25.400999069213867,21.829999923706055,22.349000930786133,20.503976821899414,90628000
2010-12-17,22.417999267578125,22.52199935913086,21.5,22.125999450683594,20.29938507080078,63476000
2010-12-20,22.1299991607666,22.48900032043457,22.10099983215332,22.354000091552734,20.50855827331543,27406000
2010-12-21,22.479999542236328,22.600000381469727,21.85099983215332,21.97800064086914,20.163602828979492,32115000
2010-12-22,21.959999084472656,22.14699935913086,21.54199981689453,21.739999771118164,19.94524383544922,24424000
2010-12-23,21.729000091552734,21.847000122070312,21.673999786376953,21.829999923706055,20.027812957763672,12985000
2010-12-27,21.829999923706055,22.51799964904785,21.753999710083008,22.46500015258789,20.610389709472656,14670000
2010-12-28,22.500999450683594,22.674999237060547,22.30900001525879,22.45199966430664,20.59847068786621,9294000
2010-12-29,22.440000534057617,22.613000869750977,22.3700008392334,22.54599952697754,20.684707641601562,6478000
2010-12-30,22.5,22.600000381469727,22.354000091552734,22.371999740600586,20.52507972717285,7649000
2010-12-31,22.35300064086914,22.56800079345703,22.30500030517578,22.410999298095703,20.560842514038086,3826000
2011-01-03,22.643999099731445,22.648000717163086,21.933000564575195,22.084999084472656,20.261760711669922,19272000
2011-01-04,22.12299919128418,22.3700008392334,22.08799934387207,22.3700008392334,20.523237228393555,13638000
2011-01-05,22.3700008392334,23.183000564575195,22.368999481201172,23.02899932861328,21.127826690673828,27856000
2011-01-06,23.159000396728516,23.264999389648438,22.809999465942383,23.11199951171875,21.217802047729492,15872000
2011-01-07,23.11400032043457,23.347999572753906,22.90399932861328,23.108999252319336,21.215049743652344,13989000
2011-01-10,23.135000228881836,23.21500015258789,22.910999298095703,23.020000457763672,21.133346557617188,10565000
2011-01-11,23.1200008392334,23.200000762939453,22.839000701904297,22.940000534057617,21.05989646911621,8972000
2011-01-12,23.059999465942383,23.283000946044922,22.972999572753906,23.283000946044922,21.374788284301758,10265000
2011-01-13,23.284000396728516,23.35099983215332,23.128999710083008,23.35099983215332,21.437213897705078,7222000
2011-01-14,23.368999481201172,23.69099998474121,23.329999923706055,23.69099998474121,21.749347686767578,10951000
2011-01-18,23.621999740600586,23.898000717163086,23.621999740600586,23.76300048828125,21.815448760986328,6672000
2011-01-19,23.672000885009766,23.749000549316406,23.525999069213867,23.535999298095703,21.6070556640625,12053000
2011-01-20,23.374000549316406,23.884000778198242,22.80299949645996,23.510000228881836,21.583179473876953,29098000
2011-01-21,23.700000762939453,23.700000762939453,23.332000732421875,23.35300064086914,21.439048767089844,7896000
2011-01-24,23.354000091552734,23.979999542236328,23.34600067138672,23.899999618530273,21.94121742248535,10130000
2011-01-25,23.89900016784668,24.19300079345703,23.51799964904785,24.15399932861328,22.17439842224121,13369000
2011-01-26,24.360000610351562,24.360000610351562,23.801000595092773,24.01799964904785,22.04954719543457,6900000
2011-01-27,24.058000564575195,24.124000549316406,23.797000885009766,23.910999298095703,21.951309204101562,5775000
2011-01-28,23.916000366210938,24.052000045776367,23.457000732421875,23.48699951171875,21.562063217163086,6191000
2011-01-31,23.399999618530273,23.656999588012695,23.27400016784668,23.650999069213867,21.712623596191406,6239000
2011-02-01,23.0310001373291,24.187999725341797,23.0310001373291,23.815000534057617,21.863183975219727,9623000
2011-02-02,23.84600067138672,24.236000061035156,23.816999435424805,23.93899917602539,21.97702407836914,10310000
2011-02-03,23.899999618530273,24.797000885009766,23.704999923706055,24.538999557495117,22.527843475341797,18662000
2011-02-04,24.579999923706055,24.94300079345703,24.399999618530273,24.724000930786133,22.69768524169922,7830000
2011-02-07,24.726999282836914,25.136999130249023,24.726999282836914,24.99799919128418,22.94923210144043,6289000
2011-02-08,25.198999404907227,25.198999404907227,24.836000442504883,24.961000442504883,22.915260314941406,5801000
2011-02-09,24.854000091552734,25.160999298095703,24.75,24.850000381469727,22.8133602142334,6012000
2011-02-10,24.746999740600586,25.299999237060547,24.746999740600586,25.21299934387207,23.146608352661133,7186000
2011-02-11,25.075000762939453,25.483999252319336,25.042999267578125,25.349000930786133,23.271467208862305,5565000
2011-02-14,25.253999710083008,25.87299919128418,25.253999710083008,25.496000289916992,23.406402587890625,11144000
2011-02-15,25.520999908447266,25.6560001373291,25.400999069213867,25.610000610351562,23.511070251464844,6887000
2011-02-16,25.684999465942383,25.882999420166016,25.378000259399414,25.437999725341797,23.353172302246094,8418000
2011-02-17,25.035999298095703,25.399999618530273,24.861000061035156,25.18199920654297,23.11815071105957,14951000
2011-02-18,25.200000762939453,25.31800079345703,24.965999603271484,25.073999404907227,23.018993377685547,8877000
2011-02-22,24.5310001373291,25.05299949645996,24.413999557495117,24.738000869750977,22.710533142089844,6916000
2011-02-23,24.738000869750977,24.93000030517578,24.409000396728516,24.41200065612793,22.411252975463867,8440000
2011-02-24,24.5,24.655000686645508,24.29599952697754,24.417999267578125,22.416759490966797,9580000
2011-02-25,24.670000076293945,24.93400001525879,24.500999450683594,24.67099952697754,22.649023056030273,9826000
2011-02-28,24.757999420166016,24.78499984741211,24.04199981689453,24.055999755859375,22.084436416625977,13373000
2011-03-01,24.250999450683594,24.698999404907227,24.035999298095703,24.035999298095703,22.066076278686523,12126000
2011-03-02,24.110000610351562,24.69499969482422,24.040000915527344,24.618000030517578,22.600370407104492,7798000
2011-03-03,24.694000244140625,25.170000076293945,24.672000885009766,25.165000915527344,23.102540969848633,10239000
2011-03-04,24.989999771118164,25.17799949645996,24.85700035095215,24.975000381469727,22.92811393737793,6887000
2011-03-07,24.990999221801758,25.288999557495117,24.645000457763672,24.726999282836914,22.700441360473633,7923000
2011-03-08,24.722000122070312,25.1560001373291,24.5,24.899999618530273,22.859256744384766,8048000
2011-03-09,24.8700008392334,25.184999465942383,24.742000579833984,24.79800033569336,22.765615463256836,8961000
2011-03-10,24.74799919128418,24.74799919128418,24.211000442504883,24.356000900268555,22.359848022460938,10315000
2011-03-11,24.20199966430664,24.899999618530273,24.20199966430664,24.841999053955078,22.806011199951172,5006000
2011-03-14,24.719999313354492,24.958999633789062,24.62299919128418,24.884000778198242,22.844575881958008,7354000
2011-03-15,24.301000595092773,24.658000946044922,24.187000274658203,24.46500015258789,22.45990562438965,9512000
2011-03-16,24.405000686645508,24.843000411987305,24.38800048828125,24.43000030517578,22.42778205871582,9587000
2011-03-17,24.655000686645508,24.899999618530273,24.229000091552734,24.375999450683594,22.378206253051758,6941000
2011-03-18,24.452999114990234,24.625999450683594,24.139999389648438,24.167999267578125,22.187253952026367,9169000
2011-03-21,24.33300018310547,24.799999237060547,24.33300018310547,24.79599952697754,22.763771057128906,7056000
2011-03-22,24.757999420166016,24.93000030517578,24.638999938964844,24.676000595092773,22.65361976623535,8083000
2011-03-23,24.663000106811523,24.836000442504883,24.573999404907227,24.68600082397461,22.66279411315918,6606000
2011-03-24,24.773000717163086,25.309999465942383,24.551000595092773,25.231000900268555,23.163127899169922,8619000
2011-03-25,25.20199966430664,25.329999923706055,24.736000061035156,24.770000457763672,22.739913940429688,11570000
2011-03-28,25.076000213623047,25.42799949645996,24.783000946044922,25.23699951171875,23.168642044067383,13286000
2011-03-29,25.13800048828125,25.291000366210938,24.941999435424805,25.17099952697754,23.108047485351562,7479000
2011-03-30,25.655000686645508,26.238000869750977,25.219999313354492,25.365999221801758,23.287067413330078,19207000
2011-03-31,25.308000564575195,25.573999404907227,25.113000869750977,25.172000885009766,23.108966827392578,8263000
2011-04-01,25.201000213623047,25.51300048828125,25.194000244140625,25.354999542236328,23.276968002319336,7964000
2011-04-04,25.490999221801758,26.132999420166016,25.486000061035156,26.125,23.983867645263672,9017000
2011-04-05,26.003000259399414,26.45800018310547,25.940000534057617,26.292999267578125,24.138092041015625,14002000
2011-04-06,26.388999938964844,26.55900001525879,26.19099998474121,26.54800033569336,24.386106491088867,9952000
2011-04-07,26.549999237060547,26.599000930786133,26.284000396728516,26.517000198364258,24.357635498046875,7454000
2011-04-08,26.698999404907227,26.700000762939453,26.299999237060547,26.305999755859375,24.16381072998047,8661000
2011-04-11,26.288000106811523,26.7450008392334,26.215999603271484,26.660999298095703,24.48990249633789,7560000
2011-04-12,26.05500030517578,26.72800064086914,26.05500030517578,26.29599952697754,24.154624938964844,9672000
2011-04-13,26.503999710083008,26.996000289916992,26.44700050354004,26.97599983215332,24.779254913330078,12726000
2011-04-14,26.80299949645996,26.992000579833984,26.70199966430664,26.886999130249023,24.6975040435791,6235000
2011-04-15,26.900999069213867,26.94700050354004,26.41900062561035,26.757999420166016,24.579008102416992,12410000
2011-04-18,26.64900016784668,26.652000427246094,26.347999572753906,26.5049991607666,24.346603393554688,6748000
2011-04-19,26.586000442504883,26.886999130249023,26.548999786376953,26.70599937438965,24.53124237060547,5973000
2011-04-20,26.93000030517578,27.375,26.854000091552734,27.00200080871582,24.803138732910156,7363000
2011-04-21,27.0,27.334999084472656,26.895000457763672,27.327999114990234,25.102588653564453,7145000
2011-04-25,27.327999114990234,27.399999618530273,27.069000244140625,27.14299964904785,24.932645797729492,5667000
2011-04-26,27.11199951171875,27.809999465942383,27.11199951171875,27.63599967956543,25.385507583618164,6497000
2011-04-27,27.606000900268555,27.625,27.15999984741211,27.535999298095703,25.29365348815918,5516000
2011-04-28,27.533000946044922,27.583999633789062,27.402000427246094,27.469999313354492,25.233020782470703,4601000
2011-04-29,27.469999313354492,27.589000701904297,27.344999313354492,27.589000701904297,25.34233856201172,7510000
2011-05-02,27.69700050354004,28.0,27.49799919128418,27.52899932861328,25.287216186523438,8273000
2011-05-03,28.200000762939453,28.68000030517578,28.025999069213867,28.238000869750977,25.938480377197266,14846000
2011-05-04,27.96500015258789,28.312999725341797,27.822999954223633,28.23900032043457,25.93939781188965,10899000
2011-05-05,28.054000854492188,28.197999954223633,27.30699920654297,27.450000762939453,25.214658737182617,10772000
2011-05-06,27.50200080871582,27.770000457763672,27.386999130249023,27.424999237060547,25.191688537597656,6294000
2011-05-09,27.45199966430664,27.929000854492188,27.31100082397461,27.87700080871582,25.606887817382812,5102000
2011-05-10,27.999000549316406,28.163999557495117,27.888999938964844,28.110000610351562,25.820907592773438,5248000
2011-05-11,28.100000381469727,28.200000762939453,27.70599937438965,27.812999725341797,25.548093795776367,6754000
2011-05-12,27.707000732421875,28.274999618530273,27.670000076293945,28.209999084472656,25.912763595581055,7240000
2011-05-13,28.226999282836914,28.27400016784668,27.945999145507812,28.0,25.719863891601562,5834000
2011-05-16,27.820999145507812,28.219999313354492,27.68000030517578,27.915000915527344,25.64177894592285,6069000
2011-05-17,28.02400016784668,28.219999313354492,27.650999069213867,28.204999923706055,25.90816879272461,11190000
2011-05-18,28.00200080871582,28.292999267578125,27.79199981689453,28.135000228881836,25.843868255615234,7085000
2011-05-19,28.246000289916992,28.475000381469727,28.100000381469727,28.4060001373291,26.092803955078125,6320000
2011-05-20,28.476999282836914,28.476999282836914,27.73200035095215,27.756999969482422,25.496652603149414,9856000
2011-05-23,27.450000762939453,27.555999755859375,26.988000869750977,27.195999145507812,24.981332778930664,9176000
2011-05-24,27.31599998474121,27.31999969482422,26.840999603271484,27.009000778198242,24.809568405151367,7887000
2011-05-25,26.80500030517578,27.55299949645996,26.799999237060547,27.447999954223633,25.212810516357422,9383000
2011-05-26,27.399999618530273,28.363000869750977,27.25,28.209999084472656,25.912763595581055,14866000
2011-05-27,28.2189998626709,28.631999969482422,28.152999877929688,28.52400016784668,26.201196670532227,11587000
2011-05-31,28.67799949645996,28.85700035095215,28.545000076293945,28.704999923706055,26.367454528808594,9573000
2011-06-01,28.65999984741211,28.775999069213867,28.06599998474121,28.06599998474121,25.78048324584961,8658000
2011-06-02,28.069000244140625,28.58099937438965,27.950000762939453,28.274999618530273,25.97246551513672,8623000
2011-06-03,27.900999069213867,28.26799964904785,27.551000595092773,27.70599937438965,25.449813842773438,7016000
2011-06-06,27.676000595092773,27.773000717163086,27.104999542236328,27.191999435424805,24.977664947509766,9254000
2011-06-07,27.301000595092773,27.71500015258789,27.301000595092773,27.420000076293945,25.187091827392578,10541000
2011-06-08,27.256999969482422,27.263999938964844,25.833999633789062,27.0,24.80129051208496,30792000
2011-06-09,26.851999282836914,27.308000564575195,26.815000534057617,27.170000076293945,24.95745086669922,8317000
2011-06-10,27.038999557495117,27.160999298095703,26.513999938964844,26.702999114990234,24.528480529785156,10220000
2011-06-13,26.70199966430664,26.91699981689453,26.628999710083008,26.742000579833984,24.56431007385254,9258000
2011-06-14,26.899999618530273,27.496000289916992,26.854000091552734,27.41200065612793,25.179746627807617,8926000
2011-06-15,27.107999801635742,27.56800079345703,27.047000885009766,27.047000885009766,24.844467163085938,10766000
2011-06-16,27.047000885009766,27.047000885009766,26.514999389648438,26.667999267578125,24.4963321685791,8746000
2011-06-17,26.826000213623047,27.239999771118164,26.48699951171875,26.608999252319336,24.442134857177734,12558000
2011-06-20,26.599000930786133,27.06599998474121,26.53700065612793,26.9950008392334,24.796707153320312,6104000
2011-06-21,27.107999801635742,27.54400062561035,27.011999130249023,27.402999877929688,25.17147445678711,6106000
2011-06-22,27.30699920654297,27.6299991607666,27.11400032043457,27.11400032043457,24.90601348876953,5425000
2011-06-23,26.889999389648438,27.312999725341797,26.709999084472656,27.312999725341797,25.08880615234375,6659000
2011-06-24,27.299999237060547,27.420000076293945,27.03499984741211,27.420000076293945,25.187091827392578,12495000
2011-06-27,27.308000564575195,27.413000106811523,27.040000915527344,27.260000228881836,25.040119171142578,8099000
2011-06-28,27.47599983215332,27.899999618530273,27.393999099731445,27.822999954223633,25.557275772094727,10349000
2011-06-29,27.885000228881836,30.981000900268555,27.523000717163086,30.969999313354492,28.448009490966797,44579000
2011-06-30,30.67799949645996,30.975000381469727,29.95800018310547,30.134000778198242,27.68008804321289,37687000
2011-07-01,30.04800033569336,31.56399917602539,29.959999084472656,31.44700050354004,28.886159896850586,24158000
2011-07-05,31.242000579833984,31.773000717163086,31.200000762939453,31.59600067138672,29.023021697998047,10387000
2011-07-06,31.490999221801758,31.72800064086914,31.202999114990234,31.290000915527344,28.755599975585938,10999000
2011-07-07,31.246000289916992,32.22800064086914,31.246000289916992,31.902000427246094,29.31803321838379,21592000
2011-07-08,31.4060001373291,31.743999481201172,31.31399917602539,31.52899932861328,28.975242614746094,10455000
2011-07-11,31.319000244140625,31.334999084472656,30.700000762939453,30.746000289916992,28.25565528869629,10621000
2011-07-12,30.816999435424805,30.950000762939453,30.37299919128418,30.391000747680664,27.929414749145508,13843000
2011-07-13,30.594999313354492,30.9950008392334,30.56999969482422,30.589000701904297,28.111385345458984,12417000
2011-07-14,30.451000213623047,31.100000381469727,30.451000213623047,30.56800079345703,28.092090606689453,9649000
2011-07-15,30.656999588012695,30.93000030517578,30.542999267578125,30.7549991607666,28.263931274414062,10013000
2011-07-18,30.663999557495117,30.94700050354004,30.395000457763672,30.7549991607666,28.263931274414062,11773000
2011-07-19,30.934999465942383,31.277000427246094,30.836999893188477,31.138999938964844,28.61682891845703,10771000
2011-07-20,31.249000549316406,31.277999877929688,30.650999069213867,30.82699966430664,28.330101013183594,5922000
2011-07-21,30.993999481201172,31.493000030517578,30.858999252319336,31.052000045776367,28.536874771118164,8257000
2011-07-22,31.070999145507812,31.570999145507812,30.902000427246094,31.413999557495117,28.869552612304688,6793000
2011-07-25,31.027000427246094,31.871000289916992,30.968000411987305,31.635000228881836,29.07265853881836,7013000
2011-07-26,31.63599967956543,31.864999771118164,31.23699951171875,31.275999069213867,28.74273109436035,5409000
2011-07-27,31.13800048828125,31.350000381469727,30.29800033569336,30.30900001525879,27.854055404663086,10670000
2011-07-28,30.39299964904785,31.211999893188477,30.270999908447266,30.690000534057617,28.204191207885742,11385000
2011-07-29,30.204999923706055,30.68600082397461,29.959999084472656,30.325000762939453,27.868757247924805,8973000
2011-08-01,30.823999404907227,31.165000915527344,30.101999282836914,30.41200065612793,27.94871711730957,7046000
2011-08-02,30.29199981689453,30.94099998474121,29.849000930786133,29.849000930786133,27.431320190429688,11625000
2011-08-03,31.22100067138672,34.04199981689453,31.15399932861328,33.84700012207031,31.10549545288086,51905000
2011-08-04,33.382999420166016,33.56100082397461,32.2599983215332,32.2599983215332,29.647029876708984,24544000
2011-08-05,32.87699890136719,33.09400177001953,31.333999633789062,32.65399932861328,30.009119033813477,23768000
2011-08-08,31.48699951171875,32.22999954223633,29.16699981689453,29.195999145507812,26.831209182739258,28694000
2011-08-09,29.992000579833984,32.28099822998047,29.45400047302246,32.28099822998047,29.666332244873047,26779000
2011-08-10,31.400999069213867,32.119998931884766,30.361000061035156,30.371000289916992,27.911033630371094,29809000
2011-08-11,30.92300033569336,33.0,30.59000015258789,32.73899841308594,30.087234497070312,25496000
2011-08-12,32.900001525878906,33.27199935913086,31.81800079345703,32.80699920654297,30.149730682373047,12999000
2011-08-15,33.10200119018555,33.849998474121094,32.60599899291992,33.5,30.786596298217773,14919000
2011-08-16,33.38199996948242,33.79999923706055,32.845001220703125,33.5,30.786596298217773,14729000
2011-08-17,33.71200180053711,33.75400161743164,32.310001373291016,32.62200164794922,29.979719161987305,14693000
2011-08-18,31.753999710083008,32.0,30.270999908447266,30.490999221801758,28.021312713623047,21241000
2011-08-19,30.128999710083008,31.030000686645508,30.0,30.016000747680664,27.584796905517578,15611000
2011-08-22,30.79400062561035,30.8700008392334,30.139999389648438,30.600000381469727,28.121490478515625,10295000
2011-08-23,30.87299919128418,32.249000549316406,30.426000595092773,32.23899841308594,29.627727508544922,10723000
2011-08-24,32.23099899291992,32.98099899291992,31.895000457763672,32.52000045776367,29.885976791381836,11707000
2011-08-25,32.61000061035156,32.94900131225586,32.09600067138672,32.2859992980957,29.670930862426758,8263000
2011-08-26,32.08300018310547,32.70100021362305,31.336999893188477,32.53300094604492,29.897912979125977,10520000
2011-08-29,32.946998596191406,33.39500045776367,32.18199920654297,32.73699951171875,30.08538818359375,15119000
2011-08-30,32.53300094604492,33.18000030517578,32.10100173950195,32.972999572753906,30.302274703979492,11211000
2011-08-31,33.29399871826172,33.57500076293945,32.612998962402344,32.97100067138672,30.300445556640625,10337000
2011-09-01,33.01300048828125,33.516998291015625,32.8489990234375,33.00600051879883,30.332612991333008,10556000
2011-09-02,32.26499938964844,32.6619987487793,32.005001068115234,32.06800079345703,29.47059440612793,8722000
2011-09-06,31.308000564575195,32.332000732421875,31.152000427246094,32.29999923706055,29.683795928955078,12269000
2011-09-07,32.81399917602539,33.933998107910156,32.73400115966797,33.90999984741211,31.16339111328125,16441000
2011-09-08,33.724998474121094,34.51300048828125,33.53799819946289,33.79100036621094,31.05402374267578,16012000
2011-09-09,33.61800003051758,33.76100158691406,32.1879997253418,32.20199966430664,29.593732833862305,17671000
2011-09-12,31.9950008392334,32.54899978637695,31.469999313354492,32.20399856567383,29.59556770324707,15418000
2011-09-13,32.236000061035156,32.888999938964844,32.005001068115234,32.88600158691406,30.22233772277832,10394000
2011-09-14,33.00299835205078,33.86600112915039,32.638999938964844,33.722999572753906,30.991527557373047,17896000
2011-09-15,33.875,34.95600128173828,33.053001403808594,34.79399871826172,31.97579574584961,22126000
2011-09-16,34.983001708984375,35.20000076293945,33.819000244140625,34.69499969482422,31.88479995727539,52441000
2011-09-19,34.154998779296875,35.20000076293945,33.893001556396484,34.79800033569336,31.979476928710938,16494000
2011-09-20,34.83000183105469,36.194000244140625,34.83000183105469,35.37799835205078,32.512489318847656,22902000
2011-09-21,35.45600128173828,35.64799880981445,34.09299850463867,34.09700012207031,31.335237503051758,14182000
2011-09-22,33.20399856567383,33.801998138427734,32.323001861572266,33.09600067138672,30.415325164794922,22186000
2011-09-23,33.007999420166016,33.81399917602539,32.821998596191406,33.702999114990234,30.973154067993164,12941000
2011-09-26,33.98400115966797,34.395999908447266,33.112998962402344,33.439998626708984,30.731456756591797,15891000
2011-09-27,33.90800094604492,34.19900131225586,33.34700012207031,33.81100082397461,31.072402954101562,12272000
2011-09-28,33.805999755859375,34.0,32.915000915527344,32.981998443603516,30.3105525970459,10268000
2011-09-29,33.63800048828125,33.77899932861328,32.14699935913086,32.83700180053711,30.177291870117188,10228000
2011-09-30,32.402000427246094,32.42300033569336,31.24799919128418,31.715999603271484,29.147090911865234,17195000
2011-10-03,31.450000762939453,32.400001525878906,31.010000228881836,31.08799934387207,28.569963455200195,14377000
2011-10-04,30.797000885009766,30.867000579833984,29.301000595092773,30.766000747680664,28.274036407470703,27000000
2011-10-05,30.80299949645996,31.378000259399414,30.22800064086914,31.33300018310547,28.80916976928711,16059000
2011-10-06,31.250999450683594,31.891000747680664,30.92099952697754,31.625999450683594,29.07856559753418,13364000
2011-10-07,31.753000259399414,31.924999237060547,30.929000854492188,31.145999908447266,28.637226104736328,12340000
2011-10-10,31.55299949645996,32.582000732421875,31.55299949645996,32.58100128173828,29.956640243530273,9527000
2011-10-11,32.3120002746582,33.31700134277344,32.20000076293945,32.95100021362305,30.296836853027344,10954000
2011-10-12,33.441001892089844,33.73699951171875,32.709999084472656,32.79899978637695,30.157081604003906,14183000
2011-10-13,32.709999084472656,33.915000915527344,32.654998779296875,33.5989990234375,30.89263916015625,12993000
2011-10-14,33.83000183105469,34.492000579833984,33.731998443603516,34.15800094604492,31.4066162109375,8943000
2011-10-17,34.08399963378906,34.215999603271484,33.37799835205078,33.512001037597656,30.812654495239258,9065000
2011-10-18,33.56100082397461,34.14799880981445,33.11600112915039,33.98899841308594,31.251220703125,10625000
2011-10-19,34.0,34.01100158691406,32.361000061035156,32.37699890136719,29.76906967163086,12912000
2011-10-20,32.64699935913086,32.9370002746582,32.249000549316406,32.56800079345703,29.944683074951172,12506000
2011-10-21,32.972999572753906,33.361000061035156,32.65999984741211,33.34000015258789,30.654497146606445,10032000
2011-10-24,33.279998779296875,34.11000061035156,33.279998779296875,34.069000244140625,31.32477569580078,8156000
2011-10-25,33.8129997253418,33.983001708984375,32.70000076293945,32.750999450683594,30.11295509338379,8323000
2011-10-26,33.2599983215332,33.29800033569336,32.45800018310547,32.90599822998047,30.255464553833008,10964000
2011-10-27,33.60100173950195,34.95899963378906,33.11899948120117,34.915000915527344,32.1026496887207,16934000
2011-10-28,34.65800094604492,35.5,34.617000579833984,35.45800018310547,32.601890563964844,9729000
2011-10-31,35.1150016784668,35.599998474121094,34.60900115966797,34.7239990234375,31.927019119262695,9254000
2011-11-01,33.67399978637695,34.099998474121094,33.33599853515625,33.43000030517578,30.73725128173828,12690000
2011-11-02,36.10499954223633,36.47999954223633,35.143001556396484,35.76599884033203,32.88507080078125,30756000
2011-11-03,35.53499984741211,36.79899978637695,35.500999450683594,36.659000396728516,33.706172943115234,14512000
2011-11-04,36.48400115966797,36.89899826049805,35.90999984741211,36.00899887084961,33.1085205078125,12421000
2011-11-07,36.196998596191406,36.595001220703125,35.874000549316406,36.590999603271484,33.64362335205078,10310000
2011-11-08,36.8120002746582,36.89899826049805,36.30500030517578,36.80699920654297,33.842227935791016,9154000
2011-11-09,36.16899871826172,36.64400100708008,35.74399948120117,35.74399948120117,32.864871978759766,11119000
2011-11-10,36.22100067138672,36.270999908447266,35.5369987487793,36.01100158691406,33.110355377197266,6778000
2011-11-11,36.25600051879883,37.0369987487793,36.25400161743164,37.01499938964844,34.03348922729492,10283000
2011-11-14,36.62699890136719,37.31999969482422,36.60100173950195,36.72700119018555,33.76868438720703,6941000
2011-11-15,36.74300003051758,37.35499954223633,36.70000076293945,37.132999420166016,34.1419792175293,8888000
2011-11-16,36.85200119018555,36.983001708984375,36.099998474121094,36.099998474121094,33.19217300415039,9753000
2011-11-17,36.19300079345703,36.67900085449219,35.66299819946289,35.93899917602539,33.04417419433594,11423000
2011-11-18,36.15800094604492,36.20000076293945,35.599998474121094,36.04199981689453,33.138858795166016,10586000
2011-11-21,35.500999450683594,35.680999755859375,34.88100051879883,35.18000030517578,32.34630584716797,14079000
2011-11-22,35.20500183105469,35.834999084472656,35.20000076293945,35.45500183105469,32.599143981933594,7707000
2011-11-23,35.33399963378906,35.47100067138672,34.65700149536133,34.70500183105469,31.90955352783203,9350000
2011-11-25,34.529998779296875,35.15700149536133,34.5,34.619998931884766,31.831377029418945,3939000
2011-11-28,35.59199905395508,35.999000549316406,35.47999954223633,35.92499923706055,33.031288146972656,10898000
2011-11-29,36.005001068115234,36.145999908447266,35.5,35.768001556396484,32.88694763183594,7204000
2011-11-30,36.801998138427734,37.470001220703125,36.60499954223633,37.45500183105469,34.438045501708984,12752000
2011-12-01,37.24100112915039,38.19599914550781,37.24100112915039,38.09600067138672,35.02742385864258,12151000
2011-12-02,38.369998931884766,38.499000549316406,37.8380012512207,37.8380012512207,34.79019546508789,9320000
2011-12-05,38.29899978637695,38.334999084472656,37.000999450683594,37.284000396728516,34.280818939208984,10981000
2011-12-06,37.20500183105469,37.49800109863281,37.016998291015625,37.130001068115234,34.139225006103516,8895000
2011-12-07,37.11600112915039,37.49800109863281,36.63600158691406,37.435001373291016,34.41965103149414,7934000
2011-12-08,37.33100128173828,37.81100082397461,36.887001037597656,36.930999755859375,33.95625686645508,8544000
2011-12-09,37.345001220703125,37.93000030517578,36.983001708984375,37.742000579833984,34.70193862915039,8405000
2011-12-12,37.39799880981445,37.53099822998047,36.90800094604492,37.12799835205078,34.13739776611328,6025000
2011-12-13,37.4640007019043,37.494998931884766,36.62300109863281,36.89400100708008,33.92222595214844,7006000
2011-12-14,36.60499954223633,36.70800018310547,36.0,36.11199951171875,33.203216552734375,10399000
2011-12-15,36.79399871826172,36.79600143432617,35.89699935913086,35.92100143432617,33.027618408203125,7661000
2011-12-16,36.01300048828125,36.595001220703125,35.82899856567383,36.215999603271484,33.29883575439453,8399000
2011-12-19,36.27000045776367,36.79999923706055,35.79999923706055,35.874000549316406,32.984405517578125,10939000
2011-12-20,36.33100128173828,37.41699981689453,36.000999450683594,37.39099884033203,34.37919235229492,13179000
2011-12-21,37.31399917602539,37.45000076293945,36.66899871826172,37.417999267578125,34.40403366088867,7936000
2011-12-22,37.46900177001953,37.65599822998047,36.75899887084961,37.125,34.13462448120117,9340000
2011-12-23,37.33100128173828,37.814998626708984,37.17599868774414,37.814998626708984,34.76905059814453,4655000
2011-12-27,37.87900161743164,38.13199996948242,37.415000915527344,37.474998474121094,34.45642852783203,4448000
2011-12-28,37.689998626708984,37.689998626708984,37.138999938964844,37.37799835205078,34.36725616455078,5252000
2011-12-29,37.39899826049805,37.84000015258789,37.36600112915039,37.82699966430664,34.78007507324219,4874000
2011-12-30,37.79899978637695,37.819000244140625,37.28200149536133,37.28200149536133,34.27897262573242,5216000
2012-01-03,37.83700180053711,37.86399841308594,36.56100082397461,36.83700180053711,33.86982727050781,14708000
2012-01-04,36.49700164794922,36.67399978637695,35.25699996948242,35.625,32.755435943603516,22841000
2012-01-05,35.380001068115234,35.5629997253418,35.05500030517578,35.24100112915039,32.416015625,14757000
2012-01-06,35.33599853515625,35.400001525878906,34.178001403808594,34.29199981689453,31.543100357055664,20887000
2012-01-09,34.48699951171875,34.78200149536133,34.20899963378906,34.582000732421875,31.80984878540039,11486000
2012-01-10,34.875,35.12799835205078,34.52399826049805,34.882999420166016,32.08671569824219,10252000
2012-01-11,33.99800109863281,34.555999755859375,33.904998779296875,34.14699935913086,31.40973663330078,14353000
2012-01-12,34.150001525878906,34.48500061035156,33.95600128173828,34.33000183105469,31.578054428100586,13262000
2012-01-13,34.159000396728516,34.59700012207031,33.731998443603516,33.90800094604492,31.18987464904785,12545000
2012-01-17,34.106998443603516,34.70000076293945,34.05099868774414,34.59700012207031,31.823652267456055,11118000
2012-01-18,34.5989990234375,35.45100021362305,34.56700134277344,35.237998962402344,32.41326141357422,12440000
2012-01-19,35.54899978637695,35.599998474121094,35.051998138427734,35.290000915527344,32.46110534667969,8855000
2012-01-20,34.99700164794922,35.0,33.75,34.066001892089844,31.33523178100586,18952000
2012-01-23,33.994998931884766,34.38999938964844,33.625999450683594,33.90599822998047,31.18803596496582,10343000
2012-01-24,33.84600067138672,34.459999084472656,33.72999954223633,34.268001556396484,31.521020889282227,6830000
2012-01-25,34.215999603271484,34.987998962402344,34.099998474121094,34.87699890136719,32.081199645996094,8994000
2012-01-26,34.9010009765625,35.49399948120117,34.72200012207031,34.78300094604492,31.9947452545166,9230000
2012-01-27,34.775001525878906,35.16999816894531,34.56100082397461,34.87900161743164,32.083072662353516,7243000
2012-01-30,34.696998596191406,35.23699951171875,34.625,35.196998596191406,32.37554931640625,8240000
2012-01-31,35.5369987487793,35.8650016784668,35.24399948120117,35.55699920654297,32.70669174194336,10633000
2012-02-01,35.82400131225586,36.12300109863281,35.599998474121094,35.762001037597656,32.895267486572266,14580000
2012-02-02,36.715999603271484,38.42499923706055,36.715999603271484,38.15700149536133,35.09827423095703,35026000
2012-02-03,38.20500183105469,39.130001068115234,38.20500183105469,39.03200149536133,35.90312957763672,22332000
2012-02-06,39.29999923706055,39.29999923706055,38.70000076293945,39.13100051879883,35.994197845458984,11256000
2012-02-07,39.19900131225586,39.448001861572266,38.8650016784668,39.29100036621094,36.1413688659668,12568000
2012-02-08,39.301998138427734,39.51599884033203,39.025001525878906,39.49100112915039,36.325340270996094,10090000
2012-02-09,39.99700164794922,40.17900085449219,39.426998138427734,39.63999938964844,36.4623908996582,10000000
2012-02-10,39.400001525878906,39.698001861572266,39.24100112915039,39.61399841308594,36.438480377197266,7484000
2012-02-13,39.95199966430664,40.0,39.53200149536133,39.665000915527344,36.48539352416992,5847000
2012-02-14,39.64699935913086,39.654998779296875,39.38199996948242,39.55500030517578,36.38420104980469,7660000
2012-02-15,39.880001068115234,39.972999572753906,39.26499938964844,39.29600143432617,36.14597702026367,7305000
2012-02-16,39.40999984741211,39.58700180053711,38.97700119018555,39.314998626708984,36.1634407043457,7223000
2012-02-17,39.47200012207031,39.69900131225586,39.229000091552734,39.599998474121094,36.42560958862305,7688000
2012-02-21,39.54499816894531,40.07899856567383,39.4010009765625,39.95500183105469,36.75214385986328,11588000
2012-02-22,39.79800033569336,40.854000091552734,39.79800033569336,40.68299865722656,37.421791076660156,10087000
2012-02-23,40.67900085449219,40.777000427246094,40.42300033569336,40.61000061035156,37.35464859008789,8216000
2012-02-24,40.832000732421875,41.875999450683594,40.61899948120117,41.56100082397461,38.229400634765625,12869000
2012-02-27,41.233001708984375,42.20800018310547,41.09700012207031,42.13999938964844,38.76198959350586,8754000
2012-02-28,42.14699935913086,42.599998474121094,42.000999450683594,42.39699935913086,38.99839782714844,9691000
2012-02-29,42.41299819946289,42.856998443603516,41.76100158691406,42.0,38.63321304321289,10991000
2012-03-01,42.249000549316406,42.327999114990234,41.70000076293945,42.042999267578125,38.67276382446289,8726000
2012-03-02,41.650001525878906,41.946998596191406,41.268001556396484,41.27799987792969,37.969093322753906,9652000
2012-03-05,41.45199966430664,41.93000030517578,41.2130012512207,41.762001037597656,38.4142951965332,8318000
2012-03-06,41.09700012207031,41.2130012512207,40.62799835205078,40.83399963378906,37.56068801879883,9358000
2012-03-07,41.13100051879883,41.499000549316406,41.064998626708984,41.17399978637695,37.87343978881836,8394000
2012-03-08,41.44599914550781,41.893001556396484,41.35499954223633,41.72600173950195,38.381187438964844,7095000
2012-03-09,41.81700134277344,42.106998443603516,41.55099868774414,41.95199966430664,38.58905792236328,7354000
2012-03-12,41.80699920654297,42.362998962402344,41.75299835205078,41.986000061035156,38.62034225463867,6463000
2012-03-13,42.20000076293945,42.33399963378906,41.68000030517578,42.321998596191406,38.92938995361328,7528000
2012-03-14,42.242000579833984,42.612998962402344,41.86600112915039,42.141998291015625,38.76382827758789,6175000
2012-03-15,42.141998291015625,42.29899978637695,41.79999923706055,41.95500183105469,38.591827392578125,5888000
2012-03-16,41.86899948120117,42.137001037597656,41.80799865722656,42.016998291015625,38.648860931396484,7608000
2012-03-19,41.97700119018555,42.810001373291016,41.922000885009766,42.50899887084961,39.101402282714844,8011000
2012-03-20,42.31800079345703,42.391998291015625,41.763999938964844,41.89799880981445,38.53937911987305,5960000
2012-03-21,42.005001068115234,42.297000885009766,41.78900146484375,41.79399871826172,38.4437141418457,5995000
2012-03-22,41.744998931884766,42.132999420166016,41.500999450683594,41.683998107910156,38.342552185058594,6306000
2012-03-23,41.62200164794922,42.63600158691406,41.62200164794922,42.4010009765625,39.002079010009766,6644000
2012-03-26,42.729000091552734,43.75600051879883,42.500999450683594,43.56800079345703,40.075538635253906,10460000
2012-03-27,43.55099868774414,43.59000015258789,43.066001892089844,43.066001892089844,39.613773345947266,7299000
2012-03-28,43.380001068115234,43.4739990234375,42.48099899291992,42.75199890136719,39.324928283691406,6837000
2012-03-29,42.46200180053711,42.832000732421875,42.15800094604492,42.821998596191406,39.38930892944336,5092000
2012-03-30,42.862998962402344,42.87099838256836,42.0,42.05400085449219,38.68288803100586,10180000
2012-04-02,42.183998107910156,43.433998107910156,41.900001525878906,43.20500183105469,39.74163055419922,8944000
2012-04-03,43.17100143432617,44.060001373291016,42.90399932861328,43.801998138427734,40.290775299072266,11526000
2012-04-04,43.43899917602539,43.650001525878906,42.612998962402344,43.09400177001953,39.666683197021484,9824000
2012-04-05,43.04800033569336,44.220001220703125,42.86899948120117,43.98500061035156,40.48681640625,8506000
2012-04-09,43.29399871826172,44.28799819946289,43.21500015258789,43.92900085449219,40.43527603149414,8574000
2012-04-10,43.92900085449219,44.095001220703125,42.41899871826172,42.472999572753906,39.0950813293457,12612000
2012-04-11,42.957000732421875,43.242000579833984,42.72200012207031,43.00400161743164,39.583858489990234,5751000
2012-04-12,43.05099868774414,43.422000885009766,42.970001220703125,43.39799880981445,39.946510314941406,5312000
2012-04-13,43.362998962402344,44.380001068115234,43.0989990234375,44.04600143432617,40.5429801940918,10572000
2012-04-16,44.08700180053711,44.14699935913086,42.9010009765625,43.26599884033203,39.82501220703125,7687000
2012-04-17,43.481998443603516,43.92399978637695,43.448001861572266,43.84299850463867,40.35611343383789,5232000
2012-04-18,43.73099899291992,44.09700012207031,43.59700012207031,43.66999816894531,40.19687271118164,5208000
2012-04-19,43.71799850463867,44.07899856567383,43.23400115966797,43.68199920654297,40.20793151855469,6880000
2012-04-20,44.000999450683594,44.32899856567383,43.74800109863281,44.04399871826172,40.54111862182617,9070000
2012-04-23,43.60100173950195,43.74300003051758,42.07500076293945,43.0260009765625,39.60409164428711,12354000
2012-04-24,43.02399826049805,43.58700180053711,42.667999267578125,43.029998779296875,39.6077766418457,6525000
2012-04-25,43.46799850463867,44.50600051879883,43.17399978637695,44.50600051879883,40.966373443603516,9781000
2012-04-26,44.44900131225586,45.64899826049805,44.44900131225586,45.39799880981445,41.78744888305664,10407000
2012-04-27,45.81100082397461,46.23400115966797,45.55099868774414,45.757999420166016,42.118831634521484,11799000
2012-04-30,45.939998626708984,46.03099822998047,45.13399887084961,45.22700119018555,41.630043029785156,9794000
2012-05-01,45.584999084472656,46.698001861572266,45.367000579833984,45.59000015258789,41.96416473388672,17580000
2012-05-02,44.66899871826172,45.81999969482422,44.0,45.14500045776367,41.5545768737793,21649000
2012-05-03,45.29999923706055,45.47700119018555,43.96900177001953,44.24300003051758,40.724300384521484,15116000
2012-05-04,43.70000076293945,44.191001892089844,43.38399887084961,43.96900177001953,40.47209930419922,14684000
2012-05-07,43.46500015258789,44.28200149536133,43.46500015258789,43.61199951171875,40.14350891113281,10801000
2012-05-08,43.4010009765625,43.6150016784668,42.30500030517578,43.16400146484375,39.731117248535156,10400000
2012-05-09,42.582000732421875,43.20399856567383,42.099998474121094,42.28300094604492,38.92019271850586,9996000
2012-05-10,42.58000183105469,42.935001373291016,41.82699966430664,42.29800033569336,38.93400192260742,11555000
2012-05-11,42.0,42.762001037597656,41.900001525878906,42.2400016784668,38.8806266784668,7891000
2012-05-14,41.81700134277344,42.099998474121094,41.444000244140625,41.444000244140625,38.147911071777344,12164000
2012-05-15,41.47200012207031,41.99700164794922,41.33700180053711,41.446998596191406,38.15068054199219,6769000
2012-05-16,41.88800048828125,42.04999923706055,40.86800003051758,40.9370002746582,37.68122100830078,12951000
2012-05-17,41.380001068115234,41.380001068115234,39.849998474121094,39.858001708984375,36.68804931640625,12020000
2012-05-18,40.20199966430664,40.457000732421875,39.45600128173828,39.45600128173828,36.31802749633789,11113000
2012-05-21,39.599998474121094,41.07899856567383,39.41999816894531,41.05799865722656,37.792625427246094,12811000
2012-05-22,41.020999908447266,41.83000183105469,40.82600021362305,41.34400177001953,38.05586242675781,12319000
2012-05-23,41.1150016784668,41.7140007019043,40.65700149536133,41.70899963378906,38.39183807373047,8750000
2012-05-24,42.00600051879883,42.87699890136719,41.61000061035156,41.983001708984375,38.644046783447266,10810000
2012-05-25,41.654998779296875,42.19499969482422,41.21200180053711,41.395999908447266,38.103721618652344,6948000
2012-05-29,41.733001708984375,41.974998474121094,41.319000244140625,41.60499954223633,38.296119689941406,4658000
2012-05-30,41.09000015258789,41.5629997253418,40.93000030517578,41.15800094604492,37.884666442871094,6743000
2012-05-31,41.22999954223633,41.29899978637695,39.9010009765625,40.6510009765625,37.41797637939453,10662000
2012-06-01,39.861000061035156,39.92399978637695,38.9900016784668,39.178001403808594,36.06215286254883,11237000
2012-06-04,39.16999816894531,40.152000427246094,39.0099983215332,40.0260009765625,36.84268569946289,9667000
2012-06-05,40.10300064086914,40.979000091552734,40.02399826049805,40.81999969482422,37.57353973388672,9693000
2012-06-06,41.457000732421875,41.99800109863281,41.277000427246094,41.99800109863281,38.65784454345703,9733000
2012-06-07,42.45100021362305,42.50699996948242,41.39799880981445,41.57099914550781,38.26481246948242,9438000
2012-06-08,41.244998931884766,41.6609992980957,41.090999603271484,41.654998779296875,38.34213638305664,7441000
2012-06-11,42.04999923706055,42.125,41.35100173950195,41.38399887084961,38.092681884765625,5905000
2012-06-12,41.400001525878906,41.9900016784668,41.09400177001953,41.775001525878906,38.45258712768555,5788000
2012-06-13,41.507999420166016,41.81700134277344,40.79999923706055,40.974998474121094,37.71620559692383,6123000
2012-06-14,40.9640007019043,41.99800109863281,40.95399856567383,41.904998779296875,38.572235107421875,7452000
2012-06-15,42.275001525878906,42.66899871826172,41.994998931884766,42.66899871826172,39.275482177734375,8093000
2012-06-18,42.49300003051758,42.79899978637695,42.22999954223633,42.5620002746582,39.1769905090332,6307000
2012-06-19,42.89899826049805,42.97999954223633,42.57500076293945,42.75699996948242,39.35649871826172,6877000
2012-06-20,42.78300094604492,42.999000549316406,42.11199951171875,42.88100051879883,39.470619201660156,4999000
2012-06-21,42.880001068115234,43.27000045776367,42.104000091552734,42.117000579833984,38.76738357543945,5544000
2012-06-22,42.15800094604492,43.507999420166016,42.060001373291016,43.507999420166016,40.047760009765625,8706000
2012-06-25,43.28499984741211,43.430999755859375,42.85200119018555,42.85200119018555,39.44392776489258,7000000
2012-06-26,42.974998474121094,43.43199920654297,42.702999114990234,43.22200012207031,39.78450393676758,6198000
2012-06-27,43.31800079345703,43.573001861572266,43.1150016784668,43.19200134277344,39.756900787353516,4446000
2012-06-28,42.92900085449219,43.03799819946289,41.67599868774414,42.130001068115234,38.77935028076172,9629000
2012-06-29,42.74599838256836,43.02299880981445,42.5629997253418,43.01100158691406,39.59028625488281,9351000
2012-07-02,43.50699996948242,43.99300003051758,43.01599884033203,43.9900016784668,40.49143600463867,6180000
2012-07-03,43.95500183105469,44.34000015258789,43.68000030517578,44.176998138427734,40.66354751586914,4863000
2012-07-05,44.04399871826172,44.5,43.84299850463867,44.404998779296875,40.901187896728516,5972000
2012-07-06,44.10300064086914,44.525001525878906,43.944000244140625,44.16299819946289,40.678287506103516,8164000
2012-07-09,43.43299865722656,43.49800109863281,42.33000183105469,43.12699890136719,39.72402572631836,11064000
2012-07-10,43.18000030517578,43.643001556396484,42.012001037597656,42.025001525878906,38.70900344848633,8211000
2012-07-11,41.89500045776367,42.03099822998047,41.284000396728516,41.98899841308594,38.67581558227539,6284000
2012-07-12,41.60499954223633,42.65800094604492,41.446998596191406,42.42499923706055,39.07742691040039,7646000
2012-07-13,42.52199935913086,43.025001525878906,42.395999908447266,42.959999084472656,39.570213317871094,6082000
2012-07-16,43.97700119018555,44.79999923706055,43.57400131225586,43.68899917602539,40.241703033447266,17479000
2012-07-17,43.832000732421875,44.0,43.00699996948242,43.56800079345703,40.1302375793457,6192000
2012-07-18,43.33599853515625,43.94499969482422,43.20000076293945,43.68199920654297,40.235260009765625,5775000
2012-07-19,43.82400131225586,43.89899826049805,42.79399871826172,42.79399871826172,39.41731262207031,8195000
2012-07-20,42.4900016784668,42.6870002746582,42.143001556396484,42.314998626708984,38.97612380981445,8963000
2012-07-23,41.62699890136719,41.86000061035156,41.12799835205078,41.597999572753906,38.315673828125,9147000
2012-07-24,41.72800064086914,41.77799987792969,40.470001220703125,40.98899841308594,37.75474166870117,9457000
2012-07-25,41.29999923706055,41.5,40.64899826049805,41.233001708984375,37.979496002197266,6069000
2012-07-26,41.88199996948242,42.74399948120117,41.762001037597656,42.37699890136719,39.03322219848633,7061000
2012-07-27,42.38100051879883,43.67499923706055,42.321998596191406,43.67499923706055,40.228797912597656,9644000
2012-07-30,43.619998931884766,44.67499923706055,43.619998931884766,44.1150016784668,40.634071350097656,9897000
2012-07-31,44.301998138427734,44.32600021362305,43.316001892089844,43.65700149536133,40.212215423583984,11530000
2012-08-01,42.409000396728516,43.29899978637695,42.0,42.720001220703125,39.34915542602539,21723000
2012-08-02,42.57699966430664,42.90800094604492,41.810001373291016,42.34299850463867,39.00190353393555,11444000
2012-08-03,42.84299850463867,42.900001525878906,42.29999923706055,42.41299819946289,39.066375732421875,10280000
2012-08-06,42.41999816894531,42.75600051879883,41.900001525878906,41.98500061035156,38.672149658203125,7637000
2012-08-07,42.12900161743164,42.28499984741211,41.31800079345703,41.63999938964844,38.354373931884766,12179000
2012-08-08,41.59700012207031,42.70000076293945,41.516998291015625,42.44499969482422,39.095848083496094,10101000
2012-08-09,42.404998779296875,42.7859992980957,42.06399917602539,42.59400177001953,39.23308563232422,7074000
2012-08-10,42.33599853515625,42.7859992980957,42.334999084472656,42.60300064086914,39.24138259887695,4565000
2012-08-13,42.457000732421875,42.67599868774414,42.21200180053711,42.5629997253418,39.20452880859375,4039000
2012-08-14,42.70500183105469,43.314998626708984,42.63399887084961,42.80799865722656,39.430198669433594,5696000
2012-08-15,42.80799865722656,43.11000061035156,42.619998931884766,42.70899963378906,39.339027404785156,4050000
2012-08-16,42.7239990234375,43.09000015258789,42.60300064086914,42.85200119018555,39.47072982788086,4134000
2012-08-17,42.79499816894531,42.94599914550781,42.51599884033203,42.680999755859375,39.313228607177734,5416000
2012-08-20,42.709999084472656,42.86000061035156,42.36899948120117,42.720001220703125,39.34915542602539,4384000
2012-08-21,42.702999114990234,42.98099899291992,42.244998931884766,42.33100128173828,38.9908561706543,4232000
2012-08-22,42.11000061035156,42.571998596191406,41.882999420166016,42.119998931884766,38.79650115966797,6931000
2012-08-23,42.09299850463867,42.279998779296875,41.66699981689453,41.83300018310547,38.53215026855469,5744000
2012-08-24,41.86000061035156,42.34700012207031,41.766998291015625,42.244998931884766,38.91162872314453,5130000
2012-08-27,42.249000549316406,42.619998931884766,42.051998138427734,42.34199905395508,39.000972747802734,4699000
2012-08-28,42.262001037597656,42.59000015258789,42.262001037597656,42.459999084472656,39.109676361083984,3983000
2012-08-29,42.49800109863281,42.64699935913086,42.17399978637695,42.582000732421875,39.222049713134766,4011000
2012-08-30,42.25299835205078,42.39500045776367,42.027000427246094,42.095001220703125,38.773460388183594,3801000
2012-08-31,42.22999954223633,42.362998962402344,41.9010009765625,42.290000915527344,38.95307922363281,4649000
2012-09-04,41.75400161743164,42.599998474121094,41.75400161743164,42.4379997253418,39.089412689208984,5091000
2012-09-05,42.39400100708008,42.54199981689453,42.0359992980957,42.209999084472656,38.8793830871582,5526000
2012-09-06,42.5,43.2599983215332,42.25600051879883,43.2599983215332,39.8465461730957,9617000
2012-09-07,43.28900146484375,43.67900085449219,43.106998443603516,43.619998931884766,40.178123474121094,6135000
2012-09-10,43.6619987487793,44.119998931884766,43.632999420166016,43.749000549316406,40.29696273803711,7534000
2012-09-11,43.79999923706055,44.59000015258789,43.75,44.2869987487793,40.79252243041992,7158000
2012-09-12,44.5989990234375,44.83300018310547,44.375,44.64099884033203,41.118560791015625,6168000
2012-09-13,44.63999938964844,45.659000396728516,44.59199905395508,45.5260009765625,41.933746337890625,8119000
2012-09-14,45.50600051879883,45.66600036621094,45.20000076293945,45.417999267578125,41.83424758911133,6875000
2012-09-17,45.43199920654297,45.630001068115234,45.25,45.349998474121094,41.77162551879883,5157000
2012-09-18,45.29999923706055,45.499000549316406,45.07400131225586,45.29800033569336,41.72372055053711,4771000
2012-09-19,45.2859992980957,45.540000915527344,45.16999816894531,45.18899917602539,41.62333297729492,5011000
2012-09-20,44.75299835205078,45.93199920654297,44.724998474121094,45.417999267578125,41.83424758911133,11339000
2012-09-21,45.930999755859375,46.17900085449219,45.685001373291016,45.95199966430664,42.32612609863281,12850000
2012-09-24,45.75,45.75,45.30799865722656,45.52899932861328,41.93650436401367,7608000
2012-09-25,45.7599983215332,45.77299880981445,45.12900161743164,45.152000427246094,41.58924865722656,5510000
2012-09-26,45.13199996948242,45.20100021362305,44.57699966430664,44.58399963378906,41.06608200073242,4991000
2012-09-27,44.7599983215332,45.21699905395508,44.698001861572266,45.21699905395508,41.64912796020508,4342000
2012-09-28,45.112998962402344,45.25299835205078,44.86399841308594,45.14799880981445,41.58557891845703,5548000
2012-10-01,45.31800079345703,46.01300048828125,45.25,45.68899917602539,42.08389663696289,6957000
2012-10-02,45.69599914550781,45.880001068115234,45.4010009765625,45.76499938964844,42.15388488769531,3347000
2012-10-03,45.900001525878906,47.46799850463867,45.766998291015625,47.375999450683594,43.63777160644531,11976000
2012-10-04,47.275001525878906,47.5,47.14099884033203,47.487998962402344,43.74092102050781,6340000
2012-10-05,47.79999923706055,48.29999923706055,47.2869987487793,47.527000427246094,43.804527282714844,9005000
2012-10-08,47.42399978637695,47.54800033569336,46.981998443603516,47.19300079345703,43.496681213378906,5542000
2012-10-09,47.22600173950195,47.29999923706055,46.12699890136719,46.487998962402344,42.84691619873047,8103000
2012-10-10,46.499000549316406,46.516998291015625,46.04800033569336,46.20899963378906,42.589752197265625,5058000
2012-10-11,46.71799850463867,47.582000732421875,46.50199890136719,47.25699996948242,43.55567169189453,12626000
2012-10-12,47.27000045776367,47.604000091552734,46.946998596191406,47.33599853515625,43.628482818603516,8243000
2012-10-15,47.23400115966797,47.69499969482422,47.17499923706055,47.582000732421875,43.855224609375,8995000
2012-10-16,47.928001403808594,48.1510009765625,47.60900115966797,47.9010009765625,44.149234771728516,4557000
2012-10-17,48.5989990234375,48.608001708984375,47.91600036621094,48.29999923706055,44.516971588134766,7248000
2012-10-18,48.24700164794922,48.564998626708984,47.4370002746582,47.58300018310547,43.85614013671875,8788000
2012-10-19,47.4630012512207,47.680999755859375,46.790000915527344,47.00600051879883,43.32433319091797,10070000
2012-10-22,47.29800033569336,47.29800033569336,46.20000076293945,46.69300079345703,43.03586196899414,7754000
2012-10-23,46.255001068115234,46.474998474121094,45.79999923706055,45.986000061035156,42.384220123291016,7294000
2012-10-24,46.474998474121094,46.50199890136719,45.29999923706055,45.45399856567383,41.89388656616211,7083000
2012-10-25,45.650001525878906,45.858001708984375,44.737998962402344,44.93600082397461,41.416481018066406,8938000
2012-10-26,44.93600082397461,45.77000045776367,44.82099914550781,45.29800033569336,41.7501106262207,6852000
2012-10-31,45.25199890136719,46.5,45.11800003051758,46.09299850463867,42.482852935791016,11930000
2012-11-01,46.340999603271484,47.499000549316406,46.207000732421875,46.86899948120117,43.19805908203125,9364000
2012-11-02,47.15399932861328,47.69900131225586,46.86800003051758,46.94499969482422,43.26811599731445,9514000
2012-11-05,46.72600173950195,47.09600067138672,46.46799850463867,46.564998626708984,42.91789245605469,6169000
2012-11-06,46.85599899291992,47.28900146484375,46.71900177001953,47.178001403808594,43.48286819458008,4120000
2012-11-07,47.0,47.11899948120117,46.1510009765625,46.470001220703125,42.830318450927734,7637000
2012-11-08,46.43199920654297,46.82099914550781,46.18000030517578,46.18000030517578,42.56303787231445,6203000
2012-11-09,45.85200119018555,46.869998931884766,45.847999572753906,46.465999603271484,42.826622009277344,6420000
2012-11-12,46.56800079345703,47.09700012207031,46.30699920654297,47.0,43.31878662109375,7025000
2012-11-13,46.709999084472656,47.69200134277344,46.4739990234375,47.12200164794922,43.43125534057617,4959000
2012-11-14,47.266998291015625,47.39899826049805,46.233001708984375,46.33100128173828,42.702205657958984,6080000
2012-11-15,46.292999267578125,46.292999267578125,45.356998443603516,45.715999603271484,42.1353874206543,7071000
2012-11-16,45.84600067138672,47.04600143432617,45.60100173950195,46.45899963378906,42.82018280029297,9029000
2012-11-19,46.939998626708984,47.86800003051758,46.8390007019043,47.86800003051758,44.118812561035156,6813000
2012-11-20,47.904998779296875,48.257999420166016,47.22200012207031,47.75699996948242,44.016510009765625,6804000
2012-11-21,47.84199905395508,48.06999969482422,47.755001068115234,47.94300079345703,44.18794250488281,2927000
2012-11-23,48.084999084472656,48.20000076293945,47.79999923706055,48.124000549316406,44.354759216308594,2391000
2012-11-26,48.018001556396484,48.27799987792969,47.82899856567383,48.00299835205078,44.243255615234375,4976000
2012-11-27,48.00899887084961,48.36800003051758,47.790000915527344,47.8489990234375,44.1013069152832,4877000
2012-11-28,47.573001861572266,48.15800094604492,47.47700119018555,48.1510009765625,44.37965774536133,6584000
2012-11-29,48.41999816894531,49.07500076293945,48.32400131225586,48.62099838256836,44.81284713745117,9080000
2012-11-30,48.577999114990234,48.986000061035156,48.38399887084961,48.86800003051758,45.040496826171875,9826000
2012-12-03,49.099998474121094,49.45100021362305,48.55699920654297,48.665000915527344,44.85340118408203,8497000
2012-12-04,48.76300048828125,48.79999923706055,48.05799865722656,48.34199905395508,44.555686950683594,6430000
2012-12-05,48.29999923706055,48.400001525878906,47.439998626708984,47.79999923706055,44.05613708496094,6645000
2012-12-06,47.57500076293945,48.0880012512207,47.38600158691406,48.0880012512207,44.32160186767578,5977000
2012-12-07,48.165000915527344,48.284000396728516,47.60100173950195,47.60900115966797,43.880104064941406,6389000
2012-12-10,48.0359992980957,48.04600143432617,47.54800033569336,47.959999084472656,44.203609466552734,5770000
2012-12-11,48.0,48.5,47.915000915527344,48.152000427246094,44.38058090209961,8577000
2012-12-12,48.20000076293945,48.737998962402344,48.02000045776367,48.34400177001953,44.55754470825195,9512000
2012-12-13,48.590999603271484,48.7599983215332,48.25199890136719,48.44300079345703,44.648780822753906,5680000
2012-12-14,48.12200164794922,48.47999954223633,48.027000427246094,48.22999954223633,44.45247268676758,5346000
2012-12-17,48.34199905395508,48.9900016784668,48.108001708984375,48.93199920654297,45.09946823120117,7181000
2012-12-18,49.0,49.49800109863281,48.78099822998047,49.28799819946289,45.427608489990234,6621000
2012-12-19,49.47999954223633,49.48899841308594,48.891998291015625,48.93899917602539,45.10592269897461,5629000
2012-12-20,49.222999572753906,49.86199951171875,48.946998596191406,49.85300064086914,45.94833755493164,9358000
2012-12-21,49.29999923706055,49.68899917602539,48.82699966430664,49.356998443603516,45.49119567871094,8320000
2012-12-24,49.2859992980957,49.625,49.24800109863281,49.50199890136719,45.62483215332031,2695000
2012-12-26,49.452999114990234,49.59400177001953,48.5,48.619998931884766,44.81193161010742,5749000
2012-12-27,48.60100173950195,49.2859992980957,48.11199951171875,48.7869987487793,44.9658317565918,6233000
2012-12-28,48.5,48.8650016784668,48.28499984741211,48.30799865722656,44.524349212646484,4686000
2012-12-31,48.33700180053711,49.19200134277344,48.290000915527344,49.12799835205078,45.280128479003906,6562000
2013-01-02,50.630001068115234,51.027000427246094,50.099998474121094,51.027000427246094,47.030391693115234,12278000
2013-01-03,51.04600143432617,51.54600143432617,50.814998626708984,51.099998474121094,47.09767532348633,9452000
2013-01-04,51.1150016784668,51.220001220703125,50.70000076293945,51.097999572753906,47.0958251953125,11475000
2013-01-07,51.25,52.130001068115234,51.16600036621094,51.952999114990234,47.91199493408203,11398000
2013-01-08,52.00299835205078,52.10499954223633,51.49399948120117,51.78200149536133,47.754295349121094,6983000
2013-01-09,52.52000045776367,53.23899841308594,52.266998291015625,53.23899841308594,49.09796905517578,11461000
2013-01-10,53.24700164794922,53.24700164794922,52.42900085449219,52.76499938964844,48.66083908081055,12564000
2013-01-11,52.750999450683594,52.979000091552734,52.551998138427734,52.86800003051758,48.755836486816406,6424000
2013-01-14,52.95500183105469,52.99800109863281,52.12300109863281,52.35100173950195,48.27903366088867,9911000
2013-01-15,52.2239990234375,52.34000015258789,51.91999816894531,52.279998779296875,48.21356201171875,5858000
2013-01-16,51.643001556396484,52.255001068115234,51.50299835205078,52.12900161743164,48.074302673339844,6190000
2013-01-17,52.46699905395508,52.66699981689453,52.130001068115234,52.334999084472656,48.2642936706543,5250000
2013-01-18,51.95600128173828,52.150001525878906,51.34199905395508,52.099998474121094,48.04756546020508,10769000
2013-01-22,52.479000091552734,52.479000091552734,51.4630012512207,51.97600173950195,47.93321990966797,7462000
2013-01-23,51.96099853515625,52.24599838256836,51.512001037597656,51.75600051879883,47.73031234741211,4991000
2013-01-24,51.792999267578125,52.56999969482422,51.77299880981445,52.22600173950195,48.16376495361328,5869000
2013-01-25,52.279998779296875,52.279998779296875,51.7239990234375,51.94200134277344,47.90185546875,7157000
2013-01-28,52.09400177001953,52.09400177001953,51.34600067138672,51.4119987487793,47.413089752197266,8002000
2013-01-29,51.4119987487793,52.07500076293945,51.404998779296875,51.847999572753906,47.81516647338867,8833000
2013-01-30,51.66400146484375,52.15999984741211,51.38999938964844,51.599998474121094,47.58644104003906,11601000
2013-01-31,53.20000076293945,53.53499984741211,51.29999923706055,51.84000015258789,47.80778884887695,20412000
2013-02-01,52.08100128173828,52.25400161743164,51.36899948120117,51.87099838256836,47.83638000488281,9949000
2013-02-04,51.62900161743164,51.79999923706055,51.20899963378906,51.422000885009766,47.42230987548828,6152000
2013-02-05,52.0369987487793,52.20199966430664,51.68000030517578,52.069000244140625,48.01899337768555,7983000
2013-02-06,52.01499938964844,52.387001037597656,51.810001373291016,52.35499954223633,48.28274154663086,6016000
2013-02-07,52.189998626708984,52.33000183105469,51.625,51.95500183105469,47.913841247558594,6517000
2013-02-08,51.84600067138672,52.446998596191406,51.83100128173828,52.446998596191406,48.36758804321289,5214000
2013-02-11,52.5620002746582,52.61600112915039,51.92300033569336,52.084999084472656,48.03372573852539,5616000
2013-02-12,52.08599853515625,52.2130012512207,51.85100173950195,51.9640007019043,47.92212677001953,3379000
2013-02-13,52.125,52.189998626708984,51.61800003051758,51.92100143432617,47.88249588012695,4096000
2013-02-14,51.6150016784668,52.32600021362305,51.6150016784668,52.215999603271484,48.154541015625,6656000
2013-02-15,51.63100051879883,52.49399948120117,51.63100051879883,52.3129997253418,48.24399185180664,7032000
2013-02-19,52.5,52.64899826049805,52.09600067138672,52.2859992980957,48.21909713745117,4234000
2013-02-20,52.20000076293945,52.42100143432617,51.29100036621094,51.29100036621094,47.3015022277832,5377000
2013-02-21,51.400001525878906,52.09299850463867,51.055999755859375,51.95899963378906,47.91752624511719,6814000
2013-02-22,52.29100036621094,52.44300079345703,51.729000091552734,52.382999420166016,48.30854797363281,6591000
2013-02-25,52.534000396728516,52.599998474121094,51.09000015258789,51.09000015258789,47.11611557006836,8672000
2013-02-26,51.354000091552734,51.57699966430664,50.736000061035156,50.970001220703125,47.005455017089844,7955000
2013-02-27,51.09600067138672,51.617000579833984,50.797000885009766,51.51900100708008,47.51175308227539,6994000
2013-02-28,51.51900100708008,52.137001037597656,51.3390007019043,51.78200149536133,47.754295349121094,6148000
2013-03-01,51.5,51.95100021362305,51.32899856567383,51.83000183105469,47.79855728149414,4142000
2013-03-04,51.597999572753906,52.24100112915039,51.57600021362305,52.14099884033203,48.08538818359375,3486000
2013-03-05,52.25299835205078,53.077999114990234,52.185001373291016,52.709999084472656,48.61011505126953,5895000
2013-03-06,52.551998138427734,53.12300109863281,52.334999084472656,52.757999420166016,48.654396057128906,5179000
2013-03-07,52.77199935913086,53.0,52.56999969482422,52.66699981689453,48.57046127319336,6685000
2013-03-08,53.005001068115234,53.03200149536133,52.44599914550781,52.92300033569336,48.806541442871094,5068000
2013-03-11,52.95800018310547,53.24700164794922,52.840999603271484,53.0890007019043,48.959632873535156,4091000
2013-03-12,52.98699951171875,53.0989990234375,52.222999572753906,52.316001892089844,48.246768951416016,4798000
2013-03-13,52.233001708984375,52.83700180053711,52.11199951171875,52.74800109863281,48.64516067504883,4715000
2013-03-14,52.85499954223633,53.125,52.67100143432617,52.71799850463867,48.61751174926758,5567000
2013-03-15,52.5989990234375,52.882999420166016,51.821998596191406,51.9370002746582,47.897239685058594,11598000
2013-03-18,51.53099822998047,51.965999603271484,51.472999572753906,51.500999450683594,47.495147705078125,5626000
2013-03-19,51.62200164794922,51.784000396728516,50.816001892089844,51.15999984741211,47.18065643310547,6309000
2013-03-20,51.599998474121094,51.869998931884766,51.435001373291016,51.86199951171875,47.82807159423828,4552000
2013-03-21,51.64400100708008,51.77199935913086,51.321998596191406,51.4010009765625,47.402923583984375,5505000
2013-03-22,51.582000732421875,51.87799835205078,51.553001403808594,51.75,47.724769592285156,5052000
2013-03-25,52.025001525878906,52.395999908447266,51.87699890136719,51.999000549316406,47.95442581176758,5420000
2013-03-26,52.29999923706055,53.71900177001953,52.22200012207031,53.547000885009766,49.382022857666016,9106000
2013-03-27,53.22100067138672,54.073001861572266,53.03799819946289,53.803001403808594,49.61810302734375,6483000
2013-03-28,53.84000015258789,54.19599914550781,53.689998626708984,54.112998962402344,49.90398025512695,6689000
2013-04-01,54.24399948120117,54.689998626708984,53.599998474121094,53.722999572753906,49.544334411621094,5501000
2013-04-02,54.06999969482422,54.39899826049805,53.902000427246094,54.058998107910156,49.854183197021484,3696000
2013-04-03,54.084999084472656,54.29600143432617,53.03900146484375,53.32500076293945,49.17728042602539,5330000
2013-04-04,53.275001525878906,53.56399917602539,53.013999938964844,53.422000885009766,49.266754150390625,4432000
2013-04-05,52.70399856567383,53.2400016784668,52.69900131225586,53.15999984741211,49.08023452758789,5783000
2013-04-08,53.069000244140625,53.566001892089844,52.97800064086914,53.4370002746582,49.33599090576172,3631000
2013-04-09,53.400001525878906,53.435001373291016,52.314998626708984,52.763999938964844,48.71463394165039,9011000
2013-04-10,52.96699905395508,53.79800033569336,52.84299850463867,53.44300079345703,49.341522216796875,4839000
2013-04-11,53.44200134277344,54.231998443603516,53.25699996948242,54.124000549316406,49.970245361328125,5679000
2013-04-12,53.46500015258789,53.641998291015625,52.96099853515625,53.29899978637695,49.20857238769531,6794000
2013-04-15,53.02299880981445,53.3849983215332,52.17100143432617,52.17100143432617,48.167144775390625,5281000
2013-04-16,52.31100082397461,53.15800094604492,52.20600128173828,53.15800094604492,49.078399658203125,5494000
2013-04-17,52.724998474121094,53.08599853515625,52.46799850463867,52.57600021362305,48.541046142578125,6310000
2013-04-18,52.57500076293945,52.64799880981445,52.099998474121094,52.099998474121094,48.10158920288086,6434000
2013-04-19,52.28300094604492,52.37099838256836,51.85599899291992,52.19599914550781,48.19020462036133,5106000
2013-04-22,52.20500183105469,52.36899948120117,51.87900161743164,52.21099853515625,48.20406723022461,4398000
2013-04-23,52.59400177001953,53.11899948120117,52.35900115966797,53.099998474121094,49.02483367919922,3569000
2013-04-24,53.196998596191406,53.474998474121094,53.12300109863281,53.20199966430664,49.119022369384766,2663000
2013-04-25,53.41299819946289,53.900001525878906,52.51499938964844,53.513999938964844,49.407081604003906,3787000
2013-04-26,53.422000885009766,53.816001892089844,53.34700012207031,53.53300094604492,49.42460632324219,4543000
2013-04-29,53.74800109863281,53.999000549316406,53.53499984741211,53.9010009765625,49.764381408691406,3809000
2013-04-30,53.979000091552734,55.292999267578125,53.957000732421875,55.292999267578125,51.04953384399414,7987000
2013-05-01,53.87699890136719,54.48500061035156,53.60200119018555,53.981998443603516,49.83915710449219,10110000
2013-05-02,53.599998474121094,54.733001708984375,53.569000244140625,54.553001403808594,50.366336822509766,9470000
2013-05-03,55.17399978637695,55.76599884033203,55.0629997253418,55.35499954223633,51.10678482055664,7941000
2013-05-06,55.36000061035156,55.676998138427734,54.702999114990234,54.77299880981445,50.56943893432617,6063000
2013-05-07,54.80799865722656,55.19300079345703,54.54399871826172,55.125999450683594,50.89535903930664,4333000
2013-05-08,55.117000579833984,55.49599838256836,54.827999114990234,55.37200164794922,51.12248229980469,4391000
2013-05-09,55.29499816894531,55.617000579833984,54.98899841308594,55.1879997253418,50.95259094238281,4387000
2013-05-10,55.37900161743164,55.75400161743164,53.37900161743164,55.51300048828125,51.25265884399414,4670000
2013-05-13,55.29999923706055,55.840999603271484,55.29999923706055,55.58399963378906,51.31821060180664,3441000
2013-05-14,55.7859992980957,57.125,55.641998291015625,56.96799850463867,52.595985412597656,6568000
2013-05-15,57.034000396728516,57.494998931884766,56.91600036621094,57.43600082397461,53.028079986572266,6555000
2013-05-16,57.2869987487793,57.36600112915039,57.013999938964844,57.013999938964844,52.63846206665039,4409000
2013-05-17,57.43600082397461,58.5,57.224998474121094,58.47800064086914,53.9901008605957,6242000
2013-05-20,58.31399917602539,58.854000091552734,58.20199966430664,58.33399963378906,53.85716247558594,4466000
2013-05-21,58.452999114990234,58.900001525878906,58.2400016784668,58.48500061035156,53.99658203125,3918000
2013-05-22,58.70000076293945,58.82899856567383,57.61399841308594,57.67100143432617,53.24504852294922,5612000
2013-05-23,56.97700119018555,57.69900131225586,56.8380012512207,56.972999572753906,52.600608825683594,6476000
2013-05-24,56.67499923706055,57.2869987487793,56.332000732421875,57.145999908447266,52.760337829589844,3910000
2013-05-28,58.0,58.527000427246094,57.571998596191406,57.57400131225586,53.155487060546875,4709000
2013-05-29,57.231998443603516,57.62099838256836,57.04499816894531,57.30099868774414,52.903446197509766,3508000
2013-05-30,57.35499954223633,58.263999938964844,57.20100021362305,57.61600112915039,53.194278717041016,3784000
2013-05-31,57.52000045776367,58.060001373291016,56.96099853515625,57.025001525878906,52.64862823486328,6107000
2013-06-03,57.13399887084961,57.590999603271484,56.86600112915039,57.590999603271484,53.17117691040039,5822000
2013-06-04,57.54800033569336,57.689998626708984,56.39899826049805,56.821998596191406,52.4611930847168,6460000
2013-06-05,56.5,56.82099914550781,55.928001403808594,55.957000732421875,51.66257858276367,5421000
2013-06-06,55.775001525878906,56.51599884033203,55.709999084472656,56.494998931884766,52.1592903137207,4399000
2013-06-07,56.775001525878906,56.9370002746582,56.367000579833984,56.625,52.27931213378906,7163000
2013-06-10,56.7599983215332,56.909000396728516,56.26599884033203,56.577999114990234,52.23592758178711,4113000
2013-06-11,56.21699905395508,56.52399826049805,56.0,56.04399871826172,51.74290466308594,4334000
2013-06-12,56.47700119018555,56.51100158691406,55.79800033569336,55.79800033569336,51.515777587890625,5816000
2013-06-13,55.75600051879883,57.55400085449219,55.70600128173828,57.37200164794922,52.9689826965332,8606000
2013-06-14,57.4010009765625,57.47800064086914,56.91999816894531,57.11600112915039,52.732635498046875,6231000
2013-06-17,57.40700149536133,58.097999572753906,57.40700149536133,57.819000244140625,53.38168716430664,7248000
2013-06-18,58.154998779296875,58.487998962402344,58.02299880981445,58.441001892089844,53.95594024658203,5495000
2013-06-19,58.55400085449219,59.18899917602539,58.52799987792969,58.637001037597656,54.13690948486328,7661000
2013-06-20,57.959999084472656,58.56999969482422,57.21900177001953,57.27199935913086,52.876670837402344,9215000
2013-06-21,57.91899871826172,57.9900016784668,56.88800048828125,57.32899856567383,52.929290771484375,12178000
2013-06-24,56.33700180053711,56.95800018310547,55.74800109863281,56.2599983215332,51.94232940673828,9427000
2013-06-25,56.72700119018555,56.76300048828125,56.1619987487793,56.45800018310547,52.12512969970703,8312000
2013-06-26,56.79999923706055,57.275001525878906,56.37900161743164,57.0,52.62553787231445,5343000
2013-06-27,57.15299987792969,57.74300003051758,57.0,57.06800079345703,52.688323974609375,5942000
2013-06-28,56.91699981689453,57.45000076293945,56.64699935913086,57.45000076293945,53.04100036621094,10396000
2013-07-01,57.861000061035156,59.0,57.755001068115234,58.32099914550781,53.84516525268555,8534000
2013-07-02,58.189998626708984,58.89500045776367,57.97100067138672,58.305999755859375,53.8313102722168,5605000
2013-07-03,57.97800064086914,58.76499938964844,57.97800064086914,58.61800003051758,54.11935043334961,2434000
2013-07-05,59.0,59.50299835205078,58.599998474121094,59.50299835205078,54.99274444580078,5465000
2013-07-08,59.71799850463867,60.27399826049805,58.91699981689453,58.92900085449219,54.46224594116211,7052000
2013-07-09,59.37200164794922,59.64899826049805,59.1870002746582,59.35900115966797,54.85965347290039,5922000
2013-07-10,59.36000061035156,59.513999938964844,58.737998962402344,59.090999603271484,54.61195373535156,5330000
2013-07-11,59.68199920654297,60.1619987487793,59.215999603271484,60.10200119018555,55.546329498291016,4652000
2013-07-12,60.07500076293945,60.18199920654297,59.63600158691406,59.88600158691406,55.346702575683594,4498000
2013-07-15,59.92399978637695,60.0,59.400001525878906,59.58700180053711,55.07035827636719,4306000
2013-07-16,59.62200164794922,59.79100036621094,58.9379997253418,58.979000091552734,54.50844955444336,4682000
2013-07-17,58.29999923706055,59.39400100708008,58.29499816894531,59.334999084472656,54.83745574951172,9218000
2013-07-18,59.60300064086914,60.07400131225586,59.45199966430664,59.69200134277344,55.167415618896484,3487000
2013-07-19,59.87799835205078,60.095001220703125,59.26599884033203,59.33300018310547,54.83560562133789,8235000
2013-07-22,59.433998107910156,60.3849983215332,59.305999755859375,60.2599983215332,55.69234848022461,5362000
2013-07-23,60.382999420166016,60.48500061035156,59.75,59.79999923706055,55.2672233581543,4649000
2013-07-24,59.83300018310547,60.0,58.96500015258789,59.0989990234375,54.61936569213867,7752000
2013-07-25,59.41999816894531,60.18600082397461,59.41400146484375,59.89799880981445,55.35779571533203,7277000
2013-07-26,59.6609992980957,59.972999572753906,59.29199981689453,59.814998626708984,55.28107833862305,3848000
2013-07-29,59.887001037597656,60.0989990234375,59.452999114990234,59.70199966430664,55.17664337158203,3266000
2013-07-30,59.96500015258789,60.38999938964844,59.90700149536133,60.141998291015625,55.58330154418945,6028000
2013-07-31,62.44900131225586,62.62300109863281,56.70199966430664,61.06100082397461,56.43264389038086,40090000
2013-08-01,61.874000549316406,64.96499633789062,61.874000549316406,64.63800048828125,59.73849105834961,30337000
2013-08-02,64.4280014038086,64.7020034790039,64.04000091552734,64.55699920654297,59.66364669799805,6684000
2013-08-05,64.12200164794922,64.58599853515625,64.04299926757812,64.24500274658203,59.37529754638672,5878000
2013-08-06,64.22100067138672,65.697998046875,63.994998931884766,65.4000015258789,60.442745208740234,8199000
2013-08-07,65.30000305175781,65.30000305175781,64.50399780273438,64.63200378417969,59.73295593261719,5860000
2013-08-08,64.90599822998047,65.0,64.14900207519531,64.58399963378906,59.688594818115234,4532000
2013-08-09,64.73699951171875,64.73699951171875,63.768001556396484,63.79600143432617,58.960323333740234,3933000
2013-08-12,63.96099853515625,63.96099853515625,62.91999816894531,63.071998596191406,58.29119873046875,5240000
2013-08-13,63.680999755859375,63.680999755859375,63.020999908447266,63.33300018310547,58.53242111206055,3245000
2013-08-14,63.56100082397461,63.7130012512207,62.80699920654297,62.99800109863281,58.22282409667969,3943000
2013-08-15,62.38600158691406,62.479000091552734,61.5629997253418,61.874000549316406,57.18401336669922,5329000
2013-08-16,61.83000183105469,62.42300033569336,61.61199951171875,61.82099914550781,57.13503646850586,4834000
2013-08-19,61.915000915527344,62.60100173950195,61.75,61.98899841308594,57.2902946472168,3907000
2013-08-20,62.1150016784668,62.507999420166016,61.89799880981445,62.24100112915039,57.523197174072266,2985000
2013-08-21,61.96099853515625,62.75899887084961,61.80099868774414,61.930999755859375,57.2367057800293,9306000
2013-08-22,62.29999923706055,62.29999923706055,61.68600082397461,62.108001708984375,57.400272369384766,3926000
2013-08-23,62.202999114990234,62.65800094604492,61.80099868774414,62.611000061035156,57.86515808105469,4587000
2013-08-26,62.57500076293945,62.57500076293945,61.45399856567383,61.518001556396484,56.855018615722656,5829000
2013-08-27,60.81800079345703,61.25899887084961,60.58700180053711,60.79199981689453,56.18404769897461,5471000
2013-08-28,60.59000015258789,61.321998596191406,60.54199981689453,61.06100082397461,56.43264389038086,6406000
2013-08-29,61.04999923706055,61.84000015258789,61.04499816894531,61.25699996948242,56.6137809753418,5060000
2013-08-30,61.39500045776367,61.49800109863281,60.35900115966797,60.608001708984375,56.01396942138672,6123000
2013-09-03,61.20000076293945,62.481998443603516,61.04899978637695,62.345001220703125,57.61933135986328,11390000
2013-09-04,62.345001220703125,62.766998291015625,61.75,62.34000015258789,57.61469650268555,4018000
2013-09-05,62.29999923706055,63.16299819946289,62.24700164794922,62.900001525878906,58.13224792480469,3822000
2013-09-06,63.20000076293945,63.9739990234375,62.71200180053711,63.6619987487793,58.83650207519531,5874000
2013-09-09,63.80099868774414,64.08899688720703,63.553001403808594,64.04000091552734,59.18585205078125,6169000
2013-09-10,64.39800262451172,65.20999908447266,64.36299896240234,65.1500015258789,60.21171188354492,7172000
2013-09-11,65.25,66.322998046875,64.47799682617188,65.84600067138672,60.85493850708008,7539000
2013-09-12,66.17500305175781,67.2300033569336,65.44999694824219,66.75199890136719,61.6922721862793,10857000
2013-09-13,66.68000030517578,66.9800033569336,66.46900177001953,66.64099884033203,61.5897102355957,6090000
2013-09-16,67.37999725341797,67.5,66.86499786376953,67.0999984741211,62.0139045715332,7003000
2013-09-17,67.33100128173828,68.08499908447266,67.15299987792969,67.91699981689453,62.768959045410156,4810000
2013-09-18,67.9000015258789,68.85199737548828,67.64399719238281,68.76399993896484,63.55177688598633,4670000
2013-09-19,69.17500305175781,69.5009994506836,68.51100158691406,68.63700103759766,63.43437576293945,5099000
2013-09-20,68.96700286865234,68.96700286865234,68.24800109863281,68.5739974975586,63.37617874145508,6726000
2013-09-23,68.53600311279297,68.9990005493164,68.01100158691406,68.29900360107422,63.12200927734375,5171000
2013-09-24,68.25,69.16600036621094,67.83399963378906,68.53700256347656,63.34196090698242,6000000
2013-09-25,68.36799621582031,68.60399627685547,67.17400360107422,67.19400024414062,62.10074996948242,8780000
2013-09-26,67.52300262451172,67.97699737548828,67.2490005493164,67.75800323486328,62.62202453613281,3815000
2013-09-27,67.74299621582031,68.26100158691406,67.51300048828125,68.18499755859375,63.016666412353516,3133000
2013-09-30,67.76599884033203,67.78099822998047,67.01799774169922,67.27799987792969,62.17842102050781,4362000
2013-10-01,67.44200134277344,67.95800018310547,67.24800109863281,67.77899932861328,62.641422271728516,4121000
2013-10-02,67.54299926757812,67.64199829101562,67.13400268554688,67.63099670410156,62.504642486572266,4632000
2013-10-03,67.31800079345703,67.58999633789062,66.40499877929688,66.90599822998047,61.8345832824707,5547000
2013-10-04,66.80599975585938,67.47200012207031,66.74400329589844,67.33300018310547,62.22921371459961,4077000
2013-10-07,66.77799987792969,67.0999984741211,66.51699829101562,66.60700225830078,61.61316680908203,5289000
2013-10-08,66.62999725341797,66.73500061035156,65.14399719238281,65.38700103759766,60.48462677001953,7294000
2013-10-09,65.572998046875,66.4469985961914,64.74400329589844,65.7229995727539,60.79544448852539,6541000
2013-10-10,66.83399963378906,67.85900115966797,66.68800354003906,67.85900115966797,62.77129364013672,4913000
2013-10-11,67.88500213623047,68.55400085449219,67.5739974975586,68.41799926757812,63.28839874267578,5458000
2013-10-14,67.94200134277344,69.00499725341797,67.43000030517578,68.91000366210938,63.74351119995117,3598000
2013-10-15,68.7249984741211,69.3239974975586,68.26599884033203,68.63899993896484,63.492835998535156,9156000
2013-10-16,68.94599914550781,69.95899963378906,68.7770004272461,69.55000305175781,64.33552551269531,5440000
2013-10-17,69.26899719238281,70.5,69.26100158691406,70.46399688720703,65.18099975585938,5420000
2013-10-18,70.69999694824219,71.63899993896484,70.11000061035156,71.51899719238281,66.1568603515625,5959000
2013-10-21,71.7020034790039,71.98699951171875,70.91799926757812,71.78399658203125,66.40202331542969,4799000
2013-10-22,72.1760025024414,72.73999786376953,71.66100311279297,71.86799621582031,66.47972106933594,4306000
2013-10-23,71.5999984741211,71.66200256347656,70.70099639892578,71.09700012207031,65.76652526855469,4414000
2013-10-24,71.45500183105469,72.6989974975586,71.4010009765625,72.46900177001953,67.03565216064453,4020000
2013-10-25,72.5,73.24500274658203,72.00499725341797,72.37799835205078,66.95149993896484,4640000
2013-10-28,72.40299987792969,73.16000366210938,72.13600158691406,72.99400329589844,67.52131652832031,4411000
2013-10-29,73.34400177001953,73.78299713134766,72.75499725341797,73.24400329589844,67.75253295898438,4655000
2013-10-30,73.39900207519531,73.45999908447266,72.13500213623047,72.56800079345703,67.12720489501953,5562000
2013-10-31,73.00399780273438,73.46199798583984,70.73899841308594,71.70999908447266,66.33358764648438,10221000
2013-11-01,72.3949966430664,73.92400360107422,72.31800079345703,73.74800109863281,68.21878051757812,8304000
2013-11-04,73.83300018310547,73.98200225830078,72.6240005493164,72.83999633789062,67.37881469726562,4568000
2013-11-05,72.73100280761719,73.8239974975586,72.322998046875,73.63800048828125,68.11703491210938,6120000
2013-11-06,73.80000305175781,73.83599853515625,73.00900268554688,73.38700103759766,67.88484954833984,4849000
2013-11-07,73.73600006103516,73.75499725341797,71.96299743652344,72.13200378417969,66.72393035888672,4743000
2013-11-08,72.04900360107422,73.44999694824219,72.04900360107422,73.4469985961914,67.94035339355469,4558000
2013-11-11,73.41100311279297,74.34200286865234,73.2229995727539,74.11599731445312,68.5591812133789,4068000
2013-11-12,73.9469985961914,74.06999969482422,73.15299987792969,73.76799774169922,68.2372817993164,4520000
2013-11-13,73.5,73.74500274658203,73.19000244140625,73.5479965209961,68.03377532958984,4843000
2013-11-14,73.5,74.4000015258789,73.45600128173828,74.35299682617188,68.77839660644531,3384000
2013-11-15,74.3550033569336,75.36000061035156,74.3550033569336,75.22599792480469,69.5859603881836,4843000
2013-11-18,75.37200164794922,75.97000122070312,75.12100219726562,75.45500183105469,69.79780578613281,6949000
2013-11-19,75.44999694824219,75.75,74.5009994506836,74.69499969482422,69.09476470947266,3141000
2013-11-20,74.80000305175781,75.39900207519531,74.34500122070312,74.59300231933594,69.00042724609375,3059000
2013-11-21,74.48400115966797,74.95899963378906,74.48400115966797,74.69999694824219,69.09940338134766,3685000
2013-11-22,74.75199890136719,75.58699798583984,74.6520004272461,75.44499969482422,69.78852081298828,3796000
2013-11-25,75.91699981689453,75.94999694824219,75.23999786376953,75.64900207519531,69.97726440429688,4461000
2013-11-26,75.69300079345703,76.51499938964844,75.5,75.7040023803711,70.0280990600586,5048000
2013-11-27,76.0999984741211,76.447998046875,75.61000061035156,76.04000091552734,70.33892059326172,2596000
2013-11-29,76.14299774169922,76.5,75.96299743652344,76.08100128173828,70.3768539428711,2388000
2013-12-02,76.08100128173828,76.375,75.4000015258789,75.61199951171875,69.94300842285156,4185000
2013-12-03,75.29000091552734,75.51599884033203,74.7249984741211,75.41000366210938,69.75614929199219,4184000
2013-12-04,75.19999694824219,75.375,74.40599822998047,74.81700134277344,69.2076187133789,5091000
2013-12-05,75.0250015258789,75.48999786376953,74.70099639892578,75.1500015258789,69.51564025878906,3597000
2013-12-06,75.77400207519531,75.96499633789062,75.27200317382812,75.84700012207031,70.16039276123047,3310000
2013-12-09,76.29000091552734,76.64800262451172,75.80000305175781,75.88600158691406,70.19647216796875,4348000
2013-12-10,75.8499984741211,76.91000366210938,75.8499984741211,76.36100006103516,70.6358642578125,6168000
2013-12-11,79.3740005493164,80.16300201416016,78.9469985961914,79.05699920654297,73.1297607421875,25460000
2013-12-12,79.1500015258789,79.1500015258789,78.13300323486328,78.25399780273438,72.3869400024414,10075000
2013-12-13,78.55000305175781,79.17900085449219,78.34600067138672,78.7969970703125,72.88920593261719,6828000
2013-12-16,79.30000305175781,80.0459976196289,79.16999816894531,79.67500305175781,73.70140075683594,7478000
2013-12-17,79.9800033569336,80.35399627685547,79.61199951171875,79.79499816894531,73.81241607666016,9610000
2013-12-18,79.78700256347656,80.35099792480469,78.86299896240234,80.20600128173828,74.19257354736328,10444000
2013-12-19,80.19999694824219,80.9209976196289,79.90299987792969,80.53800201416016,74.49971008300781,9530000
2013-12-20,80.8550033569336,82.32099914550781,80.7040023803711,81.70500183105469,75.57919311523438,13154000
2013-12-23,82.50599670410156,82.56300354003906,81.25599670410156,81.51000213623047,75.39881134033203,8946000
2013-12-24,81.4520034790039,81.58200073242188,81.1050033569336,81.31999969482422,75.2230453491211,4048000
2013-12-26,81.50499725341797,82.19000244140625,81.41699981689453,82.19000244140625,76.02784729003906,5940000
2013-12-27,82.19999694824219,82.83399963378906,82.00399780273438,82.78700256347656,76.58006286621094,5710000
2013-12-30,83.01200103759766,83.89199829101562,82.8550033569336,83.33000183105469,77.08238220214844,7068000
2013-12-31,83.93699645996094,83.93800354003906,83.06199645996094,83.5459976196289,77.28214263916016,6759000
2014-01-02,83.74099731445312,83.7969970703125,83.01000213623047,83.41400146484375,77.16007995605469,7214000
2014-01-03,83.41400146484375,83.58000183105469,82.5999984741211,83.08100128173828,76.85205078125,6438000
2014-01-06,83.19599914550781,83.38800048828125,82.46600341796875,82.66899871826172,76.47093200683594,7022000
2014-01-07,83.10099792480469,83.91899871826172,83.0999984741211,83.70899963378906,77.53611755371094,7635000
2014-01-08,83.73200225830078,84.4010009765625,83.60099792480469,83.68399810791016,77.51292419433594,6936000
2014-01-09,84.0,84.42400360107422,83.625,84.36000061035156,78.13911437988281,7025000
2014-01-10,84.68399810791016,84.74800109863281,83.16000366210938,83.47599792480469,77.32027435302734,8211000
2014-01-13,83.5459976196289,83.80000305175781,80.76300048828125,81.0,75.02687072753906,12354000
2014-01-14,81.28199768066406,82.2969970703125,80.41400146484375,82.1709976196289,76.11154174804688,10869000
2014-01-15,82.51100158691406,82.97799682617188,82.1240005493164,82.33699798583984,76.2652587890625,7750000
2014-01-16,82.48200225830078,82.79900360107422,82.24199676513672,82.55000305175781,76.46257781982422,4965000
2014-01-17,82.5,83.4020004272461,80.78800201416016,81.84200286865234,75.80680084228516,13330000
2014-01-21,82.302001953125,82.65599822998047,81.40299987792969,81.8479995727539,75.81237030029297,10103000
2014-01-22,82.20999908447266,83.9000015258789,82.0,83.30000305175781,77.1572494506836,7220600
2014-01-23,83.80000305175781,83.80999755859375,81.91999816894531,82.36000061035156,76.28659057617188,6590300
2014-01-24,81.77999877929688,81.9800033569336,78.5,78.51000213623047,72.7204818725586,9460200
2014-01-27,78.94999694824219,78.9800033569336,74.94999694824219,76.05000305175781,70.44193267822266,13707500
2014-01-28,76.69999694824219,79.08999633789062,76.58000183105469,78.83000183105469,73.01689910888672,7735000
2014-01-29,78.19000244140625,78.66999816894531,77.01000213623047,77.69999694824219,71.97022247314453,7908500
2014-01-30,80.44999694824219,80.55000305175781,78.23999786376953,79.76000213623047,73.87834167480469,8702200
2014-01-31,75.51000213623047,76.98999786376953,71.75,75.68000030517578,70.09918212890625,23252800
2014-02-03,76.05000305175781,76.41000366210938,73.8499984741211,73.91000366210938,68.459716796875,9828200
2014-02-04,74.22000122070312,74.3499984741211,72.80000305175781,73.12000274658203,67.72797393798828,11378100
2014-02-05,72.76000213623047,73.5,72.11000061035156,72.83999633789062,67.4686279296875,7768100
2014-02-06,73.2300033569336,74.91000366210938,73.13999938964844,74.9000015258789,69.376708984375,6804600
2014-02-07,75.66999816894531,76.93000030517578,75.12999725341797,76.30999755859375,70.68272399902344,8437500
2014-02-10,76.66000366210938,77.33999633789062,75.8499984741211,76.3499984741211,70.71977233886719,4885600
2014-02-11,76.80000305175781,76.83000183105469,76.0,76.19000244140625,70.57157897949219,5322900
2014-02-12,76.44000244140625,76.93000030517578,75.66999816894531,75.97000122070312,70.36780548095703,4775200
2014-02-13,75.4800033569336,76.63999938964844,75.12999725341797,76.52999877929688,70.88650512695312,4912300
2014-02-14,76.58000183105469,77.66000366210938,76.4800033569336,77.38999938964844,71.68309783935547,4731900
2014-02-18,78.45999908447266,78.48999786376953,77.19999694824219,77.48999786376953,71.77574920654297,5811700
2014-02-19,77.33999633789062,78.01000213623047,76.52999877929688,76.6500015258789,70.99767303466797,6032800
2014-02-20,76.87999725341797,76.87999725341797,74.8499984741211,75.86000061035156,70.26592254638672,8711100
2014-02-21,75.86000061035156,76.3499984741211,75.5,75.69999694824219,70.11771392822266,6551800
2014-02-24,75.56999969482422,76.97000122070312,75.55999755859375,75.95999908447266,70.35855102539062,7942200
2014-02-25,76.0,76.97000122070312,75.5199966430664,76.73999786376953,71.08101654052734,7435800
2014-02-26,76.83000183105469,77.41000366210938,76.61000061035156,77.36000061035156,71.65531158447266,7437200
2014-02-27,77.33999633789062,78.01000213623047,77.0,77.76000213623047,72.02582550048828,4931400
2014-02-28,78.19999694824219,78.66999816894531,76.94999694824219,77.72000122070312,71.98876190185547,5916500
2014-03-03,76.52999877929688,77.08999633789062,75.6500015258789,76.7300033569336,71.07176208496094,6154600
2014-03-04,77.80999755859375,78.80000305175781,77.41000366210938,78.5,72.71125030517578,5302700
2014-03-05,78.66999816894531,78.87999725341797,77.83000183105469,78.19999694824219,72.43335723876953,4230200
2014-03-06,78.4000015258789,78.70999908447266,77.56999969482422,77.62999725341797,71.9053726196289,4593400
2014-03-07,78.06999969482422,78.25,77.5199966430664,77.94000244140625,72.19255065917969,4133600
2014-03-10,77.80000305175781,77.94000244140625,77.2699966430664,77.38999938964844,71.68309783935547,3314700
2014-03-11,77.48999786376953,78.44999694824219,76.88999938964844,77.9000015258789,72.15550994873047,4834400
2014-03-12,77.22000122070312,78.33999633789062,76.80000305175781,78.33999633789062,72.56304931640625,4739700
2014-03-13,78.37999725341797,78.7699966430664,76.54000091552734,76.62000274658203,70.96986389160156,6521400
2014-03-14,76.51000213623047,77.22000122070312,76.2300033569336,76.33999633789062,70.71051025390625,4856900
2014-03-17,76.75,77.83999633789062,76.73999786376953,77.83000183105469,72.09063720703125,3910900
2014-03-18,78.0999984741211,78.9800033569336,77.54000091552734,78.91999816894531,73.10027313232422,4523500
2014-03-19,78.94000244140625,79.5999984741211,77.91999816894531,78.30999755859375,72.53526306152344,5929300
2014-03-20,78.20999908447266,78.6500015258789,77.61000061035156,78.41000366210938,72.62786102294922,5197800
2014-03-21,79.33999633789062,79.83000183105469,75.9000015258789,75.98999786376953,70.38631439208984,15077700
2014-03-24,76.4800033569336,77.70999908447266,75.87000274658203,77.38999938964844,71.68309783935547,8816800
2014-03-25,77.58000183105469,77.7699966430664,75.2300033569336,75.27999877929688,69.72866821289062,7128300
2014-03-26,75.80999755859375,76.16999816894531,73.68000030517578,73.70999908447266,68.27448272705078,7611000
2014-03-27,73.54000091552734,73.62000274658203,72.3499984741211,73.33999633789062,67.9317398071289,7690100
2014-03-28,73.38999938964844,73.79000091552734,72.44000244140625,73.22000122070312,67.82059478759766,5245000
2014-03-31,73.86000061035156,74.87000274658203,73.5,74.69999694824219,69.19143676757812,5843600
2014-04-01,75.25,75.33999633789062,74.37999725341797,74.80999755859375,69.29334259033203,4105600
2014-04-02,74.88999938964844,75.3499984741211,74.52999877929688,74.69999694824219,69.19143676757812,4271600
2014-04-03,75.04000091552734,75.55000305175781,74.23999786376953,74.52999877929688,69.03401947021484,4133300
2014-04-04,75.4000015258789,75.48999786376953,71.70999908447266,72.18000030517578,66.8572998046875,8287100
2014-04-07,71.66000366210938,71.95999908447266,70.43000030517578,71.33000183105469,66.17082977294922,9699100
2014-04-08,71.22000122070312,71.94000244140625,71.0,71.5199966430664,66.34707641601562,6280200
2014-04-09,71.93000030517578,73.66999816894531,71.61000061035156,73.55999755859375,68.2395248413086,6984700
2014-04-10,73.66999816894531,74.31999969482422,70.94999694824219,71.16999816894531,66.02238464355469,8982800
2014-04-11,70.05000305175781,70.37999725341797,68.68000030517578,68.68000030517578,63.71247100830078,11610500
2014-04-14,69.79000091552734,71.97000122070312,69.5999984741211,71.18000030517578,66.03165435791016,10893900
2014-04-15,72.30000305175781,72.73999786376953,70.4800033569336,72.1500015258789,66.93148803710938,7009600
2014-04-16,72.87999725341797,73.94999694824219,72.5,73.93000030517578,68.58277130126953,7002300
2014-04-17,74.06999969482422,74.81999969482422,73.61000061035156,74.12999725341797,68.76827239990234,5552300
2014-04-21,74.25,74.62999725341797,73.83000183105469,74.30999755859375,68.9352798461914,5991600
2014-04-22,74.47000122070312,74.7699966430664,73.8499984741211,74.52999877929688,69.1393814086914,5049800
2014-04-23,74.33000183105469,74.5,73.05999755859375,73.36000061035156,68.05400085449219,5056400
2014-04-24,73.70999908447266,74.72000122070312,73.33000183105469,74.3499984741211,68.97238159179688,5191700
2014-04-25,72.20999908447266,73.0,70.5999984741211,70.66000366210938,65.54926300048828,9657700
2014-04-28,70.80000305175781,72.16000366210938,70.22000122070312,71.23999786376953,66.08731079101562,8649400
2014-04-29,71.48999786376953,72.61000061035156,71.33000183105469,72.02999877929688,66.8201904296875,6030500
2014-04-30,72.33999633789062,73.62999725341797,71.54000091552734,73.55000305175781,68.23026275634766,6552600
2014-05-01,75.56999969482422,76.70999908447266,74.05000305175781,74.22000122070312,68.85175323486328,9752000
2014-05-02,74.19999694824219,74.5,72.5199966430664,73.77999877929688,68.4436264038086,5977100
2014-05-05,73.20999908447266,74.86000061035156,72.94999694824219,74.81999969482422,69.40837860107422,4776900
2014-05-06,74.33999633789062,74.47000122070312,73.75,73.80999755859375,68.47142028808594,4290100
2014-05-07,73.93000030517578,74.37000274658203,73.05000305175781,73.87000274658203,68.52709197998047,4411900
2014-05-08,73.87000274658203,75.47000122070312,73.5,74.23999786376953,68.87033081054688,4628200
2014-05-09,74.01000213623047,74.44000244140625,73.5199966430664,74.37999725341797,69.00018310546875,2975600
2014-05-12,74.69000244140625,75.22000122070312,74.5,75.0199966430664,69.59391784667969,2975200
2014-05-13,75.19000244140625,75.43000030517578,74.44999694824219,74.83000183105469,69.4176254272461,3268500
2014-05-14,74.66000366210938,75.0199966430664,73.95999908447266,74.0999984741211,68.74044036865234,2595900
2014-05-15,74.0,74.23999786376953,72.87999725341797,73.08000183105469,67.79424285888672,4301600
2014-05-16,73.02999877929688,73.86000061035156,72.55999755859375,73.75,68.41576385498047,3703800
2014-05-19,73.47000122070312,74.37999725341797,73.41000366210938,73.86000061035156,68.5177993774414,3428800
2014-05-20,73.81999969482422,74.48999786376953,73.51000213623047,73.6500015258789,68.32303619384766,3764700
2014-05-21,74.19999694824219,75.63999938964844,74.16999816894531,75.62999725341797,70.15980529785156,4365800
2014-05-22,75.80999755859375,76.22000122070312,75.0999984741211,75.75,70.27111053466797,4625400
2014-05-23,76.0,76.66999816894531,75.81999969482422,76.44999694824219,70.92048645019531,3376100
2014-05-27,76.87999725341797,77.88999938964844,76.72000122070312,77.02999877929688,71.45852661132812,5598000
2014-05-28,77.11000061035156,77.25,76.72000122070312,76.93000030517578,71.36579895019531,2733300
2014-05-29,77.05000305175781,77.2300033569336,76.51000213623047,76.79000091552734,71.23591613769531,3375600
2014-05-30,76.80000305175781,77.02999877929688,76.3499984741211,76.44999694824219,70.92048645019531,5003500
2014-06-02,76.7699966430664,77.20999908447266,76.2300033569336,77.05000305175781,71.47709655761719,3046400
2014-06-03,76.76000213623047,77.0,76.23999786376953,76.3499984741211,70.82772827148438,2619100
2014-06-04,76.30999755859375,76.52999877929688,75.81999969482422,76.31999969482422,70.79988861083984,2794700
2014-06-05,76.31999969482422,77.16999816894531,76.13999938964844,76.83999633789062,71.28227996826172,2680300
2014-06-06,77.0,77.87999725341797,76.9000015258789,77.47000122070312,71.86671447753906,3113900
2014-06-09,77.31999969482422,77.48999786376953,76.75,76.86000061035156,71.30082702636719,3499900
2014-06-10,76.73999786376953,77.55999755859375,76.56999969482422,77.36000061035156,71.76466369628906,3396100
2014-06-11,76.95999908447266,77.43000030517578,76.72000122070312,76.87000274658203,71.31012725830078,3427500
2014-06-12,76.9800033569336,77.13999938964844,75.45999908447266,75.72000122070312,70.24327850341797,3836400
2014-06-13,75.72000122070312,76.13999938964844,75.12999725341797,75.94000244140625,70.4473648071289,3194900
2014-06-16,75.5999984741211,75.77999877929688,74.9000015258789,75.11000061035156,69.67739868164062,5673600
2014-06-17,75.13999938964844,75.43000030517578,74.55000305175781,74.9800033569336,69.55680847167969,4163700
2014-06-18,74.94999694824219,75.20999908447266,74.4000015258789,75.12000274658203,69.68670654296875,3820800
2014-06-19,75.08000183105469,75.41999816894531,74.0999984741211,74.2699966430664,68.89815521240234,5501900
2014-06-20,74.52999877929688,75.01000213623047,73.4800033569336,73.80999755859375,68.47142028808594,9339300
2014-06-23,73.58999633789062,74.30000305175781,73.19999694824219,74.13999938964844,68.77757263183594,4899900
2014-06-24,74.08999633789062,74.79000091552734,72.55000305175781,72.69999694824219,67.44172668457031,5943800
2014-06-25,72.55999755859375,73.55000305175781,72.54000091552734,73.04000091552734,67.75711059570312,3813600
2014-06-26,73.26000213623047,73.27999877929688,72.55999755859375,72.7699966430664,67.50666046142578,4085000
2014-06-27,72.5199966430664,73.61000061035156,72.44999694824219,73.4000015258789,68.0910873413086,12447500
2014-06-30,73.23999786376953,73.87999725341797,73.05999755859375,73.47000122070312,68.156005859375,4737000
2014-07-01,74.19999694824219,75.91000366210938,74.13999938964844,75.52999877929688,70.0670166015625,6330900
2014-07-02,74.86000061035156,76.38999938964844,74.86000061035156,76.19999694824219,70.6885986328125,3973700
2014-07-03,76.5999984741211,76.9000015258789,76.3499984741211,76.73999786376953,71.18951416015625,3213400
2014-07-07,76.44000244140625,76.63999938964844,75.94000244140625,76.18000030517578,70.77146911621094,3591100
2014-07-08,76.11000061035156,76.1500015258789,75.12999725341797,75.69000244140625,70.31625366210938,3903600
2014-07-09,75.87000274658203,76.66999816894531,75.5999984741211,76.62999725341797,71.18949127197266,3337000
2014-07-10,75.6500015258789,75.95999908447266,74.75,75.47000122070312,70.11186218261719,3318000
2014-07-11,75.54000091552734,75.8499984741211,75.26000213623047,75.83000183105469,70.44631958007812,2759000
2014-07-14,76.44000244140625,77.70999908447266,76.04000091552734,77.33000183105469,71.8398208618164,5585800
2014-07-15,77.98999786376953,79.22000122070312,77.86000061035156,78.31999969482422,72.7595443725586,7508400
2014-07-16,78.6500015258789,78.69000244140625,77.94999694824219,78.30999755859375,72.75023651123047,3623200
2014-07-17,77.30999755859375,77.87000274658203,76.25,76.38999938964844,70.966552734375,5467000
2014-07-18,76.75,77.6500015258789,76.44999694824219,77.5,71.99774932861328,3485700
2014-07-21,77.11000061035156,77.44000244140625,76.58999633789062,77.3499984741211,71.85839080810547,3101300
2014-07-22,77.5199966430664,78.38999938964844,77.3499984741211,78.2699966430664,72.71306610107422,3467200
2014-07-23,78.16000366210938,78.37999725341797,77.19000244140625,77.73999786376953,72.22074127197266,3525800
2014-07-24,77.93000030517578,78.05999755859375,76.91999816894531,77.56999969482422,72.06275939941406,5149600
2014-07-25,75.62999725341797,76.02999877929688,75.22000122070312,75.75,70.37197875976562,5870200
2014-07-28,75.69999694824219,76.20999908447266,75.5199966430664,76.19000244140625,70.78073120117188,3209100
2014-07-29,76.30999755859375,76.61000061035156,75.6500015258789,75.88999938964844,70.50206756591797,4017200
2014-07-30,76.06999969482422,76.29000091552734,75.44999694824219,75.91000366210938,70.5206069946289,5521200
2014-07-31,76.30000305175781,76.31999969482422,73.80999755859375,74.1500015258789,68.8856201171875,7393700
2014-08-01,73.83999633789062,75.44000244140625,73.63999938964844,74.9800033569336,69.65666961669922,6029500
2014-08-04,75.38999938964844,75.8499984741211,75.08000183105469,75.68000030517578,70.30694580078125,4924000
2014-08-05,75.30999755859375,75.66000366210938,74.80999755859375,75.19999694824219,69.86103820800781,4639000
2014-08-06,74.8499984741211,75.58000183105469,74.69000244140625,75.36000061035156,70.00970458984375,2782900
2014-08-07,75.54000091552734,75.68000030517578,73.81999969482422,74.05999755859375,68.80198669433594,4708000
2014-08-08,74.0,75.2300033569336,73.75,75.16999816894531,69.83316040039062,3614300
2014-08-11,75.54000091552734,76.06999969482422,74.98999786376953,75.62999725341797,70.2605209350586,3546600
2014-08-12,75.36000061035156,75.81999969482422,74.93000030517578,75.62999725341797,70.2605209350586,2752400
2014-08-13,75.8499984741211,76.51000213623047,75.58999633789062,76.30000305175781,70.8829345703125,3389600
2014-08-14,76.5999984741211,76.61000061035156,75.66000366210938,76.05000305175781,70.65071105957031,2411400
2014-08-15,76.41000366210938,76.56999969482422,74.9800033569336,75.20999908447266,69.87036895751953,4351900
2014-08-18,75.69000244140625,76.81999969482422,75.69000244140625,76.7699966430664,71.31958770751953,4030300
2014-08-19,76.75,76.80000305175781,76.08999633789062,76.4000015258789,70.975830078125,3562200
2014-08-20,75.97000122070312,76.4800033569336,75.9000015258789,76.38999938964844,70.966552734375,2608200
2014-08-21,76.51000213623047,77.12000274658203,76.29000091552734,76.98999786376953,71.52397155761719,2690000
2014-08-22,76.75,76.87999725341797,76.1500015258789,76.4800033569336,71.05017852783203,2500700
2014-08-25,77.11000061035156,77.20999908447266,76.38999938964844,76.43000030517578,71.00371551513672,3386300
2014-08-26,76.79000091552734,77.8499984741211,76.54000091552734,77.0,71.53326416015625,3849000
2014-08-27,77.0199966430664,77.12000274658203,76.5,76.63999938964844,71.1988525390625,1980800
2014-08-28,76.08999633789062,76.43000030517578,75.66000366210938,76.16000366210938,70.75287628173828,2991600
2014-08-29,76.30000305175781,76.4800033569336,75.7300033569336,75.80999755859375,70.42772674560547,3231600
2014-09-02,75.93000030517578,76.01000213623047,75.44000244140625,75.58000183105469,70.21409606933594,3613200
2014-09-03,76.0999984741211,76.19000244140625,75.7300033569336,75.94000244140625,70.54850769042969,2870200
2014-09-04,76.02999877929688,76.81999969482422,76.0,76.37999725341797,70.957275390625,2680300
2014-09-05,76.19000244140625,76.93000030517578,75.86000061035156,76.86000061035156,71.40319061279297,3487400
2014-09-08,76.58999633789062,76.8499984741211,75.9000015258789,76.2300033569336,70.81793975830078,2845600
2014-09-09,76.26000213623047,76.51000213623047,75.69000244140625,76.06999969482422,70.66927337646484,4144700
2014-09-10,76.08999633789062,76.93000030517578,75.87999725341797,76.6500015258789,71.20811462402344,4188000
2014-09-11,76.31999969482422,76.44999694824219,75.41000366210938,75.62000274658203,70.25121307373047,4673100
2014-09-12,75.68000030517578,76.06999969482422,74.93000030517578,75.47000122070312,70.11186218261719,4239500
2014-09-15,75.19000244140625,75.41999816894531,74.77999877929688,75.23999786376953,69.89820861816406,4046800
2014-09-16,75.6500015258789,76.80000305175781,74.94000244140625,76.58999633789062,71.1523666381836,4870400
2014-09-17,76.87999725341797,76.9000015258789,75.47000122070312,76.22000122070312,70.80864715576172,5549400
2014-09-18,76.63999938964844,77.80999755859375,76.2300033569336,77.80000305175781,72.27643585205078,5782900
2014-09-19,77.94000244140625,78.37000274658203,77.23999786376953,77.27999877929688,71.79336547851562,8492600
2014-09-22,77.26000213623047,77.36000061035156,76.08000183105469,76.16000366210938,70.75287628173828,3432900
2014-09-23,75.9800033569336,76.25,75.5,75.51000213623047,70.14901733398438,3908100
2014-09-24,75.69999694824219,77.05000305175781,75.55000305175781,77.05000305175781,71.57968139648438,3618900
2014-09-25,76.54000091552734,76.63999938964844,74.72000122070312,74.72000122070312,69.4151382446289,5006100
2014-09-26,74.75,75.16999816894531,74.5,75.05999755859375,69.73096466064453,3767500
2014-09-29,74.1500015258789,74.88999938964844,73.79000091552734,74.5199966430664,69.22929382324219,3905900
2014-09-30,74.47000122070312,75.30999755859375,73.91999816894531,73.91999816894531,68.67190551757812,9347500
2014-10-01,73.81999969482422,74.18000030517578,73.06999969482422,73.31999969482422,68.1145248413086,6619400
2014-10-02,72.87000274658203,73.7300033569336,72.58999633789062,73.41999816894531,68.20741271972656,5607000
2014-10-03,74.05000305175781,74.62999725341797,73.9000015258789,74.33000183105469,69.05281066894531,5338000
2014-10-06,74.62000274658203,74.77999877929688,74.38999938964844,74.51000213623047,69.22001647949219,4783400
2014-10-07,74.0999984741211,74.31999969482422,72.94000244140625,72.94000244140625,67.86167907714844,5842000
2014-10-08,72.75,74.06999969482422,72.4800033569336,74.05999755859375,68.90369415283203,4116100
2014-10-09,73.9800033569336,73.98999786376953,71.80999755859375,71.83000183105469,66.82894897460938,5790800
2014-10-10,71.80000305175781,72.30000305175781,70.5,70.5,65.5915756225586,5981300
2014-10-13,70.58999633789062,71.20999908447266,69.63999938964844,69.77999877929688,64.92169189453125,6039500
2014-10-14,70.04000091552734,71.66999816894531,70.0,71.0,66.0567855834961,8181000
2014-10-15,69.95999908447266,71.7300033569336,69.66000366210938,71.30000305175781,66.33587646484375,11596100
2014-10-16,70.08000183105469,71.48999786376953,69.8499984741211,70.86000061035156,65.9264907836914,9418000
2014-10-17,71.69999694824219,72.16000366210938,70.86000061035156,71.55999755859375,66.5777587890625,5888500
2014-10-20,71.20999908447266,72.05999755859375,71.13999938964844,72.04000091552734,67.02435302734375,3281600
2014-10-21,72.87000274658203,74.27999877929688,72.55000305175781,74.16000366210938,68.99677276611328,4556400
2014-10-22,74.11000061035156,74.36000061035156,73.18000030517578,73.22000122070312,68.12218475341797,4155400
2014-10-23,74.0999984741211,74.66000366210938,73.7699966430664,74.08999633789062,68.93161010742188,3604100
2014-10-24,73.83999633789062,74.08000183105469,73.38999938964844,74.0,68.84788513183594,3374400
2014-10-27,74.0,74.52999877929688,73.76000213623047,74.11000061035156,68.95024108886719,3402600
2014-10-28,74.54000091552734,76.01000213623047,74.47000122070312,76.0,70.70862579345703,4992800
2014-10-29,76.19000244140625,76.97000122070312,75.58000183105469,75.98999786376953,70.69928741455078,6213500
2014-10-30,78.3499984741211,83.22000122070312,78.30000305175781,83.12999725341797,77.34221649169922,16292400
2014-10-31,83.20999908447266,84.83000183105469,83.19999694824219,83.75,77.91907501220703,11664600
2014-11-03,83.81999969482422,84.3499984741211,83.81999969482422,84.12999725341797,78.27256774902344,6661300
2014-11-04,83.86000061035156,84.20999908447266,82.69999694824219,83.98999786376953,78.14234924316406,5977100
2014-11-05,84.5,86.4000015258789,84.37999725341797,85.98999786376953,80.00308227539062,7999000
2014-11-06,86.0,86.37999725341797,85.48999786376953,85.75,79.7798080444336,5147900
2014-11-07,85.94000244140625,85.94000244140625,84.58999633789062,84.80000305175781,78.89593505859375,4926000
2014-11-10,84.72000122070312,85.11000061035156,84.20999908447266,84.8499984741211,78.94247436523438,4526100
2014-11-11,84.9800033569336,85.12000274658203,84.25,84.58999633789062,78.70059967041016,2679900
2014-11-12,83.76000213623047,84.68000030517578,83.33000183105469,84.3499984741211,78.47730255126953,3121300
2014-11-13,84.54000091552734,84.73999786376953,83.75,84.19999694824219,78.33772277832031,3096500
2014-11-14,84.31999969482422,84.33999633789062,83.63999938964844,84.05000305175781,78.19818115234375,2224200
2014-11-17,83.80000305175781,84.26000213623047,83.16999816894531,83.19999694824219,77.4073715209961,3368500
2014-11-18,83.25,84.23999786376953,83.18000030517578,83.9000015258789,78.05859375,3142700
2014-11-19,83.69999694824219,84.48999786376953,83.41000366210938,84.27999877929688,78.41215515136719,2501100
2014-11-20,83.5,84.8499984741211,83.29000091552734,84.5999984741211,78.70989227294922,3452200
2014-11-21,85.73999786376953,85.87999725341797,84.20999908447266,84.72000122070312,78.82151794433594,4969500
2014-11-24,84.81999969482422,85.19000244140625,84.6500015258789,84.98999786376953,79.07271575927734,5150400
2014-11-25,85.0999984741211,86.73999786376953,85.08000183105469,86.33999633789062,80.32875061035156,5623400
2014-11-26,86.26000213623047,86.9000015258789,85.95999908447266,86.55999755859375,80.53340911865234,3327600
2014-11-28,87.0,87.88999938964844,86.68000030517578,87.29000091552734,81.21257781982422,2452800
2014-12-01,86.55999755859375,88.16000366210938,86.3499984741211,87.45999908447266,81.37074279785156,4989800
2014-12-02,87.91000366210938,87.94999694824219,86.54000091552734,87.69000244140625,81.58473205566406,5458300
2014-12-03,88.20999908447266,89.23999786376953,87.68000030517578,88.31999969482422,82.17085266113281,6085400
2014-12-04,88.37999725341797,89.44000244140625,88.13999938964844,88.7699966430664,82.58952331542969,3527900
2014-12-05,89.87000274658203,89.87000274658203,88.8499984741211,89.08000183105469,82.87796783447266,3739900
2014-12-08,89.04000091552734,89.55999755859375,87.87999725341797,88.04000091552734,81.9103775024414,4473300
2014-12-09,86.56999969482422,88.05000305175781,86.4000015258789,87.83999633789062,81.72427368164062,3732400
2014-12-10,87.52999877929688,88.02999877929688,86.20999908447266,86.33000183105469,80.31944274902344,3277400
2014-12-11,86.76000213623047,88.18000030517578,86.75,87.69000244140625,81.58473205566406,4078500
2014-12-12,86.56999969482422,87.31999969482422,84.11000061035156,84.12999725341797,78.27256774902344,6644500
2014-12-15,85.13999938964844,85.29000091552734,83.54000091552734,84.61000061035156,78.71920013427734,4921600
2014-12-16,83.72000122070312,84.97000122070312,82.05000305175781,82.63999938964844,76.88634490966797,6970300
2014-12-17,82.79000091552734,84.87000274658203,82.4000015258789,84.7300033569336,78.83081817626953,6443700
2014-12-18,86.12000274658203,86.91999816894531,85.4000015258789,86.91999816894531,80.86832427978516,6442100
2014-12-19,86.9800033569336,87.29000091552734,86.13999938964844,86.44000244140625,80.4217758178711,6262000
2014-12-22,86.75,86.97000122070312,86.20999908447266,86.83000183105469,80.78463745117188,2561600
2014-12-23,87.45999908447266,87.8499984741211,86.75,87.62999725341797,81.5289077758789,2749700
2014-12-24,87.69999694824219,88.30000305175781,87.52999877929688,87.7699966430664,81.65914154052734,1219500
2014-12-26,87.9000015258789,88.06999969482422,87.5199966430664,87.7699966430664,81.65914154052734,1508400
2014-12-29,87.63999938964844,88.48999786376953,87.5,87.68000030517578,81.5754623413086,2376100
2014-12-30,87.3499984741211,87.75,86.51000213623047,86.97000122070312,80.91484069824219,2493300
2014-12-31,87.18000030517578,87.54000091552734,86.16000366210938,86.16000366210938,80.1612777709961,2811100
2015-01-02,86.68000030517578,87.36000061035156,84.91999816894531,85.68000030517578,79.7146987915039,4505800
2015-01-05,85.29000091552734,85.3499984741211,83.05000305175781,83.2699966430664,77.47246551513672,6441400
2015-01-06,83.66000366210938,83.77999877929688,81.80000305175781,83.08999633789062,77.30500030517578,7690000
2015-01-07,84.0999984741211,84.27999877929688,83.06999969482422,84.22000122070312,78.50752258300781,5846800
2015-01-08,85.19000244140625,85.62000274658203,85.02999877929688,85.52999877929688,79.72866821289062,5174200
2015-01-09,85.97000122070312,86.0,84.4000015258789,84.44000244140625,78.71258544921875,4582200
2015-01-12,84.41000366210938,84.8499984741211,82.91000366210938,83.36000061035156,77.7058334350586,4030100
2015-01-13,84.08999633789062,85.23999786376953,82.73999786376953,83.55000305175781,77.88297271728516,4222100
2015-01-14,82.0,83.4800033569336,81.83999633789062,83.45999908447266,77.7990951538086,5084300
2015-01-15,83.80000305175781,84.12999725341797,82.18000030517578,82.25,76.6711196899414,4331500
2015-01-16,82.05000305175781,83.86000061035156,81.83000183105469,83.80000305175781,78.11599731445312,4763700
2015-01-20,84.38999938964844,84.88999938964844,83.19000244140625,84.26000213623047,78.54480743408203,3540600
2015-01-21,83.77999877929688,84.3499984741211,83.30000305175781,83.72000122070312,78.0414047241211,3598400
2015-01-22,83.36000061035156,84.52999877929688,82.5,84.37999725341797,78.65663146972656,4796200
2015-01-23,84.27999877929688,84.83000183105469,83.80000305175781,84.38999938964844,78.66598510742188,5012200
2015-01-26,84.30000305175781,84.69999694824219,82.87000274658203,83.5999984741211,77.9295654296875,5440400
2015-01-27,82.61000061035156,82.80999755859375,80.95999908447266,81.7699966430664,76.22368621826172,5486000
2015-01-28,83.33000183105469,83.55000305175781,80.66999816894531,80.73999786376953,75.2635498046875,5070200
2015-01-29,80.30000305175781,81.55000305175781,79.81999969482422,81.37999725341797,75.8601303100586,6277200
2015-01-30,84.02999877929688,84.80000305175781,81.48999786376953,82.02999877929688,76.46605682373047,13332400
2015-02-02,81.70999908447266,83.2300033569336,80.58000183105469,82.9800033569336,77.35162353515625,10576500
2015-02-03,83.27999877929688,83.87999725341797,82.44000244140625,83.80999755859375,78.12532043457031,8490400
2015-02-04,83.91999816894531,84.97000122070312,83.5199966430664,84.18000030517578,78.47020721435547,4923200
2015-02-05,84.58000183105469,85.91000366210938,84.0,85.81999969482422,79.9990005493164,5426000
2015-02-06,85.62000274658203,85.7699966430664,83.95999908447266,84.16000366210938,78.45154571533203,5540900
2015-02-09,83.97000122070312,84.83000183105469,83.61000061035156,84.58999633789062,78.85243225097656,3951100
2015-02-10,85.16999816894531,85.18000030517578,83.88999938964844,84.2300033569336,78.516845703125,4441800
2015-02-11,84.2300033569336,84.79000091552734,83.94000244140625,84.45999908447266,78.73124694824219,4051300
2015-02-12,85.43000030517578,87.9800033569336,85.30999755859375,87.5199966430664,81.58367919921875,7053500
2015-02-13,87.83000183105469,87.98999786376953,86.62000274658203,87.13999938964844,81.22944641113281,5510900
2015-02-17,87.93000030517578,88.16999816894531,87.23999786376953,87.5199966430664,81.58367919921875,5083400
2015-02-18,87.5199966430664,87.83999633789062,86.8499984741211,87.7300033569336,81.77940368652344,2974300
2015-02-19,87.63999938964844,89.43000030517578,87.58000183105469,89.19999694824219,83.14971160888672,5271700
2015-02-20,89.0199966430664,90.94000244140625,88.87999725341797,90.79000091552734,84.63188934326172,6276500
2015-02-23,90.91999816894531,91.13999938964844,89.94000244140625,91.12000274658203,84.93948364257812,4316300
2015-02-24,90.55000305175781,91.6500015258789,90.23999786376953,91.31999969482422,85.1259536743164,5547500
2015-02-25,92.05000305175781,92.76000213623047,91.38999938964844,92.66999816894531,86.38436889648438,6144400
2015-02-26,92.88999938964844,93.0,91.05999755859375,91.26000213623047,85.06999206542969,5666700
2015-02-27,91.01000213623047,91.68000030517578,89.97000122070312,90.12999725341797,84.01661682128906,4675300
2015-03-02,89.55999755859375,92.16000366210938,89.5,92.0199966430664,85.77845001220703,5568300
2015-03-03,91.9000015258789,91.94000244140625,90.5199966430664,90.97000122070312,84.7996597290039,3444400
2015-03-04,90.63999938964844,91.88999938964844,90.12999725341797,91.70999908447266,85.4894790649414,4733900
2015-03-05,92.0,92.94999694824219,91.44999694824219,92.80999755859375,86.51485443115234,4651300
2015-03-06,92.51000213623047,92.52999877929688,90.66999816894531,90.79000091552734,84.63188934326172,4963200
2015-03-09,90.5199966430664,91.44000244140625,90.06999969482422,91.12000274658203,84.93948364257812,4144800
2015-03-10,90.18000030517578,90.38999938964844,88.83999633789062,88.83999633789062,82.81414031982422,5050200
2015-03-11,87.58999633789062,88.16999816894531,86.8499984741211,86.97000122070312,81.07095336914062,9452300
2015-03-12,87.7300033569336,89.51000213623047,87.68000030517578,89.25,83.19631958007812,7035500
2015-03-13,89.25,89.25,87.3499984741211,87.75,81.7980728149414,4609700
2015-03-16,88.5,88.93000030517578,87.93000030517578,88.70999908447266,82.69300079345703,3843900
2015-03-17,88.26000213623047,88.55999755859375,87.75,87.97000122070312,82.003173828125,2880800
2015-03-18,87.72000122070312,89.26000213623047,87.22000122070312,88.87999725341797,82.85143280029297,5437300
2015-03-19,88.8499984741211,89.66999816894531,88.63999938964844,89.0199966430664,82.9819564819336,3172500
2015-03-20,89.56999969482422,90.36000061035156,89.37999725341797,89.81999969482422,83.72766876220703,4372000
2015-03-23,89.94000244140625,90.6500015258789,89.31999969482422,89.33000183105469,83.27088928222656,3395200
2015-03-24,89.4000015258789,89.94000244140625,89.04000091552734,89.48999786376953,83.42002868652344,4050500
2015-03-25,89.56999969482422,89.62000274658203,87.37000274658203,87.37000274658203,81.4438705444336,3813600
2015-03-26,86.70999908447266,88.30000305175781,86.55999755859375,87.93000030517578,81.96587371826172,4141800
2015-03-27,87.9000015258789,88.31999969482422,86.87000274658203,87.25,81.33195495605469,4927400
2015-03-30,87.63999938964844,88.29000091552734,87.4800033569336,87.66999816894531,81.7234878540039,3451100
2015-03-31,87.33000183105469,88.26000213623047,86.38999938964844,86.38999938964844,80.53031921386719,5985500
2015-04-01,86.7300033569336,86.73999786376953,85.37000274658203,86.73999786376953,80.85655212402344,4736900
2015-04-02,86.91999816894531,87.87000274658203,86.66999816894531,87.02999877929688,81.1269302368164,4628400
2015-04-06,86.3499984741211,87.66000366210938,86.22000122070312,87.33999633789062,81.41584014892578,5853800
2015-04-07,87.45999908447266,88.51000213623047,87.2699966430664,87.91999816894531,82.1069564819336,4091200
2015-04-08,88.4000015258789,89.69000244140625,88.27999877929688,89.31999969482422,83.41438293457031,3659900
2015-04-09,89.0999984741211,89.69999694824219,88.13999938964844,89.05999755859375,83.17154693603516,3482100
2015-04-10,89.4800033569336,89.4800033569336,88.31999969482422,88.56999969482422,82.7139892578125,2575300
2015-04-13,88.62999725341797,89.43000030517578,88.25,88.25,82.41514587402344,3526000
2015-04-14,88.01000213623047,89.47000122070312,88.01000213623047,89.12000274658203,83.22761535644531,3453500
2015-04-15,89.1500015258789,89.56999969482422,88.66000366210938,89.25,83.34901428222656,2683600
2015-04-16,88.94999694824219,89.18000030517578,88.58999633789062,88.72000122070312,82.85404968261719,2952100
2015-04-17,87.98999786376953,88.30999755859375,86.58999633789062,86.93000030517578,81.18240356445312,4352800
2015-04-20,87.22000122070312,87.88999938964844,87.01000213623047,87.33000183105469,81.55595397949219,2681000
2015-04-21,87.5,88.18000030517578,87.2699966430664,87.7699966430664,81.96684265136719,3148200
2015-04-22,88.4800033569336,92.43000030517578,88.4800033569336,91.19999694824219,85.17007446289062,12232000
2015-04-23,91.19999694824219,91.4000015258789,90.18000030517578,90.87999725341797,84.8712387084961,4322300
2015-04-24,90.72000122070312,91.16000366210938,90.20999908447266,90.72000122070312,84.72183227539062,3519200
2015-04-27,90.93000030517578,91.2699966430664,89.69000244140625,89.75,83.81597900390625,4854300
2015-04-28,89.6500015258789,90.44000244140625,89.30999755859375,90.2300033569336,84.26422882080078,4786300
2015-04-29,91.12999725341797,93.58999633789062,89.80999755859375,90.25,84.28289794921875,9364700
2015-04-30,90.25,91.38999938964844,89.66000366210938,90.20999908447266,84.24557495117188,7470700
2015-05-01,90.36000061035156,91.30999755859375,90.26000213623047,91.25,85.21678924560547,4663100
2015-05-04,91.48999786376953,91.98999786376953,90.80999755859375,91.18000030517578,85.15142059326172,4596900
2015-05-05,91.13999938964844,91.91999816894531,90.55999755859375,90.77999877929688,84.77787017822266,3707000
2015-05-06,91.05000305175781,91.44999694824219,89.95999908447266,90.56999969482422,84.58177947998047,3495800
2015-05-07,90.70999908447266,92.16000366210938,90.3499984741211,92.05000305175781,85.96388244628906,4369800
2015-05-08,92.83999633789062,94.33000183105469,92.63999938964844,93.51000213623047,87.32736206054688,9933400
2015-05-11,93.4800033569336,93.91999816894531,92.5,92.5199966430664,86.40283203125,4731400
2015-05-12,91.88999938964844,92.7300033569336,91.58000183105469,92.38999938964844,86.28141784667969,5191800
2015-05-13,92.75,92.9800033569336,92.0199966430664,92.5199966430664,86.40283203125,3443200
2015-05-14,93.0999984741211,93.9000015258789,92.80000305175781,93.83999633789062,87.63555145263672,3467200
2015-05-15,93.83999633789062,94.5,93.02999877929688,93.22000122070312,87.05653381347656,3403800
2015-05-18,92.9000015258789,93.16000366210938,91.83000183105469,93.08000183105469,86.92577362060547,4281200
2015-05-19,93.61000061035156,94.06999969482422,93.1500015258789,93.80000305175781,87.59818267822266,3279700
2015-05-20,94.0999984741211,94.0999984741211,92.80999755859375,93.23999786376953,87.07521057128906,2701100
2015-05-21,93.08999633789062,93.3499984741211,92.7300033569336,92.9000015258789,86.75769805908203,2891000
2015-05-22,92.94999694824219,93.29000091552734,92.6500015258789,92.69000244140625,86.56157684326172,2448200
2015-05-26,92.5999984741211,92.63999938964844,91.55000305175781,91.88999938964844,85.81446838378906,2965400
2015-05-27,92.11000061035156,92.77999877929688,91.88999938964844,92.58999633789062,86.46815490722656,2597800
2015-05-28,92.5999984741211,92.95999908447266,92.11000061035156,92.81999969482422,86.6829833984375,1777700
2015-05-29,92.80999755859375,92.91999816894531,92.1500015258789,92.26000213623047,86.15999603271484,3561400
2015-06-01,92.4000015258789,92.94000244140625,91.61000061035156,92.55999755859375,86.44017791748047,2635400
2015-06-02,92.13999938964844,93.5199966430664,91.44000244140625,93.16999816894531,87.00984191894531,2795500
2015-06-03,93.30000305175781,94.05999755859375,92.9000015258789,93.5,87.3180160522461,3638000
2015-06-04,92.94999694824219,93.66000366210938,92.31999969482422,92.56999969482422,86.44951629638672,3320300
2015-06-05,92.44000244140625,92.83999633789062,91.69999694824219,92.62000274658203,86.49623107910156,2655000
2015-06-08,92.38999938964844,92.61000061035156,91.7699966430664,91.9000015258789,85.82379913330078,2561500
2015-06-09,91.7300033569336,92.30999755859375,91.30000305175781,92.08999633789062,86.00123596191406,2375100
2015-06-10,92.5,94.36000061035156,92.4000015258789,94.16999816894531,87.9437255859375,3727600
2015-06-11,94.3499984741211,95.12999725341797,93.9800033569336,94.5,88.25191497802734,3403600
2015-06-12,94.05000305175781,94.2699966430664,93.20999908447266,93.7699966430664,87.5701675415039,2777500
2015-06-15,92.93000030517578,93.54000091552734,92.1500015258789,93.30000305175781,87.13126373291016,3229000
2015-06-16,93.33000183105469,94.41999816894531,93.08000183105469,94.1500015258789,87.92505645751953,2446100
2015-06-17,94.3499984741211,94.97000122070312,93.9000015258789,94.44999694824219,88.20523071289062,2962100
2015-06-18,94.56999969482422,96.30999755859375,94.54000091552734,96.05000305175781,89.69940948486328,4208000
2015-06-19,95.81999969482422,95.95999908447266,94.72000122070312,94.80999755859375,88.54139709472656,5011200
2015-06-22,95.58999633789062,96.12999725341797,95.26000213623047,95.41999816894531,89.111083984375,3290100
2015-06-23,95.66999816894531,95.9800033569336,95.3499984741211,95.69999694824219,89.37254333496094,4195400
2015-06-24,95.37999725341797,96.1500015258789,95.29000091552734,95.51000213623047,89.19513702392578,3682500
2015-06-25,95.87000274658203,95.87000274658203,94.27999877929688,94.45999908447266,88.21454620361328,3214900
2015-06-26,94.80000305175781,94.83000183105469,93.9000015258789,94.51000213623047,88.26124572753906,3201100
2015-06-29,93.68000030517578,94.12000274658203,92.41000366210938,92.5199966430664,86.40283203125,4426500
2015-06-30,93.19999694824219,94.04000091552734,92.73999786376953,93.4800033569336,87.29936218261719,4750400
2015-07-01,94.47000122070312,94.94999694824219,94.0,94.5,88.25191497802734,3737000
2015-07-02,94.48999786376953,94.76000213623047,93.9000015258789,94.23999786376953,88.00910186767578,3034700
2015-07-06,93.4000015258789,94.68000030517578,93.2300033569336,94.5199966430664,88.27056121826172,3042000
2015-07-07,94.54000091552734,94.54000091552734,92.29000091552734,93.88999938964844,87.83091735839844,4859200
2015-07-08,92.97000122070312,93.2699966430664,92.12999725341797,92.48999786376953,86.5212631225586,4367200
2015-07-09,93.7300033569336,94.13999938964844,92.98999786376953,93.04000091552734,87.03578186035156,2986000
2015-07-10,94.44999694824219,95.0,94.08000183105469,94.62000274658203,88.5137939453125,2721800
2015-07-13,95.37000274658203,95.69999694824219,95.11000061035156,95.5,89.33702850341797,3454400
2015-07-14,95.69999694824219,95.9000015258789,95.1500015258789,95.2699966430664,89.12185668945312,3148400
2015-07-15,95.51000213623047,95.5999984741211,94.6500015258789,95.25,89.1031494140625,3969400
2015-07-16,95.75,95.97000122070312,95.45999908447266,95.81999969482422,89.6363754272461,3100400
2015-07-17,95.55999755859375,96.26000213623047,94.45999908447266,96.08000183105469,89.87958526611328,2726300
2015-07-20,96.55999755859375,97.76000213623047,96.41000366210938,97.26000213623047,90.98343658447266,4621700
2015-07-21,97.19999694824219,97.4000015258789,96.31999969482422,96.70999908447266,90.46893310546875,3836200
2015-07-22,96.30000305175781,97.36000061035156,96.1500015258789,96.87999725341797,90.62796020507812,3809900
2015-07-23,96.9000015258789,96.97000122070312,94.87000274658203,95.16000366210938,89.01896667480469,4896900
2015-07-24,97.30000305175781,97.48999786376953,95.5199966430664,95.83000183105469,89.6457290649414,6798800
2015-07-27,95.47000122070312,95.83000183105469,94.30000305175781,94.38999938964844,88.29865264892578,4538900
2015-07-28,95.06999969482422,95.47000122070312,94.70999908447266,95.16000366210938,89.01896667480469,6528700
2015-07-29,94.4000015258789,97.94999694824219,93.0,96.7300033569336,90.48762512207031,11420600
2015-07-30,96.63999938964844,98.81999969482422,96.11000061035156,98.41000366210938,92.05924224853516,4407300
2015-07-31,98.6500015258789,98.77999877929688,97.2699966430664,97.4000015258789,91.11439514160156,3956700
2015-08-03,97.73999786376953,97.87999725341797,96.30999755859375,97.44000244140625,91.15184020996094,2989800
2015-08-04,97.44999694824219,98.30000305175781,97.13999938964844,97.30000305175781,91.0208511352539,2976200
2015-08-05,98.08000183105469,98.7300033569336,97.79000091552734,98.2699966430664,91.92825317382812,3306100
2015-08-06,98.55999755859375,98.61000061035156,96.91999816894531,97.16000366210938,90.8898696899414,4109900
2015-08-07,97.08999633789062,97.79000091552734,96.55999755859375,97.7699966430664,91.46052551269531,3114900
2015-08-10,98.37000274658203,99.18000030517578,97.80000305175781,98.08000183105469,91.75049591064453,3445500
2015-08-11,97.19999694824219,97.7699966430664,96.69999694824219,97.19999694824219,90.92730712890625,4178100
2015-08-12,96.55999755859375,97.33999633789062,95.2699966430664,97.04000091552734,90.77763366699219,3924200
2015-08-13,97.29000091552734,97.9000015258789,96.58000183105469,97.2300033569336,90.95536804199219,2440200
2015-08-14,97.2300033569336,98.06999969482422,96.86000061035156,97.88999938964844,91.57278442382812,1849200
2015-08-17,97.55999755859375,97.94999694824219,96.80000305175781,97.86000061035156,91.54470825195312,2423900
2015-08-18,97.68000030517578,98.11000061035156,97.5,97.5999984741211,91.30149841308594,2215000
2015-08-19,97.1500015258789,97.4800033569336,96.16999816894531,96.5999984741211,90.36600494384766,3737000
2015-08-20,95.97000122070312,96.12000274658203,94.5199966430664,94.55999755859375,88.45769500732422,4884000
2015-08-21,93.52999877929688,93.93000030517578,90.63999938964844,90.68000030517578,84.82808685302734,7992200
2015-08-24,85.5,90.55000305175781,74.61000061035156,87.83000183105469,82.1619873046875,11374700
2015-08-25,90.83000183105469,90.88999938964844,86.66000366210938,86.81999969482422,81.21715545654297,6600600
2015-08-26,88.91000366210938,91.87000274658203,87.94999694824219,91.70999908447266,85.79158020019531,6591600
2015-08-27,93.1500015258789,94.20999908447266,92.05000305175781,94.05000305175781,87.98058319091797,5435400
2015-08-28,93.69000244140625,94.16999816894531,93.05999755859375,94.08000183105469,88.00863647460938,3136600
2015-08-31,93.41999816894531,93.63999938964844,92.0,92.37000274658203,86.40902709960938,4963100
2015-09-01,90.05999755859375,91.04000091552734,88.54000091552734,89.05000305175781,83.30326843261719,6341900
2015-09-02,90.16000366210938,90.56999969482422,88.98999786376953,90.43000030517578,84.59419250488281,5175400
2015-09-03,90.98999786376953,92.3499984741211,90.94000244140625,91.6500015258789,85.73546600341797,3617900
2015-09-04,90.75,90.93000030517578,89.88999938964844,90.52999877929688,84.6877670288086,3595400
2015-09-08,92.20999908447266,93.12999725341797,91.58000183105469,92.9000015258789,86.9048080444336,4176300
2015-09-09,91.19999694824219,93.55000305175781,89.7699966430664,89.97000122070312,84.16387176513672,8118200
2015-09-10,89.80000305175781,90.69000244140625,89.55000305175781,89.68000030517578,83.8926010131836,7370000
2015-09-11,89.51000213623047,91.41999816894531,89.45999908447266,91.3499984741211,85.45482635498047,4572400
2015-09-14,91.27999877929688,91.44999694824219,90.55000305175781,90.94000244140625,85.07128143310547,3740400
2015-09-15,91.27999877929688,92.5999984741211,90.18000030517578,92.11000061035156,86.16581726074219,4670200
2015-09-16,92.31999969482422,92.7699966430664,91.87000274658203,92.7300033569336,86.74578857421875,4128600
2015-09-17,92.6500015258789,94.83999633789062,92.62999725341797,93.20999908447266,87.19475555419922,4627000
2015-09-18,92.05000305175781,93.31999969482422,91.83999633789062,92.1500015258789,86.20318603515625,8342900
2015-09-21,92.87000274658203,94.06999969482422,92.58999633789062,93.05000305175781,87.0451431274414,3998800
2015-09-22,91.7300033569336,92.30999755859375,91.41000366210938,92.06999969482422,86.12837982177734,3457100
2015-09-23,91.91000366210938,92.73999786376953,91.80999755859375,92.13999938964844,86.19383239746094,2557000
2015-09-24,91.41000366210938,91.56999969482422,90.11000061035156,91.12000274658203,85.23967742919922,3513900
2015-09-25,92.08999633789062,92.0999984741211,90.69999694824219,91.30000305175781,85.40807342529297,3880800
2015-09-28,90.97000122070312,91.0999984741211,88.1500015258789,88.3499984741211,82.64840698242188,4966800
2015-09-29,88.66999816894531,89.55000305175781,88.0199966430664,88.76000213623047,83.03196716308594,4501200
2015-09-30,90.19999694824219,90.29000091552734,88.94999694824219,90.12000274658203,84.30420684814453,4550800
2015-10-01,90.56999969482422,90.87999725341797,89.4000015258789,90.7300033569336,84.87484741210938,4496000
2015-10-02,89.2699966430664,92.12000274658203,88.91999816894531,92.06999969482422,86.12837982177734,3543600
2015-10-05,92.79000091552734,94.37000274658203,92.55000305175781,94.33000183105469,88.24254608154297,3837600
2015-10-06,94.0,94.8499984741211,93.7699966430664,93.91999816894531,87.85899353027344,3641700
2015-10-07,94.51000213623047,95.2699966430664,94.19999694824219,95.18000030517578,89.18961334228516,3754300
2015-10-08,94.69999694824219,96.0,94.6500015258789,95.87000274658203,89.83619689941406,2970500
2015-10-09,95.62999725341797,96.19000244140625,95.11000061035156,95.81999969482422,89.78932189941406,4733200
2015-10-12,95.83000183105469,96.81999969482422,95.81999969482422,96.63999938964844,90.55773162841797,2577900
2015-10-13,96.31999969482422,96.66999816894531,95.87999725341797,95.93000030517578,89.89237976074219,2415100
2015-10-14,95.70999908447266,96.19000244140625,94.79000091552734,95.02999877929688,89.04906463623047,2832500
2015-10-15,95.95999908447266,97.16000366210938,95.5199966430664,97.16000366210938,91.04498291015625,2896900
2015-10-16,97.37000274658203,97.69000244140625,96.66000366210938,97.63999938964844,91.49479675292969,3388300
2015-10-19,97.20999908447266,97.98999786376953,97.01000213623047,97.73999786376953,91.58849334716797,4024100
2015-10-20,97.4800033569336,97.83000183105469,97.06999969482422,97.66999816894531,91.52288818359375,2451600
2015-10-21,98.11000061035156,98.36000061035156,96.4800033569336,96.5999984741211,90.52023315429688,2899600
2015-10-22,97.44000244140625,98.73999786376953,97.16000366210938,98.0199966430664,91.8508529663086,4033400
2015-10-23,99.25,99.86000061035156,98.18000030517578,99.79000091552734,93.50946044921875,5240400
2015-10-26,98.5,99.93000030517578,98.5,99.62999725341797,93.35954284667969,3652000
2015-10-27,99.3499984741211,99.47000122070312,97.83999633789062,98.43000030517578,92.23506927490234,3789300
2015-10-28,98.7300033569336,100.12999725341797,98.36000061035156,100.08999633789062,93.79058837890625,4583800
2015-10-29,99.87999725341797,101.6500015258789,99.0,100.58999633789062,94.25910186767578,4940600
2015-10-30,100.7699966430664,101.0,98.72000122070312,98.98999786376953,92.75979614257812,5539000
2015-11-02,98.9000015258789,99.66999816894531,98.69000244140625,99.37999725341797,93.12525177001953,5480700
2015-11-03,99.44999694824219,100.55000305175781,99.01000213623047,100.12000274658203,93.81867980957031,4497500
2015-11-04,100.0999984741211,100.69000244140625,99.51000213623047,100.5199966430664,94.19352722167969,3292200
2015-11-05,100.0,101.19999694824219,99.80999755859375,100.69000244140625,94.35285186767578,3032300
2015-11-06,100.80000305175781,101.51000213623047,100.2699966430664,101.5,95.11186981201172,4333200
2015-11-09,101.04000091552734,101.16999816894531,99.80000305175781,100.47000122070312,94.14667510986328,3722700
2015-11-10,99.97000122070312,100.7699966430664,99.81999969482422,100.6500015258789,94.31534576416016,2991700
2015-11-11,101.29000091552734,101.76000213623047,100.76000213623047,100.87999725341797,94.53087615966797,4663300
2015-11-12,100.80999755859375,100.80999755859375,98.26000213623047,98.27999877929688,92.094482421875,5274800
2015-11-13,98.08999633789062,98.5,96.69000244140625,96.86000061035156,90.76386260986328,4363900
2015-11-16,96.56999969482422,98.36000061035156,96.5,98.30000305175781,92.11325073242188,3979900
2015-11-17,98.55999755859375,99.0199966430664,97.80999755859375,98.06999969482422,91.89772033691406,3767500
2015-11-18,98.43000030517578,99.22000122070312,98.12999725341797,99.16000366210938,92.91912078857422,4502400
2015-11-19,99.01000213623047,99.26000213623047,98.3499984741211,98.93000030517578,92.70361328125,3620800
2015-11-20,99.41999816894531,100.1500015258789,99.2699966430664,99.5,93.23773956298828,3319700
2015-11-23,99.95999908447266,99.95999908447266,99.05999755859375,99.37000274658203,93.11590576171875,2115900
2015-11-24,98.7300033569336,98.91999816894531,97.55999755859375,98.5,92.30065155029297,2588400
2015-11-25,98.54000091552734,98.83999633789062,98.05999755859375,98.16000366210938,91.9820556640625,2196200
2015-11-27,98.27999877929688,98.94999694824219,98.2699966430664,98.66999816894531,92.45994567871094,1502600
2015-11-30,98.80000305175781,98.88999938964844,97.91999816894531,97.91999816894531,91.75716400146484,3847500
2015-12-01,98.20999908447266,98.66999816894531,97.16999816894531,97.93000030517578,91.76652526855469,4891600
2015-12-02,97.73999786376953,98.0,96.91000366210938,97.0999984741211,90.98875427246094,3584400
2015-12-03,97.33000183105469,97.94999694824219,95.69999694824219,95.95999908447266,89.9205551147461,3479200
2015-12-04,96.43000030517578,98.69999694824219,96.23999786376953,98.69999694824219,92.48807525634766,3868100
2015-12-07,98.30000305175781,98.69000244140625,97.43000030517578,97.81999969482422,91.66345977783203,2855600
2015-12-08,97.18000030517578,98.56999969482422,96.76000213623047,98.18000030517578,92.00080108642578,3664000
2015-12-09,98.61000061035156,99.93000030517578,97.48999786376953,97.81999969482422,91.66345977783203,5111300
2015-12-10,98.12000274658203,98.66000366210938,97.44999694824219,97.61000061035156,91.46666717529297,2907900
2015-12-11,97.61000061035156,97.61000061035156,94.5,94.83000183105469,88.86164093017578,4558700
2015-12-14,95.08000183105469,96.30999755859375,94.69999694824219,96.30000305175781,90.23912048339844,3930200
2015-12-15,97.4000015258789,98.86000061035156,97.27999877929688,98.43000030517578,92.23506927490234,4579900
2015-12-16,99.6500015258789,100.29000091552734,98.88999938964844,100.04000091552734,93.74372863769531,4493600
2015-12-17,100.54000091552734,100.80000305175781,99.26000213623047,99.33000183105469,93.07843017578125,4581200
2015-12-18,98.63999938964844,98.93000030517578,96.20999908447266,96.29000091552734,90.22972869873047,6039600
2015-12-21,96.91000366210938,97.73999786376953,96.2300033569336,97.04000091552734,90.93256378173828,2748400
2015-12-22,97.51000213623047,97.79000091552734,96.77999877929688,97.54000091552734,91.4011001586914,3341900
2015-12-23,97.94000244140625,98.87999725341797,97.70999908447266,98.7300033569336,92.51618957519531,2054200
2015-12-24,98.77999877929688,99.11000061035156,98.30999755859375,98.58999633789062,92.38499450683594,932700
2015-12-28,98.1500015258789,98.62000274658203,97.86000061035156,98.52999877929688,92.32876586914062,1673400
2015-12-29,99.2300033569336,99.98999786376953,99.2300033569336,99.72000122070312,93.44386291503906,2362300
2015-12-30,99.66999816894531,99.97000122070312,98.7300033569336,98.87000274658203,92.6473617553711,1856700
2015-12-31,98.25,98.86000061035156,97.36000061035156,97.36000061035156,91.23241424560547,3219200
2016-01-04,95.37000274658203,95.58999633789062,93.72000122070312,94.80999755859375,88.84288787841797,6378700
2016-01-05,95.37999725341797,95.83000183105469,94.41000366210938,94.98999786376953,89.01155090332031,4352500
2016-01-06,93.48999786376953,94.38999938964844,92.9800033569336,93.3499984741211,87.65007781982422,4370000
2016-01-07,91.55999755859375,92.37000274658203,90.68000030517578,91.63999938964844,86.04450988769531,6600000
2016-01-08,91.97000122070312,92.23999786376953,89.72000122070312,89.88999938964844,84.40137481689453,5912100
2016-01-11,90.25,91.0999984741211,89.29000091552734,90.58000183105469,85.04924011230469,5845600
2016-01-12,91.61000061035156,91.87000274658203,90.12000274658203,91.44000244140625,85.85671997070312,4441800
2016-01-13,92.06999969482422,92.1500015258789,88.75,89.19000244140625,83.74411010742188,4895000
2016-01-14,89.4000015258789,91.69000244140625,89.16000366210938,90.70999908447266,85.17129516601562,6235800
2016-01-15,88.08999633789062,89.27999877929688,87.81999969482422,88.70999908447266,83.29341888427734,6459800
2016-01-19,89.55999755859375,89.73999786376953,85.48999786376953,86.22000122070312,80.95545959472656,10175200
2016-01-20,84.70999908447266,85.95999908447266,83.5199966430664,85.12999725341797,79.93199920654297,11672100
2016-01-21,85.2300033569336,87.52999877929688,84.55999755859375,86.12000274658203,80.86155700683594,5989700
2016-01-22,87.7300033569336,88.83000183105469,87.4000015258789,88.0,82.62678527832031,4912500
2016-01-25,88.02999877929688,88.19000244140625,86.6500015258789,86.7699966430664,81.47186279296875,5110500
2016-01-26,87.0,87.5,86.4000015258789,87.0,81.68783569335938,4872500
2016-01-27,86.88999938964844,87.05000305175781,84.33999633789062,84.80999755859375,79.63153839111328,6750900
2016-01-28,85.33999633789062,85.6500015258789,83.3499984741211,83.43000030517578,78.3358154296875,9169600
2016-01-29,81.44999694824219,89.25,81.0,89.02999877929688,83.59387969970703,16410500
2016-02-01,88.5199966430664,89.19999694824219,87.2300033569336,88.62999725341797,83.21832275390625,5956400
2016-02-02,87.68000030517578,87.73999786376953,85.37000274658203,85.93000030517578,80.68315124511719,7096900
2016-02-03,86.55999755859375,86.76000213623047,84.45999908447266,86.47000122070312,81.19017028808594,5253600
2016-02-04,86.23999786376953,86.87000274658203,85.73999786376953,86.33000183105469,81.05873107910156,4490600
2016-02-05,86.04000091552734,86.31999969482422,82.18000030517578,82.76000213623047,77.70672607421875,8474000
2016-02-08,81.44000244140625,81.73999786376953,79.87000274658203,80.6500015258789,75.72554779052734,9213800
2016-02-09,78.87000274658203,83.2300033569336,78.5199966430664,81.97000122070312,76.96495056152344,7802700
2016-02-10,83.05999755859375,84.83999633789062,82.93000030517578,83.30999755859375,78.22314453125,4858900
2016-02-11,80.1500015258789,82.79000091552734,79.9800033569336,82.11000061035156,77.0964126586914,6285400
2016-02-12,83.62000274658203,85.2699966430664,83.30999755859375,84.88999938964844,79.70662689208984,5213300
2016-02-16,86.12000274658203,86.58999633789062,85.36000061035156,86.18000030517578,80.91787719726562,4908000
2016-02-17,86.93000030517578,87.5999984741211,86.58999633789062,87.20999908447266,81.88501739501953,4143400
2016-02-18,86.58000183105469,87.44999694824219,85.83000183105469,86.04000091552734,80.78644561767578,3551500
2016-02-19,85.6500015258789,86.86000061035156,85.22000122070312,86.79000091552734,81.49066925048828,3490500
2016-02-22,86.79000091552734,88.2300033569336,86.79000091552734,87.81999969482422,82.45777893066406,3010800
2016-02-23,87.26000213623047,87.8499984741211,85.93000030517578,86.20999908447266,80.94607543945312,4236900
2016-02-24,85.13999938964844,86.76000213623047,84.58999633789062,86.41999816894531,81.14322662353516,3361300
2016-02-25,86.55000305175781,87.43000030517578,85.5199966430664,87.41999816894531,82.08216857910156,3280500
2016-02-26,88.11000061035156,88.58999633789062,87.48999786376953,87.56999969482422,82.22300720214844,3294900
2016-02-29,87.30000305175781,88.83000183105469,86.9000015258789,86.91999816894531,81.6126937866211,4302900
2016-03-01,87.7699966430664,90.12999725341797,87.72000122070312,90.0999984741211,84.59854888916016,4967500
2016-03-02,89.76000213623047,90.08999633789062,88.98999786376953,89.88999938964844,84.40137481689453,3898300
2016-03-03,89.7300033569336,90.13999938964844,88.91999816894531,89.73999786376953,84.26054382324219,4202500
2016-03-04,90.0,90.55999755859375,89.5,90.05000305175781,84.55160522460938,3181300
2016-03-07,89.69000244140625,89.75,87.44000244140625,88.30000305175781,82.90843963623047,4939800
2016-03-08,87.45999908447266,87.76000213623047,86.80999755859375,86.8499984741211,81.54695892333984,4251700
2016-03-09,87.20999908447266,87.5999984741211,86.69999694824219,87.18000030517578,81.85682678222656,3477800
2016-03-10,87.66000366210938,88.19999694824219,85.93000030517578,86.88999938964844,81.58453369140625,3239100
2016-03-11,87.91000366210938,89.16000366210938,87.77999877929688,88.58000183105469,83.1713638305664,4003200
2016-03-14,88.52999877929688,89.12999725341797,88.0199966430664,88.87000274658203,83.44364166259766,4407400
2016-03-15,88.36000061035156,89.69999694824219,88.19999694824219,89.36000061035156,83.90371704101562,4468800
2016-03-16,89.22000122070312,90.31999969482422,89.0199966430664,90.01000213623047,84.51404571533203,3005000
2016-03-17,89.91999816894531,91.66000366210938,89.66000366210938,91.41000366210938,85.82857513427734,4568900
2016-03-18,92.01000213623047,92.44000244140625,91.44999694824219,92.30999755859375,86.67359161376953,5972900
2016-03-21,91.86000061035156,92.62999725341797,91.55999755859375,92.3499984741211,86.7111587524414,3176900
2016-03-22,91.68000030517578,92.20999908447266,91.54000091552734,91.76000213623047,86.15718841552734,3541300
2016-03-23,91.87999725341797,92.6500015258789,91.63999938964844,92.12999725341797,86.50456237792969,2816100
2016-03-24,91.30000305175781,91.97000122070312,91.30000305175781,91.91000366210938,86.29801177978516,2618700
2016-03-28,92.18000030517578,92.30000305175781,91.18000030517578,91.23999786376953,85.6689224243164,2304300
2016-03-29,91.22000122070312,93.04000091552734,91.0999984741211,92.77999877929688,87.11489868164062,3326300
2016-03-30,93.55000305175781,94.16999816894531,93.30000305175781,93.80999755859375,88.08201599121094,3477900
2016-03-31,93.68000030517578,94.94000244140625,93.5199966430664,94.5,88.7298812866211,5647100
2016-04-01,93.6500015258789,96.11000061035156,93.5,95.87000274658203,90.01626586914062,5276900
2016-04-04,96.01000213623047,96.0999984741211,94.45999908447266,95.05000305175781,89.24630737304688,4449900
2016-04-05,94.0999984741211,95.41000366210938,93.88999938964844,94.3499984741211,88.58903503417969,5378300
2016-04-06,94.19999694824219,94.83999633789062,93.83999633789062,94.75,89.14413452148438,3334200
2016-04-07,94.16999816894531,94.26000213623047,93.04000091552734,93.51000213623047,87.97750091552734,3046500
2016-04-08,94.08999633789062,94.66000366210938,93.41999816894531,93.79000091552734,88.2409439086914,2564000
2016-04-11,93.91999816894531,94.68000030517578,93.38999938964844,93.47000122070312,87.93986511230469,3858200
2016-04-12,93.76000213623047,93.98999786376953,93.13999938964844,93.86000061035156,88.30680847167969,2673700
2016-04-13,94.5,95.75,94.38999938964844,95.75,90.08494567871094,3698600
2016-04-14,95.72000122070312,96.7699966430664,95.41000366210938,96.16999816894531,90.48013305664062,3292200
2016-04-15,96.25,97.30999755859375,96.13999938964844,96.68000030517578,90.95995330810547,4127600
2016-04-18,96.63999938964844,97.79000091552734,96.5999984741211,97.66999816894531,91.89137268066406,3079700
2016-04-19,98.0,98.16000366210938,96.3499984741211,97.23999786376953,91.48681640625,3635900
2016-04-20,97.66000366210938,98.4000015258789,97.05000305175781,97.9000015258789,92.10778045654297,3627300
2016-04-21,97.94999694824219,98.08999633789062,97.3499984741211,97.54000091552734,91.76908111572266,2913600
2016-04-22,96.38999938964844,98.48999786376953,96.38999938964844,97.44999694824219,91.68438720703125,7176300
2016-04-25,96.79000091552734,97.31999969482422,96.54000091552734,96.9800033569336,91.2421875,3276100
2016-04-26,97.16000366210938,97.61000061035156,96.7300033569336,97.2699966430664,91.51502990722656,2929200
2016-04-27,97.23999786376953,98.61000061035156,96.55000305175781,98.37999725341797,92.55937957763672,5211900
2016-04-28,97.94000244140625,100.0,96.7300033569336,97.18000030517578,91.43038177490234,6261400
2016-04-29,96.83000183105469,97.66000366210938,96.08000183105469,96.98999786376953,91.25161743164062,5338500
2016-05-02,97.1500015258789,97.94000244140625,96.48999786376953,97.7699966430664,91.98543548583984,3813100
2016-05-03,97.01000213623047,97.54000091552734,95.91999816894531,96.44999694824219,90.7435531616211,3362100
2016-05-04,95.72000122070312,96.38999938964844,95.2300033569336,96.25,90.55538940429688,3187500
2016-05-05,96.33999633789062,96.83000183105469,95.95999908447266,96.19000244140625,90.49893188476562,2848600
2016-05-06,95.80000305175781,96.76000213623047,95.6500015258789,96.68000030517578,90.95995330810547,2042700
2016-05-09,96.80999755859375,97.25,96.5,96.72000122070312,90.99759674072266,1972600
2016-05-10,96.77999877929688,97.69999694824219,96.69000244140625,97.63999938964844,91.86314392089844,1903500
2016-05-11,97.63999938964844,97.83999633789062,96.36000061035156,96.41000366210938,90.70594024658203,2540600
2016-05-12,96.73999786376953,96.81999969482422,95.23999786376953,95.8499984741211,90.17908477783203,4216800
2016-05-13,95.58999633789062,96.27999877929688,95.13999938964844,95.36000061035156,89.71805572509766,3371600
2016-05-16,95.5999984741211,96.5199966430664,95.44999694824219,96.1500015258789,90.46131134033203,2273600
2016-05-17,95.9800033569336,96.29000091552734,95.26000213623047,95.5999984741211,89.94384002685547,3463300
2016-05-18,95.33000183105469,96.16999816894531,94.87000274658203,95.62999725341797,89.97207641601562,2469900
2016-05-19,95.13999938964844,95.5,94.08000183105469,94.69999694824219,89.09709167480469,2268900
2016-05-20,95.16999816894531,95.88999938964844,95.02999877929688,95.47000122070312,89.82152557373047,2446700
2016-05-23,95.51000213623047,95.7300033569336,94.98999786376953,95.08000183105469,89.45458984375,2231800
2016-05-24,95.52999877929688,96.73999786376953,95.33000183105469,96.4800033569336,90.77175903320312,2446500
2016-05-25,96.77999877929688,96.9000015258789,96.13999938964844,96.44999694824219,90.7435531616211,2689500
2016-05-26,96.54000091552734,96.7300033569336,96.06999969482422,96.37999725341797,90.67766571044922,1738300
2016-05-27,96.52999877929688,97.18000030517578,96.37999725341797,97.18000030517578,91.43038177490234,2724300
2016-05-31,97.18000030517578,97.19999694824219,95.5999984741211,95.9000015258789,90.22610473632812,4028800
2016-06-01,95.9000015258789,96.54000091552734,95.25,96.41000366210938,90.70594024658203,2677500
2016-06-02,96.2699966430664,96.87999725341797,96.01000213623047,96.87999725341797,91.14810180664062,2662100
2016-06-03,96.20999908447266,96.61000061035156,95.33000183105469,96.02999877929688,90.34842681884766,2814800
2016-06-06,96.4000015258789,96.97000122070312,95.9800033569336,96.63999938964844,90.92233276367188,2160700
2016-06-07,96.58999633789062,97.16999816894531,96.44000244140625,96.68000030517578,90.95995330810547,2394900
2016-06-08,96.6500015258789,97.98999786376953,96.56999969482422,97.98999786376953,92.19243621826172,4365200
2016-06-09,97.51000213623047,97.62999725341797,96.9800033569336,97.0199966430664,91.27981567382812,2044700
2016-06-10,96.0,96.08999633789062,94.9000015258789,95.20999908447266,89.57691955566406,4080700
2016-06-13,94.7300033569336,95.62999725341797,94.16000366210938,94.19000244140625,88.61727142333984,3082200
2016-06-14,93.87000274658203,94.33000183105469,93.3499984741211,94.11000061035156,88.54199981689453,5338200
2016-06-15,94.36000061035156,94.5,93.33999633789062,93.33999633789062,87.81755065917969,4025900
2016-06-16,92.93000030517578,94.08999633789062,92.05000305175781,94.08000183105469,88.51376342773438,4976200
2016-06-17,93.9800033569336,94.20999908447266,92.69000244140625,93.29000091552734,87.77050018310547,6941700
2016-06-20,94.5,95.18000030517578,94.25,94.3499984741211,88.76780700683594,4949500
2016-06-21,94.68000030517578,95.30000305175781,94.47000122070312,95.11000061035156,89.48283386230469,4203000
2016-06-22,95.2300033569336,95.37999725341797,94.05999755859375,94.05999755859375,88.49492645263672,2876700
2016-06-23,95.1500015258789,95.70999908447266,94.61000061035156,95.70999908447266,90.04731750488281,2992400
2016-06-24,91.4800033569336,93.12999725341797,91.13999938964844,91.47000122070312,86.0582046508789,8356800
2016-06-27,90.2699966430664,90.80000305175781,88.81999969482422,89.06999969482422,83.80018615722656,7444800
2016-06-28,90.27999877929688,90.5,89.72000122070312,90.41999816894531,85.07032012939453,4820400
2016-06-29,91.04000091552734,92.20999908447266,90.8499984741211,92.12999725341797,86.67913055419922,3987900
2016-06-30,92.61000061035156,92.73999786376953,87.58999633789062,88.05999755859375,82.84994506835938,12706800
2016-07-01,89.16000366210938,89.4800033569336,88.2699966430664,88.8499984741211,83.59320831298828,8342100
2016-07-05,88.12000274658203,89.33999633789062,87.91999816894531,88.23999786376953,83.0193099975586,7077000
2016-07-06,87.16000366210938,87.58000183105469,86.6500015258789,86.83000183105469,81.86902618408203,9412800
2016-07-07,86.94999694824219,88.31999969482422,86.94999694824219,87.80999755859375,82.79300689697266,4707200
2016-07-08,88.43000030517578,88.69000244140625,87.94000244140625,88.55999755859375,83.50015258789062,5621800
2016-07-11,89.05000305175781,89.30999755859375,88.62999725341797,88.75,83.6792984008789,5274700
2016-07-12,89.08000183105469,90.08000183105469,88.87000274658203,90.0,84.85787963867188,6122200
2016-07-13,90.45999908447266,90.55999755859375,89.63999938964844,90.33999633789062,85.178466796875,3996900
2016-07-14,91.31999969482422,91.6500015258789,90.51000213623047,91.44999694824219,86.22505187988281,4240100
2016-07-15,92.02999877929688,92.02999877929688,90.72000122070312,90.93000030517578,85.73477172851562,3262400
2016-07-18,91.18000030517578,91.63999938964844,90.83999633789062,91.5999984741211,86.36647033691406,3407300
2016-07-19,91.20999908447266,92.41000366210938,91.20999908447266,92.37999725341797,87.10187530517578,3423800
2016-07-20,92.55999755859375,93.44000244140625,92.1500015258789,93.30000305175781,87.9693374633789,3794100
2016-07-21,93.0,93.66999816894531,92.02999877929688,92.45999908447266,87.17733764648438,4305900
2016-07-22,92.66000366210938,93.66000366210938,92.11000061035156,93.66000366210938,88.30876922607422,4348200
2016-07-25,93.5999984741211,93.5999984741211,92.54000091552734,93.0,87.68647766113281,3773500
2016-07-26,92.77999877929688,93.66999816894531,92.75,93.43000030517578,88.09190368652344,4469600
2016-07-27,93.52999877929688,94.30000305175781,92.75,93.75,88.39361572265625,5696800
2016-07-28,95.0,96.5,94.55999755859375,96.01000213623047,90.52452087402344,5209400
2016-07-29,96.06999969482422,96.0999984741211,95.12000274658203,95.23999786376953,89.79849243164062,4364100
2016-08-01,95.2300033569336,95.47000122070312,94.44999694824219,95.06999969482422,89.63822174072266,3512100
2016-08-02,95.02999877929688,95.38999938964844,94.5,95.25,89.80791473388672,3948600
2016-08-03,95.06999969482422,95.44999694824219,94.77999877929688,95.08000183105469,89.64765167236328,3006100
2016-08-04,95.08999633789062,96.05000305175781,94.80000305175781,95.91000366210938,90.43022155761719,2875600
2016-08-05,96.29000091552734,96.94000244140625,96.08999633789062,96.87999725341797,91.34479522705078,2632200
2016-08-08,97.0,97.0999984741211,96.62999725341797,96.77999877929688,91.25050354003906,2873000
2016-08-09,96.62999725341797,97.13999938964844,96.55000305175781,96.69999694824219,91.17508697509766,1937100
2016-08-10,96.72000122070312,96.81999969482422,96.2300033569336,96.29000091552734,90.78852081298828,2004700
2016-08-11,96.5,96.91999816894531,96.16999816894531,96.52999877929688,91.01477813720703,2971100
2016-08-12,95.95999908447266,96.41000366210938,95.51000213623047,96.12000274658203,90.62822723388672,1988600
2016-08-15,96.30999755859375,96.55999755859375,96.06999969482422,96.44000244140625,90.92993927001953,2081200
2016-08-16,96.19999694824219,96.26000213623047,95.45999908447266,95.62000274658203,90.15679168701172,2866200
2016-08-17,95.79000091552734,96.06999969482422,95.02999877929688,95.58999633789062,90.12849426269531,4054700
2016-08-18,95.30000305175781,95.87000274658203,95.06999969482422,95.2699966430664,89.82676696777344,3134200
2016-08-19,95.18000030517578,95.29000091552734,94.41000366210938,95.22000122070312,89.7796630859375,3090800
2016-08-22,95.19000244140625,95.94999694824219,94.94999694824219,95.79000091552734,90.31706237792969,2390800
2016-08-23,96.0,96.76000213623047,95.98999786376953,96.29000091552734,90.78852081298828,3099700
2016-08-24,96.29000091552734,96.47000122070312,95.38999938964844,95.52999877929688,90.07191467285156,2008100
2016-08-25,95.47000122070312,95.80999755859375,95.33000183105469,95.58999633789062,90.12849426269531,1983000
2016-08-26,95.83999633789062,97.0,95.7699966430664,96.47000122070312,90.95823669433594,3123100
2016-08-29,96.44999694824219,96.8499984741211,96.2300033569336,96.77999877929688,91.25050354003906,2590200
2016-08-30,96.79000091552734,97.19000244140625,96.33999633789062,97.08999633789062,91.54281616210938,2634100
2016-08-31,96.80999755859375,97.08999633789062,96.12999725341797,96.62999725341797,91.10908508300781,3499300
2016-09-01,96.66999816894531,97.69999694824219,96.51000213623047,97.62000274658203,92.04253387451172,4198100
2016-09-02,97.4000015258789,98.0999984741211,97.37000274658203,97.88999938964844,92.2970962524414,2572400
2016-09-06,97.80999755859375,98.91000366210938,97.69000244140625,98.79000091552734,93.14567565917969,3879300
2016-09-07,98.48999786376953,99.5999984741211,98.26000213623047,99.56999969482422,93.88111114501953,4198200
2016-09-08,99.44999694824219,100.66999816894531,99.38999938964844,99.9800033569336,94.2676773071289,4605400
2016-09-09,99.08000183105469,99.69000244140625,98.1500015258789,98.1500015258789,92.54222106933594,5458500
2016-09-12,97.54000091552734,100.31999969482422,97.48999786376953,100.11000061035156,94.39026641845703,4264300
2016-09-13,99.3499984741211,100.05999755859375,98.9800033569336,99.38999938964844,93.71138763427734,4732200
2016-09-14,99.33999633789062,99.62999725341797,98.37999725341797,98.70999908447266,93.07024383544922,4400300
2016-09-15,98.56999969482422,99.81999969482422,98.44999694824219,99.47000122070312,93.78681182861328,3485700
2016-09-16,99.05000305175781,99.69000244140625,98.58999633789062,99.36000061035156,93.68310546875,4498800
2016-09-19,99.94999694824219,100.38999938964844,99.41999816894531,99.68000030517578,93.98482513427734,3056900
2016-09-20,100.25,100.91999816894531,100.01000213623047,100.48999786376953,94.74855041503906,3848700
2016-09-21,100.80999755859375,101.30999755859375,99.97000122070312,101.26000213623047,95.47456359863281,3251900
2016-09-22,101.56999969482422,102.2300033569336,101.51000213623047,102.12000274658203,96.28541564941406,3390600
2016-09-23,101.91999816894531,102.0999984741211,101.25,101.66000366210938,95.85169982910156,2759400
2016-09-26,100.81999969482422,101.83000183105469,100.75,101.16000366210938,95.38027954101562,3468900
2016-09-27,101.0,101.6500015258789,100.55999755859375,101.44999694824219,95.65370178222656,3547700
2016-09-28,101.43000030517578,101.58000183105469,100.83000183105469,101.51000213623047,95.71025848388672,3629500
2016-09-29,101.58000183105469,102.30999755859375,100.58999633789062,100.61000061035156,94.8616714477539,3010000
2016-09-30,100.77999877929688,102.2300033569336,100.68000030517578,101.7699966430664,95.9554214477539,5503900
2016-10-03,101.38999938964844,102.37999725341797,101.23999786376953,101.87999725341797,96.05912780761719,3696700
2016-10-04,102.02999877929688,102.20999908447266,101.04000091552734,101.22000122070312,95.43682861328125,2881900
2016-10-05,101.31999969482422,102.66999816894531,101.31999969482422,102.4000015258789,96.73101043701172,3768100
2016-10-06,102.4000015258789,103.16999816894531,102.0199966430664,102.94000244140625,97.2410888671875,3875600
2016-10-07,103.05000305175781,103.48999786376953,101.9800033569336,102.25,96.58930969238281,4225600
2016-10-10,102.69999694824219,103.37000274658203,102.55000305175781,102.6500015258789,96.9671401977539,2376500
2016-10-11,102.54000091552734,102.62999725341797,100.81999969482422,101.3499984741211,95.73909759521484,3412900
2016-10-12,101.55999755859375,101.91000366210938,101.05000305175781,101.36000061035156,95.74858093261719,3467800
2016-10-13,100.75,101.48999786376953,99.77999877929688,100.6500015258789,95.077880859375,3657400
2016-10-14,101.0999984741211,102.19999694824219,100.80999755859375,100.87999725341797,95.2951431274414,3280200
2016-10-17,100.95999908447266,101.26000213623047,100.62000274658203,100.8499984741211,95.26681518554688,1975500
2016-10-18,101.77999877929688,102.12000274658203,101.05999755859375,101.7300033569336,96.09805297851562,2623700
2016-10-19,101.80000305175781,102.8499984741211,101.62999725341797,102.7300033569336,97.04273223876953,3305200
2016-10-20,102.79000091552734,103.37000274658203,102.3499984741211,102.55000305175781,96.87268829345703,2945300
2016-10-21,102.12999725341797,103.0,101.95999908447266,102.8499984741211,97.15609741210938,3018800
2016-10-24,103.1500015258789,103.91999816894531,102.95999908447266,103.19000244140625,97.47724914550781,2565600
2016-10-25,103.19000244140625,103.23999786376953,102.29000091552734,102.87999725341797,97.1844253540039,4869300
2016-10-26,102.55999755859375,103.45999908447266,102.52999877929688,103.22000122070312,97.505615234375,3356000
2016-10-27,103.19000244140625,104.30000305175781,103.19000244140625,103.5999984741211,97.86454772949219,5096100
2016-10-28,105.05000305175781,107.83000183105469,104.61000061035156,106.9000015258789,100.98187255859375,9282800
2016-10-31,107.4000015258789,108.93000030517578,106.47000122070312,107.0199966430664,101.09523010253906,5820000
2016-11-01,107.0,107.12000274658203,104.79000091552734,104.95999908447266,99.14928436279297,7076500
2016-11-02,104.27999877929688,105.0,104.0,104.0,98.24240112304688,3527500
2016-11-03,103.5199966430664,104.45999908447266,103.51000213623047,103.77999877929688,98.03459930419922,3127300
2016-11-04,103.9000015258789,104.43000030517578,103.02999877929688,103.02999877929688,97.32611083984375,3067200
2016-11-07,104.58000183105469,106.02999877929688,104.52999877929688,105.95999908447266,100.09388732910156,3067500
2016-11-08,105.73999786376953,106.47000122070312,105.52999877929688,105.69999694824219,99.84830474853516,2864300
2016-11-09,104.91000366210938,106.44999694824219,103.86000061035156,106.19000244140625,100.31118774414062,4775000
2016-11-10,106.66000366210938,107.13999938964844,102.44999694824219,104.5,98.71475219726562,6584300
2016-11-11,103.86000061035156,105.05999755859375,103.66000366210938,104.62000274658203,98.82810974121094,3300300
2016-11-14,105.0199966430664,105.0999984741211,100.36000061035156,101.13999938964844,95.54074096679688,7106800
2016-11-15,101.37999725341797,102.98999786376953,101.37999725341797,102.4800033569336,96.80658721923828,4633100
2016-11-16,102.43000030517578,104.0,102.43000030517578,104.0,98.24240112304688,4567900
2016-11-17,104.4000015258789,105.25,103.73999786376953,104.44999694824219,98.6675033569336,3096800
2016-11-18,104.6500015258789,105.0999984741211,104.30999755859375,104.77999877929688,98.97923278808594,3275000
2016-11-21,104.77999877929688,106.0,104.69000244140625,105.94000244140625,100.07501983642578,2650800
2016-11-22,106.0,106.12999725341797,104.73999786376953,105.93000030517578,100.06558227539062,4570100
2016-11-23,105.5999984741211,105.91000366210938,104.29000091552734,104.55999755859375,98.77143096923828,4952300
2016-11-25,104.62000274658203,105.7300033569336,104.52999877929688,105.7300033569336,99.87664031982422,1566900
2016-11-28,105.41999816894531,105.41999816894531,103.05000305175781,103.36000061035156,97.63783264160156,5401700
2016-11-29,103.68000030517578,104.37000274658203,103.33999633789062,103.81999969482422,98.0723648071289,3356600
2016-11-30,103.54000091552734,104.27999877929688,101.37999725341797,102.19999694824219,96.54206848144531,6889200
2016-12-01,102.33000183105469,102.58000183105469,99.51000213623047,100.18000030517578,94.6338882446289,5452100
2016-12-02,100.25,101.13999938964844,99.81999969482422,101.0999984741211,95.50297546386719,3981100
2016-12-05,101.87000274658203,103.66999816894531,101.80000305175781,103.55000305175781,97.81733703613281,5427900
2016-12-06,103.81999969482422,103.9800033569336,101.80000305175781,102.0,96.35313415527344,4975200
2016-12-07,103.0199966430664,105.56999969482422,102.62000274658203,105.25,99.42322540283203,5423500
2016-12-08,105.18000030517578,105.48999786376953,103.86000061035156,104.81999969482422,99.01699829101562,3024700
2016-12-09,104.80999755859375,105.0999984741211,104.0,104.41000366210938,98.62970733642578,2541000
2016-12-12,104.33999633789062,104.4000015258789,103.16000366210938,103.27999877929688,97.5622787475586,3827700
2016-12-13,103.56999969482422,104.5999984741211,102.94000244140625,103.31999969482422,97.60005187988281,4297700
2016-12-14,102.91000366210938,104.83999633789062,102.91000366210938,103.27999877929688,97.5622787475586,3515800
2016-12-15,104.43000030517578,105.70999908447266,104.0,104.3499984741211,98.57303619384766,3774100
2016-12-16,104.81999969482422,104.81999969482422,103.05000305175781,103.43000030517578,97.70397186279297,4659700
2016-12-19,103.69999694824219,104.19999694824219,103.44999694824219,103.54000091552734,97.80786895751953,2980900
2016-12-20,104.05000305175781,104.55999755859375,103.1500015258789,104.54000091552734,98.7525405883789,2354400
2016-12-21,104.4800033569336,104.97000122070312,103.9000015258789,104.16999816894531,98.40299987792969,1952500
2016-12-22,104.43000030517578,104.76000213623047,103.16000366210938,104.30999755859375,98.53526306152344,2463900
2016-12-23,104.30000305175781,105.16000366210938,104.01000213623047,104.70999908447266,98.91310119628906,1610700
2016-12-27,104.9000015258789,105.63999938964844,104.69999694824219,104.80000305175781,98.99813079833984,2160700
2016-12-28,104.69999694824219,104.77999877929688,103.54000091552734,103.68000030517578,97.94013977050781,2552300
2016-12-29,103.80999755859375,104.37000274658203,103.44000244140625,103.7699966430664,98.025146484375,2858600
2016-12-30,103.86000061035156,104.05999755859375,102.9800033569336,103.25,97.53394317626953,3834700
2017-01-03,104.41000366210938,105.94000244140625,104.11000061035156,105.38999938964844,99.55548095703125,4711300
2017-01-04,105.33999633789062,106.75,104.86000061035156,106.38999938964844,100.50008392333984,3299000
2017-01-05,107.05000305175781,108.1500015258789,106.45999908447266,106.98999786376953,101.27632904052734,3262200
2017-01-06,107.31999969482422,108.11000061035156,106.87000274658203,107.76000213623047,102.00521850585938,3044600
2017-01-09,107.76000213623047,108.1500015258789,107.30999755859375,107.55000305175781,101.8064193725586,2500700
2017-01-10,107.55000305175781,108.56999969482422,106.91999816894531,107.31999969482422,101.58868408203125,3162200
2017-01-11,107.04000091552734,107.8499984741211,106.83000183105469,107.80999755859375,102.0525131225586,2499000
2017-01-12,107.66999816894531,108.86000061035156,107.30999755859375,108.70999908447266,102.90447998046875,3288500
2017-01-13,108.62999725341797,109.4000015258789,108.52999877929688,108.69999694824219,102.89500427246094,4661900
2017-01-17,108.2300033569336,108.86000061035156,107.61000061035156,108.4000015258789,102.61101531982422,2898200
2017-01-18,108.70999908447266,109.22000122070312,107.91000366210938,108.66000366210938,102.85710906982422,2652300
2017-01-19,108.83999633789062,109.37000274658203,108.33000183105469,108.52999877929688,102.73404693603516,1885300
2017-01-20,109.23999786376953,110.0,108.91000366210938,109.95999908447266,104.08771514892578,4173300
2017-01-23,109.66000366210938,109.9800033569336,109.12999725341797,109.62999725341797,103.77532196044922,3678200
2017-01-24,109.80999755859375,110.12999725341797,109.18000030517578,109.91999816894531,104.04984283447266,2899600
2017-01-25,110.66000366210938,111.06999969482422,109.4000015258789,110.19000244140625,104.30543518066406,3848300
2017-01-26,109.97000122070312,110.31999969482422,109.0,109.37999725341797,103.5386734008789,2568700
2017-01-27,109.56999969482422,109.83999633789062,108.91999816894531,109.83999633789062,103.97408294677734,2591600
2017-01-30,109.37000274658203,109.55999755859375,108.0999984741211,109.30000305175781,103.46295928955078,4304400
2017-01-31,105.97000122070312,107.0999984741211,105.5,106.33000183105469,100.65156555175781,6470200
2017-02-01,106.62999725341797,106.75,104.01000213623047,105.0,99.3926010131836,6149100
2017-02-02,104.91999816894531,105.48999786376953,104.61000061035156,105.13999938964844,99.52508544921875,4112000
2017-02-03,106.30999755859375,107.54000091552734,105.5999984741211,106.58000183105469,100.88821411132812,7132600
2017-02-06,106.58000183105469,106.62000274658203,105.69000244140625,106.58999633789062,100.8976821899414,3445100
2017-02-07,107.0,107.1500015258789,106.04000091552734,106.5999984741211,100.90714263916016,3204800
2017-02-08,106.55000305175781,106.9000015258789,105.80000305175781,106.72000122070312,101.02071380615234,2993600
2017-02-09,106.72000122070312,107.54000091552734,106.5,107.30000305175781,101.56976318359375,2679200
2017-02-10,107.55000305175781,107.63999938964844,107.19999694824219,107.2699966430664,101.5413589477539,2078400
2017-02-13,107.69999694824219,108.33000183105469,107.54000091552734,108.27999877929688,102.49742126464844,2337100
2017-02-14,108.01000213623047,109.20999908447266,107.76000213623047,108.87999725341797,103.06537628173828,2336800
2017-02-15,109.0,110.05999755859375,108.7699966430664,109.66000366210938,103.80372619628906,2920000
2017-02-16,109.75,110.19999694824219,108.88999938964844,109.30000305175781,103.46295928955078,2146400
2017-02-17,109.23999786376953,110.0,108.9800033569336,109.41999816894531,103.57654571533203,2850900
2017-02-21,109.44999694824219,110.23999786376953,109.33999633789062,110.16000366210938,104.27700805664062,3117200
2017-02-22,109.80000305175781,110.41000366210938,109.16000366210938,109.44000244140625,103.59549713134766,3049300
2017-02-23,109.83000183105469,110.75,109.5999984741211,110.73999786376953,104.8260269165039,4162200
2017-02-24,110.54000091552734,111.0,110.19999694824219,111.0,105.07215118408203,2471700
2017-02-27,110.4000015258789,110.98999786376953,109.76000213623047,110.56999969482422,104.66514587402344,2361200
2017-02-28,110.5,110.87000274658203,109.98999786376953,110.45999908447266,104.56100463867188,3367200
2017-03-01,111.41999816894531,112.91999816894531,110.77999877929688,112.30999755859375,106.31217956542969,3218700
2017-03-02,112.19999694824219,112.29000091552734,111.30000305175781,111.33000183105469,105.38455200195312,2690800
2017-03-03,111.29000091552734,111.83999633789062,110.95999908447266,111.73999786376953,105.77264404296875,2938200
2017-03-06,111.13999938964844,111.79000091552734,111.01000213623047,111.36000061035156,105.4129409790039,2175800
2017-03-07,111.37000274658203,111.69999694824219,110.73999786376953,110.95999908447266,105.03429412841797,2474200
2017-03-08,111.29000091552734,111.44999694824219,110.79000091552734,110.9800033569336,105.05323028564453,2355400
2017-03-09,111.08000183105469,111.37000274658203,110.6500015258789,110.79000091552734,104.87337493896484,3195400
2017-03-10,111.44999694824219,111.55000305175781,110.61000061035156,111.20999908447266,105.27095031738281,2735400
2017-03-13,111.29000091552734,111.80000305175781,111.12999725341797,111.52999877929688,105.5738525390625,3123000
2017-03-14,111.33000183105469,111.47000122070312,110.12999725341797,110.48999786376953,104.58940124511719,2891400
2017-03-15,111.05999755859375,112.41999816894531,110.48999786376953,112.0199966430664,106.0376968383789,3305500
2017-03-16,112.11000061035156,112.97000122070312,111.58000183105469,112.66999816894531,106.65299224853516,2746400
2017-03-17,112.8499984741211,113.5,112.76000213623047,112.83000183105469,106.804443359375,4119200
2017-03-20,112.81999969482422,112.98999786376953,111.8499984741211,112.41000366210938,106.40687561035156,2435400
2017-03-21,112.41000366210938,112.7699966430664,110.43000030517578,110.70999908447266,104.79767608642578,3734000
2017-03-22,110.98999786376953,111.91000366210938,110.79000091552734,111.44999694824219,105.49813079833984,2576200
2017-03-23,111.30999755859375,112.44999694824219,111.2699966430664,111.5999984741211,105.64012145996094,3107000
2017-03-24,111.97000122070312,112.47000122070312,111.66999816894531,111.9800033569336,105.99983215332031,3221900
2017-03-27,110.69999694824219,112.30000305175781,110.33000183105469,111.94000244140625,105.96194458007812,2724200
2017-03-28,111.80999755859375,112.75,111.47000122070312,112.47000122070312,106.4636459350586,2986100
2017-03-29,112.02999877929688,112.33000183105469,111.5199966430664,112.05999755859375,106.07555389404297,1783800
2017-03-30,112.0,112.69999694824219,111.56999969482422,112.66999816894531,106.65299224853516,2029400
2017-03-31,112.62000274658203,113.18000030517578,112.44000244140625,112.47000122070312,106.4636459350586,2507700
2017-04-03,112.69999694824219,112.97000122070312,111.36000061035156,112.23999786376953,106.24594116210938,3170100
2017-04-04,112.2300033569336,112.8499984741211,111.9000015258789,112.08999633789062,106.10396575927734,2169700
2017-04-05,112.25,113.18000030517578,111.9000015258789,112.06999969482422,106.29365539550781,2486600
2017-04-06,112.06999969482422,112.61000061035156,111.70999908447266,112.43000030517578,106.63507843017578,2238500
2017-04-07,112.18000030517578,112.75,111.83999633789062,112.23999786376953,106.45489501953125,1995100
2017-04-10,112.29000091552734,113.06999969482422,112.29000091552734,112.31999969482422,106.53075408935547,1862800
2017-04-11,111.9000015258789,112.56999969482422,111.47000122070312,112.11000061035156,106.33157348632812,2045800
2017-04-12,111.6500015258789,112.30000305175781,111.3499984741211,111.47000122070312,105.72456359863281,2651200
2017-04-13,111.2300033569336,112.19000244140625,111.01000213623047,111.22000122070312,105.4874496459961,2690300
2017-04-17,111.7699966430664,112.73999786376953,111.52999877929688,112.66999816894531,106.86272430419922,1731200
2017-04-18,112.48999786376953,113.16999816894531,112.0999984741211,112.5199966430664,106.72042083740234,2141000
2017-04-19,112.48999786376953,113.16000366210938,112.11000061035156,112.29000091552734,106.50230407714844,2242400
2017-04-20,112.9000015258789,114.9000015258789,112.66999816894531,114.58999633789062,108.68376159667969,3459600
2017-04-21,114.80000305175781,115.61000061035156,114.01000213623047,114.2699966430664,108.38025665283203,4067400
2017-04-24,115.80000305175781,115.98999786376953,115.0,115.69999694824219,109.7365493774414,3207800
2017-04-25,116.3499984741211,116.4800033569336,115.88999938964844,116.12999725341797,110.14437866210938,2873700
2017-04-26,116.05000305175781,116.55999755859375,115.94999694824219,116.16999816894531,110.18234252929688,2202700
2017-04-27,116.51000213623047,117.30999755859375,116.12000274658203,117.0999984741211,111.06439971923828,3350800
2017-04-28,116.79000091552734,117.37000274658203,116.06999969482422,116.31999969482422,110.3245849609375,3536000
2017-05-01,116.54000091552734,117.29000091552734,116.22000122070312,116.37000274658203,110.37199401855469,3556600
2017-05-02,117.83000183105469,119.70999908447266,117.6500015258789,118.12000274658203,112.03182220458984,6802600
2017-05-03,118.16999816894531,118.52999877929688,116.55000305175781,117.33000183105469,111.28253173828125,3640900
2017-05-04,117.55000305175781,118.08000183105469,116.9000015258789,117.91999816894531,111.8421401977539,2560400
2017-05-05,118.2699966430664,118.37999725341797,117.19999694824219,117.5,111.44377136230469,2335900
2017-05-08,117.70999908447266,117.70999908447266,116.38999938964844,116.61000061035156,110.59963989257812,2562400
2017-05-09,116.62999725341797,116.91000366210938,116.04000091552734,116.41000366210938,110.4099349975586,2350700
2017-05-10,116.11000061035156,116.7699966430664,116.01000213623047,116.6500015258789,110.6375961303711,1812500
2017-05-11,116.58000183105469,116.87999725341797,115.77999877929688,116.52999877929688,110.52377319335938,2239000
2017-05-12,116.33000183105469,117.22000122070312,116.1500015258789,117.12999725341797,111.09285736083984,3195200
2017-05-15,117.36000061035156,118.55999755859375,117.08999633789062,118.20999908447266,112.1171875,2998200
2017-05-16,118.26000213623047,118.56999969482422,117.69999694824219,118.48999786376953,112.38272857666016,2375700
2017-05-17,117.29000091552734,117.91000366210938,116.6500015258789,116.80000305175781,110.77983856201172,4195000
2017-05-18,115.93000030517578,116.6500015258789,115.55000305175781,116.23999786376953,110.24869537353516,5088400
2017-05-19,116.91999816894531,117.88999938964844,116.51000213623047,117.58000183105469,111.51966857910156,4360500
2017-05-22,117.80000305175781,119.0999984741211,117.58000183105469,119.0,112.86644744873047,2578200
2017-05-23,119.04000091552734,119.93000030517578,118.97000122070312,119.5999984741211,113.43555450439453,2857100
2017-05-24,119.5999984741211,120.72000122070312,119.52999877929688,120.69999694824219,114.47885131835938,2509000
2017-05-25,121.0199966430664,122.4800033569336,120.94999694824219,121.91999816894531,115.63594055175781,4689200
2017-05-26,121.91000366210938,122.08000183105469,121.31999969482422,121.62999725341797,115.36090087890625,2141600
2017-05-30,121.29000091552734,121.79000091552734,121.02999877929688,121.6500015258789,115.37984466552734,3405500
2017-05-31,121.9000015258789,122.9800033569336,121.1500015258789,122.87999725341797,116.54646301269531,4708500
2017-06-01,122.80000305175781,123.4000015258789,122.11000061035156,123.4000015258789,117.03964233398438,3279000
2017-06-02,123.38999938964844,125.30000305175781,123.3499984741211,125.19999694824219,118.74689483642578,3731900
2017-06-05,125.54000091552734,126.19000244140625,125.25,125.9000015258789,119.41081237792969,4617400
2017-06-06,125.54000091552734,125.94000244140625,124.9800033569336,125.23999786376953,118.78483581542969,2712100
2017-06-07,125.4800033569336,125.87999725341797,124.7699966430664,125.19000244140625,118.73741912841797,3219700
2017-06-08,125.0,125.4000015258789,124.05999755859375,124.76000213623047,118.32958221435547,3332400
2017-06-09,124.91999816894531,124.94000244140625,121.70999908447266,123.04000091552734,116.6982192993164,3556700
2017-06-12,121.9800033569336,122.08999633789062,120.19999694824219,120.76000213623047,114.5357437133789,6574200
2017-06-13,121.23999786376953,122.70999908447266,121.08999633789062,122.31999969482422,116.01534271240234,3938200
2017-06-14,122.8499984741211,123.16000366210938,121.76000213623047,122.5,116.18604278564453,2940000
2017-06-15,121.06999969482422,121.62999725341797,119.88999938964844,121.41999816894531,115.1617202758789,3492600
2017-06-16,121.48999786376953,122.19999694824219,120.72000122070312,121.95999908447266,115.67388153076172,3804900
2017-06-19,122.62999725341797,123.12000274658203,122.26000213623047,123.08999633789062,116.74565124511719,2547100
2017-06-20,122.88999938964844,123.7699966430664,122.66999816894531,122.93000030517578,116.5938949584961,3015300
2017-06-21,123.54000091552734,123.54000091552734,122.44000244140625,123.0999984741211,116.7551498413086,2384100
2017-06-22,122.87000274658203,123.5199966430664,122.29000091552734,123.30000305175781,116.94481658935547,2160600
2017-06-23,123.68000030517578,125.0,123.12000274658203,124.01000213623047,117.61824798583984,3381500
2017-06-26,124.16999816894531,124.58000183105469,123.19000244140625,123.5199966430664,117.15348052978516,2376700
2017-06-27,123.48999786376953,123.51000213623047,122.73999786376953,122.73999786376953,116.41368103027344,2516400
2017-06-28,123.19000244140625,124.87000274658203,122.56999969482422,124.80999755859375,118.37698364257812,2574900
2017-06-29,124.61000061035156,124.68000030517578,121.19999694824219,121.51000213623047,115.2470703125,4147400
2017-06-30,121.77999877929688,122.41999816894531,121.20999908447266,121.44999694824219,115.1901626586914,3574000
2017-07-03,122.25,122.30999755859375,120.72000122070312,120.77999877929688,114.5546875,2314200
2017-07-05,121.13999938964844,122.16000366210938,121.12000274658203,121.9800033569336,115.90396881103516,3856500
2017-07-06,121.33999633789062,121.68000030517578,120.6500015258789,120.80000305175781,114.78276824951172,2702600
2017-07-07,121.38999938964844,122.72000122070312,121.06999969482422,122.19999694824219,116.1130142211914,2119000
2017-07-10,122.16000366210938,123.19000244140625,121.81999969482422,122.7300033569336,116.61661529541016,2886900
2017-07-11,122.80999755859375,124.70999908447266,122.5,124.2300033569336,118.0418930053711,3885700
2017-07-12,125.0,125.75,124.5999984741211,125.27999877929688,119.03958892822266,2770400
2017-07-13,125.62000274658203,126.4000015258789,125.37000274658203,125.47000122070312,119.22010040283203,3330900
2017-07-14,125.55999755859375,127.52999877929688,125.55999755859375,127.01000213623047,120.68344116210938,2690800
2017-07-17,127.26000213623047,127.58000183105469,126.54000091552734,127.43000030517578,121.08251953125,2291700
2017-07-18,127.11000061035156,128.16000366210938,127.0,127.7300033569336,121.3675765991211,3732800
2017-07-19,127.7300033569336,128.27000427246094,127.55999755859375,128.0399932861328,121.66209411621094,2550400
2017-07-20,128.39999389648438,128.83999633789062,127.94000244140625,128.47000122070312,122.07071685791016,2350300
2017-07-21,128.52999877929688,130.1999969482422,128.32000732421875,129.27000427246094,122.8308334350586,4375500
2017-07-24,129.38999938964844,129.89999389648438,128.60000610351562,129.52000427246094,123.06841278076172,3065400
2017-07-25,130.0,130.17999267578125,129.22000122070312,129.97999572753906,123.5054702758789,2476000
2017-07-26,129.9199981689453,131.17999267578125,129.75999450683594,130.99000549316406,124.4651870727539,3547800
2017-07-27,132.0,132.1999969482422,126.55000305175781,128.92999267578125,122.50777435302734,4914500
2017-07-28,128.9600067138672,129.99000549316406,127.30999755859375,127.91000366210938,121.53861236572266,5257900
2017-07-31,128.0,128.4499969482422,127.4000015258789,127.80000305175781,121.43409729003906,3347500
2017-08-01,128.66000366210938,129.97999572753906,128.5,129.49000549316406,123.0399169921875,4010500
2017-08-02,129.74000549316406,130.61000061035156,129.17999267578125,130.61000061035156,124.10408782958984,3578600
2017-08-03,130.39999389648438,130.57000732421875,129.24000549316406,129.88999938964844,123.41998291015625,2568100
2017-08-04,130.22000122070312,130.25,129.44000244140625,129.82000732421875,123.35346221923828,2208100
2017-08-07,129.99000549316406,130.5,129.5500030517578,130.3800048828125,123.88557434082031,1585600
2017-08-08,130.1300048828125,130.30999755859375,129.3000030517578,129.83999633789062,123.37246704101562,2062800
2017-08-09,129.08999633789062,130.02999877929688,128.77000427246094,129.72000122070312,123.2583999633789,1789900
2017-08-10,129.1699981689453,129.41000366210938,127.58999633789062,127.66999816894531,121.31053924560547,2590400
2017-08-11,128.16000366210938,129.4199981689453,127.86000061035156,128.5500030517578,122.14672088623047,2484300
2017-08-14,129.22999572753906,131.2899932861328,129.0,131.08999633789062,124.56021118164062,2793300
2017-08-15,131.4199981689453,131.99000549316406,130.9499969482422,131.5800018310547,125.02576446533203,2155600
2017-08-16,132.1699981689453,132.6300048828125,131.80999755859375,132.3699951171875,125.77642822265625,2000700
2017-08-17,132.16000366210938,132.5,130.82000732421875,130.8800048828125,124.36067962646484,2673000
2017-08-18,130.55999755859375,131.97000122070312,130.36000061035156,131.13999938964844,124.60772705078125,3167300
2017-08-21,131.35000610351562,132.08999633789062,131.1300048828125,131.94000244140625,125.36785888671875,1807600
2017-08-22,132.50999450683594,134.24000549316406,132.27999877929688,133.8000030517578,127.13519287109375,2180100
2017-08-23,133.17999267578125,133.47999572753906,132.6699981689453,133.07000732421875,126.44158172607422,2006400
2017-08-24,133.22999572753906,133.4600067138672,131.97999572753906,132.9600067138672,126.3370361328125,2046600
2017-08-25,133.3000030517578,133.60000610351562,132.55999755859375,132.75,126.13754272460938,2215500
2017-08-28,133.14999389648438,134.0,132.7100067138672,133.85000610351562,127.18273162841797,2154700
2017-08-29,133.10000610351562,134.2100067138672,132.74000549316406,133.83999633789062,127.17324829101562,2122000
2017-08-30,133.92999267578125,134.24000549316406,133.47999572753906,133.8000030517578,127.13519287109375,3224500
2017-08-31,134.1999969482422,134.5,133.27999877929688,133.3000030517578,126.66010284423828,4374700
2017-09-01,133.83999633789062,133.89999389648438,133.13999938964844,133.24000549316406,126.60310363769531,2446600
2017-09-05,132.83999633789062,132.92999267578125,131.67999267578125,132.66000366210938,126.05194091796875,2726500
2017-09-06,132.99000549316406,133.66000366210938,132.58999633789062,132.88999938964844,126.27052307128906,3652100
2017-09-07,136.0800018310547,138.63999938964844,135.64999389648438,136.52999877929688,129.729248046875,7269000
2017-09-08,136.22000122070312,137.74000549316406,136.05999755859375,137.22000122070312,130.3848114013672,4451300
2017-09-11,139.36000061035156,141.99000549316406,139.17999267578125,141.99000549316406,134.91725158691406,5457600
2017-09-12,142.66000366210938,143.52000427246094,141.80999755859375,142.4199981689453,135.32583618164062,3775000
2017-09-13,142.02000427246094,142.1300048828125,139.5399932861328,140.10000610351562,133.1213836669922,3613800
2017-09-14,139.5,141.8000030517578,139.3699951171875,141.47000122070312,134.42315673828125,4179400
2017-09-15,142.32000732421875,142.69000244140625,139.80999755859375,141.5800018310547,134.5276641845703,6152500
2017-09-18,141.66000366210938,141.69000244140625,140.50999450683594,141.39999389648438,134.35662841796875,2843500
2017-09-19,141.92999267578125,143.58999633789062,141.8699951171875,142.49000549316406,135.392333984375,4179000
2017-09-20,142.25,143.07000732421875,141.4199981689453,142.24000549316406,135.1548309326172,2749700
2017-09-21,141.69000244140625,142.17999267578125,141.19000244140625,141.72000122070312,134.6607208251953,2835300
2017-09-22,141.5,142.39999389648438,141.5,141.88999938964844,134.8222198486328,1860400
2017-09-25,142.07000732421875,142.10000610351562,138.44000244140625,138.57000732421875,131.6676025390625,5541200
2017-09-26,139.02000427246094,139.3800048828125,137.75,138.3699951171875,131.4775848388672,3162600
2017-09-27,138.8000030517578,140.17999267578125,138.5500030517578,139.6699981689453,132.7127685546875,3716800
2017-09-28,139.44000244140625,140.2100067138672,138.83999633789062,140.1999969482422,133.21640014648438,2732000
2017-09-29,140.8300018310547,141.74000549316406,140.4199981689453,141.1999969482422,134.16656494140625,2603200
2017-10-02,141.89999389648438,142.92999267578125,141.47000122070312,141.82000732421875,134.7556915283203,2300700
2017-10-03,141.99000549316406,143.17999267578125,141.6999969482422,143.02000427246094,135.89593505859375,2514500
2017-10-04,142.72999572753906,143.0,141.32000732421875,142.08999633789062,135.0122528076172,3245700
2017-10-05,142.55999755859375,143.77999877929688,142.42999267578125,143.75,136.80136108398438,2723000
2017-10-06,143.5,143.77999877929688,142.77000427246094,143.52000427246094,136.58250427246094,3067400
2017-10-09,143.47999572753906,145.17999267578125,142.89999389648438,144.5500030517578,137.5626983642578,2557700
2017-10-10,144.77999877929688,146.3699951171875,144.77999877929688,145.64999389648438,138.60952758789062,2593400
2017-10-11,145.60000610351562,147.1199951171875,145.60000610351562,146.85000610351562,139.75155639648438,3341900
2017-10-12,146.8300018310547,148.16000366210938,146.44000244140625,146.74000549316406,139.64686584472656,3226200
2017-10-13,147.50999450683594,148.4499969482422,147.2899932861328,147.33999633789062,140.2178497314453,2337300
2017-10-16,148.0399932861328,148.0399932861328,145.16000366210938,146.22000122070312,139.15200805664062,2590100
2017-10-17,146.3300018310547,146.4600067138672,145.52999877929688,145.92999267578125,138.8759765625,3002400
2017-10-18,145.8300018310547,146.77000427246094,145.60000610351562,146.19000244140625,139.1234588623047,2525900
2017-10-19,145.38999938964844,146.1199951171875,144.66000366210938,144.97999572753906,137.971923828125,4169900
2017-10-20,145.6300048828125,145.72999572753906,144.57000732421875,145.3800048828125,138.3526611328125,3547300
2017-10-23,146.0,146.5,145.3000030517578,145.55999755859375,138.5238494873047,2514500
2017-10-24,146.19000244140625,146.49000549316406,145.35000610351562,145.8000030517578,138.75230407714844,2918400
2017-10-25,146.5,146.97999572753906,145.2100067138672,146.24000549316406,139.1709442138672,3439700
2017-10-26,147.0,147.3699951171875,146.35000610351562,146.58999633789062,139.50411987304688,2574900
2017-10-27,146.8300018310547,148.52000427246094,146.05999755859375,148.52000427246094,141.3408203125,3491900
2017-10-30,151.3000030517578,151.47999572753906,148.5800018310547,148.9499969482422,141.75003051757812,6555700
2017-10-31,150.6300048828125,152.0,146.14999389648438,148.77000427246094,141.57872009277344,7613700
2017-11-01,149.9499969482422,151.49000549316406,148.77999877929688,148.88999938964844,141.6929168701172,4531700
2017-11-02,148.3300018310547,149.2100067138672,147.47000122070312,148.25,141.0838165283203,3883600
2017-11-03,148.41000366210938,149.36000061035156,147.7100067138672,149.2899932861328,142.07357788085938,2338700
2017-11-06,149.2100067138672,150.4600067138672,148.9600067138672,150.08999633789062,142.83489990234375,3142900
2017-11-07,150.30999755859375,150.47999572753906,148.9199981689453,149.97000122070312,142.72073364257812,2683400
2017-11-08,149.47000122070312,150.24000549316406,148.1999969482422,149.97000122070312,142.72073364257812,3786800
2017-11-09,149.27000427246094,149.8699951171875,147.58999633789062,149.2899932861328,142.07357788085938,2716400
2017-11-10,149.0,149.75999450683594,148.7100067138672,149.5399932861328,142.3114776611328,1795900
2017-11-13,148.75999450683594,150.1999969482422,148.74000549316406,149.69000244140625,142.45428466796875,1750500
2017-11-14,149.27999877929688,150.49000549316406,149.0500030517578,149.9499969482422,142.7017364501953,3062300
2017-11-15,149.3699951171875,149.50999450683594,148.10000610351562,148.3300018310547,141.16000366210938,3058100
2017-11-16,149.0,150.5399932861328,148.60000610351562,150.3300018310547,143.06333923339844,2715400
2017-11-17,149.3300018310547,149.52000427246094,148.27999877929688,149.02000427246094,141.81666564941406,3186400
2017-11-20,149.36000061035156,150.2899932861328,149.22999572753906,149.55999755859375,142.33056640625,2048700
2017-11-21,149.97000122070312,152.6300048828125,149.92999267578125,152.50999450683594,145.13790893554688,3999000
2017-11-22,152.41000366210938,152.5500030517578,150.9499969482422,151.25,143.9388427734375,2658600
2017-11-24,151.39999389648438,153.0,151.1999969482422,152.74000549316406,145.3568115234375,1577500
2017-11-27,153.07000732421875,153.94000244140625,152.72000122070312,152.97000122070312,145.57569885253906,3260200
2017-11-28,153.50999450683594,154.64999389648438,153.36000061035156,154.19000244140625,146.73678588867188,3874500
2017-11-29,154.35000610351562,154.47000122070312,145.27999877929688,148.35000610351562,141.1790313720703,7217000
2017-11-30,149.32000732421875,151.1699981689453,148.2100067138672,150.47000122070312,143.19656372070312,6943700
2017-12-01,150.39999389648438,150.99000549316406,147.35000610351562,149.69000244140625,142.45428466796875,3933000
2017-12-04,149.9199981689453,150.58999633789062,143.3800048828125,143.42999267578125,136.4968719482422,7490100
2017-12-05,143.6999969482422,146.32000732421875,140.61000061035156,145.1300048828125,138.1147003173828,6807100
2017-12-06,145.07000732421875,148.07000732421875,144.6199951171875,147.4199981689453,140.29396057128906,3752000
2017-12-07,147.50999450683594,150.41000366210938,147.50999450683594,149.4499969482422,142.22584533691406,3417900
2017-12-08,150.4199981689453,150.44000244140625,149.1699981689453,149.88999938964844,142.64459228515625,2521500
2017-12-11,150.22000122070312,151.25,150.10000610351562,150.8800048828125,143.58676147460938,3394800
2017-12-12,150.8300018310547,153.72999572753906,150.61000061035156,152.5,145.1284637451172,3360300
2017-12-13,152.5,153.44000244140625,151.66000366210938,151.69000244140625,144.35760498046875,3618700
2017-12-14,151.9199981689453,153.5500030517578,151.77999877929688,151.92999267578125,144.58604431152344,3016700
2017-12-15,152.64999389648438,153.6199951171875,150.86000061035156,153.39999389648438,145.9849395751953,5067300
2017-12-18,154.13999938964844,154.64999389648438,153.05999755859375,153.1199951171875,145.71847534179688,3531500
2017-12-19,152.9600067138672,153.16000366210938,151.42999267578125,151.67999267578125,144.34811401367188,2712700
2017-12-20,152.50999450683594,152.72999572753906,151.0399932861328,151.4499969482422,144.1291961669922,1992500
2017-12-21,151.4499969482422,152.22999572753906,150.42999267578125,150.52999877929688,143.25364685058594,2789000
2017-12-22,150.94000244140625,151.52000427246094,150.30999755859375,150.85000610351562,143.55816650390625,1892300
2017-12-26,150.5800018310547,151.33999633789062,149.88999938964844,151.27999877929688,143.96739196777344,1200700
2017-12-27,151.55999755859375,151.77999877929688,151.10000610351562,151.39999389648438,144.08154296875,1730200
2017-12-28,151.86000061035156,152.6199951171875,151.1999969482422,151.77000427246094,144.4337158203125,1570600
2017-12-29,152.2100067138672,152.89999389648438,151.36000061035156,151.36000061035156,144.04354858398438,2258800
2018-01-02,152.00999450683594,153.41000366210938,151.1199951171875,151.91000366210938,144.5669403076172,3168900
2018-01-03,152.2899932861328,153.97999572753906,152.16000366210938,153.82000732421875,146.3846435546875,3732400
2018-01-04,154.5399932861328,157.39999389648438,154.32000732421875,155.80999755859375,148.27838134765625,3247200
2018-01-05,156.1999969482422,159.0399932861328,156.19000244140625,159.0399932861328,151.35231018066406,2747700
2018-01-08,158.5800018310547,160.47999572753906,158.0800018310547,159.27000427246094,151.8097686767578,3143100
2018-01-09,159.64999389648438,160.11000061035156,158.5399932861328,159.5,152.0290985107422,2573900
2018-01-10,159.22999572753906,159.97000122070312,157.57000732421875,159.86000061035156,152.3721466064453,2416900
2018-01-11,160.10000610351562,161.1300048828125,159.44000244140625,160.9199981689453,153.3825225830078,2804000
2018-01-12,161.5,162.52000427246094,160.25,162.3300018310547,154.72653198242188,3041000
2018-01-16,163.63999938964844,163.94000244140625,161.30999755859375,162.2899932861328,154.68833923339844,4673400
2018-01-17,163.1199951171875,164.5,162.8800048828125,164.32000732421875,156.62322998046875,3136000
2018-01-18,164.8300018310547,165.97999572753906,164.11000061035156,165.47999572753906,157.7289276123047,4150600
2018-01-19,166.3000030517578,166.9499969482422,165.16000366210938,166.8300018310547,159.0157470703125,2947800
2018-01-22,166.5800018310547,168.3300018310547,166.2899932861328,168.27999877929688,160.39781188964844,2275900
2018-01-23,168.5,168.9499969482422,166.64999389648438,167.19000244140625,159.3588409423828,3035300
2018-01-24,167.94000244140625,168.10000610351562,165.9499969482422,167.00999450683594,159.1873016357422,3912400
2018-01-25,168.00999450683594,168.92999267578125,167.1300048828125,168.58999633789062,160.69325256347656,2088900
2018-01-26,169.00999450683594,170.36000061035156,168.7899932861328,170.33999633789062,162.361328125,2191600
2018-01-29,170.1199951171875,170.80999755859375,168.2899932861328,168.5500030517578,160.6551513671875,3082800
2018-01-30,167.41000366210938,168.0,166.3000030517578,167.19000244140625,159.3588409423828,4227100
2018-01-31,167.50999450683594,169.6699981689453,167.02000427246094,169.0,161.08412170410156,5815300
2018-02-01,172.50999450683594,176.72000122070312,171.0,172.92999267578125,164.82994079589844,6848400
2018-02-02,171.89999389648438,177.11000061035156,170.4199981689453,170.5500030517578,162.56146240234375,6556500
2018-02-05,167.3699951171875,171.9600067138672,164.00999450683594,164.58999633789062,156.880615234375,7196000
2018-02-06,160.5,169.36000061035156,156.8000030517578,169.27999877929688,161.35093688964844,7259900
2018-02-07,169.0,172.61000061035156,167.4499969482422,168.72999572753906,160.82666015625,4364800
2018-02-08,168.77000427246094,169.24000549316406,160.4600067138672,160.6199951171875,153.0965576171875,6557700
2018-02-09,161.6699981689453,166.49000549316406,158.57000732421875,165.1999969482422,157.46205139160156,6303000
2018-02-12,166.8000030517578,168.82000732421875,165.5800018310547,168.19000244140625,160.31198120117188,5227400
2018-02-13,167.3300018310547,170.77000427246094,167.00999450683594,170.1199951171875,162.15159606933594,3471000
2018-02-14,169.36000061035156,172.66000366210938,169.0,172.52000427246094,164.439208984375,4203700
2018-02-15,173.9499969482422,174.6999969482422,171.36000061035156,174.69000244140625,166.50755310058594,3915000
2018-02-16,174.35000610351562,176.6699981689453,174.13999938964844,175.64999389648438,167.42259216308594,4213100
2018-02-20,174.8800048828125,176.42999267578125,174.0399932861328,175.35000610351562,167.13662719726562,3750100
2018-02-21,175.35000610351562,176.35000610351562,172.27999877929688,172.32000732421875,164.24855041503906,5999500
2018-02-22,173.33999633789062,173.8300018310547,170.8000030517578,172.9499969482422,164.84901428222656,5605800
2018-02-23,173.89999389648438,175.77999877929688,172.49000549316406,175.75999450683594,167.52745056152344,3093800
2018-02-26,176.5,178.13999938964844,176.05999755859375,177.8699951171875,169.53854370117188,4088100
2018-02-27,177.72000122070312,179.1699981689453,175.92999267578125,175.92999267578125,167.68942260742188,3815900
2018-02-28,176.2899932861328,178.97000122070312,175.75,175.75999450683594,167.52745056152344,4145700
2018-03-01,176.35000610351562,177.35000610351562,172.14999389648438,173.49000549316406,165.36376953125,4658500
2018-03-02,171.55999755859375,175.3300018310547,169.27000427246094,175.02000427246094,166.8220977783203,4190100
2018-03-05,174.1300048828125,179.27000427246094,172.91000366210938,178.52999877929688,170.1676788330078,4826500
2018-03-06,179.17999267578125,180.08999633789062,176.9499969482422,177.52999877929688,169.2144775390625,3820900
2018-03-07,175.75999450683594,179.7100067138672,175.5500030517578,179.2100067138672,170.8158721923828,2766100
2018-03-08,179.35000610351562,179.88999938964844,177.55999755859375,179.25,170.85398864746094,2235300
2018-03-09,180.25,183.3300018310547,179.97000122070312,183.24000549316406,174.6570587158203,4168900
2018-03-12,182.8300018310547,183.52000427246094,181.6999969482422,182.5399932861328,173.98983764648438,3589000
2018-03-13,183.47000122070312,183.72999572753906,180.14999389648438,181.00999450683594,172.53152465820312,3286600
2018-03-14,181.99000549316406,182.0,179.6199951171875,180.1199951171875,171.68319702148438,2820700
2018-03-15,180.57000732421875,182.1699981689453,180.02000427246094,180.9499969482422,172.4743194580078,2258200
2018-03-16,181.00999450683594,183.1699981689453,181.00999450683594,182.5500030517578,173.9993438720703,4605000
2018-03-19,181.7899932861328,182.3000030517578,179.11000061035156,180.5800018310547,172.12167358398438,3770000
2018-03-20,181.30999755859375,183.25,181.22000122070312,182.50999450683594,173.96121215820312,2859300
2018-03-21,182.9600067138672,183.5,180.74000549316406,180.75,172.28370666503906,3238400
2018-03-22,179.1999969482422,180.25999450683594,175.11000061035156,175.52000427246094,167.2986602783203,4387300
2018-03-23,176.17999267578125,176.8699951171875,171.66000366210938,171.8300018310547,163.78152465820312,4324100
2018-03-26,175.3300018310547,177.47000122070312,173.05999755859375,177.1699981689453,168.8713836669922,5470100
2018-03-27,178.36000061035156,178.5,170.97000122070312,172.52000427246094,164.439208984375,5069100
2018-03-28,172.25,172.92999267578125,168.5500030517578,170.35000610351562,162.37086486816406,5166600
2018-03-29,171.72000122070312,176.66000366210938,170.82000732421875,175.16000366210938,166.9555206298828,3719200
2018-04-02,174.63999938964844,175.77000427246094,169.0399932861328,171.60000610351562,163.5623321533203,4222400
2018-04-03,172.36000061035156,172.88999938964844,169.80999755859375,172.47000122070312,164.39154052734375,3612600
2018-04-04,169.17999267578125,174.00999450683594,167.94000244140625,173.69000244140625,165.554443359375,4628300
2018-04-05,175.1300048828125,177.44000244140625,174.5399932861328,175.8000030517578,167.5655975341797,3434100
2018-04-06,173.3699951171875,175.14999389648438,168.9600067138672,169.6999969482422,161.9816131591797,5005500
2018-04-09,171.27000427246094,174.08999633789062,170.13999938964844,170.33999633789062,162.592529296875,3910700
2018-04-10,173.13999938964844,175.4499969482422,172.02000427246094,174.72000122070312,166.77330017089844,3149900
2018-04-11,173.6999969482422,175.60000610351562,172.1199951171875,172.36000061035156,164.52066040039062,2783000
2018-04-12,173.3300018310547,176.47999572753906,173.16000366210938,174.8000030517578,166.8496856689453,3065600
2018-04-13,176.0,176.10000610351562,172.6999969482422,174.27000427246094,166.34375,3059600
2018-04-16,175.6199951171875,176.10000610351562,172.97000122070312,173.8699951171875,165.96192932128906,4668200
2018-04-17,175.77000427246094,179.19000244140625,174.6699981689453,178.33999633789062,170.22869873046875,4210200
2018-04-18,178.5,179.8000030517578,177.07000732421875,179.4600067138672,171.29774475097656,3150600
2018-04-19,179.0800018310547,179.57000732421875,178.25999450683594,179.00999450683594,170.86814880371094,3560400
2018-04-20,178.52999877929688,179.49000549316406,176.5,177.0800018310547,169.02601623535156,4233000
2018-04-23,178.16000366210938,178.35000610351562,174.6999969482422,175.42999267578125,167.45098876953125,4355000
2018-04-24,176.67999267578125,177.5500030517578,171.19000244140625,173.24000549316406,165.36061096191406,5369000
2018-04-25,173.3699951171875,173.8699951171875,170.64999389648438,172.47000122070312,164.62564086914062,3396200
2018-04-26,174.52000427246094,179.6300048828125,174.22000122070312,178.16000366210938,170.056884765625,4784400
2018-04-27,178.5399932861328,179.0,175.17999267578125,175.94000244140625,167.93780517578125,3781000
2018-04-30,177.49000549316406,180.0,177.10000610351562,178.27000427246094,170.161865234375,4323900
2018-05-01,178.27000427246094,180.36000061035156,176.91000366210938,180.25,172.0517578125,4828300
2018-05-02,186.1999969482422,188.25,183.1199951171875,185.82000732421875,177.3684539794922,10133100
2018-05-03,184.60000610351562,187.88999938964844,183.94000244140625,186.47999572753906,177.99839782714844,5785700
2018-05-04,185.7899932861328,188.7899932861328,185.11000061035156,188.1699981689453,179.61155700683594,3593600
2018-05-07,188.3000030517578,189.52000427246094,187.6300048828125,189.10000610351562,180.499267578125,4077300
2018-05-08,188.88999938964844,190.66000366210938,188.02000427246094,190.52999877929688,181.8642120361328,3396400
2018-05-09,190.50999450683594,191.67999267578125,189.0,190.6300048828125,181.9596710205078,2933900
2018-05-10,191.0399932861328,193.72000122070312,190.94000244140625,193.0500030517578,184.26963806152344,2821200
2018-05-11,193.0,194.08999633789062,192.0399932861328,193.35000610351562,184.55596923828125,3301700
2018-05-14,193.5,194.72000122070312,191.58999633789062,192.1199951171875,183.38189697265625,2877200
2018-05-15,191.00999450683594,192.1999969482422,190.14999389648438,192.0,183.26731872558594,2747500
2018-05-16,192.69000244140625,192.91000366210938,191.44000244140625,192.3800048828125,183.6300811767578,2109300
2018-05-17,192.0500030517578,192.44000244140625,190.58999633789062,191.1999969482422,182.50372314453125,2378300
2018-05-18,191.6199951171875,192.08999633789062,190.38999938964844,190.39999389648438,181.74009704589844,4208500
2018-05-21,191.5,192.8300018310547,190.00999450683594,191.1999969482422,182.50372314453125,2632600
2018-05-22,191.17999267578125,192.63999938964844,190.83999633789062,191.6199951171875,182.9046173095703,2620200
2018-05-23,190.74000549316406,193.0,190.3000030517578,192.99000549316406,184.2123565673828,2529900
2018-05-24,192.91000366210938,193.39999389648438,190.0,191.91000366210938,183.1814727783203,2912900
2018-05-25,191.75,191.88999938964844,189.72000122070312,191.1699981689453,182.47512817382812,2459600
2018-05-29,190.25,190.49000549316406,186.60000610351562,189.52999877929688,180.9097137451172,4545000
2018-05-30,190.42999267578125,191.92999267578125,189.89999389648438,191.75999450683594,183.0382843017578,2764200
2018-05-31,191.88999938964844,192.44000244140625,189.82000732421875,190.1199951171875,181.4728546142578,4641400
2018-06-01,192.02999877929688,195.3699951171875,191.89999389648438,195.3699951171875,186.4840850830078,4194900
2018-06-04,195.94000244140625,198.11000061035156,195.22999572753906,197.72999572753906,188.73672485351562,3917200
2018-06-05,198.11000061035156,199.7100067138672,197.8300018310547,199.36000061035156,190.2926025390625,2655500
2018-06-06,199.86000061035156,203.2899932861328,199.77000427246094,203.2100067138672,193.967529296875,3233100
2018-06-07,203.3800048828125,204.0,198.3000030517578,199.5399932861328,190.4644317626953,4084100
2018-06-08,199.1999969482422,200.52999877929688,199.0,200.0399932861328,190.94163513183594,2296700
2018-06-11,200.61000061035156,201.0,198.25999450683594,198.49000549316406,189.46217346191406,2616900
2018-06-12,199.1199951171875,200.14999389648438,198.19000244140625,200.1300048828125,191.02757263183594,2660500
2018-06-13,200.6300048828125,201.6199951171875,199.2100067138672,199.41000366210938,190.34034729003906,2686100
2018-06-14,200.6699981689453,201.38999938964844,199.0500030517578,199.30999755859375,190.24488830566406,2846900
2018-06-15,198.5500030517578,199.6699981689453,197.57000732421875,199.52999877929688,190.454833984375,4162100
2018-06-18,197.63999938964844,201.4499969482422,197.41000366210938,201.1300048828125,191.98211669921875,2081300
2018-06-19,198.4600067138672,199.92999267578125,197.27000427246094,199.69000244140625,190.60760498046875,2666200
2018-06-20,200.5,203.4600067138672,200.25,201.5399932861328,192.3734588623047,3898600
2018-06-21,202.41000366210938,203.67999267578125,199.97999572753906,200.77999877929688,191.64804077148438,2678200
2018-06-22,201.57000732421875,201.8699951171875,199.61000061035156,201.47999572753906,192.31622314453125,2993600
2018-06-25,200.38999938964844,200.44000244140625,193.7100067138672,194.97999572753906,186.11184692382812,4780600
2018-06-26,196.17999267578125,198.66000366210938,195.75999450683594,196.4600067138672,187.52450561523438,4271200
2018-06-27,197.4600067138672,198.1999969482422,193.16000366210938,193.17999267578125,184.3936767578125,3233000
2018-06-28,193.4600067138672,197.75,193.2100067138672,197.10000610351562,188.13539123535156,2621100
2018-06-29,198.1999969482422,198.30999755859375,196.17999267578125,196.52000427246094,187.58177185058594,3006900
2018-07-02,195.74000549316406,197.97000122070312,194.75,197.6699981689453,188.67945861816406,3018300
2018-07-03,198.3300018310547,198.5800018310547,196.13999938964844,196.2899932861328,187.3622283935547,1567400
2018-07-05,198.0,198.9600067138672,197.14999389648438,198.8699951171875,189.82489013671875,3101900
2018-07-06,198.11000061035156,200.25999450683594,197.47999572753906,199.52000427246094,190.68502807617188,2050300
2018-07-09,200.8000030517578,201.58999633789062,199.25,200.92999267578125,192.03253173828125,2377300
2018-07-10,201.33999633789062,202.75,200.1199951171875,201.52000427246094,192.59646606445312,2265100
2018-07-11,200.47000122070312,204.14999389648438,200.25,203.83999633789062,194.81378173828125,2827900
2018-07-12,205.0,209.19000244140625,204.75,207.77999877929688,198.5792694091797,3970800
2018-07-13,207.10000610351562,207.52999877929688,203.44000244140625,205.91000366210938,196.79214477539062,2590800
2018-07-16,205.6199951171875,206.0,203.75999450683594,204.0800018310547,195.04312133789062,2955000
2018-07-17,203.0,206.6999969482422,201.6300048828125,206.3699951171875,197.23171997070312,2919000
2018-07-18,206.64999389648438,208.3800048828125,205.3800048828125,208.36000061035156,199.13357543945312,3595400
2018-07-19,208.36000061035156,208.7100067138672,205.75999450683594,206.05999755859375,196.93545532226562,2264600
2018-07-20,206.19000244140625,207.35000610351562,206.17999267578125,206.7100067138672,197.55665588378906,2801000
2018-07-23,206.6999969482422,207.9600067138672,205.64999389648438,207.83999633789062,198.63665771484375,2717900
2018-07-24,208.74000549316406,210.39999389648438,208.30999755859375,209.5800018310547,200.29959106445312,3509100
2018-07-25,210.0,214.27999877929688,209.64999389648438,214.16000366210938,204.6768035888672,4967900
2018-07-26,210.14999389648438,211.8000030517578,204.55999755859375,207.3699951171875,198.1874542236328,7279900
2018-07-27,211.69000244140625,211.75,201.22000122070312,202.94000244140625,193.95359802246094,4913000
2018-07-30,202.9499969482422,203.3300018310547,196.1999969482422,197.8699951171875,189.10809326171875,5939300
2018-07-31,199.02000427246094,200.6199951171875,196.22999572753906,198.0,189.2323760986328,4416600
2018-08-01,199.27000427246094,201.36000061035156,198.35000610351562,201.1999969482422,192.29067993164062,4614200
2018-08-02,199.08999633789062,202.19000244140625,197.8699951171875,202.00999450683594,193.06480407714844,3615000
2018-08-03,202.00999450683594,202.42999267578125,198.27999877929688,201.1999969482422,192.29067993164062,2722800
2018-08-06,201.0,202.4600067138672,200.50999450683594,201.5399932861328,192.61558532714844,3061300
2018-08-07,202.5,203.14999389648438,201.9600067138672,202.6199951171875,193.64779663085938,2422200
2018-08-08,202.4199981689453,203.5800018310547,202.0800018310547,202.86000061035156,193.8771514892578,2697900
2018-08-09,203.19000244140625,204.66000366210938,202.64999389648438,203.60000610351562,194.58436584472656,2444900
2018-08-10,202.97000122070312,203.91000366210938,202.16000366210938,202.64999389648438,193.67645263671875,2567000
2018-08-13,202.64999389648438,204.33999633789062,201.88999938964844,202.30999755859375,193.35150146484375,2014000
2018-08-14,202.80999755859375,204.0500030517578,201.38999938964844,203.8800048828125,194.85198974609375,2076600
2018-08-15,202.64999389648438,203.0500030517578,199.5,200.24000549316406,191.37319946289062,2955700
2018-08-16,201.94000244140625,204.22999572753906,200.82000732421875,203.60000610351562,194.58436584472656,2894000
2018-08-17,203.86000061035156,204.60000610351562,202.00999450683594,203.2100067138672,194.211669921875,2308900
2018-08-20,203.47000122070312,204.97999572753906,202.36000061035156,204.75,195.68348693847656,2469300
2018-08-21,205.0,205.92999267578125,202.6300048828125,203.08999633789062,194.09698486328125,1979600
2018-08-22,202.5,205.22000122070312,202.25,204.30999755859375,195.26295471191406,1905300
2018-08-23,204.49000549316406,205.9600067138672,204.17999267578125,205.22000122070312,196.13262939453125,2247600
2018-08-24,206.0,209.5,205.57000732421875,209.39999389648438,200.1275634765625,2722600
2018-08-27,210.17999267578125,211.75,210.17999267578125,211.52999877929688,202.16323852539062,2550200
2018-08-28,211.6999969482422,213.02999877929688,210.94000244140625,212.6300048828125,203.2145538330078,2240200
2018-08-29,212.5,215.86000061035156,212.4499969482422,214.57000732421875,205.0686798095703,3172100
2018-08-30,214.25,215.27999877929688,212.8300018310547,213.8000030517578,204.3327178955078,3083000
2018-08-31,213.5800018310547,215.8000030517578,213.5,215.55999755859375,206.01478576660156,3020000
2018-09-04,215.67999267578125,217.35000610351562,214.67999267578125,216.82000732421875,207.2189178466797,3776500
2018-09-05,215.75999450683594,215.77000427246094,210.30999755859375,211.16000366210938,201.8096466064453,3869500
2018-09-06,211.44000244140625,213.27000427246094,210.47000122070312,212.77000427246094,203.34835815429688,3032800
2018-09-07,211.02000427246094,213.24000549316406,209.6999969482422,211.08999633789062,201.74269104003906,3298500
2018-09-10,212.66000366210938,213.47999572753906,211.3800048828125,211.6699981689453,202.2970733642578,3326300
2018-09-11,210.52000427246094,213.55999755859375,210.10000610351562,213.4499969482422,203.99818420410156,2728500
2018-09-12,213.0500030517578,214.4600067138672,211.86000061035156,214.02999877929688,204.55252075195312,2291300
2018-09-13,214.77000427246094,218.69000244140625,214.3699951171875,217.22000122070312,207.60125732421875,3898000
2018-09-14,218.0,218.82000732421875,216.4199981689453,217.9600067138672,208.30850219726562,2638000
2018-09-17,219.97000122070312,219.97999572753906,216.11000061035156,216.47000122070312,206.88446044921875,2500900
2018-09-18,217.4600067138672,220.9600067138672,217.3000030517578,220.0500030517578,210.3059844970703,2851000
2018-09-19,220.6300048828125,221.41000366210938,217.16000366210938,218.19000244140625,208.52833557128906,2883000
2018-09-20,219.97999572753906,221.9199981689453,218.89999389648438,221.38999938964844,211.5866241455078,3108500
2018-09-21,222.13999938964844,223.3699951171875,220.88999938964844,221.89999389648438,212.07403564453125,7177800
2018-09-24,220.41000366210938,222.13999938964844,218.2100067138672,221.35000610351562,211.54840087890625,2520000
2018-09-25,221.9199981689453,223.0399932861328,221.22000122070312,222.1199951171875,212.28431701660156,2181300
2018-09-26,222.6199951171875,224.36000061035156,221.6999969482422,222.25999450683594,212.4180908203125,2963600
2018-09-27,222.69000244140625,223.61000061035156,222.05999755859375,222.30999755859375,212.4658966064453,2645200
2018-09-28,222.1300048828125,223.69000244140625,221.0500030517578,222.61000061035156,212.75262451171875,2955000
2018-10-01,224.83999633789062,225.35000610351562,223.08999633789062,223.77000427246094,213.86129760742188,2955500
2018-10-02,223.5,223.72999572753906,221.00999450683594,222.3699951171875,212.52320861816406,3060700
2018-10-03,223.77999877929688,224.3300018310547,222.5500030517578,223.1300048828125,213.2495574951172,2662400
2018-10-04,222.07000732421875,222.14999389648438,214.58999633789062,216.14999389648438,206.5786590576172,5664900
2018-10-05,216.4499969482422,217.19000244140625,211.85000610351562,213.25999450683594,204.05262756347656,4268300
2018-10-08,211.6999969482422,211.8000030517578,203.25,208.25999450683594,199.2685089111328,5611000
2018-10-09,208.05999755859375,210.99000549316406,206.69000244140625,209.75999450683594,200.70376586914062,5659400
2018-10-10,209.3300018310547,209.3300018310547,196.00999450683594,196.69000244140625,188.19808959960938,8455000
2018-10-11,194.64999389648438,199.72999572753906,192.91000366210938,194.50999450683594,186.11216735839844,9185200
2018-10-12,200.57000732421875,204.83999633789062,199.5399932861328,204.22000122070312,195.40298461914062,6160300
2018-10-15,203.72000122070312,203.8000030517578,199.52999877929688,200.32000732421875,191.67137145996094,3969200
2018-10-16,202.67999267578125,208.1199951171875,202.52999877929688,207.77999877929688,198.8092498779297,4694900
2018-10-17,207.6300048828125,208.0,204.69000244140625,207.3800048828125,198.42652893066406,4431200
2018-10-18,206.97000122070312,207.22000122070312,202.25999450683594,203.6199951171875,194.82882690429688,6264500
2018-10-19,203.8699951171875,207.44000244140625,203.0,203.05999755859375,194.29302978515625,4832500
2018-10-22,203.72000122070312,206.25999450683594,201.8800048828125,204.5,195.6708526611328,4045100
2018-10-23,199.49000549316406,203.72999572753906,196.60000610351562,202.42999267578125,193.6902313232422,5076800
2018-10-24,202.63999938964844,203.47000122070312,195.3800048828125,195.69000244140625,187.24119567871094,4415900
2018-10-25,197.0,205.10000610351562,195.7100067138672,204.1999969482422,195.38380432128906,4940700
2018-10-26,199.1999969482422,202.41000366210938,195.72999572753906,197.49000549316406,188.96351623535156,6523600
2018-10-29,200.35000610351562,202.33999633789062,187.6300048828125,191.0399932861328,182.7919464111328,6623800
2018-10-30,192.5800018310547,193.6300048828125,183.75,187.72999572753906,179.62486267089844,9239200
2018-10-31,193.25,199.9600067138672,193.25,197.6699981689453,189.13572692871094,7683500
2018-11-01,198.88999938964844,200.0,195.00999450683594,199.7100067138672,191.08766174316406,4439000
2018-11-02,198.9199981689453,200.99000549316406,195.25,197.72000122070312,189.1835479736328,4261500
2018-11-05,198.1999969482422,199.1300048828125,194.2899932861328,197.97999572753906,189.43234252929688,3110800
2018-11-06,198.5,200.6699981689453,197.52999877929688,199.14999389648438,190.5518035888672,2916000
2018-11-07,202.19000244140625,208.3800048828125,201.74000549316406,208.24000549316406,199.24937438964844,4922800
2018-11-08,207.36000061035156,208.86000061035156,206.0,208.86000061035156,199.8426055908203,3922200
2018-11-09,207.3800048828125,207.97999572753906,203.4199981689453,205.6199951171875,196.7425079345703,3229700
2018-11-12,204.6199951171875,205.25,198.72999572753906,199.13999938964844,190.54225158691406,3507300
2018-11-13,199.77999877929688,202.25,197.5500030517578,198.1699981689453,189.61416625976562,2852000
2018-11-14,200.55999755859375,202.22999572753906,195.61000061035156,197.5800018310547,189.04965209960938,3218600
2018-11-15,197.02000427246094,201.14999389648438,194.3300018310547,200.7100067138672,192.04444885253906,3424600
2018-11-16,199.0,200.91000366210938,197.4499969482422,199.0399932861328,190.44659423828125,2939500
2018-11-19,199.0399932861328,199.39999389648438,188.5500030517578,189.27999877929688,181.1079864501953,4488100
2018-11-20,181.97999572753906,188.8000030517578,177.39999389648438,187.05999755859375,178.9837646484375,7892900
2018-11-21,188.5399932861328,190.08999633789062,186.24000549316406,187.66000366210938,179.5579071044922,3950200
2018-11-23,184.8800048828125,186.22999572753906,182.25999450683594,182.60000610351562,174.71633911132812,2601000
2018-11-26,185.5800018310547,192.22999572753906,183.67999267578125,191.85000610351562,183.56700134277344,6917200
2018-11-27,190.75,193.0399932861328,189.4499969482422,192.97999572753906,184.64822387695312,3976300
2018-11-28,195.0,202.47000122070312,193.27000427246094,202.27999877929688,193.54666137695312,6203000
2018-11-29,202.0500030517578,202.0500030517578,196.30999755859375,196.66000366210938,188.16932678222656,5447700
2018-11-30,196.58999633789062,201.6699981689453,195.8000030517578,201.07000732421875,192.38893127441406,7944700
2018-12-03,206.00999450683594,209.91000366210938,205.94000244140625,209.86000061035156,200.79945373535156,6599900
2018-12-04,207.38999938964844,209.52000427246094,199.6199951171875,200.49000549316406,191.83401489257812,6628600
2018-12-06,194.8000030517578,203.3699951171875,194.22000122070312,202.99000549316406,194.22607421875,6558900
2018-12-07,203.77999877929688,206.52000427246094,194.89999389648438,196.5,188.01626586914062,4968100
2018-12-10,194.64999389648438,198.72000122070312,193.0,198.05999755859375,189.5088348388672,4101000
2018-12-11,201.0800018310547,201.39999389648438,196.05999755859375,197.74000549316406,189.20269775390625,3582400
2018-12-12,200.4600067138672,205.9600067138672,200.25999450683594,200.2899932861328,191.6426239013672,5160100
2018-12-13,200.8000030517578,202.1999969482422,195.30999755859375,198.9600067138672,190.3700408935547,5246200
2018-12-14,196.60000610351562,197.24000549316406,193.19000244140625,195.3300018310547,186.89675903320312,3801700
2018-12-17,193.5,193.5399932861328,188.77000427246094,190.4499969482422,182.22747802734375,5459900
2018-12-18,192.05999755859375,194.35000610351562,190.10000610351562,191.61000061035156,183.33737182617188,4345200
2018-12-19,190.92999267578125,194.35000610351562,184.75999450683594,187.1199951171875,179.04119873046875,6100600
2018-12-20,185.60000610351562,188.33999633789062,180.22999572753906,182.7100067138672,174.82164001464844,6562600
2018-12-21,181.1999969482422,185.27000427246094,175.0,175.19000244140625,167.6262969970703,8374300
2018-12-24,173.14999389648438,177.97999572753906,171.88999938964844,174.64999389648438,167.10960388183594,4351900
2018-12-26,176.0,186.5,176.0,186.42999267578125,178.38099670410156,5261400
2018-12-27,183.97999572753906,188.6999969482422,180.16000366210938,188.69000244140625,180.54342651367188,4695200
2018-12-28,189.7100067138672,190.10000610351562,184.17999267578125,186.16000366210938,178.12271118164062,4830300
2018-12-31,186.9199981689453,189.0,186.36000061035156,188.64999389648438,180.5052032470703,3658500
2019-01-02,185.8300018310547,190.82000732421875,185.30999755859375,189.74000549316406,181.54811096191406,4294000
2019-01-03,187.5,187.50999450683594,180.97999572753906,181.17999267578125,173.357666015625,5070900
2019-01-04,184.85000610351562,191.25,184.44000244140625,189.75999450683594,181.56724548339844,4452900
2019-01-07,190.6300048828125,193.02000427246094,189.7100067138672,191.22000122070312,182.9642333984375,4219200
2019-01-08,189.89999389648438,192.49000549316406,188.5,192.27999877929688,184.2965087890625,5069700
2019-01-09,194.3000030517578,196.5500030517578,193.27999877929688,195.77000427246094,187.6415557861328,5471500
2019-01-10,193.02999877929688,197.24000549316406,191.32000732421875,196.9499969482422,188.77255249023438,3693600
2019-01-11,196.07000732421875,196.6999969482422,194.7100067138672,195.89999389648438,187.76617431640625,2500100
2019-01-14,194.3800048828125,197.0,194.0,195.42999267578125,187.315673828125,3336500
2019-01-15,195.22000122070312,197.35000610351562,193.10000610351562,196.52000427246094,188.36045837402344,3783000
2019-01-16,197.50999450683594,198.41000366210938,196.5,197.77000427246094,189.5585174560547,3546300
2019-01-17,197.4499969482422,200.39999389648438,197.10000610351562,199.30999755859375,191.0346221923828,2764100
2019-01-18,201.17999267578125,202.52999877929688,200.02000427246094,202.0,193.6129150390625,4866600
2019-01-22,199.7899932861328,201.0,197.64999389648438,199.4600067138672,191.17837524414062,4457700
2019-01-23,201.0500030517578,201.05999755859375,196.60000610351562,198.35000610351562,190.11447143554688,3086100
2019-01-24,198.4199981689453,200.1999969482422,197.92999267578125,199.7899932861328,191.49464416503906,2792000
2019-01-25,202.19000244140625,203.88999938964844,199.7899932861328,202.94000244140625,194.51388549804688,4677500
2019-01-28,200.74000549316406,200.97999572753906,198.05999755859375,200.16000366210938,191.84930419921875,3277200
2019-01-29,200.19000244140625,200.6699981689453,197.66000366210938,199.24000549316406,190.9674835205078,3661900
2019-01-30,200.4199981689453,204.8300018310547,199.89999389648438,204.02000427246094,195.5490264892578,4079500
2019-01-31,209.8000030517578,212.97000122070312,208.0,211.1300048828125,202.36380004882812,11316200
2019-02-01,211.99000549316406,214.63999938964844,211.1999969482422,213.77000427246094,204.89422607421875,6470100
2019-02-04,214.35000610351562,214.9499969482422,213.1999969482422,214.91000366210938,205.9868927001953,4397500
2019-02-05,215.0,216.6999969482422,214.9499969482422,215.86000061035156,206.89747619628906,3091500
2019-02-06,215.25,215.89999389648438,213.67999267578125,215.3000030517578,206.36068725585938,2698000
2019-02-07,213.4600067138672,214.4499969482422,211.60000610351562,213.97000122070312,205.0858917236328,2742900
2019-02-08,212.0,216.6300048828125,212.0,216.5800018310547,207.58750915527344,3248400
2019-02-11,216.99000549316406,218.64999389648438,216.33999633789062,217.10000610351562,208.0860137939453,2974400
2019-02-12,218.55999755859375,219.49000549316406,217.63999938964844,218.91000366210938,209.82080078125,3411400
2019-02-13,219.7899932861328,221.27999877929688,219.44000244140625,220.5399932861328,211.38314819335938,2996600
2019-02-14,219.50999450683594,220.97999572753906,218.6199951171875,219.80999755859375,210.68344116210938,2875600
2019-02-15,222.19000244140625,222.35000610351562,220.47999572753906,222.11000061035156,212.88790893554688,2758500
2019-02-19,221.42999267578125,221.9600067138672,220.36000061035156,220.58999633789062,211.43106079101562,2836700
2019-02-20,221.22000122070312,221.8300018310547,219.39999389648438,221.11000061035156,211.929443359375,3103600
2019-02-21,220.2100067138672,221.02999877929688,218.6199951171875,219.30999755859375,210.2041778564453,3528800
2019-02-22,220.0,223.6300048828125,219.6999969482422,223.32000732421875,214.0476837158203,3295300
2019-02-25,225.0,225.39999389648438,223.0,223.32000732421875,214.0476837158203,3359200
2019-02-26,222.16000366210938,225.17999267578125,222.0500030517578,224.0,214.69949340820312,2852300
2019-02-27,223.0399932861328,224.61000061035156,221.74000549316406,224.57000732421875,215.24581909179688,2119500
2019-02-28,224.08999633789062,225.60000610351562,223.66000366210938,224.77000427246094,215.43751525878906,3240400
2019-03-01,226.8800048828125,228.14999389648438,225.36000061035156,227.25,217.8145751953125,3001400
2019-03-04,227.30999755859375,228.5,223.6699981689453,226.2899932861328,216.89437866210938,2977700
2019-03-05,226.22999572753906,226.9199981689453,225.2899932861328,226.22000122070312,216.82728576660156,2779100
2019-03-06,225.85000610351562,226.50999450683594,223.9499969482422,224.47000122070312,215.1499786376953,2849300
2019-03-07,223.6199951171875,224.44000244140625,220.74000549316406,222.41000366210938,213.17550659179688,3879600
2019-03-08,218.3800048828125,222.19000244140625,215.92999267578125,221.8699951171875,212.6579132080078,2691800
2019-03-11,222.94000244140625,226.1300048828125,222.83999633789062,225.63999938964844,216.27137756347656,2670100
2019-03-12,226.58999633789062,228.1999969482422,226.22000122070312,226.94000244140625,217.51744079589844,2478700
2019-03-13,228.3699951171875,231.3300018310547,227.8000030517578,228.5,219.01260375976562,2690400
2019-03-14,228.6999969482422,230.2100067138672,227.41000366210938,229.50999450683594,219.98069763183594,2838700
2019-03-15,228.82000732421875,232.75999450683594,228.80999755859375,231.1699981689453,221.57179260253906,3894200
2019-03-18,232.2899932861328,232.5,229.11000061035156,230.38999938964844,220.8241424560547,2734100
2019-03-19,231.5399932861328,232.10000610351562,230.3300018310547,231.00999450683594,221.41839599609375,3212000
2019-03-20,229.72999572753906,231.94000244140625,227.83999633789062,229.88999938964844,220.34498596191406,3747400
2019-03-21,228.1999969482422,237.0800018310547,228.17999267578125,235.8699951171875,226.07664489746094,4441100
2019-03-22,234.83999633789062,236.0,230.67999267578125,230.75999450683594,221.17881774902344,3709400
2019-03-25,230.38999938964844,231.94000244140625,228.5500030517578,230.4199981689453,220.85292053222656,3506500
2019-03-26,232.9600067138672,233.6300048828125,231.4499969482422,233.2899932861328,223.60374450683594,3046900
2019-03-27,233.9199981689453,234.1999969482422,229.64999389648438,232.52000427246094,222.86570739746094,2640700
2019-03-28,233.4199981689453,235.3300018310547,232.3699951171875,234.86000061035156,225.10853576660156,2712100
2019-03-29,236.49000549316406,236.63999938964844,233.97000122070312,235.4499969482422,225.67401123046875,3453900
2019-04-01,238.3000030517578,239.75,236.94000244140625,239.0500030517578,229.12457275390625,3475900
2019-04-02,239.22999572753906,239.8699951171875,238.07000732421875,239.25999450683594,229.32591247558594,3386400
2019-04-03,240.27999877929688,240.92999267578125,237.82000732421875,238.92999267578125,229.0095977783203,2911700
2019-04-04,238.6999969482422,238.77000427246094,233.75999450683594,236.05999755859375,226.2587432861328,3096300
2019-04-05,237.2100067138672,237.9600067138672,236.11000061035156,236.6300048828125,226.80508422851562,2590000
2019-04-08,235.72000122070312,236.27999877929688,233.1199951171875,236.27000427246094,226.7762908935547,2714500
2019-04-09,235.2899932861328,237.25,235.0,235.91000366210938,226.4307098388672,2491300
2019-04-10,237.0,237.9499969482422,236.11000061035156,237.05999755859375,227.5345001220703,1984200
2019-04-11,238.0,238.0,235.0399932861328,236.0399932861328,226.55551147460938,1908200
2019-04-12,237.02999877929688,239.0,236.0800018310547,238.8300018310547,229.23342895507812,3452100
2019-04-15,239.52000427246094,239.86000061035156,237.19000244140625,239.14999389648438,229.54055786132812,3437500
2019-04-16,240.0,240.97000122070312,238.9499969482422,240.08999633789062,230.44277954101562,2564300
2019-04-17,240.6699981689453,241.24000549316406,238.9499969482422,241.0,231.3162078857422,2829200
2019-04-18,242.52999877929688,242.64999389648438,240.4600067138672,240.88999938964844,231.21058654785156,3016800
2019-04-22,239.8000030517578,243.13999938964844,239.07000732421875,243.0500030517578,233.28382873535156,2217700
2019-04-23,243.89999389648438,244.5,242.4499969482422,243.49000549316406,233.70616149902344,3108400
2019-04-24,243.6300048828125,246.0800018310547,242.80999755859375,245.2899932861328,235.433837890625,3255200
2019-04-25,244.6999969482422,246.85000610351562,244.02000427246094,245.61000061035156,235.74095153808594,3152400
2019-04-26,246.0500030517578,247.14999389648438,243.22000122070312,246.67999267578125,236.76803588867188,3349300
2019-04-29,246.8800048828125,248.2100067138672,245.86000061035156,247.1300048828125,237.1999053955078,3274900
2019-04-30,251.08999633789062,257.42999267578125,250.50999450683594,254.24000549316406,244.02423095703125,7179600
2019-05-01,254.89999389648438,256.25,248.6699981689453,248.75,238.7548065185547,5146000
2019-05-02,247.55999755859375,248.27000427246094,244.27999877929688,247.19000244140625,237.25747680664062,4747300
2019-05-03,248.61000061035156,249.85000610351562,247.4600067138672,247.9499969482422,237.98695373535156,3194200
2019-05-06,241.49000549316406,249.0800018310547,240.0500030517578,248.63999938964844,238.64920043945312,3022000
2019-05-07,247.27000427246094,247.72999572753906,242.60000610351562,245.05999755859375,235.21304321289062,4257500
2019-05-08,244.5399932861328,247.5500030517578,243.75,245.3300018310547,235.47219848632812,3050700
2019-05-09,241.88999938964844,245.52999877929688,239.9600067138672,245.30999755859375,235.45297241210938,3891000
2019-05-10,243.8699951171875,248.72000122070312,241.3300018310547,247.42999267578125,237.4878387451172,2816200
2019-05-13,241.50999450683594,243.91000366210938,240.36000061035156,241.3800048828125,231.68093872070312,4136900
2019-05-14,242.1199951171875,247.44000244140625,241.89999389648438,245.94000244140625,236.05767822265625,3862100
2019-05-15,244.3300018310547,251.0399932861328,244.2100067138672,249.14999389648438,239.13873291015625,4186900
2019-05-16,250.44000244140625,255.14999389648438,250.3300018310547,253.4199981689453,243.2371368408203,4911900
2019-05-17,251.11000061035156,254.2899932861328,250.83999633789062,252.5500030517578,242.40208435058594,3129800
2019-05-20,250.49000549316406,254.38999938964844,249.3300018310547,253.49000549316406,243.30438232421875,2951500
2019-05-21,255.0,255.9499969482422,253.7899932861328,255.36000061035156,245.0991973876953,2881600
2019-05-22,254.75,258.8599853515625,254.5,256.8999938964844,246.57733154296875,2936000
2019-05-23,254.75,255.6999969482422,248.3300018310547,249.72999572753906,239.6954345703125,5072500
2019-05-24,253.13999938964844,253.3699951171875,250.3300018310547,251.47999572753906,241.3750762939453,2710800
2019-05-28,252.66000366210938,257.760009765625,252.64999389648438,253.42999267578125,243.2467498779297,6252100
2019-05-29,252.25,254.25,251.27000427246094,253.55999755859375,243.37152099609375,4014300
2019-05-30,254.27000427246094,256.05999755859375,252.7899932861328,254.19000244140625,243.97621154785156,2817400
2019-05-31,251.97999572753906,253.66000366210938,250.83999633789062,251.49000549316406,241.38467407226562,5041400
2019-06-03,251.8000030517578,252.97999572753906,240.25,242.25999450683594,232.5255889892578,5452100
2019-06-04,245.1300048828125,249.3699951171875,241.72000122070312,249.17999267578125,239.1675262451172,4862200
2019-06-05,251.47000122070312,256.9700012207031,250.14999389648438,256.260009765625,245.96307373046875,4742400
2019-06-06,256.3599853515625,258.70001220703125,254.86000061035156,257.8299865722656,247.4699249267578,3443500
2019-06-07,260.0,266.8699951171875,259.6199951171875,265.79998779296875,255.1196746826172,3691800
2019-06-10,269.0,269.8500061035156,265.2799987792969,266.1000061035156,255.4076690673828,4469000
2019-06-11,267.4700012207031,267.8900146484375,259.17999267578125,263.6600036621094,253.06576538085938,3119600
2019-06-12,262.45001220703125,264.2099914550781,261.3599853515625,263.8500061035156,253.24806213378906,2295300
2019-06-13,265.0,265.2300109863281,260.25,261.20001220703125,250.70449829101562,4331000
2019-06-14,259.989990234375,261.9800109863281,259.4200134277344,260.1000061035156,249.6487579345703,3158200
2019-06-17,261.0,261.7099914550781,258.04998779296875,259.20001220703125,248.78492736816406,3332200
2019-06-18,261.70001220703125,262.25,255.07000732421875,258.80999755859375,248.4105987548828,3921300
2019-06-19,258.8299865722656,260.6199951171875,258.29998779296875,259.8699951171875,249.42799377441406,4326500
2019-06-20,263.489990234375,267.70001220703125,262.5,266.7900085449219,256.07000732421875,4667300
2019-06-21,265.82000732421875,268.1499938964844,264.4200134277344,264.4700012207031,253.8431396484375,4285800
2019-06-24,265.8500061035156,267.1000061035156,265.1300048828125,265.29998779296875,254.6398162841797,2538100
2019-06-25,266.0400085449219,266.30999755859375,259.1199951171875,259.7300109863281,249.2936248779297,3138000
2019-06-26,260.8800048828125,262.6499938964844,259.989990234375,261.29998779296875,250.80059814453125,3869400
2019-06-27,262.44000244140625,263.5799865722656,260.3999938964844,261.1000061035156,250.60858154296875,2186900
2019-06-28,263.0899963378906,264.8399963378906,261.3299865722656,264.5299987792969,253.90072631835938,4400300
2019-07-01,269.989990234375,269.989990234375,264.8699951171875,266.7699890136719,256.0507507324219,2646800
2019-07-02,266.8800048828125,270.6000061035156,266.42999267578125,270.57000732421875,259.6980285644531,2649100
2019-07-03,271.0,273.0799865722656,270.7799987792969,273.0799865722656,262.10711669921875,1896800
2019-07-05,271.5,272.7699890136719,269.0899963378906,272.1400146484375,261.2050476074219,2561000
2019-07-08,270.1000061035156,272.07000732421875,269.4599914550781,271.2300109863281,260.6476745605469,2291700
2019-07-09,269.82000732421875,273.6499938964844,269.5,273.3399963378906,262.6751708984375,2477400
2019-07-10,274.1700134277344,277.1000061035156,274.1499938964844,275.3800048828125,264.63568115234375,2323000
2019-07-11,277.6000061035156,278.6499938964844,276.0799865722656,278.32000732421875,267.4609069824219,2583900
2019-07-12,279.239990234375,279.739990234375,276.260009765625,279.5400085449219,268.63336181640625,2299700
2019-07-15,280.4599914550781,280.5899963378906,278.54998779296875,279.3699951171875,268.4700012207031,3349500
2019-07-16,279.0,280.6300048828125,275.30999755859375,276.6199951171875,265.8272705078125,2976000
2019-07-17,277.3900146484375,278.4700012207031,275.2699890136719,275.2799987792969,264.5395812988281,2318900
2019-07-18,275.0,277.25,274.739990234375,276.7799987792969,265.9810485839844,3241000
2019-07-19,279.42999267578125,279.4800109863281,275.4200134277344,275.6000061035156,264.8470764160156,3048200
2019-07-22,276.9100036621094,279.3599853515625,276.07000732421875,278.6099853515625,267.7395935058594,2092400
2019-07-23,280.0,280.4200134277344,276.8999938964844,278.9700012207031,268.0855712890625,2275400
2019-07-24,278.1700134277344,280.29998779296875,276.3800048828125,280.25,269.31561279296875,2805200
2019-07-25,280.0,280.8999938964844,277.54998779296875,279.3500061035156,268.4508056640625,2312200
2019-07-26,280.6000061035156,282.2900085449219,280.0799865722656,282.07000732421875,271.0646057128906,2942100
2019-07-29,283.1199951171875,283.3299865722656,280.42999267578125,281.44000244140625,270.459228515625,3677700
2019-07-30,279.3399963378906,282.3699951171875,275.45001220703125,278.1600036621094,267.30712890625,3957900
2019-07-31,278.6700134277344,278.9800109863281,265.69000244140625,272.2699890136719,261.6470031738281,5513100
2019-08-01,273.92999267578125,279.30999755859375,271.6400146484375,274.1600036621094,263.4632263183594,4988100
2019-08-02,272.0,272.5,265.67999267578125,269.45001220703125,258.9370422363281,4438000
2019-08-05,260.0,262.6499938964844,253.89999389648438,256.8399963378906,246.8190155029297,6861300
2019-08-06,261.79998779296875,265.1499938964844,260.17999267578125,264.67999267578125,254.35311889648438,4918500
2019-08-07,263.3999938964844,270.0,260.25,269.30999755859375,258.8024597167969,4476000
2019-08-08,272.0,278.0799865722656,271.6000061035156,278.0400085449219,267.19189453125,4135500
2019-08-09,275.510009765625,276.8999938964844,273.0799865722656,274.95001220703125,264.2223815917969,3410500
2019-08-12,272.8500061035156,274.9800109863281,268.8900146484375,270.0,259.4654846191406,3322600
2019-08-13,269.8299865722656,275.3699951171875,268.0,274.5299987792969,263.8188171386719,3899800
2019-08-14,269.82000732421875,272.4700012207031,265.8500061035156,267.1499938964844,256.7267761230469,3750300
2019-08-15,269.2799987792969,273.1499938964844,268.0899963378906,271.8900146484375,261.2818603515625,3364300
2019-08-16,274.9800109863281,275.9599914550781,273.7900085449219,274.3599853515625,263.6553955078125,2718100
2019-08-19,277.0,278.57000732421875,275.2099914550781,278.07000732421875,267.220703125,2502300
2019-08-20,278.3999938964844,279.55999755859375,275.8500061035156,277.0400085449219,266.23089599609375,2583600
2019-08-21,279.6400146484375,282.1000061035156,279.2900085449219,282.010009765625,271.00701904296875,2492200
2019-08-22,282.1099853515625,282.8900146484375,276.760009765625,280.7699890136719,269.8153381347656,2975800
2019-08-23,280.0,282.0899963378906,270.2099914550781,271.8900146484375,261.2818603515625,4415000
2019-08-26,274.8800048828125,276.42999267578125,272.9800109863281,276.42999267578125,265.64471435546875,2184400
2019-08-27,276.739990234375,279.0899963378906,274.9100036621094,276.6400146484375,265.8465270996094,2169400
2019-08-28,275.2300109863281,278.6499938964844,273.3699951171875,278.239990234375,267.3840637207031,2306900
2019-08-29,281.0,281.9800109863281,278.8800048828125,281.3800048828125,270.4014892578125,2297200
2019-08-30,282.5899963378906,282.9599914550781,278.7300109863281,281.3699951171875,270.3919677734375,2600300
2019-09-03,279.989990234375,282.8399963378906,278.5,280.1099853515625,269.1811218261719,2350800
2019-09-04,282.7699890136719,286.2099914550781,282.1499938964844,286.1000061035156,274.93743896484375,2631000
2019-09-05,290.2900085449219,293.4599914550781,289.6000061035156,292.0799865722656,280.68414306640625,3808300
2019-09-06,291.94000244140625,293.07000732421875,290.04998779296875,291.3800048828125,280.0113830566406,2783300
2019-09-09,293.489990234375,293.69000244140625,280.1000061035156,283.3599853515625,272.3042297363281,4795900
2019-09-10,281.3399963378906,281.5,270.3399963378906,272.3299865722656,261.70465087890625,8683800
2019-09-11,274.9200134277344,276.0,269.20001220703125,269.95001220703125,259.41754150390625,6342300
2019-09-12,273.3900146484375,278.7699890136719,273.19000244140625,276.3999938964844,265.61578369140625,5497900
2019-09-13,277.989990234375,278.1499938964844,273.0400085449219,276.32000732421875,265.53900146484375,4631100
2019-09-16,273.4700012207031,275.760009765625,272.7099914550781,274.0799865722656,263.38641357421875,2755100
2019-09-17,274.54998779296875,278.6300048828125,273.95001220703125,276.25,265.4716796875,2929500
2019-09-18,276.7699890136719,276.8500061035156,270.44000244140625,275.1000061035156,264.3666687011719,2975900
2019-09-19,275.9599914550781,278.1499938964844,274.8500061035156,275.9100036621094,265.1450500488281,2623800
2019-09-20,277.7900085449219,278.5899963378906,270.9100036621094,271.1700134277344,260.58990478515625,5540800
2019-09-23,270.29998779296875,273.739990234375,270.0,273.1499938964844,262.49261474609375,3092000
2019-09-24,275.6300048828125,277.44000244140625,269.05999755859375,271.1199951171875,260.5418395996094,4120300
2019-09-25,270.25,272.989990234375,266.6099853515625,272.75,262.1082763671875,4083600
2019-09-26,273.2300109863281,275.44000244140625,272.6300048828125,273.8900146484375,263.2038269042969,2924600
2019-09-27,275.3900146484375,275.6300048828125,267.69000244140625,269.1300048828125,258.6295471191406,3175700
2019-09-30,270.989990234375,272.07000732421875,269.32000732421875,271.57000732421875,260.97430419921875,3128700
2019-10-01,271.489990234375,273.6499938964844,270.0400085449219,270.94000244140625,260.3689270019531,3066400
2019-10-02,268.1600036621094,268.94000244140625,262.5199890136719,264.4800109863281,254.16094970703125,4308900
2019-10-03,264.25,268.5400085449219,260.4100036621094,268.2900085449219,257.8222961425781,3948100
2019-10-04,269.510009765625,274.4800109863281,269.1600036621094,274.05999755859375,263.3670959472656,2671400
2019-10-07,271.30999755859375,273.5,270.4100036621094,272.19000244140625,261.57012939453125,2861900
2019-10-08,269.82000732421875,271.0799865722656,266.5899963378906,267.07000732421875,256.9614562988281,2818900
2019-10-09,269.9599914550781,273.1400146484375,269.5,272.239990234375,261.9356994628906,2169600
2019-10-10,271.55999755859375,274.7099914550781,271.260009765625,273.8299865722656,263.46551513671875,2194700
2019-10-11,276.20001220703125,280.0,275.1199951171875,275.9100036621094,265.4667663574219,3493000
2019-10-14,277.55999755859375,278.55999755859375,275.55999755859375,276.3800048828125,265.91900634765625,2042500
2019-10-15,277.2099914550781,279.9599914550781,275.9599914550781,278.55999755859375,268.0165710449219,3006600
2019-10-16,277.1000061035156,279.0299987792969,274.79998779296875,278.2699890136719,267.73736572265625,2689400
2019-10-17,279.3500061035156,280.44000244140625,275.92999267578125,276.510009765625,266.0441589355469,2396600
2019-10-18,275.239990234375,276.67999267578125,269.8999938964844,270.6300048828125,260.3866882324219,4052300
2019-10-21,271.92999267578125,274.3599853515625,269.5,274.29998779296875,263.9178161621094,2921200
2019-10-22,274.8999938964844,275.3500061035156,261.010009765625,261.260009765625,251.371337890625,5619500
2019-10-23,262.67999267578125,264.19000244140625,258.510009765625,260.8500061035156,250.97686767578125,5367000
2019-10-24,263.55999755859375,269.3299865722656,263.55999755859375,268.75,258.57781982421875,3791900
2019-10-25,266.260009765625,272.17999267578125,265.55999755859375,270.19000244140625,259.96337890625,2760200
2019-10-28,273.260009765625,275.92999267578125,271.3699951171875,275.92999267578125,265.4860534667969,3796600
2019-10-29,277.6000061035156,278.2900085449219,273.0799865722656,274.2900085449219,263.9080810546875,4706700
2019-10-30,274.6400146484375,277.4700012207031,273.0,277.1499938964844,266.6599426269531,3485500
2019-10-31,276.3800048828125,279.0899963378906,275.05999755859375,276.80999755859375,266.3327941894531,5356000
2019-11-01,279.0,280.3900146484375,276.1199951171875,279.04998779296875,268.48797607421875,2880000
2019-11-04,280.6400146484375,282.239990234375,275.80999755859375,276.3299865722656,265.8708801269531,3726600
2019-11-05,276.5,276.95001220703125,268.4200134277344,269.0,258.818359375,4717500
2019-11-06,270.29998779296875,271.6700134277344,268.8800048828125,269.8599853515625,259.6457824707031,3742900
2019-11-07,270.0199890136719,275.0799865722656,269.8599853515625,272.7900085449219,262.46502685546875,4277800
2019-11-08,271.70001220703125,274.95001220703125,271.70001220703125,274.8900146484375,264.48553466796875,2241300
2019-11-11,273.0799865722656,277.1300048828125,273.05999755859375,277.0,266.51556396484375,2132600
2019-11-12,277.6000061035156,279.5,275.7699890136719,277.1400146484375,266.6502380371094,2217200
2019-11-13,276.510009765625,280.4599914550781,275.0,278.07000732421875,267.54510498046875,3320600
2019-11-14,277.45001220703125,279.6300048828125,276.70001220703125,279.6300048828125,269.0460205078125,2365900
2019-11-15,280.6400146484375,280.8999938964844,278.1300048828125,280.7799987792969,270.1524353027344,2544200
2019-11-18,280.0,281.7699890136719,278.3999938964844,280.8599853515625,270.2294921875,2715900
2019-11-19,281.5199890136719,286.5799865722656,280.94000244140625,285.30999755859375,274.5110778808594,3013800
2019-11-20,285.0,287.7300109863281,282.8599853515625,285.3800048828125,274.57843017578125,2903900
2019-11-21,284.6000061035156,286.5199890136719,283.5899963378906,284.45001220703125,273.68359375,2777000
2019-11-22,284.8299865722656,285.3599853515625,281.2099914550781,282.57000732421875,271.8747863769531,2968100
2019-11-25,284.0,288.989990234375,283.70001220703125,287.6099853515625,276.7239990234375,3760200
2019-11-26,288.5,290.6499938964844,287.82000732421875,289.3800048828125,278.427001953125,5712800
2019-11-27,289.0299987792969,292.0,288.9100036621094,291.70001220703125,280.6591796875,2163500
2019-11-29,290.2300109863281,293.0,290.2300109863281,292.2300109863281,281.1691589355469,1754400
2019-12-02,290.5899963378906,290.75,283.8900146484375,286.4700012207031,275.6271667480469,3062300
2019-12-03,282.20001220703125,287.6000061035156,281.5,287.0899963378906,276.2236328125,2528300
2019-12-04,288.5,289.6199951171875,286.1199951171875,286.8399963378906,275.9830627441406,2743300
2019-12-05,287.95001220703125,290.95001220703125,286.3999938964844,289.8500061035156,278.8792724609375,2580300
2019-12-06,292.30999755859375,292.5,289.67999267578125,290.3999938964844,279.40838623046875,2425200
2019-12-09,289.19000244140625,290.9599914550781,288.260009765625,289.05999755859375,278.119140625,1903000
2019-12-10,289.0,290.1700134277344,287.7099914550781,288.6099853515625,277.6860656738281,2514300
2019-12-11,289.760009765625,290.32000732421875,288.1099853515625,290.04998779296875,279.0716552734375,2298100
2019-12-12,289.8999938964844,292.75,288.2699890136719,292.2099914550781,281.14996337890625,2746400
2019-12-13,290.7900085449219,296.5299987792969,289.79998779296875,296.0899963378906,284.8829650878906,3565400
2019-12-16,298.1099853515625,299.4800109863281,296.8599853515625,296.9599914550781,285.7200927734375,4210700
2019-12-17,298.5,298.5,293.7699890136719,296.0,284.79644775390625,3354500
2019-12-18,295.20001220703125,297.29998779296875,294.739990234375,294.739990234375,283.5840759277344,2902700
2019-12-19,294.489990234375,298.17999267578125,294.1099853515625,297.5299987792969,286.2685546875,2536900
2019-12-20,300.54998779296875,300.54998779296875,296.80999755859375,298.57000732421875,287.2691650390625,5099400
2019-12-23,298.739990234375,299.8299865722656,297.1000061035156,297.2699890136719,286.01837158203125,3590500
2019-12-24,297.9599914550781,298.30999755859375,296.6000061035156,297.4800109863281,286.2204284667969,641100
2019-12-26,298.1099853515625,299.3699951171875,297.79998779296875,299.20001220703125,287.8753356933594,1369200
2019-12-27,300.0,301.5299987792969,298.17999267578125,300.739990234375,289.35711669921875,2042600
2019-12-30,300.8299865722656,301.04998779296875,295.2799987792969,297.7200012207031,286.4513244628906,2717600
2019-12-31,296.1000061035156,298.92999267578125,295.7699890136719,298.5899963378906,287.2883605957031,2478600
2020-01-02,300.4599914550781,303.5299987792969,299.5,303.3900146484375,291.9067687988281,3272400
2020-01-03,299.4599914550781,302.4200134277344,298.6000061035156,300.42999267578125,289.0587463378906,2501300
2020-01-06,297.3599853515625,301.3299865722656,296.0199890136719,301.2300109863281,289.8284912109375,3307200
2020-01-07,301.739990234375,303.3800048828125,299.8800048828125,300.2099914550781,288.8470458984375,3182000
2020-01-08,300.7799987792969,306.95001220703125,300.510009765625,305.1000061035156,293.94366455078125,3224400
2020-01-09,308.2799987792969,310.94000244140625,308.0199890136719,309.1000061035156,297.79736328125,3292600
2020-01-10,311.5799865722656,311.95001220703125,308.739990234375,311.1700134277344,299.7917785644531,2948000
2020-01-13,313.260009765625,315.6400146484375,312.8999938964844,315.2099914550781,303.6839599609375,3236400
2020-01-14,316.17999267578125,316.4200134277344,309.8599853515625,310.6400146484375,299.2810974121094,4951400
2020-01-15,312.19000244140625,315.7300109863281,311.0400085449219,314.25,302.75909423828125,4664200
2020-01-16,317.5,320.3299865722656,314.989990234375,320.29998779296875,308.587890625,3323300
2020-01-17,321.42999267578125,324.0299987792969,319.239990234375,323.6600036621094,311.8250427246094,4821000
2020-01-21,322.4100036621094,325.6600036621094,321.489990234375,321.92999267578125,310.1582336425781,5998600
2020-01-22,324.95001220703125,326.7900085449219,324.1199951171875,324.30999755859375,312.451171875,3518500
2020-01-23,325.0,325.25,322.32000732421875,324.9800109863281,313.0967102050781,4188300
2020-01-24,326.57000732421875,327.0899963378906,321.6600036621094,323.6700134277344,311.8345947265625,3634700
2020-01-27,315.1000061035156,319.3599853515625,312.5,315.7699890136719,304.22344970703125,4367500
2020-01-28,315.79998779296875,321.5199890136719,315.4599914550781,320.2699890136719,308.5589294433594,3486200
2020-01-29,323.0,324.44000244140625,316.7699890136719,320.32000732421875,308.6071472167969,4389400
2020-01-30,319.0,324.70001220703125,318.010009765625,324.4599914550781,312.59576416015625,3512100
2020-01-31,323.1400146484375,324.4599914550781,314.5,315.94000244140625,304.3873291015625,5586800
2020-02-03,318.79998779296875,325.4800109863281,318.42999267578125,324.5199890136719,312.65350341796875,4240100
2020-02-04,328.239990234375,331.739990234375,326.2900085449219,329.1199951171875,317.0853576660156,4158200
2020-02-05,335.0,335.0,324.1700134277344,328.32000732421875,316.31463623046875,3868000
2020-02-06,329.32000732421875,331.2300109863281,327.67999267578125,329.29998779296875,317.2586669921875,3422000
2020-02-07,328.0,329.8500061035156,325.8699951171875,327.0,315.0428466796875,2584200
2020-02-10,325.6199951171875,330.2799987792969,325.510009765625,330.2799987792969,318.2029113769531,3848100
2020-02-11,335.0,335.5199890136719,329.6600036621094,330.9200134277344,318.81951904296875,3449300
2020-02-12,330.82000732421875,334.45001220703125,329.2200012207031,334.1600036621094,321.9410705566406,2451000
2020-02-13,332.30999755859375,337.8299865722656,332.1300048828125,335.8399963378906,323.55963134765625,3001000
2020-02-14,337.4599914550781,341.0400085449219,337.0299987792969,340.95001220703125,328.4827575683594,2716300
2020-02-18,341.6199951171875,343.1000061035156,340.3900146484375,341.239990234375,328.76214599609375,3597300
2020-02-19,343.989990234375,347.239990234375,342.6300048828125,344.55999755859375,331.9606628417969,3040300
2020-02-20,345.739990234375,347.25,338.1700134277344,344.45001220703125,331.8547668457031,4316000
2020-02-21,342.54998779296875,343.8900146484375,335.6099853515625,339.70001220703125,327.2784423828125,4997100
2020-02-24,317.510009765625,329.3399963378906,313.8399963378906,324.6700134277344,312.7980651855469,7816000
2020-02-25,321.3399963378906,323.2300109863281,300.760009765625,302.8900146484375,291.8145446777344,12715700
2020-02-26,302.0,307.8900146484375,297.8900146484375,298.0400085449219,287.1418151855469,9403300
2020-02-27,285.0299987792969,297.45001220703125,280.94000244140625,285.82000732421875,275.3687438964844,13814600
2020-02-28,274.8900146484375,290.3900146484375,273.54998779296875,290.25,279.6366271972656,12846000
2020-03-02,298.8900146484375,306.9599914550781,289.44000244140625,306.739990234375,295.52374267578125,9688100
2020-03-03,314.5899963378906,314.5899963378906,290.8299865722656,292.0,281.3226013183594,8051100
2020-03-04,299.1099853515625,302.79998779296875,292.75,302.3599853515625,291.3038024902344,6463800
2020-03-05,295.7099914550781,298.7099914550781,288.239990234375,290.7300109863281,280.0990905761719,6621300
2020-03-06,282.69000244140625,288.8500061035156,278.6199951171875,287.010009765625,276.51507568359375,7061500
2020-03-09,265.0,279.239990234375,261.17999267578125,262.010009765625,252.42935180664062,8498300
2020-03-10,276.4200134277344,280.8699951171875,262.8599853515625,280.57000732421875,270.3106994628906,8131400
2020-03-11,272.95001220703125,274.0400085449219,263.30999755859375,269.760009765625,259.8959045410156,8366800
2020-03-12,244.52999877929688,262.489990234375,240.92999267578125,241.5,232.66925048828125,15031500
2020-03-13,258.7799987792969,270.0299987792969,245.5,270.010009765625,260.1368103027344,9934900
2020-03-16,234.49000549316406,257.7300109863281,229.25999450683594,235.64999389648438,227.0331573486328,12111500
2020-03-17,240.47999572753906,250.5,231.9600067138672,237.8800048828125,229.181640625,12665200
2020-03-18,222.33999633789062,229.10000610351562,213.22000122070312,227.92999267578125,219.595458984375,11352800
2020-03-19,224.00999450683594,238.5,211.5500030517578,227.14999389648438,218.8439483642578,9126400
2020-03-20,236.02000427246094,236.02000427246094,210.0,211.4199981689453,203.68919372558594,10518600
2020-03-23,203.27999877929688,215.67999267578125,199.99000549316406,203.3000030517578,195.86610412597656,11588700
2020-03-24,215.9199981689453,238.44000244140625,215.0,237.07000732421875,228.40127563476562,11654800
2020-03-25,247.89999389648438,266.29998779296875,240.36000061035156,256.4800109863281,247.10147094726562,12642700
2020-03-26,257.8999938964844,265.80999755859375,252.6199951171875,263.17999267578125,253.55648803710938,9957900
2020-03-27,250.24000549316406,256.07000732421875,244.6999969482422,247.64999389648438,238.59439086914062,7819300
2020-03-30,245.85000610351562,254.25,244.64999389648438,253.25,243.98960876464844,5765800
2020-03-31,252.4600067138672,253.4199981689453,241.0800018310547,241.55999755859375,232.72706604003906,10373900
2020-04-01,230.94000244140625,237.10000610351562,227.10000610351562,228.61000061035156,220.2505645751953,6646200
2020-04-02,228.38999938964844,239.3699951171875,227.35000610351562,238.8800048828125,230.14505004882812,6446600
2020-04-03,236.97999572753906,239.8800048828125,230.30999755859375,237.02999877929688,228.3627166748047,4163000
2020-04-06,252.0,267.1099853515625,250.00999450683594,265.94000244140625,256.2155456542969,8636700
2020-04-07,281.6099853515625,282.8699951171875,258.4800109863281,259.0799865722656,249.60646057128906,8627300
2020-04-08,262.510009765625,271.8800048828125,258.9100036621094,270.95001220703125,261.4460754394531,5690100
2020-04-09,275.1300048828125,276.0,267.7200012207031,269.3999938964844,259.9504699707031,6662900
2020-04-13,268.20001220703125,268.70001220703125,255.75,263.3399963378906,254.1029815673828,7114400
2020-04-14,269.8800048828125,275.6400146484375,269.20001220703125,270.7200012207031,261.2240905761719,6354400
2020-04-15,260.510009765625,262.95001220703125,255.6199951171875,257.1400146484375,248.12046813964844,10240700
2020-04-16,258.3900146484375,258.3900146484375,244.7100067138672,246.75999450683594,238.1045379638672,11455400
2020-04-17,258.25,260.70001220703125,251.50999450683594,259.9700012207031,250.85118103027344,10412100
2020-04-20,254.50999450683594,256.6300048828125,249.6699981689453,251.72999572753906,242.90020751953125,6042700
2020-04-21,246.64999389648438,249.38999938964844,244.10000610351562,245.35000610351562,236.7440185546875,5964600
2020-04-22,251.4600067138672,258.6000061035156,251.0,256.9100036621094,247.8985137939453,5083200
2020-04-23,259.3900146484375,262.4200134277344,255.27000427246094,255.86000061035156,246.88536071777344,4270600
2020-04-24,258.42999267578125,259.8299865722656,252.8300018310547,258.760009765625,249.6836700439453,3824200
2020-04-27,260.2200012207031,265.7200012207031,259.510009765625,265.1199951171875,255.8204803466797,4099900
2020-04-28,270.3999938964844,272.6499938964844,262.9599914550781,264.6000061035156,255.3188018798828,4344000
2020-04-29,278.45001220703125,285.0,276.260009765625,283.69000244140625,273.7391357421875,8505000
2020-04-30,278.42999267578125,281.6300048828125,273.4100036621094,274.9700012207031,265.32501220703125,5898900
2020-05-01,268.70001220703125,273.989990234375,267.2099914550781,268.739990234375,259.31353759765625,5067800
2020-05-04,265.5,270.07000732421875,263.010009765625,269.260009765625,259.8153381347656,3747100
2020-05-05,276.8399963378906,277.8500061035156,273.29998779296875,273.9800109863281,264.3697509765625,3926200
2020-05-06,276.9599914550781,276.9599914550781,271.54998779296875,272.44000244140625,262.88372802734375,3261900
2020-05-07,277.80999755859375,282.45001220703125,277.239990234375,278.4700012207031,268.7022705078125,4371400
2020-05-08,283.3999938964844,283.4200134277344,279.5,282.44000244140625,272.5329895019531,3215400
2020-05-11,279.5,282.80999755859375,277.6300048828125,281.2300109863281,271.3655700683594,4056900
2020-05-12,280.45001220703125,282.3299865722656,272.1099853515625,272.1099853515625,262.5653381347656,4031400
2020-05-13,272.29998779296875,276.07000732421875,264.19000244140625,269.1600036621094,259.71875,4802100
2020-05-14,270.20001220703125,277.55999755859375,263.9599914550781,277.30999755859375,267.5829162597656,6294200
2020-05-15,276.0400085449219,279.1400146484375,273.2900085449219,278.94000244140625,269.1557922363281,3813300
2020-05-18,285.4599914550781,292.0899963378906,285.0,289.8999938964844,279.73126220703125,6037800
2020-05-19,289.1700134277344,297.82000732421875,287.489990234375,290.7300109863281,280.5321960449219,5211800
2020-05-20,295.75,301.1499938964844,295.3900146484375,298.79998779296875,288.3190612792969,4592200
2020-05-21,299.3699951171875,299.92999267578125,292.75,294.260009765625,283.9384765625,3944100
2020-05-22,295.05999755859375,296.79998779296875,293.010009765625,294.9100036621094,284.5656433105469,2897000
2020-05-26,304.6199951171875,305.0,301.94000244140625,303.3299865722656,292.69024658203125,5246900
2020-05-27,304.0,304.7300109863281,292.1199951171875,299.7699890136719,289.2551574707031,5147900
2020-05-28,300.9800109863281,310.0,298.8399963378906,302.29998779296875,291.6964416503906,4520800
2020-05-29,302.0,304.42999267578125,298.8699951171875,300.8900146484375,290.3359069824219,4930100
2020-06-01,300.79998779296875,303.05999755859375,297.8999938964844,301.3999938964844,290.8280334472656,2841800
2020-06-02,304.989990234375,306.1099853515625,301.69000244140625,303.5899963378906,292.9410705566406,4131300
2020-06-03,305.4800109863281,308.1099853515625,302.2099914550781,307.07000732421875,296.299072265625,3429700
2020-06-04,305.44000244140625,306.6199951171875,299.3399963378906,301.3699951171875,290.79901123046875,4147700
2020-06-05,306.80999755859375,312.17999267578125,305.6499938964844,311.8800048828125,300.94036865234375,5058200
2020-06-08,311.05999755859375,313.5799865722656,307.04998779296875,310.4100036621094,299.52197265625,3724300
2020-06-09,309.7799987792969,313.4700012207031,308.20001220703125,311.489990234375,300.56396484375,3314800
2020-06-10,312.3900146484375,316.05999755859375,310.2900085449219,313.1499938964844,302.1658630371094,4089000
2020-06-11,305.010009765625,306.489990234375,291.05999755859375,291.25,281.0339660644531,6505300
2020-06-12,298.7900085449219,299.989990234375,290.8900146484375,297.7900085449219,287.3446044921875,4512200
2020-06-15,290.0,298.9200134277344,288.75,297.1700134277344,286.7464294433594,5932900
2020-06-16,305.9100036621094,309.0899963378906,300.1099853515625,304.4800109863281,293.79998779296875,4013100
2020-06-17,305.0,307.4800109863281,303.0799865722656,303.760009765625,293.1051940917969,2566400
2020-06-18,301.8299865722656,305.1000061035156,300.5,304.8500061035156,294.1570129394531,2776600
2020-06-19,309.5,309.5,296.5,296.5,286.099853515625,4533500
2020-06-22,299.6000061035156,304.95001220703125,297.7300109863281,304.44000244140625,293.7613525390625,3489200
2020-06-23,307.0299987792969,310.42999267578125,304.4200134277344,306.8800048828125,296.11572265625,3801500
2020-06-24,305.0,305.5199890136719,293.05999755859375,294.010009765625,283.69720458984375,5086000
2020-06-25,294.1600036621094,298.3900146484375,290.6700134277344,298.010009765625,287.5568542480469,3294800
2020-06-26,296.8800048828125,298.1099853515625,289.1700134277344,289.3399963378906,279.1909484863281,4922500
2020-06-29,291.3399963378906,293.1499938964844,285.1499938964844,292.92999267578125,282.6549987792969,3642200
2020-06-30,293.0899963378906,296.6000061035156,291.010009765625,295.70001220703125,285.3279724121094,4283500
2020-07-01,295.9599914550781,303.2699890136719,295.1199951171875,301.1700134277344,290.60601806640625,3801300
2020-07-02,304.3299865722656,306.8900146484375,301.30999755859375,302.4200134277344,291.8122253417969,3290100
2020-07-06,306.6499938964844,307.32000732421875,303.1700134277344,305.57000732421875,294.8517761230469,3013300
2020-07-07,303.19000244140625,307.7900085449219,299.3999938964844,299.9100036621094,289.3902893066406,3633100
2020-07-08,300.9100036621094,301.5400085449219,297.3999938964844,300.1499938964844,290.0085754394531,4115000
2020-07-09,299.6199951171875,300.7200012207031,290.55999755859375,294.5899963378906,284.6365051269531,5042800
2020-07-10,294.0,296.9599914550781,291.5,295.67999267578125,285.6896667480469,3030900
2020-07-13,297.8599853515625,298.6199951171875,290.0199890136719,290.17999267578125,280.37548828125,4853700
2020-07-14,292.0,299.1000061035156,288.6499938964844,298.95001220703125,288.84918212890625,4795900
2020-07-15,303.0,306.7699890136719,301.3900146484375,305.7200012207031,295.39044189453125,5257300
2020-07-16,302.9700012207031,303.5299987792969,298.9100036621094,299.3500061035156,289.23565673828125,3312100
2020-07-17,301.7300109863281,305.239990234375,299.4100036621094,304.05999755859375,293.78656005859375,3169800
2020-07-20,301.9200134277344,314.989990234375,301.9200134277344,311.9599914550781,301.41949462890625,5279400
2020-07-21,313.0,314.04998779296875,306.29998779296875,307.6000061035156,297.2069091796875,3562100
2020-07-22,308.1300048828125,313.57000732421875,308.1300048828125,313.3699951171875,302.7819519042969,3303100
2020-07-23,313.54998779296875,317.239990234375,308.7200012207031,309.8999938964844,299.4291687011719,3118500
2020-07-24,306.4800109863281,310.7300109863281,304.5400085449219,306.9200134277344,296.5498352050781,2500300
2020-07-27,307.05999755859375,310.0,306.0199890136719,308.8599853515625,298.4243469238281,2311600
2020-07-28,308.5,310.20001220703125,306.0299987792969,306.3299865722656,295.979736328125,2116300
2020-07-29,304.5,311.6600036621094,304.1199951171875,309.29998779296875,298.84942626953125,3542400
2020-07-30,304.0,312.82000732421875,303.0400085449219,309.0,298.55950927734375,3941600
2020-07-31,310.0,310.0899963378906,305.6099853515625,308.5299987792969,298.1054382324219,4684400
2020-08-03,311.0,313.5,309.29998779296875,312.5899963378906,302.0282897949219,3907800
2020-08-04,312.5,315.69000244140625,311.1000061035156,314.3900146484375,303.7674865722656,3409200
2020-08-05,316.3699951171875,329.67999267578125,315.8699951171875,328.0,316.9176330566406,5677200
2020-08-06,327.3999938964844,331.2200012207031,325.8999938964844,330.1400146484375,318.98529052734375,4839800
2020-08-07,328.0,328.3299865722656,323.92999267578125,328.0199890136719,316.9369201660156,3662500
2020-08-10,327.19000244140625,329.739990234375,321.8599853515625,322.8800048828125,311.9706115722656,3752100
2020-08-11,325.0,334.54998779296875,323.5799865722656,328.5400085449219,317.43939208984375,5273300
2020-08-12,328.6600036621094,331.3999938964844,326.20001220703125,327.6300048828125,316.56011962890625,3125900
2020-08-13,325.92999267578125,329.8299865722656,325.6199951171875,326.19000244140625,315.168701171875,2526700
2020-08-14,325.6700134277344,327.6400146484375,324.80999755859375,326.79998779296875,315.75811767578125,1444900
2020-08-17,327.0,331.2300109863281,326.67999267578125,330.2300109863281,319.0722961425781,2904100
2020-08-18,330.20001220703125,331.3999938964844,326.3500061035156,331.0,319.8162536621094,3021700
2020-08-19,330.0400085449219,334.4599914550781,330.0,332.3999938964844,321.1689147949219,3421000
2020-08-20,330.19000244140625,338.0,330.19000244140625,337.32000732421875,325.92266845703125,2966000
2020-08-21,338.0,338.79998779296875,335.9700012207031,337.1000061035156,325.71014404296875,2680900
2020-08-24,339.3599853515625,343.8299865722656,338.75,343.6400146484375,332.0292053222656,2753900
2020-08-25,344.7099914550781,348.4599914550781,343.3299865722656,347.6600036621094,335.913330078125,2862700
2020-08-26,348.0,352.2900085449219,345.5,351.0199890136719,339.1597900390625,3512000
2020-08-27,351.7300109863281,358.0,350.5799865722656,356.0,343.9715881347656,3811700
2020-08-28,357.4800109863281,367.25,356.1600036621094,366.1199951171875,353.7495422363281,3544700
2020-08-31,366.6300048828125,366.6300048828125,357.69000244140625,358.19000244140625,346.0876159667969,3948200
2020-09-01,357.7099914550781,359.44000244140625,353.55999755859375,356.8999938964844,344.84112548828125,4409600
2020-09-02,357.3900146484375,361.6000061035156,356.2799987792969,360.70001220703125,348.51275634765625,4127200
2020-09-03,358.4700012207031,358.94000244140625,341.260009765625,343.8399963378906,332.2223815917969,6297400
2020-09-04,343.0,346.989990234375,326.54998779296875,335.010009765625,323.6907043457031,6571200
2020-09-08,328.760009765625,335.7099914550781,326.8999938964844,329.8800048828125,318.73406982421875,4425700
2020-09-09,337.3900146484375,342.760009765625,332.3699951171875,339.6400146484375,328.1642761230469,3344900
2020-09-10,342.5,345.1300048828125,331.1400146484375,332.8800048828125,321.6327209472656,2845900
2020-09-11,334.7099914550781,334.7099914550781,327.30999755859375,330.1499938964844,318.9950256347656,2920400
2020-09-14,334.9700012207031,340.0,334.0199890136719,338.6000061035156,327.1594543457031,3416100
2020-09-15,342.739990234375,343.92999267578125,338.5299987792969,339.1400146484375,327.6811828613281,2396400
2020-09-16,341.2799987792969,346.0400085449219,339.7900085449219,341.8500061035156,330.2997131347656,3049000
2020-09-17,337.1400146484375,343.7200012207031,336.0,339.42999267578125,327.9613952636719,3713000
2020-09-18,338.2099914550781,341.1400146484375,333.3699951171875,335.260009765625,323.9322814941406,4006000
2020-09-21,329.4700012207031,331.6700134277344,320.80999755859375,327.8500061035156,316.7726745605469,4466000
2020-09-22,329.510009765625,336.0299987792969,325.1099853515625,335.30999755859375,323.980712890625,3375300
2020-09-23,334.8399963378906,335.1700134277344,323.4700012207031,324.5299987792969,313.5648498535156,2893900
2020-09-24,323.20001220703125,330.7799987792969,321.17999267578125,328.2099914550781,317.1204833984375,3706300
2020-09-25,325.6499938964844,333.4800109863281,322.1000061035156,331.7799987792969,320.5699157714844,3077500
2020-09-28,336.6099853515625,340.57000732421875,335.80999755859375,338.3900146484375,326.95660400390625,3122500
2020-09-29,338.3900146484375,340.7200012207031,335.82000732421875,336.2300109863281,324.8694763183594,2679500
2020-09-30,336.70001220703125,343.6499938964844,336.4200134277344,338.1700134277344,326.7439880371094,3285200
2020-10-01,342.239990234375,346.70001220703125,340.2799987792969,343.3699951171875,331.768310546875,2503600
2020-10-02,338.2699890136719,342.6099853515625,336.010009765625,338.8299865722656,327.3817138671875,2184600
2020-10-05,341.67999267578125,343.25,338.9700012207031,343.25,331.65234375,2081600
2020-10-06,342.05999755859375,346.3599853515625,336.2200012207031,337.42999267578125,326.0290222167969,2553400
2020-10-07,341.7799987792969,344.6499938964844,340.3399963378906,343.8999938964844,332.2803649902344,3068200
2020-10-08,345.010009765625,347.69000244140625,344.239990234375,345.1499938964844,333.87652587890625,1991800
2020-10-09,347.989990234375,353.3599853515625,347.0,352.3900146484375,340.8800048828125,3116500
2020-10-12,355.0,355.0,350.82000732421875,352.0400085449219,340.54144287109375,2942900
2020-10-13,351.42999267578125,351.5,345.0199890136719,345.8399963378906,334.5439758300781,2523800
2020-10-14,345.760009765625,347.19000244140625,341.19000244140625,342.70001220703125,331.5065002441406,2234300
2020-10-15,338.29998779296875,339.6099853515625,332.82000732421875,338.57000732421875,327.51141357421875,3727300
2020-10-16,340.0,344.9800109863281,339.2300109863281,339.3999938964844,328.314208984375,3324600
2020-10-19,340.1199951171875,341.29998779296875,330.42999267578125,331.6700134277344,320.8367919921875,2937600
2020-10-20,333.0400085449219,336.79998779296875,331.67999267578125,331.7200012207031,320.88507080078125,2677800
2020-10-21,332.489990234375,336.32000732421875,331.29998779296875,333.4200134277344,322.5296325683594,2725300
2020-10-22,333.3699951171875,335.3800048828125,329.25,333.6000061035156,322.7037353515625,2256000
2020-10-23,335.69000244140625,335.69000244140625,328.30999755859375,329.6099853515625,318.8440246582031,2945400
2020-10-26,326.4100036621094,327.239990234375,314.2300109863281,318.05999755859375,307.67132568359375,5173300
2020-10-27,318.8999938964844,319.55999755859375,312.3599853515625,317.1099853515625,306.7523498535156,4314900
2020-10-28,301.69000244140625,302.0,288.6000061035156,291.3800048828125,281.8626708984375,11518200
2020-10-29,293.20001220703125,295.29998779296875,287.54998779296875,293.17999267578125,283.6039733886719,9582300
2020-10-30,289.8500061035156,291.8500061035156,281.20001220703125,288.6400146484375,279.2122802734375,6892800
2020-11-02,294.239990234375,294.8399963378906,288.1199951171875,289.9700012207031,280.498779296875,5094900
2020-11-03,294.45001220703125,300.3399963378906,291.7799987792969,295.3900146484375,285.74176025390625,4097700
2020-11-04,305.0899963378906,312.7200012207031,302.239990234375,307.20001220703125,297.1660461425781,4790100
2020-11-05,315.1400146484375,319.3500061035156,313.5799865722656,316.5299987792969,306.1913146972656,3794400
2020-11-06,315.9800109863281,316.489990234375,310.0899963378906,313.6400146484375,303.3956604003906,2978500
2020-11-09,346.9200134277344,357.0,340.8999938964844,344.55999755859375,333.3056640625,10933700
2020-11-10,339.989990234375,345.8599853515625,333.44000244140625,334.7799987792969,323.84515380859375,5330400
2020-11-11,337.4100036621094,337.70001220703125,331.07000732421875,332.3900146484375,321.5332946777344,2969900
2020-11-12,329.05999755859375,333.0899963378906,326.29998779296875,328.2900085449219,317.5671081542969,3207700
2020-11-13,330.29998779296875,336.1099853515625,327.3399963378906,335.0299987792969,324.0870666503906,2393700
2020-11-16,341.79998779296875,342.6499938964844,333.1700134277344,335.45001220703125,324.4933166503906,3312800
2020-11-17,333.1700134277344,337.7699890136719,330.7200012207031,336.5,325.5090637207031,3412700
2020-11-18,336.5299987792969,340.95001220703125,334.8599853515625,335.94000244140625,324.96734619140625,3203400
2020-11-19,335.489990234375,339.1600036621094,331.4200134277344,333.8800048828125,322.974609375,2718700
2020-11-20,334.7799987792969,335.1600036621094,323.0,323.0,312.449951171875,4142400
2020-11-23,326.2099914550781,333.20001220703125,324.3699951171875,332.0400085449219,321.19476318359375,3219000
2020-11-24,336.9100036621094,344.1099853515625,334.1199951171875,342.3900146484375,331.2066345214844,3529700
2020-11-25,343.7099914550781,343.7099914550781,339.3399963378906,341.32000732421875,330.1716003417969,2535200
2020-11-27,342.8299865722656,342.8800048828125,337.6099853515625,339.07000732421875,327.9950866699219,1402300
2020-11-30,337.6600036621094,338.04998779296875,330.17999267578125,336.510009765625,325.51873779296875,4276200
2020-12-01,339.6700134277344,342.6300048828125,337.6199951171875,338.8800048828125,327.8113098144531,4210400
2020-12-02,336.7799987792969,340.239990234375,334.0,340.2200012207031,329.10760498046875,2972100
2020-12-03,338.55999755859375,342.32000732421875,334.1199951171875,335.1400146484375,324.1935119628906,3080300
2020-12-04,336.9200134277344,344.3500061035156,335.79998779296875,344.3500061035156,333.10260009765625,4323600
2020-12-07,343.3599853515625,347.989990234375,340.04998779296875,340.9599914550781,329.82330322265625,2389800
2020-12-08,338.2799987792969,342.8299865722656,336.70001220703125,340.7900085449219,329.6589050292969,2224600
2020-12-09,340.4100036621094,341.7099914550781,334.69000244140625,336.8500061035156,325.8476257324219,2962600
2020-12-10,334.6499938964844,335.5400085449219,331.19000244140625,331.5199890136719,320.6916198730469,3506800
2020-12-11,327.0899963378906,331.57000732421875,325.5299987792969,327.4200134277344,316.72564697265625,4179400
2020-12-14,329.0,338.75,327.5899963378906,331.1499938964844,320.333740234375,3552400
2020-12-15,333.1600036621094,335.2200012207031,327.6199951171875,333.6499938964844,322.75213623046875,3104600
2020-12-16,333.9599914550781,334.0,329.25,332.1000061035156,321.25286865234375,3393300
2020-12-17,334.5400085449219,338.3299865722656,333.3999938964844,336.8999938964844,325.89599609375,2725500
2020-12-18,336.510009765625,341.6000061035156,334.3500061035156,340.3299865722656,329.2138671875,8443700
2020-12-21,333.2099914550781,336.1499938964844,327.239990234375,334.3699951171875,323.4485778808594,3642500
2020-12-22,334.1600036621094,335.2200012207031,331.6000061035156,332.239990234375,321.3881530761719,2403100
2020-12-23,334.1300048828125,335.2099914550781,329.0299987792969,329.2300109863281,318.4764099121094,2760600
2020-12-24,330.6499938964844,336.3699951171875,330.3500061035156,336.0,325.02532958984375,1308900
2020-12-28,337.8599853515625,345.5899963378906,336.8699951171875,344.4700012207031,333.2186584472656,3449100
2020-12-29,347.7799987792969,348.75,344.760009765625,346.6600036621094,335.337158203125,2822700
2020-12-30,348.67999267578125,357.82000732421875,347.2099914550781,355.54998779296875,343.936767578125,4200600
2020-12-31,355.0299987792969,359.4100036621094,353.25,356.94000244140625,345.2813415527344,2881700
2021-01-04,358.0,358.1300048828125,347.3599853515625,351.489990234375,340.0093078613281,4638400
2021-01-05,348.79998779296875,353.0,345.44000244140625,347.4200134277344,336.0723876953125,2990700
2021-01-06,350.4200134277344,354.0299987792969,344.55999755859375,347.54998779296875,336.1980895996094,3966800
2021-01-07,348.95001220703125,352.3699951171875,348.3800048828125,349.8599853515625,338.8616027832031,3100200
2021-01-08,351.3599853515625,354.9800109863281,349.489990234375,353.8500061035156,342.72625732421875,3371500
2021-01-11,352.1099853515625,353.4200134277344,347.7900085449219,348.20001220703125,337.2538757324219,2403000
2021-01-12,347.0799865722656,348.0,336.0299987792969,342.9200134277344,332.1397705078125,4858100
2021-01-13,349.6099853515625,349.760009765625,344.2300109863281,346.3299865722656,335.4426574707031,4125700
2021-01-14,348.69000244140625,349.5799865722656,326.69000244140625,326.92999267578125,316.65252685546875,8712200
2021-01-15,327.5400085449219,329.69000244140625,321.8800048828125,323.260009765625,313.0978698730469,7911500
2021-01-19,326.989990234375,329.1300048828125,324.6600036621094,325.94000244140625,315.693603515625,4625200
2021-01-20,329.989990234375,337.92999267578125,329.1300048828125,334.9100036621094,324.38165283203125,5081000
2021-01-21,334.4100036621094,336.8599853515625,331.75,334.44000244140625,323.9263916015625,3484900
2021-01-22,330.3900146484375,335.1499938964844,328.9100036621094,328.989990234375,318.6477355957031,3846600
2021-01-25,327.510009765625,329.95001220703125,317.2300109863281,329.19000244140625,318.84136962890625,6257700
2021-01-26,330.0,330.5400085449219,325.82000732421875,327.70001220703125,317.39825439453125,3503100
2021-01-27,320.3599853515625,323.0,313.1199951171875,315.489990234375,305.5720520019531,7449400
2021-01-28,327.0899963378906,329.0,321.9800109863281,324.2799987792969,314.0858154296875,6906400
2021-01-29,323.79998779296875,325.67999267578125,312.3800048828125,316.2900085449219,306.3468933105469,7627200
2021-02-01,320.9100036621094,323.5199890136719,317.5799865722656,321.55999755859375,311.4512023925781,4930700
2021-02-02,323.45001220703125,336.1600036621094,323.45001220703125,334.3699951171875,323.85858154296875,5686000
2021-02-03,333.8399963378906,336.0,331.07000732421875,332.82000732421875,322.3573303222656,4036800
2021-02-04,335.3699951171875,343.25,335.05999755859375,340.8299865722656,330.1155090332031,4537500
2021-02-05,342.5199890136719,344.3299865722656,337.3900146484375,338.75,328.1009216308594,2964800
2021-02-08,340.0,341.489990234375,335.5299987792969,337.0299987792969,326.4349670410156,2652800
2021-02-09,335.95001220703125,336.2200012207031,330.0,333.44000244140625,322.9578857421875,2993300
2021-02-10,335.0,335.4700012207031,332.25,334.2099914550781,323.7035827636719,4246300
2021-02-11,345.5,349.5899963378906,340.25,342.8699951171875,332.0913391113281,5110800
2021-02-12,341.3299865722656,343.1199951171875,336.70001220703125,341.0,330.2801818847656,3025100
2021-02-16,343.20001220703125,344.0,338.07000732421875,341.2099914550781,330.48358154296875,2916900
2021-02-17,339.0400085449219,340.3800048828125,335.8399963378906,337.3299865722656,326.7255859375,2267000
2021-02-18,334.489990234375,339.95001220703125,332.8399963378906,338.4599914550781,327.82000732421875,2393700
2021-02-19,338.44000244140625,339.0,331.0,333.1700134277344,322.6962890625,4095800
2021-02-22,330.0,344.1199951171875,328.7699890136719,340.6600036621094,329.95086669921875,4940300
2021-02-23,340.6499938964844,354.2799987792969,338.4100036621094,350.4200134277344,339.4041442871094,6326600
2021-02-24,352.8699951171875,368.7900085449219,350.57000732421875,367.32000732421875,355.7727966308594,7467400
2021-02-25,364.55999755859375,367.32000732421875,352.2099914550781,354.57000732421875,343.423583984375,5207500
2021-02-26,357.0799865722656,359.3900146484375,347.1199951171875,353.8500061035156,342.72625732421875,4868500
2021-03-01,360.67999267578125,366.45001220703125,359.17999267578125,362.8999938964844,351.4917297363281,4382900
2021-03-02,362.0,366.6099853515625,359.3399963378906,362.82000732421875,351.4142150878906,3559200
2021-03-03,360.0,365.42999267578125,355.45001220703125,360.25,348.925048828125,3692300
2021-03-04,360.1000061035156,361.6300048828125,344.67999267578125,349.5,338.5129699707031,4572000
2021-03-05,354.9200134277344,361.7900085449219,346.4200134277344,360.8800048828125,349.5352783203125,4643200
2021-03-08,362.3999938964844,382.4599914550781,361.7900085449219,371.3299865722656,359.65667724609375,7213300
2021-03-09,375.0,387.32000732421875,372.7200012207031,376.5199890136719,364.68353271484375,5832800
2021-03-10,376.6000061035156,384.0,373.0,381.70001220703125,369.7006530761719,4509500
2021-03-11,385.5,389.5,382.6000061035156,384.3800048828125,372.2965393066406,3729700
2021-03-12,381.1400146484375,383.92999267578125,379.239990234375,382.7099914550781,370.6789855957031,2467500
2021-03-15,383.30999755859375,387.8599853515625,378.6400146484375,381.760009765625,369.75885009765625,4216200
2021-03-16,382.70001220703125,385.2799987792969,378.69000244140625,382.3800048828125,370.359375,3445100
2021-03-17,381.8500061035156,385.1000061035156,375.8699951171875,378.67999267578125,366.77569580078125,3240900
2021-03-18,375.0299987792969,375.4800109863281,365.0400085449219,367.0,355.46282958984375,7205200
2021-03-19,364.79998779296875,366.2799987792969,350.1400146484375,356.510009765625,345.30255126953125,12224300
2021-03-22,355.94000244140625,361.6499938964844,354.0,358.3999938964844,347.1331481933594,4140400
2021-03-23,359.29998779296875,359.29998779296875,353.510009765625,355.2699890136719,344.1014709472656,3756300
2021-03-24,357.0799865722656,364.989990234375,356.0,359.6499938964844,348.3438415527344,3550000
2021-03-25,358.010009765625,359.4700012207031,354.1499938964844,358.3599853515625,347.0944519042969,2961800
2021-03-26,359.92999267578125,366.6099853515625,357.260009765625,366.1400146484375,354.6299133300781,2741200
2021-03-29,364.239990234375,365.3500061035156,358.6099853515625,362.9100036621094,351.5013427734375,4054900
2021-03-30,360.7799987792969,364.57000732421875,357.1000061035156,358.20001220703125,346.93951416015625,2885800
2021-03-31,359.5899963378906,361.5,355.7799987792969,356.04998779296875,344.85711669921875,4372600
2021-04-01,357.0400085449219,363.3999938964844,355.239990234375,363.29998779296875,351.87921142578125,3701800
2021-04-05,366.79998779296875,370.5199890136719,364.3399963378906,368.32000732421875,356.74139404296875,2180300
2021-04-06,364.8999938964844,370.75,362.5,369.57000732421875,357.95208740234375,2661900
2021-04-07,369.1400146484375,373.9599914550781,369.0,371.0799865722656,359.41455078125,2958300
2021-04-08,373.0,379.30999755859375,372.75,377.739990234375,366.2994384765625,3528400
2021-04-09,376.0799865722656,380.3500061035156,374.44000244140625,380.0799865722656,368.56866455078125,2429300
2021-04-12,378.0799865722656,380.94000244140625,376.17999267578125,379.8399963378906,368.3359069824219,2896600
2021-04-13,379.05999755859375,380.1000061035156,376.79998779296875,378.1300048828125,366.67767333984375,2652800
2021-04-14,377.0,380.95001220703125,375.6000061035156,378.32000732421875,366.86199951171875,2317400
2021-04-15,381.1700134277344,387.3699951171875,380.9700012207031,386.489990234375,374.7844543457031,2942200
2021-04-16,389.0,389.1000061035156,383.6700134277344,386.1700134277344,374.47430419921875,2725500
2021-04-19,384.8999938964844,387.739990234375,381.32000732421875,382.1600036621094,370.585693359375,3360900
2021-04-20,380.19000244140625,381.30999755859375,373.55999755859375,376.6300048828125,365.22308349609375,3135900
2021-04-21,378.5899963378906,384.1000061035156,376.6700134277344,383.1000061035156,371.4971618652344,2466300
2021-04-22,383.0799865722656,389.5,381.989990234375,383.3599853515625,371.749267578125,3713700
2021-04-23,384.3500061035156,389.8800048828125,383.4599914550781,387.05999755859375,375.3373107910156,2294800
2021-04-26,387.8299865722656,392.94000244140625,387.1000061035156,387.4700012207031,375.73486328125,2255000
2021-04-27,388.2200012207031,390.42999267578125,386.1400146484375,389.07000732421875,377.2863464355469,2270000
2021-04-28,390.70001220703125,401.5,390.70001220703125,395.6499938964844,383.6670227050781,4065300
2021-04-29,391.5,392.3900146484375,383.80999755859375,388.95001220703125,377.17010498046875,4637100
2021-04-30,382.8599853515625,385.0,375.6099853515625,382.05999755859375,370.4886474609375,4043200
2021-05-03,385.4700012207031,386.8699951171875,376.8500061035156,379.3999938964844,367.90924072265625,3344100
2021-05-04,377.07000732421875,378.2099914550781,371.5799865722656,375.9100036621094,364.5249328613281,3321200
2021-05-05,377.92999267578125,379.6400146484375,368.0299987792969,369.1400146484375,357.9599914550781,2993900
2021-05-06,371.1400146484375,375.7300109863281,365.70001220703125,375.4800109863281,364.1079406738281,3787300
2021-05-07,377.260009765625,378.6400146484375,373.55999755859375,375.3999938964844,364.0303649902344,2935900
2021-05-10,375.7900085449219,376.0,365.4100036621094,366.3399963378906,355.244873046875,3193700
2021-05-11,361.010009765625,368.92999267578125,359.2699890136719,367.6099853515625,356.47637939453125,3073100
2021-05-12,364.75,365.3800048828125,355.6400146484375,356.6199951171875,345.81915283203125,3293200
2021-05-13,359.3299865722656,362.8399963378906,357.9200134277344,360.0199890136719,349.1161193847656,2626000
2021-05-14,363.0299987792969,364.7099914550781,361.489990234375,363.9100036621094,352.8883972167969,2959700
2021-05-17,362.29998779296875,364.05999755859375,358.05999755859375,363.29998779296875,352.29693603515625,2511600
2021-05-18,367.0,369.8399963378906,362.8800048828125,363.07000732421875,352.0738220214844,3421200
2021-05-19,357.3299865722656,361.1499938964844,355.3699951171875,360.9800109863281,350.04718017578125,3577900
2021-05-20,362.94000244140625,369.4100036621094,362.489990234375,367.70001220703125,356.5635681152344,4087500
2021-05-21,369.1400146484375,372.5299987792969,367.4599914550781,367.6000061035156,356.4666442871094,2708700
2021-05-24,370.0799865722656,373.739990234375,369.6400146484375,372.3800048828125,361.1018371582031,2351500
2021-05-25,373.1300048828125,373.75,366.82000732421875,367.2200012207031,356.0981750488281,3916300
2021-05-26,369.0,369.9100036621094,362.04998779296875,362.6499938964844,351.66656494140625,3101900
2021-05-27,364.54998779296875,366.3999938964844,360.5400085449219,362.0,351.0362548828125,5416300
2021-05-28,363.5,365.4100036621094,360.4200134277344,360.5799865722656,349.6592102050781,3624300
2021-06-01,364.4800109863281,365.3999938964844,359.5400085449219,359.7900085449219,348.8931579589844,3119700
2021-06-02,363.5299987792969,371.1700134277344,362.8800048828125,366.8500061035156,355.7393493652344,3531000
2021-06-03,363.3599853515625,366.69000244140625,361.7300109863281,361.82000732421875,350.8616943359375,2605900
2021-06-04,364.30999755859375,366.6300048828125,363.70001220703125,366.0199890136719,354.93450927734375,2295200
2021-06-07,367.79998779296875,371.3500061035156,363.2799987792969,364.0799865722656,353.05322265625,2133400
2021-06-08,365.0,367.67999267578125,363.2300109863281,365.260009765625,354.1975402832031,3224200
2021-06-09,366.94000244140625,369.32000732421875,363.3299865722656,363.3299865722656,352.325927734375,2520900
2021-06-10,364.69000244140625,365.6400146484375,361.9599914550781,364.29998779296875,353.2666015625,2460200
2021-06-11,365.5400085449219,366.8500061035156,363.79998779296875,365.5,354.4302062988281,2708300
2021-06-14,366.0,366.6300048828125,362.1000061035156,366.5199890136719,355.4193420410156,2515300
2021-06-15,367.3399963378906,368.75,362.739990234375,368.1199951171875,356.9709167480469,3562500
2021-06-16,369.3800048828125,369.3800048828125,361.29998779296875,363.82000732421875,352.8011779785156,3081000
2021-06-17,363.5,369.1499938964844,361.2300109863281,367.2900085449219,356.1661071777344,3824900
2021-06-18,362.1199951171875,370.3800048828125,362.0,367.4200134277344,356.2921142578125,5009400
2021-06-21,368.6199951171875,376.45001220703125,366.20001220703125,373.0899963378906,361.7903137207031,3094600
2021-06-22,373.989990234375,378.760009765625,372.0199890136719,378.0400085449219,366.59039306640625,3582700
2021-06-23,378.0,378.7200012207031,374.2900085449219,375.1400146484375,363.7782287597656,2241800
2021-06-24,379.0,380.05999755859375,372.8999938964844,374.75,363.4001770019531,2788200
2021-06-25,375.45001220703125,379.6499938964844,373.3299865722656,379.6099853515625,368.1128234863281,3983900
2021-06-28,380.9200134277344,380.9200134277344,365.1199951171875,367.67999267578125,356.5441589355469,4800300
2021-06-29,369.010009765625,371.3900146484375,367.9100036621094,368.0,356.8545227050781,3394300
2021-06-30,367.95001220703125,370.1700134277344,364.2699890136719,365.0899963378906,354.0326843261719,2884900
2021-07-01,366.04998779296875,371.2099914550781,365.6000061035156,370.7099914550781,359.4823913574219,3108500
2021-07-02,372.69000244140625,375.489990234375,372.1499938964844,375.0299987792969,363.6716003417969,2786500
2021-07-06,376.6499938964844,378.239990234375,371.5,376.1199951171875,364.7285461425781,2740500
2021-07-07,376.7900085449219,378.1499938964844,372.45001220703125,373.9200134277344,362.59521484375,3176600
2021-07-08,367.5,370.5899963378906,365.6499938964844,370.19000244140625,359.401123046875,2809000
2021-07-09,371.8500061035156,373.4800109863281,369.8900146484375,372.94000244140625,362.0708923339844,2404800
2021-07-12,375.0,376.07000732421875,372.0799865722656,375.55999755859375,364.6145935058594,2648300
2021-07-13,375.54998779296875,386.6400146484375,375.54998779296875,383.7099914550781,372.5269775390625,5161000
2021-07-14,382.9800109863281,391.6300048828125,382.9800109863281,390.79998779296875,379.410400390625,4140500
2021-07-15,390.1400146484375,393.29998779296875,387.45001220703125,390.2300109863281,378.85711669921875,3773000
2021-07-16,393.1499938964844,393.4599914550781,385.3299865722656,387.1199951171875,375.83758544921875,2706500
2021-07-19,378.0,378.6000061035156,363.3699951171875,365.45001220703125,354.79925537109375,6814400
2021-07-20,367.0,376.6000061035156,365.2699890136719,374.3900146484375,363.47869873046875,3542200
2021-07-21,376.0299987792969,380.8999938964844,375.04998779296875,380.05999755859375,368.98345947265625,2393100
2021-07-22,380.29998779296875,382.8599853515625,377.04998779296875,382.1600036621094,371.022216796875,4180300
2021-07-23,385.0899963378906,394.5,385.0899963378906,393.260009765625,381.7987365722656,3720300
2021-07-26,391.6700134277344,392.8900146484375,388.2699890136719,392.79998779296875,381.3521728515625,2285800
2021-07-27,390.0,395.2799987792969,385.8900146484375,390.2699890136719,378.89593505859375,2783800
2021-07-28,391.6199951171875,391.7300109863281,382.3299865722656,383.44000244140625,372.2649230957031,3372600
2021-07-29,387.5,394.739990234375,387.5,388.80999755859375,377.4784851074219,3774000
2021-07-30,389.0,389.0,383.0799865722656,385.94000244140625,374.6921081542969,2533300
2021-08-02,389.29998779296875,389.9800109863281,373.79998779296875,375.260009765625,364.3233947753906,3430300
2021-08-03,376.6600036621094,376.6700134277344,359.57000732421875,367.6000061035156,356.8866271972656,6328500
2021-08-04,367.2799987792969,369.260009765625,363.42999267578125,368.010009765625,357.28466796875,3203200
2021-08-05,368.20001220703125,371.9599914550781,367.0,371.94000244140625,361.10003662109375,2562400
2021-08-06,371.4200134277344,375.5,371.0,374.5299987792969,363.6146240234375,2038500
2021-08-09,374.19000244140625,374.5,368.8900146484375,370.67999267578125,359.87677001953125,2400800
2021-08-10,372.2900085449219,372.75,364.1099853515625,367.8399963378906,357.1195373535156,3225000
2021-08-11,368.54998779296875,369.9599914550781,363.75,364.239990234375,353.6244812011719,3267700
2021-08-12,362.57000732421875,363.2200012207031,357.8500061035156,361.9800109863281,351.4303894042969,3802900
2021-08-13,362.260009765625,363.5,360.6300048828125,362.75,352.177978515625,2304600
2021-08-16,360.5,363.80999755859375,356.6199951171875,363.55999755859375,352.96429443359375,2937300
2021-08-17,362.0,364.4599914550781,359.7900085449219,363.2300109863281,352.6438903808594,2812800
2021-08-18,361.17999267578125,365.67999267578125,360.5899963378906,360.95001220703125,350.4303283691406,2774500
2021-08-19,356.8999938964844,360.1400146484375,354.7200012207031,357.30999755859375,346.896484375,2727900
2021-08-20,357.3599853515625,358.32000732421875,353.3299865722656,354.989990234375,344.6440734863281,4135900
2021-08-23,357.4700012207031,362.239990234375,356.75,361.010009765625,350.4886779785156,3537900
2021-08-24,363.0299987792969,366.1000061035156,361.4700012207031,361.7799987792969,351.2362060546875,3032000
2021-08-25,361.9599914550781,362.3999938964844,358.5,359.1000061035156,348.63427734375,2340400
2021-08-26,358.0,358.20001220703125,351.79998779296875,352.8599853515625,342.5761413574219,3946300
2021-08-27,352.4599914550781,356.5,351.6499938964844,355.7300109863281,345.3625183105469,3698300
2021-08-30,354.79998779296875,358.0400085449219,352.25,353.04998779296875,342.7605895996094,4032100
2021-08-31,352.94000244140625,355.2200012207031,344.67999267578125,346.2300109863281,336.1394348144531,6780400
2021-09-01,347.3800048828125,352.04998779296875,347.29998779296875,349.57000732421875,339.382080078125,4499600
2021-09-02,350.510009765625,350.5400085449219,339.3299865722656,341.2799987792969,331.3336486816406,7412000
2021-09-03,339.92999267578125,344.1400146484375,338.92999267578125,340.2300109863281,330.3143005371094,5171000
2021-09-07,344.8900146484375,348.0,343.0199890136719,344.7099914550781,334.6636657714844,4764300
2021-09-08,345.0,352.0,345.0,351.0400085449219,340.8092346191406,5054500
2021-09-09,350.7099914550781,353.6400146484375,349.9200134277344,351.4100036621094,341.1684265136719,3716200
2021-09-10,354.92999267578125,355.0,347.0199890136719,347.3900146484375,337.26568603515625,3437700
2021-09-13,350.0,351.989990234375,346.3599853515625,347.82000732421875,337.68304443359375,3234200
2021-09-14,349.67999267578125,349.8800048828125,345.25,345.79998779296875,335.721923828125,3281900
2021-09-15,347.0,347.5299987792969,342.760009765625,344.75,334.7026062011719,3833500
2021-09-16,345.4100036621094,347.67999267578125,344.69000244140625,346.30999755859375,336.217041015625,3771100
2021-09-17,344.0,346.0,340.7699890136719,343.0400085449219,333.0423889160156,5527500
2021-09-20,338.32000732421875,341.1099853515625,335.6199951171875,339.69000244140625,329.7900085449219,3956600
2021-09-21,342.20001220703125,343.17999267578125,337.2799987792969,337.3800048828125,327.54736328125,2967300
2021-09-22,339.29998779296875,343.8699951171875,338.5400085449219,343.4100036621094,333.401611328125,3238800
2021-09-23,345.739990234375,354.7900085449219,345.20001220703125,354.07000732421875,343.75091552734375,4783200
2021-09-24,354.0299987792969,359.92999267578125,352.760009765625,358.1600036621094,347.7217102050781,3306200
2021-09-27,357.04998779296875,362.5899963378906,355.1600036621094,356.7699890136719,346.37225341796875,4158000
2021-09-28,355.5,356.0,349.04998779296875,351.17999267578125,340.9451599121094,3266900
2021-09-29,352.80999755859375,357.17999267578125,352.4100036621094,353.19000244140625,342.8965759277344,2808800
2021-09-30,354.739990234375,356.0,347.3999938964844,347.67999267578125,337.5472106933594,4393300
2021-10-01,349.8299865722656,363.17999267578125,347.1600036621094,360.17999267578125,349.6828308105469,5227300
2021-10-04,359.92999267578125,360.6499938964844,339.3399963378906,344.20001220703125,334.1685791015625,7901500
2021-10-05,347.55999755859375,348.57000732421875,342.92999267578125,343.2099914550781,333.2073974609375,4724100
2021-10-06,340.010009765625,348.8800048828125,339.1099853515625,348.69000244140625,338.5276794433594,3712000
2021-10-07,349.0,357.8999938964844,349.0,353.9100036621094,344.0296630859375,3209200
2021-10-08,356.0,360.3699951171875,354.2099914550781,354.9599914550781,345.05035400390625,2336700
2021-10-11,353.95001220703125,354.8800048828125,346.8999938964844,347.1499938964844,337.45843505859375,2769800
2021-10-12,348.6499938964844,350.0,344.6199951171875,345.3399963378906,335.698974609375,3042900
2021-10-13,346.25,349.5,336.9800109863281,342.3500061035156,332.79248046875,3755700
2021-10-14,343.8399963378906,345.80999755859375,340.8299865722656,344.5799865722656,334.9601745605469,4083800
2021-10-15,349.0,356.6099853515625,347.739990234375,356.0,346.0613098144531,4053600
2021-10-18,353.9599914550781,359.94000244140625,350.2300109863281,358.44000244140625,348.4331970214844,3280900
2021-10-19,358.3999938964844,362.2900085449219,357.6099853515625,362.1000061035156,351.99102783203125,2835400
2021-10-20,361.70001220703125,362.489990234375,356.0,356.7699890136719,346.80987548828125,2796200
2021-10-21,354.6000061035156,356.3800048828125,347.2699890136719,356.2099914550781,346.2654724121094,2516300
2021-10-22,356.67999267578125,361.6400146484375,354.8999938964844,358.6700134277344,348.65679931640625,2774400
2021-10-25,362.4599914550781,364.29998779296875,358.7900085449219,360.8599853515625,350.7856750488281,2447900
2021-10-26,363.3800048828125,367.3500061035156,356.80999755859375,357.32000732421875,347.3444519042969,3320100
2021-10-27,348.0,351.1199951171875,333.79998779296875,335.7200012207031,326.3475646972656,9652700
2021-10-28,344.1700134277344,350.489990234375,328.8699951171875,333.0299987792969,323.732666015625,9505100
2021-10-29,331.239990234375,338.1499938964844,331.1099853515625,335.5199890136719,326.1531677246094,5843700
2021-11-01,335.25,340.8999938964844,332.8800048828125,334.04998779296875,324.7241516113281,5126200
2021-11-02,335.1300048828125,335.7699890136719,326.70001220703125,328.4800109863281,319.3097229003906,5375300
2021-11-03,328.5,329.5799865722656,323.3399963378906,329.42999267578125,320.2331848144531,3952500
2021-11-04,331.07000732421875,338.6300048828125,329.3299865722656,335.42999267578125,326.0655822753906,4819500
2021-11-05,342.44000244140625,350.1600036621094,341.0,348.7900085449219,339.0526428222656,7201500
2021-11-08,348.010009765625,353.1499938964844,347.6600036621094,349.6700134277344,339.90802001953125,3862200
2021-11-09,350.0,350.20001220703125,339.6499938964844,344.6499938964844,335.0281982421875,4247800
2021-11-10,350.1000061035156,359.6199951171875,349.5,357.94000244140625,347.9472351074219,6337100
2021-11-11,358.3800048828125,359.6400146484375,352.57000732421875,354.3399963378906,344.4476623535156,4472200
2021-11-12,356.05999755859375,363.8399963378906,355.92999267578125,363.5,353.35198974609375,4724200
2021-11-15,365.1400146484375,371.1300048828125,360.6600036621094,361.3599853515625,351.27178955078125,4693200
2021-11-16,364.7699890136719,371.07000732421875,362.0,369.55999755859375,359.2427673339844,4969000
2021-11-17,359.5799865722656,368.0,351.2200012207031,359.1700134277344,349.1429138183594,11727300
2021-11-18,360.7300109863281,362.4800109863281,344.5799865722656,348.2200012207031,338.49853515625,6533700
2021-11-19,346.0,346.6499938964844,339.1300048828125,339.7200012207031,330.2358703613281,6954800
2021-11-22,339.79998779296875,341.4800109863281,319.760009765625,321.29998779296875,312.33013916015625,11378200
2021-11-23,324.9599914550781,329.69000244140625,321.69000244140625,329.0,319.815185546875,7116200
2021-11-24,326.95001220703125,340.3599853515625,325.0199890136719,340.0,330.5080871582031,6414400
2021-11-26,321.5799865722656,326.8699951171875,319.0,324.1700134277344,315.1199645996094,6613900
2021-11-29,330.010009765625,331.82000732421875,318.25,323.010009765625,313.9924011230469,6362200
2021-11-30,318.0,320.760009765625,310.1099853515625,314.9200134277344,306.12823486328125,10237600
2021-12-01,320.7799987792969,322.0199890136719,306.0,306.2799987792969,297.7294616699219,8008800
2021-12-02,309.5899963378906,322.20001220703125,308.989990234375,320.20001220703125,311.2607421875,6717600
2021-12-03,320.239990234375,322.69000244140625,314.0,322.1099853515625,313.11749267578125,4732900
2021-12-06,324.75,336.760009765625,322.0,333.3299865722656,324.02423095703125,6055000
2021-12-07,337.29998779296875,342.4200134277344,337.29998779296875,339.510009765625,330.0317077636719,4939500
2021-12-08,339.2300109863281,344.0299987792969,334.1000061035156,342.3399963378906,332.78265380859375,4226900
2021-12-09,340.04998779296875,346.5299987792969,339.010009765625,344.5199890136719,334.9018859863281,3389600
2021-12-10,347.0,350.25,344.8299865722656,349.9200134277344,340.151123046875,3405900
2021-12-13,349.19000244140625,349.5299987792969,340.3299865722656,345.30999755859375,335.6697692871094,4358300
2021-12-14,345.32000732421875,348.2099914550781,337.8599853515625,340.54998779296875,331.04266357421875,4518500
2021-12-15,340.0,346.5899963378906,335.5299987792969,346.3500061035156,336.6807861328125,4918700
2021-12-16,351.70001220703125,353.7699890136719,345.1199951171875,352.9200134277344,343.06732177734375,5369900
2021-12-17,349.19000244140625,352.7900085449219,344.1199951171875,349.30999755859375,339.5580749511719,5898200
2021-12-20,341.239990234375,343.5299987792969,336.2300109863281,337.0199890136719,327.6111755371094,5013900
2021-12-21,340.3299865722656,352.0,339.3699951171875,350.739990234375,340.9482421875,3105100
2021-12-22,346.5799865722656,358.6199951171875,346.5799865722656,357.4800109863281,347.50006103515625,3456400
2021-12-23,357.5400085449219,362.4700012207031,355.0,360.5799865722656,350.5133972167969,2627000
2021-12-27,360.0,361.0799865722656,355.6000061035156,360.30999755859375,350.25103759765625,2677100
2021-12-28,358.7900085449219,364.1400146484375,358.4100036621094,360.7799987792969,350.7079162597656,1920100
2021-12-29,361.7799987792969,363.1499938964844,360.19000244140625,361.2900085449219,351.2037353515625,1535200
2021-12-30,362.0,364.6499938964844,359.1099853515625,360.989990234375,350.9120178222656,1558000
2021-12-31,357.95001220703125,363.3800048828125,356.7799987792969,359.32000732421875,349.28863525390625,1984000
2022-01-03,359.7900085449219,372.32000732421875,359.25,370.95001220703125,360.5940246582031,4708200
2022-01-04,371.989990234375,382.3999938964844,371.6499938964844,375.3900146484375,364.9100341796875,6854500
2022-01-05,374.0,382.5,372.510009765625,373.8999938964844,363.461669921875,5976600
2022-01-06,368.69000244140625,374.2200012207031,366.5,370.0,360.1424865722656,4781100
2022-01-07,366.3900146484375,371.7900085449219,364.1099853515625,369.6499938964844,359.8017578125,4551200
2022-01-10,370.9100036621094,370.9100036621094,348.7699890136719,363.9100036621094,354.2148132324219,6009300
2022-01-11,363.5299987792969,368.05999755859375,356.0899963378906,366.2900085449219,356.5313415527344,4131200
2022-01-12,368.94000244140625,372.1199951171875,367.07000732421875,367.30999755859375,357.5241394042969,5783100
2022-01-13,368.6099853515625,377.67999267578125,367.8800048828125,369.5199890136719,359.67529296875,3892900
2022-01-14,364.32000732421875,374.7799987792969,364.1499938964844,372.1400146484375,362.2254943847656,4029900
2022-01-18,370.7900085449219,372.1400146484375,365.20001220703125,366.29998779296875,356.5411071777344,4933900
2022-01-19,362.4100036621094,369.29998779296875,359.7099914550781,360.7300109863281,351.1195068359375,4464800
2022-01-20,361.8299865722656,373.07000732421875,361.6700134277344,364.0,354.3023376464844,5043200
2022-01-21,362.5,368.1300048828125,354.1099853515625,355.0799865722656,345.6199645996094,4867100
2022-01-24,342.57000732421875,350.1000061035156,330.5899963378906,349.4200134277344,340.1108093261719,7472800
2022-01-25,343.32000732421875,347.0400085449219,333.3900146484375,338.760009765625,329.7348327636719,6994400
2022-01-26,343.3599853515625,354.7699890136719,341.25,344.6600036621094,335.47760009765625,7438600
2022-01-27,349.0799865722656,359.6300048828125,334.3299865722656,350.5299987792969,341.1912536621094,8416100
2022-01-28,359.04998779296875,382.7699890136719,355.3800048828125,382.510009765625,372.3192138671875,8813400
2022-01-31,378.67999267578125,386.54998779296875,376.2900085449219,386.3800048828125,376.0860595703125,6345200
2022-02-01,385.760009765625,395.5,382.4200134277344,392.05999755859375,381.6147766113281,5841100
2022-02-02,389.2900085449219,399.9200134277344,382.75,396.75,386.1798095703125,6115000
2022-02-03,388.5400085449219,392.94000244140625,386.489990234375,390.07000732421875,379.6777648925781,4209200
2022-02-04,387.57000732421875,388.1499938964844,376.4100036621094,382.20001220703125,372.0174865722656,6045400
2022-02-07,382.20001220703125,382.3999938964844,373.30999755859375,376.1300048828125,366.1091613769531,4767500
2022-02-08,377.5400085449219,379.7699890136719,370.5400085449219,374.3699951171875,364.39599609375,5825300
2022-02-09,385.6000061035156,388.45001220703125,380.6000061035156,381.3699951171875,371.20953369140625,5492800
2022-02-10,371.7200012207031,380.0,370.55999755859375,374.3900146484375,364.4154968261719,3995000
2022-02-11,377.8599853515625,380.8999938964844,367.6400146484375,369.7699890136719,359.91864013671875,4345600
2022-02-14,368.82000732421875,377.2900085449219,366.760009765625,374.1600036621094,364.1916809082031,3678400
2022-02-15,374.5799865722656,383.07000732421875,373.3999938964844,381.5400085449219,371.3750305175781,5800400
2022-02-16,379.9599914550781,385.0,376.7799987792969,382.92999267578125,372.72796630859375,3424800
2022-02-17,378.6000061035156,381.2900085449219,372.1700134277344,373.70001220703125,363.743896484375,3972500
2022-02-18,374.510009765625,374.80999755859375,369.0,369.95001220703125,360.0938720703125,4083800
2022-02-22,365.0,374.32000732421875,363.79998779296875,368.2900085449219,358.47802734375,3897900
2022-02-23,371.9700012207031,373.55999755859375,360.1300048828125,361.2300109863281,351.606201171875,3802500
2022-02-24,345.94000244140625,370.5400085449219,341.30999755859375,369.3800048828125,359.5389709472656,7425000
2022-02-25,367.2200012207031,372.5899963378906,361.70001220703125,369.0899963378906,359.2567443847656,3817900
2022-02-28,362.19000244140625,365.3599853515625,355.6600036621094,360.82000732421875,351.2071228027344,4952400
2022-03-01,357.8500061035156,361.5799865722656,341.2200012207031,344.4800109863281,335.3023376464844,5894200
2022-03-02,342.9599914550781,348.32000732421875,338.69000244140625,344.0899963378906,334.92279052734375,4997900
2022-03-03,347.6300048828125,349.5,340.70001220703125,340.989990234375,331.9053955078125,3975900
2022-03-04,336.8999938964844,338.8299865722656,324.0,330.760009765625,321.94793701171875,4670900
2022-03-07,329.5799865722656,329.79998779296875,312.1099853515625,312.9200134277344,304.58319091796875,6874300
2022-03-08,311.3900146484375,324.7300109863281,305.6099853515625,314.3299865722656,305.9555358886719,5048200
2022-03-09,323.1499938964844,329.45001220703125,321.1099853515625,328.1300048828125,319.3879699707031,4015900
2022-03-10,321.94000244140625,326.1199951171875,319.75,324.5899963378906,315.9422607421875,3771300
2022-03-11,330.0299987792969,330.9700012207031,324.0299987792969,324.7900085449219,316.136962890625,2987700
2022-03-14,329.1000061035156,336.8800048828125,327.260009765625,328.5899963378906,319.83575439453125,4122700
2022-03-15,332.4200134277344,338.3800048828125,331.2099914550781,335.0,326.074951171875,3738900
2022-03-16,341.989990234375,350.94000244140625,336.67999267578125,344.67999267578125,335.4970397949219,4340800
2022-03-17,341.6000061035156,346.8800048828125,339.75,346.44000244140625,337.2101745605469,3244200
2022-03-18,346.70001220703125,352.739990234375,342.489990234375,350.0899963378906,340.7629699707031,6790800
2022-03-21,346.0199890136719,350.0,342.489990234375,345.5799865722656,336.37298583984375,6053800
2022-03-22,346.7799987792969,353.92999267578125,345.510009765625,349.5299987792969,340.21783447265625,4669900
2022-03-23,343.3999938964844,346.7300109863281,341.75,342.17999267578125,333.06365966796875,2527800
2022-03-24,342.25,349.45001220703125,340.70001220703125,349.3500061035156,340.0426025390625,2482700
2022-03-25,350.4100036621094,351.5400085449219,345.6499938964844,349.0199890136719,339.7214050292969,2173800
2022-03-28,348.510009765625,350.55999755859375,343.5299987792969,350.489990234375,341.1522216796875,3134600
2022-03-29,358.7200012207031,370.760009765625,357.1000061035156,367.54998779296875,357.7577819824219,5512400
2022-03-30,364.010009765625,368.2799987792969,359.6199951171875,362.239990234375,352.5892333984375,2614200
2022-03-31,359.5799865722656,364.1199951171875,357.3599853515625,357.3800048828125,347.8586730957031,4095700
2022-04-01,359.2200012207031,367.8900146484375,358.1700134277344,363.9700012207031,354.2731628417969,3806800
2022-04-04,364.25,369.760009765625,363.1499938964844,366.9100036621094,357.1347961425781,3027200
2022-04-05,363.30999755859375,367.6300048828125,361.92999267578125,363.32000732421875,353.6404724121094,2215900
2022-04-06,356.4700012207031,357.0899963378906,349.5799865722656,353.54998779296875,344.1307067871094,3864500
2022-04-07,351.17999267578125,352.8999938964844,345.80999755859375,349.54998779296875,340.70953369140625,2848500
2022-04-08,347.29998779296875,355.8900146484375,345.6499938964844,352.2699890136719,343.3607177734375,2235100
2022-04-11,350.6400146484375,351.5,345.82000732421875,347.3699951171875,338.5845947265625,1809200
2022-04-12,350.0,354.4800109863281,344.4800109863281,345.79998779296875,337.0543518066406,4038500
2022-04-13,344.4100036621094,357.0,342.8699951171875,355.1400146484375,346.1581115722656,3048500
2022-04-14,357.17999267578125,362.95001220703125,356.8699951171875,357.82000732421875,348.7703857421875,3358900
2022-04-18,353.989990234375,360.760009765625,353.2200012207031,356.79998779296875,347.7761535644531,1871400
2022-04-19,356.80999755859375,364.6700134277344,356.07000732421875,363.8699951171875,354.6673278808594,2999300
2022-04-20,366.6600036621094,371.8900146484375,363.8699951171875,365.2900085449219,356.0514221191406,3377300
2022-04-21,369.4800109863281,375.2200012207031,363.4599914550781,364.44000244140625,355.22296142578125,3605300
2022-04-22,360.5,362.1000061035156,350.6099853515625,351.17999267578125,342.2983703613281,2968800
2022-04-25,349.2799987792969,355.05999755859375,347.1499938964844,354.6000061035156,345.63177490234375,3380400
2022-04-26,347.94000244140625,350.05999755859375,343.5799865722656,344.1099853515625,335.4070739746094,3116400
2022-04-27,357.0,373.739990234375,356.0,361.57000732421875,352.4255676269531,5702300
2022-04-28,369.1300048828125,381.9700012207031,368.7900085449219,378.8299865722656,369.2489318847656,6843300
2022-04-29,372.04998779296875,377.1199951171875,361.75,363.3800048828125,354.1896667480469,4741800
2022-05-02,363.0,364.92999267578125,350.5899963378906,359.0400085449219,349.95953369140625,3903800
2022-05-03,361.5899963378906,363.44000244140625,353.44000244140625,357.7900085449219,348.7411193847656,2686900
2022-05-04,359.3699951171875,369.239990234375,353.6600036621094,368.5199890136719,359.1996765136719,3346600
2022-05-05,362.1000061035156,367.7699890136719,349.0299987792969,353.3699951171875,344.4329528808594,3424800
2022-05-06,346.25,351.260009765625,340.7799987792969,347.1199951171875,338.3409423828125,3635200
2022-05-09,341.0,342.3900146484375,324.8900146484375,327.989990234375,319.69482421875,5777400
2022-05-10,332.30999755859375,333.67999267578125,323.04998779296875,325.3299865722656,317.1020812988281,5003500
2022-05-11,325.4800109863281,331.0,318.54998779296875,325.8699951171875,317.6283874511719,4263900
2022-05-12,321.7699890136719,325.5799865722656,312.7699890136719,321.239990234375,313.1154479980469,3891500
2022-05-13,327.6700134277344,335.2300109863281,326.0899963378906,332.79998779296875,324.3831787109375,3536000
2022-05-16,328.5400085449219,333.54998779296875,325.0299987792969,329.7300109863281,321.3907470703125,2062300
2022-05-17,340.1099853515625,341.17999267578125,332.5299987792969,338.8599853515625,330.2898864746094,2802300
2022-05-18,333.6199951171875,341.6000061035156,333.55999755859375,335.8999938964844,327.40472412109375,4521400
2022-05-19,330.0,336.2099914550781,324.42999267578125,332.2200012207031,323.8177490234375,4380700
2022-05-20,335.70001220703125,339.6099853515625,327.69000244140625,336.17999267578125,327.6776123046875,3428700
2022-05-23,339.0299987792969,351.29998779296875,338.9599914550781,348.42999267578125,339.6178283691406,3420800
2022-05-24,343.8900146484375,344.0,335.9800109863281,340.69000244140625,332.07354736328125,2561500
2022-05-25,340.5799865722656,347.739990234375,339.2099914550781,344.760009765625,336.0406494140625,3033400
2022-05-26,348.0,353.25,346.010009765625,349.8900146484375,341.0408935546875,2817400
2022-05-27,353.3900146484375,357.7900085449219,352.1099853515625,357.7799987792969,348.7313232421875,2658700
2022-05-31,353.0899963378906,360.9700012207031,351.1400146484375,357.8699951171875,348.81903076171875,3873800
2022-06-01,358.20001220703125,364.44000244140625,354.8500061035156,357.05999755859375,348.029541015625,2190000
2022-06-02,360.489990234375,365.04998779296875,357.760009765625,363.0799865722656,353.89739990234375,2484200
2022-06-03,359.4800109863281,360.95001220703125,355.7699890136719,357.82000732421875,348.7703857421875,2076600
2022-06-06,362.0,368.30999755859375,358.5299987792969,360.1400146484375,351.0317077636719,2196100
2022-06-07,356.92999267578125,364.4800109863281,356.3299865722656,364.0199890136719,354.81353759765625,2158800
2022-06-08,365.0,367.1199951171875,360.9800109863281,362.3299865722656,353.166259765625,1709600
2022-06-09,359.760009765625,362.2099914550781,348.94000244140625,349.0,340.1734313964844,2250600
2022-06-10,341.3299865722656,344.30999755859375,334.6000061035156,334.75,326.28375244140625,3300500
2022-06-13,322.0,330.8999938964844,317.9200134277344,319.739990234375,311.6534118652344,4825100
2022-06-14,320.1000061035156,324.0,319.6600036621094,322.1400146484375,313.99273681640625,2788400
2022-06-15,327.4100036621094,330.6300048828125,319.42999267578125,325.3900146484375,317.16058349609375,2357800
2022-06-16,316.0899963378906,316.45001220703125,305.0799865722656,308.7799987792969,300.9705810546875,4528500
2022-06-17,307.0,314.1400146484375,303.6499938964844,310.69000244140625,302.8322448730469,6235300
2022-06-21,316.04998779296875,320.2300109863281,314.8800048828125,317.3999938964844,309.3725891113281,3193700
2022-06-22,313.4700012207031,319.0400085449219,311.3599853515625,316.1499938964844,308.1542663574219,2671500
2022-06-23,318.8999938964844,319.9800109863281,313.5400085449219,316.760009765625,308.7488098144531,2387600
2022-06-24,319.2200012207031,330.80999755859375,319.2200012207031,330.5,322.1413269042969,4318900
2022-06-27,331.9700012207031,331.9700012207031,327.1199951171875,328.8299865722656,320.5135498046875,2810800
2022-06-28,332.70001220703125,337.1499938964844,318.1199951171875,318.2900085449219,310.2401428222656,3394200
2022-06-29,319.1099853515625,326.1099853515625,318.4100036621094,322.5899963378906,314.4313049316406,3779500
2022-06-30,315.29998779296875,318.2900085449219,309.69000244140625,315.4800109863281,307.501220703125,3411500
2022-07-01,314.1000061035156,318.94000244140625,311.30999755859375,318.239990234375,310.19134521484375,2287700
2022-07-05,313.0799865722656,320.30999755859375,309.4599914550781,319.260009765625,311.185546875,2112100
2022-07-06,319.0,322.3599853515625,315.7200012207031,320.1700134277344,312.0726013183594,2219200
2022-07-07,322.3500061035156,324.8599853515625,319.5199890136719,324.07000732421875,316.3581237792969,2202100
2022-07-08,322.7799987792969,324.9800109863281,319.3500061035156,323.05999755859375,315.3721618652344,1662100
2022-07-11,319.3800048828125,326.2200012207031,319.1499938964844,324.19000244140625,316.4752502441406,2073800
2022-07-12,320.2099914550781,327.3599853515625,320.2099914550781,322.8599853515625,315.1768493652344,2761500
2022-07-13,315.95001220703125,324.92999267578125,313.80999755859375,323.3699951171875,315.6746826171875,2442600
2022-07-14,316.1600036621094,327.5799865722656,315.3900146484375,325.0299987792969,317.29522705078125,2743900
2022-07-15,333.6300048828125,335.57000732421875,329.760009765625,332.57000732421875,324.6558837890625,3387400
2022-07-18,335.5,337.510009765625,329.7900085449219,331.010009765625,323.1329650878906,2468500
2022-07-19,331.7799987792969,342.010009765625,331.7799987792969,340.3800048828125,332.2799377441406,2689800
2022-07-20,340.3800048828125,343.30999755859375,336.2900085449219,341.2699890136719,333.1487121582031,2563600
2022-07-21,341.8699951171875,347.2300109863281,340.05999755859375,346.9200134277344,338.664306640625,2230800
2022-07-22,348.8800048828125,351.0899963378906,340.3999938964844,343.8800048828125,335.6966857910156,2253000
2022-07-25,344.45001220703125,345.5400085449219,340.1099853515625,344.2099914550781,336.018798828125,2180100
2022-07-26,342.6499938964844,344.6300048828125,339.29998779296875,341.2799987792969,333.1585693359375,2254200
2022-07-27,343.010009765625,348.9200134277344,331.239990234375,343.2699890136719,335.1012268066406,4580300
2022-07-28,348.0,353.260009765625,340.6199951171875,352.45001220703125,344.062744140625,3635500
2022-07-29,354.1300048828125,356.79998779296875,349.9599914550781,353.7900085449219,345.3708190917969,3176800
2022-08-01,347.80999755859375,354.8399963378906,345.6600036621094,350.5400085449219,342.1981506347656,2289400
2022-08-02,347.0799865722656,351.1499938964844,343.9800109863281,349.010009765625,340.7045593261719,2878800
2022-08-03,350.0,356.4800109863281,348.5400085449219,354.1300048828125,345.7027587890625,2921200
2022-08-04,354.6700134277344,358.6099853515625,349.6499938964844,356.07000732421875,347.5965881347656,2339500
2022-08-05,350.3999938964844,357.8299865722656,350.3999938964844,357.510009765625,349.0023193359375,1848700
2022-08-08,359.0,359.0,349.8900146484375,352.1600036621094,343.7795715332031,2477600
2022-08-09,350.3999938964844,351.1199951171875,345.3500061035156,346.5400085449219,338.2933044433594,2467400
2022-08-10,354.3399963378906,354.54998779296875,351.04998779296875,353.3800048828125,344.9705505371094,2443700
2022-08-11,355.8500061035156,355.8500061035156,350.3500061035156,350.5799865722656,342.2371826171875,2609400
2022-08-12,354.739990234375,355.45001220703125,350.260009765625,354.2699890136719,345.83941650390625,2514200
2022-08-15,352.3299865722656,361.95001220703125,350.82000732421875,359.95001220703125,351.3842468261719,2526300
2022-08-16,354.2699890136719,360.0,353.1000061035156,359.25,350.70086669921875,2448700
2022-08-17,353.5,356.9599914550781,351.75,355.3299865722656,346.8742370605469,2439900
2022-08-18,354.32000732421875,359.5199890136719,353.57000732421875,357.3599853515625,348.85589599609375,1934900
2022-08-19,356.6300048828125,356.7699890136719,353.55999755859375,354.2799987792969,345.84918212890625,1740700
2022-08-22,350.0,351.0,344.2799987792969,345.510009765625,337.28790283203125,2312400
2022-08-23,342.69000244140625,345.2099914550781,339.3699951171875,340.8900146484375,332.7778015136719,2240700
2022-08-24,340.17999267578125,342.2900085449219,338.3500061035156,339.7099914550781,331.6258544921875,2218400
2022-08-25,340.0,345.1300048828125,337.32000732421875,344.6700134277344,336.4678649902344,2228500
2022-08-26,345.04998779296875,345.6400146484375,331.70001220703125,331.9599914550781,324.06036376953125,1925000
2022-08-29,329.989990234375,332.80999755859375,327.7699890136719,329.3500061035156,321.5124206542969,2308200
2022-08-30,331.0,332.9700012207031,325.57000732421875,327.80999755859375,320.0090637207031,2618900
2022-08-31,328.2900085449219,331.17999267578125,324.2799987792969,324.3699951171875,316.6509094238281,3129000
2022-09-01,323.80999755859375,325.6099853515625,319.2099914550781,325.25,317.5100402832031,2493200
2022-09-02,329.4100036621094,329.6700134277344,320.5299987792969,322.55999755859375,314.8840637207031,1936800
2022-09-06,322.5,326.989990234375,320.55999755859375,324.0799865722656,316.3678283691406,2043400
2022-09-07,324.0799865722656,329.20001220703125,322.04998779296875,328.6199951171875,320.7998046875,1998300
2022-09-08,324.5299987792969,330.2900085449219,323.4800109863281,330.07000732421875,322.2153015136719,2114000
2022-09-09,330.5400085449219,337.0199890136719,330.1499938964844,335.8500061035156,327.8576965332031,1815700
2022-09-12,338.0899963378906,339.4800109863281,335.94000244140625,338.4200134277344,330.3666076660156,2097800
2022-09-13,330.0,332.79998779296875,324.5799865722656,325.44000244140625,317.6954650878906,2316900
2022-09-14,327.0400085449219,328.4800109863281,323.3500061035156,325.8500061035156,318.0956726074219,2657900
2022-09-15,323.5899963378906,325.94000244140625,315.1700134277344,316.9599914550781,309.4172668457031,2486800
2022-09-16,312.8500061035156,315.6300048828125,309.1099853515625,315.1300048828125,307.630859375,3650900
2022-09-19,311.95001220703125,315.45001220703125,310.25,314.0299987792969,306.5570068359375,2369700
2022-09-20,311.1600036621094,314.3699951171875,309.44000244140625,313.2699890136719,305.8150939941406,2769600
2022-09-21,314.4800109863281,314.9800109863281,304.2200012207031,304.5,297.25372314453125,2366300
2022-09-22,302.95001220703125,303.0799865722656,296.5899963378906,298.3599853515625,291.25982666015625,3176500
2022-09-23,293.1300048828125,294.57000732421875,290.239990234375,293.5799865722656,286.5935974121094,3245900
2022-09-26,290.04998779296875,295.3399963378906,289.1199951171875,290.1099853515625,283.2062072753906,3635600
2022-09-27,295.4700012207031,297.8999938964844,284.79998779296875,286.4800109863281,279.66259765625,4073300
2022-09-28,285.1099853515625,292.9800109863281,281.69000244140625,290.17999267578125,283.2745666503906,5611400
2022-09-29,288.3500061035156,292.07000732421875,284.8500061035156,286.7699890136719,279.9457092285156,3439700
2022-09-30,286.8599853515625,290.760009765625,284.3399963378906,284.3399963378906,277.57354736328125,3804200
2022-10-03,287.8500061035156,292.75,284.9200134277344,290.4800109863281,283.5673522949219,5285200
2022-10-04,296.19000244140625,303.9700012207031,295.9800109863281,301.2699890136719,294.10064697265625,3949200
2022-10-05,297.9800109863281,306.6000061035156,297.25,304.20001220703125,296.9609069824219,2845200
2022-10-06,302.5799865722656,305.04998779296875,298.8599853515625,299.2300109863281,292.58056640625,2494400
2022-10-07,296.6600036621094,297.19000244140625,292.989990234375,294.9700012207031,288.4151611328125,2210800
2022-10-10,297.0400085449219,297.25,289.5400085449219,291.7799987792969,285.29608154296875,1783500
2022-10-11,289.8299865722656,290.3900146484375,284.4200134277344,286.04998779296875,279.6933288574219,3554900
2022-10-12,286.5400085449219,287.489990234375,283.2099914550781,283.3800048828125,277.08270263671875,2646800
2022-10-13,277.2799987792969,295.42999267578125,276.8699951171875,293.9599914550781,287.4276123046875,3322800
2022-10-14,295.8599853515625,298.6199951171875,287.8399963378906,288.69000244140625,282.2747497558594,3106300
2022-10-17,295.4200134277344,298.7300109863281,291.3399963378906,295.0400085449219,288.4836120605469,3417600
2022-10-18,303.1700134277344,303.70001220703125,296.54998779296875,300.3800048828125,293.7049255371094,3096000
2022-10-19,295.4599914550781,299.6400146484375,294.7900085449219,297.760009765625,291.1431579589844,1914300
2022-10-20,297.75,302.7300109863281,295.6099853515625,296.2799987792969,289.696044921875,2463800
2022-10-21,294.510009765625,302.7099914550781,293.5,302.3699951171875,295.6507568359375,3599600
2022-10-24,304.5199890136719,307.0,300.5,305.6000061035156,298.8089294433594,3184100
2022-10-25,305.9100036621094,312.1000061035156,305.8599853515625,311.4100036621094,304.4898681640625,3012400
2022-10-26,312.2900085449219,324.45001220703125,312.2900085449219,319.510009765625,312.4098205566406,5278000
2022-10-27,316.17999267578125,323.0799865722656,314.05999755859375,319.3699951171875,312.2729187011719,4725800
2022-10-28,319.30999755859375,331.79998779296875,317.82000732421875,329.4700012207031,322.1484375,3644400
2022-10-31,328.8800048828125,329.44000244140625,323.7799987792969,328.17999267578125,320.8870849609375,3157900
2022-11-01,332.2200012207031,333.6400146484375,327.0899963378906,333.19000244140625,325.78582763671875,3660400
2022-11-02,331.4200134277344,333.0,319.6300048828125,319.82000732421875,312.7129821777344,3074900
2022-11-03,315.1199951171875,316.7699890136719,308.6000061035156,309.1700134277344,302.29962158203125,2860900
2022-11-04,313.8399963378906,323.1300048828125,313.239990234375,318.3699951171875,311.295166015625,3414000
2022-11-07,322.45001220703125,325.79998779296875,317.7099914550781,325.1300048828125,317.90496826171875,2742100
2022-11-08,326.2300109863281,329.3999938964844,322.260009765625,325.75,318.51116943359375,2387500
2022-11-09,322.2799987792969,323.69000244140625,315.1499938964844,315.6400146484375,308.6258239746094,3001200
2022-11-10,331.17999267578125,337.3999938964844,329.1600036621094,337.2699890136719,329.77508544921875,3255000
2022-11-11,339.0,342.6300048828125,336.3599853515625,339.2900085449219,331.7502136230469,3734700
2022-11-14,336.739990234375,344.510009765625,336.0199890136719,339.3699951171875,331.8284912109375,2348900
2022-11-15,346.5899963378906,351.2200012207031,339.489990234375,343.510009765625,335.8764343261719,2983600
2022-11-16,343.1600036621094,345.1300048828125,340.1000061035156,342.760009765625,335.14312744140625,2579600
2022-11-17,339.0,341.9200134277344,337.0,341.2699890136719,333.68621826171875,2004500
2022-11-18,345.6600036621094,348.6300048828125,341.3299865722656,343.69000244140625,336.052490234375,2737700
2022-11-21,343.0,344.25,337.6199951171875,338.25,330.7333984375,1965100
2022-11-22,339.8299865722656,345.32000732421875,337.55999755859375,344.9599914550781,337.29425048828125,2510700
2022-11-23,344.6300048828125,350.79998779296875,344.1499938964844,348.6400146484375,340.89251708984375,1937300
2022-11-25,348.9599914550781,351.3999938964844,348.0799865722656,351.2900085449219,343.4835510253906,944400
2022-11-28,346.67999267578125,350.2300109863281,343.2300109863281,344.5899963378906,336.9324645996094,2226200
2022-11-29,343.6499938964844,344.7200012207031,340.75,343.1300048828125,335.5049133300781,1724200
2022-11-30,342.8500061035156,356.3999938964844,341.4800109863281,356.3999938964844,348.4800720214844,4252300
2022-12-01,357.989990234375,361.5799865722656,354.04998779296875,360.79998779296875,352.78228759765625,3374700
2022-12-02,357.45001220703125,362.2900085449219,356.05999755859375,360.05999755859375,352.0586853027344,2015500
2022-12-05,356.0,358.8999938964844,354.45001220703125,356.0899963378906,348.17694091796875,2202500
2022-12-06,353.82000732421875,355.0,344.3500061035156,347.5299987792969,339.80712890625,2353300
2022-12-07,346.8800048828125,347.8500061035156,341.4700012207031,347.4200134277344,339.6996154785156,2454300
2022-12-08,350.0,352.1700134277344,347.2200012207031,351.1700134277344,343.36627197265625,1998600
2022-12-09,348.3999938964844,352.7699890136719,347.3599853515625,348.8299865722656,341.0782470703125,2301100
2022-12-12,350.30999755859375,358.44000244140625,349.1000061035156,358.1700134277344,350.2107238769531,2427100
2022-12-13,369.239990234375,369.260009765625,355.739990234375,357.1499938964844,349.21337890625,3072200
2022-12-14,357.0,362.1000061035156,353.7699890136719,357.510009765625,349.56536865234375,2587200
2022-12-15,351.4200134277344,353.79998779296875,342.55999755859375,346.25,338.5556335449219,2774900
2022-12-16,344.7699890136719,348.239990234375,343.3800048828125,345.8399963378906,338.15472412109375,5947100
2022-12-19,345.3599853515625,345.8500061035156,339.5400085449219,341.260009765625,333.676513671875,2457300
2022-12-20,341.3699951171875,344.3699951171875,340.6199951171875,342.95001220703125,335.3289489746094,1895900
2022-12-21,343.6400146484375,347.6000061035156,342.3699951171875,345.69000244140625,338.008056640625,2087000
2022-12-22,344.19000244140625,345.6000061035156,336.42999267578125,341.5199890136719,333.93072509765625,2276100
2022-12-23,339.0199890136719,344.5400085449219,337.69000244140625,343.6000061035156,335.9644470214844,1914500
2022-12-27,344.1000061035156,346.9100036621094,341.80999755859375,346.1600036621094,338.46759033203125,1637700
2022-12-28,346.54998779296875,349.510009765625,341.7799987792969,341.95001220703125,334.3511657714844,1854100
2022-12-29,344.3800048828125,349.7200012207031,343.5400085449219,348.2099914550781,340.47198486328125,1459800
2022-12-30,345.3299865722656,347.8999938964844,343.6199951171875,347.7300109863281,340.0027160644531,1617600
2023-01-03,349.9599914550781,354.6600036621094,343.94000244140625,346.79998779296875,339.0933837890625,2933600
2023-01-04,351.3900146484375,356.9800109863281,349.69000244140625,355.1499938964844,347.2578430175781,2661000
2023-01-05,356.1199951171875,357.55999755859375,351.2699890136719,351.7699890136719,343.952880859375,2608500
2023-01-06,357.30999755859375,368.7200012207031,355.32000732421875,367.6700134277344,360.08306884765625,4432800
2023-01-09,371.6300048828125,375.0,369.55999755859375,370.9700012207031,363.31494140625,3913500
2023-01-10,368.80999755859375,371.67999267578125,367.2099914550781,371.010009765625,363.3541564941406,3485900
2023-01-11,372.6199951171875,377.9200134277344,371.260009765625,377.8599853515625,370.0627746582031,3370200
2023-01-12,377.8599853515625,381.1300048828125,376.9200134277344,379.80999755859375,371.9725036621094,3291200
2023-01-13,375.05999755859375,377.8699951171875,374.30999755859375,375.5199890136719,367.7710876464844,4261000
2023-01-17,375.0,378.3299865722656,373.9800109863281,375.0,367.2618713378906,2814500
2023-01-18,374.510009765625,375.80999755859375,368.5,368.9200134277344,361.3072814941406,2747100
2023-01-19,364.6000061035156,370.79998779296875,363.6000061035156,367.94000244140625,360.3474426269531,3111200
2023-01-20,370.2300109863281,376.6199951171875,369.3999938964844,376.2799987792969,368.515380859375,3863400
2023-01-23,376.739990234375,381.3800048828125,376.3599853515625,378.57000732421875,370.7581481933594,2743900
2023-01-24,390.0,390.0,375.2200012207031,380.010009765625,372.16839599609375,2756200
2023-01-25,375.1000061035156,382.55999755859375,375.1000061035156,382.3900146484375,374.4993591308594,3501900
2023-01-26,383.4100036621094,384.1099853515625,373.0,377.239990234375,369.45562744140625,3718400
2023-01-27,376.19000244140625,380.5199890136719,373.3800048828125,374.0299987792969,366.3117980957031,3405600
2023-01-30,369.4599914550781,373.739990234375,369.3999938964844,371.1199951171875,363.46185302734375,2688600
2023-01-31,369.989990234375,372.4800109863281,367.0199890136719,370.6000061035156,362.95263671875,3137400
2023-02-01,368.57000732421875,376.7799987792969,367.0,374.0799865722656,366.3607482910156,2951900
2023-02-02,379.5199890136719,380.4700012207031,372.79998779296875,374.94000244140625,367.2030334472656,2761600
2023-02-03,370.79998779296875,378.2200012207031,370.489990234375,373.9100036621094,366.1943359375,2739600
2023-02-06,370.0,374.3299865722656,369.04998779296875,372.9700012207031,365.27374267578125,2068300
2023-02-07,371.510009765625,377.07000732421875,368.8399963378906,375.05999755859375,367.3205871582031,2309100
2023-02-08,373.1700134277344,375.7900085449219,370.1400146484375,370.3500061035156,362.7077941894531,2193600
2023-02-09,373.29998779296875,374.57000732421875,369.25,370.4200134277344,362.7763366699219,2287600
2023-02-10,369.6400146484375,370.25,362.9200134277344,366.8299865722656,359.2603759765625,2270700
2023-02-13,368.55999755859375,371.1400146484375,367.07000732421875,370.8299865722656,363.1778564453125,2286400
2023-02-14,369.5799865722656,373.4100036621094,367.7300109863281,369.9599914550781,362.3257751464844,1841400
2023-02-15,366.2799987792969,369.79998779296875,365.010009765625,369.6400146484375,362.0124206542969,2203300
2023-02-16,364.8999938964844,373.0799865722656,364.8999938964844,367.54998779296875,359.9655456542969,2792700
2023-02-17,364.05999755859375,366.70001220703125,359.79998779296875,361.1300048828125,353.6780090332031,2718900
2023-02-21,356.760009765625,361.7699890136719,355.19000244140625,355.9599914550781,348.61468505859375,2730900
2023-02-22,355.3599853515625,357.739990234375,353.2099914550781,354.9700012207031,347.64508056640625,2109300
2023-02-23,357.739990234375,357.739990234375,351.6600036621094,355.5299987792969,348.193603515625,1975500
2023-02-24,350.82000732421875,354.0,349.5899963378906,353.1199951171875,345.8332824707031,2016100
2023-02-27,355.6400146484375,358.0299987792969,354.82000732421875,355.4800109863281,348.14459228515625,2200800
2023-02-28,354.80999755859375,357.79998779296875,353.239990234375,355.2900085449219,347.95849609375,2732900
2023-03-01,354.0,355.30999755859375,349.3900146484375,353.5,346.2054748535156,1968100
2023-03-02,353.6300048828125,356.6199951171875,351.69000244140625,355.57000732421875,348.2327575683594,2526000
2023-03-03,358.1199951171875,361.69000244140625,357.0899963378906,361.5,354.0404052734375,2174900
2023-03-06,361.82000732421875,368.5299987792969,361.260009765625,366.92999267578125,359.3583679199219,2789400
2023-03-07,367.1700134277344,369.1499938964844,359.54998779296875,359.94000244140625,352.5126037597656,1660800
2023-03-08,358.6099853515625,361.70001220703125,357.2799987792969,359.0299987792969,351.6213684082031,1634400
2023-03-09,359.25,364.0199890136719,353.9100036621094,354.44000244140625,347.1261291503906,2414700
2023-03-10,352.4100036621094,353.04998779296875,345.2300109863281,347.1099853515625,339.9473571777344,3176400
2023-03-13,343.6300048828125,349.8599853515625,340.2099914550781,344.7099914550781,337.5968322753906,3308200
2023-03-14,351.0,356.1099853515625,348.55999755859375,352.82000732421875,345.5394592285156,3413300
2023-03-15,346.04998779296875,348.3999938964844,343.6400146484375,348.0799865722656,340.8973083496094,3082600
2023-03-16,346.6199951171875,348.69000244140625,340.2799987792969,348.0,340.8188781738281,3768100
2023-03-17,350.25,351.94000244140625,346.8599853515625,349.6600036621094,342.44476318359375,8426800
2023-03-20,348.0,353.8399963378906,347.3399963378906,349.32000732421875,342.1116943359375,3864200
2023-03-21,354.3699951171875,356.20001220703125,350.8299865722656,354.57000732421875,347.25341796875,3766800
2023-03-22,354.6099853515625,360.0,351.0299987792969,351.0299987792969,343.78643798828125,2596400
2023-03-23,352.4100036621094,359.8599853515625,351.8399963378906,354.3699951171875,347.0574645996094,2598100
2023-03-24,350.45001220703125,352.4200134277344,346.30999755859375,351.6300048828125,344.3740539550781,2971500
2023-03-27,355.57000732421875,357.8900146484375,354.2799987792969,354.6199951171875,347.3022766113281,2420300
2023-03-28,355.55999755859375,355.8999938964844,352.79998779296875,354.3299865722656,347.0183410644531,1695900
2023-03-29,357.3800048828125,360.0299987792969,355.82000732421875,359.5299987792969,352.111083984375,2327000
2023-03-30,360.95001220703125,362.5899963378906,358.239990234375,359.260009765625,351.8465881347656,2480500
2023-03-31,361.1300048828125,363.6499938964844,360.3800048828125,363.4100036621094,355.9110107421875,3376600
2023-04-03,362.6099853515625,366.6600036621094,361.75,366.4700012207031,358.9078674316406,2978000
2023-04-04,366.79998779296875,369.1199951171875,363.3800048828125,363.8999938964844,356.3908386230469,2198700
2023-04-05,363.4800109863281,365.1300048828125,361.6099853515625,363.7900085449219,356.842041015625,2239600
2023-04-06,361.2099914550781,362.0400085449219,355.9700012207031,361.4700012207031,354.5663757324219,2357600
2023-04-10,359.7099914550781,360.92999267578125,357.5799865722656,360.1400146484375,353.2618103027344,1559100
2023-04-11,363.4200134277344,365.19000244140625,361.1600036621094,364.1300048828125,357.17559814453125,3033800
2023-04-12,366.0799865722656,368.6000061035156,361.0299987792969,361.7799987792969,354.87042236328125,2268800
2023-04-13,363.82000732421875,369.75,363.3900146484375,369.6499938964844,362.59014892578125,2611700
2023-04-14,370.0,373.3900146484375,369.1099853515625,372.42999267578125,365.3170166015625,2254600
2023-04-17,373.3599853515625,374.1000061035156,368.3900146484375,372.760009765625,365.6406555175781,2432700
2023-04-18,373.95001220703125,373.95001220703125,369.9599914550781,372.32000732421875,365.2091369628906,2087800
2023-04-19,372.989990234375,374.1499938964844,371.1600036621094,372.79998779296875,365.6799011230469,1795300
2023-04-20,371.45001220703125,375.19000244140625,369.69000244140625,375.0,367.8380126953125,2124800
2023-04-21,375.7200012207031,377.42999267578125,373.260009765625,375.239990234375,368.07330322265625,3537800
2023-04-24,375.1499938964844,377.6400146484375,373.6199951171875,374.7300109863281,367.57318115234375,1886300
2023-04-25,373.5,374.5799865722656,368.32000732421875,368.5299987792969,361.49151611328125,2245000
2023-04-26,369.6400146484375,372.2200012207031,366.0899963378906,366.760009765625,359.75537109375,2594200
2023-04-27,366.5799865722656,374.9800109863281,361.0,373.6700134277344,366.53338623046875,3859900
2023-04-28,372.5299987792969,381.92999267578125,371.510009765625,380.0299987792969,372.7718505859375,3107300
2023-05-01,380.489990234375,382.4599914550781,378.9599914550781,379.8599853515625,372.6051330566406,1745100
2023-05-02,377.7699890136719,378.8399963378906,370.94000244140625,376.0299987792969,368.8482666015625,2478700
2023-05-03,376.6700134277344,379.54998779296875,374.3299865722656,374.8999938964844,367.7398376464844,1970900
2023-05-04,374.5,376.8500061035156,372.1400146484375,376.1199951171875,368.9365234375,2814900
2023-05-05,380.57000732421875,385.1499938964844,378.239990234375,384.6600036621094,377.3134460449219,2683100
2023-05-08,384.010009765625,387.4599914550781,383.7699890136719,385.510009765625,378.1473083496094,1719600
2023-05-09,383.8800048828125,386.1700134277344,382.70001220703125,382.94000244140625,375.6263122558594,2036400
2023-05-10,385.989990234375,386.760009765625,377.6499938964844,382.5400085449219,375.23394775390625,1940800
2023-05-11,382.2099914550781,385.7200012207031,379.260009765625,383.3900146484375,376.0677185058594,1901200
2023-05-12,384.489990234375,385.0199890136719,378.79998779296875,381.9200134277344,374.6258239746094,2044000
2023-05-15,381.8699951171875,383.6600036621094,380.5299987792969,383.4100036621094,376.0873107910156,1957400
2023-05-16,382.6000061035156,383.6000061035156,377.32000732421875,380.239990234375,372.97784423828125,2762700
2023-05-17,382.20001220703125,387.5199890136719,379.1300048828125,387.0,379.6087951660156,3260300
2023-05-18,387.1099853515625,392.0199890136719,385.80999755859375,392.0199890136719,384.5328674316406,3729500
2023-05-19,392.0,392.20001220703125,385.1400146484375,385.57000732421875,378.20611572265625,3369100
2023-05-22,384.989990234375,387.3699951171875,384.17999267578125,384.5299987792969,377.1860046386719,1808800
2023-05-23,381.5199890136719,382.0299987792969,370.44000244140625,373.75,366.6118469238281,3979000
2023-05-24,369.3699951171875,369.6099853515625,365.5799865722656,368.5,361.46209716796875,2655700
2023-05-25,367.9100036621094,370.989990234375,364.9100036621094,370.0400085449219,362.9727478027344,3752200
2023-05-26,371.0,375.67999267578125,370.04998779296875,374.3699951171875,367.2200012207031,2691300
2023-05-30,376.2799987792969,376.6300048828125,366.20001220703125,367.5,360.4812316894531,3430100
2023-05-31,365.0,365.70001220703125,357.8500061035156,365.0199890136719,358.0485534667969,10695300
2023-06-01,367.1600036621094,371.0899963378906,366.04998779296875,370.8800048828125,363.7966613769531,3389700
2023-06-02,374.5899963378906,375.82000732421875,372.1499938964844,373.7300109863281,366.5921936035156,2501500
2023-06-05,372.75,372.79998779296875,368.5299987792969,370.5199890136719,363.44354248046875,2316200
2023-06-06,372.95001220703125,380.3800048828125,371.80999755859375,379.9599914550781,372.7032165527344,2758700
2023-06-07,379.2900085449219,380.5,368.260009765625,371.3900146484375,364.29693603515625,3714500
2023-06-08,369.3599853515625,369.7699890136719,365.8500061035156,367.5899963378906,360.5694580078125,2594700
2023-06-09,370.4599914550781,372.1099853515625,367.760009765625,369.2200012207031,362.1683654785156,2201800
2023-06-12,370.6700134277344,375.9700012207031,369.94000244140625,375.30999755859375,368.14202880859375,2407500
2023-06-13,375.30999755859375,377.17999267578125,369.80999755859375,371.3800048828125,364.2870788574219,2444100
2023-06-14,372.92999267578125,378.0799865722656,372.0199890136719,374.760009765625,367.6025085449219,2775400
2023-06-15,373.2699890136719,379.57000732421875,370.5199890136719,379.0400085449219,371.8007507324219,2558100
2023-06-16,381.6099853515625,382.8999938964844,376.1600036621094,376.5299987792969,369.3387145996094,5886900
2023-06-20,375.010009765625,379.510009765625,373.75,374.6199951171875,367.4651794433594,3961700
2023-06-21,373.9599914550781,378.3900146484375,373.6600036621094,376.1400146484375,368.9561767578125,2301300
2023-06-22,375.1099853515625,378.4800109863281,373.95001220703125,377.79998779296875,370.58447265625,1933300
2023-06-23,374.9800109863281,381.1199951171875,373.2200012207031,379.80999755859375,372.5560607910156,3739700
2023-06-26,378.05999755859375,379.989990234375,375.3500061035156,377.4200134277344,370.2117919921875,3327800
2023-06-27,380.3399963378906,382.8399963378906,379.010009765625,381.7900085449219,374.498291015625,2197300
2023-06-28,381.19000244140625,381.3999938964844,378.6700134277344,380.2300109863281,372.96807861328125,2012400
2023-06-29,380.8500061035156,388.010009765625,380.5,387.6700134277344,380.2659912109375,2524600
2023-06-30,388.1000061035156,395.1700134277344,388.1000061035156,393.29998779296875,385.7884826660156,4407100
2023-07-03,391.3399963378906,394.30999755859375,388.67999267578125,393.9599914550781,386.43585205078125,1304600
2023-07-05,388.80999755859375,395.25,387.1300048828125,394.7300109863281,387.191162109375,2781800
2023-07-06,393.8299865722656,394.2099914550781,389.739990234375,393.1400146484375,386.1892395019531,2156600
2023-07-07,390.6600036621094,392.45001220703125,388.3999938964844,388.67999267578125,381.8080139160156,2654400
2023-07-10,388.4800109863281,393.42999267578125,388.010009765625,392.1600036621094,385.22650146484375,2148600
2023-07-11,393.6199951171875,398.4599914550781,392.3399963378906,397.79998779296875,390.76678466796875,2106200
2023-07-12,399.0,403.1700134277344,398.7099914550781,400.69000244140625,393.605712890625,2273400
2023-07-13,403.0,403.239990234375,400.4599914550781,400.55999755859375,393.47802734375,2354900
2023-07-14,402.1199951171875,403.489990234375,400.29998779296875,402.510009765625,395.3935852050781,1978500
2023-07-17,401.95001220703125,404.0,401.1199951171875,402.20001220703125,395.08905029296875,2344500
2023-07-18,400.4200134277344,401.94000244140625,395.2099914550781,398.1600036621094,391.1204833984375,2676200
2023-07-19,398.0,399.8500061035156,396.30999755859375,398.2699890136719,391.2284851074219,1809700
2023-07-20,397.1400146484375,399.7200012207031,395.54998779296875,398.05999755859375,391.0221862792969,2570700
2023-07-21,398.6700134277344,401.510009765625,397.4200134277344,397.489990234375,390.4622802734375,1868100
2023-07-24,397.4800109863281,404.9100036621094,396.6099853515625,404.7900085449219,397.6332092285156,3029800
2023-07-25,403.3699951171875,404.8599853515625,401.0,401.2799987792969,394.1852722167969,2490500
2023-07-26,399.17999267578125,403.30999755859375,395.75,402.4100036621094,395.2953186035156,2572300
2023-07-27,405.19000244140625,405.19000244140625,393.95001220703125,394.5,387.5251770019531,3563300
2023-07-28,397.9599914550781,398.0,388.8800048828125,392.9599914550781,386.01239013671875,4501000
2023-07-31,393.9700012207031,396.0799865722656,392.4700012207031,394.2799987792969,387.3089599609375,3578300
2023-08-01,393.7799987792969,397.29998779296875,392.3599853515625,397.07000732421875,390.04974365234375,2344200
2023-08-02,393.8800048828125,394.2099914550781,389.5799865722656,390.0199890136719,383.1243896484375,2410600
2023-08-03,387.55999755859375,393.44000244140625,386.4200134277344,393.010009765625,386.0614929199219,2190500
2023-08-04,391.6099853515625,396.0899963378906,390.07000732421875,391.3500061035156,384.43084716796875,2215800
2023-08-07,393.0,397.75,393.0,396.8699951171875,389.853271484375,1559800
2023-08-08,396.17999267578125,396.3800048828125,390.1300048828125,393.19000244140625,386.23834228515625,1747000
2023-08-09,393.8599853515625,396.7900085449219,391.8699951171875,393.6700134277344,386.7098388671875,1806100
2023-08-10,396.4599914550781,400.6300048828125,395.7099914550781,397.1400146484375,390.1184997558594,2154500
2023-08-11,395.75,396.6700134277344,392.80999755859375,394.9800109863281,387.9967041015625,1464600
2023-08-14,396.45001220703125,399.2300109863281,394.6099853515625,398.5799865722656,391.53302001953125,1638500
2023-08-15,397.489990234375,397.489990234375,393.5899963378906,394.45001220703125,387.47607421875,1753200
2023-08-16,393.44000244140625,399.20001220703125,393.1199951171875,394.3699951171875,387.3974304199219,2002000
2023-08-17,396.1400146484375,396.2099914550781,390.989990234375,392.6199951171875,385.6783142089844,2118600
2023-08-18,389.82000732421875,393.8399963378906,388.8299865722656,392.1700134277344,385.23638916015625,2001800
2023-08-21,393.2099914550781,394.989990234375,391.0199890136719,393.20001220703125,386.2481384277344,1869400
2023-08-22,395.0,398.7699890136719,393.67999267578125,397.8399963378906,390.8060607910156,2422500
2023-08-23,399.2699890136719,401.9200134277344,398.3599853515625,401.05999755859375,393.96917724609375,1943200
2023-08-24,401.5899963378906,404.0,397.5,397.6700134277344,390.63909912109375,1970000
2023-08-25,400.6499938964844,404.6199951171875,399.0,402.8900146484375,395.7668151855469,2154600
2023-08-28,404.0,407.79998779296875,403.1499938964844,407.44000244140625,400.23638916015625,1901300
2023-08-29,407.4200134277344,412.19000244140625,406.5899963378906,411.6499938964844,404.37188720703125,2188800
2023-08-30,414.7799987792969,417.7799987792969,413.5199890136719,413.9100036621094,406.5919494628906,2516600
2023-08-31,414.2099914550781,416.2900085449219,411.7799987792969,412.6400146484375,405.3443908691406,2535100
2023-09-01,413.8399963378906,416.510009765625,412.489990234375,415.57000732421875,408.2225646972656,1841700
2023-09-05,413.3500061035156,415.3999938964844,409.70001220703125,411.5,404.2245788574219,2045600
2023-09-06,410.7799987792969,413.3800048828125,408.8900146484375,413.17999267578125,405.8748779296875,2292100
2023-09-07,411.9200134277344,416.1300048828125,411.7300109863281,414.6199951171875,407.2894592285156,2502700
2023-09-08,415.0,416.3299865722656,413.8599853515625,414.8399963378906,407.50555419921875,1868900
2023-09-11,416.8500061035156,417.5899963378906,414.6400146484375,416.69000244140625,409.3228454589844,1544700
2023-09-12,415.95001220703125,417.6499938964844,415.25,416.2699890136719,408.9102478027344,1997600
2023-09-13,416.1700134277344,418.4100036621094,414.9700012207031,416.29998779296875,408.93963623046875,2142200
2023-09-14,418.29998779296875,418.6000061035156,407.7799987792969,413.3399963378906,406.0320739746094,3557700
2023-09-15,411.8599853515625,418.29998779296875,411.1400146484375,414.30999755859375,406.9848937988281,4755500
2023-09-18,413.8800048828125,417.8900146484375,413.0400085449219,417.1300048828125,409.75506591796875,1808000
2023-09-19,416.9599914550781,417.1000061035156,411.1000061035156,413.5299987792969,406.21868896484375,1730900
2023-09-20,413.7699890136719,415.8500061035156,410.0799865722656,410.5199890136719,403.2619323730469,1580000
2023-09-21,408.3399963378906,408.7699890136719,402.1000061035156,403.3599853515625,396.2284851074219,2450700
2023-09-22,404.3900146484375,406.8500061035156,401.55999755859375,402.2200012207031,395.1086730957031,1885000
2023-09-25,400.6000061035156,403.2300109863281,399.8399963378906,402.489990234375,395.3738708496094,1846500
2023-09-26,400.0,400.8500061035156,393.6099853515625,395.3800048828125,388.3896179199219,2940400
2023-09-27,396.2099914550781,397.0299987792969,391.4800109863281,395.4800109863281,388.4878234863281,1987500
2023-09-28,395.8299865722656,401.3500061035156,395.3699951171875,399.44000244140625,392.3777770996094,2216200
2023-09-29,402.0299987792969,402.17999267578125,394.25,395.9100036621094,388.9101867675781,3032300
2023-10-02,393.6000061035156,396.3599853515625,392.45001220703125,395.8500061035156,388.851318359375,2856800
2023-10-03,394.5,397.8599853515625,388.9700012207031,391.05999755859375,384.14593505859375,2527900
2023-10-04,392.0,394.4700012207031,388.5799865722656,393.760009765625,386.7982177734375,1813400
2023-10-05,390.3900146484375,394.7200012207031,390.0,394.20001220703125,387.79180908203125,2116600
2023-10-06,393.2300109863281,401.0,390.5,397.9700012207031,391.5005798339844,2484000
2023-10-09,394.4599914550781,396.5,389.5799865722656,394.739990234375,388.3229675292969,2475100
2023-10-10,395.5400085449219,402.7200012207031,393.8500061035156,400.3699951171875,393.8615417480469,2713800
2023-10-11,403.25,405.1300048828125,397.3599853515625,399.80999755859375,393.3105773925781,2055600
2023-10-12,403.79998779296875,405.3399963378906,397.32000732421875,399.8999938964844,393.3991394042969,1779000
2023-10-13,398.80999755859375,402.1400146484375,395.0799865722656,398.0299987792969,391.5595397949219,2235600
2023-10-16,400.239990234375,404.42999267578125,398.7799987792969,401.1600036621094,394.638671875,2202100
2023-10-17,399.6400146484375,403.6099853515625,398.45001220703125,401.7699890136719,395.2387390136719,2176000
2023-10-18,399.1099853515625,401.3699951171875,392.55999755859375,393.2099914550781,386.8179016113281,1951400
2023-10-19,393.8500061035156,394.8299865722656,385.5,387.8699951171875,381.5647277832031,3472800
2023-10-20,387.8699951171875,389.989990234375,384.1700134277344,384.4100036621094,378.1609191894531,2652500
2023-10-23,382.30999755859375,387.8599853515625,381.0,383.6700134277344,377.4330139160156,1771800
2023-10-24,385.5,389.42999267578125,383.8699951171875,386.9100036621094,380.6203308105469,2003300
2023-10-25,384.0,388.6300048828125,382.239990234375,386.30999755859375,380.0300598144531,3504500
2023-10-26,371.0199890136719,375.54998779296875,363.0400085449219,364.5899963378906,358.66314697265625,6920100
2023-10-27,366.489990234375,368.2900085449219,359.7699890136719,364.0799865722656,358.1614074707031,3624900
2023-10-30,366.5199890136719,373.2300109863281,364.7200012207031,372.4200134277344,366.36590576171875,3386400
2023-10-31,373.32000732421875,377.67999267578125,373.1099853515625,376.3500061035156,370.23193359375,2978800
2023-11-01,378.6700134277344,380.3999938964844,375.0400085449219,377.82000732421875,371.6780700683594,2354700
2023-11-02,380.29998779296875,383.0400085449219,378.489990234375,382.69000244140625,376.4689636230469,2816000
2023-11-03,385.0,388.44000244140625,383.7300109863281,386.04998779296875,379.7742614746094,2269100
2023-11-06,387.1000061035156,388.25,384.2099914550781,386.1600036621094,379.88250732421875,2020500
2023-11-07,386.0,389.5899963378906,384.29998779296875,388.8699951171875,382.5484619140625,2324200
2023-11-08,387.1099853515625,391.3699951171875,387.0,389.70001220703125,383.3649597167969,2838400
2023-11-09,390.9599914550781,391.45001220703125,387.2699890136719,387.9599914550781,381.6531982421875,2657100
2023-11-10,390.0400085449219,395.0899963378906,386.739990234375,394.3800048828125,387.9688720703125,2807000
2023-11-13,394.3500061035156,395.6300048828125,393.0199890136719,394.3500061035156,387.93939208984375,1614600
2023-11-14,397.17999267578125,401.67999267578125,396.75,397.6499938964844,391.1856994628906,2733900
2023-11-15,397.4700012207031,399.2799987792969,394.760009765625,396.8299865722656,390.3789978027344,2434600
2023-11-16,398.010009765625,399.95001220703125,395.54998779296875,397.1000061035156,390.6446228027344,3060600
2023-11-17,399.9700012207031,401.1199951171875,397.9100036621094,400.29998779296875,393.7925720214844,2365500
2023-11-20,400.7200012207031,405.20001220703125,398.260009765625,404.3999938964844,397.8259582519531,2768300
2023-11-21,405.7200012207031,410.3500061035156,405.69000244140625,408.95001220703125,402.302001953125,2567500
2023-11-22,412.260009765625,412.8500061035156,410.1499938964844,410.3299865722656,403.65960693359375,1967900
2023-11-24,412.489990234375,412.9700012207031,410.5299987792969,412.5,405.7942810058594,1053500
2023-11-27,411.0,412.7200012207031,408.25,408.9700012207031,402.3216857910156,2665900
2023-11-28,409.0799865722656,410.6400146484375,407.4599914550781,409.010009765625,402.36102294921875,2645000
2023-11-29,411.010009765625,412.0799865722656,409.4200134277344,409.82000732421875,403.15789794921875,2151400
2023-11-30,410.1000061035156,414.1600036621094,408.7799987792969,413.8299865722656,407.1026916503906,3203500
2023-12-01,412.8900146484375,416.6000061035156,411.57000732421875,414.3599853515625,407.6240539550781,2171400
2023-12-04,413.8299865722656,414.8500061035156,408.0299987792969,408.2300109863281,401.59375,3097900
2023-12-05,407.0899963378906,409.04998779296875,404.32000732421875,408.69000244140625,402.0462341308594,2755600
2023-12-06,411.42999267578125,413.82000732421875,407.1600036621094,410.3800048828125,403.7087707519531,2224200
2023-12-07,412.07000732421875,413.57000732421875,409.989990234375,413.1499938964844,406.4337158203125,2363000
2023-12-08,412.2200012207031,413.6700134277344,409.2300109863281,412.1600036621094,405.4598388671875,1959300
2023-12-11,412.4599914550781,416.1700134277344,412.3800048828125,415.7099914550781,408.95208740234375,2236000
2023-12-12,417.0,421.0,414.70001220703125,420.75,413.91015625,2736500
2023-12-13,421.8599853515625,426.3699951171875,419.1499938964844,424.67999267578125,417.77630615234375,3694200
2023-12-14,425.010009765625,425.8500061035156,415.8999938964844,418.55999755859375,411.75579833984375,3989700
2023-12-15,412.6199951171875,419.260009765625,411.6000061035156,418.57000732421875,411.7656555175781,5566600
2023-12-18,419.5299987792969,425.0899963378906,419.5299987792969,424.42999267578125,417.53033447265625,2686900
2023-12-19,424.04998779296875,426.67999267578125,422.5199890136719,425.4700012207031,418.5534973144531,2256200
2023-12-20,425.0799865722656,427.6099853515625,419.239990234375,419.45001220703125,412.63134765625,3058300
2023-12-21,421.7900085449219,423.8999938964844,420.6099853515625,423.44000244140625,416.55645751953125,2213600
2023-12-22,424.75,427.1700134277344,422.9599914550781,424.1000061035156,417.2057189941406,1759000
2023-12-26,425.0,425.7200012207031,422.95001220703125,423.6700134277344,416.78271484375,1258200
2023-12-27,423.0,425.010009765625,422.9599914550781,424.3599853515625,417.46148681640625,1324100
2023-12-28,423.7699890136719,428.3599853515625,423.67999267578125,426.32000732421875,419.38970947265625,1505000
2023-12-29,426.67999267578125,428.3500061035156,424.2699890136719,426.510009765625,419.5765686035156,1706100
2024-01-02,424.0899963378906,424.2799987792969,419.55999755859375,421.8900146484375,415.0316467285156,2463700
2024-01-03,421.20001220703125,421.3399963378906,417.5,418.7699890136719,411.9623107910156,3093700
2024-01-04,418.5,423.45001220703125,418.2799987792969,419.7699890136719,412.9461364746094,2042600
2024-01-05,420.489990234375,422.760009765625,416.989990234375,419.4200134277344,412.6017761230469,2415900
2024-01-08,419.44000244140625,422.0799865722656,416.5299987792969,421.9800109863281,415.7745361328125,2125400
2024-01-09,419.1000061035156,423.70001220703125,418.5400085449219,422.6000061035156,416.38531494140625,2439300
2024-01-10,426.0,429.4700012207031,424.1499938964844,428.2699890136719,421.971923828125,2709300
2024-01-11,430.0,431.7900085449219,425.7699890136719,426.7200012207031,420.44476318359375,2320600
2024-01-12,429.95001220703125,431.1099853515625,427.70001220703125,429.1000061035156,422.789794921875,1892400
2024-01-16,427.44000244140625,429.7300109863281,426.5199890136719,428.3500061035156,422.0508117675781,2398000
2024-01-17,425.4800109863281,430.3800048828125,425.4800109863281,427.4200134277344,421.13446044921875,2690400
2024-01-18,428.6400146484375,431.2200012207031,427.45001220703125,430.7200012207031,424.38592529296875,2075700
2024-01-19,432.54998779296875,437.07000732421875,429.3399963378906,436.7799987792969,430.3568420410156,2400200
2024-01-22,438.9800109863281,440.94000244140625,437.260009765625,439.75,433.28314208984375,2715500
2024-01-23,440.2699890136719,440.6000061035156,437.8599853515625,438.760009765625,432.3077087402344,2328600
2024-01-24,438.5299987792969,440.92999267578125,435.760009765625,438.70001220703125,432.2486572265625,2725700
2024-01-25,436.0,438.6300048828125,434.4599914550781,436.79998779296875,430.3765563964844,2977800
2024-01-26,432.54998779296875,439.8900146484375,430.6700134277344,438.5299987792969,432.0810546875,2725400
2024-01-29,435.7799987792969,440.9599914550781,434.6700134277344,440.5799865722656,434.1009521484375,2314200
2024-01-30,440.8999938964844,446.2200012207031,440.04998779296875,445.19000244140625,438.6431579589844,2663600
2024-01-31,450.0,462.0,446.6199951171875,449.2300109863281,442.62371826171875,4740500
2024-02-01,455.0,461.1400146484375,454.04998779296875,460.9200134277344,454.1418762207031,3292700
2024-02-02,462.2099914550781,463.8399963378906,458.5,460.5799865722656,453.80682373046875,2050300
2024-02-05,459.510009765625,461.3699951171875,455.5299987792969,456.760009765625,450.0429992675781,2438800
2024-02-06,455.3599853515625,460.55999755859375,455.3599853515625,460.5,453.7279968261719,2201900
2024-02-07,461.2099914550781,462.239990234375,459.6199951171875,461.9100036621094,455.11724853515625,2544300
2024-02-08,460.0,460.75,457.45001220703125,458.260009765625,451.5209655761719,2081300
2024-02-09,458.05999755859375,458.989990234375,456.3699951171875,457.8800048828125,451.14654541015625,2155400
2024-02-12,459.17999267578125,459.3999938964844,456.0799865722656,458.7099914550781,451.9643249511719,1794500
2024-02-13,456.760009765625,461.8800048828125,456.0400085449219,460.4599914550781,453.6886291503906,2407700
2024-02-14,462.0,465.45001220703125,459.44000244140625,465.19000244140625,458.3490295410156,2202700
2024-02-15,465.8299865722656,472.1099853515625,465.2300109863281,471.2799987792969,464.34942626953125,2354100
2024-02-16,474.1700134277344,474.1700134277344,467.07000732421875,468.1300048828125,461.2458190917969,2237200
2024-02-20,452.79998779296875,455.8500061035156,450.1199951171875,451.75,445.1067199707031,5044200
2024-02-21,453.30999755859375,459.6000061035156,452.0,459.04998779296875,452.29931640625,2895800
2024-02-22,461.80999755859375,472.5,461.5799865722656,471.55999755859375,464.6253356933594,2572800
2024-02-23,473.7300109863281,475.1700134277344,471.8599853515625,473.4200134277344,466.4580383300781,1764100
2024-02-26,473.0,475.0799865722656,472.0,474.510009765625,467.5320129394531,2066900
2024-02-27,474.54998779296875,475.0,469.95001220703125,474.75,467.7684326171875,2011100
2024-02-28,474.1700134277344,479.1400146484375,473.6700134277344,478.8500061035156,471.80816650390625,1931900
2024-02-29,478.0,478.3900146484375,472.04998779296875,474.760009765625,467.7782897949219,3072500
2024-03-01,474.9100036621094,477.5,473.8999938964844,476.6300048828125,469.62078857421875,1748300
2024-03-04,475.6700134277344,476.6300048828125,465.7699890136719,468.489990234375,461.6004943847656,3212400
2024-03-05,467.3699951171875,469.239990234375,464.6199951171875,467.5199890136719,460.6447448730469,2015100
2024-03-06,467.1600036621094,473.6199951171875,467.1600036621094,471.6000061035156,464.6648254394531,1917100
2024-03-07,473.20001220703125,473.2699890136719,465.8900146484375,467.5400085449219,460.66448974609375,2178100
2024-03-08,467.1000061035156,471.6199951171875,467.1000061035156,469.260009765625,462.35919189453125,1596900
2024-03-11,469.0,469.3699951171875,464.69000244140625,469.1600036621094,462.2607116699219,1774500
2024-03-12,470.5299987792969,474.3699951171875,468.7099914550781,472.8699951171875,465.91607666015625,1853900
2024-03-13,474.2300109863281,476.1600036621094,472.7799987792969,475.6099853515625,468.61578369140625,2103900
2024-03-14,481.0199890136719,482.0,477.17999267578125,479.4800109863281,472.42889404296875,2757700
2024-03-15,473.3399963378906,478.4599914550781,473.0799865722656,475.8299865722656,468.8325500488281,4179300
2024-03-18,478.6400146484375,480.82000732421875,476.6499938964844,478.8900146484375,471.8476257324219,2072300
2024-03-19,481.6199951171875,484.6099853515625,479.510009765625,484.0,476.8824462890625,2049500
2024-03-20,484.32000732421875,488.45001220703125,483.6400146484375,488.0400085449219,480.8630065917969,1691100
2024-03-21,488.5299987792969,490.0,483.3999938964844,488.6400146484375,481.4541931152344,2580300
2024-03-22,488.30999755859375,488.8900146484375,481.4599914550781,481.6700134277344,474.586669921875,2277800
2024-03-25,481.6000061035156,482.32000732421875,474.4100036621094,476.0400085449219,469.0395202636719,2600300
2024-03-26,477.7200012207031,480.0,472.30999755859375,476.79998779296875,469.788330078125,2515100
2024-03-27,480.5,482.1600036621094,474.75,477.95001220703125,470.9214172363281,2309400
2024-03-28,477.9100036621094,482.42999267578125,477.2799987792969,481.57000732421875,474.4881286621094,2214500
2024-04-01,480.6600036621094,483.2799987792969,477.3299865722656,478.3999938964844,471.36480712890625,1648200
2024-04-02,476.9700012207031,480.4100036621094,476.29998779296875,479.42999267578125,472.3796081542969,3265100
2024-04-03,480.44000244140625,483.29998779296875,477.2099914550781,477.4200134277344,470.39923095703125,2265000
2024-04-04,479.9700012207031,481.9599914550781,469.0,469.7699890136719,462.8616943359375,2552600
2024-04-05,474.0,479.30999755859375,472.5299987792969,477.1499938964844,470.1331481933594,2462700
2024-04-08,476.3999938964844,479.67999267578125,474.2799987792969,478.8500061035156,472.4617004394531,1961800
2024-04-09,477.9700012207031,478.8900146484375,467.8299865722656,472.1600036621094,465.8609313964844,2217200
2024-04-10,470.1700134277344,474.3900146484375,468.8500061035156,469.1700134277344,462.9107666015625,2710500
2024-04-11,468.2799987792969,470.3500061035156,464.19000244140625,468.30999755859375,462.0622253417969,2299900
2024-04-12,466.0,469.5199890136719,462.1099853515625,465.3800048828125,459.1714172363281,2486300
2024-04-15,470.239990234375,471.0,458.42999267578125,459.7900085449219,453.65594482421875,2070500
2024-04-16,460.0,463.3800048828125,459.0,459.82000732421875,453.685546875,1787200
2024-04-17,462.7699890136719,463.4100036621094,458.1499938964844,460.1600036621094,454.0209655761719,1735000
2024-04-18,460.5,461.9100036621094,453.79998779296875,454.70001220703125,448.63385009765625,1998900
2024-04-19,458.8900146484375,459.8599853515625,452.5899963378906,455.3900146484375,449.314697265625,2548800
2024-04-22,457.5,460.739990234375,455.1300048828125,456.75,450.656494140625,2157400
2024-04-23,458.4800109863281,462.9800109863281,457.30999755859375,462.82000732421875,456.6455383300781,2029100
2024-04-24,465.2900085449219,468.1499938964844,460.3500061035156,462.5,456.32977294921875,4043100
2024-04-25,460.94000244140625,464.0,456.7200012207031,462.1099853515625,455.9449462890625,2006500
2024-04-26,462.9100036621094,464.82000732421875,460.94000244140625,462.4200134277344,456.2508239746094,1963300
2024-04-29,460.95001220703125,461.5899963378906,455.67999267578125,457.1000061035156,451.0018310546875,2120700
2024-04-30,456.260009765625,457.7200012207031,450.8800048828125,451.20001220703125,445.1805725097656,2698800
2024-05-01,445.79998779296875,448.9800109863281,438.3800048828125,442.07000732421875,436.17236328125,4979100
2024-05-02,443.0,444.6600036621094,438.04998779296875,441.1000061035156,435.2153015136719,3866500
2024-05-03,444.9100036621094,445.260009765625,436.8999938964844,443.5799865722656,437.66217041015625,3711500
2024-05-06,447.2300109863281,450.5,445.55999755859375,449.3699951171875,443.37493896484375,2536200
2024-05-07,451.760009765625,453.29998779296875,447.5299987792969,453.05999755859375,447.01568603515625,2345300
2024-05-08,454.0,455.1099853515625,449.9200134277344,454.7699890136719,448.7029113769531,2332400
2024-05-09,453.54998779296875,456.0299987792969,453.54998779296875,455.489990234375,449.4132995605469,1970100
2024-05-10,457.3299865722656,458.5799865722656,454.9800109863281,456.9800109863281,450.8834533691406,1729900
2024-05-13,456.92999267578125,458.7200012207031,455.510009765625,457.760009765625,451.6530456542969,2069300
2024-05-14,457.9200134277344,458.9800109863281,449.29998779296875,454.20001220703125,448.14056396484375,2991000
2024-05-15,452.7900085449219,458.6000061035156,452.7900085449219,458.0,451.88983154296875,2437800
2024-05-16,460.0,464.92999267578125,458.82000732421875,458.8699951171875,452.7481689453125,2412200
2024-05-17,460.45001220703125,461.69000244140625,458.1099853515625,460.2699890136719,454.1295166015625,1985900
2024-05-20,459.4800109863281,462.2200012207031,458.7799987792969,459.6600036621094,453.5276184082031,1397200
2024-05-21,457.9100036621094,460.3900146484375,455.6300048828125,459.1000061035156,452.97515869140625,2166000
2024-05-22,458.8999938964844,462.5,455.1700134277344,456.5199890136719,450.4295959472656,1713700
2024-05-23,456.5199890136719,458.04998779296875,450.44000244140625,451.2099914550781,445.19036865234375,2084600
2024-05-24,452.510009765625,454.45001220703125,450.32000732421875,451.17999267578125,445.16082763671875,2162100
2024-05-28,450.0,450.6300048828125,442.3999938964844,445.0799865722656,439.1421813964844,2670800
2024-05-29,442.1099853515625,444.55999755859375,441.79998779296875,442.4700012207031,436.5669860839844,1876900
2024-05-30,442.2099914550781,444.19000244140625,440.6700134277344,442.1000061035156,436.20196533203125,2189900
2024-05-31,442.69000244140625,447.3399963378906,439.260009765625,447.07000732421875,441.1055908203125,3917100
2024-06-03,443.4800109863281,445.0,437.8900146484375,443.19000244140625,437.27740478515625,2123800
2024-06-04,443.3599853515625,444.8800048828125,441.32000732421875,444.7699890136719,438.8363037109375,2096600
2024-06-05,446.79998779296875,447.57000732421875,442.30999755859375,446.6600036621094,440.70111083984375,2157000
2024-06-06,448.489990234375,449.7799987792969,444.6300048828125,448.67999267578125,442.69415283203125,1887100
2024-06-07,449.45001220703125,453.0,447.260009765625,449.7900085449219,443.78936767578125,1664700
2024-06-10,448.4200134277344,450.1700134277344,444.3699951171875,449.25,443.256591796875,1954500
2024-06-11,447.8399963378906,449.25,445.1099853515625,449.0400085449219,443.0494079589844,1777300
2024-06-12,451.489990234375,452.5,441.6000061035156,443.0,437.0898742675781,2738900
2024-06-13,443.0,445.1499938964844,439.32000732421875,445.0,439.0632629394531,2916600
2024-06-14,443.3399963378906,444.9599914550781,441.20001220703125,444.6300048828125,438.69818115234375,2161500
2024-06-17,442.42999267578125,449.3399963378906,441.67999267578125,448.1099853515625,442.1316833496094,2351900
2024-06-18,447.05999755859375,451.20001220703125,446.70001220703125,450.1099853515625,444.10504150390625,2636500
2024-06-20,451.05999755859375,454.4800109863281,448.3599853515625,452.510009765625,446.4730529785156,3006800
2024-06-21,452.19000244140625,455.29998779296875,450.260009765625,454.8500061035156,448.78179931640625,5007800
2024-06-24,454.92999267578125,463.07000732421875,454.92999267578125,456.9599914550781,450.8636779785156,2597100
2024-06-25,458.4800109863281,460.30999755859375,453.79998779296875,455.6499938964844,449.5711669921875,2299400
2024-06-26,452.75,454.67999267578125,451.3900146484375,452.3800048828125,446.3448181152344,2451400
2024-06-27,448.57000732421875,448.70001220703125,442.0,442.75,436.84326171875,3313800
2024-06-28,444.6400146484375,448.29998779296875,438.7200012207031,441.1600036621094,435.2745361328125,4105000
2024-07-01,440.79998779296875,442.4700012207031,435.54998779296875,437.6099853515625,431.7718505859375,3149700
2024-07-02,435.0,444.760009765625,435.0,444.6499938964844,438.7179260253906,2061300
2024-07-03,445.32000732421875,449.2900085449219,444.2799987792969,448.17999267578125,442.2008361816406,3192400
2024-07-05,447.1099853515625,449.95001220703125,444.2799987792969,449.489990234375,443.4933166503906,2220700
2024-07-08,449.2799987792969,450.6099853515625,445.0,446.239990234375,440.2867126464844,1802700
2024-07-09,446.6499938964844,447.5799865722656,442.7900085449219,444.70001220703125,439.4171447753906,1608400
2024-07-10,434.6099853515625,437.4100036621094,429.04998779296875,433.6400146484375,428.4885559082031,4760900
2024-07-11,432.0,437.7699890136719,430.1099853515625,436.4200134277344,431.2355041503906,4032600
2024-07-12,437.3999938964844,442.2300109863281,437.32000732421875,440.1099853515625,434.8816833496094,2645600
2024-07-15,440.3299865722656,444.3999938964844,438.739990234375,444.0,438.7254943847656,1727700
2024-07-16,446.94000244140625,447.1600036621094,439.70001220703125,443.5299987792969,438.2610168457031,2846600
2024-07-17,442.3999938964844,451.5199890136719,442.05999755859375,451.1600036621094,445.8004150390625,2925000
2024-07-18,448.75,455.42999267578125,447.4800109863281,448.7200012207031,443.3894348144531,3339900
2024-07-19,451.2200012207031,451.239990234375,443.57000732421875,443.69000244140625,438.419189453125,2121700
2024-07-22,445.4100036621094,448.8500061035156,443.25,447.94000244140625,442.61871337890625,2111700
2024-07-23,448.04998779296875,448.739990234375,441.1099853515625,441.7200012207031,436.4725646972656,2385500
2024-07-24,434.0,435.8599853515625,428.8599853515625,432.45001220703125,427.31268310546875,3764800
2024-07-25,433.94000244140625,437.70001220703125,429.55999755859375,429.6000061035156,424.49652099609375,2384300
2024-07-26,432.2799987792969,440.7799987792969,432.1099853515625,438.17999267578125,432.97467041015625,2039600
2024-07-29,438.79998779296875,442.9200134277344,435.4200134277344,441.29998779296875,436.0575256347656,2248600
2024-07-30,443.7699890136719,448.7300109863281,443.010009765625,447.45001220703125,442.1344909667969,2266900
2024-07-31,462.0,474.0,457.5400085449219,463.7099914550781,458.2012939453125,4313600
2024-08-01,465.4599914550781,467.5,459.19000244140625,462.4100036621094,456.91680908203125,2590100
2024-08-02,460.2200012207031,466.75,458.6099853515625,462.0199890136719,456.5314025878906,3808100
2024-08-05,455.0,461.29998779296875,439.5899963378906,442.0,436.749267578125,4496700
2024-08-06,443.2200012207031,455.45001220703125,442.1099853515625,448.29998779296875,442.9743347167969,2758900
2024-08-07,450.5299987792969,456.9200134277344,449.0400085449219,449.8399963378906,444.4960632324219,2059800
2024-08-08,452.239990234375,456.2699890136719,451.0299987792969,455.5799865722656,450.16790771484375,1585400
2024-08-09,455.5799865722656,458.79998779296875,453.4599914550781,456.7799987792969,451.3536376953125,1760200
2024-08-12,457.7699890136719,458.4599914550781,453.8900146484375,455.69000244140625,450.276611328125,1760000
2024-08-13,458.1400146484375,459.6400146484375,454.8900146484375,459.3599853515625,453.9029541015625,1816100
2024-08-14,459.260009765625,460.5400085449219,456.07000732421875,460.1600036621094,454.6934814453125,1654100
2024-08-15,465.1000061035156,469.0,464.0,468.7099914550781,463.1419372558594,2130500
2024-08-16,468.0,470.260009765625,466.0400085449219,468.8800048828125,463.3099365234375,1921900
2024-08-19,469.0,470.1499938964844,465.5199890136719,466.9800109863281,461.4324645996094,1690800
2024-08-20,468.1300048828125,469.6700134277344,465.510009765625,469.1199951171875,463.5470275878906,1763300
2024-08-21,468.5400085449219,469.0899963378906,464.5199890136719,468.0,462.4403381347656,2105900
2024-08-22,469.489990234375,470.9100036621094,466.70001220703125,468.82000732421875,463.2506408691406,1538200
2024-08-23,470.29998779296875,470.3399963378906,461.8999938964844,466.44000244140625,460.8988952636719,1986300
2024-08-26,468.1000061035156,470.5299987792969,467.0,468.6400146484375,463.0727844238281,1434400
2024-08-27,471.0799865722656,475.5,468.2200012207031,474.989990234375,469.3473205566406,1635900
2024-08-28,475.0,476.4100036621094,468.8699951171875,471.79998779296875,466.1951904296875,1445300
2024-08-29,474.4700012207031,481.9200134277344,474.4700012207031,480.79998779296875,475.0882873535156,1893400
2024-08-30,481.8399963378906,485.739990234375,479.6499938964844,483.3399963378906,477.59814453125,2982100
2024-09-03,482.4700012207031,486.69000244140625,480.0400085449219,482.1199951171875,476.3926086425781,2063700
2024-09-04,482.0899963378906,486.1700134277344,481.17999267578125,483.1400146484375,477.4005126953125,2156300
2024-09-05,483.1400146484375,484.1600036621094,473.1099853515625,477.3599853515625,471.6891174316406,2293500
2024-09-06,477.1099853515625,480.44000244140625,474.7099914550781,476.1199951171875,470.46392822265625,2116200
2024-09-09,480.5,489.2099914550781,479.57000732421875,487.0899963378906,481.3035888671875,2343600
2024-09-10,487.1000061035156,488.3299865722656,482.3299865722656,488.0199890136719,482.2225036621094,2234100
2024-09-11,486.5199890136719,489.1099853515625,477.8399963378906,488.17999267578125,482.3806457519531,2480000
2024-09-12,486.95001220703125,492.8800048828125,483.0,492.1099853515625,486.263916015625,2299100
2024-09-13,493.1000061035156,496.8500061035156,491.45001220703125,493.3599853515625,487.4990539550781,2204700
2024-09-16,495.29998779296875,498.32000732421875,493.3900146484375,497.7099914550781,491.79742431640625,1589200
2024-09-17,498.6000061035156,501.739990234375,497.8500061035156,500.989990234375,495.03839111328125,2202800
2024-09-18,501.2799987792969,501.79998779296875,494.0400085449219,494.760009765625,488.8824462890625,2193800
2024-09-19,500.0,501.1300048828125,486.25,493.010009765625,487.15325927734375,3517200
2024-09-20,489.6499938964844,493.5299987792969,487.739990234375,492.739990234375,486.886474609375,3470200
2024-09-23,493.1600036621094,497.69000244140625,491.29998779296875,497.1400146484375,491.2342224121094,2191300
2024-09-24,492.67999267578125,493.25,484.4200134277344,487.4100036621094,481.6198425292969,4143700
2024-09-25,484.760009765625,489.8999938964844,483.5400085449219,489.45001220703125,483.6355285644531,3483200
2024-09-26,491.0,493.6300048828125,489.0,491.2699890136719,485.4339294433594,3073700
2024-09-27,491.0299987792969,496.0,490.3900146484375,493.6400146484375,487.7757873535156,2177200
2024-09-30,491.7799987792969,494.989990234375,490.1099853515625,493.79998779296875,487.9338684082031,2862400
2024-10-01,497.260009765625,498.0299987792969,493.1099853515625,496.3800048828125,490.4832763671875,3748100
2024-10-02,492.94000244140625,495.9100036621094,489.67999267578125,495.57000732421875,489.68280029296875,1736500
2024-10-03,495.54998779296875,497.0899963378906,493.0,494.9700012207031,489.0899963378906,1382200
2024-10-04,495.55999755859375,499.04998779296875,492.4700012207031,497.70001220703125,491.78753662109375,1935600
2024-10-07,497.3299865722656,498.5299987792969,490.75,491.29998779296875,485.4635925292969,1990500
2024-10-08,492.5,497.5299987792969,491.5299987792969,497.05999755859375,491.1551513671875,1750100
2024-10-09,498.3800048828125,500.75,495.5899963378906,499.95001220703125,494.6676940917969,1707500
2024-10-10,500.0,500.7200012207031,495.8399963378906,498.0199890136719,492.7580261230469,1491000
2024-10-11,496.510009765625,502.9200134277344,496.4700012207031,502.260009765625,496.9532470703125,1919900
2024-10-14,504.3599853515625,508.7900085449219,502.04998779296875,506.6600036621094,501.3067321777344,2127000
2024-10-15,505.6199951171875,509.8800048828125,504.0,507.2300109863281,501.8707580566406,2885900
2024-10-16,506.3500061035156,515.4000244140625,506.0,514.0700073242188,508.6384582519531,2956700
2024-10-17,516.2899780273438,517.0399780273438,511.5199890136719,513.760009765625,508.3317565917969,2227400
2024-10-18,514.5399780273438,518.0,512.5800170898438,516.3400268554688,510.884521484375,2604600
2024-10-21,516.989990234375,518.8200073242188,513.9400024414062,515.010009765625,509.5684814453125,2217500
2024-10-22,511.1499938964844,514.5499877929688,510.5,513.02001953125,507.59954833984375,1855800
2024-10-23,512.6599731445312,514.719970703125,511.8999938964844,513.72998046875,508.3020324707031,1759700
2024-10-24,511.8999938964844,513.3400268554688,509.4599914550781,510.6199951171875,505.224853515625,1911900
2024-10-25,512.5,514.72998046875,505.6199951171875,507.3599853515625,501.99932861328125,1582200
2024-10-28,507.3999938964844,510.8599853515625,506.1400146484375,508.2099914550781,502.84039306640625,2186400
2024-10-29,507.5400085449219,511.3900146484375,505.70001220703125,506.2799987792969,500.9307556152344,2066300
2024-10-30,512.52001953125,516.4500122070312,507.0,513.6900024414062,508.2624816894531,3121000
2024-10-31,521.25,527.9000244140625,499.0299987792969,499.5899963378906,494.3114013671875,5523300
2024-11-01,500.44000244140625,510.54998779296875,498.5299987792969,508.0799865722656,502.71173095703125,3753700
2024-11-04,509.1400146484375,510.0,503.0299987792969,505.5799865722656,500.2381286621094,2165100
2024-11-05,505.5799865722656,508.1499938964844,503.6099853515625,505.55999755859375,500.2183532714844,2132900
2024-11-06,520.8599853515625,523.0,515.9400024414062,521.1300048828125,515.6238403320312,3673700
2024-11-07,523.989990234375,524.030029296875,516.5900268554688,517.8800048828125,512.408203125,2382300
2024-11-08,520.3400268554688,528.8400268554688,519.530029296875,524.760009765625,519.2155151367188,2215600
2024-11-11,528.8499755859375,534.030029296875,528.52001953125,530.1199951171875,524.5189208984375,2213400
2024-11-12,529.0999755859375,530.9000244140625,527.2999877929688,529.1699829101562,523.578857421875,2577600
2024-11-13,530.010009765625,530.5,516.4199829101562,521.8800048828125,516.3658447265625,2681500
2024-11-14,520.6199951171875,522.3599853515625,517.6500244140625,520.4000244140625,514.9016723632812,2480400
2024-11-15,518.530029296875,523.3900146484375,518.0,521.8900146484375,516.3758544921875,2408100
2024-11-18,518.5900268554688,523.489990234375,517.0,521.6300048828125,516.1185302734375,2493400
2024-11-19,518.780029296875,522.6500244140625,516.760009765625,519.4600219726562,513.9715576171875,2716000
2024-11-20,521.530029296875,522.5,511.0,512.5399780273438,507.1246032714844,2409400
2024-11-21,513.22998046875,520.1199951171875,511.5799865722656,515.0999755859375,509.65753173828125,3077300
2024-11-22,516.9299926757812,521.7100219726562,516.1799926757812,520.8599853515625,515.3567504882812,3130400
2024-11-25,521.6400146484375,528.25,521.02001953125,526.5999755859375,521.0360107421875,4503900
2024-11-26,527.9000244140625,530.6500244140625,525.0599975585938,528.47998046875,522.8961791992188,2326800
2024-11-27,529.0499877929688,533.6199951171875,526.5800170898438,532.3800048828125,526.7550048828125,2086300
2024-11-29,533.010009765625,535.77001953125,530.030029296875,532.9400024414062,527.3090209960938,1760600
2024-12-02,532.9299926757812,534.8200073242188,526.22998046875,531.3599853515625,525.7457275390625,2355100
2024-12-03,534.6699829101562,534.8200073242188,525.9600219726562,526.1799926757812,520.6204223632812,2319400
2024-12-04,523.6400146484375,526.280029296875,518.1699829101562,521.1400146484375,515.6338500976562,2630000
2024-12-05,524.5999755859375,527.469970703125,522.1699829101562,524.77001953125,519.2254028320312,2538600
2024-12-06,522.9299926757812,531.0,522.5,528.5700073242188,522.9852294921875,2122700
2024-12-09,529.02001953125,531.5900268554688,521.8800048828125,522.8200073242188,517.2960205078125,2942000
2024-12-10,522.510009765625,529.6599731445312,520.219970703125,529.010009765625,523.4205932617188,2003200
2024-12-11,529.1900024414062,535.8900146484375,527.27001953125,534.4500122070312,528.8031005859375,2181100
2024-12-12,536.2899780273438,536.75,531.969970703125,532.4099731445312,526.7847290039062,1860400
2024-12-13,534.1699829101562,534.6799926757812,528.9099731445312,529.0,523.4107055664062,1608200
2024-12-16,532.0,535.0,529.0,530.3099975585938,524.7068481445312,2923000
2024-12-17,529.4000244140625,531.780029296875,524.8699951171875,531.010009765625,525.3995361328125,4055800
2024-12-18,530.3200073242188,537.1300048828125,519.7100219726562,519.9600219726562,514.4662475585938,3190300
2024-12-19,524.1599731445312,529.219970703125,522.2000122070312,523.280029296875,517.7511596679688,3050500
2024-12-20,522.8699951171875,532.0800170898438,519.4199829101562,528.030029296875,522.450927734375,7317100
2024-12-23,525.8300170898438,529.4000244140625,521.1300048828125,528.9600219726562,523.3711547851562,2270300
2024-12-24,529.27001953125,535.739990234375,527.8300170898438,535.7100219726562,530.0498657226562,955000
2024-12-26,533.6300048828125,537.7000122070312,532.9199829101562,536.1500244140625,530.4851684570312,1109600
2024-12-27,533.6099853515625,537.5599975585938,530.7999877929688,532.2000122070312,526.5768432617188,1541800
2024-12-30,527.0,528.5700073242188,521.3300170898438,525.5499877929688,519.9970703125,2101600
2024-12-31,527.6699829101562,529.1900024414062,525.5599975585938,526.5700073242188,521.00634765625,1942600
2025-01-02,529.1900024414062,530.5599975585938,517.6599731445312,522.4000244140625,516.8804931640625,2818800
2025-01-03,522.530029296875,524.4600219726562,517.6799926757812,521.3599853515625,515.8515014648438,1627500
2025-01-06,520.969970703125,521.3599853515625,511.010009765625,511.92999267578125,506.5210876464844,2920800
2025-01-07,513.6799926757812,516.3300170898438,511.0799865722656,511.3999938964844,505.9966735839844,2211800
2025-01-08,512.0399780273438,517.4500122070312,511.5299987792969,516.4000244140625,510.94390869140625,2456700
2025-01-10,512.1199951171875,513.760009765625,503.3599853515625,504.6700134277344,500.0737609863281,2815500
2025-01-13,501.0,506.1499938964844,499.9200134277344,504.9100036621094,500.3115539550781,2885500
2025-01-14,507.07000732421875,509.3900146484375,504.2099914550781,509.0199890136719,504.3841247558594,2704800
2025-01-15,515.5700073242188,523.77001953125,513.72998046875,522.3499755859375,517.5927734375,3024800
2025-01-16,523.6199951171875,527.1199951171875,520.719970703125,523.1400146484375,518.37548828125,3275600
2025-01-17,524.5800170898438,528.1300048828125,521.010009765625,524.7000122070312,519.9212646484375,2374800
2025-01-21,527.6599731445312,529.97998046875,526.9099731445312,528.0599975585938,523.250732421875,2706900
2025-01-22,528.0,530.2999877929688,525.6699829101562,527.1799926757812,522.3787231445312,2037600
2025-01-23,529.0499877929688,534.3499755859375,528.6799926757812,534.219970703125,529.3546142578125,2196500
2025-01-24,532.989990234375,536.0599975585938,532.1500244140625,533.489990234375,528.6312255859375,2472900
2025-01-27,533.5800170898438,547.989990234375,531.6599731445312,547.6400146484375,542.65234375,3074600
2025-01-28,546.5399780273438,551.5499877929688,542.6599731445312,547.3599853515625,542.3749389648438,2727800
2025-01-29,547.0,550.6099853515625,546.5,548.7999877929688,543.8018188476562,2549000
2025-01-30,555.0,576.9400024414062,554.530029296875,566.010009765625,560.85498046875,6005200
2025-01-31,563.8200073242188,565.5399780273438,554.6400146484375,555.4299926757812,550.3714599609375,4505100
2025-02-03,552.6400146484375,565.0,551.0700073242188,563.9500122070312,558.8137817382812,3195500
2025-02-04,570.8800048828125,572.0,557.5800170898438,559.1099853515625,554.0179443359375,2638900
2025-02-05,561.3499755859375,566.8699951171875,559.7999877929688,566.2899780273438,561.132568359375,2404700
2025-02-06,566.1300048828125,569.75,564.5399780273438,567.1599731445312,561.9945678710938,1738400
2025-02-07,568.0599975585938,570.0499877929688,561.780029296875,562.75,557.6246948242188,2008300
2025-02-10,565.25,567.27001953125,561.0,565.489990234375,560.3397827148438,2357700
2025-02-11,564.989990234375,566.4299926757812,559.219970703125,564.7000122070312,559.5569458007812,1847800
2025-02-12,562.010009765625,564.75,559.4400024414062,564.5999755859375,559.4579467773438,1722200
2025-02-13,565.5999755859375,567.3900146484375,561.469970703125,566.3099975585938,561.1524047851562,1709500
2025-02-14,566.010009765625,569.239990234375,564.1300048828125,564.760009765625,559.6165161132812,1927400
2025-02-18,564.9000244140625,568.6300048828125,561.52001953125,568.6099853515625,563.4313354492188,2064100
2025-02-19,567.489990234375,570.7000122070312,566.6500244140625,568.5,563.3224487304688,2459100
2025-02-20,568.1500244140625,568.5,559.0399780273438,563.280029296875,558.1500244140625,2181900
2025-02-21,561.4299926757812,564.7999877929688,556.5800170898438,557.510009765625,552.4324951171875,2256100
2025-02-24,558.4299926757812,561.4600219726562,556.7899780273438,559.0,553.908935546875,1752500
2025-02-25,562.4400024414062,566.0399780273438,552.6900024414062,564.030029296875,558.8931274414062,3609500
2025-02-26,562.5900268554688,566.6799926757812,559.5999755859375,561.27001953125,556.158203125,2028000
2025-02-27,565.5700073242188,574.7000122070312,564.0,564.8200073242188,559.6759643554688,2436500
2025-02-28,567.2999877929688,576.4299926757812,564.0,576.3099975585938,571.061279296875,3205400
2025-03-03,577.3300170898438,582.22998046875,570.0,574.9199829101562,569.6839599609375,3092600
2025-03-04,570.4600219726562,573.2000122070312,552.010009765625,555.0700073242188,550.0146484375,3318100
2025-03-05,552.5800170898438,560.989990234375,551.3200073242188,558.2999877929688,553.21533203125,2795400
2025-03-06,548.5,555.6799926757812,544.6900024414062,549.8200073242188,544.8125610351562,3133200
2025-03-07,547.0700073242188,550.3800048828125,536.280029296875,546.77001953125,541.790283203125,3161300
2025-03-10,538.1500244140625,548.5599975585938,532.02001953125,537.1199951171875,532.2281494140625,3893400
2025-03-11,537.2000122070312,538.0499877929688,522.25,525.7999877929688,521.01123046875,4582600
2025-03-12,530.510009765625,532.7100219726562,519.260009765625,524.6400146484375,519.8619384765625,2810800
2025-03-13,524.5,528.530029296875,517.7100219726562,519.8300170898438,515.0956420898438,2375800
2025-03-14,522.5999755859375,528.4099731445312,520.9500122070312,527.6400146484375,522.8345336914062,2369500
2025-03-17,523.25,533.47998046875,521.47998046875,531.989990234375,527.1448364257812,2544800
2025-03-18,532.3400268554688,532.5900268554688,525.510009765625,530.1900024414062,525.3612670898438,2363300
2025-03-19,531.5700073242188,537.6199951171875,529.5800170898438,536.0900268554688,531.2075805664062,2804300
2025-03-20,533.5999755859375,540.489990234375,532.5499877929688,536.3800048828125,531.494873046875,2598600
2025-03-21,535.4400024414062,538.0499877929688,530.760009765625,535.6900024414062,530.8112182617188,5973400
2025-03-24,539.3499755859375,545.4600219726562,538.239990234375,543.6699829101562,538.718505859375,2758700
2025-03-25,545.9500122070312,547.1799926757812,542.0,545.1599731445312,540.1949462890625,2138200
2025-03-26,547.1400146484375,551.030029296875,545.1199951171875,549.0700073242188,544.0693359375,2681600
2025-03-27,549.0700073242188,561.8300170898438,547.7999877929688,557.5700073242188,552.4920043945312,2901200
2025-03-28,554.22998046875,558.5900268554688,540.0900268554688,540.6099853515625,535.6863403320312,2656400
2025-03-31,532.1599731445312,551.4299926757812,531.02001953125,548.1199951171875,543.1279907226562,4741800
2025-04-01,546.7999877929688,551.1500244140625,544.0,548.510009765625,543.5145263671875,2714900
2025-04-02,542.8599853515625,549.530029296875,541.6500244140625,547.3800048828125,542.3947143554688,2994600
2025-04-03,528.4199829101562,539.989990234375,527.0,530.5499877929688,525.7179565429688,3443500
2025-04-04,519.6199951171875,520.8800048828125,488.2900085449219,489.7699890136719,485.3094177246094,6125100
2025-04-07,478.5,502.20001220703125,465.5899963378906,485.5199890136719,481.0981140136719,6009400
2025-04-08,501.0,505.57000732421875,471.6600036621094,479.9200134277344,475.54913330078125,3555400
2025-04-09,470.1099853515625,518.510009765625,470.0,515.4299926757812,511.54583740234375,4698400
2025-04-10,506.8299865722656,508.6300048828125,484.1300048828125,499.3399963378906,495.57708740234375,4105300
2025-04-11,498.260009765625,515.9099731445312,495.9100036621094,509.75,505.9085998535156,3736200
2025-04-14,515.8699951171875,523.4199829101562,508.5,512.4600219726562,508.5982360839844,3005500
2025-04-15,513.4000244140625,521.2899780273438,513.3800048828125,517.3800048828125,513.4810791015625,2210700
2025-04-16,516.0499877929688,521.719970703125,509.8699951171875,513.4299926757812,509.56085205078125,2501000
2025-04-17,510.95001220703125,523.97998046875,509.1300048828125,517.3300170898438,513.4315185546875,3329800
2025-04-21,517.0,517.6500244140625,503.5400085449219,509.32000732421875,505.48187255859375,3345600
2025-04-22,515.6199951171875,528.7999877929688,512.75,527.3300170898438,523.3561401367188,2384000
2025-04-23,537.739990234375,543.9400024414062,527.6199951171875,530.010009765625,526.0159301757812,3051800
2025-04-24,528.6900024414062,536.0399780273438,525.27001953125,535.4600219726562,531.4249267578125,2209100
2025-04-25,535.4600219726562,536.9199829101562,529.8800048828125,533.47998046875,529.4597778320312,2006100
2025-04-28,536.030029296875,537.760009765625,530.5,534.489990234375,530.462158203125,1735400
2025-04-29,534.3400268554688,540.47998046875,533.4099731445312,539.6799926757812,535.6129760742188,2041500
2025-04-30,538.530029296875,549.0700073242188,529.5499877929688,548.0599975585938,543.929931640625,3783500
2025-05-01,550.0,552.8300170898438,539.72998046875,546.6300048828125,542.5106811523438,2839900
2025-05-02,555.6300048828125,562.3800048828125,554.989990234375,559.3900146484375,555.1744995117188,2632600
2025-05-05,557.8099975585938,564.5499877929688,555.8499755859375,561.1199951171875,556.8915405273438,2130900
2025-05-06,556.47998046875,565.739990234375,556.0999755859375,558.989990234375,554.7775268554688,2341700
2025-05-07,559.27001953125,567.22998046875,558.489990234375,566.3300170898438,562.0621948242188,2493700
2025-05-08,569.4500122070312,573.8699951171875,567.0,567.1199951171875,562.8462524414062,2004300
2025-05-09,567.4500122070312,569.5800170898438,564.5999755859375,568.6400146484375,564.3548583984375,1528000
2025-05-12,580.0,580.7899780273438,566.4299926757812,578.27001953125,573.9122924804688,3000300
2025-05-13,578.0,582.8599853515625,575.7999877929688,576.5900268554688,572.2449340820312,2370200
2025-05-14,578.27001953125,578.6400146484375,572.280029296875,573.280029296875,568.9598388671875,2237500
2025-05-15,574.1300048828125,583.0399780273438,573.6500244140625,582.2000122070312,577.8126831054688,2034200
2025-05-16,580.4299926757812,584.2899780273438,580.4299926757812,583.280029296875,578.8845825195312,2225900
2025-05-19,581.02001953125,588.4500122070312,580.47998046875,586.4099731445312,581.990966796875,1875500
2025-05-20,581.239990234375,583.989990234375,576.8499755859375,581.1099853515625,576.7308959960938,1964300
2025-05-21,576.4600219726562,579.0,567.0999755859375,569.5399780273438,565.2479858398438,2505300
2025-05-22,568.6599731445312,573.1599731445312,566.9299926757812,570.1400146484375,565.843505859375,1869900
2025-05-23,564.489990234375,567.5499877929688,562.510009765625,563.5800170898438,559.3330078125,1948800
2025-05-27,566.8200073242188,574.5599975585938,566.489990234375,574.5499877929688,570.2203369140625,2655200
2025-05-28,574.5800170898438,578.8400268554688,572.9400024414062,575.9199829101562,571.5798950195312,1702900
2025-05-29,575.8800048828125,578.5800170898438,572.9400024414062,577.780029296875,573.4259643554688,1347800
2025-05-30,576.780029296875,585.5999755859375,576.510009765625,585.5999755859375,581.1870727539062,4581100
2025-06-02,580.5,581.8200073242188,574.780029296875,581.219970703125,576.8399658203125,2089100
2025-06-03,579.8699951171875,582.530029296875,573.4400024414062,581.969970703125,577.5843505859375,2116900
2025-06-04,584.1699829101562,586.8499755859375,582.219970703125,584.1300048828125,579.7281494140625,1530200
2025-06-05,586.3099975585938,586.6900024414062,582.6300048828125,585.4400024414062,581.0281982421875,1480000
2025-06-06,587.9099731445312,591.1599731445312,586.0399780273438,590.1199951171875,585.6729736328125,1528600
2025-06-09,588.739990234375,590.0,580.0,584.3300170898438,579.9265747070312,1936000
2025-06-10,584.6500244140625,589.8699951171875,583.1599731445312,589.5399780273438,585.0972900390625,2133700
2025-06-11,590.3200073242188,594.7100219726562,587.5999755859375,590.739990234375,586.2882080078125,2238100
2025-06-12,589.4299926757812,590.6699829101562,584.5599975585938,589.280029296875,584.8392944335938,1984000
2025-06-13,572.8599853515625,575.239990234375,552.510009765625,562.030029296875,557.794677734375,5905400
2025-06-16,563.9000244140625,575.0,562.6400146484375,568.6699829101562,564.384521484375,3108200
2025-06-17,564.719970703125,571.2899780273438,564.0,569.4500122070312,565.15869140625,2246600
2025-06-18,570.8800048828125,571.0800170898438,534.1599731445312,538.72998046875,534.6702270507812,6966800
2025-06-20,536.9299926757812,538.3400268554688,527.3300170898438,532.969970703125,528.95361328125,8202800
2025-06-23,531.4199829101562,543.1300048828125,527.5700073242188,542.3499755859375,538.262939453125,3681100
2025-06-24,557.1799926757812,564.1199951171875,552.489990234375,557.530029296875,553.3285522460938,4503200
2025-06-25,556.0,558.47998046875,548.6199951171875,549.7000122070312,545.5575561523438,2889200
2025-06-26,545.530029296875,548.9099731445312,542.0700073242188,545.8099975585938,541.69677734375,3764100
2025-06-27,546.77001953125,556.7000122070312,545.5499877929688,550.3200073242188,546.1729125976562,3837500
2025-06-30,552.5,562.6300048828125,551.9000244140625,561.9400024414062,557.705322265625,5054600
2025-07-01,559.3200073242188,566.3099975585938,557.0399780273438,564.6099853515625,560.3551635742188,3827000
2025-07-02,562.9400024414062,565.989990234375,557.3900146484375,561.52001953125,557.2885131835938,2502300
2025-07-03,560.780029296875,569.6599731445312,560.739990234375,569.239990234375,564.9503173828125,1528700
2025-07-07,570.6699829101562,570.75,560.3499755859375,565.1199951171875,560.8612670898438,2478300
2025-07-08,564.5800170898438,566.6199951171875,560.4199829101562,562.4400024414062,558.2015991210938,3083800
2025-07-09,562.0,565.4199829101562,559.25,565.1099853515625,561.6102905273438,2454300
2025-07-10,565.6500244140625,566.0599975585938,561.010009765625,563.52001953125,560.0301513671875,2577200
2025-07-11,559.8200073242188,560.8200073242188,545.8499755859375,550.1799926757812,546.7727661132812,3221400
2025-07-14,550.5,559.0700073242188,547.7899780273438,553.02001953125,549.5951538085938,2500900
2025-07-15,553.1099853515625,554.8599853515625,548.6500244140625,550.3599853515625,546.95166015625,2449100
2025-07-16,552.4199829101562,555.52001953125,549.5,555.52001953125,552.0797119140625,2424200
2025-07-17,552.97998046875,557.3800048828125,550.510009765625,555.6099853515625,552.1691284179688,2722000
2025-07-18,555.260009765625,556.3499755859375,550.8800048828125,552.6599731445312,549.2373657226562,2579600
2025-07-21,553.4000244140625,558.0800170898438,552.0399780273438,554.6500244140625,551.215087890625,2194400
2025-07-22,555.8099975585938,560.2100219726562,555.239990234375,558.760009765625,555.2996826171875,2010400
2025-07-23,557.010009765625,562.489990234375,554.5,562.0900268554688,558.6090698242188,2180400
2025-07-24,562.0,567.8400268554688,561.9000244140625,563.5,560.01025390625,1874700
2025-07-25,564.3599853515625,569.9600219726562,563.8499755859375,568.219970703125,564.7010498046875,1513300
2025-07-28,567.3699951171875,571.6500244140625,566.219970703125,568.280029296875,564.7606811523438,2492400
2025-07-29,570.030029296875,573.0,563.0,563.3200073242188,559.8314208984375,2393800
2025-07-30,560.3300170898438,565.6099853515625,555.2100219726562,559.1099853515625,555.6473999023438,2833200
2025-07-31,568.5700073242188,579.4400024414062,562.510009765625,566.469970703125,562.9618530273438,4568300
2025-08-01,563.8599853515625,564.8699951171875,556.0999755859375,559.8900146484375,556.422607421875,3316700
2025-08-04,564.2899780273438,569.9199829101562,562.5,569.8099975585938,566.2811889648438,2984700
2025-08-05,569.5999755859375,571.8300170898438,562.1300048828125,566.0399780273438,562.5344848632812,2883200
2025-08-06,568.989990234375,570.3599853515625,563.969970703125,569.1300048828125,565.6054077148438,2245200
2025-08-07,572.969970703125,573.9000244140625,553.8599853515625,561.219970703125,557.744384765625,2979600
2025-08-08,563.75,576.1599731445312,562.6900024414062,574.3200073242188,570.7632446289062,2907700
2025-08-11,575.0,576.5900268554688,569.4400024414062,573.5900268554688,570.037841796875,2116600
2025-08-12,575.1799926757812,578.3200073242188,570.4600219726562,574.1799926757812,570.6241455078125,2593800
2025-08-13,577.3300170898438,580.27001953125,574.0399780273438,577.9000244140625,574.3211669921875,2352900
2025-08-14,577.469970703125,584.4000244140625,575.5,583.760009765625,580.1448364257812,2642300
2025-08-15,585.0,589.5599975585938,581.1099853515625,581.7000122070312,578.0975952148438,2263800
2025-08-18,582.02001953125,585.489990234375,580.6900024414062,584.1400146484375,580.5223999023438,1812000
2025-08-19,584.4099731445312,590.5700073242188,584.219970703125,585.510009765625,581.8839721679688,2334500
2025-08-20,585.9099731445312,593.8800048828125,585.9099731445312,592.6799926757812,589.009521484375,2884600
2025-08-21,589.0399780273438,592.2100219726562,583.9299926757812,591.9199829101562,588.2542724609375,2349200
2025-08-22,595.2999877929688,601.77001953125,593.0800170898438,598.9600219726562,595.2506713867188,2388900
2025-08-25,597.8200073242188,599.0399780273438,592.8599853515625,593.2100219726562,589.5362548828125,1984300
2025-08-26,593.0800170898438,596.0,586.2899780273438,591.6099853515625,587.9462280273438,4774600
2025-08-27,591.2100219726562,594.6199951171875,589.8200073242188,590.6599731445312,587.0020751953125,1480900
2025-08-28,590.8200073242188,593.530029296875,589.719970703125,590.47998046875,586.8231201171875,2159800
2025-08-29,592.0,596.8300170898438,590.260009765625,595.2899780273438,591.6033935546875,2111200
2025-09-02,595.6199951171875,595.6199951171875,586.0,591.8699951171875,588.2045288085938,2284500
2025-09-03,591.8300170898438,594.0,588.9600219726562,593.280029296875,589.6058959960938,1959400
2025-09-04,593.030029296875,595.8900146484375,589.2899780273438,595.6400146484375,591.9512329101562,1653700
2025-09-05,595.469970703125,598.5800170898438,579.030029296875,584.219970703125,580.6019287109375,2432100
2025-09-08,582.6199951171875,589.7899780273438,580.7000122070312,586.5999755859375,582.9671630859375,1948200
2025-09-09,583.5399780273438,591.1799926757812,583.2999877929688,584.0,580.38330078125,2266000
2025-09-10,582.1300048828125,582.1300048828125,571.0,579.3800048828125,575.7919311523438,2535200
2025-09-11,580.8800048828125,589.969970703125,580.010009765625,588.72998046875,585.083984375,2407000
2025-09-12,586.4400024414062,589.2100219726562,580.0,580.4099731445312,576.8154907226562,2242800
2025-09-15,582.72998046875,586.5,581.5,582.9600219726562,579.3497314453125,2222600
2025-09-16,578.010009765625,588.1099853515625,576.8300170898438,586.4199829101562,582.7882690429688,2537000
2025-09-17,587.7100219726562,598.8900146484375,587.4400024414062,598.6300048828125,594.9226684570312,2930800
2025-09-18,596.0800170898438,601.6199951171875,585.8800048828125,586.0499877929688,582.420654296875,3294600
2025-09-19,588.6199951171875,588.8699951171875,581.510009765625,584.1599731445312,580.5422973632812,6745300
2025-09-22,580.969970703125,587.3499755859375,580.1400146484375,584.489990234375,580.8702392578125,3241700
2025-09-23,585.4500122070312,586.8599853515625,568.25,569.969970703125,566.440185546875,3223000
2025-09-24,571.280029296875,571.6599731445312,564.9500122070312,568.8099975585938,565.287353515625,2867200
2025-09-25,565.0,572.3900146484375,564.5700073242188,567.2999877929688,563.7867431640625,2700600
2025-09-26,566.6199951171875,569.6599731445312,564.0599975585938,565.1300048828125,561.6301879882812,2106500
2025-09-29,566.0,569.3200073242188,562.510009765625,568.1400146484375,564.62158203125,2615600
2025-09-30,565.8099975585938,570.6300048828125,563.6500244140625,568.8099975585938,565.287353515625,2379200
2025-10-01,565.6799926757812,575.469970703125,565.010009765625,573.77001953125,570.2167358398438,3685100
2025-10-02,572.72998046875,579.8400268554688,570.77001953125,577.3300170898438,573.754638671875,2483500
2025-10-03,576.4299926757812,583.219970703125,576.4299926757812,580.4500122070312,576.8553466796875,2331600
2025-10-06,579.22998046875,581.1400146484375,569.260009765625,578.8099975585938,575.2254638671875,2573500
2025-10-07,578.989990234375,586.0800170898438,578.9099731445312,579.8400268554688,576.2490844726562,2120700
2025-10-08,581.3200073242188,583.0700073242188,576.0800170898438,576.4400024414062,572.8701782226562,1934700
2025-10-09,577.239990234375,579.4000244140625,562.510009765625,564.5499877929688,561.79443359375,2579800
2025-10-10,567.5800170898438,569.4199829101562,556.6900024414062,557.47998046875,554.7589721679688,3553900
2025-10-13,558.0,565.0,553.010009765625,559.239990234375,556.5103759765625,2996500
2025-10-14,556.0,569.8099975585938,556.0,567.9199829101562,565.1480102539062,2627300
2025-10-15,564.2999877929688,568.6900024414062,559.4000244140625,562.8099975585938,560.06298828125,2262400
2025-10-16,562.7999877929688,564.6500244140625,547.3900146484375,549.8800048828125,547.196044921875,3210600
2025-10-17,552.489990234375,562.7999877929688,552.010009765625,560.969970703125,558.23193359375,2756700
2025-10-20,561.7000122070312,567.4199829101562,553.7899780273438,566.3599853515625,563.5956420898438,2046400
2025-10-21,562.1599731445312,575.97998046875,560.77001953125,572.030029296875,569.2379760742188,2722400
2025-10-22,571.0499877929688,576.4299926757812,568.5800170898438,571.3599853515625,568.5712280273438,1820500
2025-10-23,574.3599853515625,576.989990234375,571.6699829101562,573.77001953125,570.969482421875,2187500
2025-10-24,577.239990234375,580.8200073242188,573.0800170898438,573.6699829101562,570.8699951171875,1839600
2025-10-27,575.719970703125,575.719970703125,566.47998046875,572.3599853515625,569.5662841796875,2981000
2025-10-28,573.0800170898438,573.989990234375,565.4500122070312,565.9299926757812,563.1676635742188,2916000
2025-10-29,561.6300048828125,566.8099975585938,551.22998046875,554.5800170898438,551.8731079101562,3763400
2025-10-30,551.5599975585938,562.9199829101562,545.6400146484375,553.6799926757812,550.9774780273438,4284700
2025-10-31,548.8900146484375,554.4299926757812,543.530029296875,551.989990234375,549.2957763671875,3567100
2025-11-03,550.0,551.0,540.3599853515625,544.0700073242188,541.4144897460938,3175500
2025-11-04,544.8300170898438,554.030029296875,542.47998046875,552.75,550.0520629882812,2653900
2025-11-05,553.0,556.3300170898438,549.3699951171875,553.3099975585938,550.6093139648438,2198500
2025-11-06,550.1799926757812,555.0,547.8599853515625,553.280029296875,550.5795288085938,2593600
2025-11-07,553.7999877929688,558.6699829101562,550.6699829101562,551.969970703125,549.27587890625,2510400
2025-11-10,552.280029296875,554.7000122070312,548.5800170898438,552.9600219726562,550.2610473632812,1978300
2025-11-11,553.0,558.530029296875,548.010009765625,558.3499755859375,555.6246948242188,1832400
2025-11-12,560.0,565.9099731445312,558.4099731445312,561.22998046875,558.4906005859375,1761500
2025-11-13,559.8800048828125,563.5999755859375,554.8599853515625,555.5700073242188,552.8582763671875,2031300
2025-11-14,556.0399780273438,557.0,544.0499877929688,545.72998046875,543.0662841796875,2567800
2025-11-17,546.0,549.3200073242188,536.2100219726562,536.8499755859375,534.2296752929688,2557900
2025-11-18,533.5599975585938,536.0,524.7000122070312,527.5800170898438,525.0049438476562,3594700
2025-11-19,528.1500244140625,531.0,524.97998046875,530.3599853515625,527.7713012695312,2723100
2025-11-20,533.2899780273438,538.4600219726562,527.1799926757812,527.8800048828125,525.303466796875,3240300
2025-11-21,532.5399780273438,544.4099731445312,531.6699829101562,540.4000244140625,537.7623901367188,3807500
2025-11-24,543.4400024414062,544.0399780273438,535.1099853515625,537.8499755859375,535.2247314453125,5941000
2025-11-25,541.5,550.4000244140625,539.0,546.469970703125,543.8026733398438,3132600
2025-11-26,548.47998046875,548.6699829101562,544.1699829101562,544.9299926757812,542.2702026367188,2185300
2025-11-28,548.1300048828125,551.4000244140625,545.4199829101562,550.530029296875,547.8429565429688,1254800
2025-12-01,547.6400146484375,549.780029296875,543.3900146484375,543.969970703125,541.3148803710938,2227000
2025-12-02,547.280029296875,554.75,541.0399780273438,545.9099731445312,543.2454223632812,3076000
2025-12-03,547.3200073242188,555.0700073242188,546.5,553.72998046875,551.0272216796875,2687900
2025-12-04,557.030029296875,559.0,539.5599975585938,542.3099975585938,539.6630249023438,2878800
2025-12-05,541.7100219726562,550.4400024414062,541.25,545.52001953125,542.8573608398438,2126700
2025-12-08,546.719970703125,547.3300170898438,537.3900146484375,540.4400024414062,537.8021850585938,2453800
2025-12-09,538.7100219726562,541.9000244140625,535.9199829101562,537.5499877929688,534.9262084960938,1965300
2025-12-10,538.0900268554688,544.9500122070312,537.5,538.8599853515625,536.2297973632812,3023400
2025-12-11,542.77001953125,565.1300048828125,542.6500244140625,563.3699951171875,560.6201782226562,3659900
2025-12-12,566.0,573.7100219726562,565.8900146484375,571.9299926757812,569.138427734375,3515400
2025-12-15,572.8800048828125,573.2999877929688,567.1599731445312,569.1300048828125,566.3521118164062,2714000
2025-12-16,570.7000122070312,571.0,562.47998046875,566.02001953125,563.25732421875,2748700
2025-12-17,565.52001953125,571.760009765625,563.5599975585938,565.469970703125,562.7099609375,3287100
2025-12-18,565.0,569.1300048828125,563.0399780273438,566.2100219726562,563.4463500976562,2259000
2025-12-19,566.219970703125,572.9400024414062,565.2000122070312,572.22998046875,569.4369506835938,7262100
2025-12-22,572.22998046875,579.4500122070312,571.0,575.7000122070312,572.8900756835938,2500200
2025-12-23,575.8900146484375,581.719970703125,575.75,576.3499755859375,573.5368041992188,1794700
2025-12-24,577.25,582.2899780273438,577.0,579.4500122070312,576.6217041015625,1058900
2025-12-26,579.75,581.2000122070312,578.6799926757812,579.5999755859375,576.77099609375,972300
2025-12-29,579.5999755859375,581.989990234375,577.4099731445312,577.9000244140625,575.079345703125,1274900
2025-12-30,576.0800170898438,577.780029296875,574.25,577.4199829101562,574.6016235351562,1512800
2025-12-31,576.5599975585938,577.97998046875,570.6199951171875,570.8800048828125,568.0935668945312,1736500
2026-01-02,570.7100219726562,570.8800048828125,559.489990234375,563.1300048828125,560.3814086914062,3901900
2026-01-05,559.6199951171875,576.260009765625,558.4500122070312,568.5700073242188,565.7948608398438,2865000
2026-01-06,569.0,581.3699951171875,567.9400024414062,580.3400268554688,577.5073852539062,4056100
2026-01-07,579.27001953125,585.280029296875,577.6199951171875,579.9199829101562,577.0894165039062,3653900
2026-01-08,577.510009765625,589.6699829101562,573.5,580.0700073242188,577.2387084960938,3390200
2026-01-09,578.1099853515625,581.3099975585938,575.3400268554688,575.5399780273438,573.591064453125,2221100
2026-01-12,564.030029296875,567.8800048828125,555.8900146484375,566.280029296875,564.3624877929688,3486400
2026-01-13,558.9500122070312,558.9500122070312,533.7000122070312,544.989990234375,543.1445922851562,8721600
2026-01-14,544.5,548.5900268554688,538.1500244140625,546.8200073242188,544.9683227539062,3943700
2026-01-15,548.52001953125,549.8800048828125,539.0,542.6500244140625,540.8125610351562,4005600
2026-01-16,540.239990234375,544.030029296875,538.6799926757812,539.489990234375,537.6631469726562,3496200
2026-01-20,530.5999755859375,536.4099731445312,528.510009765625,531.739990234375,529.9393920898438,4098700
2026-01-21,533.52001953125,537.4000244140625,524.77001953125,527.5700073242188,525.7835083007812,4937700
2026-01-22,529.9199829101562,533.1900024414062,523.8099975585938,532.8599853515625,531.0556640625,5114900
2026-01-23,531.4099731445312,532.1400146484375,520.1599731445312,524.739990234375,522.963134765625,5002900
2026-01-26,526.7100219726562,530.3900146484375,522.6500244140625,527.3599853515625,525.57421875,4839700
2026-01-27,527.6500244140625,529.1099853515625,519.5499877929688,520.4099731445312,518.6477661132812,3850800
2026-01-28,521.9600219726562,523.8300170898438,518.27001953125,521.3699951171875,519.6045532226562,5483000
2026-01-29,531.7899780273438,544.239990234375,520.1099853515625,543.72998046875,541.8887939453125,5488300
2026-01-30,541.010009765625,543.760009765625,535.22998046875,538.7899780273438,536.9655151367188,4306900
2026-02-02,540.989990234375,557.1199951171875,540.9500122070312,555.3699951171875,553.4893798828125,4603300
2026-02-03,554.3300170898438,560.1099853515625,549.030029296875,550.719970703125,548.8551635742188,5706700
2026-02-04,549.72998046875,556.5999755859375,541.010009765625,553.52001953125,551.6456909179688,4448000
2026-02-05,554.8499755859375,561.9199829101562,549.9500122070312,551.8900146484375,550.021240234375,4621600
2026-02-06,553.0700073242188,556.7899780273438,539.7999877929688,548.739990234375,546.8818359375,3779700
2026-02-09,543.7100219726562,546.5599975585938,534.2000122070312,535.3300170898438,533.5172729492188,4110300
2026-02-10,536.27001953125,547.0,535.0,540.3900146484375,538.5601196289062,2222700
2026-02-11,538.1500244140625,540.7000122070312,533.1099853515625,537.4600219726562,535.6400756835938,3691000
2026-02-12,539.9299926757812,543.0,527.1500244140625,527.4600219726562,525.6738891601562,3466200
2026-02-13,529.0599975585938,533.989990234375,516.02001953125,518.3599853515625,516.6046752929688,4017700
2026-02-17,515.0,525.8599853515625,515.0,521.9299926757812,520.1626586914062,3178000
2026-02-18,522.489990234375,530.760009765625,519.4000244140625,527.97998046875,526.192138671875,3575900
2026-02-19,524.8099975585938,526.530029296875,516.0499877929688,520.260009765625,518.498291015625,3009400
2026-02-20,520.25,527.5,518.5900268554688,526.4099731445312,524.62744140625,2838500
2026-02-23,520.469970703125,522.719970703125,490.0,496.0299987792969,494.350341796875,6312300
2026-02-24,493.739990234375,499.25,491.260009765625,498.0,496.3136901855469,5292900
2026-02-25,502.82000732421875,510.5400085449219,502.4200134277344,509.3900146484375,507.6651306152344,4139100
2026-02-26,510.95001220703125,519.9000244140625,509.010009765625,514.77001953125,513.0269165039062,4843600
2026-02-27,509.4700012207031,518.760009765625,506.75,517.2100219726562,515.4586791992188,5121100
2026-03-02,509.4800109863281,526.1599731445312,507.3399963378906,521.0,519.2357788085938,3827000
2026-03-03,513.6099853515625,526.7999877929688,513.0,524.3200073242188,522.5445556640625,4199700
2026-03-04,524.1599731445312,526.1599731445312,520.280029296875,522.9199829101562,521.1492919921875,3154700
2026-03-05,521.0999755859375,525.3200073242188,512.75,524.6599731445312,522.8833618164062,3879300
2026-03-06,519.6400146484375,522.5499877929688,512.2000122070312,522.3400268554688,520.5712890625,2872900
2026-03-09,516.27001953125,520.8900146484375,509.1099853515625,517.719970703125,515.9668579101562,3546600
2026-03-10,516.9500122070312,519.3300170898438,511.0,514.719970703125,512.97705078125,2759800
2026-03-11,513.0800170898438,515.3099975585938,502.7200012207031,504.0,502.2933654785156,2873200
2026-03-12,500.0,505.6199951171875,496.2900085449219,497.30999755859375,495.6260070800781,2702500
2026-03-13,496.55999755859375,501.8599853515625,495.3999938964844,497.989990234375,496.3037109375,2809300
2026-03-16,498.6199951171875,508.5799865722656,498.6199951171875,508.5,506.77813720703125,3450300
2026-03-17,510.54998779296875,516.9600219726562,506.5,506.5799865722656,504.8646240234375,2834300
2026-03-18,503.75,503.75,487.9200134277344,488.4700012207031,486.8159484863281,3458700
2026-03-19,490.5199890136719,497.0799865722656,487.30999755859375,491.1400146484375,489.4769287109375,3284500
2026-03-20,492.4700012207031,499.2200012207031,491.010009765625,496.32000732421875,494.6393737792969,5762900
2026-03-23,506.04998779296875,507.0400085449219,500.3800048828125,500.3800048828125,498.68560791015625,2985900
2026-03-24,495.6400146484375,502.7300109863281,493.239990234375,498.92999267578125,497.24053955078125,2278900
2026-03-25,501.2900085449219,506.25,494.55999755859375,502.760009765625,501.05755615234375,2422000
2026-03-26,500.510009765625,504.79998779296875,499.04998779296875,500.75,499.0543518066406,3995400
2026-03-27,499.45001220703125,500.04998779296875,480.5,484.239990234375,482.60028076171875,3963300
2026-03-30,488.0299987792969,495.5400085449219,487.0,494.0,492.3272399902344,3629500
2026-03-31,500.0,501.4100036621094,490.5799865722656,499.6600036621094,497.96807861328125,4417600
2026-04-01,502.2300109863281,503.0,485.6499938964844,491.6499938964844,489.98516845703125,4607100
2026-04-02,488.1300048828125,499.8800048828125,487.75,493.44000244140625,491.76910400390625,2926000
2026-04-06,493.75,501.9100036621094,491.17999267578125,501.5,499.80181884765625,2466000
2026-04-07,498.2900085449219,502.6000061035156,495.6700134277344,498.2799987792969,496.59271240234375,3593200
2026-04-08,508.0,511.82000732421875,505.8599853515625,507.1199951171875,505.40277099609375,3874900
2026-04-09,504.4599914550781,506.6700134277344,497.760009765625,503.57000732421875,502.7272644042969,3301800
2026-04-10,502.010009765625,504.3900146484375,495.6700134277344,498.6600036621094,497.82550048828125,2842200
2026-04-13,496.2300109863281,508.8699951171875,495.0,508.5799865722656,507.7288818359375,3318100
2026-04-14,508.0,513.97998046875,506.69000244140625,513.1599731445312,512.3012084960938,2744600
2026-04-15,516.0,522.4400024414062,513.2000122070312,519.9600219726562,519.08984375,2910800
2026-04-16,518.030029296875,522.22998046875,517.010009765625,518.5399780273438,517.6721801757812,2967400
2026-04-17,521.5,527.469970703125,518.739990234375,521.2999877929688,520.4276123046875,3617200
2026-04-20,520.760009765625,524.47998046875,514.5399780273438,516.6500244140625,515.785400390625,2503500
2026-04-21,516.9299926757812,523.1099853515625,510.1700134277344,511.3500061035156,510.4942626953125,3444900
2026-04-22,512.0700073242188,513.7899780273438,505.7200012207031,510.1600036621094,509.3062438964844,2288500
2026-04-23,507.3699951171875,509.6499938964844,498.3699951171875,502.3800048828125,501.5392761230469,2724000
2026-04-24,499.0,505.6099853515625,495.6300048828125,504.1700134277344,503.3262634277344,2406900
2026-04-27,500.760009765625,509.04998779296875,500.760009765625,506.42999267578125,505.58245849609375,2531300
2026-04-28,512.25,517.0,507.239990234375,507.6199951171875,506.7704772949219,3892500
2026-04-29,529.989990234375,534.2100219726562,520.8900146484375,525.22998046875,524.3510131835938,5876700
2026-04-30,504.5,514.1500244140625,498.9599914550781,502.9200134277344,502.078369140625,5975100
2026-05-01,506.0,509.0,492.1499938964844,495.4599914550781,494.6308288574219,4531800
2026-05-04,495.0,507.2900085449219,493.8800048828125,504.739990234375,503.8952941894531,4419900
2026-05-05,501.0299987792969,503.8800048828125,493.260009765625,497.0799865722656,496.24810791015625,4216700
2026-05-06,499.1400146484375,500.739990234375,489.7300109863281,491.8900146484375,491.06683349609375,4363300
2026-05-07,492.70001220703125,503.5199890136719,492.70001220703125,500.94000244140625,500.1016845703125,4964100
2026-05-08,500.1300048828125,500.4100036621094,491.7300109863281,495.4800109863281,494.65081787109375,4143400
2026-05-11,495.0,501.6600036621094,492.010009765625,497.80999755859375,496.9768981933594,3959400
2026-05-12,500.6099853515625,506.30999755859375,499.75,499.80999755859375,498.9735412597656,3296000
2026-05-13,495.6099853515625,498.6000061035156,490.32000732421875,490.6400146484375,489.81890869140625,3322800
2026-05-14,491.2799987792969,494.5,488.010009765625,489.94000244140625,489.1200866699219,2584900
2026-05-15,493.5,502.2799987792969,492.3299865722656,494.20001220703125,493.3729553222656,3416500
2026-05-18,491.489990234375,506.2300109863281,490.95001220703125,505.7900085449219,504.9435729980469,4076600
2026-05-19,507.55999755859375,512.9000244140625,498.5,499.70001220703125,498.86376953125,3378300
2026-05-20,493.5,499.70001220703125,490.79998779296875,498.0400085449219,497.20654296875,3615700
2026-05-21,496.0,501.3800048828125,490.07000732421875,499.6199951171875,498.78387451171875,2474600
2026-05-22,499.1099853515625,504.260009765625,497.32000732421875,498.5400085449219,497.7056884765625,1959300
2026-05-26,496.0,496.8500061035156,492.05999755859375,493.010009765625,492.1849365234375,1947300
2026-05-27,493.010009765625,499.3500061035156,492.510009765625,495.0400085449219,494.2115478515625,2834900
2026-05-28,493.3399963378906,494.5799865722656,486.3500061035156,493.75,492.9237060546875,3924100
2026-05-29,494.5,500.1099853515625,492.8399963378906,493.9800109863281,493.1533203125,5693100
2026-06-01,494.25,497.1300048828125,488.6499938964844,495.25,494.42120361328125,4653400
2026-06-02,493.05999755859375,493.989990234375,477.67999267578125,477.67999267578125,476.8805847167969,5028300
2026-06-03,477.3500061035156,481.9599914550781,464.5199890136719,471.54998779296875,470.7608337402344,5227200
2026-06-04,479.55999755859375,488.54998779296875,477.4599914550781,481.760009765625,480.9537658691406,4020600
2026-06-05,484.0,494.0,484.0,491.0799865722656,490.2581481933594,4230700
2026-06-08,486.760009765625,489.5199890136719,483.70001220703125,485.6700134277344,484.85723876953125,3091900
2026-06-09,483.8900146484375,495.4200134277344,482.0,495.239990234375,494.41119384765625,3309600
2026-06-10,497.4700012207031,498.79998779296875,486.5,489.0799865722656,488.2615051269531,3239900
2026-06-11,488.6600036621094,491.4700012207031,484.3900146484375,486.510009765625,485.6958312988281,3801000
2026-06-12,488.8800048828125,492.3699951171875,484.5400085449219,489.9800109863281,489.1600341796875,3984200
2026-06-15,490.5,493.54998779296875,486.6600036621094,490.6400146484375,489.81890869140625,3888500
2026-06-16,491.8599853515625,501.5,489.510009765625,501.3299865722656,500.4909973144531,4006000
2026-06-17,502.92999267578125,504.6400146484375,492.3999938964844,492.989990234375,492.1649475097656,2927100
2026-06-18,494.7699890136719,495.989990234375,488.9100036621094,489.7900085449219,488.9703369140625,6674700
2026-06-22,488.1600036621094,495.6600036621094,483.1400146484375,484.0899963378906,483.2798767089844,3955600
2026-06-23,488.8299865722656,491.55999755859375,484.4200134277344,488.07000732421875,487.2532043457031,3936400
2026-06-24,488.0799865722656,498.44000244140625,486.2200012207031,494.4100036621094,493.5826110839844,3609700
2026-06-25,496.0,504.79998779296875,488.6499938964844,488.9200134277344,488.101806640625,3722000
2026-06-26,488.5799865722656,504.3599853515625,488.5799865722656,499.0199890136719,498.18487548828125,9200900
2026-06-29,502.5,515.4500122070312,502.5,509.6400146484375,508.787109375,4812000
2026-06-30,511.8999938964844,514.0,507.1400146484375,513.5999755859375,512.740478515625,4696300
2026-07-01,517.25,530.4099731445312,513.4199829101562,522.4400024414062,521.565673828125,4412800
2026-07-02,529.72998046875,539.6300048828125,526.0700073242188,539.3900146484375,538.4873046875,3900200
2026-07-06,540.739990234375,541.8900146484375,522.6799926757812,533.0999755859375,532.2078247070312,3578000
2026-07-07,533.8400268554688,543.6500244140625,530.0,531.6199951171875,530.7303466796875,3516600
2026-07-08,531.1099853515625,531.6199951171875,517.2100219726562,519.8599853515625,518.989990234375,2723800
2026-07-09,518.030029296875,523.22998046875,515.1099853515625,523.2000122070312,523.2000122070312,2843700
2026-07-10,527.260009765625,528.9400024414062,519.6500244140625,526.739990234375,526.739990234375,1616900
2026-07-13,530.7100219726562,539.9299926757812,530.7100219726562,537.7000122070312,537.7000122070312,2871500
2026-07-14,534.989990234375,543.4600219726562,532.0599975585938,538.02001953125,538.02001953125,3323800
2026-07-15,538.5399780273438,541.239990234375,529.0800170898438,535.2100219726562,535.2100219726562,3128500
2026-07-16,541.5,551.6799926757812,539.6900024414062,551.5399780273438,551.5399780273438,2925400
2026-07-17,550.5,551.719970703125,540.22998046875,543.5999755859375,543.5999755859375,3221600
2026-07-20,540.0,547.9000244140625,538.0139770507812,546.1400146484375,546.1400146484375,1280835
