price_date,open,high,low,close,adj_close,volume
2010-01-04,63.290000915527344,64.04000091552734,63.27000045776367,63.97999954223633,51.24468994140625,42863900
2010-01-05,63.880001068115234,64.18000030517578,63.4900016784668,63.7599983215332,51.06848907470703,55523100
2010-01-06,63.7599983215332,64.0999984741211,63.540000915527344,63.70000076293945,51.02044677734375,59708600
2010-01-07,63.7400016784668,64.22000122070312,63.13999938964844,64.16999816894531,51.396888732910156,56123500
2010-01-08,63.939998626708984,64.5199966430664,63.79999923706055,64.5199966430664,51.67719268798828,48811500
2010-01-11,64.77999877929688,64.87999725341797,64.01000213623047,64.26000213623047,51.468963623046875,51638900
2010-01-12,63.86000061035156,64.16000366210938,63.2599983215332,63.560001373291016,50.908302307128906,45854900
2010-01-13,63.779998779296875,64.51000213623047,63.22999954223633,64.37999725341797,51.565067291259766,39501900
2010-01-14,64.13999938964844,64.81999969482422,64.0199966430664,64.62000274658203,51.7573127746582,41859800
2010-01-15,64.6500015258789,64.80000305175781,63.27000045776367,63.68000030517578,51.00440979003906,68725100
2010-01-19,63.91999816894531,64.87000274658203,63.91999816894531,64.8499984741211,51.941532135009766,46839000
2010-01-20,64.38999938964844,64.4000015258789,63.189998626708984,63.90999984741211,51.18863296508789,62485000
2010-01-21,63.959999084472656,64.4800033569336,62.63999938964844,62.86000061035156,50.347652435302734,98323100
2010-01-22,62.7599983215332,63.060001373291016,61.18000030517578,61.72999954223633,49.44255447387695,83757000
2010-01-25,62.08000183105469,62.150001525878906,61.33000183105469,61.79999923706055,49.49864196777344,62298700
2010-01-26,61.56999969482422,62.029998779296875,61.13999938964844,61.189998626708984,49.01005935668945,58213200
2010-01-27,60.91999816894531,61.939998626708984,60.709999084472656,61.84000015258789,49.53066635131836,72565800
2010-01-28,61.959999084472656,61.9900016784668,60.220001220703125,60.779998779296875,48.68164825439453,93814200
2010-01-29,61.029998779296875,61.689998626708984,59.970001220703125,60.11000061035156,48.14503479003906,79325600
2010-02-01,60.38999938964844,60.939998626708984,60.15999984741211,60.81999969482422,48.71369934082031,60731800
2010-02-02,60.93000030517578,61.560001373291016,60.619998931884766,61.4900016784668,49.25033950805664,71047700
2010-02-03,61.20000076293945,61.630001068115234,60.59000015258789,61.08000183105469,48.921939849853516,50241000
2010-02-04,60.65999984741211,60.68000030517578,58.9900016784668,59.040000915527344,47.28800964355469,99167300
2010-02-05,59.16999816894531,59.33000183105469,58.0,59.27000045776367,47.47223663330078,106752200
2010-02-08,59.08000183105469,59.599998474121094,58.619998931884766,58.68000030517578,46.999664306640625,61579200
2010-02-09,59.380001068115234,59.93000030517578,58.75,59.4900016784668,47.6484375,91986700
2010-02-10,59.310001373291016,59.779998779296875,58.689998626708984,59.630001068115234,47.76057052612305,55715500
2010-02-11,59.459999084472656,60.619998931884766,59.0,60.58000183105469,48.52146911621094,51969700
2010-02-12,60.0,61.099998474121094,59.810001373291016,61.02000045776367,48.87389373779297,65909800
2010-02-16,61.65999984741211,62.11000061035156,61.08000183105469,62.04999923706055,49.69887924194336,50057600
2010-02-17,62.36000061035156,62.61000061035156,61.9900016784668,62.470001220703125,50.03525161743164,50459400
2010-02-18,62.470001220703125,63.0,62.25,62.97999954223633,50.44375228881836,43072800
2010-02-19,62.7400016784668,63.380001068115234,62.61000061035156,63.060001373291016,50.5078239440918,56840800
2010-02-22,63.41999816894531,63.45000076293945,63.02000045776367,63.25,50.660011291503906,45344900
2010-02-23,63.15999984741211,63.25,62.33000183105469,62.5099983215332,50.067291259765625,58965400
2010-02-24,62.7400016784668,63.349998474121094,62.54999923706055,63.040000915527344,50.491817474365234,50476000
2010-02-25,62.18000030517578,63.119998931884766,61.97999954223633,63.060001373291016,50.5078239440918,51949700
2010-02-26,63.15999984741211,63.209999084472656,62.459999084472656,62.79999923706055,50.299583435058594,60093900
2010-03-01,63.2599983215332,64.31999969482422,63.2599983215332,64.26000213623047,51.468963623046875,70967800
2010-03-02,64.5,65.1500015258789,64.4000015258789,64.75,51.861427307128906,55605300
2010-03-03,65.06999969482422,65.48999786376953,64.77999877929688,65.12000274658203,52.157779693603516,56207500
2010-03-04,65.13999938964844,65.37000274658203,64.87000274658203,65.29000091552734,52.29393768310547,47174200
2010-03-05,65.70999908447266,66.72000122070312,65.5,66.62000274658203,53.35918426513672,52293900
2010-03-08,66.63999938964844,66.93000030517578,66.5199966430664,66.73999786376953,53.45530319213867,46046400
2010-03-09,66.55000305175781,67.48999786376953,66.52999877929688,66.9800033569336,53.647560119628906,70685800
2010-03-10,67.04000091552734,67.9000015258789,67.01000213623047,67.55000305175781,54.104087829589844,73655200
2010-03-11,67.13999938964844,67.86000061035156,66.9000015258789,67.75,54.264278411865234,59964100
2010-03-12,68.0999984741211,68.12999725341797,67.26000213623047,67.72000122070312,54.240238189697266,61862000
2010-03-15,67.68000030517578,67.80999755859375,67.0,67.48999786376953,54.05602264404297,49862700
2010-03-16,67.83000183105469,68.0999984741211,67.33999633789062,68.06999969482422,54.52058410644531,52874400
2010-03-17,68.22000122070312,68.87999725341797,68.19999694824219,68.47000122070312,54.84095001220703,53589100
2010-03-18,68.44000244140625,68.77999877929688,68.13999938964844,68.26000213623047,54.67277526855469,71527500
2010-03-19,67.41000366210938,68.51000213623047,67.16000366210938,67.41000366210938,53.99196243286133,80546500
2010-03-22,66.93000030517578,68.51000213623047,66.77999877929688,68.36000061035156,54.752845764160156,56679400
2010-03-23,68.41999816894531,69.25,68.11000061035156,69.2300033569336,55.44968795776367,61187700
2010-03-24,68.68000030517578,68.97000122070312,68.25,68.2699966430664,54.81698226928711,59664500
2010-03-25,68.87000274658203,69.36000061035156,67.79000091552734,67.83999633789062,54.47169494628906,66977000
2010-03-26,68.12000274658203,68.56999969482422,67.55999755859375,67.80999755859375,54.4476203918457,58114700
2010-03-29,68.11000061035156,68.4000015258789,67.80999755859375,68.18000030517578,54.74470520019531,38646400
2010-03-30,68.29000091552734,68.73999786376953,67.87000274658203,68.38999938964844,54.91331100463867,35773100
2010-03-31,68.12999725341797,68.80999755859375,67.79000091552734,67.80000305175781,54.439579010009766,59821600
2010-04-01,68.33000183105469,68.69000244140625,67.38999938964844,68.43000030517578,54.9454231262207,58838700
2010-04-05,68.61000061035156,69.76000213623047,68.44000244140625,69.70999908447266,55.97319030761719,52020600
2010-04-06,69.47000122070312,70.29000091552734,69.33000183105469,70.12000274658203,56.302425384521484,50203600
2010-04-07,70.04000091552734,70.30999755859375,69.44999694824219,69.9000015258789,56.12578582763672,71418200
2010-04-08,69.69999694824219,70.19999694824219,69.16000366210938,69.83000183105469,56.06954574584961,54603600
2010-04-09,69.94000244140625,70.26000213623047,69.5,70.25,56.40678024291992,53070100
2010-04-12,70.27999877929688,70.68000030517578,70.12000274658203,70.54000091552734,56.639652252197266,49301000
2010-04-13,70.38999938964844,70.73999786376953,69.94000244140625,70.69999694824219,56.76811599731445,42151000
2010-04-14,71.11000061035156,72.20999908447266,70.98999786376953,72.20999908447266,57.98055648803711,62041600
2010-04-15,72.18000030517578,72.58000183105469,72.08999633789062,72.43000030517578,58.15721893310547,55141800
2010-04-16,72.23999786376953,72.47000122070312,70.94000244140625,71.45999908447266,57.378353118896484,93241600
2010-04-19,71.05999755859375,71.7699966430664,69.77999877929688,71.11000061035156,57.097320556640625,85284600
2010-04-20,71.48999786376953,72.12999725341797,71.18000030517578,72.08000183105469,57.876190185546875,50736600
2010-04-21,72.19999694824219,72.72000122070312,71.91999816894531,72.58000183105469,58.27764892578125,60382500
2010-04-22,71.83999633789062,73.48999786376953,71.45999908447266,73.3499984741211,58.895896911621094,79289500
2010-04-23,73.48999786376953,74.20999908447266,72.63999938964844,74.12999725341797,59.52220153808594,66271100
2010-04-26,74.16999816894531,74.66000366210938,73.83000183105469,73.8499984741211,59.29738998413086,62710000
2010-04-27,73.55000305175781,74.23999786376953,72.0199966430664,72.16000366210938,57.94041442871094,101050200
2010-04-28,72.56999969482422,72.77999877929688,71.91999816894531,72.27999877929688,58.03675079345703,79762700
2010-04-29,72.81999969482422,73.83999633789062,72.37999725341797,73.80999755859375,59.265254974365234,68869600
2010-04-30,73.80000305175781,73.93000030517578,71.56999969482422,71.6500015258789,57.530914306640625,88759100
2010-05-03,72.0999984741211,73.30999755859375,72.05999755859375,73.26000213623047,58.82365417480469,53775400
2010-05-04,72.19000244140625,72.19999694824219,70.52999877929688,70.95999908447266,56.97688674926758,105727600
2010-05-05,70.37999725341797,70.94999694824219,69.38999938964844,69.91999816894531,56.141822814941406,110340400
2010-05-06,69.41999816894531,70.19000244140625,63.36000061035156,67.30000305175781,54.038108825683594,195388200
2010-05-07,66.70999908447266,67.62000274658203,64.63999938964844,65.36000061035156,52.48039627075195,189573100
2010-05-10,68.55000305175781,69.05999755859375,67.69999694824219,69.02999877929688,55.42719268798828,107703400
2010-05-11,68.20999908447266,70.5199966430664,67.9800033569336,69.48999786376953,55.796546936035156,100027800
2010-05-12,69.8499984741211,71.69999694824219,69.79000091552734,71.62000274658203,57.50680160522461,84618400
2010-05-13,71.45999908447266,72.0999984741211,70.58999633789062,70.93000030517578,56.952789306640625,78553600
2010-05-14,70.47000122070312,70.5,68.62000274658203,69.55999755859375,55.85274887084961,86134200
2010-05-17,70.0,70.56999969482422,67.75,69.69000244140625,55.95714569091797,78565900
2010-05-18,70.5999984741211,70.80000305175781,68.12999725341797,68.3499984741211,54.881202697753906,87146900
2010-05-19,68.04000091552734,68.80000305175781,66.58000183105469,67.54000091552734,54.23081970214844,107292800
2010-05-20,65.7699966430664,66.12000274658203,64.08000183105469,64.12000274658203,51.4847526550293,166841100
2010-05-21,63.06999969482422,65.63999938964844,62.7599983215332,65.06999969482422,52.247562408447266,139644500
2010-05-24,64.80000305175781,65.41000366210938,64.13999938964844,64.19999694824219,51.548980712890625,75991800
2010-05-25,62.79999923706055,64.23999786376953,61.709999084472656,64.19000244140625,51.540950775146484,110830700
2010-05-26,64.44000244140625,65.94999694824219,63.97999954223633,64.3499984741211,51.66941833496094,104172900
2010-05-27,65.95999908447266,67.13999938964844,64.3499984741211,67.11000061035156,53.88554763793945,86856200
2010-05-28,66.91000366210938,67.16999816894531,65.7300033569336,66.25,53.19502258300781,92369800
2010-06-01,65.5999984741211,66.47000122070312,64.19000244140625,64.23999786376953,51.58110046386719,88420300
2010-06-02,64.62999725341797,66.0999984741211,64.0199966430664,66.06999969482422,53.05048751831055,61553800
2010-06-03,66.19999694824219,67.08999633789062,65.87000274658203,66.91999816894531,53.73297882080078,74864100
2010-06-04,65.11000061035156,65.69999694824219,63.369998931884766,63.560001373291016,51.035099029541016,105547200
2010-06-07,63.84000015258789,64.11000061035156,61.86000061035156,61.91999816894531,49.7182731628418,88434200
2010-06-08,62.11000061035156,62.599998474121094,60.70000076293945,61.88999938964844,49.69417953491211,129072000
2010-06-09,62.369998931884766,63.41999816894531,61.59000015258789,61.93000030517578,49.72628402709961,108638000
2010-06-10,63.029998779296875,64.08000183105469,62.79999923706055,64.06999969482422,51.444602966308594,75497300
2010-06-11,63.290000915527344,65.02999877929688,63.18000030517578,64.94000244140625,52.143165588378906,65295200
2010-06-14,65.80000305175781,66.5,65.16000366210938,65.3499984741211,52.47237014770508,70543000
2010-06-15,65.91999816894531,67.16999816894531,65.36000061035156,66.98999786376953,53.789180755615234,72336400
2010-06-16,66.4000015258789,67.37999725341797,66.25,66.68000030517578,53.540283203125,62369400
2010-06-17,67.08000183105469,67.19999694824219,65.97000122070312,66.76000213623047,53.604515075683594,67327600
2010-06-18,66.97000122070312,67.52999877929688,66.44999694824219,66.80000305175781,53.636619567871094,52760900
2010-06-21,67.87000274658203,68.0,65.72000122070312,66.11000061035156,53.082611083984375,58648400
2010-06-22,66.36000061035156,67.0999984741211,64.66999816894531,64.75,51.9906005859375,70827400
2010-06-23,64.58000183105469,65.26000213623047,63.810001373291016,64.56999969482422,51.8460693359375,70315300
2010-06-24,64.02999877929688,64.52999877929688,63.38999938964844,63.540000915527344,51.01903533935547,72504900
2010-06-25,63.779998779296875,64.91999816894531,63.20000076293945,64.62999725341797,51.89426803588867,87177700
2010-06-28,64.58999633789062,65.23999786376953,63.90999984741211,64.26000213623047,51.59715270996094,64643900
2010-06-29,63.220001220703125,63.220001220703125,61.380001068115234,61.83000183105469,49.64601516723633,110269700
2010-06-30,61.630001068115234,62.619998931884766,60.939998626708984,61.119998931884766,49.07592010498047,93806400
2010-07-01,61.20000076293945,61.400001525878906,59.119998931884766,60.68000030517578,48.72262954711914,114225800
2010-07-02,60.75,60.88999938964844,59.41999816894531,59.81999969482422,48.190128326416016,72084200
2010-07-06,60.86000061035156,61.5,58.65999984741211,59.040000915527344,47.561771392822266,89452600
2010-07-07,59.220001220703125,61.150001525878906,58.9900016784668,61.099998474121094,49.22127151489258,79640200
2010-07-08,61.77000045776367,62.11000061035156,61.040000915527344,61.97999954223633,49.930198669433594,58770100
2010-07-09,61.97999954223633,62.939998626708984,61.77000045776367,62.939998626708984,50.703556060791016,38202700
2010-07-12,62.7599983215332,63.18000030517578,61.619998931884766,62.22999954223633,50.1316032409668,43038300
2010-07-13,63.08000183105469,64.44000244140625,62.84000015258789,64.19999694824219,51.71860122680664,83581200
2010-07-14,64.0199966430664,64.38999938964844,63.470001220703125,63.970001220703125,51.53330993652344,52526100
2010-07-15,64.0999984741211,64.0999984741211,62.61000061035156,63.380001068115234,51.058021545410156,71044000
2010-07-16,62.90999984741211,63.040000915527344,60.88999938964844,61.06999969482422,49.19710159301758,98127500
2010-07-19,61.27000045776367,61.47999954223633,60.150001525878906,61.33000183105469,49.406558990478516,63879600
2010-07-20,60.45000076293945,62.470001220703125,60.209999084472656,62.36000061035156,50.23632049560547,71430700
2010-07-21,62.849998474121094,62.970001220703125,61.099998474121094,61.2400016784668,49.33406066894531,68456600
2010-07-22,62.18000030517578,63.65999984741211,62.16999816894531,63.41999816894531,51.09023666381836,81000700
2010-07-23,63.11000061035156,65.11000061035156,62.939998626708984,64.9800033569336,52.34695053100586,73916800
2010-07-26,65.26000213623047,66.5199966430664,64.91999816894531,66.45999908447266,53.53922653198242,66248300
2010-07-27,67.05999755859375,67.2699966430664,65.9800033569336,66.22000122070312,53.34587097167969,84127100
2010-07-28,66.12999725341797,66.43000030517578,64.77999877929688,65.1500015258789,52.48390579223633,59705100
2010-07-29,65.70999908447266,65.98999786376953,63.95000076293945,64.9800033569336,52.34695053100586,63214400
2010-07-30,64.0999984741211,65.61000061035156,63.81999969482422,65.0199966430664,52.37916946411133,67453000
2010-08-02,66.16999816894531,66.54000091552734,65.58999633789062,66.1500015258789,53.28949737548828,49896600
2010-08-03,65.93000030517578,66.52999877929688,65.08999633789062,65.62000274658203,52.86252975463867,51145700
2010-08-04,65.9800033569336,66.4800033569336,65.70999908447266,66.30999755859375,53.41839599609375,40817400
2010-08-05,65.66000366210938,66.20999908447266,65.45999908447266,65.52999877929688,52.7900276184082,37991000
2010-08-06,64.44999694824219,65.41000366210938,63.86000061035156,65.13999938964844,52.4758415222168,62483200
2010-08-09,65.62000274658203,66.11000061035156,64.8499984741211,65.86000061035156,53.055850982666016,35100700
2010-08-10,65.20999908447266,65.41000366210938,64.12999725341797,64.62000274658203,52.05693817138672,59841700
2010-08-11,63.33000183105469,63.33000183105469,61.90999984741211,62.08000183105469,50.01075744628906,87392600
2010-08-12,60.849998474121094,62.150001525878906,60.7599983215332,61.77000045776367,49.76102066040039,63300200
2010-08-13,61.5,61.68000030517578,60.970001220703125,61.06999969482422,49.19710159301758,68238000
2010-08-16,60.63999938964844,61.91999816894531,60.380001068115234,61.560001373291016,49.591835021972656,51371000
2010-08-17,62.220001220703125,63.150001525878906,61.86000061035156,62.619998931884766,50.44575881958008,54593200
2010-08-18,62.54999923706055,63.43000030517578,61.939998626708984,62.810001373291016,50.59883499145508,61766600
2010-08-19,62.59000015258789,62.849998474121094,60.939998626708984,61.09000015258789,49.213233947753906,89236900
2010-08-20,60.869998931884766,61.189998626708984,60.13999938964844,61.150001525878906,49.26155090332031,64085700
2010-08-23,61.599998474121094,61.91999816894531,60.279998779296875,60.31999969482422,48.592926025390625,55423700
2010-08-24,59.36000061035156,60.31999969482422,58.79999923706055,59.630001068115234,48.037071228027344,78875300
2010-08-25,59.13999938964844,60.68000030517578,58.88999938964844,60.529998779296875,48.7620964050293,64025300
2010-08-26,60.75,61.279998779296875,59.86000061035156,60.08000183105469,48.39958953857422,74569900
2010-08-27,60.77000045776367,61.79999923706055,59.560001373291016,61.650001525878906,49.664371490478516,72003600
2010-08-30,61.349998474121094,61.65999984741211,60.27000045776367,60.29999923706055,48.576805114746094,42401800
2010-08-31,60.150001525878906,60.90999984741211,59.68000030517578,60.18000030517578,48.48013687133789,60625100
2010-09-01,61.22999954223633,62.54999923706055,61.02000045776367,62.5099983215332,50.357139587402344,62585200
2010-09-02,62.4900016784668,63.380001068115234,62.27000045776367,63.20000076293945,50.91301345825195,45824200
2010-09-03,64.16000366210938,64.52999877929688,63.61000061035156,64.33000183105469,51.82332992553711,51986300
2010-09-07,64.12999725341797,64.13999938964844,62.90999984741211,63.11000061035156,50.840511322021484,48881600
2010-09-08,63.2599983215332,63.9900016784668,63.22999954223633,63.47999954223633,51.138580322265625,58863300
2010-09-09,64.44999694824219,64.4800033569336,63.040000915527344,63.52000045776367,51.1707878112793,52494300
2010-09-10,63.7599983215332,64.11000061035156,63.349998474121094,63.720001220703125,51.33191680908203,46973500
2010-09-13,64.44999694824219,65.4800033569336,64.31999969482422,65.2699966430664,52.58055877685547,60551500
2010-09-14,65.12999725341797,65.62000274658203,64.76000213623047,64.98999786376953,52.35500717163086,55811200
2010-09-15,64.80999755859375,65.56999969482422,64.33000183105469,65.36000061035156,52.653072357177734,63008500
2010-09-16,65.19999694824219,65.41000366210938,64.38999938964844,64.94000244140625,52.31472396850586,52659700
2010-09-17,65.4000015258789,65.5199966430664,64.27999877929688,65.20999908447266,52.53223419189453,61775400
2010-09-20,65.41999816894531,67.19999694824219,64.97000122070312,67.0199966430664,53.99034118652344,70669500
2010-09-21,67.0199966430664,67.43000030517578,66.52999877929688,66.62999725341797,53.67615509033203,64974200
2010-09-22,66.44999694824219,66.9000015258789,65.33000183105469,65.83999633789062,53.039737701416016,65225800
2010-09-23,65.1500015258789,66.16000366210938,64.66000366210938,64.87999725341797,52.397701263427734,62724700
2010-09-24,65.79000091552734,67.05999755859375,65.69000244140625,66.98999786376953,54.10174560546875,71675000
2010-09-27,67.01000213623047,67.16000366210938,66.51000213623047,66.81999969482422,53.9644660949707,48357100
2010-09-28,66.97000122070312,67.62999725341797,65.75,67.4800033569336,54.49747848510742,66176700
2010-09-29,67.37999725341797,67.94999694824219,67.12000274658203,67.66999816894531,54.650943756103516,53580600
2010-09-30,68.16999816894531,68.55000305175781,66.94999694824219,67.5,54.513633728027344,81818000
2010-10-01,68.13999938964844,68.26000213623047,67.25,67.86000061035156,54.804386138916016,61763500
2010-10-04,67.68000030517578,68.0999984741211,66.4800033569336,66.94000244140625,54.06136703491211,56292700
2010-10-05,67.68000030517578,69.01000213623047,67.25,68.83999633789062,55.59583282470703,77655500
2010-10-06,68.77999877929688,69.05999755859375,68.22000122070312,68.61000061035156,55.41008377075195,43163400
2010-10-07,69.0199966430664,69.08000183105469,67.91999816894531,68.41000366210938,55.248565673828125,39955400
2010-10-08,68.51000213623047,69.66000366210938,68.13999938964844,69.27999877929688,55.9511833190918,59953200
2010-10-11,69.33999633789062,69.86000061035156,69.13999938964844,69.33999633789062,55.99964904785156,37345900
2010-10-12,69.16000366210938,69.81999969482422,68.41000366210938,69.5199966430664,56.145015716552734,51099800
2010-10-13,69.98999786376953,71.13999938964844,69.7699966430664,70.58000183105469,57.00106430053711,58582200
2010-10-14,70.62999725341797,70.94999694824219,69.88999938964844,70.52999877929688,56.9607048034668,70382100
2010-10-15,71.13999938964844,71.25,69.88999938964844,70.29000091552734,56.76688766479492,74953500
2010-10-18,70.55999755859375,71.02999877929688,70.26000213623047,70.87999725341797,57.24334716796875,39841500
2010-10-19,70.04000091552734,70.76000213623047,68.94999694824219,69.5,56.12887191772461,64627600
2010-10-20,69.83999633789062,70.62999725341797,69.43000030517578,70.20999908447266,56.702232360839844,54118800
2010-10-21,70.55999755859375,71.08999633789062,68.95999908447266,69.87000274658203,56.42768096923828,62505300
2010-10-22,70.04000091552734,70.38999938964844,69.76000213623047,70.31999969482422,56.79109573364258,26267800
2010-10-25,70.83999633789062,71.55999755859375,70.36000061035156,70.73999786376953,57.13029479980469,36095900
2010-10-26,70.36000061035156,71.16999816894531,69.98999786376953,70.69000244140625,57.08992004394531,37884100
2010-10-27,70.20999908447266,70.62000274658203,69.54000091552734,70.51000213623047,56.94456481933594,53515400
2010-10-28,71.05999755859375,71.12000274658203,69.75,70.08000183105469,56.5972785949707,48482400
2010-10-29,69.87999725341797,70.66999816894531,69.83000183105469,70.30000305175781,56.77494430541992,40455100
2010-11-01,70.66000366210938,71.16999816894531,69.30999755859375,69.81999969482422,56.387306213378906,47357500
2010-11-02,70.66999816894531,71.30999755859375,70.2699966430664,71.2699966430664,57.558345794677734,55102800
2010-11-03,71.36000061035156,71.62000274658203,70.5,71.55000305175781,57.784481048583984,58044500
2010-11-04,72.86000061035156,73.37999725341797,72.62000274658203,73.36000061035156,59.246238708496094,60908000
2010-11-05,73.44999694824219,74.0,73.30000305175781,73.7699966430664,59.57734680175781,45659100
2010-11-08,73.52999877929688,73.91000366210938,73.12000274658203,73.70999908447266,59.52889633178711,31656700
2010-11-09,73.91000366210938,74.05000305175781,72.33000183105469,72.7300033569336,58.73743438720703,48438600
2010-11-10,72.83000183105469,73.55000305175781,72.11000061035156,73.54000091552734,59.391605377197266,53667600
2010-11-11,72.7300033569336,73.54000091552734,72.45999908447266,73.25,59.157386779785156,42989400
2010-11-12,72.52999877929688,73.0999984741211,71.9000015258789,72.02999877929688,58.17211151123047,48799200
2010-11-15,72.37999725341797,72.8499984741211,71.97000122070312,72.04000091552734,58.180198669433594,38922600
2010-11-16,71.5,71.68000030517578,70.1500015258789,70.63999938964844,57.049556732177734,69965600
2010-11-17,70.80000305175781,71.0199966430664,70.4000015258789,70.83000183105469,57.202972412109375,39512500
2010-11-18,71.66999816894531,72.58000183105469,71.66000366210938,72.20999908447266,58.31748962402344,52638700
2010-11-19,72.0,72.61000061035156,71.52999877929688,72.44999694824219,58.511268615722656,32830300
2010-11-22,72.16999816894531,72.98999786376953,71.73999786376953,72.80000305175781,58.79398727416992,42163100
2010-11-23,71.91999816894531,72.23999786376953,71.5,72.11000061035156,58.23674011230469,52202300
2010-11-24,72.76000213623047,73.75,72.75,73.7300033569336,59.545047760009766,42138400
2010-11-26,73.27999877929688,73.7300033569336,73.12999725341797,73.22000122070312,59.133155822753906,19004000
2010-11-29,72.94999694824219,73.51000213623047,72.02999877929688,73.33000183105469,59.22201919555664,47897000
2010-11-30,72.4800033569336,73.25,72.18000030517578,72.75,58.753578186035156,68631800
2010-12-01,74.12000274658203,74.56999969482422,72.80999755859375,74.37999725341797,60.06997299194336,59974000
2010-12-02,74.47000122070312,75.29000091552734,74.36000061035156,75.12999725341797,60.675697326660156,42529200
2010-12-03,74.83000183105469,75.9000015258789,74.76000213623047,75.66999816894531,61.111820220947266,36549400
2010-12-06,75.63999938964844,76.3499984741211,75.5,76.13999938964844,61.49139404296875,36177500
2010-12-07,77.05999755859375,77.23999786376953,76.41000366210938,76.58000183105469,61.846736907958984,66769100
2010-12-08,76.75,77.01000213623047,76.37000274658203,76.52999877929688,61.80636978149414,40388800
2010-12-09,77.08000183105469,77.08000183105469,76.4800033569336,76.79000091552734,62.016326904296875,49384000
2010-12-10,77.05000305175781,77.94000244140625,76.7699966430664,77.75,62.79164123535156,43303000
2010-12-13,78.05999755859375,78.19000244140625,77.31999969482422,77.3499984741211,62.46859359741211,43025600
2010-12-14,77.70999908447266,77.72000122070312,77.18000030517578,77.30999755859375,62.436279296875,60000700
2010-12-15,77.25,78.05999755859375,76.91999816894531,77.06999969482422,62.242454528808594,52002400
2010-12-16,77.18000030517578,77.97000122070312,76.86000061035156,77.77999877929688,62.81588363647461,57936100
2010-12-17,77.86000061035156,78.16999816894531,77.29000091552734,78.0199966430664,63.00968933105469,40362300
2010-12-20,78.30999755859375,78.80999755859375,77.93000030517578,78.33000183105469,63.26005554199219,42692700
2010-12-21,78.6500015258789,79.27999877929688,78.58999633789062,79.19999694824219,63.962669372558594,30166800
2010-12-22,79.02999877929688,79.18000030517578,78.72000122070312,78.81999969482422,63.944026947021484,29812300
2010-12-23,78.95999908447266,79.12000274658203,78.61000061035156,78.72000122070312,63.86286544799805,25239600
2010-12-27,78.47000122070312,79.0999984741211,78.30999755859375,78.95999908447266,64.05760955810547,15770300
2010-12-28,79.11000061035156,79.16000366210938,78.5199966430664,78.73999786376953,63.87910461425781,25827900
2010-12-29,78.8499984741211,79.0199966430664,78.75,78.91000366210938,64.01702880859375,18138800
2010-12-30,78.83999633789062,79.22000122070312,78.76000213623047,78.76000213623047,63.89535903930664,37997400
2010-12-31,78.66999816894531,78.87999725341797,78.16999816894531,78.23999786376953,63.47348403930664,33323500
2011-01-03,78.94000244140625,80.0199966430664,78.7300033569336,79.5999984741211,64.57682037353516,48878000
2011-01-04,79.83999633789062,79.9000015258789,77.56999969482422,78.41999816894531,63.61954116821289,77509000
2011-01-05,78.4000015258789,79.36000061035156,78.11000061035156,79.33999633789062,64.36587524414062,47145300
2011-01-06,79.4000015258789,79.52999877929688,78.6500015258789,78.97000122070312,64.06572723388672,39392300
2011-01-07,79.23999786376953,79.44000244140625,77.44000244140625,78.5199966430664,63.70064926147461,59486800
2011-01-10,78.23999786376953,79.29000091552734,77.62000274658203,78.97000122070312,64.06572723388672,55020300
2011-01-11,79.36000061035156,79.68000030517578,78.87000274658203,79.29000091552734,64.3253402709961,42124300
2011-01-12,79.94000244140625,80.12999725341797,79.51000213623047,79.97000122070312,64.87696838378906,38442600
2011-01-13,79.98999786376953,80.30000305175781,79.56999969482422,79.94000244140625,64.85260772705078,29687600
2011-01-14,79.86000061035156,80.68000030517578,79.69000244140625,80.54000091552734,65.33942413330078,38036700
2011-01-18,80.29000091552734,80.62999725341797,79.87000274658203,80.5999984741211,65.38807678222656,37824100
2011-01-19,80.56999969482422,80.69999694824219,78.36000061035156,78.52999877929688,63.708740234375,70707400
2011-01-20,78.13999938964844,78.54000091552734,77.33999633789062,77.70999908447266,63.04351043701172,79653000
2011-01-21,78.20999908447266,78.23999786376953,77.12000274658203,77.19000244140625,62.62166213989258,56676500
2011-01-24,77.19999694824219,78.06999969482422,77.08999633789062,77.76000213623047,63.0840950012207,48142600
2011-01-25,77.30999755859375,77.9000015258789,76.94999694824219,77.87999725341797,63.18144607543945,47013400
2011-01-26,78.0,79.37999725341797,77.75,79.12000274658203,64.18741607666016,65896200
2011-01-27,79.12000274658203,79.66999816894531,78.7300033569336,79.3499984741211,64.37397003173828,48174800
2011-01-28,79.30999755859375,79.44999694824219,77.33000183105469,77.41000366210938,62.80012130737305,91023700
2011-01-31,77.87000274658203,78.5,77.25,77.94999694824219,63.23820877075195,53265200
2011-02-01,78.58000183105469,80.01000213623047,78.37000274658203,79.75,64.69850158691406,57786700
2011-02-02,79.58999633789062,80.12999725341797,79.41999816894531,79.44999694824219,64.45512390136719,39937400
2011-02-03,79.38999938964844,79.8499984741211,78.5,79.7300033569336,64.68226623535156,41156200
2011-02-04,79.5999984741211,79.97000122070312,79.23999786376953,79.87000274658203,64.79586791992188,39532700
2011-02-07,79.9800033569336,81.25,79.91000366210938,80.66000366210938,65.43673706054688,40835200
2011-02-08,80.66000366210938,81.2699966430664,80.33999633789062,81.2300033569336,65.89915466308594,37563900
2011-02-09,81.01000213623047,81.30000305175781,80.41999816894531,80.87000274658203,65.60709381103516,43298900
2011-02-10,80.33000183105469,81.29000091552734,80.23999786376953,81.19000244140625,65.86669921875,48001000
2011-02-11,80.88999938964844,82.0999984741211,80.79000091552734,82.06999969482422,66.58062744140625,38579100
2011-02-14,82.11000061035156,82.61000061035156,82.05000305175781,82.48999786376953,66.92134857177734,36730500
2011-02-15,82.2699966430664,82.48999786376953,81.83000183105469,82.0199966430664,66.5400619506836,42908600
2011-02-16,82.20999908447266,82.81999969482422,82.18000030517578,82.68000030517578,67.07550048828125,38284700
2011-02-17,82.5999984741211,83.51000213623047,82.44999694824219,83.26000213623047,67.54605865478516,34891200
2011-02-18,83.44999694824219,83.7699966430664,83.04000091552734,83.3499984741211,67.61908721923828,39514200
2011-02-22,82.7300033569336,83.0199966430664,81.08999633789062,81.20999908447266,65.88296508789062,68370300
2011-02-23,81.37000274658203,81.44000244140625,79.29000091552734,79.80999755859375,64.74718475341797,91258600
2011-02-24,79.95999908447266,80.72000122070312,79.36000061035156,80.31999969482422,65.16090393066406,85126500
2011-02-25,80.69999694824219,82.20999908447266,80.63999938964844,82.18000030517578,66.66986083984375,58566800
2011-02-28,82.6500015258789,82.83999633789062,81.58999633789062,82.2699966430664,66.74288940429688,49869300
2011-03-01,82.58000183105469,82.63999938964844,80.3499984741211,80.62000274658203,65.4043197631836,70865100
2011-03-02,80.52999877929688,81.37000274658203,80.23999786376953,80.95999908447266,65.68011474609375,61072300
2011-03-03,81.7699966430664,83.0199966430664,81.02999877929688,82.80000305175781,67.17286682128906,78937600
2011-03-04,82.79000091552734,82.83999633789062,81.6500015258789,82.44000244140625,66.88081359863281,60907100
2011-03-07,82.76000213623047,82.81999969482422,80.41000366210938,81.08999633789062,65.78556060791016,90777900
2011-03-08,81.16000366210938,82.80999755859375,80.55000305175781,82.41000366210938,66.85647583007812,67755300
2011-03-09,82.25,82.58000183105469,81.75,82.08000183105469,66.58876037597656,51216900
2011-03-10,81.0,81.02999877929688,79.69999694824219,79.97000122070312,64.87696838378906,107642100
2011-03-11,79.33999633789062,80.69999694824219,79.27999877929688,80.18000030517578,65.0473403930664,83202700
2011-03-14,79.33999633789062,80.33000183105469,78.91000366210938,79.75,64.69850158691406,60138300
2011-03-15,77.95999908447266,79.66999816894531,77.56999969482422,79.04000091552734,64.12248992919922,84941700
2011-03-16,78.68000030517578,79.63999938964844,77.76000213623047,78.25,63.481571197509766,126014500
2011-03-17,79.33000183105469,79.44000244140625,78.41999816894531,78.41999816894531,63.61954116821289,63992800
2011-03-18,79.33000183105469,79.58999633789062,79.06999969482422,79.45999908447266,64.46324157714844,70017700
2011-03-21,80.4800033569336,81.31999969482422,80.36000061035156,81.30000305175781,65.95597076416016,50638200
2011-03-22,81.41999816894531,81.5999984741211,80.66999816894531,80.87000274658203,65.60709381103516,52372800
2011-03-23,80.69000244140625,81.36000061035156,79.8499984741211,81.12000274658203,65.80995178222656,58044700
2011-03-24,81.48999786376953,81.79000091552734,80.73999786376953,81.51000213623047,66.26439666748047,52850900
2011-03-25,81.9800033569336,83.05999755859375,81.55000305175781,82.22000122070312,66.84158325195312,78164900
2011-03-28,82.48999786376953,82.76000213623047,81.97000122070312,82.04000091552734,66.69524383544922,42798300
2011-03-29,82.08999633789062,82.88999938964844,81.58000183105469,82.80999755859375,67.32121276855469,40967200
2011-03-30,83.16999816894531,83.98999786376953,83.04000091552734,83.87999725341797,68.19109344482422,42147100
2011-03-31,83.80000305175781,84.29000091552734,83.69999694824219,84.16999816894531,68.42681884765625,41625800
2011-04-01,84.7699966430664,85.0199966430664,84.25,84.54000091552734,68.72764587402344,49160200
2011-04-04,84.76000213623047,84.97000122070312,84.54000091552734,84.7300033569336,68.88211059570312,42236600
2011-04-05,84.68000030517578,85.75,84.5199966430664,85.19000244140625,69.25605010986328,45454400
2011-04-06,85.62999725341797,85.87999725341797,84.91000366210938,85.37999725341797,69.41053771972656,59035700
2011-04-07,85.45999908447266,85.77999877929688,84.62000274658203,84.87000274658203,68.99594116210938,69434400
2011-04-08,85.25,85.36000061035156,83.5999984741211,83.9800033569336,68.27239990234375,63650400
2011-04-11,84.0199966430664,84.27999877929688,82.9000015258789,83.2300033569336,67.66268157958984,41784100
2011-04-12,82.79000091552734,83.05000305175781,82.05000305175781,82.13999938964844,66.77653503417969,58103300
2011-04-13,82.6500015258789,82.80999755859375,81.66999816894531,82.25,66.865966796875,80424900
2011-04-14,81.58999633789062,82.70999908447266,81.44999694824219,82.62999725341797,67.1749038696289,58532300
2011-04-15,82.66000366210938,83.51000213623047,82.26000213623047,83.51000213623047,67.89029693603516,53690700
2011-04-18,82.25,82.26000213623047,81.43000030517578,82.12999725341797,66.76841735839844,58593400
2011-04-19,82.41000366210938,82.69999694824219,81.66999816894531,82.1500015258789,66.7846908569336,31991000
2011-04-20,83.5,83.9000015258789,83.25,83.83000183105469,68.15044403076172,47061100
2011-04-21,84.33999633789062,84.4800033569336,83.7300033569336,84.44999694824219,68.65448760986328,30293300
2011-04-25,84.37000274658203,84.52999877929688,83.7699966430664,84.33999633789062,68.56507110595703,23441400
2011-04-26,84.52999877929688,85.66999816894531,84.3499984741211,85.18000030517578,69.2479248046875,53200000
2011-04-27,85.2300033569336,85.7699966430664,84.88999938964844,85.69000244140625,69.66259002685547,44680600
2011-04-28,85.5999984741211,86.5,85.5199966430664,86.08000183105469,69.9796142578125,43464600
2011-04-29,86.19000244140625,86.68000030517578,85.93000030517578,86.38999938964844,70.23163604736328,41030900
2011-05-02,86.77999877929688,86.80999755859375,85.27999877929688,85.37999725341797,69.41053771972656,48962400
2011-05-03,85.29000091552734,85.48999786376953,83.72000122070312,84.30000305175781,68.53253173828125,56070000
2011-05-04,84.41999816894531,84.45999908447266,82.7300033569336,83.20999908447266,67.64641571044922,64754600
2011-05-05,82.63999938964844,84.08000183105469,82.41000366210938,82.83000183105469,67.33749389648438,91858900
2011-05-06,83.76000213623047,84.33999633789062,82.83999633789062,83.2699966430664,67.69517517089844,76446200
2011-05-09,83.16999816894531,84.33000183105469,83.04000091552734,84.23999786376953,68.4837646484375,45806800
2011-05-10,84.66999816894531,85.54000091552734,84.55999755859375,85.52999877929688,69.53250885009766,44373700
2011-05-11,85.23999786376953,85.36000061035156,83.55000305175781,83.94999694824219,68.24801635742188,81313700
2011-05-12,83.47000122070312,84.94000244140625,82.9800033569336,84.69000244140625,68.84960174560547,80109400
2011-05-13,84.76000213623047,84.98999786376953,83.2699966430664,83.51000213623047,67.89029693603516,74669000
2011-05-16,82.95999908447266,83.88999938964844,82.22000122070312,82.29000091552734,66.89847564697266,68771600
2011-05-17,81.62999725341797,82.31999969482422,81.4000015258789,82.02999877929688,66.68711853027344,76475100
2011-05-18,82.12999725341797,83.31999969482422,82.0,83.29000091552734,67.71143341064453,54512200
2011-05-19,83.86000061035156,83.97000122070312,82.7300033569336,83.47000122070312,67.85778045654297,52914400
2011-05-20,83.25,83.44999694824219,82.29000091552734,82.86000061035156,67.36187744140625,56016800
2011-05-23,81.41999816894531,81.94999694824219,81.2300033569336,81.37000274658203,66.15055847167969,50696600
2011-05-24,81.58999633789062,81.95999908447266,80.83000183105469,80.9800033569336,65.83349609375,60223400
2011-05-25,80.7699966430664,82.29000091552734,80.76000213623047,82.0,66.66270446777344,60009900
2011-05-26,81.69999694824219,83.12000274658203,81.6500015258789,83.08000183105469,67.54071807861328,51821300
2011-05-27,83.45999908447266,83.93000030517578,83.26000213623047,83.6500015258789,68.0041275024414,46619400
2011-05-31,84.61000061035156,84.86000061035156,83.7699966430664,84.83999633789062,68.9715347290039,77456200
2011-06-01,84.70999908447266,84.81999969482422,82.02999877929688,82.11000061035156,66.75216674804688,80933800
2011-06-02,82.31999969482422,82.66000366210938,81.5999984741211,82.08000183105469,66.72776794433594,64666600
2011-06-03,80.80999755859375,81.7300033569336,80.69000244140625,80.87999725341797,65.75221252441406,76493800
2011-06-06,80.75,81.06999969482422,79.48999786376953,79.55000305175781,64.67098236083984,63782200
2011-06-07,80.04000091552734,80.43000030517578,79.52999877929688,79.73999786376953,64.82540893554688,58242200
2011-06-08,79.47000122070312,79.72000122070312,78.70999908447266,78.8499984741211,64.1019287109375,67740400
2011-06-09,79.08000183105469,79.70999908447266,78.7300033569336,79.2699966430664,64.44334411621094,58469700
2011-06-10,78.77999877929688,78.91000366210938,77.6500015258789,78.0,63.41085433959961,71823100
2011-06-13,78.2300033569336,78.63999938964844,77.3499984741211,77.77999877929688,63.2320442199707,60285400
2011-06-14,78.44000244140625,79.68000030517578,78.38999938964844,79.44999694824219,64.58967590332031,66662700
2011-06-15,78.5999984741211,79.20999908447266,77.72000122070312,78.02999877929688,63.43527603149414,89262000
2011-06-16,78.08999633789062,78.87999725341797,77.2300033569336,78.20999908447266,63.58161163330078,81849500
2011-06-17,78.98999786376953,79.12999725341797,77.83000183105469,78.2300033569336,63.59787368774414,77862900
2011-06-20,77.95999908447266,79.2300033569336,77.93000030517578,78.94999694824219,64.18319702148438,53343900
2011-06-21,79.58000183105469,80.7699966430664,79.41999816894531,80.66000366210938,65.57335662841797,75970200
2011-06-22,80.22000122070312,81.11000061035156,80.01000213623047,80.04000091552734,65.0693359375,55839700
2011-06-23,79.12999725341797,80.51000213623047,78.30000305175781,80.3499984741211,65.32132720947266,92521100
2011-06-24,80.62999725341797,80.76000213623047,79.47000122070312,79.94000244140625,64.98802947998047,73865400
2011-06-27,79.91000366210938,80.72000122070312,79.45999908447266,80.55999755859375,65.4920654296875,51195400
2011-06-28,80.83000183105469,81.8499984741211,80.66999816894531,81.80999755859375,66.50824737548828,54021800
2011-06-29,82.0999984741211,82.4000015258789,81.44000244140625,82.19999694824219,66.82530975341797,68230200
2011-06-30,82.41000366210938,83.05000305175781,82.27999877929688,82.80000305175781,67.31310272216797,59915500
2011-07-01,82.87999725341797,84.2300033569336,82.62000274658203,84.08999633789062,68.36178588867188,63908100
2011-07-05,83.93000030517578,84.13999938964844,83.52999877929688,84.04000091552734,68.5265121459961,48268900
2011-07-06,83.91000366210938,84.51000213623047,83.61000061035156,84.37999725341797,68.80375671386719,57094100
2011-07-07,85.20999908447266,85.97000122070312,84.94000244140625,85.6500015258789,69.83931732177734,68556600
2011-07-08,84.62000274658203,85.20999908447266,84.31999969482422,85.12999725341797,69.41531372070312,61977400
2011-07-11,84.05999755859375,84.52999877929688,83.08999633789062,83.31999969482422,67.93943786621094,59769800
2011-07-12,82.87999725341797,83.7699966430664,82.77999877929688,82.8499984741211,67.55616760253906,65322100
2011-07-13,83.37999725341797,84.47000122070312,83.22000122070312,83.58999633789062,68.15959167480469,79327200
2011-07-14,83.75,84.16999816894531,82.05000305175781,82.26000213623047,67.07511138916016,91726600
2011-07-15,82.61000061035156,82.91000366210938,82.18000030517578,82.80999755859375,67.52356719970703,75496200
2011-07-18,82.44000244140625,82.62999725341797,81.0,81.4800033569336,66.4391098022461,56859700
2011-07-19,82.2300033569336,83.41000366210938,82.18000030517578,83.31999969482422,67.93943786621094,56060800
2011-07-20,83.3499984741211,83.41999816894531,82.6500015258789,83.18000030517578,67.82527160644531,40277400
2011-07-21,83.44000244140625,84.30000305175781,83.23999786376953,83.94000244140625,68.44496154785156,63405500
2011-07-22,83.8499984741211,84.26000213623047,83.4000015258789,84.05000305175781,68.53468322753906,34540200
2011-07-25,83.0199966430664,83.76000213623047,82.75,83.05999755859375,67.72743225097656,49764900
2011-07-26,82.87999725341797,83.08999633789062,82.20999908447266,82.43000030517578,67.2137222290039,52205500
2011-07-27,81.88999938964844,81.91000366210938,79.8499984741211,79.97000122070312,65.20783233642578,97533300
2011-07-28,79.95999908447266,80.97000122070312,79.69000244140625,79.83999633789062,65.1018295288086,67439400
2011-07-29,78.72000122070312,80.18000030517578,78.13999938964844,79.73999786376953,65.02024841308594,93519600
2011-08-01,80.69000244140625,80.98999786376953,78.47000122070312,79.22000122070312,64.59626770019531,93483200
2011-08-02,78.91999816894531,79.68000030517578,76.61000061035156,76.75,62.58222198486328,95669600
2011-08-03,76.69000244140625,77.3499984741211,74.87999725341797,77.26000213623047,62.998085021972656,114910400
2011-08-04,76.06999969482422,76.20999908447266,72.58999633789062,72.5999984741211,59.19831085205078,130904800
2011-08-05,73.5199966430664,73.8499984741211,69.66000366210938,71.33000183105469,58.162742614746094,188585600
2011-08-08,69.01000213623047,71.41000366210938,65.08000183105469,65.12000274658203,53.09908676147461,170159700
2011-08-09,66.91999816894531,69.62000274658203,63.7599983215332,69.45999908447266,56.637935638427734,207867000
2011-08-10,67.3499984741211,69.56999969482422,65.87000274658203,66.05999755859375,53.86556625366211,182376400
2011-08-11,66.51000213623047,70.44000244140625,66.06999969482422,69.36000061035156,56.556396484375,121880100
2011-08-12,69.98999786376953,70.5999984741211,68.80000305175781,69.79000091552734,56.907012939453125,86475800
2011-08-15,70.58000183105469,71.83000183105469,70.37999725341797,71.76000213623047,58.51338195800781,57616800
2011-08-16,70.58999633789062,71.41000366210938,69.66000366210938,70.44000244140625,57.437015533447266,79484300
2011-08-17,70.97000122070312,71.5199966430664,69.76000213623047,70.45999908447266,57.45332717895508,66789100
2011-08-18,68.05999755859375,70.4000015258789,65.81999969482422,66.44999694824219,54.18358612060547,110692200
2011-08-19,65.01000213623047,67.41000366210938,64.9000015258789,65.27999877929688,53.22954559326172,99196100
2011-08-22,67.12000274658203,67.19000244140625,64.56999969482422,65.05000305175781,53.04201889038086,72211900
2011-08-23,65.45999908447266,68.30000305175781,64.86000061035156,68.19000244140625,55.602378845214844,93274300
2011-08-24,68.12000274658203,69.62999725341797,67.5199966430664,69.19999694824219,56.42593765258789,67698000
2011-08-25,69.9800033569336,70.29000091552734,67.25,67.5,55.039737701416016,80732900
2011-08-26,67.26000213623047,69.31999969482422,66.05999755859375,69.11000061035156,56.3525390625,84468500
2011-08-29,70.06999969482422,72.44999694824219,70.04000091552734,72.37999725341797,59.0189323425293,53069800
2011-08-30,71.9000015258789,73.2699966430664,71.12000274658203,72.80000305175781,59.36136245727539,67801600
2011-08-31,73.19999694824219,73.88999938964844,71.9000015258789,72.6500015258789,59.239078521728516,70313900
2011-09-01,72.69999694824219,73.62999725341797,70.69000244140625,71.08999633789062,57.967041015625,86788800
2011-09-02,69.36000061035156,70.04000091552734,68.0999984741211,68.45999908447266,55.822547912597656,78920100
2011-09-06,65.93000030517578,68.30999755859375,65.93000030517578,68.2699966430664,55.66761779785156,71493900
2011-09-07,69.4000015258789,70.94999694824219,69.06999969482422,70.8499984741211,57.77134704589844,68952400
2011-09-08,70.33999633789062,71.30000305175781,69.18000030517578,69.55000305175781,56.71133041381836,71124100
2011-09-09,68.69999694824219,69.12999725341797,66.75,67.5,55.039737701416016,99453600
2011-09-12,66.37999725341797,68.25,66.37000274658203,68.08000183105469,55.5126838684082,100109900
2011-09-13,68.54000091552734,69.45999908447266,67.83000183105469,69.18000030517578,56.40963363647461,84144100
2011-09-14,69.83999633789062,71.4000015258789,68.44000244140625,70.41999816894531,57.42072296142578,77019200
2011-09-15,71.06999969482422,71.44000244140625,69.98999786376953,71.41000366210938,58.227989196777344,74213100
2011-09-16,71.6500015258789,72.02999877929688,70.87999725341797,71.5199966430664,58.317649841308594,75773300
2011-09-19,70.0999984741211,71.01000213623047,69.44999694824219,70.23999786376953,57.27396774291992,69216200
2011-09-20,70.48999786376953,71.29000091552734,69.11000061035156,69.1500015258789,56.38515090942383,63453200
2011-09-21,69.04000091552734,69.62999725341797,66.54000091552734,66.58999633789062,54.29773712158203,81413800
2011-09-22,64.30000305175781,65.91999816894531,63.4900016784668,64.7300033569336,52.781070709228516,159808200
2011-09-23,64.25,65.52999877929688,64.0999984741211,65.13999938964844,53.32133865356445,84086000
2011-09-26,65.83999633789062,66.4800033569336,64.27999877929688,66.37000274658203,54.32817459106445,75555800
2011-09-27,67.8499984741211,69.38999938964844,67.2699966430664,67.80000305175781,55.49872589111328,93999600
2011-09-28,67.79000091552734,68.12000274658203,65.0999984741211,65.19999694824219,53.37044143676758,85412600
2011-09-29,66.7300033569336,67.0199966430664,64.37000274658203,66.33000183105469,54.295440673828125,73927200
2011-09-30,65.1500015258789,66.18000030517578,64.23999786376953,64.30000305175781,52.63374710083008,72124900
2011-10-03,63.810001373291016,64.95999908447266,60.849998474121094,60.9900016784668,49.92428970336914,119485000
2011-10-04,60.31999969482422,64.87999725341797,60.09000015258789,64.79000091552734,53.034828186035156,165100000
2011-10-05,64.77999877929688,66.12999725341797,63.91999816894531,65.68000030517578,53.763362884521484,100371000
2011-10-06,65.51000213623047,67.30999755859375,65.1500015258789,67.13999938964844,54.95848083496094,85789700
2011-10-07,67.37999725341797,67.61000061035156,65.19999694824219,65.5,53.61600875854492,93662300
2011-10-10,66.97000122070312,68.37999725341797,65.54000091552734,68.37000274658203,55.96529769897461,76366700
2011-10-11,67.72000122070312,69.12000274658203,67.54000091552734,68.83999633789062,56.349998474121094,63173300
2011-10-12,69.37000274658203,70.52999877929688,68.81999969482422,69.81999969482422,57.15222930908203,88580000
2011-10-13,69.41999816894531,70.12000274658203,68.58000183105469,69.76000213623047,57.10311508178711,54163300
2011-10-14,70.58000183105469,71.33999633789062,69.80999755859375,71.13999938964844,58.23270797729492,69768200
2011-10-17,70.51000213623047,70.62000274658203,68.62999725341797,68.9800033569336,56.46463394165039,57529900
2011-10-18,69.20999908447266,71.29000091552734,67.8499984741211,70.80999755859375,57.96260070800781,98948000
2011-10-19,70.61000061035156,71.1500015258789,69.06999969482422,69.43000030517578,56.83298110961914,71071600
2011-10-20,69.55999755859375,69.7300033569336,67.75,69.62000274658203,56.9885139465332,90998600
2011-10-21,70.56999969482422,71.16000366210938,70.0199966430664,71.12999725341797,58.224517822265625,60408600
2011-10-24,71.44999694824219,73.58000183105469,71.16000366210938,73.41999816894531,60.099037170410156,81399100
2011-10-25,72.88999938964844,72.94000244140625,71.16000366210938,71.36000061035156,58.412811279296875,66767900
2011-10-26,72.5999984741211,73.04000091552734,70.54000091552734,72.58999633789062,59.41964340209961,76643400
2011-10-27,75.29000091552734,76.97000122070312,72.6500015258789,76.41999816894531,62.55472946166992,130508100
2011-10-28,76.30000305175781,76.91999816894531,75.76000213623047,76.02999877929688,62.23550033569336,82397500
2011-10-31,74.8499984741211,75.44000244140625,73.93000030517578,74.01000213623047,60.5820198059082,66969200
2011-11-01,71.18000030517578,72.97000122070312,70.95999908447266,71.38999938964844,58.4373664855957,110064900
2011-11-02,72.62000274658203,73.30000305175781,71.83000183105469,73.1500015258789,59.8780403137207,63821300
2011-11-03,74.2699966430664,75.19999694824219,72.29000091552734,74.97000122070312,61.36783981323242,74622200
2011-11-04,74.18000030517578,74.81999969482422,73.55000305175781,74.5999984741211,61.06498336791992,65262500
2011-11-07,74.5,74.87000274658203,72.9000015258789,74.44999694824219,60.942176818847656,67136100
2011-11-08,75.13999938964844,75.63999938964844,73.45999908447266,75.54000091552734,61.83442306518555,72278500
2011-11-09,73.31999969482422,73.91999816894531,71.81999969482422,71.94000244140625,58.8875732421875,78806400
2011-11-10,73.12000274658203,73.2300033569336,71.62999725341797,72.47000122070312,59.3214225769043,72175100
2011-11-11,73.33999633789062,74.52999877929688,72.52999877929688,74.37999725341797,60.884857177734375,62452000
2011-11-14,74.0999984741211,74.2699966430664,72.7699966430664,73.30999755859375,60.00900650024414,61114200
2011-11-15,72.91999816894531,74.63999938964844,72.43000030517578,74.23999786376953,60.7702522277832,65795300
2011-11-16,73.47000122070312,74.87999725341797,72.91000366210938,73.04000091552734,59.78799819946289,56938700
2011-11-17,72.94999694824219,73.44000244140625,71.2699966430664,72.0,58.93669128417969,78923500
2011-11-18,72.25,72.47000122070312,71.44999694824219,71.9800033569336,58.9202995300293,53462900
2011-11-21,70.54000091552734,70.8499984741211,69.61000061035156,70.26000213623047,57.512393951416016,58233500
2011-11-22,70.12999725341797,70.62999725341797,69.30000305175781,69.66999816894531,57.02943420410156,55404700
2011-11-23,68.9000015258789,69.08999633789062,67.37000274658203,67.4800033569336,55.23677062988281,69700300
2011-11-25,67.05000305175781,68.04000091552734,66.62000274658203,66.62000274658203,54.53279495239258,28167900
2011-11-28,69.08999633789062,69.91999816894531,68.91000366210938,69.79000091552734,57.12764358520508,59167100
2011-11-29,69.83999633789062,70.18000030517578,69.12000274658203,69.66000366210938,57.02125549316406,58157100
2011-11-30,72.55999755859375,73.79000091552734,69.6500015258789,73.7300033569336,60.352813720703125,93802900
2011-12-01,73.47000122070312,74.13999938964844,73.05999755859375,73.19999694824219,59.918968200683594,57394700
2011-12-02,74.08999633789062,74.62999725341797,73.30999755859375,73.5,60.16455078125,47671500
2011-12-05,74.94000244140625,75.38999938964844,74.12999725341797,74.76000213623047,61.19591522216797,58429900
2011-12-06,74.80999755859375,75.29000091552734,74.08999633789062,74.83000183105469,61.25322723388672,43597000
2011-12-07,74.27999877929688,75.05999755859375,73.12999725341797,74.68000030517578,61.13044738769531,55904400
2011-12-08,73.9000015258789,74.18000030517578,72.22000122070312,72.36000061035156,59.23139190673828,71486700
2011-12-09,72.5,74.97000122070312,72.37999725341797,74.54000091552734,61.015865325927734,72184900
2011-12-12,73.48999786376953,74.5999984741211,72.5,73.47000122070312,60.13998031616211,47638600
2011-12-13,74.2300033569336,74.47000122070312,71.55000305175781,71.94000244140625,58.8875732421875,79040300
2011-12-14,71.25,71.88999938964844,70.58000183105469,71.04000091552734,58.15085983276367,77704900
2011-12-15,72.05999755859375,72.11000061035156,71.04000091552734,71.69999694824219,58.691104888916016,50096100
2011-12-16,72.27999877929688,73.27999877929688,71.7300033569336,72.26000213623047,59.149532318115234,66225600
2011-12-19,72.93000030517578,73.19999694824219,70.83000183105469,71.01000213623047,58.12631607055664,52897500
2011-12-20,72.55000305175781,73.97000122070312,72.51000213623047,73.86000061035156,60.459205627441406,74174400
2011-12-21,73.52999877929688,74.38999938964844,72.7300033569336,74.16000366210938,60.70479202270508,59194600
2011-12-22,74.16000366210938,74.66999816894531,73.9800033569336,74.2699966430664,61.09140396118164,41502800
2011-12-23,74.55000305175781,74.68000030517578,74.08000183105469,74.55000305175781,61.32172393798828,24333600
2011-12-27,74.26000213623047,75.16000366210938,74.08000183105469,74.7699966430664,61.50263977050781,26922400
2011-12-28,74.87999725341797,74.9000015258789,73.2699966430664,73.41000366210938,60.38399887084961,37827500
2011-12-29,73.7300033569336,74.44000244140625,73.5999984741211,74.1500015258789,60.99269104003906,27090500
2011-12-30,74.12000274658203,74.5199966430664,73.69000244140625,73.75,60.663665771484375,31979800
2012-01-03,75.68000030517578,75.87000274658203,74.7699966430664,74.97000122070312,61.667198181152344,60504700
2012-01-04,74.58000183105469,74.86000061035156,74.06999969482422,74.55999755859375,61.3299446105957,34648500
2012-01-05,74.02999877929688,75.33999633789062,73.37000274658203,74.9800033569336,61.67540740966797,57274600
2012-01-06,75.0199966430664,75.37999725341797,74.2699966430664,74.79000091552734,61.51913833618164,45499800
2012-01-09,75.13999938964844,75.30000305175781,74.41000366210938,75.16999816894531,61.83169937133789,52042400
2012-01-10,76.16000366210938,76.43000030517578,75.95999908447266,76.2699966430664,62.736507415771484,42977600
2012-01-11,75.94999694824219,76.66999816894531,75.87000274658203,76.56999969482422,62.9832878112793,33445800
2012-01-12,76.79000091552734,76.91999816894531,75.94000244140625,76.80000305175781,63.17245101928711,36131400
2012-01-13,76.18000030517578,76.4800033569336,75.5999984741211,76.38999938964844,62.835235595703125,42600400
2012-01-17,77.0999984741211,77.2699966430664,76.12999725341797,76.36000061035156,62.81053924560547,34518400
2012-01-18,76.31999969482422,77.7300033569336,76.1500015258789,77.72000122070312,63.92921829223633,49330800
2012-01-19,78.12999725341797,78.36000061035156,77.66000366210938,78.19999694824219,64.32403564453125,35830500
2012-01-20,78.0999984741211,78.51000213623047,77.9000015258789,78.25,64.36516571044922,42221200
2012-01-23,78.26000213623047,78.83999633789062,77.55000305175781,78.1500015258789,64.28292083740234,37481400
2012-01-24,77.68000030517578,78.75,77.2699966430664,78.5999984741211,64.6530532836914,49856900
2012-01-25,78.5999984741211,79.56999969482422,78.19000244140625,79.2699966430664,65.20417022705078,68272900
2012-01-26,79.86000061035156,79.91000366210938,78.75,79.18000030517578,65.13015747070312,52755700
2012-01-27,78.80000305175781,79.77999877929688,78.7699966430664,79.72000122070312,65.57437133789062,52203500
2012-01-30,79.08000183105469,79.43000030517578,78.5199966430664,79.0999984741211,65.06434631347656,46332400
2012-01-31,79.66000366210938,79.81999969482422,78.58000183105469,79.0199966430664,64.99857330322266,52024000
2012-02-01,79.76000213623047,80.9000015258789,79.47000122070312,80.72000122070312,66.39688873291016,67292200
2012-02-02,81.04000091552734,81.52999877929688,80.73999786376953,81.18000030517578,66.77527618408203,46400100
2012-02-03,82.47000122070312,83.22000122070312,82.23999786376953,82.94999694824219,68.2311782836914,72738000
2012-02-06,82.56999969482422,82.93000030517578,82.37000274658203,82.68000030517578,68.00911712646484,34516000
2012-02-07,82.61000061035156,82.98999786376953,82.08000183105469,82.62999725341797,67.96798706054688,41623400
2012-02-08,82.80000305175781,83.20999908447266,81.93000030517578,82.80999755859375,68.11604309082031,46697400
2012-02-09,83.0199966430664,83.02999877929688,81.83999633789062,82.4000015258789,67.77880859375,48712500
2012-02-10,81.5,81.66999816894531,81.08000183105469,81.2699966430664,66.84929656982422,42503000
2012-02-13,82.11000061035156,82.43000030517578,81.61000061035156,82.31999969482422,67.71299743652344,38574100
2012-02-14,81.91000366210938,82.12000274658203,81.36000061035156,81.94999694824219,67.40863037109375,49375200
2012-02-15,82.41999816894531,82.43000030517578,81.0,81.2699966430664,66.84929656982422,59836600
2012-02-16,81.31999969482422,82.9000015258789,81.27999877929688,82.80000305175781,68.10781860351562,61456800
2012-02-17,83.29000091552734,83.30999755859375,82.62999725341797,82.79000091552734,68.09959411621094,33292000
2012-02-21,82.91999816894531,83.04000091552734,81.83000183105469,82.2300033569336,67.63893127441406,39889400
2012-02-22,81.97000122070312,82.36000061035156,81.5,81.58000183105469,67.1042709350586,42626900
2012-02-23,81.70999908447266,82.8499984741211,81.26000213623047,82.80000305175781,68.10781860351562,53177500
2012-02-24,82.83000183105469,83.02999877929688,82.47000122070312,82.63999938964844,67.97618865966797,37607700
2012-02-27,81.83999633789062,82.94999694824219,81.25,82.5,67.86103820800781,51807700
2012-02-28,82.55000305175781,83.05999755859375,81.83999633789062,82.27999877929688,67.68009185791016,47680600
2012-02-29,82.55000305175781,82.95999908447266,80.97000122070312,81.05000305175781,66.66835021972656,64213200
2012-03-01,81.37999725341797,82.37000274658203,81.36000061035156,81.47000122070312,67.01383972167969,69526300
2012-03-02,81.41999816894531,81.63999938964844,79.83999633789062,80.25,66.0102767944336,70789500
2012-03-05,79.98999786376953,80.4000015258789,79.41999816894531,80.33999633789062,66.08430480957031,44334800
2012-03-06,79.41999816894531,79.62000274658203,78.41000366210938,78.73999786376953,64.76824188232422,80769300
2012-03-07,78.91000366210938,79.55999755859375,78.77999877929688,79.4800033569336,65.37691497802734,57456300
2012-03-08,80.0,80.69000244140625,79.3499984741211,80.51000213623047,66.22416687011719,43803100
2012-03-09,80.5199966430664,82.1500015258789,80.45999908447266,81.5999984741211,67.1207275390625,61462900
2012-03-12,81.73999786376953,81.93000030517578,81.05000305175781,81.44000244140625,66.98912811279297,34084200
2012-03-13,82.05999755859375,83.08999633789062,81.4000015258789,83.05999755859375,68.3216781616211,60998100
2012-03-14,82.95999908447266,83.2300033569336,82.01000213623047,82.37999725341797,67.76233673095703,46707700
2012-03-15,82.25,83.12000274658203,82.02999877929688,83.06999969482422,68.32991790771484,58740500
2012-03-16,83.22000122070312,83.2699966430664,82.6500015258789,83.0,68.27230072021484,42045800
2012-03-19,82.88999938964844,84.38999938964844,82.75,83.69999694824219,68.84812927246094,66822800
2012-03-20,83.12000274658203,83.30000305175781,82.58000183105469,82.94999694824219,68.2311782836914,43829100
2012-03-21,83.19999694824219,83.43000030517578,82.63999938964844,82.93000030517578,68.2147445678711,40504700
2012-03-22,82.08999633789062,82.45999908447266,81.62000274658203,82.12999725341797,67.55667877197266,60102900
2012-03-23,82.0,82.79000091552734,81.25,82.68000030517578,68.21755981445312,46464800
2012-03-26,83.73999786376953,84.45999908447266,83.62000274658203,84.4000015258789,69.63672637939453,56454000
2012-03-27,84.41999816894531,84.66000366210938,83.75,83.80999755859375,69.1499252319336,41730700
2012-03-28,83.80000305175781,84.0199966430664,82.61000061035156,83.31999969482422,68.74566650390625,48836000
2012-03-29,82.7300033569336,83.22000122070312,82.0199966430664,83.08000183105469,68.54761505126953,45615600
2012-03-30,83.58999633789062,83.5999984741211,82.52999877929688,82.80999755859375,68.32485961914062,45904700
2012-04-02,82.54000091552734,83.86000061035156,82.37999725341797,83.83000183105469,69.16643524169922,52756800
2012-04-03,83.66000366210938,84.0,82.93000030517578,83.2699966430664,68.70436096191406,52012300
2012-04-04,82.37000274658203,82.43000030517578,81.44999694824219,81.94000244140625,67.60702514648438,65172400
2012-04-05,81.5999984741211,82.0,81.41999816894531,81.58000183105469,67.3099594116211,31978700
2012-04-09,80.08999633789062,80.56999969482422,79.8499984741211,80.23999786376953,66.20440673828125,50062200
2012-04-10,79.91999816894531,80.16000366210938,78.13999938964844,78.3499984741211,64.64494323730469,101228600
2012-04-11,79.01000213623047,79.56999969482422,78.8499984741211,79.45999908447266,65.56083679199219,54346800
2012-04-12,79.54000091552734,80.91000366210938,79.44000244140625,80.5999984741211,66.50142669677734,60728700
2012-04-13,80.37999725341797,80.41000366210938,79.43000030517578,79.54000091552734,65.62684631347656,53965200
2012-04-16,79.88999938964844,80.19999694824219,78.87999725341797,79.66999816894531,65.73408508300781,44725900
2012-04-17,80.33000183105469,81.55000305175781,80.2699966430664,80.81999969482422,66.68292999267578,46737700
2012-04-18,80.41000366210938,80.66999816894531,79.83000183105469,80.20999908447266,66.17964172363281,49008100
2012-04-19,80.31999969482422,80.98999786376953,79.25,79.75,65.80008697509766,74260400
2012-04-20,80.27999877929688,80.97000122070312,80.05999755859375,80.20999908447266,66.17964172363281,46632000
2012-04-23,78.9800033569336,79.16000366210938,78.30999755859375,79.0999984741211,65.26377868652344,62477000
2012-04-24,79.12999725341797,79.93000030517578,78.86000061035156,79.69999694824219,65.75883483886719,44810200
2012-04-25,80.75,81.37000274658203,80.52999877929688,80.94000244140625,66.78194427490234,50263300
2012-04-26,80.94999694824219,81.87000274658203,80.81999969482422,81.73999786376953,67.44198608398438,43147600
2012-04-27,81.9800033569336,82.52999877929688,81.02999877929688,82.37999725341797,67.97005462646484,46796400
2012-04-30,82.3499984741211,82.36000061035156,81.43000030517578,81.47000122070312,67.21924591064453,38093600
2012-05-01,81.55999755859375,82.97000122070312,81.29000091552734,81.55000305175781,67.28523254394531,60493600
2012-05-02,80.91000366210938,81.81999969482422,80.56999969482422,81.7699966430664,67.46676635742188,52095800
2012-05-03,81.66000366210938,81.76000213623047,80.16999816894531,80.62000274658203,66.51793670654297,61487800
2012-05-04,80.06999969482422,80.55000305175781,78.94000244140625,79.08999633789062,65.25557708740234,75093300
2012-05-07,78.76000213623047,79.5999984741211,78.62000274658203,79.30000305175781,65.42884826660156,47361400
2012-05-08,78.69000244140625,79.30000305175781,77.97000122070312,79.25,65.38756561279297,62939600
2012-05-09,78.25,79.26000213623047,77.97000122070312,78.80000305175781,65.01628112792969,64431000
2012-05-10,79.31999969482422,79.55000305175781,78.62999725341797,79.0999984741211,65.26377868652344,45697800
2012-05-11,78.44999694824219,79.55999755859375,78.41999816894531,78.9000015258789,65.09880065917969,44862900
2012-05-14,78.08999633789062,78.45999908447266,77.61000061035156,77.8499984741211,64.23243713378906,51220200
2012-05-15,77.83000183105469,78.48999786376953,77.47000122070312,77.70999908447266,64.11695098876953,54317800
2012-05-16,77.9800033569336,78.38999938964844,77.0999984741211,77.1500015258789,63.654903411865234,52659400
2012-05-17,77.22000122070312,77.3499984741211,75.36000061035156,75.4000015258789,62.211002349853516,71665100
2012-05-18,75.38999938964844,75.91000366210938,74.48999786376953,74.69000244140625,61.625186920166016,77636200
2012-05-21,74.93000030517578,76.44999694824219,74.41000366210938,76.44999694824219,63.07736587524414,61384400
2012-05-22,76.41999816894531,77.02999877929688,75.47000122070312,75.98999786376953,62.69780349731445,59678300
2012-05-23,75.25,76.63999938964844,74.69000244140625,76.4800033569336,63.1020622253418,66981800
2012-05-24,76.43000030517578,76.73999786376953,75.55000305175781,76.63999938964844,63.23409652709961,54576500
2012-05-25,76.69999694824219,76.88999938964844,76.2699966430664,76.58999633789062,63.19285202026367,33847700
2012-05-29,77.33000183105469,77.91000366210938,76.76000213623047,77.69999694824219,64.10869598388672,51160000
2012-05-30,76.9000015258789,77.04000091552734,76.11000061035156,76.20999908447266,62.87931823730469,47891500
2012-05-31,76.2699966430664,76.58999633789062,75.06999969482422,76.11000061035156,62.796817779541016,59563900
2012-06-01,74.4000015258789,75.01000213623047,73.70999908447266,73.81999969482422,60.90739059448242,76127100
2012-06-04,74.08999633789062,74.3499984741211,72.94000244140625,73.6500015258789,60.76710510253906,50123200
2012-06-05,73.26000213623047,74.66999816894531,73.20999908447266,74.5999984741211,61.550960540771484,48270600
2012-06-06,75.19000244140625,76.51000213623047,75.02999877929688,76.44000244140625,63.069087982177734,48638400
2012-06-07,77.66000366210938,77.72000122070312,75.94000244140625,75.94000244140625,62.65656661987305,57907100
2012-06-08,75.9000015258789,77.05999755859375,75.3499984741211,76.97000122070312,63.50636291503906,50420100
2012-06-11,77.79000091552734,77.86000061035156,75.08999633789062,75.2699966430664,62.10373306274414,52803000
2012-06-12,75.44000244140625,76.26000213623047,74.77999877929688,76.22000122070312,62.88755798339844,56599400
2012-06-13,76.08999633789062,76.54000091552734,75.0,75.33999633789062,62.16150665283203,62715800
2012-06-14,75.37999725341797,76.47000122070312,75.16000366210938,76.19999694824219,62.87106704711914,53619000
2012-06-15,76.3499984741211,77.31999969482422,76.0999984741211,77.22000122070312,63.71267318725586,57935000
2012-06-18,76.5999984741211,77.5999984741211,76.3499984741211,77.30999755859375,63.78690719604492,45656600
2012-06-19,77.6500015258789,79.08000183105469,77.54000091552734,78.6500015258789,64.89249420166016,66897000
2012-06-20,78.66999816894531,79.08000183105469,77.9800033569336,78.52999877929688,64.79350280761719,54642300
2012-06-21,78.37000274658203,78.52999877929688,76.48999786376953,76.62000274658203,63.21760559082031,62486400
2012-06-22,77.06999969482422,77.73999786376953,76.6500015258789,77.48999786376953,63.93541717529297,41001200
2012-06-25,76.4000015258789,77.5999984741211,76.0,76.27999877929688,62.937095642089844,48620100
2012-06-26,76.08999633789062,76.58000183105469,75.41999816894531,76.19999694824219,63.18334197998047,42495600
2012-06-27,76.43000030517578,77.45999908447266,76.36000061035156,77.44000244140625,64.21154022216797,38510400
2012-06-28,76.77999877929688,77.37000274658203,76.12000274658203,77.30999755859375,64.10372161865234,58183700
2012-06-29,78.94000244140625,79.7300033569336,78.55999755859375,79.55999755859375,65.9693603515625,71660200
2012-07-02,79.91999816894531,80.51000213623047,79.27999877929688,80.4800033569336,66.73222351074219,53370400
2012-07-03,80.55999755859375,81.5999984741211,80.43000030517578,81.52999877929688,67.60285949707031,32322500
2012-07-05,81.62000274658203,81.83999633789062,81.02999877929688,81.44000244140625,67.5282211303711,42819900
2012-07-06,80.7699966430664,80.83000183105469,80.1500015258789,80.52999877929688,66.7737045288086,38530600
2012-07-09,80.41999816894531,80.52999877929688,79.86000061035156,80.22000122070312,66.51663970947266,34636100
2012-07-10,80.80999755859375,80.95999908447266,78.9800033569336,79.33000183105469,65.77863311767578,49990800
2012-07-11,79.38999938964844,79.6500015258789,78.55000305175781,79.05999755859375,65.5547866821289,40171300
2012-07-12,78.44000244140625,79.0999984741211,77.58999633789062,78.79000091552734,65.3309326171875,55502600
2012-07-13,79.06999969482422,80.08999633789062,79.0199966430664,79.7699966430664,66.1435546875,42114800
2012-07-16,79.62000274658203,79.87999725341797,79.11000061035156,79.44999694824219,65.878173828125,31922600
2012-07-17,79.9800033569336,80.1500015258789,78.6500015258789,79.7300033569336,66.1103286743164,43662500
2012-07-18,79.5999984741211,80.70999908447266,79.55000305175781,80.22000122070312,66.51663970947266,46045000
2012-07-19,80.55000305175781,80.73999786376953,79.80999755859375,79.94999694824219,66.29275512695312,49405400
2012-07-20,79.33000183105469,79.45999908447266,78.80999755859375,78.93000030517578,65.447021484375,42314300
2012-07-23,77.51000213623047,78.02999877929688,77.18000030517578,77.66999816894531,64.40222930908203,47367200
2012-07-24,77.94999694824219,77.9800033569336,76.22000122070312,76.6500015258789,63.55646896362305,55609200
2012-07-25,77.0,77.37999725341797,76.47000122070312,76.81999969482422,63.697425842285156,37217500
2012-07-26,77.9800033569336,78.18000030517578,77.0,77.4800033569336,64.24470520019531,44745100
2012-07-27,77.83000183105469,79.72000122070312,77.38999938964844,79.31999969482422,65.7703857421875,67297100
2012-07-30,79.5199966430664,79.91000366210938,78.73999786376953,79.05000305175781,65.54649353027344,34785200
2012-07-31,78.7300033569336,79.47000122070312,78.3499984741211,78.3499984741211,64.96602630615234,48933500
2012-08-01,78.91000366210938,79.0,77.04000091552734,77.05999755859375,63.89645004272461,63601100
2012-08-02,76.2699966430664,77.30999755859375,76.25,76.77999877929688,63.66426467895508,43374800
2012-08-03,77.94000244140625,79.0199966430664,77.6500015258789,78.61000061035156,65.18164825439453,52414100
2012-08-06,78.69999694824219,79.62999725341797,78.58999633789062,79.22000122070312,65.68744659423828,34662800
2012-08-07,79.8499984741211,80.56999969482422,79.63999938964844,79.94000244140625,66.28450012207031,50064000
2012-08-08,79.5999984741211,80.19000244140625,79.54000091552734,79.81999969482422,66.18496704101562,28011700
2012-08-09,79.76000213623047,80.38999938964844,79.69000244140625,80.19999694824219,66.50006103515625,24045900
2012-08-10,79.7699966430664,80.05000305175781,79.5,79.91999816894531,66.26788330078125,26068400
2012-08-13,79.80000305175781,80.01000213623047,78.88999938964844,79.79000091552734,66.16007232666016,31544800
2012-08-14,80.30000305175781,80.41999816894531,79.2699966430664,79.5999984741211,66.00253295898438,26052900
2012-08-15,79.37999725341797,80.30000305175781,79.30999755859375,80.30000305175781,66.58295440673828,27061400
2012-08-16,80.18000030517578,81.30000305175781,79.83000183105469,81.13999938964844,67.27948760986328,46037700
2012-08-17,81.22000122070312,81.86000061035156,80.98999786376953,81.70999908447266,67.75211334228516,33453500
2012-08-20,81.58999633789062,81.66000366210938,80.9800033569336,81.52999877929688,67.60285949707031,32657000
2012-08-21,81.93000030517578,82.70999908447266,81.19000244140625,81.4800033569336,67.5614013671875,43743800
2012-08-22,81.2699966430664,81.5,80.79000091552734,81.08999633789062,67.2380142211914,37611400
2012-08-23,81.05999755859375,81.05999755859375,80.19999694824219,80.5199966430664,66.7653579711914,32208500
2012-08-24,80.33999633789062,81.06999969482422,80.11000061035156,80.73999786376953,66.94780731201172,25676100
2012-08-27,81.2300033569336,81.41000366210938,80.58000183105469,80.9800033569336,67.14680480957031,23628400
2012-08-28,80.97000122070312,81.51000213623047,80.75,81.3499984741211,67.45359802246094,28505600
2012-08-29,81.5199966430664,81.95999908447266,81.13999938964844,81.5999984741211,67.6609115600586,30858800
2012-08-30,81.18000030517578,81.25,80.63999938964844,80.79000091552734,66.98925018310547,24562900
2012-08-31,81.4800033569336,81.52999877929688,80.33999633789062,81.12000274658203,67.26290893554688,34088500
2012-09-04,81.18000030517578,82.4000015258789,80.55000305175781,82.11000061035156,68.08379364013672,69560700
2012-09-05,82.19999694824219,82.51000213623047,81.8499984741211,82.12999725341797,68.1003646850586,35103700
2012-09-06,82.58000183105469,83.94000244140625,82.5199966430664,83.63999938964844,69.35243225097656,46332500
2012-09-07,83.86000061035156,84.4000015258789,83.69999694824219,84.26000213623047,69.86652374267578,32012900
2012-09-10,84.18000030517578,84.44999694824219,83.79000091552734,83.87999725341797,69.55143737792969,30671300
2012-09-11,83.88999938964844,84.55999755859375,83.83000183105469,84.05999755859375,69.70067596435547,33164100
2012-09-12,84.48999786376953,84.6500015258789,83.9000015258789,84.48999786376953,70.05723571777344,29751700
2012-09-13,84.63999938964844,86.1500015258789,84.19000244140625,85.5999984741211,70.97761535644531,69437600
2012-09-14,85.86000061035156,86.95999908447266,85.83000183105469,86.4000015258789,71.6409912109375,46040200
2012-09-17,85.9800033569336,86.22000122070312,85.56999969482422,86.0,71.30925750732422,30183000
2012-09-18,85.73999786376953,85.9000015258789,85.36000061035156,85.72000122070312,71.07707977294922,32991100
2012-09-19,85.94000244140625,86.02999877929688,85.41000366210938,85.56999969482422,70.95272827148438,29342000
2012-09-20,85.13999938964844,85.4000015258789,84.61000061035156,85.19000244140625,70.63761901855469,34939800
2012-09-21,86.04000091552734,86.08000183105469,85.47000122070312,85.5,70.89468383789062,38826000
2012-09-24,84.88999938964844,85.43000030517578,84.5999984741211,84.88999938964844,70.66326904296875,54635300
2012-09-25,85.43000030517578,85.51000213623047,83.58000183105469,83.66999816894531,69.64775085449219,74752200
2012-09-26,83.8499984741211,83.93000030517578,82.83999633789062,83.13999938964844,69.20653533935547,42167400
2012-09-27,83.48999786376953,84.3499984741211,83.06999969482422,84.04000091552734,69.9557113647461,33252800
2012-09-28,83.77999877929688,84.0,83.26000213623047,83.44000244140625,69.45630645751953,43944300
2012-10-01,83.95999908447266,84.54000091552734,83.30999755859375,83.72000122070312,69.68936157226562,43705600
2012-10-02,84.1500015258789,84.23999786376953,83.37000274658203,83.87999725341797,69.82256317138672,25792500
2012-10-03,83.94000244140625,84.22000122070312,83.16999816894531,83.63999938964844,69.6227798461914,38568500
2012-10-04,83.95999908447266,84.26000213623047,83.19999694824219,84.20999908447266,70.09725952148438,43327200
2012-10-05,84.58000183105469,85.25,83.83999633789062,84.11000061035156,70.01400756835938,40981400
2012-10-08,83.62000274658203,83.9000015258789,83.38999938964844,83.58000183105469,69.57283020019531,21062200
2012-10-09,83.62000274658203,83.69999694824219,82.44000244140625,82.5999984741211,68.7570571899414,45221200
2012-10-10,82.66999816894531,82.83000183105469,82.18000030517578,82.47000122070312,68.64887237548828,32465600
2012-10-11,83.0999984741211,83.44000244140625,82.5999984741211,82.7699966430664,68.89857482910156,38978500
2012-10-12,82.73999786376953,83.0199966430664,81.91000366210938,82.0999984741211,68.34085845947266,31847100
2012-10-15,82.33999633789062,82.63999938964844,81.76000213623047,82.63999938964844,68.79034423828125,34413700
2012-10-16,83.08000183105469,83.36000061035156,82.87999725341797,83.25,69.29811096191406,29234800
2012-10-17,83.41999816894531,84.1500015258789,83.25,84.0,69.9224624633789,35466500
2012-10-18,83.94000244140625,84.1500015258789,83.44999694824219,83.54000091552734,69.5395278930664,31431700
2012-10-19,82.8499984741211,82.87999725341797,81.47000122070312,81.8499984741211,68.13275146484375,53565500
2012-10-22,81.63999938964844,81.97000122070312,81.3499984741211,81.83000183105469,68.11610412597656,30682000
2012-10-23,81.1500015258789,81.52999877929688,80.43000030517578,81.41999816894531,67.77481079101562,40737600
2012-10-24,81.69999694824219,81.8499984741211,80.91000366210938,81.19999694824219,67.59168243408203,24472200
2012-10-25,81.87999725341797,82.13999938964844,80.87000274658203,81.52999877929688,67.86638641357422,27794000
2012-10-26,81.44000244140625,81.9000015258789,80.45999908447266,81.13999938964844,67.54175567626953,41402800
2012-10-31,81.16000366210938,81.6500015258789,80.87999725341797,81.62999725341797,67.9496078491211,24879800
2012-11-01,81.81999969482422,82.70999908447266,81.5199966430664,82.48999786376953,68.66551971435547,77113300
2012-11-02,82.88999938964844,82.94999694824219,81.16999816894531,81.19000244140625,67.58336639404297,39322100
2012-11-05,81.18000030517578,81.83999633789062,80.91999816894531,81.7300033569336,68.03287506103516,26861600
2012-11-06,82.02999877929688,82.56999969482422,81.97000122070312,82.33999633789062,68.54063415527344,27342500
2012-11-07,81.37000274658203,81.37000274658203,79.91000366210938,80.33999633789062,66.87583923339844,65095500
2012-11-08,80.16999816894531,80.5,79.1500015258789,79.20999908447266,65.9351806640625,42653100
2012-11-09,78.87000274658203,79.97000122070312,78.69999694824219,79.37999725341797,66.07670593261719,33030000
2012-11-12,79.55999755859375,79.66000366210938,79.02999877929688,79.1500015258789,65.88524627685547,20155100
2012-11-13,78.79000091552734,79.55999755859375,78.58000183105469,78.69999694824219,65.51066589355469,34408200
2012-11-14,78.87999725341797,79.0999984741211,77.05999755859375,77.23999786376953,64.29534149169922,54653100
2012-11-15,77.08999633789062,77.48999786376953,76.29000091552734,76.83999633789062,63.96241760253906,55966400
2012-11-16,76.77999877929688,77.68000030517578,76.12999725341797,77.4800033569336,64.4951400756836,62748300
2012-11-19,78.31999969482422,79.18000030517578,78.22000122070312,79.12000274658203,65.86027526855469,45621100
2012-11-20,78.9800033569336,79.3499984741211,78.63999938964844,79.26000213623047,65.9768295288086,36928500
2012-11-21,79.41000366210938,79.7300033569336,79.12999725341797,79.68000030517578,66.32645416259766,19254500
2012-11-23,79.9000015258789,80.55999755859375,79.86000061035156,80.47000122070312,66.98401641845703,20093300
2012-11-26,80.3499984741211,80.79000091552734,80.06999969482422,80.7300033569336,67.2004623413086,31180700
2012-11-27,80.68000030517578,81.2300033569336,80.56999969482422,80.62999725341797,67.11722564697266,39942000
2012-11-28,80.31999969482422,81.30999755859375,79.62999725341797,81.30999755859375,67.6832504272461,51316900
2012-11-29,81.94999694824219,82.41000366210938,81.62000274658203,82.23999786376953,68.45742797851562,53043500
2012-11-30,82.4000015258789,82.41000366210938,81.7300033569336,82.08000183105469,68.32421875,35722500
2012-12-03,82.70999908447266,82.76000213623047,81.75,81.98999786376953,68.2492904663086,24959800
2012-12-04,82.06999969482422,82.31999969482422,81.45999908447266,82.08999633789062,68.33252716064453,37225000
2012-12-05,82.4800033569336,82.51000213623047,81.4000015258789,81.98999786376953,68.2492904663086,40376100
2012-12-06,81.9800033569336,82.30999755859375,81.61000061035156,82.12000274658203,68.35752868652344,31829500
2012-12-07,82.5,82.55000305175781,81.83000183105469,82.18000030517578,68.4074478149414,24123400
2012-12-10,82.37000274658203,82.66000366210938,82.20999908447266,82.54000091552734,68.70711517333984,29173000
2012-12-11,83.11000061035156,83.55999755859375,82.91999816894531,83.41000366210938,69.43132781982422,40262100
2012-12-12,83.66999816894531,83.80000305175781,82.7699966430664,82.94000244140625,69.04011535644531,40570000
2012-12-13,82.9800033569336,83.20999908447266,82.11000061035156,82.41000366210938,68.59890747070312,33439300
2012-12-14,82.22000122070312,82.80999755859375,82.12000274658203,82.36000061035156,68.55728912353516,28508000
2012-12-17,82.68000030517578,83.52999877929688,82.5199966430664,83.5199966430664,69.52287292480469,35849400
2012-12-18,83.70999908447266,84.7699966430664,83.48999786376953,84.66000366210938,70.47183990478516,53500700
2012-12-19,84.08000183105469,84.5199966430664,83.76000213623047,84.12000274658203,70.62882232666016,49010900
2012-12-20,84.13999938964844,84.61000061035156,83.8499984741211,84.54000091552734,70.98149871826172,50304600
2012-12-21,83.2699966430664,84.19000244140625,83.08000183105469,84.19000244140625,70.68760681152344,54923200
2012-12-24,83.88999938964844,83.97000122070312,83.51000213623047,83.77999877929688,70.34339141845703,10103000
2012-12-26,83.97000122070312,84.01000213623047,83.08000183105469,83.18000030517578,69.83959197998047,24671600
2012-12-27,83.26000213623047,83.43000030517578,82.05000305175781,83.12000274658203,69.7892074584961,35567700
2012-12-28,82.69000244140625,83.37000274658203,82.5199966430664,82.52999877929688,69.2938461303711,34262200
2012-12-31,82.66000366210938,84.43000030517578,82.3499984741211,84.31999969482422,70.7967529296875,67461100
2013-01-02,86.33999633789062,86.91000366210938,86.04000091552734,86.80000305175781,72.8790283203125,116410600
2013-01-03,86.8499984741211,87.27999877929688,86.37000274658203,86.5999984741211,72.71111297607422,45872900
2013-01-04,87.01000213623047,87.44000244140625,86.66000366210938,87.23999786376953,73.24847412109375,29852500
2013-01-07,86.80000305175781,87.06999969482422,86.62000274658203,86.91000366210938,72.9714126586914,23693400
2013-01-08,86.87999725341797,87.01000213623047,86.38999938964844,86.8499984741211,72.92100524902344,23760000
2013-01-09,87.0199966430664,87.3499984741211,86.95999908447266,87.2699966430664,73.27364349365234,27425500
2013-01-10,87.61000061035156,87.69000244140625,86.94999694824219,87.47000122070312,73.44156646728516,39753000
2013-01-11,87.4000015258789,87.54000091552734,87.0,87.33999633789062,73.33242797851562,27322400
2013-01-14,87.16000366210938,87.5199966430664,87.05000305175781,87.38999938964844,73.37437438964844,24351900
2013-01-15,86.83000183105469,87.88999938964844,86.7699966430664,87.7699966430664,73.69347381591797,34704100
2013-01-16,87.56999969482422,87.75,87.30000305175781,87.51000213623047,73.47515106201172,20881400
2013-01-17,87.91000366210938,88.51000213623047,87.83000183105469,88.31999969482422,74.1552734375,34219400
2013-01-18,88.33999633789062,88.62000274658203,88.11000061035156,88.56999969482422,74.36515045166016,23256900
2013-01-22,88.63999938964844,89.26000213623047,88.37999725341797,89.20999908447266,74.9024887084961,31589000
2013-01-23,89.23999786376953,89.29000091552734,88.91000366210938,89.0,74.72621154785156,32818900
2013-01-24,89.1500015258789,89.8499984741211,88.93000030517578,89.29000091552734,74.96967315673828,39814600
2013-01-25,89.7300033569336,89.94000244140625,89.29000091552734,89.94000244140625,75.51545715332031,34620300
2013-01-28,90.01000213623047,90.2300033569336,89.37999725341797,90.0,75.5657958984375,42633600
2013-01-29,89.95999908447266,90.16000366210938,89.6500015258789,90.05000305175781,75.60780334472656,37055100
2013-01-30,89.97000122070312,90.0199966430664,88.69000244140625,88.97000122070312,74.70100402832031,39299300
2013-01-31,88.87000274658203,89.68000030517578,88.76000213623047,89.58000183105469,75.21318054199219,36924200
2013-02-01,89.95999908447266,90.69999694824219,89.8499984741211,90.37000274658203,75.87648010253906,33925100
2013-02-04,89.81999969482422,90.18000030517578,89.1500015258789,89.27999877929688,74.96127319335938,27006300
2013-02-05,89.70999908447266,90.37999725341797,89.58999633789062,90.08000183105469,75.63299560546875,26551000
2013-02-06,89.6500015258789,90.5199966430664,89.56999969482422,90.45999908447266,75.95203399658203,24297800
2013-02-07,90.38999938964844,90.55000305175781,89.55000305175781,90.16000366210938,75.70014190673828,30206500
2013-02-08,90.27999877929688,90.86000061035156,90.23999786376953,90.80000305175781,76.23750305175781,25189600
2013-02-11,90.70999908447266,90.75,90.26000213623047,90.69999694824219,76.15353393554688,15722100
2013-02-12,90.73999786376953,91.23999786376953,90.68000030517578,91.0999984741211,76.48936462402344,19792700
2013-02-13,91.19000244140625,91.55000305175781,90.9800033569336,91.4800033569336,76.8084716796875,22591300
2013-02-14,91.18000030517578,91.87999725341797,91.16000366210938,91.70999908447266,77.0016098022461,22359300
2013-02-15,91.66999816894531,92.02999877929688,91.47000122070312,91.73999786376953,77.02672576904297,29339100
2013-02-19,91.87999725341797,92.55999755859375,91.87000274658203,92.55000305175781,77.70685577392578,21162300
2013-02-20,92.62999725341797,92.68000030517578,90.73999786376953,90.83000183105469,76.26268768310547,41753800
2013-02-21,90.7699966430664,90.81999969482422,89.37000274658203,89.94999694824219,75.52381134033203,45067400
2013-02-22,90.41000366210938,91.02999877929688,90.37000274658203,91.02999877929688,76.43059539794922,24762300
2013-02-25,91.5,91.52999877929688,88.97000122070312,89.0199966430664,74.74298858642578,53492800
2013-02-26,89.41000366210938,89.77999877929688,88.79000091552734,89.37000274658203,75.03682708740234,47522800
2013-02-27,89.36000061035156,90.8499984741211,89.30999755859375,90.30999755859375,75.82608795166016,41192300
2013-02-28,90.30000305175781,91.05000305175781,90.18000030517578,90.4800033569336,75.96882629394531,31208800
2013-03-01,89.87999725341797,91.05999755859375,89.20999908447266,90.88999938964844,76.31306457519531,49278200
2013-03-04,90.66999816894531,91.16999816894531,90.19999694824219,91.12999725341797,76.51458740234375,27577000
2013-03-05,91.61000061035156,92.3499984741211,91.5999984741211,92.19000244140625,77.4045639038086,35612300
2013-03-06,92.47000122070312,92.5999984741211,92.12000274658203,92.43000030517578,77.60606384277344,28483000
2013-03-07,92.4800033569336,92.94000244140625,92.31999969482422,92.87000274658203,77.97552490234375,27907700
2013-03-08,93.5999984741211,93.75,92.91999816894531,93.7300033569336,78.69761657714844,38066100
2013-03-11,93.41999816894531,93.75,93.33000183105469,93.69999694824219,78.6723861694336,26716100
2013-03-12,93.4800033569336,93.75,93.18000030517578,93.51000213623047,78.51287078857422,21489000
2013-03-13,93.54000091552734,94.0199966430664,93.25,93.86000061035156,78.80673217773438,28662200
2013-03-14,94.02999877929688,94.80999755859375,93.87000274658203,94.80000305175781,79.59599304199219,24747300
2013-03-15,94.6500015258789,94.95999908447266,94.38999938964844,94.75,79.55400085449219,35361700
2013-03-18,93.73999786376953,94.61000061035156,93.66999816894531,94.2300033569336,79.1174087524414,36700800
2013-03-19,94.41000366210938,94.70999908447266,93.01000213623047,93.83000183105469,78.78153228759766,51516400
2013-03-20,94.36000061035156,94.73999786376953,94.26000213623047,94.69999694824219,79.51200866699219,27958600
2013-03-21,94.04000091552734,94.47000122070312,93.54000091552734,93.87000274658203,78.81511688232422,37122600
2013-03-22,94.25,94.37000274658203,93.94000244140625,94.16000366210938,79.05862426757812,33429900
2013-03-25,94.12000274658203,94.72000122070312,93.27999877929688,93.94999694824219,79.1041030883789,36680500
2013-03-26,94.33999633789062,94.48999786376953,93.75,94.25,79.3567123413086,26348000
2013-03-27,93.6500015258789,94.37999725341797,93.23999786376953,94.30999755859375,79.40718078613281,28461800
2013-03-28,94.2699966430664,94.66000366210938,94.13999938964844,94.43000030517578,79.50823211669922,24160700
2013-04-01,94.2699966430664,94.47000122070312,92.70999908447266,93.16000366210938,78.43893432617188,59660300
2013-04-02,93.77999877929688,93.91999816894531,92.5,92.58000183105469,77.95059204101562,47917200
2013-04-03,92.94000244140625,92.9800033569336,90.91999816894531,91.12999725341797,76.7297134399414,65441400
2013-04-04,91.26000213623047,91.94000244140625,90.95999908447266,91.91000366210938,77.38644409179688,37706300
2013-04-05,90.5199966430664,91.75,90.41999816894531,91.7300033569336,77.23487854003906,46418300
2013-04-08,91.98999786376953,92.5199966430664,91.33000183105469,92.48999786376953,77.87479400634766,28886500
2013-04-09,92.63999938964844,92.83000183105469,92.04000091552734,92.22000122070312,77.64749145507812,36828400
2013-04-10,92.51000213623047,94.0999984741211,92.44999694824219,93.88999938964844,79.05355834960938,50119600
2013-04-11,93.83000183105469,94.56999969482422,93.75,94.0199966430664,79.16302490234375,32619000
2013-04-12,93.69999694824219,93.94000244140625,92.91999816894531,93.63999938964844,78.84308624267578,41931800
2013-04-15,93.05999755859375,93.1500015258789,89.79000091552734,90.11000061035156,75.87088012695312,100204000
2013-04-16,90.80999755859375,91.80000305175781,90.48999786376953,91.66999816894531,77.18438720703125,58061700
2013-04-17,90.91999816894531,91.0199966430664,89.2300033569336,90.08000183105469,75.84565734863281,77710600
2013-04-18,90.1500015258789,90.37000274658203,89.12999725341797,89.58000183105469,75.42465209960938,58516600
2013-04-19,89.95999908447266,90.69000244140625,89.20999908447266,90.61000061035156,76.29187774658203,44931600
2013-04-22,90.69999694824219,91.06999969482422,89.19999694824219,90.87000274658203,76.51080322265625,49190300
2013-04-23,91.5999984741211,92.33999633789062,90.86000061035156,92.30999755859375,77.7232437133789,55313200
2013-04-24,92.29000091552734,92.86000061035156,91.93000030517578,92.79000091552734,78.12739562988281,41020800
2013-04-25,93.02999877929688,93.9000015258789,92.88999938964844,93.4000015258789,78.6409912109375,36543300
2013-04-26,93.08999633789062,93.36000061035156,92.5,92.9000015258789,78.22003173828125,32405600
2013-04-29,93.30999755859375,93.77999877929688,93.06999969482422,93.56999969482422,78.7841567993164,20791400
2013-04-30,93.58000183105469,94.13999938964844,93.16999816894531,94.0999984741211,79.23041534423828,30488500
2013-05-01,93.80999755859375,93.9000015258789,91.76000213623047,91.81999969482422,77.31068420410156,120177800
2013-05-02,92.33999633789062,93.47000122070312,92.16999816894531,93.27999877929688,78.53996276855469,38830300
2013-05-03,94.52999877929688,95.47000122070312,94.3499984741211,94.76000213623047,79.78609466552734,51981000
2013-05-06,94.83000183105469,95.5,94.73999786376953,95.37000274658203,80.29972839355469,26893800
2013-05-07,95.51000213623047,96.16999816894531,95.12999725341797,96.1500015258789,80.95645904541016,29920800
2013-05-08,95.93000030517578,96.47000122070312,95.68000030517578,96.43000030517578,81.19220733642578,37669300
2013-05-09,96.30000305175781,96.51000213623047,95.75,96.0999984741211,80.91436767578125,32331100
2013-05-10,96.20999908447266,96.93000030517578,96.06999969482422,96.83000183105469,81.52899169921875,39288900
2013-05-13,96.73999786376953,97.12000274658203,96.43000030517578,96.76000213623047,81.4700698852539,22522300
2013-05-14,96.94000244140625,98.02999877929688,96.93000030517578,98.0,82.51411437988281,33539600
2013-05-15,97.80000305175781,98.66999816894531,97.69000244140625,98.19999694824219,82.6825180053711,34000200
2013-05-16,98.02999877929688,98.55999755859375,97.69999694824219,97.94999694824219,82.47200775146484,42053300
2013-05-17,98.4000015258789,99.06999969482422,97.95999908447266,99.05000305175781,83.39820098876953,35675100
2013-05-20,98.76000213623047,99.5999984741211,98.75,99.20999908447266,83.53291320800781,25027400
2013-05-21,99.19999694824219,99.55000305175781,98.87999725341797,99.2300033569336,83.54976654052734,23596700
2013-05-22,99.41000366210938,100.37999725341797,97.11000061035156,97.77999877929688,82.3288803100586,68650700
2013-05-23,96.6500015258789,97.93000030517578,96.51000213623047,97.9000015258789,82.42993927001953,44524500
2013-05-24,97.30000305175781,97.94999694824219,96.70999908447266,97.87999725341797,82.41307067871094,33332500
2013-05-28,99.19999694824219,100.0999984741211,98.4800033569336,99.1500015258789,83.48239135742188,46121100
2013-05-29,98.55000305175781,99.18000030517578,97.37000274658203,98.2300033569336,82.70773315429688,40491500
2013-05-30,98.5,99.12999725341797,98.30999755859375,98.88999938964844,83.26349639892578,30620300
2013-05-31,98.37999725341797,99.0199966430664,97.7699966430664,97.80000305175781,82.3457260131836,38953700
2013-06-03,98.13999938964844,98.83999633789062,97.02999877929688,98.7300033569336,83.12875366210938,87088500
2013-06-04,98.68000030517578,99.19999694824219,96.91999816894531,97.68000030517578,82.2446517944336,68206900
2013-06-05,97.55999755859375,97.70999908447266,96.1500015258789,96.43000030517578,81.19220733642578,58967500
2013-06-06,96.36000061035156,97.44999694824219,95.7300033569336,97.44999694824219,82.05101776123047,46335300
2013-06-07,97.9000015258789,98.44999694824219,97.2699966430664,98.19999694824219,82.6825180053711,44757500
2013-06-10,98.63999938964844,98.80000305175781,97.80999755859375,98.80000305175781,83.18769073486328,32136500
2013-06-11,97.68000030517578,98.47000122070312,96.86000061035156,97.7300033569336,82.28680419921875,43461300
2013-06-12,98.33000183105469,98.4800033569336,96.62999725341797,96.76000213623047,81.4700698852539,58446900
2013-06-13,96.7300033569336,98.69999694824219,96.37000274658203,98.47000122070312,82.90985107421875,47768600
2013-06-14,98.27999877929688,98.63999938964844,97.41999816894531,97.70999908447266,82.26994323730469,37838400
2013-06-17,98.58999633789062,98.86000061035156,97.76000213623047,98.3499984741211,82.80879974365234,33308600
2013-06-18,98.5199966430664,99.80000305175781,98.33000183105469,99.51000213623047,83.78551483154297,40520200
2013-06-19,99.51000213623047,99.69999694824219,98.16000366210938,98.29000091552734,82.75830841064453,43193500
2013-06-20,96.70999908447266,98.20999908447266,95.29000091552734,95.69000244140625,80.56913757324219,76262300
2013-06-21,95.63999938964844,96.18000030517578,94.62999725341797,95.97000122070312,80.80492401123047,66115300
2013-06-24,94.91000366210938,95.5199966430664,93.83000183105469,94.70999908447266,79.74401092529297,58774600
2013-06-25,95.58999633789062,95.83999633789062,94.87000274658203,95.62000274658203,80.51017761230469,32418400
2013-06-26,96.5199966430664,96.62999725341797,95.6500015258789,96.06999969482422,80.88907623291016,33752300
2013-06-27,96.6500015258789,97.73999786376953,96.61000061035156,97.55999755859375,82.14363098144531,40852300
2013-06-28,97.4000015258789,97.95999908447266,96.8499984741211,97.0,81.67212677001953,46135800
2013-07-01,97.6500015258789,99.0999984741211,97.63999938964844,98.58000183105469,83.00247192382812,37805800
2013-07-02,98.16000366210938,98.8499984741211,97.44999694824219,98.08000183105469,82.94327545166016,36848900
2013-07-03,97.7300033569336,98.63999938964844,97.58999633789062,98.27999877929688,83.11238861083984,19153600
2013-07-05,99.37999725341797,99.75,98.30999755859375,99.66999816894531,84.28790283203125,29427500
2013-07-08,100.12999725341797,100.44000244140625,99.88999938964844,100.06999969482422,84.62615203857422,30905300
2013-07-09,100.69999694824219,101.19999694824219,100.30000305175781,101.0,85.4126205444336,36010700
2013-07-10,101.04000091552734,101.37999725341797,100.73999786376953,101.27999877929688,85.64940643310547,36061100
2013-07-11,102.41999816894531,102.58999633789062,101.94000244140625,102.47000122070312,86.65574645996094,34434200
2013-07-12,102.4800033569336,103.11000061035156,102.47000122070312,102.68000030517578,86.83333587646484,28584000
2013-07-15,102.94999694824219,103.68000030517578,102.83999633789062,103.58000183105469,87.5944595336914,30786600
2013-07-16,103.62000274658203,103.66999816894531,102.81999969482422,103.05999755859375,87.15469360351562,38630800
2013-07-17,103.63999938964844,103.94999694824219,103.23999786376953,103.45999908447266,87.49298858642578,28476600
2013-07-18,103.7300033569336,104.58999633789062,103.66000366210938,104.1500015258789,88.07649230957031,32034100
2013-07-19,104.05999755859375,104.30999755859375,103.73999786376953,104.30999755859375,88.21180725097656,22806600
2013-07-22,104.4800033569336,104.76000213623047,104.12999725341797,104.52999877929688,88.39783477783203,25854900
2013-07-23,104.91000366210938,104.94999694824219,104.25,104.45999908447266,88.33863830566406,26309700
2013-07-24,104.91000366210938,104.9800033569336,103.44000244140625,103.58999633789062,87.60289764404297,31809700
2013-07-25,103.47000122070312,104.6500015258789,103.33000183105469,104.54000091552734,88.40628814697266,46093900
2013-07-26,103.95999908447266,104.16999816894531,103.36000061035156,104.12000274658203,88.0511245727539,23036800
2013-07-29,103.83999633789062,104.2699966430664,103.0,103.38999938964844,87.43376159667969,30360800
2013-07-30,103.69000244140625,103.87000274658203,103.11000061035156,103.4800033569336,87.50989532470703,26311000
2013-07-31,103.88999938964844,104.68000030517578,103.61000061035156,103.66000366210938,87.6621322631836,38330400
2013-08-01,104.68000030517578,105.3499984741211,103.75,105.06999969482422,88.8545150756836,34487100
2013-08-02,104.72000122070312,105.27999877929688,104.55999755859375,105.16000366210938,88.93061828613281,22983000
2013-08-05,105.05000305175781,105.62999725341797,104.9000015258789,105.5199966430664,89.23503875732422,14985000
2013-08-06,105.22000122070312,105.31999969482422,104.1500015258789,104.45999908447266,88.33863830566406,24689300
2013-08-07,104.12000274658203,104.33999633789062,103.47000122070312,103.72000122070312,87.71282958984375,23362200
2013-08-08,104.30000305175781,104.5999984741211,103.58000183105469,104.1500015258789,88.07649230957031,27640300
2013-08-09,103.93000030517578,104.56999969482422,103.5199966430664,104.04000091552734,87.98345184326172,27686900
2013-08-12,103.33000183105469,104.62999725341797,103.33000183105469,104.58999633789062,88.4485855102539,18960800
2013-08-13,104.68000030517578,104.68000030517578,103.77999877929688,104.44999694824219,88.33019256591797,22812900
2013-08-14,104.4800033569336,104.63999938964844,104.01000213623047,104.04000091552734,87.98345184326172,23629000
2013-08-15,102.83999633789062,102.95999908447266,101.88999938964844,102.11000061035156,86.35131072998047,50044500
2013-08-16,101.80999755859375,102.37999725341797,101.55000305175781,101.68000030517578,85.9876708984375,36059500
2013-08-19,101.63999938964844,101.87999725341797,100.58999633789062,100.6500015258789,85.11663818359375,25184600
2013-08-20,100.7699966430664,102.33000183105469,100.70999908447266,102.0999984741211,86.34286499023438,32450400
2013-08-21,101.69000244140625,102.5,101.01000213623047,101.4800033569336,85.81855010986328,41452900
2013-08-22,101.81999969482422,102.98999786376953,101.79000091552734,102.91000366210938,87.02784729003906,24006100
2013-08-23,103.19000244140625,103.25,102.44999694824219,103.16999816894531,87.2477035522461,20801100
2013-08-26,103.36000061035156,103.81999969482422,102.7699966430664,103.18000030517578,87.25617980957031,23376100
2013-08-27,101.94000244140625,102.38999938964844,100.55999755859375,100.76000213623047,85.20966339111328,47269300
2013-08-28,100.62000274658203,101.36000061035156,100.5,100.95999908447266,85.3787841796875,28927500
2013-08-29,100.88999938964844,102.36000061035156,100.80999755859375,101.97000122070312,86.23291015625,27628600
2013-08-30,101.98999786376953,102.05000305175781,100.23999786376953,100.37999725341797,84.88829040527344,43334600
2013-09-03,101.86000061035156,102.37000274658203,100.12999725341797,101.05999755859375,85.46336364746094,37995800
2013-09-04,101.16000366210938,102.01000213623047,100.75,101.94999694824219,86.21599578857422,22580800
2013-09-05,102.02999877929688,102.52999877929688,101.8499984741211,102.11000061035156,86.35131072998047,22770200
2013-09-06,102.69999694824219,102.88999938964844,100.73999786376953,102.38999938964844,86.58809661865234,36792000
2013-09-09,102.73999786376953,104.02999877929688,102.7300033569336,103.94000244140625,87.89888763427734,27358500
2013-09-10,104.58000183105469,104.9800033569336,104.19999694824219,104.95999908447266,88.76148986816406,25126300
2013-09-11,104.79000091552734,105.22000122070312,104.52999877929688,105.01000213623047,88.80375671386719,26412500
2013-09-12,104.91000366210938,105.0199966430664,104.20999908447266,104.23999786376953,88.1526107788086,32707600
2013-09-13,104.58999633789062,104.83000183105469,104.0999984741211,104.80999755859375,88.63461303710938,29478700
2013-09-16,106.05000305175781,106.08000183105469,104.8499984741211,105.04000091552734,88.82914733886719,28755900
2013-09-17,105.05999755859375,106.08000183105469,105.04000091552734,106.08000183105469,89.70862579345703,28901400
2013-09-18,106.05000305175781,107.61000061035156,105.26000213623047,107.08999633789062,90.562744140625,46237100
2013-09-19,107.36000061035156,107.43000030517578,106.62000274658203,106.9800033569336,90.46971130371094,34775900
2013-09-20,107.23999786376953,107.27999877929688,106.55000305175781,106.58999633789062,90.13992309570312,49522500
2013-09-23,106.72000122070312,106.87000274658203,105.80000305175781,106.5999984741211,90.14835357666016,47759700
2013-09-24,106.45999908447266,107.41999816894531,105.79000091552734,106.66999816894531,90.44769287109375,45267000
2013-09-25,106.7699966430664,107.4800033569336,106.33000183105469,106.47000122070312,90.27812194824219,37106600
2013-09-26,106.75,107.47000122070312,106.36000061035156,107.05999755859375,90.77837371826172,29490600
2013-09-27,106.38999938964844,107.05000305175781,106.20999908447266,106.58000183105469,90.37139129638672,30296400
2013-09-30,105.43000030517578,106.83999633789062,105.23999786376953,106.61000061035156,90.3968276977539,45771700
2013-10-01,106.55999755859375,107.93000030517578,106.44999694824219,107.8499984741211,91.44824981689453,39344400
2013-10-02,107.08999633789062,107.75,106.8499984741211,107.41000366210938,91.07514190673828,30622900
2013-10-03,107.20999908447266,107.36000061035156,105.5999984741211,106.30999755859375,90.1424560546875,57799200
2013-10-04,106.33999633789062,107.31999969482422,106.1500015258789,107.0199966430664,90.74443054199219,25902800
2013-10-07,105.98999786376953,106.66000366210938,105.72000122070312,105.7699966430664,89.6845703125,32924200
2013-10-08,105.83999633789062,106.02999877929688,103.91999816894531,104.05999755859375,88.2345962524414,61365000
2013-10-09,104.30000305175781,104.36000061035156,103.0,103.63999938964844,87.87849426269531,52604900
2013-10-10,105.01000213623047,106.30999755859375,104.91999816894531,106.13999938964844,89.99830627441406,53157800
2013-10-11,105.83999633789062,107.7300033569336,105.83000183105469,107.68000030517578,91.30408477783203,43197100
2013-10-14,107.05999755859375,108.3499984741211,106.93000030517578,108.22000122070312,91.76195526123047,38774800
2013-10-15,107.98999786376953,108.2300033569336,106.91999816894531,107.16000366210938,90.86314392089844,42263500
2013-10-16,107.91000366210938,108.5999984741211,107.63999938964844,108.48999786376953,91.99088287353516,34333600
2013-10-17,108.0,109.45999908447266,107.97000122070312,109.44000244140625,92.79642486572266,38967200
2013-10-18,110.22000122070312,110.7699966430664,109.83000183105469,110.69000244140625,93.85631561279297,39496400
2013-10-21,110.8499984741211,111.08000183105469,110.2699966430664,110.47000122070312,93.66978454589844,29198900
2013-10-22,110.94999694824219,111.48999786376953,110.37000274658203,110.76000213623047,93.91567993164062,38112600
2013-10-23,110.23999786376953,110.55000305175781,109.7699966430664,110.38999938964844,93.60192108154297,32275300
2013-10-24,110.47000122070312,111.26000213623047,110.33000183105469,110.9800033569336,94.10224151611328,24711800
2013-10-25,111.23999786376953,111.44999694824219,110.56999969482422,111.08000183105469,94.18702697753906,21321900
2013-10-28,111.12999725341797,111.29000091552734,110.45999908447266,111.02999877929688,94.14460754394531,22512200
2013-10-29,111.33000183105469,111.62000274658203,110.52999877929688,111.3499984741211,94.41596984863281,30026900
2013-10-30,111.4000015258789,111.4800033569336,109.5199966430664,109.83000183105469,93.12712860107422,46076600
2013-10-31,109.7699966430664,110.18000030517578,108.88999938964844,109.19000244140625,92.58444213867188,47370000
2013-11-01,109.41000366210938,109.62999725341797,107.91999816894531,108.72000122070312,92.18590545654297,117030400
2013-11-04,109.23999786376953,110.1500015258789,108.83000183105469,109.97000122070312,93.24585723876953,31960000
2013-11-05,109.55000305175781,109.93000030517578,108.86000061035156,109.58999633789062,92.9236068725586,26643500
2013-11-06,110.3499984741211,110.37000274658203,108.91000366210938,109.12000274658203,92.52508544921875,31773400
2013-11-07,109.62000274658203,109.80999755859375,107.13999938964844,107.27999877929688,90.96491241455078,60459700
2013-11-08,107.44000244140625,109.45999908447266,107.38999938964844,109.2300033569336,92.6183853149414,48147500
2013-11-11,109.04000091552734,109.5999984741211,108.63999938964844,109.37999725341797,92.74555969238281,19897700
2013-11-12,109.06999969482422,109.51000213623047,108.66999816894531,109.47000122070312,92.82184600830078,28075100
2013-11-13,108.66000366210938,110.55000305175781,108.62000274658203,110.5199966430664,93.71219635009766,36465900
2013-11-14,110.47000122070312,110.5999984741211,109.73999786376953,110.41000366210938,93.61891174316406,33226800
2013-11-15,110.5999984741211,110.98999786376953,110.16000366210938,110.83000183105469,93.97504425048828,27518500
2013-11-18,111.31999969482422,111.41999816894531,109.75,110.05000305175781,93.31364440917969,35509600
2013-11-19,110.11000061035156,110.69000244140625,108.98999786376953,109.37000274658203,92.73707580566406,36081300
2013-11-20,109.93000030517578,110.19999694824219,108.8499984741211,109.33000183105469,92.70314025878906,43376700
2013-11-21,109.80999755859375,111.36000061035156,109.68000030517578,111.30000305175781,94.37356567382812,45585000
2013-11-22,111.29000091552734,111.97000122070312,111.0999984741211,111.8499984741211,94.83988952636719,28786400
2013-11-25,112.12999725341797,112.27999877929688,111.62999725341797,111.98999786376953,94.9586181640625,22968600
2013-11-26,111.98999786376953,113.0199966430664,111.9000015258789,112.81999969482422,95.66239929199219,30760700
2013-11-27,112.83999633789062,113.56999969482422,112.63999938964844,113.44999694824219,96.19660186767578,29099600
2013-11-29,113.94000244140625,114.16000366210938,113.44999694824219,113.51000213623047,96.24744415283203,15675500
2013-12-02,113.69999694824219,113.76000213623047,112.05999755859375,112.37000274658203,95.28085327148438,43155200
2013-12-03,112.12999725341797,112.5999984741211,111.2699966430664,111.83000183105469,94.82295227050781,36930700
2013-12-04,111.30999755859375,112.41999816894531,110.37000274658203,111.52999877929688,94.56857299804688,40609500
2013-12-05,111.48999786376953,112.0199966430664,111.1500015258789,111.61000061035156,94.63642120361328,37926700
2013-12-06,112.62000274658203,113.0999984741211,112.19000244140625,112.4800033569336,95.37411499023438,36471900
2013-12-09,112.62999725341797,112.88999938964844,111.88999938964844,112.44999694824219,95.3486557006836,31236500
2013-12-10,112.2300033569336,112.58000183105469,111.23999786376953,111.43000030517578,94.4837875366211,34938800
2013-12-11,111.52999877929688,111.55000305175781,109.31999969482422,109.5999984741211,92.93209838867188,47181600
2013-12-12,109.69999694824219,110.25,109.36000061035156,109.83999633789062,93.13555908203125,37706200
2013-12-13,110.05000305175781,110.52999877929688,109.41999816894531,110.19999694824219,93.44082641601562,32980300
2013-12-16,110.62000274658203,111.56999969482422,110.1500015258789,111.51000213623047,94.55162811279297,33991200
2013-12-17,111.44999694824219,111.54000091552734,110.62000274658203,111.3499984741211,94.41596984863281,32399800
2013-12-18,111.52999877929688,112.9000015258789,110.36000061035156,112.87999725341797,95.71326446533203,52979000
2013-12-19,112.72000122070312,112.8499984741211,111.88999938964844,112.04000091552734,95.00104522705078,32871100
2013-12-20,112.0999984741211,114.22000122070312,112.08999633789062,113.93000030517578,96.60359954833984,48770500
2013-12-23,114.18000030517578,114.81999969482422,113.94999694824219,114.77999877929688,97.69908142089844,37049100
2013-12-24,114.91000366210938,115.44000244140625,114.87000274658203,115.22000122070312,98.07360076904297,17371200
2013-12-26,115.62999725341797,115.97000122070312,115.0999984741211,115.2300033569336,98.08209228515625,19670000
2013-12-27,115.47000122070312,115.73999786376953,114.77999877929688,115.16000366210938,98.02252960205078,20069700
2013-12-30,115.11000061035156,115.37000274658203,114.8499984741211,115.08999633789062,97.96292877197266,28917400
2013-12-31,115.36000061035156,115.70999908447266,115.16999816894531,115.36000061035156,98.19276428222656,38357200
2014-01-02,115.08999633789062,115.12000274658203,113.63999938964844,114.11000061035156,97.12879180908203,44247700
2014-01-03,114.52999877929688,114.9000015258789,114.11000061035156,114.69000244140625,97.6224365234375,26468000
2014-01-06,115.22000122070312,115.2699966430664,113.70999908447266,113.76000213623047,96.83085632324219,36198000
2014-01-07,114.19000244140625,115.16000366210938,114.11000061035156,114.70999908447266,97.63947296142578,28545300
2014-01-08,114.77999877929688,115.08000183105469,114.06999969482422,114.86000061035156,97.76714324951172,30763600
2014-01-09,115.25,115.38999938964844,114.16000366210938,114.88999938964844,97.79270935058594,29872800
2014-01-10,114.91999816894531,115.52999877929688,114.4000015258789,115.5199966430664,98.32894134521484,29174600
2014-01-13,115.30000305175781,115.48999786376953,113.26000213623047,113.94000244140625,96.98408508300781,45370800
2014-01-14,114.44000244140625,115.51000213623047,114.18000030517578,115.33999633789062,98.17574310302734,39125300
2014-01-15,115.63999938964844,116.29000091552734,115.55999755859375,116.19999694824219,98.9077377319336,31644100
2014-01-16,116.05000305175781,116.37999725341797,115.83000183105469,116.33999633789062,99.02691650390625,23091900
2014-01-17,116.30999755859375,116.43000030517578,115.69000244140625,115.93000030517578,98.67792510986328,28722300
2014-01-21,116.7300033569336,116.87000274658203,115.77999877929688,116.62000274658203,99.26525115966797,29828700
2014-01-22,116.69000244140625,117.37000274658203,116.5,117.20999908447266,99.7674560546875,24011500
2014-01-23,116.72000122070312,116.77999877929688,115.66000366210938,116.41999816894531,99.09498596191406,36057500
2014-01-24,115.69000244140625,115.73999786376953,113.22000122070312,113.44999694824219,96.56703186035156,53591900
2014-01-27,113.77999877929688,113.83999633789062,111.1500015258789,111.79000091552734,95.1540298461914,60368200
2014-01-28,111.93000030517578,112.98999786376953,111.79000091552734,112.97000122070312,96.15843963623047,43722200
2014-01-29,111.87999725341797,112.58000183105469,111.0199966430664,111.33999633789062,94.77098083496094,61904600
2014-01-30,112.33000183105469,113.6500015258789,112.04000091552734,113.0,96.18394470214844,40851600
2014-01-31,111.25,113.0,111.16999816894531,112.16000366210938,95.46895599365234,49293400
2014-02-03,111.87000274658203,112.19999694824219,108.1500015258789,108.6500015258789,92.4813003540039,91686000
2014-02-04,109.19000244140625,109.94999694824219,108.4000015258789,109.47000122070312,93.17928314208984,53138100
2014-02-05,108.80999755859375,109.1500015258789,107.2699966430664,108.6500015258789,92.4813003540039,60644600
2014-02-06,108.87999725341797,109.97000122070312,108.8499984741211,109.51000213623047,93.21332550048828,57611700
2014-02-07,109.97000122070312,110.83999633789062,109.5,110.75,94.26879119873047,44068600
2014-02-10,110.79000091552734,111.08999633789062,109.95999908447266,111.04000091552734,94.51564025878906,38211600
2014-02-11,111.12000274658203,112.33999633789062,110.87000274658203,112.02999877929688,95.35832214355469,44394100
2014-02-12,112.19999694824219,113.01000213623047,111.97000122070312,112.47000122070312,95.73280334472656,42307500
2014-02-13,111.37999725341797,114.06999969482422,111.36000061035156,113.9000015258789,96.95002746582031,42082400
2014-02-14,113.63999938964844,114.20999908447266,113.13999938964844,114.05999755859375,97.08621215820312,32428200
2014-02-18,114.4000015258789,115.44999694824219,114.13999938964844,115.25,98.09915161132812,33630400
2014-02-19,114.9000015258789,115.63999938964844,113.9800033569336,114.06999969482422,97.09474182128906,44024300
2014-02-20,114.19999694824219,115.54000091552734,113.91000366210938,115.30000305175781,98.1417007446289,35919600
2014-02-21,115.62000274658203,116.11000061035156,115.4000015258789,115.66000366210938,98.4480972290039,34814100
2014-02-24,115.83999633789062,117.30999755859375,115.76000213623047,116.51000213623047,99.171630859375,43102800
2014-02-25,116.66000366210938,117.23999786376953,116.18000030517578,116.62999725341797,99.27375793457031,28474200
2014-02-26,116.70999908447266,118.11000061035156,116.43000030517578,117.3499984741211,99.8866195678711,40794800
2014-02-27,116.95999908447266,118.05999755859375,116.76000213623047,117.98999786376953,100.43138885498047,29906200
2014-02-28,117.95999908447266,118.70999908447266,116.80000305175781,117.5199966430664,100.03131866455078,47362700
2014-03-03,116.5199966430664,117.26000213623047,115.58000183105469,116.88999938964844,99.49504852294922,50892800
2014-03-04,118.19999694824219,120.58000183105469,118.18000030517578,119.83000183105469,101.99755096435547,112793900
2014-03-05,119.86000061035156,119.95999908447266,119.47000122070312,119.76000213623047,101.93795776367188,34691300
2014-03-06,120.12000274658203,120.25,119.41999816894531,119.73999786376953,101.9209213256836,35087600
2014-03-07,120.41000366210938,120.47000122070312,119.02999877929688,119.69999694824219,101.88688659667969,36931800
2014-03-10,119.36000061035156,119.58000183105469,118.48999786376953,119.30000305175781,101.54643249511719,32089000
2014-03-11,119.41000366210938,119.80999755859375,117.51000213623047,118.05999755859375,100.4909439086914,50359500
2014-03-12,117.38999938964844,118.44000244140625,116.91999816894531,118.41999816894531,100.79737854003906,37159100
2014-03-13,118.8499984741211,118.95999908447266,116.37999725341797,117.05000305175781,99.63125610351562,53542800
2014-03-14,116.62999725341797,117.87000274658203,116.62000274658203,117.54000091552734,100.04835510253906,46888100
2014-03-17,118.22000122070312,119.0999984741211,117.87999725341797,118.05999755859375,100.4909439086914,41561600
2014-03-18,118.22000122070312,119.87999725341797,118.0999984741211,119.77999877929688,101.95501708984375,41606600
2014-03-19,119.68000030517578,119.73999786376953,118.0999984741211,119.0,101.29106903076172,47423000
2014-03-20,118.7300033569336,119.54000091552734,118.16000366210938,119.16000366210938,101.42725372314453,33212900
2014-03-21,119.72000122070312,120.26000213623047,118.55999755859375,118.61000061035156,100.95911407470703,47110800
2014-03-24,119.06999969482422,119.2300033569336,116.19000244140625,117.26000213623047,99.81001281738281,66747000
2014-03-25,117.66999816894531,118.30999755859375,116.13999938964844,116.93000030517578,99.78610229492188,47699700
2014-03-26,117.62999725341797,117.68000030517578,114.6500015258789,114.69000244140625,97.87451934814453,69052500
2014-03-27,114.70999908447266,115.37999725341797,113.69000244140625,114.4000015258789,97.62703704833984,65234900
2014-03-28,114.4800033569336,116.0,113.9800033569336,114.29000091552734,97.53317260742188,50558000
2014-03-31,115.04000091552734,116.68000030517578,114.62999725341797,116.33999633789062,99.2826156616211,44599200
2014-04-01,116.62999725341797,118.05999755859375,116.58999633789062,117.87000274658203,100.58830261230469,47906600
2014-04-02,118.29000091552734,118.4800033569336,117.70999908447266,118.4000015258789,101.04057312011719,33856500
2014-04-03,118.4000015258789,118.44000244140625,116.68000030517578,117.19999694824219,100.01651763916016,38473500
2014-04-04,117.95999908447266,118.12000274658203,114.0199966430664,114.48999786376953,97.70387268066406,86345900
2014-04-07,113.94999694824219,114.23999786376953,112.08000183105469,112.81999969482422,96.27869415283203,68537700
2014-04-08,112.80999755859375,114.19999694824219,112.19999694824219,113.61000061035156,96.952880859375,60087900
2014-04-09,114.0,115.25,113.5,115.25,98.35245513916016,42744900
2014-04-10,115.0999984741211,115.11000061035156,111.4000015258789,111.95999908447266,95.54479217529297,74860200
2014-04-11,111.04000091552734,112.23999786376953,109.86000061035156,110.41000366210938,94.22205352783203,70998200
2014-04-14,111.55000305175781,111.97000122070312,109.6500015258789,110.72000122070312,94.4865951538086,62657700
2014-04-15,111.02999877929688,111.72000122070312,108.66000366210938,111.1500015258789,94.85355377197266,76968000
2014-04-16,111.93000030517578,112.44000244140625,111.2300033569336,112.36000061035156,95.88612365722656,49353800
2014-04-17,111.98999786376953,113.41000366210938,111.72000122070312,112.91999816894531,96.3640365600586,50275100
2014-04-21,113.12999725341797,113.52999877929688,112.27999877929688,113.44999694824219,96.81634521484375,31970700
2014-04-22,113.62999725341797,115.0199966430664,113.47000122070312,114.62000274658203,97.81478881835938,40541900
2014-04-23,114.4800033569336,114.7699966430664,113.7699966430664,113.9000015258789,97.20036315917969,33859500
2014-04-24,114.58999633789062,114.66999816894531,112.68000030517578,113.61000061035156,96.952880859375,44318900
2014-04-25,113.16999816894531,113.20999908447266,111.20999908447266,111.61000061035156,95.2461166381836,58386300
2014-04-28,112.01000213623047,112.54000091552734,109.31999969482422,110.95999908447266,94.69142150878906,66050100
2014-04-29,111.41999816894531,111.9800033569336,110.9000015258789,111.23999786376953,94.93035125732422,34487600
2014-04-30,110.87999725341797,112.05999755859375,109.94999694824219,111.9800033569336,95.56185150146484,43929700
2014-05-01,111.75,112.7699966430664,110.54000091552734,111.94000244140625,95.52771759033203,78690900
2014-05-02,112.08999633789062,113.12000274658203,111.68000030517578,112.02999877929688,95.60454559326172,43450300
2014-05-05,111.12000274658203,112.18000030517578,110.52999877929688,111.88999938964844,95.4850845336914,28108400
2014-05-06,111.41000366210938,111.70999908447266,109.98999786376953,110.06999969482422,93.93189239501953,45354700
2014-05-07,110.2300033569336,110.44999694824219,108.43000030517578,110.13999938964844,93.9916000366211,64243800
2014-05-08,110.02999877929688,111.23999786376953,108.69000244140625,109.02999877929688,93.04439544677734,58520300
2014-05-09,108.69000244140625,110.05999755859375,108.27999877929688,110.02999877929688,93.89775085449219,48409900
2014-05-12,110.68000030517578,113.04000091552734,110.51000213623047,112.52999877929688,96.03124237060547,76291700
2014-05-13,112.37999725341797,112.8499984741211,111.33999633789062,111.43000030517578,95.0925064086914,58122800
2014-05-14,111.0999984741211,111.12000274658203,109.41999816894531,109.62000274658203,93.54786682128906,65720700
2014-05-15,109.06999969482422,109.20999908447266,107.44000244140625,108.87999725341797,92.9163818359375,75870500
2014-05-16,108.93000030517578,109.62000274658203,108.02999877929688,109.56999969482422,93.50519561767578,44666200
2014-05-19,109.2699966430664,111.04000091552734,108.94999694824219,110.75,94.51222229003906,35336900
2014-05-20,110.4800033569336,110.51000213623047,108.41999816894531,109.05999755859375,93.06999206542969,89567900
2014-05-21,109.6500015258789,110.12999725341797,108.55000305175781,109.62000274658203,93.54786682128906,55278500
2014-05-22,109.95999908447266,111.05000305175781,109.62000274658203,110.76000213623047,94.52073669433594,41295000
2014-05-23,110.69000244140625,112.0199966430664,110.51000213623047,111.97000122070312,95.55333709716797,42643800
2014-05-27,112.70999908447266,113.83999633789062,112.6500015258789,113.58000183105469,96.92729187011719,46373900
2014-05-28,113.33000183105469,113.45999908447266,112.52999877929688,112.98999786376953,96.42375183105469,37055400
2014-05-29,113.33000183105469,113.58999633789062,112.69999694824219,113.37000274658203,96.7480697631836,25556800
2014-05-30,113.33000183105469,113.43000030517578,112.33999633789062,112.86000061035156,96.31282806396484,38856000
2014-06-02,113.06999969482422,113.0999984741211,111.36000061035156,112.25,95.79231262207031,40369700
2014-06-03,111.63999938964844,112.36000061035156,111.11000061035156,111.9800033569336,95.56185150146484,31143700
2014-06-04,111.4800033569336,112.56999969482422,111.16000366210938,112.41999816894531,95.93736267089844,28835500
2014-06-05,112.72000122070312,114.87999725341797,112.08999633789062,114.77999877929688,97.95132446289062,67182000
2014-06-06,115.2699966430664,116.23999786376953,115.11000061035156,115.87999725341797,98.89005279541016,45854000
2014-06-09,115.87999725341797,117.4800033569336,115.66000366210938,116.9000015258789,99.760498046875,44025700
2014-06-10,116.62999725341797,116.83000183105469,115.95999908447266,116.66999816894531,99.564208984375,39799900
2014-06-11,116.0199966430664,116.33000183105469,115.4000015258789,116.0999984741211,99.07779693603516,30144700
2014-06-12,115.77999877929688,115.91999816894531,114.91000366210938,115.38999938964844,98.47189331054688,39481200
2014-06-13,115.66999816894531,115.91000366210938,114.66000366210938,115.58999633789062,98.64254760742188,33779400
2014-06-16,115.48999786376953,116.1500015258789,115.0999984741211,116.1500015258789,99.12047576904297,30051100
2014-06-17,116.04000091552734,117.44999694824219,115.77999877929688,116.97000122070312,99.82025146484375,62573000
2014-06-18,116.9000015258789,117.80999755859375,116.5,117.76000213623047,100.49441528320312,37448900
2014-06-19,118.16999816894531,118.2300033569336,117.0999984741211,117.86000061035156,100.57975006103516,30915900
2014-06-20,117.87000274658203,118.30000305175781,117.55999755859375,118.25,100.9125747680664,30104400
2014-06-23,118.5,118.55000305175781,117.69000244140625,118.0199966430664,100.71629333496094,21388700
2014-06-24,117.73999786376953,118.91000366210938,116.6500015258789,116.76000213623047,99.64103698730469,41788300
2014-06-25,116.05999755859375,117.79000091552734,116.05000305175781,117.75,100.48590087890625,34620800
2014-06-26,117.79000091552734,117.81999969482422,116.58999633789062,117.55000305175781,100.31521606445312,28018300
2014-06-27,117.05999755859375,118.51000213623047,117.02999877929688,118.33999633789062,100.98937225341797,38525100
2014-06-30,118.16000366210938,118.87999725341797,117.83000183105469,118.80999755859375,101.39046478271484,34195600
2014-07-01,119.26000213623047,120.97000122070312,119.19999694824219,120.0199966430664,102.42306518554688,65733200
2014-07-02,119.55999755859375,119.95999908447266,118.88999938964844,119.0999984741211,102.02816009521484,30796700
2014-07-03,119.58000183105469,119.91000366210938,119.25,119.81999969482422,102.64494323730469,15933900
2014-07-07,119.44000244140625,119.47000122070312,117.69999694824219,117.7699966430664,100.88876342773438,32279000
2014-07-08,117.51000213623047,117.69999694824219,115.69999694824219,116.33999633789062,99.66375732421875,52537600
2014-07-09,116.66999816894531,117.08999633789062,116.0199966430664,116.48999786376953,99.79225158691406,27891700
2014-07-10,114.12999725341797,116.05000305175781,113.97000122070312,115.25,98.73002624511719,50834300
2014-07-11,115.18000030517578,115.37999725341797,114.51000213623047,115.0999984741211,98.60150146484375,33923700
2014-07-14,116.41999816894531,116.45999908447266,115.4000015258789,115.69000244140625,99.1069564819336,28823400
2014-07-15,115.55999755859375,116.0,113.87000274658203,114.55000305175781,98.13032531738281,49534700
2014-07-16,115.05000305175781,115.08999633789062,113.81999969482422,114.23999786376953,97.86477661132812,63433000
2014-07-17,113.5199966430664,114.2699966430664,112.19999694824219,112.4800033569336,96.3570556640625,62221500
2014-07-18,112.69000244140625,114.44999694824219,112.45999908447266,114.2300033569336,97.85620880126953,46164100
2014-07-21,113.51000213623047,113.98999786376953,113.01000213623047,113.7699966430664,97.46215057373047,32720500
2014-07-22,114.47000122070312,115.25,114.19000244140625,114.7300033569336,98.28456115722656,31326500
2014-07-23,115.01000213623047,115.44000244140625,114.51000213623047,114.87000274658203,98.40447998046875,26417600
2014-07-24,115.22000122070312,115.6500015258789,114.33999633789062,114.63999938964844,98.20743560791016,31905100
2014-07-25,113.7699966430664,114.01000213623047,113.20999908447266,113.5999984741211,97.31649780273438,46514500
2014-07-28,113.86000061035156,113.87999725341797,112.2300033569336,113.02999877929688,96.82820892333984,37373400
2014-07-29,113.38999938964844,114.11000061035156,113.02999877929688,113.33999633789062,97.0937728881836,30574500
2014-07-30,114.18000030517578,114.30999755859375,113.30999755859375,113.79000091552734,97.47930908203125,30219000
2014-07-31,112.62999725341797,112.98999786376953,111.05000305175781,111.19000244140625,95.25194549560547,61507700
2014-08-01,111.16000366210938,111.69999694824219,109.86000061035156,110.68000030517578,94.81507110595703,67805300
2014-08-04,111.16000366210938,111.80000305175781,109.88999938964844,111.66000366210938,95.65457153320312,34646200
2014-08-05,111.11000061035156,112.2300033569336,110.55999755859375,111.37999725341797,95.41476440429688,44375000
2014-08-06,110.66999816894531,112.47000122070312,110.62999725341797,111.7300033569336,95.7145767211914,33658300
2014-08-07,112.08999633789062,112.5199966430664,110.7699966430664,111.19000244140625,95.25194549560547,40852200
2014-08-08,111.33000183105469,112.4000015258789,110.98999786376953,112.2699966430664,96.17717742919922,32667200
2014-08-11,112.88999938964844,114.22000122070312,112.62000274658203,113.33999633789062,97.0937728881836,31000700
2014-08-12,112.94000244140625,113.47000122070312,112.04000091552734,112.55999755859375,96.42559814453125,31188400
2014-08-13,112.91999816894531,113.6500015258789,112.69999694824219,113.44000244140625,97.17947387695312,23122900
2014-08-14,113.5199966430664,113.7300033569336,113.2300033569336,113.61000061035156,97.32508850097656,20882100
2014-08-15,114.44999694824219,114.44999694824219,112.26000213623047,113.38999938964844,97.13660430908203,53713800
2014-08-18,114.5,115.13999938964844,114.08999633789062,115.04000091552734,98.55010223388672,33287300
2014-08-19,115.12999725341797,115.7300033569336,115.05999755859375,115.44000244140625,98.89273834228516,22692600
2014-08-20,114.8499984741211,115.22000122070312,114.41000366210938,114.94999694824219,98.47298431396484,26266900
2014-08-21,114.87999725341797,115.4000015258789,113.83999633789062,115.19999694824219,98.68717956542969,33018200
2014-08-22,115.04000091552734,115.62999725341797,114.61000061035156,115.20999908447266,98.69573211669922,30100100
2014-08-25,115.95999908447266,116.41000366210938,115.31999969482422,115.75,99.15833282470703,27808600
2014-08-26,115.87999725341797,116.91999816894531,115.80000305175781,116.80000305175781,100.05780029296875,34831700
2014-08-27,116.88999938964844,116.94000244140625,116.29000091552734,116.51000213623047,99.80940246582031,19070100
2014-08-28,116.02999877929688,116.2300033569336,115.51000213623047,115.91000366210938,99.29541778564453,22817800
2014-08-29,116.16000366210938,116.80999755859375,115.6500015258789,116.55999755859375,99.85221099853516,26231100
2014-09-02,116.9800033569336,117.5,116.5,117.19999694824219,100.4004898071289,38816400
2014-09-03,117.76000213623047,117.80000305175781,116.2699966430664,116.45999908447266,99.76656341552734,33266600
2014-09-04,116.77999877929688,117.48999786376953,115.72000122070312,116.01000213623047,99.38104248046875,26523500
2014-09-05,115.77999877929688,116.41999816894531,115.16999816894531,116.37999725341797,99.6980209350586,26935300
2014-09-08,116.26000213623047,116.80000305175781,115.83000183105469,116.55999755859375,99.85221099853516,20347300
2014-09-09,116.36000061035156,116.38999938964844,115.0,115.18000030517578,98.67002868652344,36390100
2014-09-10,115.16000366210938,115.93000030517578,114.70999908447266,115.86000061035156,99.25255584716797,23060600
2014-09-11,115.16999816894531,116.7300033569336,115.13999938964844,116.61000061035156,99.89505767822266,27075600
2014-09-12,116.55000305175781,116.55999755859375,114.97000122070312,115.37000274658203,98.83281707763672,32892900
2014-09-15,115.36000061035156,115.4000015258789,113.70999908447266,114.11000061035156,97.75341033935547,41644400
2014-09-16,113.77999877929688,114.76000213623047,113.4000015258789,114.43000030517578,98.02754974365234,51365900
2014-09-17,114.48999786376953,115.47000122070312,114.19000244140625,114.7300033569336,98.28456115722656,45543000
2014-09-18,115.23999786376953,115.52999877929688,114.91000366210938,115.43000030517578,98.88421630859375,24714600
2014-09-19,115.88999938964844,115.91000366210938,113.61000061035156,113.97000122070312,97.63350677490234,52459600
2014-09-22,113.44000244140625,113.52999877929688,112.05000305175781,112.37000274658203,96.26284790039062,45800600
2014-09-23,111.9000015258789,112.62000274658203,111.19000244140625,111.31999969482422,95.36332702636719,51616800
2014-09-24,111.1500015258789,112.11000061035156,110.5999984741211,112.0199966430664,96.22663116455078,34323100
2014-09-25,111.7300033569336,111.83000183105469,109.75,110.12999725341797,94.60310363769531,49733600
2014-09-26,110.55000305175781,111.22000122070312,110.19999694824219,111.12000274658203,95.45352935791016,26473300
2014-09-29,109.81999969482422,111.3499984741211,109.72000122070312,111.02999877929688,95.37621307373047,30619000
2014-09-30,110.91999816894531,111.02999877929688,109.30999755859375,109.3499984741211,93.9330825805664,55596900
2014-10-01,109.29000091552734,109.38999938964844,107.43000030517578,107.80000305175781,92.60162353515625,88621100
2014-10-02,107.79000091552734,109.27999877929688,106.94000244140625,108.83000183105469,93.48641204833984,71825900
2014-10-03,109.75,110.31999969482422,109.08000183105469,109.6500015258789,94.19075775146484,44034600
2014-10-06,109.94999694824219,110.06999969482422,108.51000213623047,108.70999908447266,93.38329315185547,35571200
2014-10-07,108.0199966430664,108.5,106.8499984741211,106.91999816894531,91.84567260742188,40271900
2014-10-08,106.68000030517578,109.04000091552734,105.76000213623047,108.97000122070312,93.60664367675781,51589200
2014-10-09,108.88999938964844,108.9000015258789,106.01000213623047,106.02999877929688,91.08113861083984,60783400
2014-10-10,105.7699966430664,106.88999938964844,104.58999633789062,104.73999786376953,89.97301483154297,66579500
2014-10-13,104.83999633789062,106.11000061035156,103.86000061035156,104.31999969482422,89.61225128173828,72054300
2014-10-14,105.2300033569336,106.98999786376953,104.86000061035156,105.54000091552734,90.66020965576172,70034800
2014-10-15,104.19000244140625,107.0,103.54000091552734,106.5999984741211,91.57076263427734,117497300
2014-10-16,105.1500015258789,108.56999969482422,104.94999694824219,107.80000305175781,92.60162353515625,100532300
2014-10-17,109.16000366210938,109.22000122070312,107.04000091552734,107.4800033569336,92.32673645019531,72675000
2014-10-20,107.01000213623047,108.73999786376953,107.0,108.73999786376953,93.40906524658203,34914400
2014-10-21,109.33000183105469,110.58999633789062,109.01000213623047,110.52999877929688,94.94670104980469,44748100
2014-10-22,110.80000305175781,111.05999755859375,108.86000061035156,108.94999694824219,93.58946990966797,48798300
2014-10-23,110.04000091552734,111.58000183105469,109.7699966430664,110.87999725341797,95.24737548828125,60795100
2014-10-24,110.91999816894531,111.31999969482422,110.44000244140625,111.06999969482422,95.41058349609375,41927400
2014-10-27,110.41999816894531,111.08999633789062,109.51000213623047,111.01000213623047,95.35904693603516,31133700
2014-10-28,111.51000213623047,114.20999908447266,111.30000305175781,114.16999816894531,98.07351684570312,84912900
2014-10-29,114.36000061035156,114.88999938964844,112.9800033569336,113.9000015258789,97.84159088134766,67133500
2014-10-30,113.48999786376953,115.37999725341797,113.13999938964844,114.87000274658203,98.67483520507812,59046200
2014-10-31,116.91000366210938,116.95999908447266,115.87999725341797,116.55999755859375,100.12654113769531,53133300
2014-11-03,116.75,117.37000274658203,115.9000015258789,116.36000061035156,99.95476531982422,39729600
2014-11-04,115.9000015258789,116.5,115.27999877929688,115.81999969482422,99.49089813232422,37347600
2014-11-05,116.66999816894531,116.73999786376953,115.55000305175781,116.02999877929688,99.67127990722656,31073500
2014-11-06,115.9800033569336,116.52999877929688,115.55999755859375,116.52999877929688,100.10078430175781,31720900
2014-11-07,116.38999938964844,116.70999908447266,115.69999694824219,116.70999908447266,100.2553939819336,28657700
2014-11-10,116.68000030517578,117.30999755859375,116.45999908447266,117.29000091552734,100.75365447998047,29371800
2014-11-11,117.12000274658203,117.44000244140625,116.87000274658203,117.37000274658203,100.8223648071289,23536800
2014-11-12,116.69000244140625,118.08000183105469,116.66000366210938,117.9000015258789,101.27764892578125,34594700
2014-11-13,117.94000244140625,118.25,116.62000274658203,116.9000015258789,100.41862487792969,25135200
2014-11-14,116.94000244140625,117.20999908447266,116.37000274658203,116.69000244140625,100.23825073242188,23321400
2014-11-17,116.58999633789062,116.93000030517578,115.68000030517578,115.72000122070312,99.4050064086914,29847300
2014-11-18,116.16000366210938,117.12000274658203,115.75,116.38999938964844,99.98055267333984,33717200
2014-11-19,116.25,116.25,114.37000274658203,115.1500015258789,98.91535949707031,38258700
2014-11-20,114.62000274658203,116.45999908447266,114.62000274658203,116.44000244140625,100.0234603881836,26555000
2014-11-21,118.08000183105469,118.12000274658203,116.16000366210938,116.58000183105469,100.14372253417969,43240400
2014-11-24,116.73999786376953,118.05000305175781,116.58000183105469,117.97000122070312,101.3377914428711,24573200
2014-11-25,118.22000122070312,118.77999877929688,117.52999877929688,118.05999755859375,101.41507720947266,26745900
2014-11-26,118.06999969482422,118.5,117.83999633789062,118.44999694824219,101.75010681152344,14640700
2014-11-28,118.4800033569336,118.5199966430664,116.56999969482422,116.69000244140625,100.23825073242188,21110700
2014-12-01,116.31999969482422,116.47000122070312,114.80999755859375,114.87000274658203,98.67483520507812,36244100
2014-12-02,114.98999786376953,116.63999938964844,114.9800033569336,116.25,99.86028289794922,31812100
2014-12-03,116.27999877929688,117.70999908447266,116.0199966430664,117.37000274658203,100.8223648071289,29148000
2014-12-04,117.19000244140625,117.30000305175781,116.22000122070312,116.80999755859375,100.34131622314453,28631900
2014-12-05,117.25,117.9800033569336,116.95999908447266,117.69000244140625,101.09722900390625,30261400
2014-12-08,117.2699966430664,118.37000274658203,115.8499984741211,116.22000122070312,99.83448791503906,32295000
2014-12-09,114.95999908447266,118.2699966430664,114.73999786376953,118.16999816894531,101.50956726074219,52645900
2014-12-10,117.73999786376953,118.16000366210938,115.55999755859375,115.66000366210938,99.35346984863281,45413600
2014-12-11,116.20999908447266,117.68000030517578,115.87000274658203,116.12000274658203,99.74859619140625,36021800
2014-12-12,114.77999877929688,115.98999786376953,114.5999984741211,114.70999908447266,98.53736877441406,44816000
2014-12-15,115.26000213623047,115.73999786376953,113.16000366210938,113.55000305175781,97.54093933105469,66361200
2014-12-16,113.31999969482422,115.33999633789062,113.02999877929688,113.38999938964844,97.40348052978516,62849700
2014-12-17,113.63999938964844,116.98999786376953,113.48999786376953,116.88999938964844,100.41004943847656,70379400
2014-12-18,118.45999908447266,118.73999786376953,117.47000122070312,118.62999725341797,101.90470886230469,54315600
2014-12-19,118.6500015258789,119.4800033569336,118.13999938964844,118.9000015258789,102.13665771484375,49041800
2014-12-22,119.19999694824219,119.70999908447266,118.80000305175781,119.70999908447266,102.83243560791016,27043400
2014-12-23,120.44000244140625,120.44000244140625,119.44999694824219,119.86000061035156,102.9612808227539,34533000
2014-12-24,119.62999725341797,120.06999969482422,119.26000213623047,119.76000213623047,103.25875854492188,19175400
2014-12-26,120.13999938964844,120.83000183105469,120.06999969482422,120.54000091552734,103.93128204345703,18261900
2014-12-29,120.62999725341797,121.37999725341797,120.61000061035156,121.05000305175781,104.37100982666016,27692500
2014-12-30,120.79000091552734,121.23999786376953,120.2699966430664,120.33999633789062,103.75885772705078,23996000
2014-12-31,120.80000305175781,121.41000366210938,119.54000091552734,119.62000274658203,103.1380615234375,35688700
2015-01-02,120.06999969482422,120.55999755859375,117.88999938964844,118.93000030517578,102.54312133789062,46133100
2015-01-05,118.2300033569336,118.70999908447266,116.79000091552734,117.33999633789062,101.17218780517578,51141900
2015-01-06,117.62000274658203,117.7699966430664,114.36000061035156,115.30999755859375,99.42192077636719,67446000
2015-01-07,116.05999755859375,116.76000213623047,115.4800033569336,116.7300033569336,100.6462631225586,32252100
2015-01-08,117.66000366210938,118.8499984741211,117.44999694824219,118.70999908447266,102.35343170166016,28361700
2015-01-09,118.80999755859375,118.83999633789062,117.30999755859375,117.56999969482422,101.37049865722656,26975200
2015-01-12,117.69999694824219,118.01000213623047,116.2300033569336,117.18000030517578,101.03424835205078,27316800
2015-01-13,118.08999633789062,119.38999938964844,115.81999969482422,117.2699966430664,101.11183166503906,49991400
2015-01-14,115.9800033569336,117.0999984741211,115.55000305175781,116.80000305175781,100.70661163330078,34224200
2015-01-15,117.2300033569336,117.37999725341797,114.4800033569336,114.83000183105469,99.00801086425781,46199400
2015-01-16,114.41000366210938,116.94000244140625,114.19999694824219,116.69999694824219,100.6203842163086,41895700
2015-01-20,116.8499984741211,117.08000183105469,115.16000366210938,116.20999908447266,100.1978988647461,36444400
2015-01-21,115.80000305175781,116.81999969482422,115.29000091552734,115.83999633789062,99.87887573242188,27333500
2015-01-22,116.55999755859375,118.23999786376953,115.0999984741211,118.19999694824219,101.91368103027344,37877000
2015-01-23,118.23999786376953,118.7699966430664,117.55000305175781,118.12000274658203,101.84476470947266,28173400
2015-01-26,117.87999725341797,119.2699966430664,117.06999969482422,119.26000213623047,102.82764434814453,23006800
2015-01-27,117.86000061035156,119.25,117.62000274658203,118.69000244140625,102.3362045288086,26919100
2015-01-28,119.18000030517578,119.44999694824219,116.31999969482422,116.69000244140625,100.61177825927734,38086100
2015-01-29,117.0199966430664,118.31999969482422,116.08999633789062,118.30000305175781,101.99995422363281,39299900
2015-01-30,117.4800033569336,117.95999908447266,115.5999984741211,115.69999694824219,99.75817108154297,49739800
2015-02-02,116.12000274658203,116.83999633789062,114.37999725341797,116.76000213623047,100.67210388183594,44819100
2015-02-03,117.33000183105469,119.0,117.2699966430664,118.8499984741211,102.47415924072266,43920000
2015-02-04,118.41999816894531,119.23999786376953,118.0999984741211,118.41000366210938,102.09477996826172,28597100
2015-02-05,118.7699966430664,120.25,118.5999984741211,119.94000244140625,103.41394805908203,32337100
2015-02-06,120.0999984741211,120.81999969482422,119.3499984741211,119.80999755859375,103.3018569946289,31694900
2015-02-09,119.4000015258789,120.22000122070312,118.72000122070312,118.86000061035156,102.48273468017578,32367900
2015-02-10,119.52999877929688,119.83999633789062,118.0999984741211,119.62000274658203,103.1380615234375,28960800
2015-02-11,119.37000274658203,119.81999969482422,118.62000274658203,119.44999694824219,102.99148559570312,23794200
2015-02-12,120.16000366210938,120.91999816894531,119.83999633789062,120.80999755859375,104.16407012939453,27854600
2015-02-13,120.91000366210938,121.69000244140625,120.6500015258789,121.52999877929688,104.78490447998047,20446900
2015-02-17,121.66000366210938,122.05999755859375,121.26000213623047,121.91000366210938,105.1125259399414,16868500
2015-02-18,121.55999755859375,122.05000305175781,121.12999725341797,122.04000091552734,105.2246322631836,20450200
2015-02-19,121.76000213623047,122.37999725341797,121.54000091552734,122.05000305175781,105.23324584960938,16620500
2015-02-20,121.8499984741211,122.54000091552734,120.9000015258789,122.37999725341797,105.51776123046875,30331600
2015-02-23,122.0999984741211,122.52999877929688,121.2699966430664,122.5,105.62123107910156,25778200
2015-02-24,122.47000122070312,123.05000305175781,122.19000244140625,122.66000366210938,105.7591781616211,20023600
2015-02-25,122.56999969482422,123.04000091552734,122.2300033569336,122.80000305175781,105.87985229492188,17059600
2015-02-26,122.69000244140625,123.30000305175781,122.33000183105469,123.25,106.26789093017578,24379000
2015-02-27,123.02999877929688,123.36000061035156,122.55000305175781,122.58000183105469,105.6902084350586,23821700
2015-03-02,122.55000305175781,123.77999877929688,122.52999877929688,123.47000122070312,106.45760345458984,29683500
2015-03-03,123.19000244140625,123.19000244140625,122.26000213623047,122.73999786376953,105.82817077636719,23068400
2015-03-04,122.20999908447266,122.61000061035156,121.61000061035156,122.36000061035156,105.50051879882812,22822500
2015-03-05,122.52999877929688,122.91999816894531,121.91000366210938,122.72000122070312,105.81092071533203,19725600
2015-03-06,121.9800033569336,122.69000244140625,120.87999725341797,121.16999816894531,104.47447967529297,37319900
2015-03-09,121.37000274658203,121.91999816894531,121.12000274658203,121.69999694824219,104.93144989013672,17556300
2015-03-10,120.61000061035156,120.69999694824219,119.83000183105469,120.30000305175781,103.72435760498047,32440300
2015-03-11,120.47000122070312,121.13999938964844,119.87999725341797,121.04000091552734,104.3624267578125,20914500
2015-03-12,121.81999969482422,123.1500015258789,121.73999786376953,123.05000305175781,106.09544372558594,41063300
2015-03-13,122.94000244140625,123.19000244140625,121.20999908447266,122.61000061035156,105.7160873413086,26371000
2015-03-16,123.11000061035156,123.58000183105469,122.87999725341797,123.33000183105469,106.3368911743164,19906300
2015-03-17,122.97000122070312,123.77999877929688,122.7699966430664,123.66000366210938,106.62139129638672,23142600
2015-03-18,123.4000015258789,125.12000274658203,122.8499984741211,124.6500015258789,107.4749984741211,40292600
2015-03-19,124.36000061035156,124.95999908447266,124.30999755859375,124.88999938964844,107.68192291259766,34008200
2015-03-20,125.36000061035156,126.16000366210938,125.30999755859375,125.98999786376953,108.6303482055664,34165600
2015-03-23,125.94999694824219,126.31999969482422,125.79000091552734,125.87999725341797,108.53551483154297,17132400
2015-03-24,125.7699966430664,126.30999755859375,125.66000366210938,125.8499984741211,108.5096435546875,30115600
2015-03-25,125.52999877929688,125.5999984741211,122.37999725341797,122.47000122070312,105.91769409179688,42514000
2015-03-26,122.08999633789062,122.91000366210938,121.54000091552734,122.31999969482422,105.78797149658203,26899200
2015-03-27,122.37999725341797,123.2300033569336,121.86000061035156,123.0999984741211,106.46255493164062,23066800
2015-03-30,123.72000122070312,124.98999786376953,123.69999694824219,124.7699966430664,107.90685272216797,20487000
2015-03-31,124.27999877929688,124.70999908447266,123.9000015258789,124.37000274658203,107.5609359741211,24507800
2015-04-01,124.2300033569336,124.41999816894531,122.9000015258789,124.41999816894531,107.60415649414062,31955200
2015-04-02,124.36000061035156,125.26000213623047,124.29000091552734,124.6500015258789,107.80308532714844,23586400
2015-04-06,123.91000366210938,125.4800033569336,123.87999725341797,125.19999694824219,108.27872467041016,22045600
2015-04-07,124.97000122070312,125.5,124.37000274658203,124.4000015258789,107.58684539794922,20214700
2015-04-08,124.37999725341797,125.66000366210938,124.37999725341797,125.47000122070312,108.51227569580078,19314400
2015-04-09,125.36000061035156,125.7300033569336,123.7699966430664,125.0199966430664,108.12305450439453,22325300
2015-04-10,125.44000244140625,125.79000091552734,125.22000122070312,125.62000274658203,108.6419906616211,14966300
2015-04-13,125.69000244140625,126.38999938964844,125.58000183105469,125.69999694824219,108.71117401123047,22819200
2015-04-14,125.73999786376953,126.08000183105469,124.77999877929688,125.66999816894531,108.68522644042969,22600800
2015-04-15,126.16000366210938,127.12999725341797,125.91999816894531,126.55000305175781,109.44629669189453,37282300
2015-04-16,126.47000122070312,126.75,126.16000366210938,126.4800033569336,109.38573455810547,24439900
2015-04-17,125.12000274658203,125.55000305175781,123.81999969482422,124.43000030517578,107.61278533935547,48283500
2015-04-20,125.05000305175781,125.94999694824219,124.83000183105469,125.6500015258789,108.66793060302734,24602300
2015-04-21,126.05000305175781,126.25,125.41999816894531,125.5199966430664,108.55548095703125,13844600
2015-04-22,125.5199966430664,125.87999725341797,124.47000122070312,125.70999908447266,108.71976470947266,21991300
2015-04-23,125.4800033569336,126.54000091552734,125.26000213623047,126.27999877929688,109.21277618408203,18025800
2015-04-24,126.33000183105469,126.45999908447266,125.69000244140625,125.86000061035156,108.84954071044922,14992500
2015-04-27,126.20999908447266,126.91000366210938,124.04000091552734,124.47000122070312,107.64740753173828,32924600
2015-04-28,124.54000091552734,125.37000274658203,123.25,125.16000366210938,108.2441177368164,35654900
2015-04-29,124.47000122070312,124.9000015258789,123.62999725341797,123.80000305175781,107.06795501708984,26437900
2015-04-30,123.05999755859375,123.44000244140625,120.66000366210938,121.18000030517578,104.80207061767578,72393800
2015-05-01,121.5199966430664,122.16000366210938,120.91000366210938,121.97000122070312,105.48529052734375,47996200
2015-05-04,122.12999725341797,123.3499984741211,121.80000305175781,122.41000366210938,105.86585235595703,37675100
2015-05-05,122.3499984741211,122.62000274658203,120.27999877929688,120.8499984741211,104.51664733886719,56891600
2015-05-06,121.11000061035156,121.48999786376953,120.23999786376953,121.2699966430664,104.87989807128906,34348300
2015-05-07,121.13999938964844,122.2300033569336,120.56999969482422,121.7300033569336,105.2777328491211,29826100
2015-05-08,122.93000030517578,123.25,122.4000015258789,122.63999938964844,106.06473541259766,26357100
2015-05-11,122.5999984741211,123.66000366210938,122.44000244140625,122.70999908447266,106.12525939941406,28406700
2015-05-12,122.3499984741211,122.91999816894531,120.87000274658203,122.48999786376953,105.93498229980469,34961600
2015-05-13,122.76000213623047,123.20999908447266,122.0,122.48999786376953,105.93498229980469,27214700
2015-05-14,123.08000183105469,123.86000061035156,122.44999694824219,123.79000091552734,107.0593032836914,23293200
2015-05-15,123.55999755859375,123.72000122070312,122.94000244140625,123.6500015258789,106.93821716308594,22055600
2015-05-18,123.4000015258789,125.16000366210938,123.16999816894531,125.05000305175781,108.14900207519531,30846000
2015-05-19,124.80000305175781,125.05000305175781,124.30999755859375,124.87999725341797,108.00199890136719,23256800
2015-05-20,125.16999816894531,125.45999908447266,124.33999633789062,125.11000061035156,108.20088958740234,20838500
2015-05-21,124.9800033569336,125.47000122070312,124.4800033569336,124.97000122070312,108.0798568725586,16229300
2015-05-22,124.76000213623047,125.23999786376953,124.0,124.43000030517578,107.61278533935547,22601400
2015-05-26,123.94000244140625,124.04000091552734,122.5199966430664,123.23999786376953,106.58363342285156,44037800
2015-05-27,123.36000061035156,124.87000274658203,122.79000091552734,124.75,107.8895492553711,32086300
2015-05-28,124.44999694824219,124.70999908447266,123.7699966430664,124.63999938964844,107.79440307617188,18631900
2015-05-29,124.61000061035156,124.7300033569336,123.31999969482422,123.88999938964844,107.14580535888672,33468900
2015-06-01,124.69000244140625,124.9000015258789,123.02999877929688,124.27999877929688,107.4830551147461,35649400
2015-06-02,123.80000305175781,125.30999755859375,123.4800033569336,124.5199966430664,107.69064331054688,29477600
2015-06-03,124.76000213623047,125.93000030517578,124.41999816894531,125.76000213623047,108.76303100585938,30774800
2015-06-04,125.08000183105469,125.62000274658203,124.08000183105469,124.5,107.6733169555664,25820600
2015-06-05,124.2300033569336,125.5199966430664,123.31999969482422,125.4000015258789,108.45169830322266,36626500
2015-06-08,125.27999877929688,125.62000274658203,124.56999969482422,124.81999969482422,107.9500961303711,18798700
2015-06-09,124.70999908447266,124.86000061035156,123.5,124.44000244140625,107.62145233154297,23928300
2015-06-10,124.93000030517578,126.4800033569336,124.8499984741211,125.98999786376953,108.96195983886719,42563500
2015-06-11,126.16999816894531,126.54000091552734,125.91000366210938,126.30999755859375,109.23872375488281,17489400
2015-06-12,125.91999816894531,126.1500015258789,125.43000030517578,125.93000030517578,108.9100570678711,23578600
2015-06-15,125.11000061035156,125.80000305175781,123.94000244140625,125.52999877929688,108.56414794921875,30618300
2015-06-16,125.37999725341797,126.6500015258789,125.31999969482422,126.41999816894531,109.33384704589844,32800900
2015-06-17,126.73999786376953,126.95999908447266,125.97000122070312,126.2300033569336,109.1695327758789,32467000
2015-06-18,126.81999969482422,128.24000549316406,126.73999786376953,127.91999816894531,110.63111877441406,39642100
2015-06-19,127.81999969482422,128.16000366210938,127.5999984741211,127.86000061035156,110.5792236328125,23310900
2015-06-22,128.4199981689453,128.83999633789062,128.14999389648438,128.74000549316406,111.34028625488281,25230000
2015-06-23,128.67999267578125,129.08999633789062,128.39999389648438,129.00999450683594,111.57379913330078,23378500
2015-06-24,128.75999450683594,129.10000610351562,127.7300033569336,127.91999816894531,110.63111877441406,26436800
2015-06-25,128.35000610351562,128.4199981689453,127.25,127.8499984741211,110.57057189941406,24100900
2015-06-26,128.10000610351562,128.33999633789062,126.81999969482422,127.5,110.26787567138672,38219900
2015-06-29,126.62999725341797,127.06999969482422,124.11000061035156,124.27999877929688,107.4830551147461,49224900
2015-06-30,125.18000030517578,125.31999969482422,124.29000091552734,124.86000061035156,107.98469543457031,39631300
2015-07-01,125.7699966430664,126.16000366210938,124.05999755859375,125.2300033569336,108.3046875,28627700
2015-07-02,124.80999755859375,124.95999908447266,123.37000274658203,123.77999877929688,107.5047836303711,31486400
2015-07-06,122.94000244140625,124.51000213623047,122.81999969482422,123.73999786376953,107.47004699707031,27852200
2015-07-07,123.87999725341797,123.98999786376953,121.52999877929688,123.87999725341797,107.59162139892578,39347100
2015-07-08,122.80000305175781,123.3499984741211,121.27999877929688,121.98999786376953,105.95011901855469,40724500
2015-07-09,123.3499984741211,123.52999877929688,122.2699966430664,122.43000030517578,106.3322982788086,29770400
2015-07-10,123.83999633789062,124.33999633789062,123.36000061035156,124.12999725341797,107.80876159667969,28735800
2015-07-13,124.7699966430664,125.63999938964844,124.75,125.52999877929688,109.02469635009766,21349900
2015-07-14,125.45999908447266,126.5,125.4000015258789,126.2300033569336,109.63265991210938,21009500
2015-07-15,126.30999755859375,126.4800033569336,125.2699966430664,125.55999755859375,109.05070495605469,22238300
2015-07-16,126.11000061035156,126.73999786376953,125.97000122070312,126.30999755859375,109.70213317871094,33568400
2015-07-17,126.30999755859375,126.37999725341797,125.36000061035156,125.76000213623047,109.22443389892578,24739900
2015-07-20,125.77999877929688,125.86000061035156,124.76000213623047,125.08000183105469,108.63385772705078,23271100
2015-07-21,125.06999969482422,125.80000305175781,124.11000061035156,124.48999786376953,108.12142944335938,28118700
2015-07-22,124.08000183105469,125.08999633789062,123.87999725341797,124.94999694824219,108.52093505859375,20654200
2015-07-23,124.98999786376953,125.38999938964844,123.30000305175781,123.56999969482422,107.32238006591797,39712100
2015-07-24,123.4800033569336,123.70999908447266,121.48999786376953,121.58000183105469,105.59404754638672,39533000
2015-07-27,121.12999725341797,121.31999969482422,120.2699966430664,120.56999969482422,104.71682739257812,35627200
2015-07-28,120.91999816894531,121.80999755859375,119.33999633789062,121.5999984741211,105.61139678955078,53474800
2015-07-29,121.36000061035156,122.33000183105469,120.97000122070312,121.94000244140625,105.90670776367188,32411300
2015-07-30,121.62999725341797,122.44000244140625,121.01000213623047,122.29000091552734,106.21067810058594,29383900
2015-07-31,122.44999694824219,123.66999816894531,122.22000122070312,122.95999908447266,106.79259490966797,31812700
2015-08-03,123.02999877929688,123.16000366210938,121.45999908447266,122.3499984741211,106.2627944946289,34033200
2015-08-04,122.38999938964844,122.95999908447266,121.61000061035156,122.05999755859375,106.01094055175781,21728900
2015-08-05,122.58999633789062,123.52999877929688,121.91000366210938,122.33999633789062,106.25409698486328,25673500
2015-08-06,122.47000122070312,122.66000366210938,119.77999877929688,120.69000244140625,104.82107543945312,42225300
2015-08-07,120.13999938964844,120.44000244140625,119.06999969482422,119.87999725341797,104.11756134033203,42261400
2015-08-10,120.33000183105469,121.5199966430664,120.30999755859375,121.26000213623047,105.31613159179688,28798900
2015-08-11,120.4800033569336,121.08999633789062,119.6500015258789,120.22000122070312,104.4128646850586,33383800
2015-08-12,119.56999969482422,120.33999633789062,117.97000122070312,119.98999786376953,104.21310424804688,46500100
2015-08-13,120.0999984741211,120.58999633789062,119.38999938964844,119.58999633789062,103.86569213867188,35698300
2015-08-14,119.48999786376953,120.48999786376953,119.0199966430664,120.36000061035156,104.53445434570312,21091500
2015-08-17,120.02999877929688,121.68000030517578,119.5999984741211,121.62999725341797,105.63748931884766,22328200
2015-08-18,121.45999908447266,121.45999908447266,120.5199966430664,120.66000366210938,104.79498291015625,26360400
2015-08-19,119.9000015258789,120.5,118.73999786376953,119.41000366210938,103.70935821533203,45178900
2015-08-20,118.33999633789062,118.61000061035156,116.38999938964844,116.38999938964844,101.08647155761719,51879800
2015-08-21,115.12999725341797,116.66000366210938,114.37000274658203,115.02999877929688,99.90528106689453,79168300
2015-08-24,109.51000213623047,114.91999816894531,108.26000213623047,110.54000091552734,96.00564575195312,83809200
2015-08-25,114.05000305175781,114.0999984741211,109.55999755859375,109.69000244140625,95.26741790771484,59240200
2015-08-26,111.83000183105469,112.69000244140625,109.41999816894531,112.4800033569336,97.6905746459961,51605300
2015-08-27,113.30000305175781,115.12000274658203,112.36000061035156,114.48999786376953,99.436279296875,49533700
2015-08-28,114.36000061035156,115.69999694824219,114.20999908447266,115.62000274658203,100.41767883300781,41601400
2015-08-31,115.0999984741211,115.9800033569336,114.76000213623047,115.19999694824219,100.05291748046875,29250900
2015-09-01,113.11000061035156,114.12000274658203,111.5999984741211,111.9000015258789,97.18682098388672,45129200
2015-09-02,113.41000366210938,113.97000122070312,112.08000183105469,113.91000366210938,98.93252563476562,26865800
2015-09-03,114.08000183105469,115.12999725341797,113.55000305175781,113.7300033569336,98.77622985839844,33334500
2015-09-04,112.52999877929688,113.69999694824219,112.27999877929688,112.87000274658203,98.029296875,31154600
2015-09-08,114.55999755859375,115.56999969482422,114.11000061035156,115.44999694824219,100.27005004882812,29916300
2015-09-09,116.16999816894531,116.41999816894531,114.01000213623047,114.12000274658203,99.11492919921875,40963000
2015-09-10,113.75,115.27999877929688,113.7300033569336,114.63999938964844,99.56655883789062,29877900
2015-09-11,114.16000366210938,115.19999694824219,113.66000366210938,115.18000030517578,100.03556060791016,27949400
2015-09-14,115.5199966430664,115.54000091552734,114.43000030517578,114.6500015258789,99.57524108886719,22365800
2015-09-15,114.86000061035156,116.19000244140625,114.7300033569336,115.94000244140625,100.69563293457031,26745300
2015-09-16,115.94999694824219,117.0199966430664,115.79000091552734,116.94000244140625,101.56415557861328,27127800
2015-09-17,116.91999816894531,118.88999938964844,116.68000030517578,117.33999633789062,101.91153717041016,50405400
2015-09-18,115.76000213623047,116.83999633789062,115.4000015258789,115.72000122070312,100.50458526611328,42736100
2015-09-21,116.54000091552734,117.30000305175781,115.08000183105469,115.51000213623047,100.32215881347656,33021700
2015-09-22,114.44999694824219,114.7300033569336,113.05000305175781,113.76000213623047,98.8022689819336,35786900
2015-09-23,114.0199966430664,114.41999816894531,113.06999969482422,113.41999816894531,98.50695037841797,25506800
2015-09-24,112.79000091552734,113.41999816894531,111.87000274658203,113.2300033569336,98.34197235107422,39810300
2015-09-25,113.81999969482422,113.91000366210938,110.93000030517578,111.41999816894531,97.04763793945312,43750300
2015-09-28,111.05000305175781,111.1500015258789,107.87999725341797,108.30000305175781,94.330078125,56765300
2015-09-29,108.25,109.11000061035156,106.98999786376953,107.52999877929688,93.65939331054688,49980700
2015-09-30,108.4800033569336,109.43000030517578,107.91000366210938,109.19999694824219,95.11398315429688,50834500
2015-10-01,109.37000274658203,109.68000030517578,107.43000030517578,109.01000213623047,94.94847869873047,44985900
2015-10-02,107.9800033569336,110.62999725341797,107.12000274658203,110.62999725341797,96.35952758789062,58019200
2015-10-05,111.66000366210938,113.44999694824219,111.54000091552734,113.2699966430664,98.65900421142578,45220500
2015-10-06,113.20999908447266,113.66999816894531,111.77999877929688,112.48999786376953,97.97959899902344,34140000
2015-10-07,113.0999984741211,114.5,112.62999725341797,114.4800033569336,99.71290588378906,36371000
2015-10-08,114.37999725341797,115.75,113.94999694824219,115.51000213623047,100.61004638671875,43072200
2015-10-09,115.72000122070312,116.13999938964844,115.4000015258789,115.73999786376953,100.81036376953125,26497200
2015-10-12,115.79000091552734,115.98999786376953,115.06999969482422,115.56999969482422,100.66230010986328,22984000
2015-10-13,115.11000061035156,116.30000305175781,113.93000030517578,113.98999786376953,99.28609466552734,37445300
2015-10-14,114.04000091552734,114.75,112.70999908447266,112.87000274658203,98.31060028076172,39987400
2015-10-15,113.19000244140625,115.56999969482422,112.66000366210938,115.56999969482422,100.66230010986328,42503400
2015-10-16,115.80000305175781,115.80000305175781,114.43000030517578,115.41999816894531,100.53164672851562,33685600
2015-10-19,114.9000015258789,116.20999908447266,114.6500015258789,115.63999938964844,100.72327423095703,24949500
2015-10-20,115.58000183105469,116.30000305175781,115.02999877929688,115.4800033569336,100.58393096923828,20531400
2015-10-21,115.91999816894531,115.9800033569336,113.6500015258789,113.72000122070312,99.05094146728516,34060300
2015-10-22,114.41000366210938,115.41999816894531,113.7300033569336,114.72000122070312,99.92195129394531,36882600
2015-10-23,115.6500015258789,116.05000305175781,114.7300033569336,115.8499984741211,100.90618896484375,40172500
2015-10-26,115.5999984741211,115.87000274658203,114.93000030517578,115.05999755859375,100.21810150146484,19783300
2015-10-27,114.58999633789062,114.87000274658203,113.0999984741211,113.80000305175781,99.12063598632812,38189200
2015-10-28,114.13999938964844,117.13999938964844,113.91999816894531,117.12000274658203,102.01237487792969,65529900
2015-10-29,116.73999786376953,117.11000061035156,115.55999755859375,115.87000274658203,100.92362213134766,27252000
2015-10-30,115.55999755859375,116.02999877929688,115.08000183105469,115.33999633789062,100.46198272705078,28018700
2015-11-02,115.44999694824219,118.06999969482422,115.41999816894531,117.73999786376953,102.5523910522461,33836900
2015-11-03,117.58999633789062,119.02999877929688,117.38999938964844,118.3499984741211,103.08370971679688,28626300
2015-11-04,118.6500015258789,119.0,117.69000244140625,118.29000091552734,103.03145599365234,25696000
2015-11-05,118.23999786376953,118.5999984741211,117.08999633789062,118.37999725341797,103.10982513427734,27141300
2015-11-06,118.01000213623047,119.36000061035156,117.29000091552734,119.22000122070312,103.84149169921875,35141300
2015-11-09,119.06999969482422,119.29000091552734,117.2699966430664,117.81999969482422,102.62208557128906,32983100
2015-11-10,117.31999969482422,118.16999816894531,116.95999908447266,118.16999816894531,102.92691802978516,21892200
2015-11-11,118.30999755859375,118.33999633789062,117.08000183105469,117.13999938964844,102.02976989746094,22037600
2015-11-12,116.33000183105469,116.48999786376953,114.7300033569336,114.9000015258789,100.0787353515625,39916100
2015-11-13,114.44000244140625,115.33999633789062,113.66000366210938,114.06999969482422,99.35580444335938,43883000
2015-11-16,113.95999908447266,115.08999633789062,113.36000061035156,115.05000305175781,100.20940399169922,28979100
2015-11-17,115.1500015258789,116.1500015258789,114.44999694824219,114.61000061035156,99.8261489868164,34441000
2015-11-18,114.93000030517578,116.6500015258789,114.5199966430664,116.55000305175781,101.51591491699219,35554300
2015-11-19,116.44000244140625,116.6500015258789,115.73999786376953,116.05999755859375,101.0890884399414,25512500
2015-11-20,116.4800033569336,117.36000061035156,116.37999725341797,116.80999755859375,101.74236297607422,31697700
2015-11-23,116.70999908447266,117.88999938964844,116.68000030517578,117.38999938964844,102.24755096435547,22716400
2015-11-24,116.87999725341797,118.41999816894531,116.55999755859375,118.25,102.99662017822266,24994500
2015-11-25,118.30000305175781,119.31999969482422,118.11000061035156,119.16999816894531,103.79792785644531,20772600
2015-11-27,119.2699966430664,119.9000015258789,118.87999725341797,119.62000274658203,104.18988800048828,14129300
2015-11-30,120.0199966430664,120.06999969482422,119.05000305175781,119.0999984741211,103.73697662353516,30165400
2015-12-01,119.61000061035156,119.91000366210938,118.9000015258789,119.88999938964844,104.42506408691406,27899900
2015-12-02,119.7300033569336,120.04000091552734,118.44999694824219,118.5999984741211,103.30145263671875,22238300
2015-12-03,118.93000030517578,119.44999694824219,116.13999938964844,116.5999984741211,101.5594482421875,39485400
2015-12-04,116.5999984741211,117.93000030517578,116.33999633789062,117.77999877929688,102.58724975585938,32669900
2015-12-07,117.63999938964844,117.66999816894531,115.51000213623047,116.01000213623047,101.04554748535156,29621400
2015-12-08,114.95999908447266,116.01000213623047,114.45999908447266,115.37000274658203,100.48810577392578,30946000
2015-12-09,115.02999877929688,116.16999816894531,113.5999984741211,114.08000183105469,99.36453247070312,41980400
2015-12-10,113.88999938964844,115.08000183105469,113.6500015258789,114.45999908447266,99.69550323486328,31278800
2015-12-11,113.2699966430664,113.33999633789062,111.52999877929688,111.91000366210938,97.47444152832031,52609300
2015-12-14,111.87000274658203,112.37999725341797,110.27999877929688,111.11000061035156,96.77762603759766,53400400
2015-12-15,111.7300033569336,112.95999908447266,111.5999984741211,112.70999908447266,98.17122650146484,48273900
2015-12-16,113.48999786376953,114.6500015258789,112.83000183105469,114.43000030517578,99.66938018798828,44560600
2015-12-17,114.91000366210938,114.94000244140625,112.97000122070312,113.20999908447266,98.60673522949219,41318000
2015-12-18,112.66000366210938,112.88999938964844,111.44000244140625,111.4800033569336,97.09989929199219,49876600
2015-12-21,112.16999816894531,112.62999725341797,111.5,112.31999969482422,97.83154296875,26479300
2015-12-22,112.63999938964844,113.5199966430664,111.79000091552734,113.3499984741211,98.72866821289062,28108700
2015-12-23,113.91999816894531,114.95999908447266,113.7300033569336,114.77999877929688,99.9742431640625,29609700
2015-12-24,114.44000244140625,115.16000366210938,114.1500015258789,114.5,100.16316986083984,13370500
2015-12-28,113.9800033569336,114.06999969482422,112.95999908447266,113.97000122070312,99.69952392578125,22125500
2015-12-29,114.4800033569336,115.29000091552734,114.06999969482422,115.19999694824219,100.77552032470703,22841500
2015-12-30,115.05000305175781,115.3499984741211,114.0,114.04000091552734,99.7607650756836,21273200
2015-12-31,113.55999755859375,113.97000122070312,112.51000213623047,112.62000274658203,98.5185775756836,39517700
2016-01-04,110.61000061035156,110.83000183105469,109.08000183105469,110.01000213623047,96.23535919189453,66665900
2016-01-05,110.41000366210938,110.58000183105469,109.55000305175781,110.25,96.44532775878906,28253300
2016-01-06,108.69999694824219,109.5999984741211,108.0,108.56999969482422,94.97567749023438,35569200
2016-01-07,106.72000122070312,107.5,105.48999786376953,105.66999816894531,92.43878173828125,52482000
2016-01-08,105.87000274658203,106.48999786376953,103.66000366210938,103.8499984741211,90.84666442871094,60299300
2016-01-11,104.20999908447266,104.77999877929688,102.30999755859375,103.4000015258789,90.45301818847656,47144800
2016-01-12,104.22000122070312,104.98999786376953,101.94000244140625,103.70999908447266,90.72421264648438,53702900
2016-01-13,103.91000366210938,104.41999816894531,99.6500015258789,100.37999725341797,87.8111572265625,70591600
2016-01-14,100.86000061035156,102.70999908447266,99.19000244140625,101.7699966430664,89.027099609375,69373400
2016-01-15,99.08000183105469,100.29000091552734,97.51000213623047,100.12000274658203,87.58373260498047,85759200
2016-01-19,101.06999969482422,101.19999694824219,97.73999786376953,98.7699966430664,86.40274047851562,51391100
2016-01-20,97.43000030517578,100.33000183105469,95.05999755859375,99.18000030517578,86.76142883300781,94385800
2016-01-21,99.33000183105469,100.91000366210938,98.37999725341797,98.94999694824219,86.56023406982422,65798200
2016-01-22,100.6500015258789,101.61000061035156,100.12999725341797,101.37000274658203,88.67723846435547,46056700
2016-01-25,100.73999786376953,101.08000183105469,98.8499984741211,99.12000274658203,86.70894622802734,35019600
2016-01-26,99.5199966430664,101.4000015258789,99.18000030517578,101.0999984741211,88.4410171508789,33349600
2016-01-27,100.58999633789062,101.58999633789062,99.05999755859375,99.70999908447266,87.22505187988281,47973900
2016-01-28,100.55000305175781,100.94999694824219,99.22000122070312,99.69000244140625,87.20758056640625,41951100
2016-01-29,100.04000091552734,102.9800033569336,99.95999908447266,102.95999908447266,90.068115234375,42245300
2016-02-01,102.13999938964844,103.08999633789062,101.25,102.48999786376953,89.65696716308594,33615700
2016-02-02,101.33000183105469,101.47000122070312,99.7699966430664,100.27999877929688,87.72369384765625,39692700
2016-02-03,101.05999755859375,101.06999969482422,98.13999938964844,100.41000366210938,87.83740234375,55262500
2016-02-04,100.0,101.97000122070312,99.97000122070312,100.80000305175781,88.17858123779297,51188400
2016-02-05,100.3499984741211,100.44000244140625,97.95999908447266,98.04000091552734,85.76417541503906,53366600
2016-02-08,97.01000213623047,97.01000213623047,94.94000244140625,96.43000030517578,84.35577392578125,61107700
2016-02-09,95.12999725341797,97.12999725341797,95.0199966430664,95.77999877929688,83.78714752197266,55857200
2016-02-10,96.44999694824219,97.91999816894531,95.68000030517578,95.83000183105469,83.83087921142578,42756100
2016-02-11,94.08000183105469,95.4000015258789,93.63999938964844,94.79000091552734,82.92111206054688,57923200
2016-02-12,95.66000366210938,96.79000091552734,95.19000244140625,96.58999633789062,84.49571990966797,40097300
2016-02-16,97.79000091552734,99.0999984741211,97.22000122070312,98.87999725341797,86.49896240234375,38882100
2016-02-17,99.56999969482422,101.08999633789062,99.52999877929688,100.43000030517578,87.85491180419922,40940400
2016-02-18,100.51000213623047,100.63999938964844,99.54000091552734,99.94999694824219,87.43502807617188,35043600
2016-02-19,99.55999755859375,100.55999755859375,99.11000061035156,100.44999694824219,87.87240600585938,32424800
2016-02-22,101.33999633789062,102.01000213623047,101.23999786376953,101.56999969482422,88.8521728515625,28867400
2016-02-23,101.23999786376953,101.48999786376953,100.55000305175781,100.63999938964844,88.0385971069336,29857100
2016-02-24,99.62000274658203,101.81999969482422,98.97000122070312,101.61000061035156,88.88716888427734,36909600
2016-02-25,101.79000091552734,102.5999984741211,101.38999938964844,102.54000091552734,89.70071411132812,22612600
2016-02-26,103.05999755859375,103.47000122070312,102.69999694824219,103.19000244140625,90.26931762695312,27474700
2016-02-29,103.12999725341797,104.02999877929688,102.72000122070312,102.7300033569336,89.86693572998047,32014400
2016-03-01,103.62000274658203,104.94000244140625,103.06999969482422,104.94000244140625,91.80023956298828,36422700
2016-03-02,104.79000091552734,106.08999633789062,104.58999633789062,106.0199966430664,92.74498748779297,24937100
2016-03-03,106.05000305175781,107.1500015258789,105.91999816894531,107.12999725341797,93.71598052978516,28216300
2016-03-04,107.06999969482422,108.31999969482422,106.66999816894531,107.72000122070312,94.23210144042969,38180900
2016-03-07,107.20999908447266,108.98999786376953,107.20999908447266,108.88999938964844,95.255615234375,38739900
2016-03-08,108.29000091552734,108.29000091552734,106.13999938964844,106.26000213623047,92.9549331665039,46193900
2016-03-09,106.62000274658203,107.01000213623047,106.06999969482422,106.80000305175781,93.42729949951172,25627200
2016-03-10,107.0999984741211,107.48999786376953,104.80999755859375,105.93000030517578,92.66622924804688,47051200
2016-03-11,106.79000091552734,108.33000183105469,106.66000366210938,108.19999694824219,94.65201568603516,33625000
2016-03-14,107.87000274658203,108.33999633789062,107.4000015258789,107.91999816894531,94.40706634521484,24422700
2016-03-15,107.20999908447266,107.27999877929688,106.02999877929688,106.23999786376953,92.93741607666016,34258400
2016-03-16,105.7300033569336,107.33000183105469,105.7300033569336,106.98999786376953,93.59351348876953,37952200
2016-03-17,106.98999786376953,109.0999984741211,106.33000183105469,108.62999725341797,95.02816772460938,41724500
2016-03-18,108.7699966430664,109.94999694824219,108.69999694824219,109.61000061035156,95.88550567626953,36512600
2016-03-21,109.44000244140625,109.94000244140625,109.08000183105469,109.3499984741211,95.65800476074219,29903700
2016-03-22,108.77999877929688,109.69000244140625,108.47000122070312,109.22000122070312,95.5442886352539,23602100
2016-03-23,108.54000091552734,108.58999633789062,106.80000305175781,106.87999725341797,93.77804565429688,39243300
2016-03-24,106.23999786376953,107.22000122070312,105.73999786376953,107.19999694824219,94.058837890625,30924300
2016-03-28,107.43000030517578,107.77999877929688,106.55000305175781,107.33000183105469,94.17289733886719,21096400
2016-03-29,107.04000091552734,110.33999633789062,106.7699966430664,110.30999755859375,96.78758239746094,46761100
2016-03-30,110.88999938964844,111.12000274658203,110.05000305175781,110.31999969482422,96.79635620117188,35683500
2016-03-31,110.4800033569336,111.16999816894531,110.33999633789062,110.62999725341797,97.06835174560547,28555900
2016-04-01,109.61000061035156,111.22000122070312,109.4800033569336,111.12000274658203,97.49828338623047,29981400
2016-04-04,110.91000366210938,111.31999969482422,110.0999984741211,110.19000244140625,96.68232727050781,21529400
2016-04-05,109.37000274658203,109.86000061035156,108.83999633789062,108.94000244140625,95.58551788330078,32515800
2016-04-06,108.93000030517578,110.2699966430664,108.58999633789062,110.16999816894531,96.66473388671875,28157800
2016-04-07,109.37000274658203,109.87999725341797,108.12999725341797,108.68000030517578,95.35740661621094,33298400
2016-04-08,109.61000061035156,110.06999969482422,108.62999725341797,109.11000061035156,95.73470306396484,26151700
2016-04-11,109.73999786376953,110.55000305175781,108.75,108.7699966430664,95.43636322021484,25842100
2016-04-12,108.79000091552734,110.18000030517578,108.43000030517578,109.94000244140625,96.46295166015625,25058700
2016-04-13,110.58000183105469,112.43000030517578,110.51000213623047,112.30999755859375,98.54243469238281,40534700
2016-04-14,112.26000213623047,112.69999694824219,111.87999725341797,112.16999816894531,98.41957092285156,25538600
2016-04-15,111.9000015258789,112.62999725341797,111.86000061035156,112.44999694824219,98.66525268554688,21176100
2016-04-18,111.9800033569336,113.38999938964844,111.87000274658203,113.30000305175781,99.41107940673828,19428300
2016-04-19,113.51000213623047,114.12999725341797,112.88999938964844,113.38999938964844,99.49002075195312,23228100
2016-04-20,113.38999938964844,114.20999908447266,112.97000122070312,113.55999755859375,99.6391830444336,21422500
2016-04-21,113.47000122070312,113.91999816894531,112.66000366210938,112.98999786376953,99.1390609741211,20535700
2016-04-22,112.9800033569336,114.19000244140625,112.9800033569336,114.11000061035156,100.12177276611328,29094500
2016-04-25,113.80000305175781,113.91000366210938,112.80999755859375,113.30000305175781,99.41107940673828,16369600
2016-04-26,113.66999816894531,114.52999877929688,113.16999816894531,114.41000366210938,100.38497924804688,30564100
2016-04-27,114.4800033569336,115.05000305175781,113.9000015258789,114.80999755859375,100.7359390258789,24360300
2016-04-28,114.2699966430664,115.0,113.19000244140625,113.5,99.5865478515625,26126500
2016-04-29,113.01000213623047,113.45999908447266,111.72000122070312,112.4800033569336,98.69157409667969,33284500
2016-05-02,112.83000183105469,113.51000213623047,112.18000030517578,113.4800033569336,99.56903076171875,21881000
2016-05-03,112.55000305175781,112.55999755859375,110.93000030517578,111.62000274658203,97.93700408935547,37929600
2016-05-04,110.98999786376953,111.98999786376953,110.37000274658203,110.69999694824219,97.12976837158203,30767200
2016-05-05,111.1500015258789,111.33000183105469,110.0999984741211,110.26000213623047,96.74372100830078,26249200
2016-05-06,109.80000305175781,110.93000030517578,109.54000091552734,110.91000366210938,97.31402587890625,25497400
2016-05-09,110.91999816894531,111.88999938964844,110.62999725341797,111.2300033569336,97.59480285644531,23427000
2016-05-10,111.66000366210938,112.4000015258789,111.06999969482422,112.3499984741211,98.57749938964844,18635300
2016-05-11,112.0999984741211,112.2699966430664,110.87000274658203,110.95999908447266,97.35790252685547,23604600
2016-05-12,111.19000244140625,111.48999786376953,109.5,110.37000274658203,96.84024047851562,34803000
2016-05-13,110.05999755859375,110.94000244140625,109.36000061035156,109.63999938964844,96.1997299194336,24510300
2016-05-16,109.91999816894531,111.5199966430664,109.87000274658203,111.02999877929688,97.41931915283203,27337000
2016-05-17,110.87999725341797,111.41999816894531,108.7699966430664,109.2699966430664,95.87507629394531,46676300
2016-05-18,108.80999755859375,110.66000366210938,108.79000091552734,109.83999633789062,96.37520599365234,35734400
2016-05-19,109.04000091552734,109.7699966430664,107.98999786376953,108.95999908447266,95.60307312011719,36995600
2016-05-20,109.29000091552734,110.79000091552734,109.2300033569336,110.79000091552734,97.20874786376953,37404500
2016-05-23,110.7699966430664,111.38999938964844,110.5,110.66000366210938,97.09468841552734,23721700
2016-05-24,111.30999755859375,113.22000122070312,111.2699966430664,112.94000244140625,99.09519958496094,41124300
2016-05-25,113.30000305175781,113.9000015258789,113.08000183105469,113.5999984741211,99.6742935180664,26202900
2016-05-26,113.7699966430664,114.0199966430664,113.25,113.47000122070312,99.56021118164062,15157200
2016-05-27,113.55999755859375,114.5999984741211,113.51000213623047,114.5999984741211,100.55170440673828,21265100
2016-05-31,114.81999969482422,115.54000091552734,114.5,115.0,100.90264129638672,32764400
2016-06-01,114.61000061035156,115.94999694824219,114.41999816894531,115.77999877929688,101.5870361328125,26806100
2016-06-02,115.48999786376953,116.66999816894531,115.37000274658203,116.66999816894531,102.36793518066406,23303300
2016-06-03,116.47000122070312,116.47000122070312,115.0,115.97000122070312,101.7537612915039,28733200
2016-06-06,116.08000183105469,117.58000183105469,116.01000213623047,117.22000122070312,102.85052490234375,26946000
2016-06-07,117.29000091552734,117.9800033569336,116.95999908447266,117.55999755859375,103.1488265991211,21038500
2016-06-08,117.66000366210938,118.63999938964844,117.6500015258789,118.43000030517578,103.91218566894531,27999900
2016-06-09,117.94000244140625,117.94000244140625,117.29000091552734,117.66999816894531,103.245361328125,23440700
2016-06-10,116.58000183105469,116.87999725341797,115.69000244140625,116.06999969482422,101.84152221679688,32686800
2016-06-13,115.6500015258789,116.18000030517578,114.58999633789062,114.80999755859375,100.7359390258789,36169500
2016-06-14,114.38999938964844,115.11000061035156,113.66999816894531,114.4800033569336,100.4463882446289,34267600
2016-06-15,114.88999938964844,115.55999755859375,114.45999908447266,114.55999755859375,100.5166015625,24197700
2016-06-16,113.72000122070312,114.58999633789062,112.88999938964844,114.55000305175781,100.5078125,36306600
2016-06-17,114.41000366210938,114.91999816894531,113.68000030517578,114.05999755859375,100.0779037475586,30096400
2016-06-20,115.80000305175781,116.44999694824219,115.30000305175781,115.30000305175781,101.16588592529297,28219800
2016-06-21,115.33999633789062,115.41000366210938,114.33000183105469,115.08000183105469,100.97285461425781,34706800
2016-06-22,115.30000305175781,115.87999725341797,114.48999786376953,114.62999725341797,100.57801055908203,27226100
2016-06-23,115.81999969482422,116.91000366210938,115.7300033569336,116.81999969482422,102.49957275390625,30240300
2016-06-24,111.94000244140625,114.04000091552734,111.5,112.37999725341797,98.60383605957031,74945400
2016-06-27,111.06999969482422,111.06999969482422,108.19000244140625,108.69000244140625,95.36620330810547,58358800
2016-06-28,109.6500015258789,110.87999725341797,109.56999969482422,110.37000274658203,96.84024047851562,42040600
2016-06-29,111.69999694824219,113.05000305175781,111.52999877929688,112.87999725341797,99.04253387451172,34031600
2016-06-30,113.12000274658203,115.0199966430664,112.56999969482422,114.9800033569336,100.88509368896484,42973800
2016-07-01,115.05000305175781,115.94999694824219,114.80000305175781,115.38999938964844,101.24483489990234,24401900
2016-07-05,115.0199966430664,115.26000213623047,113.06999969482422,113.69000244140625,99.75324249267578,29347200
2016-07-06,112.54000091552734,114.01000213623047,112.30999755859375,113.88999938964844,100.4775390625,24678300
2016-07-07,114.22000122070312,114.98999786376953,113.41000366210938,114.12999725341797,100.68929290771484,20780600
2016-07-08,115.25,117.08999633789062,115.1500015258789,116.79000091552734,103.03604125976562,37964800
2016-07-11,117.55999755859375,118.43000030517578,117.47000122070312,118.13999938964844,104.22705078125,26987300
2016-07-12,119.0,120.41999816894531,118.83000183105469,119.72000122070312,105.6209945678711,44153000
2016-07-13,120.33000183105469,120.38999938964844,118.94999694824219,119.25,105.20631408691406,28050200
2016-07-14,120.30000305175781,120.36000061035156,119.30000305175781,119.37000274658203,105.31221771240234,19345400
2016-07-15,119.88999938964844,120.04000091552734,119.27999877929688,119.69999694824219,105.60334014892578,23857300
2016-07-18,119.52999877929688,120.3499984741211,119.33000183105469,119.9000015258789,105.77978515625,17422400
2016-07-19,119.76000213623047,119.97000122070312,118.93000030517578,119.30000305175781,105.25044250488281,19734100
2016-07-20,119.55000305175781,120.44000244140625,118.94000244140625,120.08000183105469,105.93860626220703,22390500
2016-07-21,120.01000213623047,120.5999984741211,119.25,119.51000213623047,105.43572235107422,19018700
2016-07-22,119.58000183105469,120.6500015258789,119.3499984741211,120.4000015258789,106.22089385986328,17796100
2016-07-25,120.1500015258789,120.45999908447266,119.76000213623047,120.22000122070312,106.06208038330078,13694600
2016-07-26,120.19999694824219,120.97000122070312,119.91999816894531,120.80000305175781,106.57376861572266,19551100
2016-07-27,121.0,121.47000122070312,120.3499984741211,121.13999938964844,106.87374877929688,21064700
2016-07-28,120.87999725341797,121.23999786376953,120.52999877929688,120.83000183105469,106.60028839111328,16540100
2016-07-29,120.70999908447266,121.76000213623047,120.05000305175781,121.06999969482422,106.81199645996094,30267900
2016-08-01,121.19999694824219,121.69999694824219,120.44000244140625,121.16999816894531,106.90021514892578,34771700
2016-08-02,121.16000366210938,121.20999908447266,119.0999984741211,119.4800033569336,105.40926361083984,28691000
2016-08-03,119.37000274658203,120.5,119.0999984741211,120.44999694824219,106.26500701904297,17830300
2016-08-04,120.44999694824219,121.19000244140625,120.26000213623047,120.55999755859375,106.3620376586914,17526700
2016-08-05,121.33999633789062,122.58000183105469,120.97000122070312,122.30000305175781,107.89712524414062,28643400
2016-08-08,122.3499984741211,122.8499984741211,122.02999877929688,122.23999786376953,107.8442153930664,14625700
2016-08-09,122.2699966430664,122.62999725341797,122.13999938964844,122.37000274658203,107.95890808105469,12487700
2016-08-10,122.37999725341797,122.5999984741211,121.1500015258789,121.48999786376953,107.18253326416016,19138100
2016-08-11,122.02999877929688,122.4000015258789,121.56999969482422,122.06999969482422,107.69424438476562,21144600
2016-08-12,121.83000183105469,122.45999908447266,121.62999725341797,122.19000244140625,107.80011749267578,12251200
2016-08-15,122.45999908447266,123.69000244140625,122.43000030517578,123.4000015258789,108.86759185791016,22048000
2016-08-16,123.08000183105469,123.12000274658203,122.26000213623047,122.4000015258789,107.98538208007812,20244300
2016-08-17,122.44000244140625,122.5,121.33000183105469,122.04000091552734,107.66777801513672,20632600
2016-08-18,122.08000183105469,122.97000122070312,122.04000091552734,122.94000244140625,108.4617691040039,16244600
2016-08-19,122.7699966430664,123.06999969482422,122.27999877929688,122.94000244140625,108.4617691040039,17379500
2016-08-22,122.68000030517578,123.33999633789062,122.33000183105469,123.22000122070312,108.70878601074219,16929700
2016-08-23,123.61000061035156,124.45999908447266,123.61000061035156,124.08000183105469,109.467529296875,21539400
2016-08-24,123.94000244140625,124.25,122.7699966430664,123.06999969482422,108.57645416259766,21533400
2016-08-25,122.62000274658203,123.69000244140625,122.61000061035156,123.30999755859375,108.78819274902344,17023200
2016-08-26,123.44999694824219,124.41000366210938,122.30000305175781,123.05999755859375,108.567626953125,26734400
2016-08-29,123.2699966430664,124.16999816894531,123.23999786376953,123.69999694824219,109.13226318359375,14013900
2016-08-30,123.83000183105469,124.16999816894531,123.37999725341797,123.93000030517578,109.33517456054688,14031300
2016-08-31,123.77999877929688,123.88999938964844,122.55000305175781,123.2300033569336,108.71763610839844,29236300
2016-09-01,123.33999633789062,123.62999725341797,122.0199966430664,123.31999969482422,108.7970199584961,22964700
2016-09-02,124.01000213623047,124.52999877929688,123.62999725341797,124.51000213623047,109.84685516357422,23083300
2016-09-06,124.91999816894531,124.97000122070312,123.97000122070312,124.62999725341797,109.9527587890625,13711000
2016-09-07,124.55000305175781,125.44000244140625,124.4800033569336,125.41000366210938,110.64089965820312,17830500
2016-09-08,125.30999755859375,125.41000366210938,124.7699966430664,125.16000366210938,110.42029571533203,16265500
2016-09-09,124.18000030517578,124.20999908447266,121.20999908447266,121.25,106.97079467773438,54239000
2016-09-12,120.69000244140625,122.97000122070312,120.58000183105469,122.94000244140625,108.4617691040039,33408100
2016-09-13,122.05999755859375,122.16000366210938,119.87999725341797,120.58000183105469,106.37971496582031,47536200
2016-09-14,120.7699966430664,121.47000122070312,120.29000091552734,120.5999984741211,106.39734649658203,30545500
2016-09-15,120.68000030517578,122.19000244140625,120.51000213623047,122.04000091552734,107.66777801513672,29499800
2016-09-16,122.04000091552734,122.04000091552734,121.0999984741211,121.86000061035156,107.50894927978516,31940500
2016-09-19,122.31999969482422,123.55000305175781,121.98999786376953,122.66999816894531,108.22355651855469,22807000
2016-09-20,123.19999694824219,123.2300033569336,122.1500015258789,122.1500015258789,107.7647933959961,16877900
2016-09-21,122.58000183105469,123.97000122070312,122.0999984741211,123.91999816894531,109.32637023925781,30784700
2016-09-22,124.7300033569336,125.80000305175781,124.66000366210938,125.69999694824219,110.8967514038086,36287700
2016-09-23,125.55999755859375,125.87999725341797,124.80999755859375,124.80999755859375,110.1115493774414,26118000
2016-09-26,123.80000305175781,124.16999816894531,123.0999984741211,123.2300033569336,109.0180892944336,20028000
2016-09-27,123.16999816894531,123.87999725341797,122.80999755859375,123.7300033569336,109.46043395996094,16939500
2016-09-28,123.94999694824219,124.76000213623047,123.06999969482422,124.68000030517578,110.30088806152344,19426400
2016-09-29,124.62000274658203,124.63999938964844,122.69999694824219,122.86000061035156,108.69078063964844,26657700
2016-09-30,123.41999816894531,124.77999877929688,122.86000061035156,124.20999908447266,109.88506317138672,31764500
2016-10-03,123.83000183105469,124.0999984741211,123.12999725341797,123.81999969482422,109.54009246826172,18674300
2016-10-04,124.0199966430664,124.30999755859375,122.6500015258789,123.20999908447266,109.00039672851562,26057300
2016-10-05,123.69000244140625,124.68000030517578,123.6500015258789,123.94999694824219,109.65506744384766,24317300
2016-10-06,123.75,124.0199966430664,122.81999969482422,123.81999969482422,109.54009246826172,18937100
2016-10-07,124.04000091552734,124.31999969482422,122.2300033569336,122.83000183105469,108.66426086425781,28732700
2016-10-10,122.83000183105469,124.73999786376953,122.83000183105469,124.30000305175781,109.96470642089844,21481700
2016-10-11,124.05000305175781,124.11000061035156,121.33999633789062,122.02999877929688,107.95648956298828,31931300
2016-10-12,122.08999633789062,122.61000061035156,121.52999877929688,121.93000030517578,107.8680191040039,20210400
2016-10-13,120.98999786376953,121.41000366210938,120.11000061035156,120.91999816894531,106.97449493408203,26302500
2016-10-14,121.36000061035156,121.83999633789062,120.4000015258789,120.43000030517578,106.54100799560547,24554600
2016-10-17,120.58000183105469,120.8499984741211,120.16000366210938,120.29000091552734,106.41715240478516,17119500
2016-10-18,121.5199966430664,121.58000183105469,120.66000366210938,120.9800033569336,107.02759552001953,19158900
2016-10-19,121.16999816894531,121.94999694824219,120.5,121.48999786376953,107.478759765625,18477400
2016-10-20,121.13999938964844,122.0,120.41000366210938,121.12999725341797,107.16028594970703,20485600
2016-10-21,120.26000213623047,121.37000274658203,120.0999984741211,121.06999969482422,107.10722351074219,21093700
2016-10-24,122.04000091552734,122.61000061035156,121.44999694824219,121.83999633789062,107.78839111328125,15421600
2016-10-25,121.80999755859375,121.98999786376953,120.5999984741211,120.93000030517578,106.98334503173828,16459800
2016-10-26,120.11000061035156,121.0,119.45999908447266,119.7300033569336,105.92176055908203,24975300
2016-10-27,120.12000274658203,120.13999938964844,118.08999633789062,118.36000061035156,104.7097396850586,29525700
2016-10-28,118.30999755859375,119.02999877929688,117.75,118.02999877929688,104.41779327392578,35473700
2016-10-31,118.18000030517578,118.63999938964844,117.80000305175781,118.5,104.83360290527344,20311800
2016-11-01,118.66000366210938,118.69999694824219,116.27999877929688,117.05000305175781,103.55082702636719,34147200
2016-11-02,116.87000274658203,117.0,115.38999938964844,115.55999755859375,102.23268127441406,29859900
2016-11-03,115.91000366210938,116.23999786376953,114.87999725341797,115.0,101.73722076416016,22717500
2016-11-04,115.30000305175781,116.9000015258789,115.05000305175781,115.73999786376953,102.39189910888672,35237200
2016-11-07,118.0,118.81999969482422,117.70999908447266,118.56999969482422,104.8955307006836,32370900
2016-11-08,118.30000305175781,119.45999908447266,117.70999908447266,118.87999725341797,105.16974639892578,26196800
2016-11-09,118.08000183105469,122.83000183105469,118.05000305175781,122.54000091552734,108.40766906738281,77416800
2016-11-10,124.26000213623047,125.4000015258789,122.62000274658203,124.5,110.14164733886719,83440700
2016-11-11,125.02999877929688,127.72000122070312,124.55000305175781,127.36000061035156,112.67178344726562,95612800
2016-11-14,128.9499969482422,130.25999450683594,128.38999938964844,129.14999389648438,114.25537109375,83119400
2016-11-15,128.85000610351562,129.88999938964844,128.3000030517578,129.5500030517578,114.60921478271484,38704500
2016-11-16,129.25,130.0,129.02999877929688,129.5399932861328,114.60037231445312,42325500
2016-11-17,129.9499969482422,130.8300018310547,129.75,130.3000030517578,115.27272033691406,42576900
2016-11-18,130.69000244140625,131.08999633789062,130.3000030517578,130.99000549316406,115.88313293457031,41380600
2016-11-21,131.30999755859375,132.0,130.61000061035156,131.60000610351562,116.42279815673828,32293100
2016-11-22,132.1199951171875,132.89999389648438,131.6699981689453,132.8000030517578,117.48441314697266,39681500
2016-11-23,132.47999572753906,133.64999389648438,132.10000610351562,133.6300048828125,118.21867370605469,37939200
2016-11-25,133.72999572753906,134.10000610351562,133.5399932861328,134.07000732421875,118.60796356201172,13373400
2016-11-28,133.97000122070312,134.0,132.14999389648438,132.3300018310547,117.06863403320312,32505700
2016-11-29,132.50999450683594,133.08999633789062,132.10000610351562,132.25999450683594,117.00664520263672,27993700
2016-11-30,132.9199981689453,133.08999633789062,131.5,131.61000061035156,116.43163299560547,32491200
2016-12-01,132.25,132.5500030517578,130.2899932861328,130.97000122070312,115.86546325683594,39815900
2016-12-02,130.94000244140625,131.47000122070312,130.52000427246094,130.89999389648438,115.80350494384766,24054100
2016-12-05,131.97000122070312,133.3300018310547,131.88999938964844,133.14999389648438,117.79405975341797,27547100
2016-12-06,133.52000427246094,134.91000366210938,132.74000549316406,134.58999633789062,119.06794738769531,27820000
2016-12-07,134.58999633789062,136.17999267578125,134.17999267578125,135.89999389648438,120.22687530517578,31825800
2016-12-08,136.25,138.2100067138672,135.8000030517578,138.0399932861328,122.12010192871094,49048900
2016-12-09,138.39999389648438,138.82000732421875,137.75,138.30999755859375,122.3589096069336,34313500
2016-12-12,137.9499969482422,138.57000732421875,136.50999450683594,136.85000610351562,121.06731414794922,34592900
2016-12-13,137.52999877929688,138.0500030517578,136.24000549316406,136.86000061035156,121.076171875,32624600
2016-12-14,136.4199981689453,137.35000610351562,134.80999755859375,135.14999389648438,119.5633544921875,45923700
2016-12-15,135.3699951171875,137.13999938964844,134.9600067138672,136.16000366210938,120.45692443847656,41352500
2016-12-16,136.35000610351562,137.52999877929688,135.6300048828125,135.91000366210938,120.23573303222656,39348200
2016-12-19,136.0399932861328,137.19000244140625,135.91000366210938,136.8000030517578,121.02308654785156,33393900
2016-12-20,137.27999877929688,138.2100067138672,136.99000549316406,137.9600067138672,122.04933166503906,31753600
2016-12-21,137.85000610351562,138.14999389648438,137.00999450683594,137.05999755859375,121.2530746459961,23215900
2016-12-22,136.55999755859375,136.75,134.80999755859375,135.32000732421875,120.20756530761719,34737900
2016-12-23,135.4600067138672,136.1199951171875,135.27000427246094,136.0399932861328,120.84712982177734,17081400
2016-12-27,136.22999572753906,137.3000030517578,136.2100067138672,136.64999389648438,121.38899230957031,13571700
2016-12-28,136.88999938964844,136.97999572753906,134.8300018310547,135.25,120.14533996582031,22712400
2016-12-29,135.2899932861328,136.25999450683594,134.69000244140625,135.3699951171875,120.25191497802734,21312900
2016-12-30,135.60000610351562,135.6300048828125,134.39999389648438,134.85000610351562,119.7900619506836,28399300
2017-01-03,136.49000549316406,136.8300018310547,134.5,135.52000427246094,120.38521575927734,29792400
2017-01-04,136.0500030517578,137.9600067138672,136.00999450683594,137.77999877929688,122.39282989501953,34499400
2017-01-05,137.49000549316406,137.75999450683594,135.50999450683594,136.19000244140625,120.98040008544922,30286900
2017-01-06,136.41000366210938,136.7100067138672,135.67999267578125,135.69000244140625,120.53621673583984,23436000
2017-01-09,135.5399932861328,135.72000122070312,134.5,134.8000030517578,119.74560546875,24077900
2017-01-10,135.0,136.3800048828125,134.75999450683594,136.08999633789062,120.89156341552734,21684900
2017-01-11,136.22999572753906,136.7899932861328,135.4199981689453,136.3300018310547,121.10474395751953,27428800
2017-01-12,136.16000366210938,136.22000122070312,133.58999633789062,135.27999877929688,120.17203521728516,41844200
2017-01-13,135.64999389648438,136.97000122070312,135.64999389648438,136.25999450683594,121.04254913330078,27784500
2017-01-17,135.60000610351562,135.69000244140625,134.1300048828125,134.41000366210938,119.39916229248047,28197800
2017-01-18,134.75999450683594,134.94000244140625,133.9499969482422,134.85000610351562,119.7900619506836,21289700
2017-01-19,135.13999938964844,135.44000244140625,133.1699981689453,133.75,118.8128890991211,34105900
2017-01-20,133.75,134.8800048828125,133.75,134.44000244140625,119.42583465576172,29286100
2017-01-23,134.02999877929688,134.67999267578125,133.1199951171875,133.8800048828125,118.92840576171875,20537000
2017-01-24,134.33999633789062,136.27999877929688,134.22000122070312,135.92999267578125,120.74945831298828,34313800
2017-01-25,137.05999755859375,137.5500030517578,136.9499969482422,137.2100067138672,121.8864974975586,29127300
2017-01-26,137.33999633789062,137.5,136.4199981689453,136.66000366210938,121.39793395996094,22255600
2017-01-27,136.77000427246094,137.0399932861328,135.64999389648438,136.19000244140625,120.98040008544922,19467800
2017-01-30,135.22999572753906,135.24000549316406,133.24000549316406,134.2899932861328,119.2925796508789,40464400
2017-01-31,133.8699951171875,135.55999755859375,133.47999572753906,135.22999572753906,120.12763977050781,32945000
2017-02-01,136.22000122070312,136.8699951171875,134.6999969482422,135.14999389648438,120.0565185546875,30010500
2017-02-02,135.3000030517578,135.6699981689453,134.49000549316406,134.80999755859375,119.7545166015625,19935700
2017-02-03,135.99000549316406,136.97999572753906,135.50999450683594,136.8699951171875,121.58445739746094,24534100
2017-02-06,136.39999389648438,136.77999877929688,135.42999267578125,135.83999633789062,120.6695327758789,23691500
2017-02-07,135.82000732421875,136.47000122070312,134.77000427246094,135.24000549316406,120.13652038574219,30342200
2017-02-08,135.24000549316406,135.24000549316406,133.88999938964844,135.0,119.92330169677734,32956900
2017-02-09,135.0,137.25,135.0,136.89999389648438,121.61109161376953,28267600
2017-02-10,137.7899932861328,138.3699951171875,137.1999969482422,137.94000244140625,122.53501892089844,27287600
2017-02-13,138.77000427246094,139.2100067138672,138.08999633789062,138.3000030517578,122.85472106933594,23245100
2017-02-14,137.94000244140625,138.9499969482422,137.61000061035156,138.75999450683594,123.26338195800781,27145000
2017-02-15,138.19000244140625,139.77000427246094,138.07000732421875,139.58999633789062,124.00067138671875,20253500
2017-02-16,139.4600067138672,139.83999633789062,138.2100067138672,139.1999969482422,123.65423583984375,24613600
2017-02-17,138.4499969482422,139.16000366210938,138.25,139.11000061035156,123.57431030273438,26703200
2017-02-21,139.3800048828125,140.32000732421875,139.3800048828125,140.1999969482422,124.54257202148438,21353500
2017-02-22,140.0,140.02000427246094,139.25,139.5800018310547,123.99179077148438,14890800
2017-02-23,139.9600067138672,140.00999450683594,137.69000244140625,138.75,123.25450134277344,24596200
2017-02-24,137.4600067138672,138.64999389648438,137.3000030517578,138.64999389648438,123.16565704345703,24512300
2017-02-27,138.33999633789062,140.0,138.2100067138672,140.0,124.3648910522461,28269000
2017-02-28,139.3800048828125,139.47999572753906,137.75999450683594,137.83999633789062,122.44615936279297,40184100
2017-03-01,139.64999389648438,140.86000061035156,139.52000427246094,140.36000061035156,124.6847152709961,35719800
2017-03-02,140.3300018310547,140.36000061035156,138.63999938964844,138.75,123.25450134277344,25937000
2017-03-03,138.8000030517578,139.4199981689453,137.8800048828125,138.64999389648438,123.16565704345703,30989800
2017-03-06,137.77999877929688,137.97000122070312,136.99000549316406,137.6999969482422,122.32174682617188,23892100
2017-03-07,137.39999389648438,137.74000549316406,136.61000061035156,136.8000030517578,121.52227783203125,29711300
2017-03-08,137.27999877929688,137.6199951171875,135.77999877929688,135.89999389648438,120.72276306152344,34115100
2017-03-09,135.8300018310547,136.49000549316406,134.88999938964844,135.36000061035156,120.24310302734375,35223800
2017-03-10,136.2899932861328,136.30999755859375,134.83999633789062,135.9600067138672,120.77608489990234,39516600
2017-03-13,135.64999389648438,136.7899932861328,135.64999389648438,136.27999877929688,121.06037139892578,21295000
2017-03-14,135.75,135.8300018310547,134.55999755859375,135.6300048828125,120.48294830322266,30037800
2017-03-15,136.2899932861328,138.02000427246094,135.97000122070312,137.72999572753906,122.34839630126953,31230400
2017-03-16,138.22000122070312,138.50999450683594,137.55999755859375,137.91000366210938,122.50831604003906,25306600
2017-03-17,138.13999938964844,138.72999572753906,137.30999755859375,138.4600067138672,122.99689483642578,33324600
2017-03-20,138.27999877929688,138.52000427246094,137.3699951171875,137.86000061035156,122.46391296386719,19091200
2017-03-21,138.50999450683594,138.60000610351562,133.9199981689453,133.97000122070312,119.00831604003906,61869000
2017-03-22,133.7100067138672,134.30999755859375,132.77999877929688,134.0,119.03500366210938,46332600
2017-03-23,134.0,135.6999969482422,133.63999938964844,134.77999877929688,119.7278823852539,37764600
2017-03-24,134.9499969482422,135.47000122070312,133.86000061035156,134.49000549316406,119.81429290771484,33514400
2017-03-27,132.75999450683594,135.07000732421875,132.39999389648438,134.74000549316406,120.03702545166016,35596700
2017-03-28,134.27999877929688,135.89999389648438,134.13999938964844,135.7899932861328,120.97240447998047,26891900
2017-03-29,135.6999969482422,136.49000549316406,135.3000030517578,136.22999572753906,121.36441040039062,22119500
2017-03-30,136.32000732421875,137.3800048828125,136.25999450683594,137.25999450683594,122.28201293945312,25792900
2017-03-31,137.4199981689453,138.1699981689453,136.94000244140625,137.47999572753906,122.47798919677734,29434300
2017-04-03,137.97000122070312,138.10000610351562,135.60000610351562,136.02999877929688,121.18622589111328,38834900
2017-04-04,135.92999267578125,136.5500030517578,135.35000610351562,135.8699951171875,121.04366302490234,25642600
2017-04-05,136.8300018310547,137.42999267578125,134.0800018310547,134.3300018310547,119.6717300415039,44968800
2017-04-06,134.5399932861328,135.6300048828125,133.8300018310547,135.5800018310547,120.78530883789062,41012100
2017-04-07,135.2100067138672,136.02999877929688,134.75,135.52000427246094,120.73188018798828,24300200
2017-04-10,135.47000122070312,136.85000610351562,135.16000366210938,135.82000732421875,120.99915313720703,22779900
2017-04-11,135.27000427246094,136.9199981689453,135.0800018310547,136.89999389648438,121.96127319335938,32589200
2017-04-12,136.63999938964844,136.6999969482422,134.9199981689453,135.0399932861328,120.30424499511719,25700800
2017-04-13,134.8800048828125,135.3699951171875,133.66000366210938,133.72000122070312,119.1282958984375,30207000
2017-04-17,134.07000732421875,135.32000732421875,133.67999267578125,135.2899932861328,120.5269775390625,18278800
2017-04-18,134.72000122070312,135.4600067138672,134.16000366210938,135.32000732421875,120.55370330810547,24553300
2017-04-19,135.69000244140625,136.9600067138672,135.5399932861328,135.7899932861328,120.97240447998047,34627600
2017-04-20,136.33999633789062,137.6699981689453,136.14999389648438,137.52000427246094,122.51361846923828,31934400
2017-04-21,137.24000549316406,137.5500030517578,136.7100067138672,137.2100067138672,122.23748016357422,29386000
2017-04-24,139.0800018310547,139.33999633789062,138.49000549316406,138.9199981689453,123.76084899902344,33836900
2017-04-25,140.24000549316406,140.8800048828125,140.08999633789062,140.27000427246094,124.96359252929688,32751700
2017-04-26,140.1699981689453,141.82000732421875,140.1300048828125,140.99000549316406,125.60499572753906,41669200
2017-04-27,141.33999633789062,141.8000030517578,140.47999572753906,140.9499969482422,125.56936645507812,23004300
2017-04-28,141.02999877929688,141.1699981689453,139.0399932861328,139.05999755859375,123.88560485839844,31113900
2017-05-01,139.63999938964844,140.2899932861328,138.77999877929688,139.86000061035156,124.5982894897461,20925200
2017-05-02,139.97999572753906,140.33999633789062,138.69000244140625,139.14999389648438,123.96577453613281,17993900
2017-05-03,138.49000549316406,138.75999450683594,137.69000244140625,138.2899932861328,123.19961547851562,27050300
2017-05-04,138.52999877929688,138.72999572753906,137.11000061035156,138.10000610351562,123.03036499023438,25799100
2017-05-05,138.69000244140625,138.99000549316406,137.52999877929688,138.99000549316406,123.82325744628906,23806500
2017-05-08,138.66000366210938,138.97999572753906,137.75999450683594,138.41000366210938,123.30652618408203,16680000
2017-05-09,138.58999633789062,138.8300018310547,137.77999877929688,138.35000610351562,123.25308227539062,23988400
2017-05-10,138.0399932861328,139.47999572753906,137.86000061035156,139.2100067138672,124.01923370361328,19791500
2017-05-11,138.6699981689453,138.8300018310547,136.97999572753906,138.24000549316406,123.15507507324219,28617300
2017-05-12,137.7100067138672,137.88999938964844,137.16000366210938,137.50999450683594,122.50474548339844,24111200
2017-05-15,137.97999572753906,139.25,137.97999572753906,138.5800018310547,123.45793914794922,31132200
2017-05-16,138.97000122070312,139.0399932861328,137.6199951171875,138.6300048828125,123.50250244140625,18520900
2017-05-17,136.3300018310547,137.0399932861328,134.75,134.88999938964844,120.17063903808594,50791200
2017-05-18,134.57000732421875,135.89999389648438,134.22999572753906,135.3800048828125,120.60714721679688,44805100
2017-05-19,135.63999938964844,136.75999450683594,135.4199981689453,136.02999877929688,121.18622589111328,44450500
2017-05-22,136.25999450683594,137.1999969482422,136.16000366210938,136.9499969482422,122.00586700439453,20062700
2017-05-23,137.2899932861328,137.69000244140625,136.35000610351562,137.39999389648438,122.4067153930664,16681400
2017-05-24,137.50999450683594,138.02999877929688,136.8300018310547,137.49000549316406,122.48693084716797,21256000
2017-05-25,138.13999938964844,138.61000061035156,137.1999969482422,137.5800018310547,122.56710815429688,22804200
2017-05-26,137.3800048828125,137.7899932861328,136.77999877929688,137.5399932861328,122.53143310546875,20047300
2017-05-30,137.1199951171875,137.44000244140625,136.22000122070312,136.4600067138672,121.5693359375,25544100
2017-05-31,136.83999633789062,136.9199981689453,134.63999938964844,136.32000732421875,121.44461059570312,34345400
2017-06-01,136.72000122070312,139.0,136.27000427246094,138.9499969482422,123.78756713867188,44618600
2017-06-02,139.4499969482422,141.02000427246094,139.0500030517578,139.85000610351562,124.58936309814453,46680200
2017-06-05,139.9600067138672,140.11000061035156,138.9499969482422,138.97999572753906,123.81432342529297,20808900
2017-06-06,138.11000061035156,139.66000366210938,137.80999755859375,138.85000610351562,123.69849395751953,25460900
2017-06-07,138.86000061035156,139.52999877929688,138.49000549316406,138.97999572753906,123.81432342529297,20542200
2017-06-08,138.97999572753906,141.4600067138672,138.74000549316406,140.8800048828125,125.50701141357422,33956400
2017-06-09,141.4600067138672,142.89999389648438,140.6999969482422,141.61000061035156,126.15736389160156,56979400
2017-06-12,141.66000366210938,141.99000549316406,140.88999938964844,141.3800048828125,125.95246124267578,34665500
2017-06-13,141.8000030517578,142.30999755859375,141.47000122070312,142.10000610351562,126.59385681152344,22046800
2017-06-14,142.02999877929688,142.0399932861328,140.4499969482422,141.25999450683594,125.84552764892578,33021900
2017-06-15,139.69000244140625,140.97999572753906,139.69000244140625,140.5399932861328,125.2041015625,27376800
2017-06-16,140.02999877929688,140.22000122070312,139.27999877929688,140.19000244140625,124.89227294921875,35608400
2017-06-19,140.55999755859375,141.5800018310547,140.50999450683594,141.22999572753906,125.81875610351562,25163300
2017-06-20,140.8800048828125,140.97000122070312,139.6999969482422,139.8000030517578,124.54486083984375,20111900
2017-06-21,140.0500030517578,140.8000030517578,139.22000122070312,139.4499969482422,124.23302459716797,23351400
2017-06-22,139.3699951171875,140.38999938964844,139.00999450683594,139.97999572753906,124.7052230834961,17917200
2017-06-23,140.13999938964844,141.0800018310547,139.5500030517578,140.91000366210938,125.5337142944336,20772500
2017-06-26,141.08999633789062,141.52999877929688,140.1999969482422,141.0800018310547,125.6851577758789,22988300
2017-06-27,141.10000610351562,141.6199951171875,139.75,139.83999633789062,124.58043670654297,24610100
2017-06-28,140.6699981689453,142.25999450683594,140.39999389648438,141.97999572753906,126.48694610595703,25085400
2017-06-29,142.24000549316406,142.35000610351562,139.64999389648438,141.13999938964844,125.73861694335938,38794900
2017-06-30,141.25,141.6699981689453,140.77000427246094,140.9199981689453,125.54263305664062,22798500
2017-07-03,141.33999633789062,142.5,141.3000030517578,142.10000610351562,126.59385681152344,12968200
2017-07-05,141.6999969482422,141.85000610351562,140.6999969482422,141.58999633789062,126.13951873779297,21865500
2017-07-06,139.92999267578125,140.47000122070312,138.8300018310547,139.13999938964844,124.49236297607422,30563400
2017-07-07,139.42999267578125,140.67999267578125,139.17999267578125,140.49000549316406,125.70022583007812,20511000
2017-07-10,139.9199981689453,140.88999938964844,139.3699951171875,139.8800048828125,125.1543960571289,17206000
2017-07-11,139.77999877929688,140.3800048828125,138.97999572753906,140.2899932861328,125.5212631225586,16192900
2017-07-12,141.0500030517578,142.22000122070312,141.00999450683594,141.3699951171875,126.48755645751953,19358600
2017-07-13,141.1999969482422,141.55999755859375,140.3800048828125,141.49000549316406,126.5949478149414,16559300
2017-07-14,141.10000610351562,142.3000030517578,141.10000610351562,141.72999572753906,126.80964660644531,15465300
2017-07-17,141.60000610351562,142.4600067138672,141.25999450683594,142.05999755859375,127.10491180419922,15374600
2017-07-18,141.5399932861328,141.8699951171875,141.0399932861328,141.69000244140625,126.77384948730469,16653300
2017-07-19,141.8800048828125,143.13999938964844,141.8800048828125,143.10000610351562,128.03543090820312,16985500
2017-07-20,143.1199951171875,143.52000427246094,142.8000030517578,143.1999969482422,128.12489318847656,17047800
2017-07-21,143.00999450683594,143.3300018310547,142.25,142.5500030517578,127.54335021972656,21662700
2017-07-24,142.30999755859375,142.82000732421875,141.97000122070312,142.75,127.72228240966797,16694000
2017-07-25,143.6199951171875,144.25,143.2100067138672,144.0500030517578,128.88543701171875,21066400
2017-07-26,144.14999389648438,144.14999389648438,143.0500030517578,143.25,128.1696319580078,13574900
2017-07-27,143.47999572753906,143.67999267578125,141.5500030517578,142.33999633789062,127.35543060302734,24355800
2017-07-28,142.02000427246094,142.36000061035156,141.47000122070312,141.9600067138672,127.01546478271484,19933300
2017-07-31,142.22000122070312,142.3800048828125,140.97000122070312,141.50999450683594,126.61285400390625,16417700
2017-08-01,142.1699981689453,142.1999969482422,140.97000122070312,141.77999877929688,126.85442352294922,19835900
2017-08-02,141.58999633789062,141.82000732421875,139.72999572753906,140.22999572753906,125.46754455566406,19934300
2017-08-03,140.44000244140625,140.5399932861328,139.16000366210938,139.52999877929688,124.84127807617188,19624900
2017-08-04,139.91000366210938,140.32000732421875,139.49000549316406,140.2100067138672,125.4496841430664,16473500
2017-08-07,140.44000244140625,140.85000610351562,139.7100067138672,140.44000244140625,125.65547943115234,9176200
2017-08-08,140.41000366210938,141.7899932861328,139.69000244140625,140.0,125.26180267333984,27248700
2017-08-09,139.1199951171875,139.38999938964844,138.27999877929688,138.7899932861328,124.17916107177734,26534300
2017-08-10,138.27999877929688,138.27999877929688,136.25999450683594,136.27000427246094,121.92446899414062,40983500
2017-08-11,136.2100067138672,136.74000549316406,135.77000427246094,136.47000122070312,122.1033935546875,32779600
2017-08-14,137.25999450683594,138.58999633789062,137.22999572753906,138.5399932861328,123.95549011230469,21710900
2017-08-15,138.8000030517578,138.82000732421875,137.33999633789062,137.39999389648438,122.93550109863281,16646000
2017-08-16,137.6699981689453,138.38999938964844,137.2100067138672,137.44000244140625,122.97126770019531,21858600
2017-08-17,136.97999572753906,137.69000244140625,134.9199981689453,134.92999267578125,120.72551727294922,32722900
2017-08-18,134.47000122070312,135.4600067138672,134.1199951171875,134.9199981689453,120.71654510498047,42401900
2017-08-21,134.69000244140625,135.02000427246094,134.13999938964844,134.8300018310547,120.63604736328125,21504100
2017-08-22,135.25999450683594,136.4499969482422,135.13999938964844,136.2899932861328,121.94237518310547,25170600
2017-08-23,135.52999877929688,136.57000732421875,135.2100067138672,136.07000732421875,121.74549102783203,18381900
2017-08-24,136.63999938964844,136.92999267578125,136.02000427246094,136.49000549316406,122.1213150024414,15726600
2017-08-25,136.8800048828125,137.30999755859375,136.4199981689453,136.8800048828125,122.47025299072266,17163000
2017-08-28,137.3699951171875,137.61000061035156,136.77000427246094,137.4600067138672,122.98920440673828,16333300
2017-08-29,136.49000549316406,137.80999755859375,136.22999572753906,137.49000549316406,123.01607513427734,20277600
2017-08-30,137.36000061035156,138.50999450683594,137.25,138.3699951171875,123.8033676147461,15915500
2017-08-31,138.91000366210938,139.94000244140625,138.6699981689453,139.72999572753906,125.02020263671875,29260600
2017-09-01,139.97999572753906,140.6300048828125,139.72999572753906,140.52000427246094,125.72703552246094,17412500
2017-09-05,140.6300048828125,140.88999938964844,138.5800018310547,139.1699981689453,124.5191650390625,21908400
2017-09-06,139.74000549316406,140.0,139.0800018310547,139.4600067138672,124.7785873413086,18399700
2017-09-07,139.58999633789062,139.69000244140625,138.58999633789062,139.11000061035156,124.4654541015625,18159800
2017-09-08,138.92999267578125,139.77000427246094,138.6199951171875,139.22000122070312,124.56390380859375,21870500
2017-09-11,140.38999938964844,140.9199981689453,140.22999572753906,140.67999267578125,125.87018585205078,22617700
2017-09-12,141.0399932861328,141.69000244140625,140.82000732421875,141.5399932861328,126.63965606689453,22679600
2017-09-13,141.41000366210938,142.22000122070312,141.32000732421875,141.9600067138672,127.01546478271484,25052500
2017-09-14,141.77999877929688,142.16000366210938,141.4199981689453,141.8300018310547,126.89916229248047,18353800
2017-09-15,141.63999938964844,142.47000122070312,141.5500030517578,142.41000366210938,127.41807556152344,23184000
2017-09-18,142.6199951171875,143.80999755859375,142.60000610351562,143.3800048828125,128.28599548339844,24427400
2017-09-19,143.57000732421875,143.69000244140625,143.08999633789062,143.3800048828125,128.28599548339844,16346300
2017-09-20,143.52999877929688,144.02000427246094,143.25999450683594,143.83999633789062,128.69752502441406,20244700
2017-09-21,144.02000427246094,144.25999450683594,143.47999572753906,143.69000244140625,128.5633087158203,17395900
2017-09-22,143.6699981689453,144.6699981689453,143.55999755859375,144.3000030517578,129.10906982421875,25203000
2017-09-25,144.27000427246094,144.94000244140625,143.69000244140625,144.5,129.28802490234375,30012800
2017-09-26,144.2899932861328,145.14999389648438,144.17999267578125,144.61000061035156,129.69973754882812,28238100
2017-09-27,145.6300048828125,147.86000061035156,145.16000366210938,147.44000244140625,132.2379608154297,66351700
2017-09-28,147.25,148.05999755859375,146.77999877929688,147.8300018310547,132.58767700195312,29291400
2017-09-29,147.9199981689453,148.42999267578125,147.74000549316406,148.17999267578125,132.901611328125,21738700
2017-10-02,148.30999755859375,150.0,148.0800018310547,150.0,134.53402709960938,29772400
2017-10-03,150.11000061035156,150.3300018310547,149.3300018310547,150.3300018310547,134.82998657226562,28372800
2017-10-04,150.08999633789062,150.61000061035156,149.38999938964844,149.85000610351562,134.3994598388672,22024700
2017-10-05,150.2899932861328,150.6300048828125,149.8699951171875,150.25999450683594,134.76719665527344,22538500
2017-10-06,149.7100067138672,150.33999633789062,149.57000732421875,150.0500030517578,134.57882690429688,19350800
2017-10-09,150.19000244140625,150.67999267578125,149.17999267578125,149.42999267578125,134.02276611328125,13981300
2017-10-10,149.92999267578125,150.2899932861328,149.41000366210938,149.86000061035156,134.40838623046875,21951900
2017-10-11,149.94000244140625,150.19000244140625,149.4600067138672,149.75,134.30975341796875,15137100
2017-10-12,149.4600067138672,150.00999450683594,149.02000427246094,149.63999938964844,134.21112060546875,17185600
2017-10-13,149.9199981689453,149.99000549316406,149.22999572753906,149.3699951171875,133.9689483642578,15464400
2017-10-16,149.61000061035156,150.35000610351562,149.02999877929688,149.24000549316406,133.85235595703125,20653100
2017-10-17,149.27000427246094,149.77000427246094,148.5,148.80999755859375,133.46669006347656,18046800
2017-10-18,149.5,149.91000366210938,149.0800018310547,149.52000427246094,134.1034393310547,20541700
2017-10-19,148.77000427246094,149.3300018310547,148.1699981689453,149.2899932861328,133.89720153808594,17164900
2017-10-20,150.30999755859375,150.41000366210938,149.86000061035156,149.97999572753906,134.5160369873047,25224500
2017-10-23,150.14999389648438,150.14999389648438,148.6999969482422,148.86000061035156,133.51153564453125,14676400
2017-10-24,149.38999938964844,149.77999877929688,149.0399932861328,149.1699981689453,133.78953552246094,17527700
2017-10-25,148.94000244140625,149.0,147.22000122070312,148.4499969482422,133.14381408691406,27235300
2017-10-26,148.94000244140625,149.33999633789062,148.50999450683594,148.75999450683594,133.42181396484375,15205900
2017-10-27,148.8800048828125,149.91000366210938,148.3000030517578,149.7899932861328,134.3456573486328,32744100
2017-10-30,148.8800048828125,149.4499969482422,147.38999938964844,148.2100067138672,132.9285430908203,30524800
2017-10-31,148.7899932861328,149.8300018310547,148.63999938964844,149.25999450683594,133.87025451660156,22449400
2017-11-01,150.5,150.52999877929688,147.44000244140625,148.27000427246094,132.98236083984375,31585500
2017-11-02,148.24000549316406,149.22999572753906,147.72000122070312,148.7100067138672,133.37698364257812,28176600
2017-11-03,148.47999572753906,148.9600067138672,148.05999755859375,148.61000061035156,133.28733825683594,22312700
2017-11-06,148.75,149.3800048828125,148.38999938964844,148.77999877929688,133.43978881835938,15576800
2017-11-07,148.8000030517578,148.85000610351562,146.5399932861328,147.0,131.8433074951172,29549300
2017-11-08,146.66000366210938,147.4499969482422,145.83999633789062,147.1999969482422,132.0226593017578,30682500
2017-11-09,146.27000427246094,147.38999938964844,145.27999877929688,146.67999267578125,131.55628967285156,40144400
2017-11-10,146.7100067138672,147.10000610351562,146.35000610351562,146.57000732421875,131.45765686035156,17823700
2017-11-13,145.92999267578125,146.82000732421875,145.5,146.61000061035156,131.4934844970703,14680000
2017-11-14,146.05999755859375,146.49000549316406,145.58999633789062,146.2100067138672,131.1348114013672,19682200
2017-11-15,145.35000610351562,146.2100067138672,144.5,145.6300048828125,130.61459350585938,23925200
2017-11-16,146.2100067138672,148.39999389648438,146.19000244140625,147.77000427246094,132.533935546875,25889000
2017-11-17,147.25,149.02999877929688,147.1699981689453,148.4499969482422,133.14381408691406,25816700
2017-11-20,148.75999450683594,149.5800018310547,148.3300018310547,149.52999877929688,134.11241149902344,22793000
2017-11-21,150.1999969482422,151.2899932861328,150.05999755859375,151.08999633789062,135.5115509033203,29392300
2017-11-22,151.27999877929688,151.77000427246094,150.86000061035156,150.88999938964844,135.33221435546875,14136600
2017-11-24,151.2100067138672,151.3699951171875,150.77000427246094,150.9499969482422,135.3860321044922,6816300
2017-11-27,151.3000030517578,151.6199951171875,150.44000244140625,150.49000549316406,134.9734344482422,18416900
2017-11-28,151.02000427246094,152.97000122070312,150.66000366210938,152.86000061035156,137.09912109375,35898300
2017-11-29,153.33999633789062,154.2100067138672,152.9499969482422,153.3699951171875,137.5565185546875,38234200
2017-11-30,154.10000610351562,154.5500030517578,153.27999877929688,153.64999389648438,137.8076171875,32230700
2017-12-01,153.02000427246094,153.7100067138672,148.75,153.02000427246094,137.24261474609375,62734800
2017-12-04,154.89999389648438,155.41000366210938,152.3000030517578,152.4499969482422,136.7313995361328,36366800
2017-12-05,151.39999389648438,152.9600067138672,150.9199981689453,150.92999267578125,135.36807250976562,29667200
2017-12-06,150.3699951171875,151.19000244140625,149.9499969482422,150.22000122070312,134.73130798339844,21273800
2017-12-07,151.30999755859375,151.88999938964844,150.02000427246094,151.27000427246094,135.67306518554688,29675200
2017-12-08,152.14999389648438,152.27999877929688,151.27999877929688,151.41000366210938,135.7986297607422,20832400
2017-12-11,151.42999267578125,152.1300048828125,151.02000427246094,151.35000610351562,135.74481201171875,26654100
2017-12-12,151.6999969482422,151.92999267578125,150.82000732421875,150.8800048828125,135.32321166992188,25854800
2017-12-13,150.80999755859375,152.7100067138672,150.80999755859375,151.77999877929688,136.1304473876953,30082600
2017-12-14,151.85000610351562,152.1999969482422,149.63999938964844,150.10000610351562,134.6237030029297,32882600
2017-12-15,151.0500030517578,153.25,150.5800018310547,152.24000549316406,136.54306030273438,42851600
2017-12-18,153.6699981689453,154.72000122070312,153.4600067138672,154.3000030517578,138.39064025878906,22714300
2017-12-19,154.75,154.77000427246094,152.82000732421875,153.0800018310547,137.2964324951172,24313600
2017-12-20,153.75,153.94000244140625,152.83999633789062,153.3800048828125,137.56552124023438,19042800
2017-12-21,153.24000549316406,154.02000427246094,153.0800018310547,153.47000122070312,138.16778564453125,16772600
2017-12-22,153.3800048828125,153.38999938964844,152.8000030517578,153.19000244140625,137.91566467285156,13599400
2017-12-26,153.0,153.42999267578125,152.89999389648438,153.27999877929688,137.99671936035156,11949600
2017-12-27,153.2100067138672,153.9499969482422,152.80999755859375,153.1300048828125,137.86167907714844,15949900
2017-12-28,153.24000549316406,153.75,153.00999450683594,153.72999572753906,138.40184020996094,10167300
2017-12-29,154.14999389648438,154.14999389648438,152.38999938964844,152.4600067138672,137.2584991455078,21006500
2018-01-02,153.1999969482422,153.97000122070312,152.4600067138672,153.89999389648438,138.55491638183594,20489600
2018-01-03,153.8699951171875,154.4600067138672,153.52000427246094,154.05999755859375,138.69895935058594,21836600
2018-01-04,154.97000122070312,155.14999389648438,154.02000427246094,154.47000122070312,139.06802368164062,14207100
2018-01-05,154.8800048828125,154.97999572753906,153.94000244140625,154.7899932861328,139.35614013671875,19883900
2018-01-08,154.72999572753906,155.27000427246094,153.5,155.02999877929688,139.5722198486328,18457300
2018-01-09,155.24000549316406,155.5,154.72999572753906,154.82000732421875,139.38316345214844,16571300
2018-01-10,154.47000122070312,155.1699981689453,153.9199981689453,154.83999633789062,139.4011688232422,18516800
2018-01-11,155.07000732421875,157.66000366210938,154.97999572753906,157.5,141.79598999023438,26522400
2018-01-12,157.67999267578125,158.86000061035156,157.47000122070312,158.16000366210938,142.39015197753906,24089800
2018-01-16,158.86000061035156,159.41000366210938,155.8000030517578,156.13999938964844,140.57154846191406,27704700
2018-01-17,156.8000030517578,157.94000244140625,156.27999877929688,157.6199951171875,141.90399169921875,18571600
2018-01-18,157.22000122070312,157.5,156.38999938964844,156.5399932861328,140.93167114257812,17903600
2018-01-19,156.72999572753906,158.69000244140625,156.5500030517578,158.60000610351562,142.78628540039062,31040900
2018-01-22,158.39999389648438,159.4499969482422,158.30999755859375,159.4499969482422,143.55152893066406,12702400
2018-01-23,159.24000549316406,160.3000030517578,158.6699981689453,159.9600067138672,144.01065063476562,16904600
2018-01-24,160.36000061035156,160.6300048828125,158.39999389648438,158.97000122070312,143.119384765625,20340900
2018-01-25,159.63999938964844,159.9199981689453,158.2100067138672,159.02999877929688,143.17340087890625,20290900
2018-01-26,159.52999877929688,159.69000244140625,158.77000427246094,159.60000610351562,143.68658447265625,16120300
2018-01-29,159.05999755859375,159.86000061035156,158.6199951171875,158.6999969482422,142.8762969970703,18293300
2018-01-30,157.66000366210938,158.22000122070312,156.72999572753906,157.17999267578125,141.5078887939453,24533800
2018-01-31,157.74000549316406,158.4199981689453,155.9199981689453,156.36000061035156,140.7695770263672,27468900
2018-02-01,155.72999572753906,157.2100067138672,155.52999877929688,156.85000610351562,141.21078491210938,21413000
2018-02-02,156.1300048828125,156.14999389648438,153.50999450683594,153.8300018310547,138.4918670654297,33314100
2018-02-05,152.6699981689453,153.7899932861328,147.86000061035156,147.9199981689453,133.17115783691406,52622200
2018-02-06,145.52999877929688,150.3699951171875,144.24000549316406,149.69000244140625,134.7647247314453,69232400
2018-02-07,149.61000061035156,150.7899932861328,148.61000061035156,149.83999633789062,134.89976501464844,37101000
2018-02-08,149.99000549316406,150.0,145.44000244140625,145.44000244140625,130.93838500976562,44704500
2018-02-09,146.75999450683594,147.94000244140625,142.5,146.77000427246094,132.13583374023438,53315300
2018-02-12,146.9199981689453,148.9199981689453,145.47999572753906,148.16000366210938,133.38722229003906,36213900
2018-02-13,147.3800048828125,148.7899932861328,146.89999389648438,148.47999572753906,133.6753387451172,25021200
2018-02-14,147.6300048828125,151.52000427246094,147.17999267578125,151.14999389648438,136.07907104492188,36286900
2018-02-15,152.22000122070312,152.8699951171875,150.55999755859375,152.8000030517578,137.56463623046875,23773600
2018-02-16,152.61000061035156,154.2899932861328,152.5399932861328,153.33999633789062,138.05068969726562,27973900
2018-02-20,152.5500030517578,153.77000427246094,151.6699981689453,152.0800018310547,136.91635131835938,24046200
2018-02-21,152.4199981689453,154.80999755859375,152.00999450683594,152.24000549316406,137.0604705810547,26735500
2018-02-22,152.80999755859375,154.02999877929688,151.91000366210938,152.0,136.8443603515625,16340000
2018-02-23,152.97999572753906,154.02000427246094,152.14999389648438,153.97999572753906,138.62692260742188,18065200
2018-02-26,154.52999877929688,155.25999450683594,153.47000122070312,154.99000549316406,139.5362091064453,15267700
2018-02-27,155.17999267578125,155.8800048828125,152.75,152.75999450683594,137.52859497070312,18125500
2018-02-28,153.13999938964844,153.60000610351562,150.30999755859375,150.35000610351562,135.35888671875,29951800
2018-03-01,150.0500030517578,151.57000732421875,148.3800048828125,149.9499969482422,134.998779296875,38943200
2018-03-02,148.7100067138672,152.75,148.39999389648438,152.35000610351562,137.15951538085938,31842300
2018-03-05,151.82000732421875,154.25999450683594,151.47000122070312,153.7100067138672,138.38385009765625,19603700
2018-03-06,154.42999267578125,155.38999938964844,152.8000030517578,155.3699951171875,139.87838745117188,17304000
2018-03-07,154.4600067138672,156.92999267578125,154.22000122070312,156.74000549316406,141.11175537109375,22684600
2018-03-08,156.89999389648438,157.47000122070312,155.5,156.4199981689453,140.82363891601562,23391300
2018-03-09,157.30999755859375,159.0,156.8699951171875,158.9199981689453,143.07435607910156,24927200
2018-03-12,159.25,159.64999389648438,158.49000549316406,159.1999969482422,143.32644653320312,15310100
2018-03-13,160.0,160.3000030517578,158.13999938964844,158.4600067138672,142.66024780273438,17757200
2018-03-14,159.22000122070312,159.38999938964844,157.41000366210938,157.7100067138672,141.98500061035156,18097500
2018-03-15,158.10000610351562,158.13999938964844,156.3699951171875,156.9199981689453,141.27377319335938,14172100
2018-03-16,156.97999572753906,158.27000427246094,156.75,157.8000030517578,142.06602478027344,36000300
2018-03-19,157.1699981689453,157.2100067138672,154.4499969482422,156.27999877929688,140.6976318359375,25663000
2018-03-20,156.6699981689453,157.02000427246094,155.77000427246094,156.24000549316406,140.66159057617188,11418500
2018-03-21,156.32000732421875,158.25999450683594,156.1999969482422,157.14999389648438,141.48081970214844,22213500
2018-03-22,155.66000366210938,156.6199951171875,153.30999755859375,153.35000610351562,138.37855529785156,29774800
2018-03-23,153.55999755859375,153.94000244140625,150.0,150.0500030517578,135.4006805419922,35744100
2018-03-26,152.08999633789062,153.3800048828125,150.42999267578125,153.3300018310547,138.36044311523438,28442400
2018-03-27,153.66000366210938,153.6999969482422,149.7100067138672,150.36000061035156,135.68038940429688,32820600
2018-03-28,150.74000549316406,151.35000610351562,149.38999938964844,150.30999755859375,135.6353302001953,26510900
2018-03-29,151.0800018310547,153.10000610351562,150.75,151.8300018310547,137.0069122314453,22617700
2018-04-02,151.52000427246094,152.07000732421875,147.17999267578125,148.1300048828125,133.6681365966797,35040700
2018-04-03,149.02000427246094,150.60000610351562,148.3000030517578,150.25,135.58116149902344,29857800
2018-04-04,148.5,152.5800018310547,148.27000427246094,152.16000366210938,137.3046875,29619700
2018-04-05,153.0399932861328,153.61000061035156,152.32000732421875,153.4199981689453,138.441650390625,17301600
2018-04-06,152.3699951171875,153.39999389648438,149.14999389648438,150.36000061035156,135.68038940429688,25762700
2018-04-09,151.39999389648438,152.60000610351562,150.4199981689453,150.5399932861328,135.84283447265625,18997000
2018-04-10,152.13999938964844,153.9499969482422,151.6699981689453,153.3800048828125,138.40557861328125,23420000
2018-04-11,152.77999877929688,154.30999755859375,152.6300048828125,153.7100067138672,138.70339965820312,14884600
2018-04-12,154.42999267578125,155.41000366210938,153.92999267578125,154.75999450683594,139.65084838867188,14413200
2018-04-13,155.2899932861328,155.3300018310547,153.50999450683594,153.9499969482422,138.919921875,19813600
2018-04-16,154.83999633789062,155.82000732421875,154.11000061035156,155.3699951171875,140.20132446289062,18846900
2018-04-17,156.2100067138672,157.49000549316406,155.9600067138672,157.05999755859375,141.72625732421875,18624200
2018-04-18,157.52000427246094,158.3800048828125,157.16000366210938,157.47999572753906,142.10531616210938,16974200
2018-04-19,157.13999938964844,157.5399932861328,155.8800048828125,156.38999938964844,141.12168884277344,16174500
2018-04-20,156.0500030517578,156.72000122070312,155.14999389648438,155.5500030517578,140.36380004882812,21480600
2018-04-23,155.77999877929688,156.2899932861328,154.57000732421875,155.32000732421875,140.15618896484375,13268200
2018-04-24,155.89999389648438,156.6300048828125,153.19000244140625,154.42999267578125,139.35302734375,24859700
2018-04-25,154.36000061035156,154.8000030517578,152.9600067138672,154.1999969482422,139.14552307128906,21981400
2018-04-26,154.4199981689453,155.41000366210938,153.94000244140625,154.91000366210938,139.78623962402344,14862900
2018-04-27,154.8800048828125,155.3699951171875,153.77999877929688,154.69000244140625,139.5877227783203,17734300
2018-04-30,155.02000427246094,155.64999389648438,153.2899932861328,153.32000732421875,138.3513946533203,15624600
2018-05-01,153.00999450683594,154.2899932861328,151.7100067138672,154.07000732421875,139.0282440185547,24977500
2018-05-02,153.77999877929688,155.77999877929688,153.67999267578125,154.64999389648438,139.5515899658203,16786800
2018-05-03,154.11000061035156,154.5,152.16000366210938,153.80999755859375,138.79364013671875,20985900
2018-05-04,153.25999450683594,156.5,152.8000030517578,155.72999572753906,140.526123046875,17927900
2018-05-07,156.19000244140625,157.86000061035156,156.10000610351562,157.0500030517578,141.7172393798828,16303500
2018-05-08,156.9199981689453,157.8300018310547,156.75,157.8300018310547,142.42111206054688,17281200
2018-05-09,158.00999450683594,159.10000610351562,157.3800048828125,158.67999267578125,143.1881103515625,15758500
2018-05-10,158.89999389648438,160.1699981689453,158.75999450683594,159.52999877929688,143.95516967773438,15828700
2018-05-11,159.5500030517578,160.1300048828125,159.0399932861328,159.83999633789062,144.23487854003906,14413600
2018-05-14,160.02000427246094,160.69000244140625,159.0500030517578,159.22999572753906,143.68446350097656,15028500
2018-05-15,158.7100067138672,159.58999633789062,158.1699981689453,159.25999450683594,143.7115020751953,17544900
2018-05-16,159.49000549316406,161.32000732421875,159.47000122070312,160.9199981689453,145.2093963623047,21004400
2018-05-17,161.0,162.0,160.75,161.66000366210938,145.877197265625,18639700
2018-05-18,161.9499969482422,162.32000732421875,161.5500030517578,161.8699951171875,146.066650390625,17579800
2018-05-21,162.3699951171875,163.24000549316406,162.36000061035156,162.94000244140625,147.03225708007812,15667300
2018-05-22,163.25999450683594,163.3300018310547,161.6300048828125,161.75999450683594,145.96743774414062,13212000
2018-05-23,161.3300018310547,162.27999877929688,161.1300048828125,161.97000122070312,146.15695190429688,14235700
2018-05-24,161.9199981689453,162.35000610351562,160.6199951171875,162.02999877929688,146.21109008789062,12785000
2018-05-25,161.75,162.16000366210938,161.47000122070312,161.74000549316406,145.94940185546875,11150200
2018-05-29,160.8800048828125,162.22999572753906,160.11000061035156,161.52000427246094,145.75086975097656,20986900
2018-05-30,162.36000061035156,164.38999938964844,162.36000061035156,164.0800018310547,148.06094360351562,25169000
2018-05-31,164.0800018310547,164.3800048828125,162.33999633789062,162.77000427246094,146.87884521484375,28573700
2018-06-01,163.8300018310547,164.3800048828125,163.27999877929688,163.83999633789062,147.8443603515625,21108200
2018-06-04,164.32000732421875,164.7100067138672,163.32000732421875,164.7100067138672,148.62945556640625,14836000
2018-06-05,164.5500030517578,165.77000427246094,164.33999633789062,165.72999572753906,149.54983520507812,13283600
2018-06-06,165.7100067138672,166.92999267578125,165.5800018310547,166.92999267578125,150.6326904296875,16661300
2018-06-07,167.11000061035156,167.22999572753906,165.22999572753906,166.02000427246094,149.8115692138672,17571900
2018-06-08,166.05999755859375,166.61000061035156,165.75999450683594,166.52000427246094,150.26271057128906,17569800
2018-06-11,166.63999938964844,167.11000061035156,166.2899932861328,166.77000427246094,150.48831176757812,15923000
2018-06-12,166.9199981689453,167.94000244140625,166.72999572753906,167.52999877929688,151.17408752441406,16166700
2018-06-13,167.77000427246094,167.8699951171875,166.6199951171875,166.8699951171875,150.5785675048828,19853700
2018-06-14,167.49000549316406,167.83999633789062,166.61000061035156,167.75999450683594,151.3816375732422,19248100
2018-06-15,167.24000549316406,167.8699951171875,166.52999877929688,167.80999755859375,151.4268035888672,24922600
2018-06-18,166.97000122070312,168.61000061035156,166.72999572753906,168.60000610351562,152.13967895507812,18616500
2018-06-19,167.5500030517578,168.77000427246094,166.5399932861328,168.61000061035156,152.14866638183594,24605900
2018-06-20,169.4499969482422,170.1999969482422,168.9499969482422,169.97000122070312,153.37588500976562,19216900
2018-06-21,169.97999572753906,170.0800018310547,167.77000427246094,168.3800048828125,151.9411163330078,26946200
2018-06-22,169.00999450683594,169.1999969482422,167.30999755859375,167.82000732421875,151.43580627441406,33638200
2018-06-25,167.24000549316406,167.3699951171875,164.13999938964844,165.0800018310547,148.96331787109375,37005100
2018-06-26,165.22999572753906,166.66000366210938,164.85000610351562,166.0399932861328,149.82962036132812,20464000
2018-06-27,166.2100067138672,166.50999450683594,163.30999755859375,163.3800048828125,147.42926025390625,27511800
2018-06-28,163.22999572753906,164.22000122070312,162.25999450683594,163.8800048828125,147.8804473876953,26759100
2018-06-29,164.30999755859375,165.0500030517578,163.61000061035156,163.77000427246094,147.78118896484375,24146500
2018-07-02,162.75999450683594,164.9600067138672,162.47999572753906,164.89999389648438,148.80087280273438,24283600
2018-07-03,164.75,165.6999969482422,164.6999969482422,164.9600067138672,149.3940887451172,13561300
2018-07-05,165.86000061035156,166.8699951171875,164.8300018310547,166.83999633789062,151.09664916992188,18640500
2018-07-06,166.97000122070312,168.44000244140625,166.52000427246094,168.25,152.37364196777344,19597500
2018-07-09,169.00999450683594,169.3300018310547,168.38999938964844,169.30999755859375,153.33358764648438,16565200
2018-07-10,169.5800018310547,169.8699951171875,167.57000732421875,168.5399932861328,152.63626098632812,18790700
2018-07-11,167.6199951171875,168.61000061035156,167.0500030517578,167.11000061035156,151.3411865234375,23912600
2018-07-12,168.07000732421875,168.25,166.63999938964844,167.9199981689453,152.0747833251953,19617600
2018-07-13,167.85000610351562,168.72999572753906,167.4199981689453,167.4199981689453,151.62191772460938,15409100
2018-07-16,167.75999450683594,168.02999877929688,165.9600067138672,166.77000427246094,151.03329467773438,15946900
2018-07-17,166.75,168.0,166.58999633789062,167.50999450683594,151.7034454345703,15134700
2018-07-18,167.36000061035156,168.05999755859375,166.57000732421875,167.97999572753906,152.1290740966797,13780000
2018-07-19,167.77000427246094,169.25,167.25999450683594,169.1699981689453,153.20680236816406,18398300
2018-07-20,168.8000030517578,169.30999755859375,168.35000610351562,168.47999572753906,152.58192443847656,17570700
2018-07-23,168.3000030517578,169.14999389648438,167.80999755859375,168.69000244140625,152.7720947265625,12335000
2018-07-24,169.4499969482422,169.75999450683594,166.22000122070312,166.88999938964844,151.14198303222656,25831300
2018-07-25,166.94000244140625,167.5,166.13999938964844,167.5,151.6943817138672,18401200
2018-07-26,167.66000366210938,169.3699951171875,167.50999450683594,168.39999389648438,152.5094451904297,20944200
2018-07-27,168.5,168.72000122070312,164.7899932861328,165.25999450683594,149.665771484375,28777100
2018-07-30,165.25,166.02000427246094,164.07000732421875,164.1999969482422,148.70579528808594,20093700
2018-07-31,164.52999877929688,166.6199951171875,164.38999938964844,165.8699951171875,150.21820068359375,23567300
2018-08-01,165.6999969482422,166.24000549316406,164.5,165.75999450683594,150.11859130859375,17942600
2018-08-02,164.9600067138672,167.2100067138672,164.94000244140625,166.97000122070312,151.21438598632812,18292200
2018-08-03,167.14999389648438,167.67999267578125,165.61000061035156,166.38999938964844,150.6891632080078,21734900
2018-08-06,166.27000427246094,167.50999450683594,165.89999389648438,167.32000732421875,151.5313720703125,16288800
2018-08-07,167.88999938964844,168.49000549316406,167.60000610351562,167.72000122070312,151.8936309814453,15045700
2018-08-08,167.72000122070312,167.99000549316406,166.49000549316406,167.57000732421875,151.75782775878906,14789500
2018-08-09,167.64999389648438,168.7100067138672,167.5500030517578,168.0,152.14723205566406,10437800
2018-08-10,167.0500030517578,168.6699981689453,166.9600067138672,167.52999877929688,151.72152709960938,20521900
2018-08-13,167.74000549316406,168.0500030517578,165.8800048828125,166.5500030517578,150.8340606689453,20517200
2018-08-14,166.91000366210938,168.60000610351562,166.88999938964844,168.1999969482422,152.32838439941406,17683100
2018-08-15,167.6999969482422,167.82000732421875,165.14999389648438,166.08999633789062,150.4174346923828,27479900
2018-08-16,166.86000061035156,168.1699981689453,166.69000244140625,167.6300048828125,151.8121337890625,15484700
2018-08-17,167.47000122070312,168.47000122070312,166.92999267578125,168.35000610351562,152.4641876220703,15106700
2018-08-20,168.80999755859375,169.17999267578125,167.8300018310547,168.82000732421875,152.88983154296875,12547300
2018-08-21,169.13999938964844,171.36000061035156,169.1199951171875,170.75999450683594,154.6467742919922,20661200
2018-08-22,170.58999633789062,171.49000549316406,170.4199981689453,171.17999267578125,155.027099609375,14329200
2018-08-23,171.08999633789062,171.52000427246094,170.17999267578125,170.66000366210938,154.55621337890625,12945800
2018-08-24,171.14999389648438,171.77999877929688,171.02000427246094,171.58999633789062,155.39845275878906,11894300
2018-08-27,172.11000061035156,172.94000244140625,171.6199951171875,171.83999633789062,155.62486267089844,15880400
2018-08-28,172.16000366210938,172.47999572753906,171.10000610351562,172.0,155.76976013183594,13170300
2018-08-29,172.02000427246094,172.77000427246094,171.4600067138672,172.5,156.2226104736328,13157900
2018-08-30,172.1699981689453,173.22999572753906,171.82000732421875,172.36000061035156,156.0957794189453,14199600
2018-08-31,171.9600067138672,173.38999938964844,171.9499969482422,173.02000427246094,156.69354248046875,12240500
2018-09-04,172.7899932861328,173.1199951171875,171.1199951171875,172.25,155.9961700439453,17923500
2018-09-05,172.17999267578125,172.22999572753906,170.36000061035156,171.7899932861328,155.5795440673828,15166100
2018-09-06,172.1699981689453,172.47999572753906,170.4199981689453,170.6300048828125,154.52902221679688,16647700
2018-09-07,170.2100067138672,171.4499969482422,169.66000366210938,170.5399932861328,154.44752502441406,17248000
2018-09-10,171.25,171.67999267578125,170.38999938964844,170.75,154.63772583007812,11067100
2018-09-11,170.60000610351562,171.60000610351562,170.0,171.02999877929688,154.89134216308594,14078400
2018-09-12,170.7899932861328,171.08999633789062,169.3300018310547,170.6199951171875,154.51995849609375,21572300
2018-09-13,171.27999877929688,171.5399932861328,170.25999450683594,170.66000366210938,154.55621337890625,14570500
2018-09-14,170.77000427246094,171.92999267578125,170.39999389648438,171.3800048828125,155.20831298828125,15734900
2018-09-17,171.4199981689453,171.5399932861328,169.35000610351562,169.55999755859375,153.5599822998047,20023200
2018-09-18,169.8000030517578,170.7100067138672,169.6300048828125,170.27000427246094,154.20306396484375,13018000
2018-09-19,170.27999877929688,171.07000732421875,169.07000732421875,169.64999389648438,153.6415557861328,17593500
2018-09-20,170.3699951171875,171.3000030517578,169.80999755859375,171.22000122070312,155.06341552734375,16918700
2018-09-21,171.75,171.82000732421875,170.22000122070312,170.39999389648438,154.3207550048828,32539000
2018-09-24,170.25999450683594,170.5,168.75999450683594,169.77000427246094,153.7501983642578,15786700
2018-09-25,170.0500030517578,170.52000427246094,169.85000610351562,170.02999877929688,153.9856719970703,13758500
2018-09-26,169.92999267578125,170.02999877929688,167.77999877929688,168.02999877929688,152.5781707763672,17787200
2018-09-27,168.3699951171875,168.6999969482422,167.75999450683594,168.0399932861328,152.5872802734375,14471900
2018-09-28,167.4499969482422,169.0,167.4499969482422,168.5500030517578,153.0503692626953,22740300
2018-10-01,169.2899932861328,169.32000732421875,165.77000427246094,166.3300018310547,151.0345001220703,27893100
2018-10-02,166.17999267578125,166.52999877929688,164.17999267578125,164.52999877929688,149.40003967285156,28440300
2018-10-03,165.17999267578125,166.72999572753906,164.50999450683594,165.97000122070312,150.70761108398438,26027200
2018-10-04,165.44000244140625,165.64999389648438,163.1300048828125,163.63999938964844,148.59185791015625,29463000
2018-10-05,163.75,164.16000366210938,160.66000366210938,162.16000366210938,147.2480010986328,31240100
2018-10-08,161.77000427246094,162.39999389648438,160.5500030517578,161.82000732421875,146.93923950195312,21330700
2018-10-09,161.6199951171875,162.74000549316406,160.97999572753906,161.19000244140625,146.3671875,20620400
2018-10-10,160.82000732421875,160.99000549316406,156.36000061035156,156.55999755859375,142.16293334960938,46921800
2018-10-11,155.80999755859375,157.32000732421875,153.50999450683594,153.57000732421875,139.44793701171875,68877400
2018-10-12,155.55999755859375,155.75999450683594,151.88999938964844,153.60000610351562,139.47512817382812,53492600
2018-10-15,153.36000061035156,155.2899932861328,152.5399932861328,154.1699981689453,139.9927520751953,32747600
2018-10-16,155.27999877929688,158.86000061035156,154.0399932861328,158.63999938964844,144.0517120361328,35569100
2018-10-17,158.17999267578125,158.22000122070312,155.88999938964844,157.9600067138672,143.43418884277344,24140100
2018-10-18,157.41000366210938,157.6300048828125,154.3699951171875,155.0,140.7464141845703,31042700
2018-10-19,155.47000122070312,156.36000061035156,152.74000549316406,153.36000061035156,139.25723266601562,34214200
2018-10-22,153.9199981689453,154.4499969482422,152.52000427246094,153.02999877929688,138.95758056640625,28218300
2018-10-23,150.92999267578125,152.88999938964844,148.9199981689453,151.66000366210938,137.71356201171875,37228100
2018-10-24,151.42999267578125,151.97999572753906,145.82000732421875,145.9499969482422,132.52865600585938,40412400
2018-10-25,146.72999572753906,149.82000732421875,146.41000366210938,149.11000061035156,135.39805603027344,32311300
2018-10-26,147.5399932861328,149.4199981689453,144.6999969482422,147.47999572753906,133.91798400878906,36986100
2018-10-29,149.1300048828125,150.6300048828125,145.07000732421875,146.6699981689453,133.1824188232422,33031300
2018-10-30,146.85000610351562,149.88999938964844,146.55999755859375,149.72999572753906,135.96102905273438,29017200
2018-10-31,151.25999450683594,151.86000061035156,150.02999877929688,150.02999877929688,136.2334442138672,36785400
2018-11-01,150.88999938964844,153.77000427246094,150.80999755859375,153.49000549316406,139.37525939941406,28496400
2018-11-02,154.05999755859375,154.88999938964844,152.44000244140625,154.0,139.83836364746094,26671600
2018-11-05,154.0399932861328,154.66000366210938,152.35000610351562,153.8800048828125,139.72940063476562,16940900
2018-11-06,153.64999389648438,155.11000061035156,153.52000427246094,154.63999938964844,140.41949462890625,15572900
2018-11-07,155.36000061035156,157.41000366210938,154.8000030517578,157.41000366210938,142.934814453125,22127800
2018-11-08,156.61000061035156,157.89999389648438,156.33999633789062,156.99000549316406,142.55345153808594,14987700
2018-11-09,156.0,156.02999877929688,152.9499969482422,154.0800018310547,139.9110107421875,20654400
2018-11-12,154.02000427246094,154.1699981689453,150.83999633789062,151.02999877929688,137.1414794921875,21886800
2018-11-13,151.60000610351562,153.08999633789062,150.2899932861328,150.5500030517578,136.7056121826172,18468500
2018-11-14,151.82000732421875,152.4600067138672,148.47999572753906,149.4499969482422,135.70675659179688,24549100
2018-11-15,148.49000549316406,151.8000030517578,148.1300048828125,151.5800018310547,137.6409149169922,24482000
2018-11-16,150.61000061035156,152.2899932861328,150.05999755859375,151.94000244140625,137.96780395507812,29323500
2018-11-19,151.67999267578125,152.02999877929688,148.3699951171875,148.86000061035156,135.1710205078125,21540900
2018-11-20,147.25,148.42999267578125,145.58999633789062,145.99000549316406,132.56494140625,25907000
2018-11-21,146.77999877929688,149.3699951171875,146.52999877929688,148.02999877929688,134.4173583984375,17902300
2018-11-23,146.82000732421875,149.3000030517578,146.80999755859375,147.88999938964844,134.29022216796875,11134800
2018-11-26,149.32000732421875,150.39999389648438,148.74000549316406,149.80999755859375,136.03363037109375,15346400
2018-11-27,149.17999267578125,149.72999572753906,148.2899932861328,148.57000732421875,134.90768432617188,14461800
2018-11-28,149.1999969482422,152.3699951171875,147.6999969482422,152.24000549316406,138.24021911621094,26125900
2018-11-29,151.61000061035156,152.74000549316406,150.44000244140625,151.8300018310547,137.8679656982422,15134500
2018-11-30,151.4600067138672,152.86000061035156,151.0800018310547,152.6199951171875,138.5852508544922,20304700
2018-12-03,154.38999938964844,154.47999572753906,152.02000427246094,154.0800018310547,139.9110107421875,23379800
2018-12-04,153.75,154.1300048828125,147.13999938964844,147.52000427246094,133.95423889160156,41077900
2018-12-06,145.4499969482422,147.1999969482422,143.42999267578125,147.1999969482422,133.66368103027344,37581200
2018-12-07,147.13999938964844,148.25999450683594,143.27000427246094,144.02000427246094,130.77613830566406,28525100
2018-12-10,144.27000427246094,144.72000122070312,141.4499969482422,143.60000610351562,130.39474487304688,30776600
2018-12-11,145.67999267578125,146.19000244140625,142.38999938964844,143.4499969482422,130.25851440429688,29229300
2018-12-12,144.8800048828125,146.75999450683594,144.75999450683594,144.82000732421875,131.5024871826172,27894800
2018-12-13,145.24000549316406,145.69000244140625,142.5399932861328,142.77000427246094,129.6410675048828,23205400
2018-12-14,141.72999572753906,143.22999572753906,140.10000610351562,140.61000061035156,127.67969512939453,24037200
2018-12-17,139.6699981689453,140.8800048828125,136.16000366210938,137.02000427246094,124.83622741699219,36468500
2018-12-18,138.25999450683594,139.17999267578125,136.2899932861328,136.85000610351562,124.68135833740234,42277200
2018-12-19,136.8000030517578,138.67999267578125,133.25,134.0,122.08477783203125,47676600
2018-12-20,133.6300048828125,134.41000366210938,130.22999572753906,131.7899932861328,120.07122802734375,57908100
2018-12-21,132.3800048828125,132.9499969482422,127.9800033569336,128.3699951171875,116.95536041259766,59404800
2018-12-24,127.7300033569336,128.47000122070312,125.83999633789062,125.87999725341797,114.68677520751953,28575700
2018-12-26,126.27999877929688,132.10000610351562,125.80999755859375,131.92999267578125,120.19879150390625,40182700
2018-12-27,130.27000427246094,132.47999572753906,127.87000274658203,132.47999572753906,120.69991302490234,39527900
2018-12-28,132.47999572753906,135.00999450683594,131.5399932861328,132.86000061035156,121.04613494873047,35994400
2018-12-31,133.72000122070312,134.0500030517578,131.8000030517578,133.89999389648438,121.99365997314453,29173400
2019-01-02,132.1699981689453,135.1699981689453,131.5399932861328,134.66000366210938,122.6860580444336,27295100
2019-01-03,133.91000366210938,134.63999938964844,131.64999389648438,132.25,120.49038696289062,29294600
2019-01-04,133.9199981689453,137.60000610351562,133.7100067138672,137.19000244140625,124.99110412597656,35355300
2019-01-07,137.25999450683594,140.3699951171875,136.74000549316406,139.58999633789062,127.17769622802734,30477900
2019-01-08,140.8000030517578,141.7899932861328,139.38999938964844,141.72999572753906,129.1273956298828,27320900
2019-01-09,142.22000122070312,143.38999938964844,141.6199951171875,142.89999389648438,130.193359375,25764600
2019-01-10,142.05999755859375,143.72000122070312,141.35000610351562,143.63999938964844,130.8675537109375,22896800
2019-01-11,143.00999450683594,143.99000549316406,142.67999267578125,143.67999267578125,130.90402221679688,22428400
2019-01-14,142.82000732421875,143.44000244140625,142.08999633789062,142.25,129.6011962890625,29185000
2019-01-15,142.64999389648438,143.64999389648438,142.08999633789062,143.4499969482422,130.69444274902344,25678900
2019-01-16,143.67999267578125,145.25,143.6699981689453,144.52000427246094,131.66932678222656,20827300
2019-01-17,143.99000549316406,146.3300018310547,143.97000122070312,145.8300018310547,132.86282348632812,19273400
2019-01-18,146.60000610351562,147.9199981689453,146.0,147.3300018310547,134.22947692871094,28306700
2019-01-22,146.4600067138672,146.75999450683594,144.0500030517578,145.0,132.10662841796875,27741100
2019-01-23,145.32000732421875,146.17999267578125,143.4600067138672,144.60000610351562,131.7421875,20621300
2019-01-24,144.42999267578125,145.75999450683594,144.3300018310547,145.47000122070312,132.5348358154297,16976300
2019-01-25,146.6199951171875,147.63999938964844,146.42999267578125,147.33999633789062,134.23858642578125,22266900
2019-01-28,145.9600067138672,146.91000366210938,145.3699951171875,146.5500030517578,133.51881408691406,22784700
2019-01-29,146.7100067138672,146.82000732421875,145.8800048828125,146.1999969482422,133.19993591308594,12084800
2019-01-30,146.97999572753906,148.33999633789062,145.67999267578125,147.8000030517578,134.65765380859375,25516900
2019-01-31,147.61000061035156,149.3000030517578,147.52999877929688,149.05999755859375,135.80560302734375,27252900
2019-02-01,149.35000610351562,149.67999267578125,148.5800018310547,149.17999267578125,135.91490173339844,17057900
2019-02-04,149.41000366210938,150.97000122070312,148.8800048828125,150.9600067138672,137.53671264648438,21301700
2019-02-05,151.00999450683594,151.60000610351562,150.24000549316406,151.1199951171875,137.6824493408203,18295900
2019-02-06,151.0399932861328,151.3699951171875,150.10000610351562,150.92999267578125,137.50938415527344,13720600
2019-02-07,149.9199981689453,150.6999969482422,148.38999938964844,149.69000244140625,136.37962341308594,22850800
2019-02-08,149.05999755859375,149.89999389648438,148.5,149.85000610351562,136.52542114257812,13463000
2019-02-11,150.2899932861328,151.14999389648438,149.6300048828125,151.10000610351562,137.66424560546875,16374800
2019-02-12,151.9199981689453,153.19000244140625,151.8800048828125,152.99000549316406,139.3861846923828,20779900
2019-02-13,153.4199981689453,153.75999450683594,152.6999969482422,153.4199981689453,139.7779541015625,15534500
2019-02-14,152.5800018310547,154.3699951171875,152.39999389648438,153.77000427246094,140.0968017578125,18251000
2019-02-15,154.77999877929688,156.24000549316406,154.27000427246094,156.22000122070312,142.32894897460938,27240200
2019-02-19,155.5500030517578,157.10000610351562,155.5500030517578,156.64999389648438,142.720703125,15856900
2019-02-20,156.66000366210938,157.5800018310547,156.52999877929688,157.38999938964844,143.3949432373047,18317400
2019-02-21,157.1300048828125,157.3699951171875,156.05999755859375,156.7899932861328,142.8482666015625,17497000
2019-02-22,157.27000427246094,158.27000427246094,157.10000610351562,158.14999389648438,144.08734130859375,20411800
2019-02-25,159.0800018310547,159.5,158.08999633789062,158.19000244140625,144.123779296875,17957100
2019-02-26,158.00999450683594,158.19000244140625,156.88999938964844,157.10000610351562,143.13075256347656,21497300
2019-02-27,156.49000549316406,157.44000244140625,156.1199951171875,157.32000732421875,143.33116149902344,18194900
2019-02-28,157.08999633789062,157.47999572753906,156.3699951171875,156.77999877929688,142.83914184570312,18155300
2019-03-01,157.9499969482422,158.33999633789062,156.75,158.24000549316406,144.16934204101562,19247100
2019-03-04,158.5399932861328,158.77999877929688,155.58999633789062,156.80999755859375,142.86648559570312,23301800
2019-03-05,156.94000244140625,156.9499969482422,155.9600067138672,156.0800018310547,142.201416015625,16798200
2019-03-06,156.02000427246094,156.0800018310547,152.8800048828125,153.02000427246094,139.41348266601562,29604600
2019-03-07,153.02000427246094,153.13999938964844,151.3699951171875,151.67999267578125,138.192626953125,26822500
2019-03-08,150.83999633789062,151.75999450683594,150.61000061035156,151.63999938964844,138.15621948242188,20466800
2019-03-11,152.11000061035156,154.30999755859375,151.89999389648438,154.2899932861328,140.5706024169922,20854500
2019-03-12,154.39999389648438,154.97999572753906,153.8000030517578,154.3699951171875,140.64346313476562,18966800
2019-03-13,154.9199981689453,155.72999572753906,154.75,154.97999572753906,141.19924926757812,24109100
2019-03-14,154.89999389648438,155.02000427246094,154.1999969482422,154.35000610351562,140.625244140625,14217500
2019-03-15,154.52999877929688,155.8699951171875,154.3300018310547,154.75999450683594,140.99876403808594,22025900
2019-03-18,155.05999755859375,156.4499969482422,154.47999572753906,155.75,141.9007110595703,24510200
2019-03-19,156.47999572753906,156.52999877929688,154.57000732421875,154.9600067138672,141.18101501464844,18633100
2019-03-20,154.5399932861328,155.4199981689453,152.41000366210938,153.25999450683594,140.00439453125,29463200
2019-03-21,152.72999572753906,156.05999755859375,152.72999572753906,155.27000427246094,141.840576171875,31845000
2019-03-22,154.1999969482422,154.5399932861328,149.57000732421875,149.6199951171875,136.67921447753906,40663000
2019-03-25,149.47999572753906,151.32000732421875,148.41000366210938,150.27999877929688,137.2821502685547,26454700
2019-03-26,151.47000122070312,152.82000732421875,150.7899932861328,151.86000061035156,138.72547912597656,21308600
2019-03-27,151.7100067138672,152.2100067138672,149.47999572753906,151.27000427246094,138.1864776611328,23477100
2019-03-28,151.7899932861328,152.92999267578125,150.92999267578125,152.6199951171875,139.41978454589844,19473300
2019-03-29,153.67999267578125,153.97000122070312,152.10000610351562,153.08999633789062,139.84909057617188,28298900
2019-04-01,154.2899932861328,154.9199981689453,153.72000122070312,154.75999450683594,141.37466430664062,20075200
2019-04-02,154.8699951171875,154.8800048828125,153.50999450683594,154.36000061035156,141.00924682617188,18253500
2019-04-03,155.74000549316406,156.14999389648438,154.72999572753906,155.16000366210938,141.74008178710938,19554700
2019-04-04,155.27999877929688,156.00999450683594,154.83999633789062,155.9199981689453,142.43434143066406,15909500
2019-04-05,156.3000030517578,157.47000122070312,156.19000244140625,157.3800048828125,143.76806640625,21379000
2019-04-08,156.85000610351562,157.5,156.07000732421875,157.1199951171875,143.53054809570312,14202400
2019-04-09,156.4600067138672,156.6999969482422,154.91000366210938,155.1999969482422,141.77659606933594,18534200
2019-04-10,155.47999572753906,157.36000061035156,155.3300018310547,157.30999755859375,143.7041015625,18938800
2019-04-11,157.52000427246094,157.67999267578125,156.80999755859375,157.11000061035156,143.52139282226562,12218700
2019-04-12,158.1300048828125,158.16000366210938,157.11000061035156,157.67999267578125,144.0421142578125,14120300
2019-04-15,157.9499969482422,158.10000610351562,156.5,157.1699981689453,143.5762176513672,10964000
2019-04-16,157.7100067138672,157.89999389648438,156.97999572753906,157.5399932861328,143.9141845703125,16782900
2019-04-17,158.08999633789062,158.11000061035156,155.1999969482422,156.10000610351562,142.59877014160156,17108500
2019-04-18,156.11000061035156,156.27999877929688,154.66000366210938,155.63999938964844,142.17852783203125,23276300
2019-04-22,155.30999755859375,155.80999755859375,154.52000427246094,155.22999572753906,141.8040008544922,15596800
2019-04-23,155.3699951171875,158.0500030517578,155.36000061035156,157.57000732421875,143.94161987304688,23396100
2019-04-24,157.6199951171875,158.69000244140625,157.3699951171875,158.05999755859375,144.38926696777344,18053100
2019-04-25,157.3300018310547,157.47000122070312,155.47000122070312,156.75,143.19252014160156,19365100
2019-04-26,156.9600067138672,158.49000549316406,156.39999389648438,158.27000427246094,144.58106994628906,16999100
2019-04-29,158.6199951171875,159.61000061035156,158.49000549316406,159.02999877929688,145.2753143310547,13698900
2019-04-30,159.14999389648438,159.19000244140625,156.9600067138672,158.2899932861328,144.5993194580078,24127500
2019-05-01,158.6699981689453,158.72999572753906,156.7100067138672,156.7899932861328,143.2290496826172,17734300
2019-05-02,156.63999938964844,158.14999389648438,155.67999267578125,157.52000427246094,143.89598083496094,22715700
2019-05-03,158.30999755859375,160.63999938964844,158.19000244140625,160.52999877929688,146.64559936523438,20178800
2019-05-06,158.17999267578125,161.11000061035156,158.00999450683594,160.7100067138672,146.81005859375,21262100
2019-05-07,159.30999755859375,159.8699951171875,156.25,157.52999877929688,143.90512084960938,25434500
2019-05-08,157.25999450683594,158.08999633789062,156.64999389648438,156.75999450683594,143.20167541503906,16113700
2019-05-09,155.52000427246094,156.64999389648438,153.74000549316406,156.19000244140625,142.68096923828125,25259900
2019-05-10,155.58999633789062,156.8300018310547,153.6699981689453,156.6199951171875,143.0737762451172,26544700
2019-05-13,153.69000244140625,154.02000427246094,151.16000366210938,151.6300048828125,138.515380859375,26936500
2019-05-14,151.9600067138672,154.1699981689453,151.6999969482422,153.5399932861328,140.26019287109375,15519200
2019-05-15,152.39999389648438,154.41000366210938,152.07000732421875,154.0399932861328,140.7169189453125,18410600
2019-05-16,154.50999450683594,156.17999267578125,154.44000244140625,155.0,141.59390258789062,13772100
2019-05-17,153.82000732421875,155.27000427246094,152.66000366210938,152.83999633789062,139.6207275390625,21534000
2019-05-20,151.92999267578125,152.82000732421875,151.41000366210938,151.77999877929688,138.65235900878906,18689800
2019-05-21,152.6300048828125,154.0399932861328,152.5800018310547,153.82000732421875,140.51597595214844,11659100
2019-05-22,153.22000122070312,153.58999633789062,152.0,152.52999877929688,139.3375701904297,13922600
2019-05-23,151.05999755859375,151.05999755859375,148.5800018310547,149.38999938964844,136.4691162109375,26379400
2019-05-24,150.3800048828125,151.08999633789062,149.7899932861328,150.7899932861328,137.74803161621094,16093100
2019-05-28,151.00999450683594,151.64999389648438,149.5800018310547,149.58999633789062,136.65182495117188,14042200
2019-05-29,148.83999633789062,148.92999267578125,147.36000061035156,148.33999633789062,135.50994873046875,22622300
2019-05-30,148.75,149.5800018310547,147.0399932861328,147.92999267578125,135.13540649414062,17739100
2019-05-31,146.19000244140625,146.83999633789062,145.32000732421875,145.86000061035156,133.24441528320312,25411300
2019-06-03,146.1300048828125,147.2100067138672,145.3300018310547,146.3699951171875,133.7103271484375,26554500
2019-06-04,147.9199981689453,150.2899932861328,146.4199981689453,150.16000366210938,137.17250061035156,21217600
2019-06-05,150.75999450683594,150.88999938964844,148.61000061035156,150.19000244140625,137.199951171875,18184100
2019-06-06,150.1199951171875,150.52000427246094,148.30999755859375,149.8000030517578,136.84364318847656,20772500
2019-06-07,150.35000610351562,151.50999450683594,150.02000427246094,150.86000061035156,137.8119354248047,17107500
2019-06-10,151.4499969482422,153.13999938964844,151.4499969482422,151.75,138.62493896484375,18912300
2019-06-11,152.8699951171875,153.22999572753906,150.5800018310547,151.3000030517578,138.21389770507812,15373000
2019-06-12,151.17999267578125,151.77999877929688,150.6199951171875,151.47000122070312,138.36920166015625,11957600
2019-06-13,152.30999755859375,153.17999267578125,151.8699951171875,153.07000732421875,139.830810546875,14839400
2019-06-14,152.8800048828125,152.94000244140625,151.72000122070312,151.72999572753906,138.60675048828125,16154800
2019-06-17,151.8699951171875,152.89999389648438,151.6699981689453,152.24000549316406,139.56289672851562,12509300
2019-06-18,153.27000427246094,155.14999389648438,152.25999450683594,154.00999450683594,141.1854705810547,22100800
2019-06-19,154.19000244140625,154.6999969482422,153.39999389648438,154.55999755859375,141.68971252441406,15625000
2019-06-20,156.0500030517578,156.22000122070312,154.44000244140625,155.2899932861328,142.35887145996094,17595700
2019-06-21,155.1300048828125,155.1699981689453,153.61000061035156,153.9499969482422,141.1304931640625,19854400
2019-06-24,154.36000061035156,154.41000366210938,152.0,152.0800018310547,139.41619873046875,24002600
2019-06-25,152.30999755859375,152.5,151.0,151.14999389648438,138.56362915039062,17462200
2019-06-26,151.6999969482422,152.22000122070312,150.75999450683594,150.8000030517578,138.24278259277344,15726900
2019-06-27,151.24000549316406,153.77000427246094,151.24000549316406,153.6300048828125,140.8370819091797,22278400
2019-06-28,153.9499969482422,156.02000427246094,153.94000244140625,155.5,142.55145263671875,35089900
2019-07-01,157.5399932861328,158.02999877929688,155.22000122070312,156.10000610351562,143.10147094726562,22850500
2019-07-02,156.02000427246094,156.1199951171875,154.25999450683594,155.14999389648438,142.23056030273438,19024600
2019-07-03,155.60000610351562,156.33999633789062,155.1699981689453,156.25999450683594,143.24815368652344,9115100
2019-07-05,155.49000549316406,156.74000549316406,154.86000061035156,156.67999267578125,143.6331329345703,14156700
2019-07-08,156.2100067138672,156.47999572753906,154.88999938964844,155.19000244140625,142.2672119140625,9735700
2019-07-09,154.5399932861328,155.42999267578125,154.47999572753906,155.39999389648438,142.45973205566406,12381600
2019-07-10,156.1999969482422,156.55999755859375,154.85000610351562,155.6699981689453,142.7072296142578,17325400
2019-07-11,155.88999938964844,155.94000244140625,154.22000122070312,154.91000366210938,142.0105438232422,14260800
2019-07-12,155.13999938964844,156.6699981689453,154.8800048828125,156.11000061035156,143.1106414794922,16678000
2019-07-15,156.55999755859375,156.58999633789062,154.85000610351562,155.2899932861328,142.35887145996094,12194300
2019-07-16,155.1300048828125,156.1999969482422,154.6699981689453,155.24000549316406,142.31307983398438,15152700
2019-07-17,155.24000549316406,155.33999633789062,153.72999572753906,154.1300048828125,141.2954864501953,14155100
2019-07-18,154.0800018310547,155.00999450683594,153.72999572753906,154.7100067138672,141.8272247314453,15705500
2019-07-19,154.94000244140625,155.42999267578125,153.82000732421875,153.82000732421875,141.0113067626953,17182600
2019-07-22,154.24000549316406,154.6999969482422,153.39999389648438,153.67999267578125,140.88294982910156,14474600
2019-07-23,154.27999877929688,154.72000122070312,153.5399932861328,154.6999969482422,141.81802368164062,15493200
2019-07-24,154.2899932861328,157.4499969482422,154.1199951171875,157.25999450683594,144.1648712158203,23823100
2019-07-25,157.17999267578125,157.24000549316406,155.08999633789062,155.36000061035156,142.42306518554688,17902500
2019-07-26,155.5800018310547,157.4199981689453,155.5,157.1999969482422,144.1098175048828,14260300
2019-07-29,157.19000244140625,157.36000061035156,155.60000610351562,156.14999389648438,143.14727783203125,13192200
2019-07-30,155.05999755859375,157.83999633789062,154.7100067138672,157.83999633789062,144.69654846191406,1200
2019-07-31,157.77999877929688,159.22999572753906,155.5500030517578,156.55999755859375,143.5231475830078,40445900
2019-08-01,156.8800048828125,158.1699981689453,153.58999633789062,154.2899932861328,141.44215393066406,38070200
2019-08-02,153.35000610351562,153.75,151.27999877929688,152.5800018310547,139.8745574951172,30148300
2019-08-05,149.77999877929688,149.9199981689453,146.2100067138672,148.0,135.6759490966797,39221500
2019-08-06,148.89999389648438,149.6999969482422,147.3800048828125,149.36000061035156,136.9226837158203,24283300
2019-08-07,147.9199981689453,149.7100067138672,146.69000244140625,149.32000732421875,136.88601684570312,23952100
2019-08-08,150.14999389648438,152.6300048828125,149.99000549316406,152.5399932861328,139.83787536621094,19415600
2019-08-09,152.08999633789062,152.14999389648438,150.02999877929688,150.6199951171875,138.0777587890625,19313200
2019-08-12,149.80999755859375,150.1199951171875,148.3300018310547,148.6699981689453,136.2901611328125,15963000
2019-08-13,148.33999633789062,151.7899932861328,147.6699981689453,150.27000427246094,137.7569122314453,21912600
2019-08-14,147.9499969482422,147.97999572753906,145.72000122070312,146.07000732421875,133.9066619873047,28235800
2019-08-15,146.6199951171875,146.6699981689453,144.7899932861328,145.49000549316406,133.37493896484375,24202400
2019-08-16,146.13999938964844,148.91000366210938,146.11000061035156,148.6300048828125,136.25347900390625,22783400
2019-08-19,150.32000732421875,150.88999938964844,149.9499969482422,150.1300048828125,137.62857055664062,17023400
2019-08-20,149.9199981689453,150.00999450683594,148.99000549316406,149.14999389648438,136.730224609375,13324100
2019-08-21,150.6199951171875,150.64999389648438,149.7899932861328,150.3800048828125,137.85777282714844,13446100
2019-08-22,150.6699981689453,151.0800018310547,149.13999938964844,150.02999877929688,137.5369110107422,12979100
2019-08-23,149.22000122070312,150.11000061035156,144.92999267578125,145.42999267578125,133.3198699951172,36974600
2019-08-26,146.8000030517578,147.0500030517578,145.7100067138672,147.02999877929688,134.78671264648438,19167100
2019-08-27,147.9600067138672,148.02000427246094,144.67999267578125,144.85000610351562,132.7882537841797,24546200
2019-08-28,144.55999755859375,147.38999938964844,144.25,146.5399932861328,134.33749389648438,20115500
2019-08-29,148.14999389648438,149.2899932861328,147.9600067138672,149.11000061035156,136.69351196289062,18786300
2019-08-30,149.88999938964844,149.97000122070312,148.0399932861328,148.83999633789062,136.44593811035156,18727100
2019-09-03,147.4499969482422,148.32000732421875,146.0,146.66000366210938,134.44754028320312,20688000
2019-09-04,148.00999450683594,148.36000061035156,147.17999267578125,147.83999633789062,135.52928161621094,13107500
2019-09-05,149.85000610351562,151.91000366210938,149.3699951171875,150.58999633789062,138.0502471923828,25666700
2019-09-06,150.6999969482422,151.22999572753906,149.8300018310547,149.89999389648438,137.41769409179688,14645900
2019-09-09,150.57000732421875,152.24000549316406,150.05999755859375,151.91000366210938,139.2603302001953,25780100
2019-09-10,151.67999267578125,153.9499969482422,150.88999938964844,153.85000610351562,141.03878784179688,29576200
2019-09-11,154.52000427246094,157.16000366210938,153.55999755859375,157.0,143.926513671875,42970500
2019-09-12,157.17999267578125,157.89999389648438,155.57000732421875,157.0399932861328,143.96315002441406,38648300
2019-09-13,157.85000610351562,158.9199981689453,157.1300048828125,157.30999755859375,144.21063232421875,31042800
2019-09-16,156.97000122070312,158.75,156.6999969482422,157.89999389648438,144.75157165527344,23242600
2019-09-17,157.36000061035156,157.57000732421875,156.4499969482422,157.49000549316406,144.37570190429688,22986700
2019-09-18,157.47999572753906,157.5,155.07000732421875,156.52000427246094,143.4864501953125,19735700
2019-09-19,156.8000030517578,157.82000732421875,155.52999877929688,155.75999450683594,142.7897186279297,21531600
2019-09-20,155.63999938964844,156.64999389648438,154.4499969482422,155.42999267578125,142.48719787597656,22707200
2019-09-23,154.86000061035156,155.9499969482422,154.55999755859375,155.30999755859375,142.377197265625,14944600
2019-09-24,155.14999389648438,155.2899932861328,151.83999633789062,152.42999267578125,140.22821044921875,27576700
2019-09-25,152.27999877929688,154.36000061035156,151.8000030517578,154.10000610351562,141.76455688476562,21917500
2019-09-26,153.9199981689453,153.9199981689453,151.9499969482422,152.3800048828125,140.18226623535156,20641600
2019-09-27,152.82000732421875,153.22000122070312,150.5,151.16000366210938,139.05990600585938,20181900
2019-09-30,151.3699951171875,152.25999450683594,150.7899932861328,151.33999633789062,139.22549438476562,16905400
2019-10-01,152.11000061035156,153.35000610351562,148.0500030517578,148.3699951171875,136.4932098388672,34093500
2019-10-02,147.6300048828125,147.6300048828125,145.86000061035156,147.25,135.46287536621094,24894600
2019-10-03,146.69000244140625,147.94000244140625,144.92999267578125,147.74000549316406,135.91368103027344,25362800
2019-10-04,147.99000549316406,149.25,147.1199951171875,149.13999938964844,137.20159912109375,18640400
2019-10-07,148.77999877929688,150.07000732421875,148.1199951171875,148.8800048828125,136.96240234375,15762800
2019-10-08,147.4199981689453,147.92999267578125,146.11000061035156,146.4600067138672,134.73611450195312,18110600
2019-10-09,147.5399932861328,147.69000244140625,146.63999938964844,147.1300048828125,135.35252380371094,10929500
2019-10-10,147.33999633789062,148.5,147.10000610351562,147.72000122070312,135.8952178955078,16349000
2019-10-11,149.7899932861328,151.9600067138672,147.69000244140625,150.22000122070312,138.19512939453125,29236300
2019-10-14,149.91000366210938,150.14999389648438,149.10000610351562,149.6699981689453,137.68919372558594,10692600
2019-10-15,150.1699981689453,152.1300048828125,149.7899932861328,151.38999938964844,139.271484375,16801200
2019-10-16,151.2100067138672,152.27000427246094,151.13999938964844,151.5500030517578,139.41860961914062,13119100
2019-10-17,152.2899932861328,153.50999450683594,152.0500030517578,153.33999633789062,141.0653839111328,13175800
2019-10-18,152.92999267578125,153.5,151.4499969482422,152.61000061035156,140.39382934570312,14490200
2019-10-21,154.1699981689453,154.97999572753906,153.91000366210938,154.0399932861328,141.70932006835938,17450300
2019-10-22,154.1999969482422,155.0500030517578,153.74000549316406,154.2100067138672,141.8657684326172,12471800
2019-10-23,154.33999633789062,154.75,153.5500030517578,154.39999389648438,142.04054260253906,8728000
2019-10-24,154.9499969482422,155.05999755859375,153.47000122070312,154.17999267578125,141.83811950683594,9091400
2019-10-25,153.91000366210938,155.52999877929688,153.89999389648438,155.0,142.59251403808594,10531500
2019-10-28,155.66000366210938,156.97999572753906,155.00999450683594,156.33999633789062,143.82522583007812,15392400
2019-10-29,156.00999450683594,157.33999633789062,155.86000061035156,156.85000610351562,144.29446411132812,11978300
2019-10-30,156.7899932861328,156.80999755859375,155.27999877929688,156.3300018310547,143.81607055664062,14451500
2019-10-31,156.10000610351562,156.10000610351562,154.24000549316406,155.4499969482422,143.00648498535156,17344200
2019-11-01,156.39999389648438,158.19000244140625,156.0500030517578,158.10000610351562,145.44435119628906,18421600
2019-11-04,159.39999389648438,159.6999969482422,158.47000122070312,158.9499969482422,146.22630310058594,16182000
2019-11-05,159.39999389648438,160.4600067138672,158.97000122070312,159.14999389648438,146.41029357910156,13760200
2019-11-06,158.99000549316406,158.99000549316406,157.80999755859375,158.22999572753906,145.56396484375,16025500
2019-11-07,159.74000549316406,160.1699981689453,158.1699981689453,158.64999389648438,145.95034790039062,13448900
2019-11-08,158.27999877929688,159.27000427246094,157.9499969482422,159.0800018310547,146.34591674804688,11967400
2019-11-11,158.02999877929688,158.89999389648438,157.8800048828125,158.77999877929688,146.06988525390625,10508700
2019-11-12,158.92999267578125,159.8800048828125,158.49000549316406,158.8300018310547,146.1159210205078,14316900
2019-11-13,157.74000549316406,158.5,157.19000244140625,158.14999389648438,145.49037170410156,14514400
2019-11-14,157.92999267578125,158.91000366210938,157.7899932861328,158.10000610351562,145.44435119628906,13054000
2019-11-15,159.22999572753906,159.2899932861328,158.35000610351562,158.9199981689453,146.19871520996094,13119200
2019-11-18,158.72000122070312,158.74000549316406,157.94000244140625,158.52000427246094,145.83070373535156,10759500
2019-11-19,159.11000061035156,159.6999969482422,158.30999755859375,159.11000061035156,146.3734893798828,15203700
2019-11-20,158.5500030517578,159.60000610351562,157.25999450683594,158.50999450683594,145.821533203125,21314300
2019-11-21,158.82000732421875,158.88999938964844,157.22999572753906,157.72999572753906,145.1039581298828,15388300
2019-11-22,158.30999755859375,158.5399932861328,157.35000610351562,158.22000122070312,145.5547637939453,13482400
2019-11-25,159.02999877929688,161.8300018310547,158.88999938964844,161.5800018310547,148.6457977294922,24753000
2019-11-26,161.75,162.5399932861328,161.2899932861328,161.69000244140625,148.74700927734375,15496700
2019-11-27,162.3800048828125,162.92999267578125,162.0800018310547,162.8300018310547,149.7957763671875,13202500
2019-11-29,162.41000366210938,162.7899932861328,161.6699981689453,161.77000427246094,148.82058715820312,9988200
2019-12-02,162.14999389648438,162.2100067138672,159.91000366210938,160.19000244140625,147.36705017089844,17190900
2019-12-03,158.82000732421875,159.75999450683594,158.10000610351562,159.67999267578125,146.89785766601562,14884400
2019-12-04,160.5,161.22000122070312,160.3000030517578,160.77999877929688,147.90982055664062,10833200
2019-12-05,161.47000122070312,161.64999389648438,160.4499969482422,160.94000244140625,148.05703735351562,11470700
2019-12-06,162.58999633789062,163.41000366210938,162.5,162.82000732421875,149.78656005859375,16486200
2019-12-09,162.75,163.16000366210938,162.38999938964844,162.50999450683594,149.50131225585938,13476700
2019-12-10,162.41000366210938,162.9600067138672,161.94000244140625,162.61000061035156,149.59332275390625,13704400
2019-12-11,162.8800048828125,163.0800018310547,161.9499969482422,162.55999755859375,149.54725646972656,19612200
2019-12-12,162.75,165.10000610351562,162.25,163.9600067138672,150.83526611328125,24857000
2019-12-13,163.72999572753906,164.80999755859375,162.5500030517578,163.3300018310547,150.2556915283203,23279600
2019-12-16,164.05999755859375,164.85000610351562,163.74000549316406,163.8800048828125,151.31478881835938,20115300
2019-12-17,164.13999938964844,164.6999969482422,163.6999969482422,164.6999969482422,152.07186889648438,12980000
2019-12-18,165.05999755859375,165.27999877929688,164.32000732421875,165.02000427246094,152.36737060546875,15379300
2019-12-19,165.27999877929688,165.72999572753906,164.8800048828125,165.72999572753906,153.0229034423828,11919800
2019-12-20,166.14999389648438,166.41000366210938,165.72000122070312,165.97000122070312,153.24452209472656,25449500
2019-12-23,166.24000549316406,166.36000061035156,165.36000061035156,166.3000030517578,153.54920959472656,13372100
2019-12-24,166.4499969482422,166.6999969482422,166.0399932861328,166.67999267578125,153.90003967285156,4334500
2019-12-26,166.8300018310547,166.97999572753906,166.36000061035156,166.67999267578125,153.90003967285156,9371200
2019-12-27,167.1199951171875,167.1199951171875,165.42999267578125,165.86000061035156,153.1429443359375,12261800
2019-12-30,165.97999572753906,166.2100067138672,164.57000732421875,165.44000244140625,152.7551727294922,14912700
2019-12-31,165.0800018310547,166.35000610351562,164.7100067138672,165.6699981689453,152.96751403808594,17362400
2020-01-02,166.74000549316406,166.75,164.22999572753906,165.77999877929688,153.06906127929688,18297500
2020-01-03,163.74000549316406,165.41000366210938,163.6999969482422,165.1300048828125,152.4689178466797,19295600
2020-01-06,163.85000610351562,165.5399932861328,163.5399932861328,165.35000610351562,152.6720428466797,17150900
2020-01-07,164.85000610351562,165.33999633789062,164.2100067138672,164.8000030517578,152.16419982910156,11817900
2020-01-08,164.82000732421875,166.02999877929688,164.72000122070312,165.30999755859375,152.63511657714844,13832400
2020-01-09,166.1199951171875,166.4499969482422,165.25999450683594,165.50999450683594,152.8197479248047,11895400
2020-01-10,165.5500030517578,165.69000244140625,164.1999969482422,164.88999938964844,152.24732971191406,15353000
2020-01-13,164.94000244140625,166.0399932861328,164.07000732421875,165.9600067138672,153.23524475097656,17271100
2020-01-14,165.13999938964844,167.58999633789062,164.97999572753906,166.57000732421875,153.7984619140625,18323000
2020-01-15,166.14999389648438,167.9499969482422,166.13999938964844,167.3699951171875,154.53713989257812,15437200
2020-01-16,168.58999633789062,169.8699951171875,168.42999267578125,169.52999877929688,156.5315399169922,19976200
2020-01-17,170.27999877929688,170.55999755859375,168.6699981689453,169.07000732421875,156.10682678222656,18306400
2020-01-21,168.36000061035156,168.99000549316406,167.27000427246094,167.6699981689453,154.8141632080078,17935100
2020-01-22,168.19000244140625,168.6199951171875,167.17999267578125,167.55999755859375,154.71258544921875,14916300
2020-01-23,167.10000610351562,167.97000122070312,165.4499969482422,167.4499969482422,154.61099243164062,15954300
2020-01-24,168.00999450683594,168.00999450683594,164.22999572753906,165.38999938964844,152.70896911621094,20491400
2020-01-27,162.85000610351562,164.49000549316406,162.4199981689453,163.50999450683594,150.97314453125,18539000
2020-01-28,164.5,165.39999389648438,163.49000549316406,164.8699951171875,152.2288360595703,16690400
2020-01-29,165.10000610351562,165.55999755859375,163.89999389648438,163.92999267578125,151.3608856201172,14944400
2020-01-30,162.83999633789062,164.13999938964844,161.92999267578125,163.92999267578125,151.3608856201172,21889700
2020-01-31,163.32000732421875,163.9199981689453,160.02999877929688,160.52999877929688,148.2216339111328,30439000
2020-02-03,161.60000610351562,162.92999267578125,161.49000549316406,162.32000732421875,149.87437438964844,17373200
2020-02-04,164.30999755859375,165.30999755859375,164.16000366210938,164.77000427246094,152.13648986816406,15994200
2020-02-05,166.47999572753906,167.52999877929688,165.69000244140625,167.30999755859375,154.4817657470703,17807000
2020-02-06,167.88999938964844,168.14999389648438,166.75999450683594,166.92999267578125,154.13088989257812,14768900
2020-02-07,166.2899932861328,166.36000061035156,164.39999389648438,164.8800048828125,152.23806762695312,18029600
2020-02-10,164.55999755859375,165.88999938964844,164.4600067138672,165.80999755859375,153.09678649902344,11428800
2020-02-11,166.7899932861328,167.9600067138672,166.27000427246094,166.9600067138672,154.1586456298828,15005600
2020-02-12,168.02000427246094,168.2899932861328,167.27999877929688,168.11000061035156,155.2204132080078,12123000
2020-02-13,167.22000122070312,168.9499969482422,167.11000061035156,168.5500030517578,155.62669372558594,12649300
2020-02-14,168.6999969482422,168.77999877929688,167.33999633789062,167.89999389648438,155.02650451660156,16006200
2020-02-18,167.5,168.05999755859375,166.42999267578125,167.5399932861328,154.69412231445312,13412100
2020-02-19,168.1699981689453,169.13999938964844,167.52999877929688,168.39999389648438,155.48817443847656,11084600
2020-02-20,167.89999389648438,169.11000061035156,166.58999633789062,168.80999755859375,155.86676025390625,20383800
2020-02-21,168.14999389648438,168.6300048828125,166.3300018310547,167.10000610351562,154.28787231445312,18729900
2020-02-24,161.86000061035156,167.05999755859375,161.10000610351562,162.07000732421875,149.6435089111328,28239500
2020-02-25,162.52000427246094,162.75999450683594,155.9600067138672,156.30999755859375,144.32518005371094,45047000
2020-02-26,157.0500030517578,158.49000549316406,154.22000122070312,154.5,142.65394592285156,39465000
2020-02-27,151.35000610351562,155.00999450683594,148.82000732421875,149.05999755859375,137.6310577392578,50530300
2020-02-28,144.85000610351562,149.1300048828125,143.91000366210938,146.3300018310547,135.11036682128906,72036400
2020-03-02,147.97000122070312,151.22999572753906,145.38999938964844,151.02999877929688,139.45004272460938,33569300
2020-03-03,151.08999633789062,154.1999969482422,146.30999755859375,147.9499969482422,136.60618591308594,42941300
2020-03-04,150.27999877929688,152.4499969482422,148.52000427246094,152.16000366210938,140.4933624267578,36195800
2020-03-05,148.83999633789062,152.47999572753906,145.49000549316406,147.32000732421875,136.02447509765625,32729400
2020-03-06,142.7100067138672,145.97999572753906,140.99000549316406,144.39999389648438,133.3283233642578,39688300
2020-03-09,134.1300048828125,136.1699981689453,130.25999450683594,130.36000061035156,120.3648452758789,56320000
2020-03-10,134.7100067138672,134.8000030517578,128.02000427246094,134.42999267578125,124.12275695800781,54432700
2020-03-11,130.9199981689453,132.27000427246094,124.16999816894531,125.87999725341797,116.22835540771484,51354800
2020-03-12,116.7699966430664,119.9000015258789,111.5999984741211,111.97000122070312,103.38489532470703,70114300
2020-03-13,118.30999755859375,119.95999908447266,109.55000305175781,119.47000122070312,110.30982971191406,57915100
2020-03-16,108.62000274658203,111.30000305175781,101.43000030517578,103.62000274658203,95.67509460449219,59095700
2020-03-17,104.95999908447266,110.5,100.61000061035156,108.37000274658203,100.06090545654297,59344800
2020-03-18,103.05000305175781,106.77999877929688,96.25,99.97000122070312,92.3049545288086,62296700
2020-03-19,99.66000366210938,106.80000305175781,95.69000244140625,103.87000274658203,95.90593719482422,62654700
2020-03-20,106.12000274658203,108.76000213623047,100.44999694824219,101.4000015258789,93.62531280517578,76203700
2020-03-23,101.9000015258789,102.18000030517578,95.91000366210938,99.9000015258789,92.24031829833984,63534700
2020-03-24,105.37000274658203,109.33000183105469,99.93000030517578,109.04000091552734,100.67951965332031,73386700
2020-03-25,109.4800033569336,114.0,106.0199966430664,109.97000122070312,101.93083190917969,56043700
2020-03-26,111.54000091552734,117.5999984741211,111.19999694824219,116.80999755859375,108.27082824707031,51657600
2020-03-27,112.25,116.0199966430664,110.87000274658203,112.55999755859375,104.33150482177734,39931500
2020-03-30,113.23999786376953,115.26000213623047,110.80000305175781,115.04000091552734,106.63021087646484,41552100
2020-03-31,114.5999984741211,116.16999816894531,111.95999908447266,114.45999908447266,106.09259796142578,52948000
2020-04-01,108.69999694824219,110.37999725341797,105.52999877929688,106.66000366210938,98.8628158569336,54224200
2020-04-02,105.72000122070312,110.38999938964844,104.56999969482422,107.66999816894531,99.79896545410156,43774200
2020-04-03,106.58999633789062,108.0,102.5999984741211,104.62000274658203,96.97193145751953,42189200
2020-04-06,109.08999633789062,113.33999633789062,109.0199966430664,112.62999725341797,104.3963623046875,48708100
2020-04-07,116.87999725341797,118.63999938964844,112.38999938964844,112.91999816894531,104.66519165039062,57546100
2020-04-08,114.87999725341797,119.23999786376953,113.29000091552734,118.06999969482422,109.43871307373047,52822300
2020-04-09,121.91999816894531,124.61000061035156,121.33000183105469,123.72000122070312,114.67567443847656,69528600
2020-04-13,122.8499984741211,123.51000213623047,119.12000274658203,120.37000274658203,111.57054901123047,40198200
2020-04-14,123.9000015258789,124.87999725341797,121.30000305175781,122.80999755859375,113.83219909667969,35089700
2020-04-15,117.86000061035156,119.11000061035156,116.66000366210938,117.80000305175781,109.18843841552734,34809900
2020-04-16,118.08999633789062,118.41999816894531,114.55999755859375,116.91000366210938,108.36351776123047,49501300
2020-04-17,121.9000015258789,122.72000122070312,120.05999755859375,122.05999755859375,113.13703155517578,46250200
2020-04-20,119.58999633789062,122.9000015258789,119.04000091552734,120.62000274658203,111.80228424072266,36700500
2020-04-21,117.41999816894531,119.23999786376953,116.4800033569336,117.73999786376953,109.13279724121094,31608900
2020-04-22,120.31999969482422,120.98999786376953,118.7699966430664,119.16999816894531,110.45828247070312,24333800
2020-04-23,120.11000061035156,122.9000015258789,119.68000030517578,120.33999633789062,111.54273986816406,38571200
2020-04-24,121.52999877929688,123.31999969482422,120.08999633789062,122.41000366210938,113.46144104003906,27147500
2020-04-27,123.94999694824219,128.44000244140625,123.86000061035156,127.26000213623047,117.95686340332031,39021300
2020-04-28,131.1199951171875,131.4600067138672,127.27999877929688,129.11000061035156,119.6716537475586,47292700
2020-04-29,133.49000549316406,136.85000610351562,131.8800048828125,135.4600067138672,125.55747985839844,50390500
2020-04-30,131.89999389648438,132.94000244140625,130.13999938964844,130.30999755859375,120.78390502929688,43727500
2020-05-01,127.1500015258789,127.45999908447266,123.29000091552734,125.13999938964844,115.99185180664062,43352000
2020-05-04,123.5999984741211,125.9000015258789,122.25,125.68000030517578,116.49239349365234,28498200
2020-05-05,128.07000732421875,129.9199981689453,126.0999984741211,126.6500015258789,117.3914794921875,31209400
2020-05-06,127.48999786376953,128.1999969482422,125.0,125.72000122070312,116.52944946289062,29836800
2020-05-07,127.38999938964844,128.5,126.55000305175781,127.44000244140625,118.12373352050781,27493000
2020-05-08,130.16000366210938,132.75,129.19000244140625,132.36000061035156,122.68406677246094,32122900
2020-05-11,130.41000366210938,132.9499969482422,129.3300018310547,131.6999969482422,122.07229614257812,33983200
2020-05-12,132.25999450683594,132.2899932861328,126.83999633789062,126.97000122070312,117.68807220458984,44275300
2020-05-13,125.6500015258789,126.08000183105469,120.41000366210938,122.72000122070312,113.7487564086914,58719300
2020-05-14,119.97000122070312,123.2699966430664,117.18000030517578,123.12000274658203,114.11951446533203,55904300
2020-05-15,122.01000213623047,125.52999877929688,121.45999908447266,125.08000183105469,115.93624114990234,40236600
2020-05-18,131.4499969482422,133.38999938964844,130.8300018310547,132.67999267578125,122.98064422607422,46981100
2020-05-19,132.22000122070312,133.4499969482422,130.05999755859375,130.05999755859375,120.55221557617188,30270000
2020-05-20,132.72999572753906,134.97999572753906,132.3800048828125,134.0,124.20414733886719,35901300
2020-05-21,134.0500030517578,135.05999755859375,132.5800018310547,134.24000549316406,124.42662048339844,32716500
2020-05-22,134.6699981689453,135.0500030517578,133.02000427246094,134.88999938964844,125.0290756225586,24035200
2020-05-26,140.08999633789062,140.3800048828125,134.99000549316406,138.77999877929688,128.6347198486328,36971000
2020-05-27,141.57000732421875,143.5,137.3300018310547,143.08999633789062,132.62962341308594,42682000
2020-05-28,144.74000549316406,144.74000549316406,137.5800018310547,139.6999969482422,129.48751831054688,42105000
2020-05-29,138.3000030517578,139.27999877929688,136.41000366210938,138.89999389648438,128.74594116210938,41536400
2020-06-01,139.25999450683594,141.6699981689453,138.61000061035156,140.22999572753906,129.97874450683594,25567500
2020-06-02,141.07000732421875,141.85000610351562,139.55999755859375,141.38999938964844,131.053955078125,24666200
2020-06-03,143.6699981689453,146.07000732421875,143.11000061035156,144.8000030517578,134.21463012695312,36111700
2020-06-04,143.83999633789062,145.60000610351562,143.17999267578125,144.58999633789062,134.01998901367188,28904700
2020-06-05,150.86000061035156,152.32000732421875,149.5500030517578,150.17999267578125,139.2013397216797,53513400
2020-06-08,152.35000610351562,153.38999938964844,151.6300048828125,153.08999633789062,141.8986053466797,33834300
2020-06-09,150.86000061035156,151.77000427246094,149.05999755859375,150.25999450683594,139.2755126953125,39646000
2020-06-10,150.08999633789062,150.25999450683594,145.89999389648438,146.17999267578125,135.49375915527344,51774500
2020-06-11,140.14999389648438,141.02999877929688,134.77000427246094,135.02999877929688,125.15885162353516,72041500
2020-06-12,140.3300018310547,141.02000427246094,134.14999389648438,138.27000427246094,128.1620330810547,63864900
2020-06-15,133.27999877929688,142.05999755859375,133.27999877929688,140.99000549316406,131.12513732910156,57354800
2020-06-16,146.69000244140625,146.69000244140625,141.02999877929688,144.3800048828125,134.2779083251953,48957000
2020-06-17,144.58999633789062,144.99000549316406,141.32000732421875,141.77000427246094,131.85049438476562,34811400
2020-06-18,140.3699951171875,143.30999755859375,139.80999755859375,141.72000122070312,131.80401611328125,26974100
2020-06-19,144.4199981689453,144.50999450683594,139.83999633789062,140.99000549316406,131.12513732910156,50293800
2020-06-22,140.24000549316406,142.55999755859375,138.8300018310547,142.39999389648438,132.43643188476562,28983200
2020-06-23,144.32000732421875,144.66000366210938,142.64999389648438,143.0,132.99444580078125,20344200
2020-06-24,141.10000610351562,141.60000610351562,136.30999755859375,138.36000061035156,128.67910766601562,42998700
2020-06-25,137.7100067138672,140.5800018310547,136.2899932861328,140.4499969482422,130.6228790283203,37191200
2020-06-26,139.47999572753906,139.8300018310547,136.49000549316406,136.6699981689453,127.10733032226562,39100100
2020-06-29,138.7100067138672,141.99000549316406,137.10000610351562,141.13999938964844,131.2646026611328,33935200
2020-06-30,140.6699981689453,143.6199951171875,140.58999633789062,143.17999267578125,133.16184997558594,32865900
2020-07-01,143.64999389648438,144.50999450683594,141.24000549316406,141.82000732421875,131.89700317382812,26457500
2020-07-02,144.55999755859375,145.27999877929688,141.88999938964844,142.39999389648438,132.43643188476562,24022400
2020-07-06,145.32000732421875,145.6999969482422,142.92999267578125,143.42999267578125,133.3943328857422,19858200
2020-07-07,142.17999267578125,143.44000244140625,140.47999572753906,140.88999938964844,131.03207397460938,22661000
2020-07-08,140.75999450683594,142.5,139.10000610351562,141.94000244140625,132.0086212158203,27358900
2020-07-09,142.02000427246094,142.35000610351562,137.24000549316406,139.07000732421875,129.33944702148438,34647800
2020-07-10,139.13999938964844,141.5,138.4600067138672,141.30999755859375,131.4226837158203,24008200
2020-07-13,142.8000030517578,144.63999938964844,139.38999938964844,139.52000427246094,129.75794982910156,34235500
2020-07-14,139.42999267578125,141.97999572753906,138.63999938964844,141.8300018310547,131.90628051757812,28114000
2020-07-15,145.4199981689453,147.77999877929688,144.7899932861328,147.02999877929688,136.74249267578125,40770100
2020-07-16,146.11000061035156,146.6699981689453,144.8800048828125,146.16000366210938,135.93336486816406,30530800
2020-07-17,146.67999267578125,147.58999633789062,145.50999450683594,146.58999633789062,136.333251953125,20644100
2020-07-20,146.1199951171875,146.85000610351562,145.14999389648438,145.9600067138672,135.7473602294922,19663300
2020-07-21,147.47000122070312,149.16000366210938,147.1999969482422,148.02999877929688,137.67251586914062,24503800
2020-07-22,147.08999633789062,148.6699981689453,147.02999877929688,148.11000061035156,137.74688720703125,24424800
2020-07-23,147.97999572753906,150.1999969482422,146.6999969482422,148.25999450683594,137.8863983154297,21704900
2020-07-24,147.2899932861328,147.6699981689453,145.55999755859375,146.0800018310547,135.8589324951172,20015500
2020-07-27,146.19000244140625,147.69000244140625,145.38999938964844,147.60000610351562,137.2726287841797,13370700
2020-07-28,147.07000732421875,148.0399932861328,146.05999755859375,146.1300048828125,135.90548706054688,13268000
2020-07-29,147.0,149.4499969482422,146.97999572753906,149.35000610351562,138.900146484375,19864400
2020-07-30,147.13999938964844,149.1199951171875,146.3300018310547,148.75999450683594,138.35142517089844,23618900
2020-07-31,148.13999938964844,148.4199981689453,144.6699981689453,147.36000061035156,137.04942321777344,29881500
2020-08-03,148.2899932861328,149.97000122070312,147.22000122070312,149.75999450683594,139.28146362304688,20777100
2020-08-04,149.38999938964844,150.92999267578125,149.0399932861328,150.7899932861328,140.23939514160156,20285000
2020-08-05,152.2899932861328,153.88999938964844,151.77999877929688,153.7899932861328,143.02952575683594,18190200
2020-08-06,153.8000030517578,154.44000244140625,152.91000366210938,153.72999572753906,142.97369384765625,18237700
2020-08-07,153.4499969482422,156.25,153.14999389648438,156.1699981689453,145.2429656982422,20475200
2020-08-10,156.64999389648438,158.8300018310547,156.64999389648438,157.7899932861328,146.7496337890625,24000500
2020-08-11,159.27000427246094,159.82000732421875,156.16000366210938,156.8800048828125,145.9032745361328,30359400
2020-08-12,158.6699981689453,158.88999938964844,156.49000549316406,157.52000427246094,146.49855041503906,23378300
2020-08-13,156.99000549316406,158.52999877929688,156.64999389648438,157.19000244140625,146.19158935546875,15799900
2020-08-14,156.27999877929688,157.75999450683594,155.8699951171875,157.08999633789062,146.09860229492188,13360900
2020-08-17,157.5,158.02999877929688,156.74000549316406,157.89999389648438,146.85194396972656,9744200
2020-08-18,157.85000610351562,157.85000610351562,155.7100067138672,156.38999938964844,145.44754028320312,14670400
2020-08-19,156.92999267578125,158.0399932861328,156.19000244140625,156.39999389648438,145.4568634033203,14337300
2020-08-20,154.8000030517578,156.49000549316406,154.5399932861328,155.75999450683594,144.8616485595703,15413000
2020-08-21,155.14999389648438,155.72000122070312,153.60000610351562,154.61000061035156,143.79212951660156,20685100
2020-08-24,155.86000061035156,156.27000427246094,154.3300018310547,156.22999572753906,145.2987518310547,13707100
2020-08-25,156.80999755859375,156.82000732421875,154.7899932861328,156.39999389648438,145.4568634033203,16269700
2020-08-26,156.5,156.77000427246094,155.17999267578125,155.4199981689453,144.54544067382812,13772700
2020-08-27,156.1199951171875,157.0,154.6300048828125,155.8000030517578,144.89886474609375,17508400
2020-08-28,156.60000610351562,157.1999969482422,155.72999572753906,157.1199951171875,146.12649536132812,12371400
2020-08-31,157.19000244140625,157.3699951171875,155.3000030517578,155.42999267578125,144.5547332763672,17051500
2020-09-01,155.22000122070312,157.30999755859375,154.4499969482422,157.2100067138672,146.21022033691406,15638800
2020-09-02,157.9600067138672,158.97999572753906,156.17999267578125,158.4600067138672,147.3727264404297,16763400
2020-09-03,158.1199951171875,158.2899932861328,152.9600067138672,153.77999877929688,143.0201873779297,32117600
2020-09-04,155.7100067138672,155.88999938964844,149.2899932861328,152.8000030517578,142.10879516601562,30618800
2020-09-08,151.17999267578125,152.47999572753906,149.0,149.86000061035156,139.3744354248047,26447800
2020-09-09,151.42999267578125,152.77999877929688,150.57000732421875,152.1300048828125,141.4856719970703,20160800
2020-09-10,152.8300018310547,153.8800048828125,150.05999755859375,150.14999389648438,139.6441650390625,23005500
2020-09-11,150.9199981689453,151.0500030517578,147.67999267578125,149.14999389648438,138.71414184570312,20851000
2020-09-14,150.58999633789062,153.42999267578125,150.3699951171875,153.0800018310547,142.3691864013672,21991300
2020-09-15,154.3800048828125,154.6999969482422,152.86000061035156,153.3699951171875,142.63888549804688,16175500
2020-09-16,154.11000061035156,156.85000610351562,153.83999633789062,154.82000732421875,143.98744201660156,22178400
2020-09-17,152.6199951171875,154.39999389648438,151.75,153.69000244140625,142.93649291992188,20002900
2020-09-18,153.97999572753906,155.2899932861328,151.13999938964844,153.2899932861328,142.564453125,38352800
2020-09-21,149.82000732421875,150.25999450683594,146.3300018310547,147.9199981689453,137.57020568847656,40652500
2020-09-22,148.64999389648438,149.3000030517578,146.55999755859375,149.05999755859375,138.6304473876953,19385800
2020-09-23,148.41000366210938,149.42999267578125,143.97999572753906,144.07000732421875,134.50030517578125,33403400
2020-09-24,144.0399932861328,146.52999877929688,142.08999633789062,144.07000732421875,134.50030517578125,31723700
2020-09-25,143.44000244140625,146.85000610351562,143.35000610351562,146.41000366210938,136.6848907470703,20689300
2020-09-28,148.3699951171875,150.44000244140625,146.39999389648438,150.02000427246094,140.05508422851562,17600900
2020-09-29,149.85000610351562,150.27999877929688,148.0,149.33999633789062,139.4202423095703,18683800
2020-09-30,149.89999389648438,151.97000122070312,148.49000549316406,149.7899932861328,139.84036254882812,29073700
2020-10-01,150.80999755859375,152.1999969482422,149.49000549316406,152.17999267578125,142.07162475585938,25872000
2020-10-02,149.41000366210938,153.5800018310547,148.99000549316406,152.85000610351562,142.6970977783203,29452000
2020-10-05,154.49000549316406,157.30999755859375,154.47999572753906,157.07000732421875,146.6368408203125,18553600
2020-10-06,158.5,161.00999450683594,156.33999633789062,156.6199951171875,146.21669006347656,36348000
2020-10-07,158.58999633789062,160.55999755859375,158.4600067138672,160.0399932861328,149.40953063964844,27049700
2020-10-08,161.72000122070312,162.27999877929688,160.5800018310547,161.86000061035156,151.108642578125,37278600
2020-10-09,163.35000610351562,163.7100067138672,161.80999755859375,162.6999969482422,151.89283752441406,25038100
2020-10-12,163.39999389648438,164.24000549316406,162.60000610351562,163.7899932861328,152.91038513183594,20336200
2020-10-13,162.52000427246094,163.22000122070312,161.47999572753906,162.6999969482422,151.89283752441406,20106500
2020-10-14,163.00999450683594,163.91000366210938,160.94000244140625,161.08999633789062,150.38975524902344,19024900
2020-10-15,159.2899932861328,163.17999267578125,158.80999755859375,162.75,151.9394989013672,22865100
2020-10-16,163.2100067138672,163.6999969482422,162.30999755859375,162.35000610351562,151.56610107421875,17637900
2020-10-19,162.8800048828125,164.02999877929688,160.02999877929688,160.41000366210938,149.75489807128906,18360600
2020-10-20,161.55999755859375,162.4499969482422,160.33999633789062,160.75999450683594,150.08168029785156,18927700
2020-10-21,160.8699951171875,161.3699951171875,159.2899932861328,159.3800048828125,148.79335021972656,17504100
2020-10-22,160.13999938964844,162.19000244140625,159.17999267578125,162.1300048828125,151.3607177734375,20673900
2020-10-23,163.07000732421875,163.3300018310547,161.25,163.07000732421875,152.23826599121094,20889800
2020-10-26,160.9199981689453,161.3699951171875,157.3800048828125,159.5500030517578,148.9521026611328,26509900
2020-10-27,159.4499969482422,160.05999755859375,157.94000244140625,158.17999267578125,147.67306518554688,20523000
2020-10-28,154.66000366210938,155.44000244140625,153.0399932861328,153.30999755859375,143.12655639648438,32338700
2020-10-29,152.77000427246094,155.7899932861328,151.6699981689453,155.13999938964844,144.83502197265625,27203200
2020-10-30,154.32000732421875,155.27999877929688,151.38999938964844,153.08999633789062,142.921142578125,31764500
2020-11-02,154.77000427246094,155.88999938964844,153.6699981689453,155.82000732421875,145.46981811523438,25252100
2020-11-03,158.42999267578125,161.22999572753906,158.05999755859375,160.24000549316406,149.59622192382812,30257400
2020-11-04,157.75,162.35000610351562,157.7100067138672,160.4199981689453,149.76425170898438,45226300
2020-11-05,162.00999450683594,165.5800018310547,161.91000366210938,164.91000366210938,153.95602416992188,31911000
2020-11-06,165.6199951171875,165.7100067138672,163.3000030517578,163.6199951171875,152.75169372558594,24930400
2020-11-09,176.9499969482422,178.10000610351562,169.3300018310547,169.5500030517578,158.28781127929688,55052700
2020-11-10,171.1999969482422,173.3300018310547,169.75,172.6999969482422,161.22860717773438,35492200
2020-11-11,173.33999633789062,173.47999572753906,170.86000061035156,172.6300048828125,161.16323852539062,23972600
2020-11-12,171.39999389648438,172.63999938964844,168.33999633789062,169.97999572753906,158.6892852783203,33986800
2020-11-13,171.35000610351562,174.1300048828125,171.30999755859375,173.5,161.9754180908203,25440400
2020-11-16,176.49000549316406,177.77999877929688,175.39999389648438,177.6300048828125,165.83108520507812,31812300
2020-11-17,176.0399932861328,178.8000030517578,174.27999877929688,178.4600067138672,166.60595703125,26154500
2020-11-18,178.94000244140625,179.72000122070312,175.86000061035156,175.9600067138672,164.2720489501953,24377800
2020-11-19,175.64999389648438,177.58999633789062,175.07000732421875,177.30999755859375,165.53237915039062,20187600
2020-11-20,176.6699981689453,177.94000244140625,175.8300018310547,177.5,165.70974731445312,24898800
2020-11-23,179.25,181.99000549316406,178.72999572753906,180.82000732421875,168.80918884277344,24816000
2020-11-24,183.38999938964844,185.44000244140625,182.36000061035156,184.22000122070312,171.98338317871094,34945400
2020-11-25,183.5,184.30999755859375,181.88999938964844,183.58999633789062,171.39520263671875,21082700
2020-11-27,183.72000122070312,184.49000549316406,183.22000122070312,184.3699951171875,172.12342834472656,10384400
2020-11-30,183.82000732421875,184.32000732421875,180.32000732421875,181.02000427246094,168.9959259033203,25481600
2020-12-01,183.60000610351562,184.22000122070312,181.02000427246094,182.6999969482422,170.5643310546875,30265000
2020-12-02,181.9499969482422,183.47999572753906,180.75999450683594,182.88999938964844,170.7417449951172,20142800
2020-12-03,183.33999633789062,185.17999267578125,182.94000244140625,183.9199981689453,171.7032928466797,19603600
2020-12-04,185.02000427246094,188.4499969482422,183.9199981689453,188.1999969482422,175.6990203857422,24415700
2020-12-07,188.22999572753906,188.9499969482422,187.44000244140625,188.3800048828125,175.8670654296875,14671500
2020-12-08,187.1199951171875,190.97999572753906,187.0800018310547,190.8000030517578,178.12631225585938,20165600
2020-12-09,192.02000427246094,192.80999755859375,187.89999389648438,189.41000366210938,176.82861328125,29507600
2020-12-10,187.75999450683594,191.64999389648438,187.30999755859375,191.24000549316406,178.53709411621094,21245300
2020-12-11,189.99000549316406,191.72000122070312,188.3000030517578,190.3000030517578,177.65956115722656,30865000
2020-12-14,191.9600067138672,193.1199951171875,189.8800048828125,189.92999267578125,177.8673858642578,32237700
2020-12-15,191.75999450683594,194.89999389648438,190.72999572753906,194.67999267578125,182.31573486328125,26807000
2020-12-16,195.1300048828125,195.2100067138672,192.9600067138672,193.97999572753906,181.6602020263672,25494600
2020-12-17,194.72999572753906,196.3800048828125,194.05999755859375,196.2899932861328,183.82347106933594,23834200
2020-12-18,196.61000061035156,197.8300018310547,194.8000030517578,195.33999633789062,182.93377685546875,37033400
2020-12-21,191.89999389648438,195.77999877929688,191.47999572753906,195.24000549316406,182.8402099609375,30873000
2020-12-22,195.99000549316406,197.72000122070312,195.38999938964844,197.4600067138672,184.91920471191406,21919700
2020-12-23,198.57000732421875,199.64999389648438,197.89999389648438,199.13999938964844,186.49252319335938,18392000
2020-12-24,199.92999267578125,199.94000244140625,198.05999755859375,199.00999450683594,186.37075805664062,8904900
2020-12-28,201.16000366210938,201.17999267578125,198.1300048828125,198.27000427246094,185.677734375,27168400
2020-12-29,198.63999938964844,199.0,193.44000244140625,194.42999267578125,182.08160400390625,33901300
2020-12-30,195.0500030517578,197.47999572753906,195.02999877929688,196.41000366210938,183.9358367919922,20595700
2020-12-31,196.6199951171875,196.83999633789062,194.6199951171875,196.05999755859375,183.60812377929688,24747700
2021-01-04,197.5399932861328,197.88999938964844,190.94000244140625,193.5,181.21066284179688,33664200
2021-01-05,193.08999633789062,197.6199951171875,193.07000732421875,196.49000549316406,184.0107879638672,27442900
2021-01-06,199.47999572753906,206.77999877929688,199.16000366210938,204.52999877929688,191.54019165039062,52952200
2021-01-07,205.7100067138672,208.52000427246094,205.6999969482422,208.1699981689453,194.948974609375,24031400
2021-01-08,209.32000732421875,209.77000427246094,204.66000366210938,207.72000122070312,194.527587890625,29017000
2021-01-11,205.08999633789062,208.1199951171875,204.8300018310547,207.5399932861328,194.35903930664062,20945100
2021-01-12,208.52000427246094,211.38999938964844,208.49000549316406,211.25999450683594,197.84271240234375,24892200
2021-01-13,211.42999267578125,211.72999572753906,209.19000244140625,209.75,196.4286651611328,22782200
2021-01-14,211.24000549316406,215.0,211.1300048828125,213.94000244140625,200.3525390625,33913700
2021-01-15,210.80999755859375,213.9600067138672,208.25999450683594,210.75,197.36512756347656,41043500
2021-01-19,213.33999633789062,213.61000061035156,211.72000122070312,213.4499969482422,199.89366149902344,19744300
2021-01-20,214.36000061035156,215.97999572753906,213.07000732421875,214.38999938964844,200.77395629882812,25474200
2021-01-21,214.97000122070312,215.16000366210938,211.9499969482422,212.52999877929688,199.0321044921875,21180500
2021-01-22,210.49000549316406,215.3300018310547,209.5500030517578,215.0,201.3452606201172,24800200
2021-01-25,214.92999267578125,217.91000366210938,211.60000610351562,214.7899932861328,201.14857482910156,33985000
2021-01-26,216.3000030517578,216.69000244140625,212.77000427246094,213.3000030517578,199.75318908691406,23969800
2021-01-27,209.5,212.99000549316406,207.2899932861328,209.38999938964844,196.0915069580078,45830300
2021-01-28,210.83999633789062,212.3699951171875,207.6300048828125,208.72000122070312,195.4640655517578,32202500
2021-01-29,209.72999572753906,210.99000549316406,204.83999633789062,205.55999755859375,192.50474548339844,40591900
2021-02-01,208.1699981689453,211.57000732421875,205.75999450683594,210.61000061035156,197.23397827148438,26375100
2021-02-02,213.14999389648438,214.0500030517578,210.88999938964844,213.61000061035156,200.04351806640625,22773100
2021-02-03,213.6999969482422,214.74000549316406,211.58999633789062,214.25,200.642822265625,23923200
2021-02-04,215.08999633789062,218.8300018310547,215.0800018310547,218.6199951171875,204.73533630371094,25400800
2021-02-05,220.94000244140625,221.83999633789062,218.77000427246094,221.64999389648438,207.57286071777344,23338800
2021-02-08,223.7899932861328,227.3300018310547,223.39999389648438,227.30999755859375,212.87338256835938,20831500
2021-02-09,227.1300048828125,229.6199951171875,226.30999755859375,228.3800048828125,213.8754425048828,19510900
2021-02-10,229.9199981689453,230.32000732421875,224.9499969482422,226.8800048828125,212.470703125,27955400
2021-02-11,228.13999938964844,229.0,223.4199981689453,226.6199951171875,212.22723388671875,25847600
2021-02-12,225.92999267578125,227.74000549316406,224.63999938964844,227.25999450683594,212.82659912109375,17440200
2021-02-16,229.47000122070312,229.6300048828125,224.7899932861328,225.8300018310547,211.48741149902344,22999500
2021-02-17,223.61000061035156,224.74000549316406,220.9600067138672,224.05999755859375,209.82981872558594,25042300
2021-02-18,222.33999633789062,222.89999389648438,219.38999938964844,220.58999633789062,206.58018493652344,24501500
2021-02-19,222.4600067138672,226.3000030517578,222.1699981689453,225.19000244140625,210.88804626464844,31238200
2021-02-22,223.50999450683594,226.38999938964844,222.97999572753906,223.72999572753906,209.52081298828125,23272100
2021-02-23,220.9600067138672,222.97999572753906,215.55999755859375,221.75999450683594,207.67587280273438,38646800
2021-02-24,222.6199951171875,227.4499969482422,221.7100067138672,227.0,212.58311462402344,27584900
2021-02-25,226.7899932861328,227.58999633789062,218.00999450683594,218.61000061035156,204.72593688964844,49961400
2021-02-26,219.52000427246094,222.22999572753906,214.80999755859375,218.30999755859375,204.4449920654297,47734200
2021-03-01,223.47999572753906,226.7100067138672,222.94000244140625,226.07000732421875,211.712158203125,26161000
2021-03-02,225.7899932861328,225.9600067138672,221.5500030517578,221.72000122070312,207.638427734375,26895400
2021-03-03,222.4199981689453,224.25999450683594,219.2100067138672,219.32000732421875,205.39083862304688,33407600
2021-03-04,218.50999450683594,220.69000244140625,209.42999267578125,213.19000244140625,199.65017700195312,59126500
2021-03-05,216.88999938964844,218.14999389648438,207.2100067138672,217.7100067138672,203.88314819335938,53204300
2021-03-08,219.36000061035156,222.27000427246094,217.6699981689453,218.74000549316406,204.8477020263672,40619700
2021-03-09,222.41000366210938,224.99000549316406,220.9199981689453,223.33999633789062,209.15553283691406,32247300
2021-03-10,225.60000610351562,228.97000122070312,225.1999969482422,227.22000122070312,212.78912353515625,36812000
2021-03-11,229.5500030517578,232.27999877929688,228.7899932861328,232.22000122070312,217.47157287597656,25256700
2021-03-12,231.99000549316406,234.14999389648438,231.3699951171875,233.58999633789062,218.75457763671875,23732200
2021-03-15,233.33999633789062,234.52999877929688,231.91000366210938,234.4199981689453,219.53179931640625,21497400
2021-03-16,234.02000427246094,234.08999633789062,229.1199951171875,230.5,215.86080932617188,24675000
2021-03-17,228.97000122070312,232.82000732421875,227.36000061035156,232.30999755859375,217.55581665039062,29422600
2021-03-18,230.8000030517578,232.92999267578125,224.61000061035156,225.24000549316406,210.93487548828125,35637200
2021-03-19,224.57000732421875,228.60000610351562,222.9499969482422,226.94000244140625,212.52685546875,40855600
2021-03-22,227.67999267578125,228.10000610351562,224.10000610351562,225.22999572753906,210.92547607421875,26128400
2021-03-23,223.16000366210938,223.86000061035156,216.02999877929688,217.05999755859375,203.27438354492188,43660700
2021-03-24,219.86000061035156,221.3300018310547,212.0399932861328,212.0399932861328,198.57318115234375,47270200
2021-03-25,209.33999633789062,217.52000427246094,208.02999877929688,216.66000366210938,203.28138732910156,59244600
2021-03-26,218.9600067138672,220.67999267578125,215.9600067138672,220.61000061035156,206.98745727539062,34452600
2021-03-29,219.00999450683594,220.92999267578125,214.0800018310547,214.39999389648438,201.16087341308594,38078800
2021-03-30,214.38999938964844,218.67999267578125,213.13999938964844,218.00999450683594,204.54795837402344,36205400
2021-03-31,219.1699981689453,222.39999389648438,219.1199951171875,220.94000244140625,207.29705810546875,34800100
2021-04-01,222.39999389648438,223.89999389648438,222.02000427246094,223.74000549316406,209.92417907714844,29799200
2021-04-05,226.39999389648438,226.5399932861328,223.57000732421875,224.97000122070312,211.0782470703125,27826600
2021-04-06,225.0,226.69000244140625,223.83999633789062,224.30999755859375,210.45895385742188,24907800
2021-04-07,224.22999572753906,224.3699951171875,219.94000244140625,220.69000244140625,207.0625,26233700
2021-04-08,221.83999633789062,222.82000732421875,219.38999938964844,222.55999755859375,208.81700134277344,23989400
2021-04-09,222.49000549316406,223.08999633789062,221.24000549316406,222.58999633789062,208.8451690673828,23267400
2021-04-12,222.72000122070312,222.92999267578125,220.39999389648438,221.72000122070312,208.02890014648438,20533900
2021-04-13,221.47999572753906,222.57000732421875,218.8300018310547,221.13999938964844,207.4846954345703,24608400
2021-04-14,221.8699951171875,226.0,221.8000030517578,223.32000732421875,209.5301055908203,27362000
2021-04-15,225.08999633789062,225.1199951171875,222.25999450683594,224.2899932861328,210.440185546875,20587300
2021-04-16,225.39999389648438,225.67999267578125,223.00999450683594,224.64999389648438,210.77796936035156,23943000
2021-04-19,223.7100067138672,224.66000366210938,219.94000244140625,221.72999572753906,208.0382537841797,25285900
2021-04-20,220.77000427246094,221.6199951171875,215.24000549316406,217.19000244140625,203.7786102294922,35570800
2021-04-21,217.02000427246094,222.6199951171875,215.5,222.5,208.7607421875,31147800
2021-04-22,223.25999450683594,225.3300018310547,220.77999877929688,221.5800018310547,207.89759826660156,31943700
2021-04-23,222.82000732421875,226.64999389648438,222.02000427246094,225.75999450683594,211.8194122314453,27999500
2021-04-26,227.0,228.69000244140625,226.75,228.11000061035156,214.02430725097656,19069200
2021-04-27,228.7100067138672,229.38999938964844,227.50999450683594,228.4499969482422,214.3433074951172,19648100
2021-04-28,228.0800018310547,229.49000549316406,227.10000610351562,228.83999633789062,214.70925903320312,16222700
2021-04-29,230.85000610351562,230.9499969482422,225.7899932861328,227.99000549316406,213.9117431640625,25500300
2021-04-30,225.72000122070312,227.8000030517578,224.13999938964844,224.88999938964844,211.00315856933594,27006000
2021-05-03,227.2100067138672,227.41000366210938,224.9199981689453,225.99000549316406,212.0352020263672,18693400
2021-05-04,224.60000610351562,226.13999938964844,220.9600067138672,223.2899932861328,209.50193786621094,26892700
2021-05-05,224.27999877929688,224.5399932861328,221.36000061035156,222.39999389648438,208.66688537597656,25139500
2021-05-06,222.64999389648438,222.80999755859375,218.63999938964844,222.58999633789062,208.8451690673828,27647300
2021-05-07,222.66000366210938,225.92999267578125,222.16000366210938,225.38999938964844,211.47227478027344,26172700
2021-05-10,225.22999572753906,225.6699981689453,219.58999633789062,219.66000366210938,206.09609985351562,28109100
2021-05-11,214.9199981689453,220.38999938964844,214.4199981689453,218.9600067138672,205.4393310546875,39519500
2021-05-12,217.10000610351562,218.77000427246094,211.5399932861328,211.85000610351562,198.7683868408203,42113400
2021-05-13,213.30999755859375,217.44000244140625,211.8000030517578,215.75,202.4275360107422,37739900
2021-05-14,217.94000244140625,221.41000366210938,215.67999267578125,221.02000427246094,207.37216186523438,25070400
2021-05-17,219.77999877929688,221.38999938964844,217.89999389648438,221.32000732421875,207.65357971191406,20048500
2021-05-18,221.38999938964844,223.24000549316406,219.47000122070312,219.63999938964844,206.07733154296875,24564500
2021-05-19,216.02999877929688,218.16000366210938,214.0500030517578,217.9499969482422,204.49169921875,31202800
2021-05-20,218.27000427246094,219.8699951171875,216.3300018310547,219.39999389648438,205.85214233398438,24932800
2021-05-21,221.3300018310547,222.3699951171875,219.35000610351562,219.97000122070312,206.38697814941406,24213700
2021-05-24,221.17999267578125,222.4499969482422,220.0,221.39999389648438,207.7286376953125,18324200
2021-05-25,222.22999572753906,223.7100067138672,219.19000244140625,219.25999450683594,205.7207794189453,20514900
2021-05-26,220.1300048828125,223.69000244140625,220.1199951171875,223.35000610351562,209.55824279785156,20388200
2021-05-27,225.0399932861328,226.36000061035156,224.17999267578125,225.64999389648438,211.7162322998047,21225700
2021-05-28,227.0800018310547,227.17999267578125,225.0500030517578,225.5,211.57546997070312,20668400
2021-06-01,227.4600067138672,228.55999755859375,225.9600067138672,228.05999755859375,213.97738647460938,23081500
2021-06-02,228.91000366210938,228.9199981689453,226.8300018310547,228.3300018310547,214.230712890625,18927500
2021-06-03,226.82000732421875,227.6199951171875,224.0399932861328,226.4199981689453,212.43865966796875,24811500
2021-06-04,227.55999755859375,228.05999755859375,226.2100067138672,227.39999389648438,213.358154296875,19395800
2021-06-07,227.88999938964844,230.77999877929688,227.25,230.4499969482422,216.21981811523438,24049900
2021-06-08,231.2100067138672,233.47999572753906,229.97999572753906,232.88999938964844,218.5091552734375,27770300
2021-06-09,233.5399932861328,233.63999938964844,230.97999572753906,231.33999633789062,217.0548858642578,18700600
2021-06-10,231.67999267578125,232.17999267578125,228.7100067138672,229.27999877929688,215.44520568847656,29069000
2021-06-11,230.3000030517578,231.8000030517578,230.07000732421875,231.6999969482422,217.71920776367188,16707200
2021-06-14,232.30999755859375,233.35000610351562,230.13999938964844,231.02000427246094,217.0802001953125,19182800
2021-06-15,231.1199951171875,231.47000122070312,228.47999572753906,230.36000061035156,216.46006774902344,17039900
2021-06-16,229.6999969482422,230.67999267578125,227.63999938964844,229.8699951171875,215.99966430664062,24527000
2021-06-17,229.24000549316406,230.1999969482422,224.52000427246094,227.2899932861328,213.57528686523438,48292500
2021-06-18,223.6999969482422,225.74000549316406,221.1300048828125,222.1300048828125,208.72665405273438,54023700
2021-06-21,224.0500030517578,227.5,223.27999877929688,226.8800048828125,213.19007873535156,26736400
2021-06-22,226.27000427246094,228.41000366210938,224.72000122070312,227.91000366210938,214.15792846679688,21188500
2021-06-23,227.99000549316406,229.9600067138672,227.99000549316406,228.66000366210938,214.86265563964844,22387500
2021-06-24,230.1199951171875,231.91000366210938,228.72000122070312,231.88999938964844,217.89773559570312,21732500
2021-06-25,232.2899932861328,233.41000366210938,231.75,232.27999877929688,218.26422119140625,27619000
2021-06-28,232.24000549316406,232.58999633789062,228.77000427246094,230.44000244140625,216.5352325439453,25006000
2021-06-29,231.22999572753906,231.72999572753906,228.77000427246094,229.33999633789062,215.50157165527344,18844300
2021-06-30,228.64999389648438,230.32000732421875,227.75999450683594,229.3699951171875,215.52978515625,26039000
2021-07-01,230.80999755859375,231.85000610351562,229.7100067138672,231.38999938964844,217.42788696289062,18089100
2021-07-02,232.0,232.0800018310547,228.55999755859375,229.19000244140625,215.3606719970703,21029700
2021-07-06,229.36000061035156,229.4600067138672,223.8699951171875,225.86000061035156,212.2315673828125,27771300
2021-07-07,225.5399932861328,226.6699981689453,221.8000030517578,223.75999450683594,210.25828552246094,28521500
2021-07-08,219.30999755859375,224.0800018310547,217.85000610351562,221.6999969482422,208.32260131835938,42297900
2021-07-09,224.16000366210938,226.4499969482422,223.33999633789062,226.3800048828125,212.72019958496094,23976400
2021-07-12,225.55999755859375,226.88999938964844,224.5500030517578,226.57000732421875,212.8987579345703,16831000
2021-07-13,225.22999572753906,225.74000549316406,222.22000122070312,222.3000030517578,208.88638305664062,25357500
2021-07-14,223.7100067138672,224.36000061035156,218.5500030517578,218.8699951171875,205.6633758544922,30594100
2021-07-15,217.8300018310547,219.05999755859375,214.94000244140625,217.6300048828125,204.4982147216797,45477000
2021-07-16,219.8300018310547,219.8800048828125,214.47000122070312,214.9499969482422,201.9799041748047,36620200
2021-07-19,210.6300048828125,214.4499969482422,209.0500030517578,211.72999572753906,198.9541778564453,58571000
2021-07-20,212.1999969482422,219.27000427246094,211.25999450683594,218.3000030517578,205.1277313232422,40794600
2021-07-21,219.4499969482422,222.22000122070312,219.36000061035156,222.05999755859375,208.6608428955078,28278700
2021-07-22,221.47000122070312,221.92999267578125,217.5800018310547,218.52999877929688,205.34385681152344,32879000
2021-07-23,219.8699951171875,219.9499969482422,216.91000366210938,219.5500030517578,206.30230712890625,23660300
2021-07-26,220.38999938964844,222.0500030517578,219.14999389648438,220.19000244140625,206.9037628173828,22194200
2021-07-27,219.00999450683594,219.0800018310547,215.3800048828125,217.6199951171875,204.48880004882812,35063600
2021-07-28,219.0,222.58999633789062,217.39999389648438,220.82000732421875,207.49571228027344,33043700
2021-07-29,222.7899932861328,224.44000244140625,222.13999938964844,222.52000427246094,209.0931396484375,22634800
2021-07-30,221.64999389648438,224.0500030517578,220.27999877929688,221.0500030517578,207.7117919921875,28473000
2021-08-02,222.47000122070312,224.5500030517578,219.63999938964844,219.9499969482422,206.67819213867188,24192600
2021-08-03,220.6199951171875,221.1199951171875,217.10000610351562,220.86000061035156,207.53330993652344,27798600
2021-08-04,219.10000610351562,221.1999969482422,217.88999938964844,218.11000061035156,204.94921875,25588500
2021-08-05,219.08999633789062,222.44000244140625,218.67999267578125,222.02999877929688,208.63270568847656,23915200
2021-08-06,223.75,225.2100067138672,222.13999938964844,223.38999938964844,209.91065979003906,24429200
2021-08-09,222.9199981689453,223.19000244140625,221.2100067138672,222.16000366210938,208.75485229492188,17225600
2021-08-10,222.63999938964844,223.22000122070312,221.19000244140625,222.60000610351562,209.16830444335938,22681600
2021-08-11,223.02000427246094,223.72999572753906,220.47000122070312,223.69000244140625,210.19253540039062,25691300
2021-08-12,223.75999450683594,223.83999633789062,221.7100067138672,223.16000366210938,209.69451904296875,23269500
2021-08-13,222.97999572753906,223.3000030517578,220.6999969482422,221.1300048828125,207.78701782226562,20813700
2021-08-16,219.77000427246094,220.25999450683594,217.64999389648438,219.07000732421875,205.85130310058594,24074400
2021-08-17,216.66000366210938,217.44000244140625,213.75,216.39999389648438,203.3424072265625,35161500
2021-08-18,216.10000610351562,218.0399932861328,214.3699951171875,214.50999450683594,201.56646728515625,29102300
2021-08-19,212.42999267578125,214.07000732421875,210.67999267578125,211.94000244140625,199.15151977539062,38119900
2021-08-20,212.10000610351562,216.02000427246094,211.4199981689453,215.52000427246094,202.51548767089844,31759500
2021-08-23,217.47999572753906,219.94000244140625,217.44000244140625,219.6199951171875,206.36813354492188,25778800
2021-08-24,220.32000732421875,221.9199981689453,219.69000244140625,221.77999877929688,208.39779663085938,18677900
2021-08-25,221.77000427246094,223.97000122070312,220.85000610351562,222.55999755859375,209.13070678710938,21548000
2021-08-26,222.13999938964844,223.16000366210938,219.74000549316406,220.1999969482422,206.91310119628906,22380300
2021-08-27,220.64999389648438,227.02999877929688,220.57000732421875,226.41000366210938,212.7484130859375,33998500
2021-08-30,227.25,227.35000610351562,224.97999572753906,225.47999572753906,211.8745574951172,20733300
2021-08-31,225.24000549316406,226.61000061035156,224.3300018310547,225.9199981689453,212.28799438476562,20839800
2021-09-01,226.8300018310547,228.24000549316406,224.8699951171875,227.44000244140625,213.7162628173828,20451500
2021-09-02,228.3300018310547,229.83999633789062,227.60000610351562,229.02000427246094,215.20091247558594,22810100
2021-09-03,228.25,228.97000122070312,227.19000244140625,227.9600067138672,214.20489501953125,18213100
2021-09-07,227.72000122070312,229.0,226.25,226.38999938964844,212.72959899902344,19153400
2021-09-08,225.61000061035156,225.97000122070312,222.6300048828125,223.9199981689453,210.40867614746094,25241500
2021-09-09,223.5399932861328,226.2899932861328,222.9600067138672,223.80999755859375,210.3052215576172,27180500
2021-09-10,225.16000366210938,225.2899932861328,221.52000427246094,221.6199951171875,208.2474365234375,24366100
2021-09-13,223.2100067138672,223.3800048828125,220.25,222.8800048828125,209.4314727783203,34693100
2021-09-14,223.75,223.77000427246094,219.07000732421875,220.0399932861328,206.76272583007812,30312600
2021-09-15,220.02000427246094,222.74000549316406,219.4600067138672,222.02999877929688,208.63270568847656,27572000
2021-09-16,222.25999450683594,223.33999633789062,220.25999450683594,222.19000244140625,208.78306579589844,22369000
2021-09-17,221.6199951171875,223.02999877929688,220.63999938964844,222.47999572753906,209.05555725097656,39957600
2021-09-20,217.4499969482422,218.99000549316406,214.22000122070312,217.19000244140625,204.084716796875,44958500
2021-09-21,218.77000427246094,219.2899932861328,215.82000732421875,217.52000427246094,204.3948211669922,26711200
2021-09-22,218.8800048828125,222.5500030517578,218.8699951171875,220.89999389648438,207.5708465576172,32100300
2021-09-23,222.17999267578125,225.64999389648438,221.55999755859375,224.80999755859375,211.24493408203125,31057800
2021-09-24,223.02000427246094,224.36000061035156,221.83999633789062,223.0500030517578,210.22610473632812,28866000
2021-09-27,223.6199951171875,227.67999267578125,223.52999877929688,226.44000244140625,213.4211883544922,29743200
2021-09-28,225.41000366210938,225.60000610351562,220.85000610351562,221.2899932861328,208.5673370361328,39938200
2021-09-29,222.27000427246094,222.66000366210938,220.1699981689453,220.82000732421875,208.1243133544922,23628900
2021-09-30,222.1199951171875,222.61000061035156,218.60000610351562,218.75,206.17332458496094,33153600
2021-10-01,219.9499969482422,223.5,217.74000549316406,222.27999877929688,209.50035095214844,32647000
2021-10-04,222.13999938964844,222.32000732421875,218.92999267578125,220.25999450683594,207.59649658203125,32580200
2021-10-05,220.9600067138672,223.05999755859375,219.8800048828125,221.02000427246094,208.31285095214844,20407600
2021-10-06,218.75999450683594,220.1999969482422,216.75999450683594,219.8699951171875,207.2289276123047,32893300
2021-10-07,221.52999877929688,224.9499969482422,221.3699951171875,223.25999450683594,210.42405700683594,24289300
2021-10-08,223.38999938964844,224.11000061035156,221.5,221.5800018310547,208.84060668945312,17989600
2021-10-11,221.8300018310547,223.5500030517578,220.25,220.30999755859375,207.64358520507812,15929800
2021-10-12,220.85000610351562,222.47000122070312,220.36000061035156,221.52000427246094,208.78407287597656,18800600
2021-10-13,221.88999938964844,222.6999969482422,219.8300018310547,222.57000732421875,209.77374267578125,19676200
2021-10-14,224.75,226.0,224.32000732421875,225.8699951171875,212.8839569091797,18160000
2021-10-15,227.97999572753906,228.41000366210938,225.05999755859375,225.16000366210938,212.21478271484375,27555300
2021-10-18,223.8800048828125,225.67999267578125,223.72999572753906,225.02999877929688,212.09226989746094,19082600
2021-10-19,225.97999572753906,226.8800048828125,224.61000061035156,225.8699951171875,212.8839569091797,15498400
2021-10-20,225.97000122070312,227.97999572753906,225.1199951171875,227.3699951171875,214.29771423339844,18130500
2021-10-21,227.19000244140625,229.00999450683594,226.6199951171875,227.9499969482422,214.8444061279297,17851600
2021-10-22,227.8000030517578,228.38999938964844,225.69000244140625,227.41000366210938,214.33543395996094,16887000
2021-10-25,227.7899932861328,229.97999572753906,227.27999877929688,229.57000732421875,216.37124633789062,16387100
2021-10-26,230.02999877929688,230.72000122070312,227.8000030517578,227.83999633789062,214.7406768798828,25290200
2021-10-27,227.17999267578125,227.4600067138672,223.5,223.64999389648438,210.7915802001953,27088500
2021-10-28,224.8000030517578,228.25999450683594,224.77000427246094,228.11000061035156,214.99517822265625,22890600
2021-10-29,227.8000030517578,228.8300018310547,226.9600067138672,228.0500030517578,214.93865966796875,20777700
2021-11-01,229.25,234.17999267578125,228.88999938964844,233.9600067138672,220.50885009765625,35500800
2021-11-02,234.3800048828125,234.85000610351562,232.64999389648438,234.4499969482422,220.970703125,24949700
2021-11-03,234.14999389648438,239.80999755859375,233.9199981689453,238.63999938964844,224.91978454589844,47648500
2021-11-04,239.47999572753906,240.94000244140625,237.55999755859375,238.5500030517578,224.8349609375,26514000
2021-11-05,241.1699981689453,243.39999389648438,240.1999969482422,241.80999755859375,227.90750122070312,42041700
2021-11-08,243.74000549316406,244.4600067138672,241.92999267578125,242.55999755859375,228.6144256591797,31324500
2021-11-09,242.0,242.52999877929688,239.5399932861328,241.14999389648438,227.2854766845703,29895900
2021-11-10,240.0800018310547,241.55999755859375,236.30999755859375,237.35000610351562,223.70391845703125,32471600
2021-11-11,238.30999755859375,240.3800048828125,237.66000366210938,239.25999450683594,225.50411987304688,17987500
2021-11-12,239.9199981689453,240.2100067138672,238.74000549316406,239.5,225.7303009033203,20526700
2021-11-15,240.57000732421875,240.75999450683594,237.5500030517578,238.5500030517578,224.8349609375,27390000
2021-11-16,237.75999450683594,239.3699951171875,236.9499969482422,238.99000549316406,225.2496795654297,21925200
2021-11-17,238.05999755859375,238.1300048828125,235.1300048828125,235.86000061035156,222.2996063232422,26527800
2021-11-18,236.9199981689453,237.07000732421875,233.0500030517578,234.86000061035156,221.3571319580078,30637300
2021-11-19,233.27000427246094,234.4199981689453,232.38999938964844,232.72000122070312,219.34014892578125,33994000
2021-11-22,234.22000122070312,235.74000549316406,231.6199951171875,231.72999572753906,218.4070587158203,31042100
2021-11-23,231.38999938964844,233.0,228.6199951171875,231.3300018310547,218.030029296875,33843800
2021-11-24,229.38999938964844,231.99000549316406,228.5399932861328,231.5800018310547,218.2657012939453,24099300
2021-11-26,224.9600067138672,226.1699981689453,219.63999938964844,222.85000610351562,210.03759765625,62595400
2021-11-29,226.22000122070312,226.75,221.24000549316406,222.7100067138672,209.9056854248047,45982400
2021-11-30,220.66000366210938,221.86000061035156,215.8800048828125,218.1699981689453,205.6266326904297,64908400
2021-12-01,223.1699981689453,224.2100067138672,213.14999389648438,213.25999450683594,200.99893188476562,69120100
2021-12-02,214.3699951171875,219.94000244140625,213.82000732421875,219.2100067138672,206.60690307617188,64315700
2021-12-03,220.2899932861328,220.3800048828125,212.7100067138672,214.7100067138672,202.36557006835938,64425200
2021-12-06,216.5399932861328,220.69000244140625,213.7100067138672,219.02000427246094,206.42779541015625,43878300
2021-12-07,222.13999938964844,226.0399932861328,221.97999572753906,224.10000610351562,211.21575927734375,44679200
2021-12-08,224.60000610351562,226.5399932861328,223.05999755859375,225.6300048828125,212.65777587890625,36546400
2021-12-09,223.9499969482422,225.80999755859375,220.47999572753906,220.52000427246094,207.841552734375,34830300
2021-12-10,222.1999969482422,222.85000610351562,218.32000732421875,219.91000366210938,207.26663208007812,32924600
2021-12-13,218.38999938964844,219.0500030517578,214.75,216.0399932861328,204.2376708984375,33478400
2021-12-14,214.5800018310547,217.52000427246094,213.30999755859375,214.17999267578125,202.47926330566406,36543500
2021-12-15,214.2100067138672,218.16000366210938,211.0800018310547,217.5800018310547,205.6935577392578,51261000
2021-12-16,219.4499969482422,219.89999389648438,212.25,213.17999267578125,201.5338897705078,52743800
2021-12-17,212.1999969482422,217.35000610351562,210.3000030517578,215.13999938964844,203.3868408203125,62620900
2021-12-20,212.08999633789062,212.94000244140625,208.75999450683594,212.1199951171875,200.5318145751953,49993000
2021-12-21,214.1999969482422,218.38999938964844,212.05999755859375,218.17999267578125,206.26072692871094,38545300
2021-12-22,217.8699951171875,220.35000610351562,217.1300048828125,220.27999877929688,208.2460174560547,32442000
2021-12-23,221.0500030517578,222.8000030517578,220.33999633789062,222.0399932861328,209.9098663330078,22125400
2021-12-27,222.33999633789062,224.24000549316406,220.60000610351562,224.1199951171875,211.87619018554688,24196700
2021-12-28,223.7899932861328,225.72999572753906,222.35000610351562,222.75,210.5811309814453,23120300
2021-12-29,222.72000122070312,223.49000549316406,221.25999450683594,222.99000549316406,210.80799865722656,19444400
2021-12-30,222.94000244140625,225.42999267578125,222.6999969482422,222.92999267578125,210.7512664794922,23607700
2021-12-31,222.49000549316406,224.1199951171875,222.38999938964844,222.4499969482422,210.29747009277344,23997400
2022-01-03,223.7100067138672,226.69000244140625,222.72999572753906,225.32000732421875,213.0106964111328,30618800
2022-01-04,226.0,227.1300048828125,223.3800048828125,224.97999572753906,212.68927001953125,22013100
2022-01-05,224.8699951171875,225.91000366210938,217.32000732421875,217.36000061035156,205.48556518554688,40582100
2022-01-06,217.82000732421875,220.4199981689453,215.82000732421875,218.60000610351562,206.65780639648438,39105900
2022-01-07,218.60000610351562,220.3800048828125,215.92999267578125,216.07000732421875,204.2660369873047,31583900
2022-01-10,214.77000427246094,215.38999938964844,211.11000061035156,215.32000732421875,203.55703735351562,45778100
2022-01-11,215.47999572753906,217.8300018310547,212.9600067138672,217.61000061035156,205.721923828125,35209900
2022-01-12,218.52000427246094,219.3800048828125,214.63999938964844,215.99000549316406,204.19041442871094,35284500
2022-01-13,216.80999755859375,218.19000244140625,213.3800048828125,214.00999450683594,202.318603515625,34489600
2022-01-14,211.99000549316406,214.39999389648438,210.5800018310547,214.30999755859375,202.6021728515625,42020900
2022-01-18,212.1999969482422,212.44000244140625,207.52999877929688,207.8300018310547,196.47618103027344,49434400
2022-01-19,208.80999755859375,209.4600067138672,204.3800048828125,204.4499969482422,193.2808380126953,46209100
2022-01-20,205.3800048828125,208.99000549316406,200.3300018310547,200.75,189.782958984375,50466000
2022-01-21,199.75999450683594,203.02000427246094,196.99000549316406,196.99000549316406,186.22837829589844,85821000
2022-01-24,194.07000732421875,202.38999938964844,191.22999572753906,201.52999877929688,190.52035522460938,85782000
2022-01-25,198.47999572753906,201.6999969482422,194.55999755859375,198.83999633789062,187.97731018066406,61088500
2022-01-26,201.77999877929688,203.5500030517578,193.72000122070312,195.97000122070312,185.2641143798828,71471700
2022-01-27,197.6300048828125,199.61000061035156,190.60000610351562,191.52000427246094,181.0572052001953,59829000
2022-01-28,191.6999969482422,195.30999755859375,188.08999633789062,195.25,184.58340454101562,65870000
2022-01-31,194.38999938964844,201.24000549316406,193.85000610351562,201.24000549316406,190.24618530273438,53393800
2022-02-01,201.66000366210938,203.57000732421875,197.97000122070312,203.36000061035156,192.25038146972656,43429400
2022-02-02,203.6199951171875,203.89999389648438,199.2899932861328,201.33999633789062,190.34072875976562,42777800
2022-02-03,198.83999633789062,201.24000549316406,197.0500030517578,197.52999877929688,186.73887634277344,39629400
2022-02-04,197.0399932861328,200.10000610351562,194.9199981689453,198.3800048828125,187.54248046875,34291100
2022-02-07,198.42999267578125,201.16000366210938,197.99000549316406,199.36000061035156,188.46893310546875,33242600
2022-02-08,199.47000122070312,203.1199951171875,199.36000061035156,202.75999450683594,191.6831817626953,28341900
2022-02-09,204.57000732421875,206.64999389648438,204.3000030517578,206.61000061035156,195.3228302001953,27329300
2022-02-10,202.89999389648438,209.0500030517578,202.1199951171875,203.44000244140625,192.3260040283203,44788100
2022-02-11,203.64999389648438,206.05999755859375,199.69000244140625,201.3800048828125,190.37855529785156,41516600
2022-02-14,201.6300048828125,203.52999877929688,199.24000549316406,200.67999267578125,189.71678161621094,32262700
2022-02-15,202.77999877929688,206.30999755859375,202.6300048828125,206.05999755859375,194.80288696289062,25847500
2022-02-16,205.3000030517578,207.27000427246094,204.0800018310547,206.49000549316406,195.20938110351562,30104800
2022-02-17,204.5500030517578,205.02999877929688,200.77999877929688,201.1999969482422,190.20835876464844,27140200
2022-02-18,201.02999877929688,202.72000122070312,198.75999450683594,199.47000122070312,188.57289123535156,36255400
2022-02-22,198.47999572753906,200.4499969482422,195.35000610351562,196.66000366210938,185.91641235351562,31847100
2022-02-23,198.24000549316406,198.89999389648438,192.5500030517578,192.97999572753906,182.43740844726562,31491500
2022-02-24,188.32000732421875,198.47999572753906,187.9199981689453,198.0399932861328,187.22097778320312,52221100
2022-02-25,198.69000244140625,202.6199951171875,197.0,202.5,191.43736267089844,33656200
2022-02-28,200.47000122070312,204.60000610351562,200.4600067138672,203.32000732421875,192.21255493164062,34975900
2022-03-01,202.66000366210938,203.7899932861328,197.8000030517578,199.49000549316406,188.591796875,40638900
2022-03-02,200.83999633789062,205.3000030517578,200.69000244140625,204.24000549316406,193.08230590820312,29978600
2022-03-03,205.08999633789062,205.11000061035156,200.2899932861328,201.82000732421875,190.7945098876953,30142700
2022-03-04,199.6999969482422,200.86000061035156,196.97999572753906,198.66000366210938,187.80714416503906,31610400
2022-03-07,199.22000122070312,199.58999633789062,193.67999267578125,193.72000122070312,183.1370086669922,39279800
2022-03-08,194.33999633789062,199.57000732421875,193.4600067138672,194.7899932861328,184.14854431152344,45715800
2022-03-09,198.22000122070312,201.0,197.6199951171875,200.27999877929688,189.33859252929688,29048000
2022-03-10,197.41000366210938,200.0399932861328,196.55999755859375,199.9199981689453,188.998291015625,25661000
2022-03-11,200.77999877929688,201.75999450683594,196.44000244140625,196.72999572753906,185.98257446289062,24990000
2022-03-14,197.24000549316406,197.44000244140625,191.8800048828125,192.7100067138672,182.18218994140625,34969500
2022-03-15,193.4600067138672,195.7899932861328,192.8800048828125,195.77999877929688,185.08445739746094,25464300
2022-03-16,197.5399932861328,201.94000244140625,196.14999389648438,201.94000244140625,190.90794372558594,31869700
2022-03-17,200.77000427246094,205.2100067138672,200.3000030517578,205.11000061035156,193.90480041503906,25783100
2022-03-18,204.2100067138672,207.4499969482422,204.0,207.27000427246094,195.94676208496094,37092200
2022-03-21,207.1999969482422,208.17999267578125,203.94000244140625,205.44000244140625,194.2167510986328,26747500
2022-03-22,206.30999755859375,208.7899932861328,205.8000030517578,207.5,196.16421508789062,24699900
2022-03-23,206.14999389648438,207.1999969482422,203.75,203.89999389648438,192.76087951660156,19775000
2022-03-24,204.3800048828125,205.89999389648438,202.72999572753906,205.83999633789062,194.97740173339844,19781200
2022-03-25,206.08999633789062,206.6199951171875,204.44000244140625,206.1199951171875,195.24258422851562,19430400
2022-03-28,205.60000610351562,206.2100067138672,203.02999877929688,206.19000244140625,195.30892944335938,18999100
2022-03-29,208.0,212.25,207.8800048828125,211.7100067138672,200.53761291503906,29550600
2022-03-30,211.3699951171875,211.74000549316406,206.61000061035156,207.4600067138672,196.5119171142578,26251500
2022-03-31,207.1300048828125,208.91000366210938,205.14999389648438,205.27000427246094,194.43751525878906,26771600
2022-04-01,206.17999267578125,207.72000122070312,205.00999450683594,207.57000732421875,196.61611938476562,25948500
2022-04-04,207.8699951171875,208.42999267578125,205.8800048828125,207.91000366210938,196.9381561279297,20333900
2022-04-05,207.9600067138672,209.44000244140625,202.50999450683594,202.99000549316406,192.27783203125,26509800
2022-04-06,201.27000427246094,201.8000030517578,198.67999267578125,200.11000061035156,189.54978942871094,34903900
2022-04-07,200.11000061035156,201.22999572753906,196.67999267578125,199.4600067138672,188.93409729003906,29291200
2022-04-08,199.22000122070312,200.30999755859375,197.5,197.8699951171875,187.42799377441406,25249600
2022-04-11,197.1199951171875,199.25,195.8800048828125,196.5399932861328,186.16818237304688,33702300
2022-04-12,198.6999969482422,201.67999267578125,196.4199981689453,197.16000366210938,186.7554473876953,33699800
2022-04-13,197.67999267578125,201.4499969482422,197.61000061035156,200.91000366210938,190.3075714111328,22303600
2022-04-14,201.11000061035156,202.3699951171875,198.8699951171875,198.9600067138672,188.46047973632812,27107000
2022-04-18,198.4600067138672,199.17999267578125,196.52999877929688,197.6199951171875,187.19119262695312,22246400
2022-04-19,197.86000061035156,202.24000549316406,197.69000244140625,201.55999755859375,190.92324829101562,22786700
2022-04-20,203.0500030517578,203.8699951171875,201.86000061035156,202.3300018310547,191.65261840820312,20516200
2022-04-21,204.22999572753906,204.8000030517578,197.02000427246094,197.8000030517578,187.36166381835938,31547700
2022-04-22,196.8699951171875,197.3699951171875,192.2899932861328,192.67999267578125,182.51187133789062,35686900
2022-04-25,190.99000549316406,194.11000061035156,189.2100067138672,193.85000610351562,183.62014770507812,35556500
2022-04-26,192.32000732421875,192.7100067138672,187.47999572753906,187.74000549316406,177.8325958251953,40513600
2022-04-27,187.6699981689453,189.77999877929688,186.25999450683594,186.9600067138672,177.09371948242188,37808000
2022-04-28,189.1699981689453,191.39999389648438,184.7100067138672,190.4499969482422,180.39956665039062,37405200
2022-04-29,189.58999633789062,191.72999572753906,184.50999450683594,184.9499969482422,175.1898193359375,41193400
2022-05-02,184.89999389648438,187.82000732421875,182.3800048828125,186.88999938964844,177.0273895263672,38002100
2022-05-03,186.9199981689453,189.50999450683594,185.67999267578125,188.49000549316406,178.54299926757812,30246300
2022-05-04,189.0500030517578,193.92999267578125,185.69000244140625,193.52000427246094,183.3075408935547,38834700
2022-05-05,191.52999877929688,191.55999755859375,183.3800048828125,185.6699981689453,175.87181091308594,41468700
2022-05-06,184.9600067138672,185.4199981689453,180.5500030517578,182.5800018310547,172.94488525390625,45457900
2022-05-09,179.86000061035156,182.64999389648438,174.10000610351562,174.89999389648438,165.67015075683594,53682200
2022-05-10,177.57000732421875,178.91000366210938,171.1999969482422,174.9499969482422,165.71749877929688,53650800
2022-05-11,175.1300048828125,178.19000244140625,170.3000030517578,170.60000610351562,161.59710693359375,64377800
2022-05-12,169.8300018310547,174.33999633789062,168.89999389648438,172.60000610351562,163.49154663085938,52967400
2022-05-13,175.0399932861328,179.41000366210938,175.00999450683594,178.07000732421875,168.6728973388672,36517000
2022-05-16,177.5,179.44000244140625,176.13999938964844,177.22000122070312,167.8677215576172,28225500
2022-05-17,180.41000366210938,182.83999633789062,178.99000549316406,182.63999938964844,173.00172424316406,31833700
2022-05-18,180.47000122070312,181.41000366210938,175.10000610351562,176.24000549316406,166.93942260742188,36093800
2022-05-19,174.88999938964844,178.80999755859375,174.88999938964844,176.52999877929688,167.21414184570312,33627700
2022-05-20,178.5,178.97000122070312,171.7899932861328,176.0800018310547,166.7878875732422,42243700
2022-05-23,177.8800048828125,178.9600067138672,175.5,178.2100067138672,168.80548095703125,24644100
2022-05-24,176.57000732421875,176.92999267578125,172.3300018310547,175.57000732421875,166.30477905273438,26861800
2022-05-25,174.8800048828125,179.77999877929688,174.80999755859375,178.72999572753906,169.29808044433594,27950100
2022-05-26,179.85000610351562,183.8000030517578,179.6999969482422,182.72000122070312,173.07749938964844,25702700
2022-05-27,183.75999450683594,187.64999389648438,183.39999389648438,187.63999938964844,177.73788452148438,24952100
2022-05-31,186.91000366210938,187.67999267578125,184.08999633789062,185.30999755859375,175.5308074951172,29794500
2022-06-01,186.27000427246094,186.94000244140625,181.77000427246094,184.25999450683594,174.5362091064453,28352100
2022-06-02,184.58999633789062,188.75999450683594,184.1699981689453,188.75999450683594,178.79873657226562,24876000
2022-06-03,187.2899932861328,187.9600067138672,185.7899932861328,187.05999755859375,177.18846130371094,18972100
2022-06-06,189.2899932861328,189.30999755859375,186.8300018310547,187.8699951171875,177.9556884765625,24678700
2022-06-07,186.41000366210938,190.94000244140625,185.89999389648438,190.89999389648438,180.82582092285156,21661600
2022-06-08,189.9600067138672,190.6999969482422,187.05999755859375,187.9499969482422,178.031494140625,21521700
2022-06-09,186.5500030517578,187.07000732421875,183.52999877929688,183.57000732421875,174.3408660888672,21697200
2022-06-10,180.50999450683594,181.5500030517578,177.64999389648438,178.58999633789062,169.61122131347656,37153600
2022-06-13,173.6300048828125,174.9600067138672,169.2899932861328,170.1999969482422,161.64305114746094,39712700
2022-06-14,170.6699981689453,171.24000549316406,167.74000549316406,169.3800048828125,160.86427307128906,30282400
2022-06-15,171.2100067138672,174.05999755859375,168.66000366210938,171.86000061035156,163.21957397460938,32150500
2022-06-16,167.83999633789062,168.4199981689453,162.77999877929688,163.89999389648438,155.65975952148438,43810600
2022-06-17,164.47999572753906,167.52000427246094,163.6999969482422,165.17999267578125,156.87542724609375,40327300
2022-06-21,167.97999572753906,170.0800018310547,166.80999755859375,168.13999938964844,159.68663024902344,34665400
2022-06-22,165.9600067138672,169.25999450683594,165.3699951171875,167.82000732421875,159.38272094726562,29303500
2022-06-23,168.19000244140625,170.22999572753906,166.5500030517578,169.8300018310547,161.29168701171875,27089800
2022-06-24,171.22000122070312,175.10000610351562,170.89999389648438,175.08999633789062,166.28720092773438,37138500
2022-06-27,175.6699981689453,176.99000549316406,174.17999267578125,175.74000549316406,166.90451049804688,24745400
2022-06-28,176.92999267578125,178.14999389648438,172.35000610351562,172.44000244140625,163.77044677734375,25909200
2022-06-29,172.5500030517578,172.6999969482422,168.97000122070312,170.69000244140625,162.10841369628906,21292500
2022-06-30,168.1999969482422,171.30999755859375,166.75999450683594,169.36000061035156,160.84532165527344,31466300
2022-07-01,169.0500030517578,171.83999633789062,167.66000366210938,171.41000366210938,162.79222106933594,24598600
2022-07-05,168.67999267578125,172.89999389648438,166.72999572753906,172.8300018310547,164.14083862304688,25151100
2022-07-06,172.4499969482422,173.7100067138672,169.75,171.5500030517578,162.9251708984375,25697600
2022-07-07,172.86000061035156,175.97999572753906,172.85000610351562,175.61000061035156,166.78103637695312,24822500
2022-07-08,175.07000732421875,176.99000549316406,173.64999389648438,175.58999633789062,166.76206970214844,20547000
2022-07-11,174.25999450683594,174.97000122070312,171.60000610351562,172.05999755859375,163.40956115722656,22031500
2022-07-12,171.5399932861328,173.36000061035156,170.55999755859375,171.47000122070312,162.84921264648438,23864200
2022-07-13,169.14999389648438,172.27999877929688,168.7899932861328,171.32000732421875,162.7067108154297,25535600
2022-07-14,168.67999267578125,170.0,167.02000427246094,169.55999755859375,161.0352020263672,25102200
2022-07-15,171.5399932861328,173.35000610351562,169.30999755859375,173.08999633789062,164.38775634765625,34935900
2022-07-18,175.1300048828125,176.2899932861328,172.05999755859375,172.60000610351562,163.9224090576172,23031500
2022-07-19,174.75,178.88999938964844,174.66000366210938,178.69000244140625,169.70620727539062,24234600
2022-07-20,178.64999389648438,181.80999755859375,178.39999389648438,181.49000549316406,172.3654327392578,26049300
2022-07-21,180.4499969482422,182.5,178.85000610351562,182.4199981689453,173.24864196777344,21709900
2022-07-22,182.8800048828125,183.25,178.0500030517578,179.50999450683594,170.48500061035156,25116100
2022-07-25,180.0500030517578,180.9199981689453,178.42999267578125,180.44000244140625,171.3682098388672,19267200
2022-07-26,179.77999877929688,180.2100067138672,178.5399932861328,179.3300018310547,170.3140411376953,19391200
2022-07-27,180.47999572753906,184.25,180.0,183.41000366210938,174.18893432617188,21670700
2022-07-28,184.32000732421875,186.13999938964844,181.75999450683594,185.92999267578125,176.58218383789062,22838500
2022-07-29,186.0399932861328,187.72999572753906,185.0399932861328,187.25,177.8358612060547,21760600
2022-08-01,185.7899932861328,188.32000732421875,184.22000122070312,187.17999267578125,177.76937866210938,23905600
2022-08-02,186.47000122070312,189.02000427246094,185.47999572753906,187.0,177.59840393066406,17492600
2022-08-03,188.3000030517578,190.14999389648438,187.63999938964844,189.75,180.2101593017578,19157700
2022-08-04,189.83999633789062,190.0399932861328,188.44000244140625,189.35000610351562,179.83026123046875,14838900
2022-08-05,187.47000122070312,191.02000427246094,187.1699981689453,190.8000030517578,181.2073974609375,18540300
2022-08-08,192.14999389648438,194.6300048828125,191.88999938964844,192.82000732421875,183.1258087158203,22188700
2022-08-09,192.0399932861328,192.1699981689453,189.16000366210938,190.19000244140625,180.62803649902344,18247300
2022-08-10,193.6300048828125,195.9499969482422,193.11000061035156,195.6199951171875,185.78504943847656,20796400
2022-08-11,197.4199981689453,199.52999877929688,196.0399932861328,196.35000610351562,186.47833251953125,23727600
2022-08-12,197.35000610351562,200.42999267578125,196.5800018310547,200.36000061035156,190.28672790527344,21726600
2022-08-15,198.8000030517578,201.16000366210938,198.22000122070312,201.07000732421875,190.96104431152344,17414800
2022-08-16,200.5,201.99000549316406,199.02999877929688,200.99000549316406,190.88507080078125,18833100
2022-08-17,198.72000122070312,199.3300018310547,196.3800048828125,197.61000061035156,187.6750030517578,22428000
2022-08-18,197.8800048828125,199.25,196.89999389648438,198.9199981689453,188.91912841796875,18368100
2022-08-19,196.8300018310547,197.11000061035156,194.07000732421875,194.64999389648438,184.86378479003906,27416400
2022-08-22,191.99000549316406,192.35000610351562,190.00999450683594,190.63999938964844,181.05540466308594,22937000
2022-08-23,190.94000244140625,192.92999267578125,190.38999938964844,190.9499969482422,181.34979248046875,20069800
2022-08-24,190.7899932861328,193.3000030517578,190.16000366210938,192.41000366210938,182.73641967773438,16038300
2022-08-25,193.3800048828125,195.4499969482422,192.97999572753906,195.39999389648438,185.5760498046875,14795000
2022-08-26,195.33999633789062,195.44000244140625,188.66000366210938,188.97999572753906,179.4788818359375,24177200
2022-08-29,186.9499969482422,188.99000549316406,186.52000427246094,187.24000549316406,177.82635498046875,19753300
2022-08-30,187.82000732421875,188.00999450683594,183.5399932861328,184.6199951171875,175.33807373046875,22548900
2022-08-31,184.94000244140625,185.74000549316406,183.19000244140625,183.5,174.27435302734375,22412500
2022-09-01,181.77999877929688,181.88999938964844,178.89999389648438,181.5,172.37493896484375,30706600
2022-09-02,183.60000610351562,183.9499969482422,179.13999938964844,180.08999633789062,171.03579711914062,27468200
2022-09-06,180.7100067138672,181.0800018310547,177.5,178.30999755859375,169.34532165527344,23837100
2022-09-07,177.97000122070312,182.47000122070312,177.92999267578125,182.19000244140625,173.0302276611328,24781200
2022-09-08,180.69000244140625,183.7899932861328,179.6199951171875,183.7100067138672,174.47384643554688,25273200
2022-09-09,185.33999633789062,187.6300048828125,185.10000610351562,187.39999389648438,177.97830200195312,23208800
2022-09-12,188.60000610351562,189.86000061035156,187.97000122070312,189.6699981689453,180.13417053222656,23134600
2022-09-13,184.86000061035156,185.91000366210938,181.5399932861328,182.25,173.08724975585938,34144700
2022-09-14,182.57000732421875,183.32000732421875,180.57000732421875,182.9600067138672,173.76153564453125,25278300
2022-09-15,181.9199981689453,184.69000244140625,180.86000061035156,181.6300048828125,172.49838256835938,25378700
2022-09-16,179.08999633789062,179.67999267578125,176.91000366210938,178.99000549316406,169.9911346435547,41155900
2022-09-19,177.00999450683594,180.75,176.9600067138672,180.52000427246094,171.4442138671875,25412200
2022-09-20,178.77000427246094,178.94000244140625,176.7100067138672,178.05999755859375,169.10787963867188,22247500
2022-09-21,179.3699951171875,181.10000610351562,175.3300018310547,175.33999633789062,166.52462768554688,29357100
2022-09-22,175.0,175.5800018310547,170.74000549316406,171.38999938964844,162.77320861816406,33468600
2022-09-23,169.0,169.19000244140625,165.0,167.30999755859375,158.8983612060547,40336900
2022-09-26,165.47000122070312,168.97000122070312,163.5800018310547,164.1699981689453,156.72274780273438,30597800
2022-09-27,166.30999755859375,167.6300048828125,163.27999877929688,164.72999572753906,157.25732421875,42406600
2022-09-28,165.75999450683594,170.99000549316406,165.07000732421875,169.94000244140625,162.2310028076172,35186500
2022-09-29,167.77999877929688,167.92999267578125,163.8000030517578,166.1300048828125,158.59384155273438,31464000
2022-09-30,165.77999877929688,169.52000427246094,164.8699951171875,164.9199981689453,157.43870544433594,40643800
2022-10-03,167.33999633789062,170.3000030517578,165.25,169.2899932861328,161.6104736328125,33611600
2022-10-04,172.61000061035156,176.0800018310547,172.52999877929688,176.0,168.01609802246094,37537300
2022-10-05,173.41000366210938,175.3300018310547,171.4199981689453,174.6999969482422,166.77505493164062,25281400
2022-10-06,173.85000610351562,176.1699981689453,172.91000366210938,173.72000122070312,165.83950805664062,22635900
2022-10-07,171.92999267578125,172.47000122070312,167.9199981689453,168.61000061035156,160.96131896972656,26536100
2022-10-10,169.2899932861328,169.57000732421875,166.58999633789062,167.6699981689453,160.06398010253906,23386400
2022-10-11,166.9600067138672,170.11000061035156,164.8000030517578,167.72000122070312,160.11170959472656,28009100
2022-10-12,167.89999389648438,168.4600067138672,165.47999572753906,167.25999450683594,159.6725616455078,26796700
2022-10-13,164.0,172.1999969482422,162.5,171.39999389648438,163.6247100830078,45376500
2022-10-14,172.74000549316406,173.9199981689453,166.7100067138672,166.80999755859375,159.2429656982422,29608600
2022-10-17,170.22000122070312,172.6199951171875,170.11000061035156,172.1300048828125,164.32162475585938,28199200
2022-10-18,175.86000061035156,177.2899932861328,172.69000244140625,174.1699981689453,166.26910400390625,34523100
2022-10-19,172.49000549316406,173.39999389648438,169.3300018310547,171.2100067138672,163.44337463378906,27146900
2022-10-20,171.4199981689453,173.5500030517578,168.47000122070312,169.02999877929688,161.36227416992188,26710700
2022-10-21,169.39999389648438,173.1999969482422,168.19000244140625,172.6999969482422,164.8657684326172,45402700
2022-10-24,173.32000732421875,174.0,171.0500030517578,173.44000244140625,165.57223510742188,27284500
2022-10-25,173.57000732421875,178.89999389648438,173.55999755859375,178.1699981689453,170.08766174316406,33105700
2022-10-26,179.14999389648438,182.3699951171875,178.3300018310547,179.0500030517578,170.92771911621094,37084700
2022-10-27,180.58999633789062,182.0,178.8699951171875,179.08999633789062,170.96591186523438,28651800
2022-10-28,179.8300018310547,183.41000366210938,178.74000549316406,183.16000366210938,174.85128784179688,33221600
2022-10-31,182.27000427246094,184.24000549316406,181.5500030517578,183.3300018310547,175.01356506347656,25699400
2022-11-01,185.24000549316406,185.60000610351562,182.8800048828125,183.5800018310547,175.25225830078125,27446700
2022-11-02,182.83999633789062,185.0,177.42999267578125,177.49000549316406,169.43850708007812,38139600
2022-11-03,175.2899932861328,177.94000244140625,174.11000061035156,176.3000030517578,168.30245971679688,29093200
2022-11-04,178.9199981689453,179.94000244140625,175.47000122070312,178.67999267578125,170.57449340820312,25842400
2022-11-07,179.74000549316406,180.58999633789062,177.67999267578125,179.49000549316406,171.3477783203125,20689900
2022-11-08,180.22999572753906,181.9499969482422,177.36000061035156,179.55999755859375,171.4146270751953,20265200
2022-11-09,178.0,178.6699981689453,174.27999877929688,174.6300048828125,166.70826721191406,27277000
2022-11-10,181.85000610351562,185.4499969482422,181.14999389648438,185.3800048828125,176.9705810546875,38572800
2022-11-11,185.75999450683594,188.83999633789062,185.69000244140625,186.89999389648438,178.421630859375,28765400
2022-11-14,185.7899932861328,187.7899932861328,184.6300048828125,184.80999755859375,176.4264678955078,26499600
2022-11-15,187.83999633789062,189.55999755859375,186.11000061035156,187.5500030517578,179.04212951660156,26128800
2022-11-16,186.60000610351562,186.63999938964844,183.7100067138672,184.25,175.891845703125,24802000
2022-11-17,181.6199951171875,182.9499969482422,180.50999450683594,182.5399932861328,174.25941467285156,20835700
2022-11-18,184.58999633789062,185.30999755859375,182.57000732421875,183.72000122070312,175.38589477539062,27269100
2022-11-21,182.77999877929688,183.19000244140625,181.42999267578125,182.75999450683594,174.4694061279297,19038900
2022-11-22,183.74000549316406,184.94000244140625,182.3300018310547,184.7100067138672,176.33099365234375,16869700
2022-11-23,184.2899932861328,185.77999877929688,183.5500030517578,185.19000244140625,176.78919982910156,19758800
2022-11-25,185.08999633789062,186.3699951171875,184.66000366210938,185.5800018310547,177.1614990234375,13393400
2022-11-28,184.1300048828125,184.9199981689453,181.2899932861328,181.83999633789062,173.5911102294922,17465600
2022-11-29,181.9600067138672,183.61000061035156,181.9600067138672,182.3699951171875,174.0971221923828,14020600
2022-11-30,182.6699981689453,187.42999267578125,180.8000030517578,187.3699951171875,178.87033081054688,28030100
2022-12-01,188.14999389648438,189.24000549316406,186.1300048828125,186.9600067138672,178.47889709472656,21996400
2022-12-02,184.3699951171875,188.86000061035156,184.3300018310547,188.0500030517578,179.51943969726562,22574800
2022-12-05,186.86000061035156,187.05999755859375,182.17999267578125,182.8699951171875,174.57444763183594,25449300
2022-12-06,182.8800048828125,182.97999572753906,179.0800018310547,180.07000732421875,171.90145874023438,18502100
2022-12-07,179.75,181.5,179.11000061035156,179.5399932861328,171.3955078125,17177800
2022-12-08,180.77000427246094,182.6300048828125,179.50999450683594,180.83999633789062,172.6365509033203,20971400
2022-12-09,179.77000427246094,180.80999755859375,178.55999755859375,178.6199951171875,170.51724243164062,22046500
2022-12-12,178.85000610351562,181.08999633789062,178.0,180.72000122070312,172.52197265625,22765400
2022-12-13,185.72999572753906,186.63999938964844,180.13999938964844,181.3800048828125,173.95095825195312,38445300
2022-12-14,181.30999755859375,182.91000366210938,178.8300018310547,180.19000244140625,172.80967712402344,32406900
2022-12-15,178.02999877929688,178.60000610351562,175.0399932861328,175.67999267578125,168.484375,33546700
2022-12-16,173.8000030517578,175.11000061035156,172.6699981689453,174.3699951171875,167.22804260253906,38502400
2022-12-19,174.61000061035156,175.0500030517578,171.47000122070312,172.00999450683594,164.9647216796875,25614000
2022-12-20,171.6699981689453,174.02000427246094,171.17999267578125,172.9199981689453,165.83743286132812,18050800
2022-12-21,174.4499969482422,176.8000030517578,174.1999969482422,175.89999389648438,168.69540405273438,22997200
2022-12-22,174.3300018310547,174.49000549316406,170.6699981689453,173.60000610351562,166.4896240234375,21297600
2022-12-23,173.47999572753906,174.4499969482422,172.33999633789062,174.38999938964844,167.2472381591797,11647700
2022-12-27,174.36000061035156,174.57000732421875,172.5800018310547,173.22000122070312,166.1251983642578,13553800
2022-12-28,173.17999267578125,174.10000610351562,170.33999633789062,170.52999877929688,163.54534912109375,19648000
2022-12-29,171.72000122070312,175.25,171.39999389648438,174.85000610351562,167.68838500976562,22311300
2022-12-30,173.33999633789062,174.72000122070312,172.61000061035156,174.36000061035156,167.21844482421875,21275600
2023-01-03,175.92999267578125,177.32000732421875,171.89999389648438,173.39999389648438,166.2977752685547,22503800
2023-01-04,174.6199951171875,176.6699981689453,174.27999877929688,175.55999755859375,168.3693389892578,22973500
2023-01-05,174.58999633789062,174.75999450683594,172.38999938964844,173.67999267578125,166.56631469726562,17032600
2023-01-06,175.3000030517578,178.0399932861328,173.8699951171875,177.5800018310547,170.3065643310547,21986900
2023-01-09,179.00999450683594,180.1199951171875,177.64999389648438,177.8800048828125,170.59429931640625,18366500
2023-01-10,177.66000366210938,180.6199951171875,177.3000030517578,180.50999450683594,173.11654663085938,18751100
2023-01-11,181.25999450683594,182.7899932861328,180.67999267578125,182.75999450683594,175.27439880371094,18222700
2023-01-12,183.57000732421875,185.9499969482422,181.9199981689453,185.8300018310547,178.21864318847656,29650800
2023-01-13,184.5,187.33999633789062,184.3300018310547,187.0500030517578,179.38868713378906,22120000
2023-01-17,187.0,187.83999633789062,186.24000549316406,186.82000732421875,179.1681365966797,22422600
2023-01-18,187.4499969482422,188.9600067138672,183.6999969482422,183.8000030517578,176.27183532714844,23507800
2023-01-19,182.72999572753906,183.10000610351562,180.77999877929688,182.0399932861328,174.58387756347656,24624500
2023-01-20,182.7100067138672,185.14999389648438,181.27000427246094,185.0399932861328,177.46104431152344,36070300
2023-01-23,185.42999267578125,188.1199951171875,184.5800018310547,187.3300018310547,179.65725708007812,20329900
2023-01-24,186.58999633789062,187.8300018310547,185.8800048828125,186.92999267578125,179.2736053466797,19263500
2023-01-25,185.41000366210938,187.50999450683594,183.8699951171875,187.4499969482422,179.77232360839844,18174600
2023-01-26,188.97999572753906,189.85000610351562,186.2899932861328,188.55999755859375,180.8368682861328,18369100
2023-01-27,187.97999572753906,190.3000030517578,187.7899932861328,189.5800018310547,181.81509399414062,20019900
2023-01-30,187.83999633789062,189.61000061035156,186.8300018310547,186.94000244140625,179.28318786621094,18395100
2023-01-31,187.4199981689453,191.5800018310547,187.3800048828125,191.47999572753906,183.63723754882812,21567900
2023-02-01,191.19000244140625,196.19000244140625,190.1300048828125,194.49000549316406,186.52398681640625,27007300
2023-02-02,196.00999450683594,199.25999450683594,194.35000610351562,198.32000732421875,190.19711303710938,31020400
2023-02-03,196.11000061035156,199.1300048828125,195.6999969482422,196.99000549316406,188.92156982421875,24981500
2023-02-06,195.64999389648438,196.3800048828125,193.3699951171875,194.13999938964844,186.18832397460938,18160100
2023-02-07,193.41000366210938,196.10000610351562,191.64999389648438,195.5800018310547,187.5693359375,27074100
2023-02-08,194.36000061035156,195.3699951171875,192.1999969482422,192.72000122070312,184.82647705078125,17933500
2023-02-09,194.22999572753906,195.1199951171875,189.42999267578125,189.92999267578125,182.1507568359375,20516600
2023-02-10,189.27999877929688,190.6300048828125,188.52999877929688,190.30999755859375,182.5151824951172,15248700
2023-02-13,190.50999450683594,192.86000061035156,189.30999755859375,192.60000610351562,184.7113494873047,15754400
2023-02-14,191.27999877929688,193.9499969482422,190.0800018310547,192.50999450683594,184.62506103515625,21889600
2023-02-15,190.97999572753906,194.5500030517578,190.52999877929688,194.4600067138672,186.49520874023438,18721200
2023-02-16,191.8000030517578,194.8699951171875,191.25,192.60000610351562,184.7113494873047,21366300
2023-02-17,191.8800048828125,193.3699951171875,190.97000122070312,193.1300048828125,185.2196807861328,23892200
2023-02-21,190.75,191.33999633789062,187.24000549316406,187.42999267578125,179.7530975341797,26004000
2023-02-22,187.8300018310547,189.14999389648438,186.75,187.94000244140625,180.2422332763672,24651700
2023-02-23,189.35000610351562,190.3000030517578,186.6999969482422,189.27999877929688,181.52737426757812,21311700
2023-02-24,186.64999389648438,187.77999877929688,185.77999877929688,187.50999450683594,179.82986450195312,24280700
2023-02-27,189.1300048828125,190.1999969482422,187.60000610351562,188.1699981689453,180.46282958984375,17562900
2023-02-28,188.1199951171875,190.02000427246094,188.07000732421875,188.17999267578125,180.472412109375,19542600
2023-03-01,188.19000244140625,189.49000549316406,187.19000244140625,188.4199981689453,180.7025909423828,22532800
2023-03-02,186.86000061035156,189.3000030517578,186.1199951171875,188.8699951171875,181.13412475585938,18104400
2023-03-03,189.6699981689453,191.92999267578125,188.4199981689453,191.5,183.6564178466797,22774300
2023-03-06,191.55999755859375,191.74000549316406,187.89999389648438,188.6999969482422,180.97116088867188,23266700
2023-03-07,188.64999389648438,189.07000732421875,186.22000122070312,186.50999450683594,178.8708038330078,25865700
2023-03-08,186.7899932861328,187.61000061035156,185.1199951171875,186.60000610351562,178.95712280273438,22505900
2023-03-09,186.72999572753906,187.27000427246094,181.27999877929688,181.41000366210938,173.97970581054688,33546900
2023-03-10,180.38999938964844,180.38999938964844,174.25999450683594,176.17999267578125,168.96389770507812,69274200
2023-03-13,172.52000427246094,176.39999389648438,171.07000732421875,173.30999755859375,166.21145629882812,74171500
2023-03-14,178.60000610351562,179.25999450683594,174.61000061035156,176.52000427246094,169.2900390625,48946200
2023-03-15,171.92999267578125,173.91000366210938,170.3800048828125,173.61000061035156,166.49920654296875,54405800
2023-03-16,171.47000122070312,177.3800048828125,170.5,175.97999572753906,168.77215576171875,52392300
2023-03-17,174.0399932861328,174.75999450683594,170.86000061035156,171.22999572753906,164.21664428710938,70239900
2023-03-20,173.0500030517578,175.3699951171875,172.52999877929688,173.4499969482422,166.34571838378906,46103200
2023-03-21,176.5500030517578,178.17999267578125,175.9600067138672,176.64999389648438,169.4146728515625,34465900
2023-03-22,176.52000427246094,177.35000610351562,171.52999877929688,171.63999938964844,164.60987854003906,56098200
2023-03-23,172.27999877929688,174.38999938964844,168.7100067138672,170.25,163.87925720214844,47720900
2023-03-24,168.75,172.11000061035156,167.4600067138672,171.7899932861328,165.36163330078125,47519700
2023-03-27,173.83999633789062,174.72999572753906,172.36000061035156,173.6999969482422,167.20018005371094,33880600
2023-03-28,173.10000610351562,174.50999450683594,172.69000244140625,173.4499969482422,166.9595184326172,28555100
2023-03-29,175.33999633789062,175.5500030517578,173.57000732421875,175.4199981689453,168.8557891845703,25564800
2023-03-30,176.8800048828125,177.30999755859375,174.4499969482422,175.17999267578125,168.62481689453125,26728600
2023-03-31,176.39999389648438,178.63999938964844,176.3699951171875,178.39999389648438,171.7242889404297,39602900
2023-04-03,178.9499969482422,179.77999877929688,176.49000549316406,178.47999572753906,171.8013153076172,27609000
2023-04-04,178.9199981689453,179.10000610351562,174.32000732421875,175.35000610351562,168.7884063720703,33487200
2023-04-05,174.25,174.8300018310547,172.52999877929688,173.6300048828125,167.13279724121094,28247300
2023-04-06,173.72000122070312,174.4600067138672,172.67999267578125,173.88999938964844,167.3831024169922,26366300
2023-04-10,173.07000732421875,175.8800048828125,173.02999877929688,175.75,169.17344665527344,22237800
2023-04-11,176.57000732421875,177.97000122070312,176.1199951171875,177.13999938964844,170.51145935058594,21876200
2023-04-12,178.82000732421875,178.97999572753906,175.5800018310547,175.83999633789062,169.26010131835938,27018100
2023-04-13,176.5399932861328,178.69000244140625,175.92999267578125,178.1699981689453,171.5029296875,23259900
2023-04-14,178.3300018310547,179.22000122070312,175.33999633789062,176.50999450683594,169.90505981445312,29600400
2023-04-17,176.97000122070312,178.86000061035156,176.75,178.77999877929688,172.09007263183594,22177300
2023-04-18,179.58999633789062,179.6300048828125,176.94000244140625,178.02000427246094,171.3585205078125,22873100
2023-04-19,177.0800018310547,178.7899932861328,176.5800018310547,178.25,171.5799102783203,19306800
2023-04-20,177.14999389648438,178.42999267578125,176.52000427246094,177.3300018310547,170.6943359375,20336300
2023-04-21,177.80999755859375,177.9600067138672,175.86000061035156,177.55999755859375,170.91574096679688,25972800
2023-04-24,177.3800048828125,178.4499969482422,176.5,177.44000244140625,170.80026245117188,17781000
2023-04-25,175.6300048828125,175.94000244140625,173.00999450683594,173.05999755859375,166.5841064453125,28857900
2023-04-26,172.22999572753906,173.39999389648438,171.0,171.38999938964844,164.97659301757812,30309800
2023-04-27,172.02999877929688,173.86000061035156,170.94000244140625,173.67999267578125,167.18092346191406,33424100
2023-04-28,173.2899932861328,175.8300018310547,173.17999267578125,175.1999969482422,168.64404296875,31911900
2023-05-01,175.0,177.33999633789062,174.75999450683594,175.3000030517578,168.74029541015625,27420100
2023-05-02,174.39999389648438,174.4499969482422,169.9199981689453,171.6999969482422,165.2750244140625,40851100
2023-05-03,172.22000122070312,175.6999969482422,172.19000244140625,172.3300018310547,165.88145446777344,43261400
2023-05-04,171.32000732421875,171.55999755859375,168.77999877929688,170.39999389648438,164.02365112304688,42382100
2023-05-05,173.2899932861328,175.10000610351562,173.10000610351562,174.4499969482422,167.92210388183594,35456800
2023-05-08,175.25999450683594,175.5500030517578,173.1300048828125,174.0500030517578,167.5370635986328,22109900
2023-05-09,172.97999572753906,174.27000427246094,172.16000366210938,173.52999877929688,167.03652954101562,21465500
2023-05-10,175.9600067138672,176.02000427246094,172.72000122070312,174.41000366210938,167.8836212158203,27281900
2023-05-11,173.22000122070312,173.77999877929688,172.11000061035156,173.07000732421875,166.59375,25884600
2023-05-12,173.64999389648438,174.2100067138672,171.64999389648438,172.72000122070312,166.25685119628906,20406400
2023-05-15,173.30999755859375,175.7100067138672,172.82000732421875,174.8300018310547,168.28787231445312,24310000
2023-05-16,173.61000061035156,174.80999755859375,172.22999572753906,172.27999877929688,165.8333282470703,24212900
2023-05-17,173.42999267578125,176.5,172.16000366210938,176.1199951171875,169.52964782714844,38231600
2023-05-18,175.55999755859375,177.57000732421875,175.02000427246094,177.19000244140625,170.55958557128906,30446600
2023-05-19,178.50999450683594,178.88999938964844,175.25,176.11000061035156,169.51998901367188,34316300
2023-05-22,176.6199951171875,179.02000427246094,176.0399932861328,178.25999450683594,171.5895538330078,28207200
2023-05-23,177.91000366210938,180.52999877929688,177.3800048828125,177.4199981689453,170.78097534179688,32708900
2023-05-24,176.5500030517578,176.74000549316406,174.6699981689453,175.5399932861328,168.9713134765625,28744200
2023-05-25,175.25,175.52999877929688,172.6999969482422,174.1699981689453,167.65260314941406,36202600
2023-05-26,174.3000030517578,176.3800048828125,174.02000427246094,176.14999389648438,169.5585174560547,29841300
2023-05-30,176.7100067138672,177.5500030517578,174.75999450683594,175.5,168.93280029296875,25572600
2023-05-31,174.69000244140625,176.00999450683594,172.36000061035156,173.77000427246094,167.26754760742188,34598800
2023-06-01,173.86000061035156,176.24000549316406,172.92999267578125,175.64999389648438,169.07720947265625,27800900
2023-06-02,178.00999450683594,182.08999633789062,177.4499969482422,182.02000427246094,175.2088623046875,50212400
2023-06-05,181.25999450683594,181.25999450683594,178.44000244140625,179.5800018310547,172.8601531982422,34465800
2023-06-06,178.92999267578125,184.9600067138672,178.92999267578125,184.30999755859375,177.41311645507812,58584500
2023-06-07,184.9600067138672,187.77000427246094,184.9600067138672,187.24000549316406,180.73263549804688,60685600
2023-06-08,186.75,187.3800048828125,184.91000366210938,186.5399932861328,180.0569610595703,34185000
2023-06-09,186.32000732421875,186.61000061035156,184.4499969482422,185.02999877929688,178.59942626953125,30242200
2023-06-12,185.22999572753906,186.67999267578125,184.22000122070312,185.8000030517578,179.3426971435547,26580500
2023-06-13,186.44000244140625,188.97999572753906,186.27000427246094,187.92999267578125,181.39862060546875,35758200
2023-06-14,188.32000732421875,189.24000549316406,184.5500030517578,185.91000366210938,179.44886779785156,37114100
2023-06-15,185.0800018310547,187.57000732421875,184.91000366210938,187.44000244140625,180.92572021484375,36488400
2023-06-16,187.9499969482422,188.5500030517578,185.08999633789062,185.94000244140625,179.4778289794922,50684500
2023-06-20,185.16000366210938,185.57000732421875,183.75999450683594,185.1300048828125,178.69598388671875,33269300
2023-06-21,184.44000244140625,185.91000366210938,183.58999633789062,184.6999969482422,178.28089904785156,30730200
2023-06-22,184.1999969482422,184.25,182.49000549316406,183.3300018310547,176.9585418701172,27063700
2023-06-23,180.77000427246094,182.41000366210938,180.0500030517578,180.57000732421875,174.2944793701172,50610100
2023-06-26,180.44000244140625,182.74000549316406,180.3699951171875,180.75,174.4682159423828,31507900
2023-06-27,181.1999969482422,183.99000549316406,180.39999389648438,183.36000061035156,176.9874725341797,28818800
2023-06-28,182.99000549316406,184.4199981689453,182.1199951171875,184.25999450683594,177.85618591308594,23187600
2023-06-29,184.72000122070312,187.0800018310547,184.42999267578125,186.3800048828125,179.90255737304688,32084100
2023-06-30,188.25999450683594,188.42999267578125,186.91000366210938,187.27000427246094,180.7615966796875,30287300
2023-07-03,186.91000366210938,188.83999633789062,186.74000549316406,187.64999389648438,181.12840270996094,14011900
2023-07-05,187.1300048828125,187.2100067138672,185.44000244140625,185.77999877929688,179.32339477539062,24092100
2023-07-06,183.6300048828125,183.7100067138672,180.72000122070312,182.77999877929688,176.4276123046875,39080800
2023-07-07,182.97999572753906,186.49000549316406,182.92999267578125,184.7100067138672,178.29054260253906,31706700
2023-07-10,184.5800018310547,188.0500030517578,184.16000366210938,187.8699951171875,181.3407440185547,29725100
2023-07-11,188.47999572753906,190.0800018310547,187.69000244140625,189.8000030517578,183.2036590576172,26738800
2023-07-12,192.75999450683594,193.0500030517578,191.3699951171875,191.8699951171875,185.2017059326172,40127300
2023-07-13,192.50999450683594,193.69000244140625,191.8000030517578,193.4199981689453,186.69786071777344,23523000
2023-07-14,193.33999633789062,193.49000549316406,190.2899932861328,191.52999877929688,184.87353515625,32198600
2023-07-17,191.33999633789062,194.36000061035156,191.13999938964844,193.5800018310547,186.852294921875,23283700
2023-07-18,193.6999969482422,196.38999938964844,193.49000549316406,195.97000122070312,189.1592559814453,28489800
2023-07-19,196.6999969482422,197.66000366210938,195.92999267578125,196.8000030517578,189.9603729248047,23679000
2023-07-20,196.94000244140625,196.94000244140625,194.27000427246094,195.0800018310547,188.30015563964844,27278100
2023-07-21,196.38999938964844,196.6199951171875,194.08999633789062,194.4600067138672,187.7017059326172,28982400
2023-07-24,194.55999755859375,196.25999450683594,193.99000549316406,194.94000244140625,188.16502380371094,16929800
2023-07-25,194.5800018310547,196.2100067138672,194.4199981689453,194.9199981689453,188.14572143554688,18961100
2023-07-26,194.77000427246094,197.16000366210938,194.7100067138672,196.4600067138672,189.63223266601562,20377900
2023-07-27,197.6300048828125,197.89999389648438,193.17999267578125,193.9199981689453,187.18048095703125,31159300
2023-07-28,196.02000427246094,196.9499969482422,195.5,196.42999267578125,189.60324096679688,21612200
2023-07-31,196.92999267578125,198.75,196.9199981689453,198.7100067138672,191.80401611328125,24203900
2023-08-01,197.42999267578125,197.94000244140625,195.77999877929688,197.8000030517578,190.92559814453125,27444300
2023-08-02,195.58999633789062,196.08999633789062,194.08999633789062,195.11000061035156,188.32911682128906,28079700
2023-08-03,194.3000030517578,195.63999938964844,193.05999755859375,194.55999755859375,187.79824829101562,24279300
2023-08-04,194.82000732421875,196.30999755859375,193.7100067138672,194.1699981689453,187.42181396484375,24950400
2023-08-07,194.66000366210938,195.05999755859375,192.67999267578125,194.3000030517578,187.54725646972656,20185000
2023-08-08,192.13999938964844,193.2899932861328,190.52000427246094,193.0800018310547,186.3696746826172,25578200
2023-08-09,192.8699951171875,192.8800048828125,190.75,191.57000732421875,184.91217041015625,22293200
2023-08-10,192.24000549316406,194.1199951171875,189.88999938964844,190.72000122070312,184.09169006347656,29378800
2023-08-11,189.9199981689453,191.69000244140625,189.74000549316406,190.99000549316406,184.35232543945312,21789000
2023-08-14,189.94000244140625,190.6999969482422,188.63999938964844,190.66000366210938,184.0337677001953,20354900
2023-08-15,189.52000427246094,189.63999938964844,188.0399932861328,188.13999938964844,181.6013641357422,25491300
2023-08-16,187.99000549316406,189.05999755859375,185.80999755859375,185.83999633789062,179.38128662109375,27018400
2023-08-17,186.33999633789062,186.74000549316406,183.6300048828125,183.64999389648438,177.2674102783203,26715100
2023-08-18,182.2100067138672,185.25,181.94000244140625,184.64999389648438,178.23263549804688,33375200
2023-08-21,184.6999969482422,185.27999877929688,183.07000732421875,184.3800048828125,177.97206115722656,22678100
2023-08-22,185.0399932861328,185.5500030517578,183.22000122070312,183.8300018310547,177.44114685058594,21299200
2023-08-23,184.0,186.11000061035156,183.42999267578125,185.7899932861328,179.33302307128906,21231100
2023-08-24,185.25,186.33999633789062,183.1999969482422,183.22000122070312,176.8523406982422,26582300
2023-08-25,184.05999755859375,185.0,181.61000061035156,184.0,177.60523986816406,29340400
2023-08-28,184.83999633789062,186.75,184.82000732421875,185.63999938964844,179.18824768066406,23002000
2023-08-29,185.5399932861328,188.3699951171875,184.57000732421875,188.22999572753906,181.68821716308594,22986000
2023-08-30,187.72999572753906,189.61000061035156,187.3300018310547,188.94000244140625,182.37356567382812,19869900
2023-08-31,189.1999969482422,190.25999450683594,188.52999877929688,188.61000061035156,182.05503845214844,17953400
2023-09-01,190.07000732421875,191.86000061035156,189.85000610351562,190.85000610351562,184.2172088623047,25094600
2023-09-05,189.64999389648438,189.89999389648438,186.77000427246094,186.8300018310547,180.33689880371094,27160100
2023-09-06,187.05999755859375,188.08999633789062,185.08999633789062,186.1300048828125,179.6612091064453,26406200
2023-09-07,185.13999938964844,185.3800048828125,183.58999633789062,184.3300018310547,177.92376708984375,23894800
2023-09-08,184.55999755859375,184.8300018310547,183.4499969482422,183.9199981689453,177.52804565429688,19399100
2023-09-11,185.25999450683594,185.72000122070312,184.1999969482422,184.36000061035156,177.95272827148438,17424700
2023-09-12,184.0399932861328,185.33999633789062,183.74000549316406,184.17999267578125,177.7789764404297,16826300
2023-09-13,184.5,184.8800048828125,182.38999938964844,182.97000122070312,176.61106872558594,24415700
2023-09-14,184.52999877929688,186.07000732421875,184.24000549316406,185.5500030517578,179.10137939453125,27952500
2023-09-15,184.7899932861328,185.07000732421875,182.7899932861328,183.61000061035156,177.228759765625,39695500
2023-09-18,183.6999969482422,183.75999450683594,182.3699951171875,182.38999938964844,176.05120849609375,19287800
2023-09-19,182.49000549316406,183.3000030517578,181.07000732421875,181.67999267578125,175.36587524414062,24085900
2023-09-20,182.39999389648438,183.50999450683594,179.82000732421875,179.86000061035156,173.609130859375,27642900
2023-09-21,178.5,178.75999450683594,177.07000732421875,177.07000732421875,170.91610717773438,31625600
2023-09-22,177.55999755859375,178.3699951171875,176.55999755859375,176.6699981689453,170.5299835205078,23164700
2023-09-25,175.69000244140625,177.86000061035156,175.5399932861328,177.4600067138672,171.29254150390625,22416200
2023-09-26,175.5,177.02000427246094,174.2899932861328,174.36000061035156,169.09011840820312,30476000
2023-09-27,175.4499969482422,176.92999267578125,174.4600067138672,175.99000549316406,170.67088317871094,37293000
2023-09-28,176.08999633789062,178.57000732421875,175.97000122070312,177.5800018310547,172.2128448486328,31372400
2023-09-29,178.97000122070312,179.16000366210938,176.14999389648438,176.74000549316406,171.3982391357422,36689000
2023-10-02,176.3300018310547,176.72999572753906,173.14999389648438,174.07000732421875,168.8089599609375,42139300
2023-10-03,172.9499969482422,173.5,170.3699951171875,171.13999938964844,165.96746826171875,42733600
2023-10-04,171.00999450683594,171.61000061035156,169.08999633789062,171.22000122070312,166.04505920410156,42491900
2023-10-05,170.8000030517578,171.89999389648438,169.94000244140625,171.35000610351562,166.17115783691406,33365100
2023-10-06,170.3699951171875,173.88999938964844,169.50999450683594,173.0,167.77127075195312,42160900
2023-10-09,171.83999633789062,174.5500030517578,171.77000427246094,174.0,168.74102783203125,26658400
2023-10-10,174.30999755859375,177.0399932861328,174.27999877929688,175.97000122070312,170.6514892578125,31585000
2023-10-11,176.1199951171875,177.22999572753906,174.3800048828125,175.6699981689453,170.36058044433594,27427200
2023-10-12,175.8800048828125,175.8800048828125,170.7899932861328,171.6999969482422,166.51055908203125,38693800
2023-10-13,172.35000610351562,172.6999969482422,169.69000244140625,170.27000427246094,165.12376403808594,33955600
2023-10-16,171.74000549316406,173.38999938964844,171.02000427246094,173.02000427246094,167.79067993164062,31140300
2023-10-17,171.94000244140625,176.4199981689453,171.89999389648438,174.9499969482422,169.66232299804688,39823200
2023-10-18,173.63999938964844,173.66000366210938,171.0,171.35000610351562,166.17115783691406,38501400
2023-10-19,170.86000061035156,172.14999389648438,168.36000061035156,168.6199951171875,163.52366638183594,51397300
2023-10-20,168.66000366210938,169.02999877929688,166.42999267578125,166.44000244140625,161.40953063964844,54421900
2023-10-23,165.66000366210938,167.4600067138672,164.64999389648438,165.02999877929688,160.0421600341797,45590900
2023-10-24,166.4499969482422,167.6199951171875,165.41000366210938,166.47000122070312,161.4386444091797,32666300
2023-10-25,165.00999450683594,165.66000366210938,163.39999389648438,163.72000122070312,158.77174377441406,36832900
2023-10-26,164.14999389648438,165.77000427246094,163.1999969482422,164.13999938964844,159.17906188964844,50525600
2023-10-27,164.52000427246094,164.8300018310547,161.6699981689453,162.2100067138672,157.3074188232422,46017100
2023-10-30,163.7899932861328,164.80999755859375,161.94000244140625,163.11000061035156,158.18017578125,35156300
2023-10-31,163.39999389648438,164.99000549316406,162.8300018310547,164.52000427246094,159.54754638671875,31533200
2023-11-01,164.4600067138672,165.60000610351562,163.10000610351562,165.4600067138672,160.45916748046875,44367100
2023-11-02,167.75,170.0,167.3300018310547,169.8699951171875,164.7358856201172,50458100
2023-11-03,172.8000030517578,175.64999389648438,172.77999877929688,174.49000549316406,169.21620178222656,57060700
2023-11-06,174.49000549316406,174.77999877929688,171.38999938964844,172.30999755859375,167.1021270751953,35294400
2023-11-07,171.55999755859375,172.50999450683594,170.57000732421875,171.6999969482422,166.51055908203125,31168900
2023-11-08,171.6999969482422,172.1300048828125,169.3000030517578,169.8699951171875,164.7358856201172,44938600
2023-11-09,171.02999877929688,171.02999877929688,166.97999572753906,167.24000549316406,162.1853790283203,38577400
2023-11-10,168.22000122070312,169.7100067138672,166.7899932861328,169.11000061035156,163.9988250732422,36121300
2023-11-13,168.24000549316406,169.77000427246094,167.52000427246094,169.1699981689453,164.05703735351562,27610300
2023-11-14,174.22999572753906,178.47000122070312,174.22000122070312,178.4600067138672,173.06626892089844,77611000
2023-11-15,178.35000610351562,181.75999450683594,178.11000061035156,178.77000427246094,173.3668975830078,59641400
2023-11-16,178.13999938964844,178.6300048828125,175.16000366210938,175.8800048828125,170.564208984375,46616700
2023-11-17,177.4499969482422,178.63999938964844,177.11000061035156,178.2899932861328,172.90138244628906,43418700
2023-11-20,178.52000427246094,179.64999389648438,177.74000549316406,179.3300018310547,173.9099578857422,26665100
2023-11-21,178.24000549316406,178.50999450683594,176.91000366210938,177.02000427246094,171.66976928710938,30457000
2023-11-22,178.17999267578125,179.38999938964844,177.4199981689453,178.1300048828125,172.74623107910156,28940900
2023-11-24,178.0500030517578,179.72999572753906,177.8000030517578,179.3300018310547,173.9099578857422,13846900
2023-11-27,178.5,179.11000061035156,177.22999572753906,178.72999572753906,173.32809448242188,30665800
2023-11-28,178.5500030517578,179.22000122070312,177.1999969482422,178.0399932861328,172.658935546875,28350200
2023-11-29,179.5500030517578,181.75,178.6999969482422,178.97999572753906,173.57049560546875,31590200
2023-11-30,180.0500030517578,180.63999938964844,178.75999450683594,179.66000366210938,174.22998046875,32216800
2023-12-01,179.1999969482422,185.17999267578125,178.2100067138672,184.91000366210938,179.32130432128906,64221300
2023-12-04,184.22999572753906,186.99000549316406,184.02000427246094,186.88999938964844,181.241455078125,44862600
2023-12-05,186.0500030517578,186.0500030517578,183.97999572753906,184.38999938964844,178.8170166015625,36873500
2023-12-06,185.6999969482422,187.9199981689453,183.7899932861328,184.05999755859375,178.49700927734375,43637900
2023-12-07,184.3300018310547,185.55999755859375,183.38999938964844,185.38999938964844,179.78677368164062,32662300
2023-12-08,185.14999389648438,187.75,184.86000061035156,186.8000030517578,181.1541748046875,36087100
2023-12-11,186.67999267578125,187.6199951171875,185.88999938964844,187.19000244140625,181.53240966796875,29302100
2023-12-12,186.97000122070312,187.66000366210938,185.33999633789062,187.0,181.34814453125,32024000
2023-12-13,187.10000610351562,193.63999938964844,185.6699981689453,193.3300018310547,187.48683166503906,69484800
2023-12-14,196.8699951171875,200.0399932861328,196.47999572753906,198.7100067138672,192.7042236328125,83649300
2023-12-15,198.9499969482422,199.5500030517578,195.9499969482422,197.0399932861328,191.08465576171875,74160700
2023-12-18,197.9600067138672,198.77000427246094,196.67999267578125,197.11000061035156,191.15255737304688,44451100
2023-12-19,198.47999572753906,201.3000030517578,198.02000427246094,200.92999267578125,194.85711669921875,52156200
2023-12-20,199.86000061035156,202.1699981689453,196.16000366210938,196.27999877929688,191.0455322265625,62360300
2023-12-21,198.5,199.82000732421875,197.52000427246094,199.6199951171875,194.29647827148438,38613400
2023-12-22,200.8800048828125,202.80999755859375,200.19000244140625,201.47999572753906,196.1068572998047,39173800
2023-12-26,202.2100067138672,204.55999755859375,201.69000244140625,204.10000610351562,198.656982421875,26879000
2023-12-27,204.44000244140625,205.49000549316406,203.39999389648438,204.82000732421875,199.35780334472656,35806400
2023-12-28,203.7899932861328,205.1699981689453,203.27999877929688,204.0399932861328,198.59860229492188,28930100
2023-12-29,203.47999572753906,204.02999877929688,200.7100067138672,200.7100067138672,195.35743713378906,41496800
2024-01-02,199.39999389648438,201.6199951171875,198.44000244140625,199.52000427246094,194.1991424560547,44341500
2024-01-03,197.39999389648438,197.6699981689453,193.77999877929688,194.1999969482422,189.02102661132812,57532500
2024-01-04,194.05999755859375,195.49000549316406,193.69000244140625,193.82000732421875,188.6511688232422,43114200
2024-01-05,192.69000244140625,195.4600067138672,192.2899932861328,193.25,188.09634399414062,40964900
2024-01-08,193.2899932861328,196.97000122070312,192.25999450683594,196.72999572753906,191.48355102539062,31545400
2024-01-09,194.35000610351562,195.77000427246094,193.32000732421875,194.97000122070312,189.77049255371094,28998700
2024-01-10,194.74000549316406,195.3800048828125,193.0800018310547,195.0800018310547,189.87754821777344,35075200
2024-01-11,194.5,194.74000549316406,191.3000030517578,193.5500030517578,188.38836669921875,48939200
2024-01-12,195.88999938964844,197.10000610351562,192.63999938964844,193.22999572753906,188.07688903808594,42992100
2024-01-16,191.72000122070312,193.25999450683594,190.11000061035156,190.83999633789062,185.7506103515625,42213000
2024-01-17,188.1300048828125,189.92999267578125,187.52999877929688,189.47999572753906,184.42691040039062,37787700
2024-01-18,190.7100067138672,191.1699981689453,188.2100067138672,190.60000610351562,185.5170440673828,41760000
2024-01-19,191.2899932861328,192.85000610351562,189.22999572753906,192.42999267578125,187.2982177734375,63338300
2024-01-22,194.14999389648438,196.82000732421875,194.08999633789062,196.5399932861328,191.29861450195312,42379500
2024-01-23,198.22000122070312,198.58999633789062,194.97999572753906,195.97000122070312,190.74380493164062,42471200
2024-01-24,198.3800048828125,198.4600067138672,194.1199951171875,194.36000061035156,189.1767578125,41120100
2024-01-25,197.10000610351562,197.66000366210938,194.41000366210938,195.97000122070312,190.74380493164062,37659500
2024-01-26,196.88999938964844,197.88999938964844,195.3800048828125,195.97999572753906,190.7535400390625,33478600
2024-01-29,196.16000366210938,199.41000366210938,195.08999633789062,199.41000366210938,194.0921173095703,29234400
2024-01-30,198.38999938964844,198.92999267578125,197.10000610351562,197.7100067138672,192.43740844726562,33121200
2024-01-31,197.2100067138672,198.94000244140625,192.7100067138672,192.8800048828125,187.73622131347656,68126700
2024-02-01,194.30999755859375,195.74000549316406,191.52999877929688,195.44000244140625,190.22793579101562,59479000
2024-02-02,193.24000549316406,195.5,192.38999938964844,194.41000366210938,189.22540283203125,52839300
2024-02-05,192.47000122070312,193.11000061035156,190.05999755859375,191.94000244140625,186.8212890625,39751900
2024-02-06,191.6999969482422,193.8000030517578,191.02000427246094,193.6699981689453,188.50514221191406,34689100
2024-02-07,194.07000732421875,194.14999389648438,192.0399932861328,193.22000122070312,188.06716918945312,31713900
2024-02-08,193.36000061035156,196.3699951171875,192.7100067138672,196.14999389648438,190.9190216064453,35370800
2024-02-09,196.9199981689453,199.5500030517578,196.4499969482422,199.33999633789062,194.02394104003906,46107100
2024-02-12,199.8699951171875,203.5500030517578,199.83999633789062,202.9600067138672,197.54739379882812,43291000
2024-02-13,196.22000122070312,197.6300048828125,193.05999755859375,194.61000061035156,189.42010498046875,86247400
2024-02-14,197.67999267578125,199.7899932861328,196.22999572753906,199.1300048828125,193.81956481933594,43808000
2024-02-15,200.99000549316406,204.77000427246094,200.72000122070312,204.44000244140625,198.98793029785156,44931900
2024-02-16,202.1199951171875,203.6999969482422,201.08999633789062,201.66000366210938,196.28207397460938,48346200
2024-02-20,199.14999389648438,199.72000122070312,198.00999450683594,198.8800048828125,193.5762176513672,30547500
2024-02-21,197.66000366210938,198.35000610351562,196.38999938964844,197.94000244140625,192.66128540039062,28669100
2024-02-22,198.64999389648438,200.08999633789062,197.80999755859375,199.44000244140625,194.12127685546875,38184700
2024-02-23,199.60000610351562,201.13999938964844,198.57000732421875,199.88999938964844,194.5592803955078,37667700
2024-02-26,199.69000244140625,201.63999938964844,199.14999389648438,201.14999389648438,195.78567504882812,29118200
2024-02-27,203.0800018310547,204.22000122070312,202.5399932861328,204.0,198.5596466064453,32268600
2024-02-28,202.44000244140625,203.86000061035156,201.8699951171875,202.32000732421875,196.9244842529297,30143900
2024-02-29,205.17999267578125,206.0399932861328,202.52000427246094,203.72999572753906,198.29685974121094,40404100
2024-03-01,204.52999877929688,206.3300018310547,203.13999938964844,205.88999938964844,200.39926147460938,35156900
2024-03-04,207.02999877929688,207.77000427246094,205.4499969482422,205.6999969482422,200.21434020996094,24785400
2024-03-05,204.3000030517578,205.91000366210938,203.00999450683594,203.72999572753906,198.29685974121094,34163500
2024-03-06,206.02999877929688,206.0800018310547,204.0800018310547,205.25,199.7763214111328,34255200
2024-03-07,206.6999969482422,208.10000610351562,206.39999389648438,206.9600067138672,201.44073486328125,28020200
2024-03-08,208.74000549316406,210.41000366210938,205.8000030517578,206.8300018310547,201.31422424316406,41447800
2024-03-11,205.9600067138672,206.83999633789062,204.75,205.19000244140625,199.71792602539062,24435800
2024-03-12,205.14999389648438,205.9199981689453,203.38999938964844,204.91000366210938,199.44540405273438,34958900
2024-03-13,204.8699951171875,206.5800018310547,204.77000427246094,205.7100067138672,200.22410583496094,25140700
2024-03-14,205.0500030517578,205.27999877929688,200.1699981689453,202.02999877929688,196.6422119140625,47509100
2024-03-15,201.25,203.0800018310547,201.1300048828125,202.41000366210938,197.01206970214844,53217000
2024-03-18,202.91000366210938,203.17999267578125,200.91000366210938,201.25,195.88304138183594,32405100
2024-03-19,199.77999877929688,202.75,199.66000366210938,202.10000610351562,196.71035766601562,29864100
2024-03-20,201.52000427246094,206.99000549316406,201.11000061035156,206.10000610351562,200.60365295410156,49609600
2024-03-21,207.0,208.9499969482422,206.83999633789062,207.94000244140625,202.90850830078125,43067300
2024-03-22,207.85000610351562,208.24000549316406,205.07000732421875,205.07000732421875,200.10797119140625,28437300
2024-03-25,205.72000122070312,207.00999450683594,205.50999450683594,205.5399932861328,200.5666046142578,20107800
2024-03-26,207.0500030517578,207.63999938964844,204.99000549316406,205.1699981689453,200.20553588867188,23434800
2024-03-27,206.8000030517578,209.7100067138672,206.16000366210938,209.63999938964844,204.56735229492188,35028400
2024-03-28,210.0800018310547,211.8800048828125,209.83999633789062,210.3000030517578,205.21141052246094,37675100
2024-04-01,210.77000427246094,210.8000030517578,207.9600067138672,208.32000732421875,203.2793426513672,25684200
2024-04-02,205.75,205.8800048828125,203.39999389648438,204.49000549316406,199.54202270507812,36632100
2024-04-03,203.3800048828125,206.39999389648438,203.27999877929688,205.8300018310547,200.8495635986328,27362800
2024-04-04,208.0500030517578,208.5500030517578,203.2100067138672,203.77000427246094,198.8394317626953,32265200
2024-04-05,203.13999938964844,205.6999969482422,202.8800048828125,204.4499969482422,199.5029754638672,27569400
2024-04-08,205.97999572753906,206.4199981689453,204.5800018310547,205.57000732421875,200.5958709716797,21331000
2024-04-09,206.22000122070312,206.97000122070312,204.47000122070312,206.3800048828125,201.38626098632812,23289100
2024-04-10,201.17999267578125,202.92999267578125,199.5399932861328,200.92999267578125,196.06813049316406,57130500
2024-04-11,201.97000122070312,202.91000366210938,200.10000610351562,202.2899932861328,197.3952178955078,37184000
2024-04-12,201.22999572753906,201.91000366210938,197.67999267578125,198.69000244140625,193.88235473632812,35388700
2024-04-15,199.3699951171875,200.22999572753906,194.97999572753906,195.77999877929688,191.04275512695312,41119300
2024-04-16,194.41000366210938,196.24000549316406,193.36000061035156,195.05999755859375,190.34017944335938,43267500
2024-04-17,196.47000122070312,196.6199951171875,192.99000549316406,193.0,188.33001708984375,38589500
2024-04-18,193.6999969482422,195.66000366210938,192.14999389648438,192.83999633789062,188.17388916015625,40238200
2024-04-19,191.94000244140625,194.38999938964844,191.33999633789062,193.13999938964844,188.4666290283203,42666500
2024-04-22,194.2100067138672,196.3000030517578,192.89999389648438,195.3000030517578,190.57437133789062,31553000
2024-04-23,195.25999450683594,199.32000732421875,195.1300048828125,198.57000732421875,193.76522827148438,31838300
2024-04-24,198.1699981689453,198.91000366210938,196.4600067138672,197.67999267578125,192.89675903320312,28791700
2024-04-25,195.44000244140625,196.8300018310547,193.77000427246094,196.47999572753906,191.72581481933594,31915600
2024-04-26,197.0,198.88999938964844,196.4199981689453,198.36000061035156,193.56031799316406,24613600
2024-04-29,199.25,200.41000366210938,198.8800048828125,199.9600067138672,195.1216278076172,20494600
2024-04-30,198.11000061035156,198.64999389648438,195.75,195.89999389648438,191.1598358154297,30606800
2024-05-01,195.8800048828125,200.32000732421875,195.02999877929688,196.30999755859375,191.5599365234375,38782100
2024-05-02,198.77999877929688,200.1199951171875,196.5399932861328,199.9199981689453,195.08258056640625,27201000
2024-05-03,203.41000366210938,204.16000366210938,201.1199951171875,201.89999389648438,197.01463317871094,30880600
2024-05-06,203.47000122070312,204.77999877929688,203.3800048828125,204.50999450683594,199.5615234375,23129800
2024-05-07,204.77000427246094,206.14999389648438,204.5,204.97000122070312,200.01036071777344,20116900
2024-05-08,202.72000122070312,203.9600067138672,202.55999755859375,203.77999877929688,198.8491668701172,18349400
2024-05-09,203.97000122070312,205.99000549316406,203.41000366210938,205.86000061035156,200.87884521484375,22914300
2024-05-10,206.35000610351562,206.6199951171875,203.67999267578125,204.30999755859375,199.36636352539062,21520200
2024-05-13,206.0800018310547,206.5500030517578,204.60000610351562,204.74000549316406,199.7859649658203,18585300
2024-05-14,207.1300048828125,207.74000549316406,205.91000366210938,206.86000061035156,201.85464477539062,33169000
2024-05-15,209.2100067138672,209.77000427246094,207.72000122070312,209.44000244140625,204.3722381591797,33412300
2024-05-16,208.89999389648438,209.35000610351562,207.92999267578125,207.92999267578125,202.89874267578125,26731100
2024-05-17,208.00999450683594,208.52000427246094,207.35000610351562,208.0800018310547,203.04513549804688,35219800
2024-05-20,208.02000427246094,209.47999572753906,207.77999877929688,208.5399932861328,203.49400329589844,15695900
2024-05-21,207.8300018310547,208.69000244140625,207.58999633789062,208.33999633789062,203.29881286621094,13466800
2024-05-22,207.52999877929688,208.22000122070312,205.8000030517578,206.5800018310547,201.58143615722656,20853100
2024-05-23,207.50999450683594,207.6199951171875,202.35000610351562,203.19000244140625,198.2734375,34039800
2024-05-24,204.7899932861328,205.67999267578125,203.9600067138672,205.44000244140625,200.46900939941406,19946100
2024-05-28,206.97000122070312,207.08999633789062,203.97000122070312,205.16000366210938,200.19580078125,18475900
2024-05-29,202.52999877929688,203.00999450683594,201.77999877929688,202.1300048828125,197.23912048339844,25654800
2024-05-30,203.52000427246094,204.94000244140625,203.0800018310547,204.0500030517578,199.1126251220703,20428200
2024-05-31,204.9499969482422,206.27999877929688,203.0800018310547,205.77000427246094,200.79103088378906,25784900
2024-06-03,207.52999877929688,207.55999755859375,203.14999389648438,204.61000061035156,199.6591033935547,23902900
2024-06-04,203.14999389648438,204.5,201.64999389648438,201.97000122070312,197.08299255371094,27098900
2024-06-05,203.3000030517578,205.05999755859375,201.7899932861328,205.05999755859375,200.09820556640625,20707600
2024-06-06,204.17999267578125,204.80999755859375,202.99000549316406,203.58999633789062,198.66375732421875,17335500
2024-06-07,201.52999877929688,203.1699981689453,200.67999267578125,201.1999969482422,196.3315887451172,26036000
2024-06-10,199.52000427246094,202.1300048828125,199.00999450683594,201.88999938964844,197.0048828125,25075300
2024-06-11,199.63999938964844,201.02000427246094,198.4199981689453,200.63999938964844,196.3316650390625,23768400
2024-06-12,205.8699951171875,207.27000427246094,203.10000610351562,203.72000122070312,199.34555053710938,43668700
2024-06-13,203.27000427246094,203.5399932861328,200.50999450683594,201.94000244140625,197.60379028320312,28021100
2024-06-14,199.55999755859375,200.0399932861328,197.94000244140625,198.72999572753906,194.4626922607422,33453700
2024-06-17,198.1199951171875,200.9499969482422,197.41000366210938,200.39999389648438,196.0968475341797,25538100
2024-06-18,200.4600067138672,201.69000244140625,200.02999877929688,200.75,196.43931579589844,25446900
2024-06-20,200.32000732421875,201.86000061035156,199.22000122070312,199.89999389648438,195.60755920410156,27999700
2024-06-21,199.92999267578125,200.41000366210938,198.4600067138672,200.35000610351562,196.0478973388672,37511300
2024-06-24,200.69000244140625,202.69000244140625,200.52999877929688,201.22000122070312,196.8992462158203,22289600
2024-06-25,201.1300048828125,201.16000366210938,199.82000732421875,200.55999755859375,196.25341796875,15925400
2024-06-26,199.3300018310547,200.5800018310547,198.80999755859375,200.02999877929688,195.7347869873047,19313500
2024-06-27,200.6300048828125,202.14999389648438,199.9600067138672,202.05999755859375,197.72120666503906,17432600
2024-06-28,203.8800048828125,204.63999938964844,201.32000732421875,202.88999938964844,198.53338623046875,35026000
2024-07-01,203.52000427246094,203.82000732421875,200.47999572753906,201.19000244140625,196.869873046875,21886200
2024-07-02,201.52000427246094,202.27000427246094,200.89999389648438,201.8800048828125,197.54505920410156,17219100
2024-07-03,202.25,203.27999877929688,201.6300048828125,201.8300018310547,197.4961395263672,15167200
2024-07-05,201.2100067138672,201.6300048828125,199.8800048828125,200.8699951171875,196.55674743652344,17282500
2024-07-08,202.50999450683594,203.6999969482422,201.83999633789062,202.27999877929688,197.93646240234375,20823800
2024-07-09,201.9199981689453,202.52000427246094,200.52999877929688,201.39999389648438,197.07534790039062,17864200
2024-07-10,202.2899932861328,203.58999633789062,201.49000549316406,203.3699951171875,199.0030517578125,19286100
2024-07-11,207.89999389648438,211.22999572753906,206.94000244140625,210.67999267578125,206.15609741210938,65443600
2024-07-12,212.9199981689453,214.94000244140625,212.66000366210938,213.13999938964844,208.5632781982422,50810700
2024-07-15,214.7899932861328,218.24000549316406,214.3000030517578,217.19000244140625,212.52630615234375,48925300
2024-07-16,219.13999938964844,224.86000061035156,219.02000427246094,224.60000610351562,219.77720642089844,67945700
2024-07-17,222.36000061035156,226.63999938964844,221.66000366210938,222.25,217.47763061523438,66092100
2024-07-18,221.41000366210938,224.77999877929688,216.97999572753906,217.9499969482422,213.27000427246094,53180000
2024-07-19,217.6300048828125,218.64999389648438,215.85000610351562,216.83999633789062,212.183837890625,37933500
2024-07-22,217.67999267578125,220.64999389648438,215.3800048828125,220.2899932861328,215.55970764160156,36185900
2024-07-23,219.2100067138672,223.75,219.0399932861328,222.6300048828125,217.8494873046875,44884600
2024-07-24,221.07000732421875,223.86000061035156,217.72000122070312,217.85000610351562,213.17214965820312,42443000
2024-07-25,218.4499969482422,224.02000427246094,218.1999969482422,220.57000732421875,215.833740234375,45053100
2024-07-26,223.89999389648438,225.38999938964844,221.6999969482422,224.22000122070312,219.40536499023438,40822600
2024-07-29,224.7100067138672,225.4199981689453,220.77000427246094,221.72999572753906,216.96881103515625,33869700
2024-07-30,222.72000122070312,224.4600067138672,221.11000061035156,222.57000732421875,217.79078674316406,26876800
2024-07-31,223.7100067138672,228.6300048828125,221.97999572753906,223.86000061035156,219.0531005859375,52387700
2024-08-01,223.77000427246094,224.88999938964844,215.05999755859375,216.5800018310547,211.9293975830078,71508100
2024-08-02,208.85000610351562,211.19000244140625,206.99000549316406,208.9199981689453,204.4338836669922,66850200
2024-08-05,197.89999389648438,204.74000549316406,196.6999969482422,202.1999969482422,197.8582000732422,65683100
2024-08-06,203.00999450683594,207.25,201.1999969482422,204.39999389648438,200.01092529296875,37072500
2024-08-07,207.85000610351562,207.9600067138672,201.55999755859375,201.97999572753906,197.64291381835938,30594500
2024-08-08,204.4199981689453,207.0,203.1699981689453,206.88999938964844,202.44747924804688,26550300
2024-08-09,207.0500030517578,207.1199951171875,204.94000244140625,206.4600067138672,202.0267333984375,20954500
2024-08-12,206.61000061035156,206.97999572753906,203.82000732421875,204.60000610351562,200.20668029785156,20357900
2024-08-13,206.08999633789062,208.3800048828125,204.86000061035156,207.97000122070312,203.50430297851562,25458300
2024-08-14,208.6300048828125,208.75,205.74000549316406,206.67999267578125,202.2419891357422,25345600
2024-08-15,211.25999450683594,213.10000610351562,209.91000366210938,212.0399932861328,207.48690795898438,42561600
2024-08-16,211.3699951171875,213.97999572753906,211.27999877929688,212.60000610351562,208.03489685058594,30427400
2024-08-19,212.9600067138672,215.2100067138672,212.82000732421875,215.1999969482422,210.57904052734375,17246200
2024-08-20,214.88999938964844,214.9499969482422,212.0500030517578,212.69000244140625,208.1229248046875,21703900
2024-08-21,214.27999877929688,215.66000366210938,212.82000732421875,215.4600067138672,210.83348083496094,19623100
2024-08-22,215.57000732421875,216.3699951171875,213.1300048828125,213.55999755859375,208.97425842285156,18084300
2024-08-23,215.17999267578125,221.0800018310547,214.7899932861328,220.3800048828125,215.64779663085938,40003100
2024-08-26,221.92999267578125,222.4499969482422,220.0800018310547,220.4499969482422,215.71629333496094,24865500
2024-08-27,218.91000366210938,219.3699951171875,217.7100067138672,218.74000549316406,214.0430145263672,19577900
2024-08-28,217.8699951171875,219.1199951171875,216.27000427246094,217.25999450683594,212.5948028564453,19685000
2024-08-29,218.77999877929688,220.97999572753906,217.14999389648438,218.80999755859375,214.11151123046875,24599500
2024-08-30,219.7100067138672,220.5,217.39999389648438,220.0800018310547,215.35427856445312,23010500
2024-09-03,218.1300048828125,219.3699951171875,212.91000366210938,213.35000610351562,208.76878356933594,31338500
2024-09-04,212.75999450683594,215.3699951171875,211.6999969482422,212.99000549316406,208.41650390625,23706300
2024-09-05,213.5399932861328,214.02999877929688,210.9199981689453,211.92999267578125,207.37925720214844,23910500
2024-09-06,211.92999267578125,213.19000244140625,207.13999938964844,207.89999389648438,203.43580627441406,34561300
2024-09-09,208.14999389648438,210.25999450683594,207.52000427246094,208.47999572753906,204.00332641601562,23584100
2024-09-10,208.72000122070312,208.86000061035156,205.7899932861328,208.30999755859375,203.8369903564453,23025700
2024-09-11,207.47000122070312,209.25,204.2100067138672,208.9199981689453,204.4338836669922,27175600
2024-09-12,209.91000366210938,212.77999877929688,208.41000366210938,211.61000061035156,207.06614685058594,27611700
2024-09-13,214.02999877929688,217.25,213.94000244140625,216.8300018310547,212.17404174804688,37388100
2024-09-16,217.6300048828125,218.2899932861328,216.13999938964844,217.61000061035156,212.93728637695312,23289000
2024-09-17,219.5800018310547,221.8000030517578,218.47000122070312,219.41000366210938,214.69863891601562,35563500
2024-09-18,219.22999572753906,224.94000244140625,218.25,219.4499969482422,214.73777770996094,54085200
2024-09-19,224.66000366210938,224.67999267578125,221.5,223.97000122070312,219.1607208251953,35369500
2024-09-20,223.4499969482422,223.4600067138672,221.2899932861328,221.57000732421875,216.81227111816406,34587500
2024-09-23,222.69000244140625,223.11000061035156,220.02000427246094,220.75999450683594,216.0196533203125,20157700
2024-09-24,221.6300048828125,221.92999267578125,219.5,221.1300048828125,216.3817138671875,20939800
2024-09-25,220.32000732421875,220.61000061035156,217.5399932861328,217.69000244140625,213.74246215820312,23242300
2024-09-26,220.49000549316406,221.1300048828125,218.3800048828125,218.85000610351562,214.8814239501953,24974700
2024-09-27,220.86000061035156,222.60000610351562,219.52999877929688,220.3300018310547,216.33460998535156,23959600
2024-09-30,219.4199981689453,221.58999633789062,218.5800018310547,220.88999938964844,216.88442993164062,21938200
2024-10-01,220.1699981689453,220.33999633789062,216.3000030517578,217.88999938964844,213.9388427734375,30016000
2024-10-02,216.99000549316406,218.75,216.2100067138672,217.58999633789062,213.64427185058594,14455400
2024-10-03,216.22999572753906,217.22999572753906,215.0800018310547,216.1300048828125,212.21075439453125,21353000
2024-10-04,219.2899932861328,219.97999572753906,217.2899932861328,219.14999389648438,215.1759490966797,27901500
2024-10-07,218.63999938964844,218.66000366210938,215.8699951171875,217.42999267578125,213.48716735839844,14891800
2024-10-08,217.6300048828125,218.3699951171875,216.6999969482422,217.5800018310547,213.63446044921875,18118600
2024-10-09,217.52999877929688,219.61000061035156,216.9199981689453,218.05999755859375,214.1057586669922,18230700
2024-10-10,215.89999389648438,216.8800048828125,214.60000610351562,216.85000610351562,212.91769409179688,24571400
2024-10-11,216.77000427246094,221.61000061035156,216.7100067138672,221.25999450683594,217.24771118164062,19950900
2024-10-14,221.4499969482422,223.11000061035156,220.42999267578125,222.88999938964844,218.84815979003906,19263300
2024-10-15,222.57000732421875,225.5,221.97999572753906,223.07000732421875,219.02490234375,25998800
2024-10-16,224.88999938964844,227.1699981689453,224.38999938964844,226.74000549316406,222.6283416748047,27656700
2024-10-17,226.91000366210938,226.9600067138672,224.91000366210938,226.1199951171875,222.01959228515625,18003600
2024-10-18,226.66000366210938,227.02999877929688,225.38999938964844,225.64999389648438,221.55810546875,20047400
2024-10-21,225.6300048828125,225.69000244140625,221.52999877929688,222.10000610351562,218.07249450683594,24243800
2024-10-22,221.47000122070312,221.8300018310547,220.3000030517578,221.25999450683594,217.24771118164062,15813900
2024-10-23,220.02999877929688,220.8000030517578,217.3699951171875,219.24000549316406,215.2643280029297,23263500
2024-10-24,220.42999267578125,221.0399932861328,218.52999877929688,219.72000122070312,215.73565673828125,18381900
2024-10-25,221.30999755859375,221.97000122070312,218.52000427246094,218.88999938964844,214.9207000732422,23807800
2024-10-28,220.7899932861328,222.97000122070312,220.47999572753906,222.4600067138672,218.42596435546875,19877700
2024-10-29,220.74000549316406,221.89999389648438,219.97000122070312,221.74000549316406,217.7190399169922,20282200
2024-10-30,221.07000732421875,224.47999572753906,220.89999389648438,221.44000244140625,217.42445373535156,19754800
2024-10-31,221.22000122070312,221.77000427246094,217.6300048828125,217.75999450683594,213.81118774414062,24078400
2024-11-01,219.5,220.97000122070312,218.33999633789062,218.97999572753906,215.00906372070312,21222200
2024-11-04,218.5,221.74000549316406,217.83999633789062,220.08999633789062,216.09893798828125,20463700
2024-11-05,219.33999633789062,224.2899932861328,219.05999755859375,224.22999572753906,220.1638641357422,26404600
2024-11-06,236.58999633789062,237.5800018310547,232.75,237.22000122070312,232.91831970214844,75554600
2024-11-07,236.88999938964844,238.49000549316406,235.39999389648438,236.3800048828125,232.09353637695312,34970300
2024-11-08,235.92999267578125,238.47000122070312,235.64999389648438,238.1199951171875,233.80197143554688,26597800
2024-11-11,240.52000427246094,242.38999938964844,239.85000610351562,241.6999969482422,237.3170623779297,29207700
2024-11-12,239.9600067138672,241.7899932861328,236.55999755859375,237.4600067138672,233.15396118164062,35314300
2024-11-13,238.9499969482422,239.8800048828125,234.8300018310547,235.11000061035156,230.8465576171875,25947700
2024-11-14,235.9499969482422,236.42999267578125,231.2100067138672,231.94000244140625,227.7340545654297,29272100
2024-11-15,232.22000122070312,232.2899932861328,227.80999755859375,228.47999572753906,224.33677673339844,37930000
2024-11-18,229.22000122070312,230.60000610351562,228.1300048828125,228.92999267578125,224.77862548828125,29368500
2024-11-19,226.58999633789062,230.82000732421875,226.39999389648438,230.6300048828125,226.44781494140625,26009400
2024-11-20,230.22999572753906,230.92999267578125,228.0399932861328,230.92999267578125,226.74237060546875,24222700
2024-11-21,232.16000366210938,235.57000732421875,231.11000061035156,234.44000244140625,230.18873596191406,28679400
2024-11-22,235.63999938964844,239.24000549316406,235.3300018310547,238.77000427246094,234.44020080566406,22693100
2024-11-25,241.49000549316406,244.97999572753906,241.38999938964844,242.39999389648438,238.00437927246094,33534000
2024-11-26,241.17999267578125,241.61000061035156,239.42999267578125,240.6199951171875,236.2566375732422,22581400
2024-11-27,242.00999450683594,243.69000244140625,240.44000244140625,240.9499969482422,236.58065795898438,19472800
2024-11-29,242.3699951171875,243.47999572753906,241.5399932861328,241.8699951171875,237.4839630126953,16782700
2024-12-02,242.24000549316406,242.66000366210938,240.00999450683594,241.75,237.3661651611328,25274800
2024-12-03,241.5399932861328,242.13999938964844,239.3699951171875,240.02999877929688,235.67735290527344,21376700
2024-12-04,240.27999877929688,241.6699981689453,239.2100067138672,240.88999938964844,236.52174377441406,19903000
2024-12-05,240.52000427246094,240.86000061035156,237.74000549316406,238.0800018310547,233.76272583007812,20227000
2024-12-06,239.7899932861328,239.88999938964844,238.3800048828125,238.92999267578125,234.59730529785156,20760900
2024-12-09,240.5500030517578,241.3800048828125,237.64999389648438,237.72999572753906,233.4190673828125,16684300
2024-12-10,237.5800018310547,238.82000732421875,235.9199981689453,236.6999969482422,232.40771484375,19946500
2024-12-11,238.7100067138672,239.2899932861328,236.8300018310547,237.77000427246094,233.4583282470703,23156900
2024-12-12,237.16000366210938,237.64999389648438,234.35000610351562,234.67999267578125,230.4243621826172,21454500
2024-12-13,234.3699951171875,234.86000061035156,231.8800048828125,233.07000732421875,228.8435516357422,23972900
2024-12-16,232.91000366210938,235.6300048828125,232.35000610351562,234.44000244140625,230.18873596191406,32293500
2024-12-17,232.6699981689453,233.44000244140625,230.5500030517578,231.07000732421875,227.55345153808594,33064300
2024-12-18,232.24000549316406,233.0800018310547,218.9199981689453,220.83999633789062,217.4791259765625,52267500
2024-12-19,223.25,224.42999267578125,219.3300018310547,219.86000061035156,216.51405334472656,51871700
2024-12-20,218.60000610351562,224.66000366210938,218.07000732421875,221.9199981689453,218.54269409179688,53882200
2024-12-23,221.74000549316406,222.39999389648438,219.3800048828125,221.41000366210938,218.04046630859375,29606800
2024-12-24,222.02000427246094,223.6300048828125,220.47999572753906,223.38999938964844,219.9903106689453,13399600
2024-12-26,222.4199981689453,226.13999938964844,221.47000122070312,225.67999267578125,222.24546813964844,20024800
2024-12-27,224.2899932861328,225.44000244140625,220.1999969482422,222.38999938964844,219.0055389404297,26956000
2024-12-30,220.6699981689453,221.80999755859375,217.85000610351562,220.67999267578125,217.32154846191406,25706100
2024-12-31,222.1199951171875,223.27999877929688,220.14999389648438,220.9600067138672,217.59732055664062,26208300
2025-01-02,222.92999267578125,224.3699951171875,219.60000610351562,221.13999938964844,217.77455139160156,29363000
2025-01-03,222.07000732421875,224.82000732421875,221.3800048828125,224.42999267578125,221.01449584960938,24525300
2025-01-06,225.75999450683594,227.1699981689453,224.13999938964844,224.52000427246094,221.10313415527344,23541900
2025-01-07,225.5800018310547,226.52000427246094,221.3800048828125,222.72000122070312,219.33050537109375,28835200
2025-01-08,220.89999389648438,222.30999755859375,219.00999450683594,221.7100067138672,218.3358917236328,26795900
2025-01-10,218.30999755859375,218.7100067138672,215.30999755859375,216.8300018310547,213.53013610839844,37379400
2025-01-13,214.5,217.52000427246094,213.97000122070312,217.25,213.9437713623047,28603800
2025-01-14,219.17999267578125,220.22999572753906,217.22000122070312,219.72000122070312,216.37619018554688,25447500
2025-01-15,225.44000244140625,225.5800018310547,223.0,224.0399932861328,220.6304168701172,30124700
2025-01-16,224.14999389648438,225.22999572753906,222.7100067138672,224.49000549316406,221.07357788085938,21029800
2025-01-17,226.92999267578125,226.97000122070312,224.6699981689453,225.4600067138672,222.02880859375,26754900
2025-01-21,227.52000427246094,229.88999938964844,226.99000549316406,229.7899932861328,226.29290771484375,26086300
2025-01-22,229.35000610351562,229.85000610351562,227.8300018310547,228.2899932861328,224.8157196044922,21307300
2025-01-23,226.92999267578125,229.35000610351562,226.5500030517578,229.3300018310547,225.8399200439453,20850700
2025-01-24,228.82000732421875,230.22999572753906,228.0399932861328,228.69000244140625,225.2096710205078,19074500
2025-01-27,226.7100067138672,229.6199951171875,225.2100067138672,226.5,223.05299377441406,27461700
2025-01-28,226.74000549316406,227.55999755859375,225.17999267578125,226.75,223.2991943359375,16847400
2025-01-29,226.67999267578125,228.22000122070312,224.5800018310547,226.22999572753906,222.78709411621094,20280500
2025-01-30,228.52000427246094,230.0500030517578,226.9199981689453,228.52999877929688,225.05209350585938,25575100
2025-01-31,228.75,230.32000732421875,225.5399932861328,226.47999572753906,223.03329467773438,35330700
2025-02-03,221.50999450683594,225.5500030517578,220.6699981689453,223.8300018310547,220.42364501953125,34023300
2025-02-04,223.60000610351562,227.1300048828125,223.2100067138672,226.92999267578125,223.4764404296875,17985500
2025-02-05,228.05999755859375,229.5,226.88999938964844,229.39999389648438,225.9088592529297,15197300
2025-02-06,230.50999450683594,230.6999969482422,227.3000030517578,228.64999389648438,225.17025756835938,18809400
2025-02-07,228.85000610351562,229.25,225.5800018310547,226.0,222.5605926513672,28914400
2025-02-10,227.3699951171875,227.52000427246094,225.86000061035156,227.02000427246094,223.56509399414062,14574700
2025-02-11,225.0500030517578,226.4199981689453,224.80999755859375,225.6999969482422,222.26515197753906,18215700
2025-02-12,222.25999450683594,224.47999572753906,221.7899932861328,223.6199951171875,220.21682739257812,25572800
2025-02-13,225.0399932861328,226.33999633789062,223.75,226.13999938964844,222.698486328125,21419400
2025-02-14,227.27000427246094,227.97999572753906,225.61000061035156,225.97000122070312,222.53106689453125,13574500
2025-02-18,226.14999389648438,227.6699981689453,225.50999450683594,227.2100067138672,223.752197265625,15166500
2025-02-19,225.41000366210938,227.14999389648438,225.0800018310547,226.42999267578125,222.98406982421875,16194800
2025-02-20,226.00999450683594,226.19000244140625,223.00999450683594,224.25999450683594,220.8470916748047,18507700
2025-02-21,226.0,226.36000061035156,217.4600067138672,217.8000030517578,214.4853973388672,45036900
2025-02-24,218.7899932861328,218.7899932861328,215.14999389648438,216.22999572753906,212.9392852783203,30246200
2025-02-25,216.3699951171875,217.27000427246094,213.49000549316406,215.41000366210938,212.1317596435547,33665100
2025-02-26,216.05999755859375,218.41000366210938,214.83999633789062,215.67999267578125,212.3976593017578,25464200
2025-02-27,215.63999938964844,216.49000549316406,212.22000122070312,212.38999938964844,209.15773010253906,29378500
2025-02-28,211.63999938964844,214.66000366210938,210.9600067138672,214.64999389648438,211.38331604003906,32015400
2025-03-03,215.39999389648438,215.9600067138672,207.4199981689453,208.77999877929688,205.60267639160156,36330000
2025-03-04,205.92999267578125,209.77000427246094,203.19000244140625,206.4199981689453,203.27857971191406,56427100
2025-03-05,206.4499969482422,208.83999633789062,204.82000732421875,208.47000122070312,205.29739379882812,35778500
2025-03-06,205.77999877929688,208.1199951171875,203.89999389648438,205.27999877929688,202.1559295654297,39206300
2025-03-07,204.97000122070312,207.11000061035156,201.72999572753906,205.9499969482422,202.81573486328125,43514000
2025-03-10,203.44000244140625,204.74000549316406,198.75,200.77000427246094,197.71456909179688,39442800
2025-03-11,201.1199951171875,203.22000122070312,198.52999877929688,200.75,197.6948699951172,51509700
2025-03-12,203.0500030517578,203.75,199.5500030517578,201.10000610351562,198.03955078125,36881700
2025-03-13,201.27000427246094,202.02999877929688,197.0,198.10000610351562,195.085205078125,31336900
2025-03-14,200.24000549316406,203.07000732421875,199.33999633789062,202.88999938964844,199.80230712890625,34089400
2025-03-17,202.7100067138672,206.02000427246094,202.60000610351562,205.4499969482422,202.32334899902344,26947600
2025-03-18,203.85000610351562,203.9199981689453,202.35000610351562,203.2100067138672,200.56649780273438,22888000
2025-03-19,203.35000610351562,207.67999267578125,202.89999389648438,206.3699951171875,203.6853790283203,31595600
2025-03-20,204.32000732421875,207.3000030517578,204.1999969482422,205.05999755859375,202.39242553710938,25665900
2025-03-21,202.72000122070312,204.4199981689453,201.75999450683594,203.7899932861328,201.1389617919922,39470200
2025-03-24,206.9600067138672,209.22999572753906,206.69000244140625,208.86000061035156,206.1429901123047,25774700
2025-03-25,208.69000244140625,209.27000427246094,207.08999633789062,207.6999969482422,204.9980926513672,17836900
2025-03-26,207.9600067138672,208.82000732421875,204.67999267578125,205.58999633789062,202.91552734375,19344600
2025-03-27,205.3300018310547,206.35000610351562,203.75999450683594,204.61000061035156,201.9482879638672,23960000
2025-03-28,204.5399932861328,204.5800018310547,199.3800048828125,200.4499969482422,197.8424072265625,26656200
2025-03-31,197.47999572753906,200.63999938964844,195.49000549316406,199.49000549316406,196.8948974609375,32250800
2025-04-01,198.99000549316406,201.22999572753906,196.66000366210938,199.50999450683594,196.9146270751953,26054100
2025-04-02,196.77999877929688,203.3300018310547,196.5399932861328,202.66000366210938,200.02366638183594,36603000
2025-04-03,193.11000061035156,195.05999755859375,189.1999969482422,189.64999389648438,187.18289184570312,60551500
2025-04-04,182.61000061035156,184.0500030517578,176.6699981689453,181.19000244140625,178.83294677734375,92612800
2025-04-07,174.32000732421875,190.25,171.72999572753906,179.5500030517578,177.21429443359375,96706200
2025-04-08,185.69000244140625,185.9199981689453,172.33999633789062,174.82000732421875,172.5458221435547,61090600
2025-04-09,172.72000122070312,192.11000061035156,171.74000549316406,189.67999267578125,187.21250915527344,123015100
2025-04-10,184.52000427246094,185.47999572753906,176.97999572753906,181.7100067138672,179.34620666503906,67503000
2025-04-11,181.13999938964844,184.85000610351562,178.5800018310547,184.36000061035156,181.9617156982422,44954400
2025-04-14,187.80999755859375,187.97000122070312,183.0500030517578,186.52999877929688,184.1034698486328,35214600
2025-04-15,186.33999633789062,189.0500030517578,185.83999633789062,186.75999450683594,184.3304901123047,30715500
2025-04-16,185.6999969482422,186.72999572753906,182.55999755859375,184.97000122070312,182.5637969970703,35063300
2025-04-17,184.99000549316406,187.42999267578125,184.4600067138672,186.47999572753906,184.05413818359375,42359200
2025-04-21,185.0,185.2899932861328,180.77000427246094,182.74000549316406,180.36279296875,26019000
2025-04-22,185.14999389648438,188.10000610351562,184.5500030517578,187.47000122070312,185.03125,34477100
2025-04-23,192.9199981689453,195.50999450683594,189.83999633789062,190.25,187.7751007080078,44866100
2025-04-24,190.75999450683594,194.3699951171875,189.88999938964844,194.05999755859375,191.5355224609375,29820100
2025-04-25,192.72000122070312,194.25999450683594,191.5500030517578,194.1199951171875,191.59475708007812,25029000
2025-04-28,194.5,196.14999389648438,192.52999877929688,194.94000244140625,192.40408325195312,22482300
2025-04-29,194.47000122070312,196.86000061035156,193.00999450683594,196.08999633789062,193.5391082763672,20118200
2025-04-30,193.13999938964844,195.47999572753906,190.72000122070312,194.86000061035156,192.3251190185547,29046100
2025-05-01,195.7100067138672,197.6699981689453,193.74000549316406,196.07000732421875,193.51939392089844,33169700
2025-05-02,198.3300018310547,201.2100067138672,198.17999267578125,200.47999572753906,197.87200927734375,30201800
2025-05-05,198.57000732421875,200.5,198.0800018310547,198.94000244140625,196.35206604003906,20834200
2025-05-06,196.58999633789062,198.58999633789062,195.63999938964844,196.77000427246094,194.2102813720703,24642100
2025-05-07,198.10000610351562,198.55999755859375,196.0399932861328,197.4199981689453,194.85182189941406,23623300
2025-05-08,199.77000427246094,202.74000549316406,198.25999450683594,201.17999267578125,198.56289672851562,32646300
2025-05-09,201.5399932861328,202.27999877929688,199.9600067138672,200.80999755859375,198.19772338867188,17203000
2025-05-12,208.83999633789062,209.72999572753906,205.82000732421875,207.8699951171875,205.16586303710938,38207200
2025-05-13,208.92999267578125,209.61000061035156,207.9600067138672,208.6300048828125,205.91600036621094,28295800
2025-05-14,208.0399932861328,208.5399932861328,206.52999877929688,206.77999877929688,204.09005737304688,26316100
2025-05-15,206.5800018310547,208.19000244140625,205.38999938964844,208.1300048828125,205.42250061035156,21563700
2025-05-16,208.4199981689453,210.1300048828125,207.77999877929688,209.85000610351562,207.12013244628906,28906400
2025-05-19,206.8000030517578,209.08999633789062,206.25999450683594,208.97000122070312,206.25157165527344,25859600
2025-05-20,208.66000366210938,209.75999450683594,207.9600067138672,209.0800018310547,206.36013793945312,22053100
2025-05-21,206.6300048828125,207.61000061035156,202.83999633789062,203.2100067138672,200.56649780273438,36704400
2025-05-22,202.2899932861328,204.3699951171875,201.52999877929688,203.1999969482422,200.55662536621094,31831300
2025-05-23,199.77999877929688,203.25999450683594,199.64999389648438,202.55999755859375,199.92494201660156,29114600
2025-05-27,205.63999938964844,207.75,204.16000366210938,207.6999969482422,204.9980926513672,31655900
2025-05-28,207.7100067138672,208.02999877929688,205.1999969482422,205.50999450683594,202.83657836914062,26046700
2025-05-29,206.9499969482422,207.05999755859375,204.47000122070312,206.1199951171875,203.43862915039062,32749500
2025-05-30,205.13999938964844,206.25,203.5399932861328,205.07000732421875,202.40232849121094,37768900
2025-06-02,205.32000732421875,205.83999633789062,202.6699981689453,205.7100067138672,203.0339813232422,30334300
2025-06-03,206.4600067138672,209.61000061035156,205.5500030517578,209.02999877929688,206.310791015625,37702200
2025-06-04,209.17999267578125,210.00999450683594,208.13999938964844,208.44000244140625,205.72848510742188,27225300
2025-06-05,208.6999969482422,209.8300018310547,207.0,208.52999877929688,205.8173065185547,35728700
2025-06-06,211.5,212.1300048828125,210.60000610351562,211.89999389648438,209.14346313476562,32144500
2025-06-09,213.8699951171875,214.27999877929688,212.5500030517578,213.36000061035156,210.58448791503906,33984400
2025-06-10,214.4600067138672,215.42999267578125,213.80999755859375,214.50999450683594,211.71949768066406,30182200
2025-06-11,215.5800018310547,215.92999267578125,213.3000030517578,213.6300048828125,210.85096740722656,31113400
2025-06-12,212.1699981689453,213.27000427246094,211.6300048828125,212.77999877929688,210.0120086669922,25367000
2025-06-13,209.83999633789062,211.44000244140625,208.22000122070312,208.88999938964844,206.172607421875,60580000
2025-06-16,210.47999572753906,211.9499969482422,209.63999938964844,210.77000427246094,208.6033477783203,28974000
2025-06-17,209.05999755859375,210.4499969482422,208.3699951171875,208.5500030517578,206.4062042236328,32843200
2025-06-18,208.44000244140625,211.38999938964844,207.77999877929688,209.64999389648438,207.494873046875,42850500
2025-06-20,211.11000061035156,211.25,208.4600067138672,209.2100067138672,207.0594024658203,36978100
2025-06-23,208.47999572753906,211.77999877929688,206.80999755859375,211.77000427246094,209.5930938720703,35516400
2025-06-24,213.2899932861328,214.92999267578125,212.36000061035156,214.47000122070312,212.26531982421875,31772500
2025-06-25,214.66000366210938,214.72999572753906,211.88999938964844,211.97000122070312,209.79103088378906,27725600
2025-06-26,212.8300018310547,215.5500030517578,212.6999969482422,215.41000366210938,213.1956787109375,26261200
2025-06-27,216.0500030517578,217.41000366210938,214.1300048828125,215.47999572753906,213.2649383544922,47717300
2025-06-30,216.67999267578125,216.7100067138672,215.38999938964844,215.7899932861328,213.57177734375,25558000
2025-07-01,214.6199951171875,220.52999877929688,214.14999389648438,218.00999450683594,215.76893615722656,43864800
2025-07-02,218.3699951171875,221.10000610351562,217.36000061035156,221.02999877929688,218.7578887939453,35735200
2025-07-03,222.00999450683594,223.3300018310547,221.77000427246094,223.0800018310547,220.7868194580078,23515700
2025-07-07,221.57000732421875,222.82000732421875,218.41000366210938,219.72999572753906,217.4712677001953,41551200
2025-07-08,220.5800018310547,222.2899932861328,220.3300018310547,221.25,218.9756317138672,36339300
2025-07-09,222.57000732421875,223.69000244140625,221.1199951171875,223.64999389648438,221.3509521484375,32425200
2025-07-10,223.38999938964844,226.0500030517578,222.86000061035156,224.8000030517578,222.48915100097656,33865900
2025-07-11,223.1699981689453,223.5399932861328,221.57000732421875,221.6999969482422,219.42100524902344,31579600
2025-07-14,221.3699951171875,223.33999633789062,221.05999755859375,223.19000244140625,220.89569091796875,24632200
2025-07-15,224.07000732421875,224.22999572753906,218.7899932861328,218.82000732421875,216.57061767578125,44215400
2025-07-16,220.22000122070312,221.3699951171875,216.91000366210938,221.02000427246094,218.7480010986328,48199800
2025-07-17,221.0800018310547,224.1999969482422,220.7100067138672,223.9199981689453,221.61819458007812,43548000
2025-07-18,225.2899932861328,225.36000061035156,221.97999572753906,222.3300018310547,220.04452514648438,49009900
2025-07-21,223.5399932861328,224.41000366210938,221.25,221.42999267578125,219.15377807617188,28191400
2025-07-22,221.6199951171875,223.80999755859375,220.66000366210938,223.27000427246094,220.97486877441406,30873300
2025-07-23,224.82000732421875,226.7100067138672,224.07000732421875,226.67999267578125,224.34982299804688,37478100
2025-07-24,225.52000427246094,225.85000610351562,223.47999572753906,223.5500030517578,221.2519989013672,29446700
2025-07-25,224.4199981689453,224.60000610351562,222.5399932861328,224.3800048828125,222.07345581054688,24555500
2025-07-28,225.32000732421875,225.44000244140625,223.42999267578125,224.1199951171875,221.81613159179688,24934900
2025-07-29,225.61000061035156,225.69000244140625,222.05999755859375,222.69000244140625,220.4008331298828,28685900
2025-07-30,223.66000366210938,224.92999267578125,220.1199951171875,221.55999755859375,219.28245544433594,48924400
2025-07-31,220.4600067138672,222.02000427246094,218.8800048828125,219.38999938964844,217.13475036621094,42913900
2025-08-01,216.22000122070312,216.55999755859375,212.33999633789062,214.9199981689453,212.71070861816406,63854100
2025-08-04,216.5500030517578,219.74000549316406,216.0800018310547,219.72999572753906,217.4712677001953,34989600
2025-08-05,220.55999755859375,221.25999450683594,218.24000549316406,220.85000610351562,218.5797576904297,31337100
2025-08-06,220.9499969482422,220.99000549316406,219.3800048828125,220.55999755859375,218.292724609375,23142100
2025-08-07,222.75999450683594,222.83999633789062,218.50999450683594,219.83999633789062,217.5801239013672,37088000
2025-08-08,221.07000732421875,221.57000732421875,219.74000549316406,220.32000732421875,218.05520629882812,28318100
2025-08-11,220.77000427246094,221.67999267578125,219.80999755859375,220.27000427246094,218.00570678710938,25212800
2025-08-12,221.85000610351562,226.97999572753906,221.14999389648438,226.80999755859375,224.47845458984375,43815500
2025-08-13,228.25999450683594,231.4600067138672,227.8300018310547,231.22000122070312,228.84315490722656,41705800
2025-08-14,228.44000244140625,228.8000030517578,226.1699981689453,228.24000549316406,225.89378356933594,55945500
2025-08-15,228.63999938964844,228.77999877929688,226.0399932861328,227.1300048828125,224.79519653320312,33571400
2025-08-18,227.2100067138672,228.4600067138672,226.94000244140625,227.9600067138672,225.6166534423828,20144100
2025-08-19,228.02000427246094,228.97999572753906,225.69000244140625,226.2100067138672,223.88465881347656,25000700
2025-08-20,225.92999267578125,226.3800048828125,223.69000244140625,225.41000366210938,223.09286499023438,29229700
2025-08-21,224.41000366210938,226.32000732421875,223.77999877929688,225.97000122070312,223.64712524414062,24539400
2025-08-22,227.3699951171875,235.4199981689453,227.17999267578125,234.8300018310547,232.41604614257812,58205500
2025-08-25,234.13999938964844,234.3000030517578,232.36000061035156,232.36000061035156,229.971435546875,28453700
2025-08-26,232.8300018310547,234.8699951171875,232.58999633789062,234.27999877929688,231.87168884277344,25121500
2025-08-27,233.74000549316406,236.1199951171875,233.55999755859375,235.94000244140625,233.51461791992188,25395400
2025-08-28,236.9600067138672,236.97000122070312,235.35000610351562,236.22000122070312,233.791748046875,25011200
2025-08-29,236.74000549316406,237.02000427246094,234.3699951171875,235.1699981689453,232.75254821777344,29254800
2025-09-02,231.99000549316406,234.39999389648438,231.47000122070312,233.89999389648438,231.49559020996094,33108600
2025-09-03,233.27000427246094,235.25999450683594,232.4600067138672,233.6699981689453,231.26795959472656,33252400
2025-09-04,234.22999572753906,236.6699981689453,233.5800018310547,236.58999633789062,234.15794372558594,30323800
2025-09-05,237.72000122070312,239.67999267578125,234.9499969482422,237.77000427246094,235.32582092285156,47542500
2025-09-08,238.50999450683594,238.55999755859375,236.38999938964844,238.25,235.80088806152344,31487700
2025-09-09,237.89999389648438,237.9600067138672,235.4199981689453,236.85000610351562,234.415283203125,35395800
2025-09-10,237.30999755859375,238.27000427246094,235.4600067138672,236.42999267578125,233.99957275390625,33910200
2025-09-11,236.85000610351562,240.92999267578125,236.24000549316406,240.8000030517578,238.3246612548828,43629800
2025-09-12,240.1999969482422,240.32000732421875,238.1999969482422,238.33999633789062,235.88995361328125,46097600
2025-09-15,239.22999572753906,240.0399932861328,238.5500030517578,239.35000610351562,236.88958740234375,33014000
2025-09-16,238.4499969482422,238.92999267578125,236.75999450683594,238.27999877929688,236.49949645996094,37059300
2025-09-17,238.82000732421875,244.27999877929688,237.02000427246094,238.88999938964844,237.10494995117188,79955600
2025-09-18,240.8000030517578,245.14999389648438,240.1300048828125,244.83999633789062,243.01048278808594,49167700
2025-09-19,245.57000732421875,245.57000732421875,242.50999450683594,242.97999572753906,241.1643829345703,56092000
2025-09-22,242.24000549316406,244.7899932861328,241.11000061035156,244.38999938964844,242.5638427734375,53572900
2025-09-23,245.00999450683594,247.17999267578125,243.44000244140625,243.83999633789062,242.01795959472656,41854500
2025-09-24,243.89999389648438,244.61000061035156,241.55999755859375,241.60000610351562,239.79470825195312,36002200
2025-09-25,238.97999572753906,239.99000549316406,237.5500030517578,239.2899932861328,237.50193786621094,37209500
2025-09-26,239.6199951171875,241.67999267578125,239.3300018310547,241.33999633789062,239.53662109375,28942800
2025-09-29,242.83999633789062,242.92999267578125,240.80999755859375,241.6199951171875,239.81454467773438,26391500
2025-09-30,241.11000061035156,242.1300048828125,239.39999389648438,241.9600067138672,240.1520233154297,33447700
2025-10-01,240.57000732421875,243.0399932861328,240.5500030517578,242.49000549316406,240.6780548095703,28520000
2025-10-02,243.0,244.08999633789062,241.47000122070312,244.02000427246094,242.19662475585938,28687400
2025-10-03,245.35000610351562,248.08999633789062,245.02999877929688,245.8300018310547,243.9930877685547,34579600
2025-10-06,247.72999572753906,248.47999572753906,246.07000732421875,246.80999755859375,244.96575927734375,31507400
2025-10-07,247.36000061035156,247.63999938964844,243.19000244140625,244.16000366210938,242.3355712890625,31766600
2025-10-08,245.27999877929688,246.9600067138672,243.8000030517578,246.72000122070312,244.87644958496094,25825000
2025-10-09,246.30999755859375,247.25,244.00999450683594,245.1300048828125,243.29832458496094,26243100
2025-10-10,245.75,246.88999938964844,237.55999755859375,237.7899932861328,236.01315307617188,70569400
2025-10-13,241.8300018310547,244.6300048828125,241.39999389648438,244.41000366210938,242.58370971679688,36298600
2025-10-14,241.22999572753906,249.60000610351562,240.36000061035156,247.89999389648438,246.047607421875,45320800
2025-10-15,250.36000061035156,252.77000427246094,247.05999755859375,250.3300018310547,248.45947265625,45369000
2025-10-16,250.97000122070312,251.25999450683594,244.0,245.05999755859375,243.22885131835938,52740400
2025-10-17,243.32000732421875,245.16000366210938,241.47000122070312,243.41000366210938,241.59117126464844,55379500
2025-10-20,246.6199951171875,248.3300018310547,246.13999938964844,248.16000366210938,246.30567932128906,32545000
2025-10-21,247.42999267578125,248.3699951171875,245.50999450683594,246.99000549316406,245.14443969726562,26337900
2025-10-22,246.02999877929688,246.86000061035156,240.77000427246094,243.33999633789062,241.5216827392578,46578400
2025-10-23,244.2899932861328,247.1199951171875,243.67999267578125,246.4199981689453,244.57867431640625,28591000
2025-10-24,249.8000030517578,251.11000061035156,248.97000122070312,249.42999267578125,247.56619262695312,26627000
2025-10-27,251.77999877929688,252.2100067138672,249.5,250.3000030517578,248.42970275878906,31798100
2025-10-28,249.5500030517578,250.89999389648438,248.11000061035156,248.9600067138672,247.09971618652344,28075900
2025-10-29,248.83999633789062,251.13999938964844,244.69000244140625,246.83999633789062,244.99554443359375,56235300
2025-10-30,245.27000427246094,248.13999938964844,244.6300048828125,244.85000610351562,243.02041625976562,44538700
2025-10-31,244.99000549316406,246.7899932861328,243.69000244140625,246.22999572753906,244.3900909423828,37214700
2025-11-03,246.1699981689453,246.25999450683594,242.49000549316406,245.44000244140625,243.60601806640625,28887900
2025-11-04,241.7899932861328,244.05999755859375,241.0,241.1999969482422,239.39767456054688,34468700
2025-11-05,241.9600067138672,245.72999572753906,241.63999938964844,244.67999267578125,242.8516845703125,38229200
2025-11-06,244.25999450683594,244.7899932861328,240.0,240.35000610351562,238.55404663085938,40601200
2025-11-07,238.41000366210938,241.66000366210938,236.27000427246094,241.61000061035156,239.8046112060547,54978900
2025-11-10,245.00999450683594,245.24000549316406,242.25,244.02999877929688,242.20654296875,31238000
2025-11-11,243.3699951171875,244.74000549316406,242.52000427246094,244.24000549316406,242.41497802734375,27357900
2025-11-12,244.83999633789062,246.3800048828125,243.3300018310547,243.63999938964844,241.8194580078125,34543200
2025-11-13,241.83999633789062,242.67999267578125,235.83999633789062,236.7899932861328,235.02064514160156,65710000
2025-11-14,233.33999633789062,238.72999572753906,233.27000427246094,237.47999572753906,235.70547485351562,58344400
2025-11-17,236.4600067138672,237.83999633789062,231.75999450683594,232.75999450683594,231.02073669433594,55765900
2025-11-18,231.30999755859375,235.0800018310547,230.9600067138672,233.47000122070312,231.72544860839844,63092500
2025-11-19,233.8000030517578,236.3699951171875,232.42999267578125,233.42999267578125,231.6857452392578,57280500
2025-11-20,237.24000549316406,239.10000610351562,228.89999389648438,229.11000061035156,227.3980255126953,95483000
2025-11-21,229.9600067138672,237.11000061035156,229.5800018310547,235.60000610351562,233.83953857421875,99504100
2025-11-24,235.9600067138672,240.38999938964844,235.47999572753906,239.89999389648438,238.10739135742188,36135300
2025-11-25,240.74000549316406,245.5500030517578,240.0399932861328,245.1300048828125,243.29832458496094,46160800
2025-11-26,245.0500030517578,248.8300018310547,244.77000427246094,247.3000030517578,245.45211791992188,34636600
2025-11-28,248.00999450683594,248.80999755859375,247.07000732421875,248.75,246.89126586914062,18911800
2025-12-01,245.57000732421875,247.69000244140625,245.33999633789062,245.6199951171875,243.78465270996094,36920000
2025-12-02,247.3699951171875,247.3699951171875,245.1199951171875,245.1699981689453,243.33802795410156,31918500
2025-12-03,245.97000122070312,249.83999633789062,245.47999572753906,249.6300048828125,247.7646942138672,32846300
2025-12-04,248.97000122070312,252.66000366210938,248.5399932861328,251.82000732421875,249.93833923339844,40245800
2025-12-05,251.49000549316406,252.66000366210938,250.27999877929688,250.77000427246094,248.89617919921875,36956600
2025-12-08,252.6999969482422,252.77000427246094,250.17999267578125,250.8699951171875,248.9954376220703,29100000
2025-12-09,250.25,252.9499969482422,250.10000610351562,251.38999938964844,249.51153564453125,30170100
2025-12-10,250.89999389648438,256.57000732421875,250.5399932861328,254.80999755859375,252.90599060058594,51105200
2025-12-11,254.63999938964844,258.010009765625,254.32000732421875,257.79998779296875,255.87364196777344,41345200
2025-12-12,257.95001220703125,258.20001220703125,253.44000244140625,253.85000610351562,251.9531707763672,57657700
2025-12-15,255.5500030517578,255.69000244140625,251.74000549316406,251.92999267578125,250.04750061035156,43120100
2025-12-16,250.33999633789062,252.16000366210938,248.47000122070312,249.89999389648438,248.8644256591797,43115300
2025-12-17,250.3699951171875,252.16000366210938,246.6999969482422,247.24000549316406,246.21546936035156,38132400
2025-12-18,250.17999267578125,251.36000061035156,248.2100067138672,248.7100067138672,247.6793670654297,39068000
2025-12-19,249.27999877929688,251.39999389648438,249.05999755859375,250.7899932861328,249.75074768066406,43610400
2025-12-22,252.27999877929688,255.1199951171875,252.1999969482422,253.5800018310547,252.52919006347656,40497300
2025-12-23,252.4199981689453,253.22000122070312,251.4600067138672,252.0800018310547,251.035400390625,24973500
2025-12-24,251.97000122070312,252.86000061035156,251.1199951171875,252.7100067138672,251.66281127929688,12103000
2025-12-26,252.5800018310547,252.75,250.39999389648438,251.4199981689453,250.3781280517578,17429900
2025-12-29,250.25999450683594,251.5,249.35000610351562,249.8800048828125,248.8445281982422,25218800
2025-12-30,249.97000122070312,250.14999389648438,247.9499969482422,248.02999877929688,247.00218200683594,22123600
2025-12-31,248.17999267578125,248.27999877929688,246.00999450683594,246.16000366210938,245.1399383544922,35352000
2026-01-02,247.6300048828125,249.08999633789062,245.86000061035156,248.77999877929688,247.74908447265625,40007700
2026-01-05,249.7899932861328,253.5500030517578,249.57000732421875,252.72999572753906,251.6826934814453,37428100
2026-01-06,252.24000549316406,256.25,251.52000427246094,256.0799865722656,255.01881408691406,40677800
2026-01-07,256.3999938964844,256.79998779296875,253.97000122070312,255.47999572753906,254.4213104248047,33052000
2026-01-08,254.6999969482422,258.92999267578125,254.36000061035156,258.2699890136719,257.1997375488281,37957000
2026-01-09,259.5799865722656,261.55999755859375,258.0899963378906,260.2300109863281,259.1516418457031,36301500
2026-01-12,259.2799987792969,261.6600036621094,258.239990234375,261.5,260.4163818359375,28423400
2026-01-13,262.4100036621094,262.8900146484375,260.4599914550781,261.3500061035156,260.2669982910156,33882400
2026-01-14,261.1300048828125,263.4599914550781,260.19000244140625,263.19000244140625,262.099365234375,37164300
2026-01-15,264.05999755859375,267.04998779296875,263.7300109863281,265.510009765625,264.4097595214844,33465200
2026-01-16,265.8699951171875,267.2200012207031,264.7099914550781,265.760009765625,264.6587219238281,33844900
2026-01-20,261.1400146484375,265.0799865722656,261.05999755859375,262.5799865722656,261.49188232421875,47911500
2026-01-21,264.6400146484375,268.5899963378906,262.9200134277344,267.7900085449219,266.6802978515625,59952800
2026-01-22,269.8299865722656,271.6000061035156,269.4200134277344,269.7900085449219,268.6719970703125,35110800
2026-01-23,269.0400085449219,269.04998779296875,264.4599914550781,264.80999755859375,263.712646484375,42636700
2026-01-26,265.07000732421875,266.69000244140625,263.489990234375,263.9800109863281,262.8861083984375,32119300
2026-01-27,264.04998779296875,264.8599853515625,262.6600036621094,264.7300109863281,263.63299560546875,26975500
2026-01-28,265.9800109863281,266.67999267578125,262.55999755859375,263.29998779296875,262.2088928222656,37139100
2026-01-29,264.07000732421875,265.05999755859375,259.4100036621094,263.3699951171875,262.27862548828125,43922900
2026-01-30,261.07000732421875,262.9800109863281,257.94000244140625,259.6499938964844,258.57403564453125,59164200
2026-02-02,258.4800109863281,263.7699890136719,258.3500061035156,262.17999267578125,261.0935363769531,42896200
2026-02-03,263.05999755859375,265.05999755859375,258.54998779296875,262.7799987792969,261.6910400390625,54588000
2026-02-04,264.1600036621094,264.6499938964844,257.1400146484375,260.5199890136719,259.4403991699219,48826500
2026-02-05,258.5,261.6199951171875,255.0500030517578,255.8300018310547,254.7698516845703,48279600
2026-02-06,259.739990234375,265.7200012207031,259.5799865722656,265.0199890136719,263.9217529296875,43354900
2026-02-09,264.8399963378906,267.6700134277344,263.3399963378906,266.8800048828125,265.7740783691406,29064800
2026-02-10,267.2300109863281,268.5199890136719,265.8800048828125,266.1600036621094,265.05706787109375,24661700
2026-02-11,268.4700012207031,268.9599914550781,262.1000061035156,264.95001220703125,263.8520812988281,41829400
2026-02-12,267.0199890136719,267.4599914550781,258.3900146484375,259.5400085449219,258.4644775390625,47628200
2026-02-13,260.6000061035156,265.1700134277344,258.510009765625,262.9599914550781,261.87030029296875,45360300
2026-02-17,262.3800048828125,264.3599853515625,259.05999755859375,263.0400085449219,261.9499816894531,33734800
2026-02-18,263.0299987792969,266.9100036621094,261.8500061035156,263.989990234375,262.8960266113281,36034700
2026-02-19,262.57000732421875,264.6400146484375,261.0799865722656,264.6000061035156,263.5035400390625,31006000
2026-02-20,262.8500061035156,267.3299865722656,262.1400146484375,264.6099853515625,263.5134582519531,47126600
2026-02-23,263.3999938964844,264.3699951171875,258.1000061035156,260.489990234375,259.4105224609375,44001100
2026-02-24,260.3999938964844,264.1400146484375,259.8599853515625,263.3299865722656,262.23876953125,34884200
2026-02-25,265.25,265.2799987792969,262.42999267578125,264.5799865722656,263.48358154296875,26012100
2026-02-26,265.010009765625,266.239990234375,262.1199951171875,265.989990234375,264.88775634765625,41206500
2026-02-27,262.1000061035156,262.760009765625,259.7699890136719,261.4100036621094,260.3267517089844,40631500
2026-03-02,257.80999755859375,264.2799987792969,257.7900085449219,263.80999755859375,262.7167663574219,53495700
2026-03-03,256.79998779296875,261.1199951171875,253.30999755859375,259.239990234375,258.1657409667969,59537000
2026-03-04,261.20001220703125,262.9599914550781,258.82000732421875,261.760009765625,260.67529296875,37979700
2026-03-05,258.989990234375,260.760009765625,254.16000366210938,256.760009765625,255.6959991455078,60414600
2026-03-06,251.49000549316406,253.3000030517578,249.94000244140625,250.88999938964844,249.850341796875,64192000
2026-03-09,247.58999633789062,254.64999389648438,244.38999938964844,253.6199951171875,252.5690155029297,65369500
2026-03-10,252.9600067138672,257.6499938964844,252.39999389648438,253.36000061035156,252.31008911132812,55879100
2026-03-11,252.33999633789062,254.3800048828125,250.5800018310547,252.85000610351562,251.80221557617188,50418100
2026-03-12,248.94000244140625,249.80999755859375,246.5800018310547,247.41000366210938,246.384765625,61802900
2026-03-13,249.25999450683594,250.61000061035156,245.5399932861328,246.58999633789062,245.56814575195312,53933300
2026-03-16,249.75999450683594,251.47000122070312,248.30999755859375,248.9199981689453,247.8885040283203,48755700
2026-03-17,249.8699951171875,251.7100067138672,248.9600067138672,250.0500030517578,249.45677185058594,40642800
2026-03-18,248.41000366210938,249.22999572753906,245.8800048828125,246.02000427246094,245.43634033203125,43192600
2026-03-19,243.02999877929688,250.08999633789062,242.52000427246094,247.6300048828125,247.04251098632812,59219500
2026-03-20,246.97000122070312,247.5,240.3300018310547,242.22000122070312,241.64535522460938,76749900
2026-03-23,247.1699981689453,251.36000061035156,246.11000061035156,247.4499969482422,246.86293029785156,78746600
2026-03-24,245.50999450683594,250.16000366210938,244.60000610351562,248.77999877929688,248.18978881835938,45210800
2026-03-25,251.74000549316406,253.07000732421875,249.52000427246094,251.82000732421875,251.2225799560547,45671700
2026-03-26,248.88999938964844,251.86000061035156,247.16000366210938,247.44000244140625,246.85296630859375,46830200
2026-03-27,246.00999450683594,246.74000549316406,242.41000366210938,243.10000610351562,242.5232696533203,48114400
2026-03-30,245.35000610351562,245.3699951171875,238.69000244140625,239.61000061035156,239.04153442382812,51290500
2026-03-31,243.0399932861328,248.9199981689453,242.24000549316406,248.0,247.41163635253906,58660800
2026-04-01,249.9199981689453,252.44000244140625,249.11000061035156,249.55999755859375,248.96792602539062,51295900
2026-04-02,244.94000244140625,252.3699951171875,244.8699951171875,251.2899932861328,250.69381713867188,30369200
2026-04-06,250.99000549316406,253.0500030517578,250.25,252.36000061035156,251.76129150390625,22151400
2026-04-07,251.2100067138672,253.47999572753906,249.52000427246094,252.91000366210938,252.3099822998047,34881900
2026-04-08,261.5199890136719,262.2699890136719,258.4100036621094,260.4700012207031,259.85205078125,46680200
2026-04-09,258.7799987792969,262.8999938964844,258.7799987792969,261.9599914550781,261.3385009765625,26758400
2026-04-10,262.3999938964844,262.75,260.3399963378906,261.29998779296875,260.6800537109375,22365900
2026-04-13,260.239990234375,265.3599853515625,260.0199890136719,265.07000732421875,264.4411315917969,23820000
2026-04-14,267.0899963378906,269.4200134277344,266.2799987792969,268.7200012207031,268.0824890136719,24270400
2026-04-15,268.7799987792969,269.5899963378906,267.5899963378906,269.3900146484375,268.75091552734375,21670600
2026-04-16,269.45001220703125,270.3500061035156,268.04998779296875,269.95001220703125,269.3095703125,30847900
2026-04-17,273.739990234375,277.6300048828125,273.1199951171875,275.7799987792969,275.125732421875,46462700
2026-04-20,274.6499938964844,277.6700134277344,274.5299987792969,277.3500061035156,276.6920166015625,22993900
2026-04-21,278.17999267578125,279.7900085449219,273.760009765625,274.510009765625,273.8587646484375,32235200
2026-04-22,277.5899963378906,278.010009765625,274.8999938964844,276.4800109863281,275.8240661621094,20274300
2026-04-23,276.7300109863281,277.8699951171875,271.95001220703125,275.5199890136719,274.8663330078125,32886600
2026-04-24,276.6700134277344,278.1300048828125,274.2300109863281,276.6499938964844,275.99365234375,21568600
2026-04-27,276.82000732421875,278.239990234375,276.25,277.1400146484375,276.4825134277344,23399400
2026-04-28,276.04998779296875,276.9700012207031,272.9200134277344,273.9100036621094,273.2601623535156,24139400
2026-04-29,273.9200134277344,274.3800048828125,270.3599853515625,272.0799865722656,271.4344787597656,29428900
2026-04-30,273.1300048828125,278.2200012207031,272.44000244140625,277.9700012207031,277.310546875,29220700
2026-05-01,278.6600036621094,279.80999755859375,276.57000732421875,279.2799987792969,278.617431640625,28936700
2026-05-04,278.70001220703125,280.7900085449219,276.1000061035156,277.8800048828125,277.22076416015625,28632300
2026-05-05,280.1300048828125,282.95001220703125,280.0,282.55999755859375,281.8896484375,24863200
2026-05-06,285.3599853515625,287.04998779296875,283.3599853515625,286.79998779296875,286.11956787109375,23330300
2026-05-07,287.5299987792969,287.5799865722656,281.1499938964844,282.260009765625,281.5903625488281,28350400
2026-05-08,284.0400085449219,284.9700012207031,282.6099853515625,284.1700134277344,283.495849609375,22474300
2026-05-11,284.9200134277344,287.04998779296875,284.5899963378906,285.3299865722656,284.6530456542969,20150400
2026-05-12,284.0400085449219,284.05999755859375,278.2799987792969,282.57000732421875,281.8996276855469,27404600
2026-05-13,282.9200134277344,283.55999755859375,279.92999267578125,282.6700134277344,281.9993896484375,20742300
2026-05-14,283.8399963378906,285.6600036621094,281.9599914550781,284.45001220703125,283.7751770019531,17428700
2026-05-15,280.29998779296875,280.3299865722656,277.239990234375,277.6000061035156,276.94140625,35408000
2026-05-18,278.739990234375,279.0799865722656,273.94000244140625,275.9700012207031,275.3152770996094,27243300
2026-05-19,273.80999755859375,275.0799865722656,270.6300048828125,273.0,272.3523254394531,30276900
2026-05-20,274.9100036621094,280.0899963378906,273.4100036621094,279.8699951171875,279.2060241699219,31562000
2026-05-21,278.6600036621094,283.67999267578125,277.1499938964844,282.489990234375,281.8197937011719,31680500
2026-05-22,284.1000061035156,286.6099853515625,283.6700134277344,285.1199951171875,284.4435729980469,23849300
2026-05-26,288.3900146484375,290.54998779296875,287.739990234375,290.510009765625,289.82080078125,24506500
2026-05-27,291.1600036621094,291.7200012207031,289.30999755859375,290.3699951171875,289.6811218261719,24519900
2026-05-28,289.6400146484375,292.739990234375,287.9800109863281,292.0299987792969,291.3371887207031,23710600
2026-05-29,291.3800048828125,291.4100036621094,288.3299865722656,290.42999267578125,289.740966796875,26952800
2026-06-01,288.3699951171875,290.6099853515625,286.2699890136719,288.9800109863281,288.29443359375,23826100
2026-06-02,288.4599914550781,291.8699951171875,288.3999938964844,291.6600036621094,290.9680480957031,18378800
2026-06-03,289.989990234375,290.010009765625,286.7799987792969,287.6700134277344,286.9875183105469,29167300
2026-06-04,287.55999755859375,292.8800048828125,286.6600036621094,292.010009765625,291.3172302246094,24307800
2026-06-05,289.1000061035156,289.3999938964844,280.1499938964844,281.6499938964844,280.9817810058594,35812800
2026-06-08,285.510009765625,286.8399963378906,283.5799865722656,284.1099853515625,283.4359436035156,27277400
2026-06-09,287.17999267578125,290.8699951171875,277.6199951171875,285.0199890136719,284.3437805175781,41761300
2026-06-10,284.5899963378906,289.0,281.760009765625,282.04998779296875,281.3808288574219,39285000
2026-06-11,284.44000244140625,291.05999755859375,284.07000732421875,290.4100036621094,289.72100830078125,41468800
2026-06-12,291.6300048828125,295.7200012207031,290.30999755859375,292.95001220703125,292.2550048828125,34415200
2026-06-15,296.55999755859375,297.9100036621094,293.9200134277344,294.6400146484375,294.6400146484375,23889000
2026-06-16,295.5,296.79998779296875,291.5799865722656,292.0799865722656,292.0799865722656,23807700
2026-06-17,292.4700012207031,295.82000732421875,288.92999267578125,289.8800048828125,289.8800048828125,39920100
2026-06-18,294.54998779296875,295.9700012207031,291.4200134277344,295.5899963378906,295.5899963378906,32463200
2026-06-22,297.1300048828125,299.489990234375,296.1600036621094,298.17999267578125,298.17999267578125,22796200
2026-06-23,293.260009765625,297.75,292.3999938964844,295.32000732421875,295.32000732421875,26821700
2026-06-24,295.8800048828125,299.69000244140625,294.69000244140625,296.69000244140625,296.69000244140625,28664900
2026-06-25,299.5199890136719,301.5,296.7300109863281,298.9100036621094,298.9100036621094,27599900
2026-06-26,296.6000061035156,300.0299987792969,295.7300109863281,299.8299865722656,299.8299865722656,39832500
2026-06-29,298.1099853515625,299.1600036621094,294.67999267578125,298.9700012207031,298.9700012207031,24834100
2026-06-30,298.55999755859375,300.9800109863281,297.44000244140625,300.45001220703125,300.45001220703125,23230300
2026-07-01,299.92999267578125,302.7200012207031,298.9200134277344,299.32000732421875,299.32000732421875,20607900
2026-07-02,300.5400085449219,302.2300109863281,294.9800109863281,297.5799865722656,297.5799865722656,21178900
2026-07-06,297.75,300.4100036621094,297.6199951171875,298.8999938964844,298.8999938964844,18581300
2026-07-07,299.1700134277344,299.9700012207031,295.17999267578125,296.19000244140625,296.19000244140625,18057100
2026-07-08,294.0299987792969,295.1000061035156,290.67999267578125,293.4800109863281,293.4800109863281,24078400
2026-07-09,295.2699890136719,297.8800048828125,294.8999938964844,297.239990234375,297.239990234375,16466800
2026-07-10,297.69000244140625,298.2099914550781,293.6199951171875,295.989990234375,295.989990234375,15888500
2026-07-13,295.05999755859375,295.7799987792969,292.6000061035156,293.4800109863281,293.4800109863281,19375500
2026-07-14,295.489990234375,296.07000732421875,293.75,294.510009765625,294.510009765625,18326900
2026-07-15,295.25,297.1400146484375,294.1499938964844,295.7699890136719,295.7699890136719,18832700
2026-07-16,294.6499938964844,297.80999755859375,294.3500061035156,295.5899963378906,295.5899963378906,24033000
