price_date,open,high,low,close,adj_close,volume
2010-01-04,41.30500030517578,41.79999923706055,41.275001525878906,41.72999954223633,29.789358139038086,18082400
2010-01-05,41.755001068115234,42.25,41.564998626708984,41.97999954223633,29.96782112121582,17313000
2010-01-06,42.43000030517578,43.9900016784668,42.3849983215332,43.654998779296875,31.163537979125977,30691200
2010-01-07,43.26499938964844,43.400001525878906,42.505001068115234,42.81999969482422,30.567476272583008,19499200
2010-01-08,42.970001220703125,44.099998474121094,42.404998779296875,44.04999923706055,31.445514678955078,21313200
2010-01-11,44.98500061035156,45.275001525878906,43.540000915527344,44.04499816894531,31.441951751708984,30931200
2010-01-12,43.220001220703125,43.30500030517578,41.73500061035156,42.3849983215332,30.256946563720703,34166200
2010-01-13,42.650001525878906,43.20500183105469,41.529998779296875,43.07500076293945,30.80402183532715,24544200
2010-01-14,43.19499969482422,43.349998474121094,42.255001068115234,42.540000915527344,30.42141342163086,18682000
2010-01-15,42.5,42.82500076293945,41.98500061035156,42.150001525878906,30.142528533935547,25934600
2010-01-19,42.36000061035156,42.39500045776367,41.70000076293945,42.29999923706055,30.249794006347656,22939000
2010-01-20,41.56999969482422,42.03499984741211,40.599998474121094,41.7599983215332,29.863622665405273,34635200
2010-01-21,41.404998779296875,41.45000076293945,38.0,38.13999938964844,27.274871826171875,68719000
2010-01-22,36.91999816894531,38.720001220703125,36.275001525878906,37.1150016784668,26.541872024536133,60624000
2010-01-25,37.6150016784668,38.04499816894531,37.15999984741211,37.29999923706055,26.674161911010742,32659400
2010-01-26,36.73500061035156,36.994998931884766,35.78499984741211,35.994998931884766,25.740928649902344,43102200
2010-01-27,35.6349983215332,36.18000030517578,34.400001525878906,35.625,25.476329803466797,48933000
2010-01-28,36.29499816894531,36.380001068115234,33.900001525878906,34.40999984741211,24.607454299926758,63485400
2010-01-29,34.92499923706055,35.63999938964844,33.099998474121094,33.345001220703125,23.845853805541992,51175800
2010-02-01,34.064998626708984,35.81999969482422,34.025001525878906,35.79499816894531,25.597896575927734,48838400
2010-02-02,36.630001068115234,36.82500076293945,35.59000015258789,36.255001068115234,25.926870346069336,51272800
2010-02-03,35.86000061035156,36.595001220703125,34.82500076293945,35.22999954223633,25.193864822387695,46245000
2010-02-04,34.255001068115234,34.494998931884766,33.25,33.369998931884766,23.86372184753418,53760000
2010-02-05,33.369998931884766,35.14500045776367,33.01499938964844,35.1150016784668,25.111618041992188,74929200
2010-02-08,35.3849983215332,35.994998931884766,34.45500183105469,34.599998474121094,24.74332618713379,47861200
2010-02-09,35.564998626708984,36.474998474121094,35.39500045776367,35.790000915527344,25.594329833984375,50452200
2010-02-10,35.61000061035156,35.89500045776367,34.58000183105469,35.51499938964844,25.397668838500977,38632600
2010-02-11,35.84000015258789,37.3650016784668,35.459999084472656,37.084999084472656,26.520408630371094,45849600
2010-02-12,36.20500183105469,36.91999816894531,35.755001068115234,36.84000015258789,26.34520721435547,43061200
2010-02-16,37.810001373291016,38.03499984741211,37.42499923706055,37.970001220703125,27.15329933166504,34512000
2010-02-17,38.165000915527344,38.31999969482422,36.94499969482422,37.560001373291016,26.860109329223633,32796400
2010-02-18,37.310001373291016,38.39500045776367,37.28499984741211,38.29999923706055,27.389297485351562,37814200
2010-02-19,38.0,38.939998626708984,37.92499923706055,38.58000183105469,27.58951759338379,30220200
2010-02-22,38.7599983215332,38.849998474121094,38.08000183105469,38.119998931884766,27.260570526123047,24424000
2010-02-23,37.82500076293945,38.07500076293945,36.53499984741211,36.81999969482422,26.33089828491211,35785800
2010-02-24,36.790000915527344,37.21500015258789,35.95500183105469,36.34000015258789,25.987642288208008,34098200
2010-02-25,35.32500076293945,37.119998931884766,35.185001373291016,37.03499984741211,26.484663009643555,42673600
2010-02-26,37.20500183105469,37.625,36.459999084472656,37.58000183105469,26.87440299987793,26165600
2010-03-01,38.584999084472656,38.64500045776367,37.68000030517578,38.224998474121094,27.335657119750977,30067200
2010-03-02,38.4900016784668,39.334999084472656,38.125,38.9900016784668,27.882734298706055,36969600
2010-03-03,39.724998474121094,40.189998626708984,39.415000915527344,39.619998931884766,28.333261489868164,34036600
2010-03-04,39.650001525878906,39.83000183105469,38.95000076293945,39.41999816894531,28.19023323059082,26113400
2010-03-05,39.93000030517578,40.5,39.654998779296875,40.35499954223633,28.858867645263672,30796000
2010-03-08,40.54999923706055,40.82500076293945,40.099998474121094,40.310001373291016,28.826696395874023,22415600
2010-03-09,39.8650016784668,40.375,39.625,39.880001068115234,28.519184112548828,25750000
2010-03-10,40.1150016784668,40.654998779296875,39.654998779296875,40.040000915527344,28.633607864379883,30947800
2010-03-11,39.724998474121094,40.275001525878906,39.33000183105469,40.25,28.783782958984375,25444800
2010-03-12,40.60499954223633,40.7400016784668,40.13999938964844,40.26499938964844,28.794511795043945,20679000
2010-03-15,39.814998626708984,40.415000915527344,39.5,40.33000183105469,28.840991973876953,23122600
2010-03-16,40.755001068115234,41.220001220703125,40.71500015258789,41.095001220703125,29.388063430786133,25932800
2010-03-17,41.2599983215332,41.5,40.5,40.6150016784668,29.044816970825195,23936800
2010-03-18,40.59000015258789,41.21500015258789,40.02000045776367,40.1349983215332,28.701539993286133,23412200
2010-03-19,39.255001068115234,40.47999954223633,39.05500030517578,39.255001068115234,28.07223892211914,31220800
2010-03-22,38.625,39.95500183105469,38.3849983215332,39.900001525878906,28.533491134643555,28113600
2010-03-23,39.80500030517578,40.56999969482422,39.61000061035156,40.54499816894531,28.994752883911133,25375600
2010-03-24,39.845001220703125,40.44499969482422,39.78499984741211,39.89500045776367,28.529916763305664,21712000
2010-03-25,40.345001220703125,40.459999084472656,38.869998931884766,38.95500183105469,27.857704162597656,26994800
2010-03-26,39.29999923706055,39.970001220703125,39.099998474121094,39.584999084472656,28.308231353759766,23495000
2010-03-29,40.46500015258789,41.494998931884766,40.25,41.439998626708984,29.634790420532227,34633000
2010-03-30,41.58000183105469,42.45000076293945,41.505001068115234,41.83000183105469,29.91368865966797,27978800
2010-03-31,41.709999084472656,42.130001068115234,41.564998626708984,41.77000045776367,29.870779037475586,16508200
2010-04-01,42.44499969482422,43.14500045776367,42.3849983215332,43.13999938964844,30.850494384765625,27572000
2010-04-05,43.41999816894531,43.935001373291016,42.96500015258789,43.665000915527344,31.225933074951172,21963200
2010-04-06,43.505001068115234,44.150001525878906,43.34000015258789,43.665000915527344,31.225933074951172,21875400
2010-04-07,43.775001525878906,43.849998474121094,42.45500183105469,42.96500015258789,30.725353240966797,26689400
2010-04-08,42.54999923706055,43.064998626708984,42.1349983215332,43.025001525878906,30.76825523376465,21001000
2010-04-09,43.334999084472656,43.470001220703125,42.25,42.834999084472656,30.632381439208984,19509600
2010-04-12,42.494998931884766,42.98500061035156,42.0099983215332,42.20000076293945,30.178279876708984,20818600
2010-04-13,42.11000061035156,42.494998931884766,41.709999084472656,42.3849983215332,30.36454200744629,20826000
2010-04-14,42.834999084472656,43.04999923706055,42.45000076293945,42.68000030517578,30.57588005065918,16482800
2010-04-15,42.505001068115234,42.67499923706055,42.02000045776367,42.11000061035156,30.167530059814453,13877400
2010-04-16,41.790000915527344,42.064998626708984,40.34000015258789,40.59000015258789,29.078603744506836,29730000
2010-04-19,40.154998779296875,40.6349983215332,39.349998474121094,40.400001525878906,28.94248390197754,27287000
2010-04-20,40.849998474121094,41.099998474121094,40.3849983215332,40.400001525878906,28.94248390197754,19248400
2010-04-21,40.494998931884766,40.525001525878906,38.27000045776367,39.20500183105469,28.086406707763672,50810200
2010-04-22,38.86000061035156,40.279998779296875,38.599998474121094,40.25,28.83502960205078,32155400
2010-04-23,40.40999984741211,40.459999084472656,39.459999084472656,39.779998779296875,28.49831771850586,26852400
2010-04-26,40.13999938964844,40.83000183105469,40.09000015258789,40.20000076293945,28.799209594726562,19466800
2010-04-27,39.599998474121094,39.599998474121094,37.849998474121094,38.07500076293945,27.276866912841797,38098800
2010-04-28,38.54999923706055,38.81999969482422,37.665000915527344,38.244998931884766,27.39866065979004,26550800
2010-04-29,38.5,39.084999084472656,38.380001068115234,38.86000061035156,27.839235305786133,27931600
2010-04-30,39.22999954223633,39.34000015258789,37.54999923706055,37.76499938964844,27.054780960083008,24533200
2010-05-03,37.79999923706055,38.1349983215332,36.0099983215332,36.869998931884766,26.413610458374023,35163400
2010-05-04,35.939998626708984,35.94499969482422,34.70000076293945,35.244998931884766,25.24946403503418,43716600
2010-05-05,33.9900016784668,36.21500015258789,33.95500183105469,35.220001220703125,25.23154067993164,45503000
2010-05-06,35.25,36.349998474121094,32.5,34.51499938964844,24.72648811340332,54964800
2010-05-07,34.959999084472656,35.060001373291016,32.6150016784668,33.79499816894531,24.21068000793457,63805800
2010-05-10,35.47999954223633,36.744998931884766,35.19499969482422,36.25,25.969436645507812,39485200
2010-05-11,35.564998626708984,36.22999954223633,35.099998474121094,35.119998931884766,25.159902572631836,37039400
2010-05-12,35.78499984741211,36.54999923706055,35.564998626708984,36.5,26.148527145385742,55750800
2010-05-13,36.57500076293945,36.83000183105469,35.689998626708984,35.85499954223633,25.68647003173828,29487600
2010-05-14,35.03499984741211,35.31999969482422,33.95000076293945,34.86000061035156,24.973649978637695,30749800
2010-05-17,34.665000915527344,34.89500045776367,33.029998779296875,33.98500061035156,24.346797943115234,39625600
2010-05-18,34.720001220703125,35.47999954223633,33.595001220703125,33.67499923706055,24.12471580505371,38001600
2010-05-19,33.08000183105469,34.13999938964844,32.6150016784668,33.845001220703125,24.24650764465332,41645800
2010-05-20,32.83000183105469,32.95000076293945,31.594999313354492,31.809999465942383,22.78862953186035,56704000
2010-05-21,31.385000228881836,33.92499923706055,31.344999313354492,33.505001068115234,24.002925872802734,53901000
2010-05-24,33.65999984741211,34.040000915527344,32.744998931884766,32.779998779296875,23.48353385925293,31852000
2010-05-25,31.709999084472656,33.880001068115234,31.385000228881836,33.810001373291016,24.2214298248291,44195200
2010-05-26,34.970001220703125,35.0,33.25,33.29499816894531,23.85247802734375,36043200
2010-05-27,34.689998626708984,35.54999923706055,34.2599983215332,35.53499984741211,25.457212448120117,30256600
2010-05-28,35.57500076293945,35.67499923706055,34.625,35.025001525878906,25.091840744018555,23558000
2010-06-01,34.564998626708984,34.744998931884766,33.224998474121094,33.244998931884766,23.8166561126709,26207000
2010-06-02,33.525001525878906,34.52000045776367,33.02000045776367,34.5099983215332,24.722909927368164,23713600
2010-06-03,34.849998474121094,34.86000061035156,32.505001068115234,33.084999084472656,23.702045440673828,33401800
2010-06-04,32.099998474121094,32.720001220703125,31.260000228881836,31.405000686645508,22.498493194580078,29964200
2010-06-07,31.399999618530273,31.4950008392334,29.1200008392334,29.329999923706055,21.0119571685791,44684800
2010-06-08,29.540000915527344,30.770000457763672,29.424999237060547,30.739999771118164,22.0220890045166,44871000
2010-06-09,31.450000762939453,31.94499969482422,30.125,30.375,21.76060676574707,32151400
2010-06-10,31.31999969482422,32.224998474121094,31.280000686645508,32.18000030517578,23.053699493408203,27765600
2010-06-11,32.04499816894531,32.77000045776367,31.850000381469727,32.46500015258789,23.25787925720215,22096800
2010-06-14,33.43000030517578,33.54499816894531,32.6150016784668,32.630001068115234,23.37607765197754,23427000
2010-06-15,33.0099983215332,33.57500076293945,32.439998626708984,33.525001525878906,24.017261505126953,19932400
2010-06-16,33.08000183105469,33.880001068115234,32.875,33.51499938964844,24.010093688964844,18941600
2010-06-17,33.375,33.474998474121094,32.310001373291016,32.904998779296875,23.57308578491211,22525800
2010-06-18,32.935001373291016,33.13999938964844,32.584999084472656,32.95000076293945,23.60532569885254,19768000
2010-06-21,34.60499954223633,34.994998931884766,33.880001068115234,34.040000915527344,24.38619613647461,39983800
2010-06-22,34.130001068115234,34.150001525878906,32.505001068115234,32.595001220703125,23.351001739501953,26925800
2010-06-23,32.46500015258789,32.7599983215332,31.450000762939453,32.529998779296875,23.304433822631836,29363800
2010-06-24,32.40999984741211,32.529998779296875,31.674999237060547,31.719999313354492,22.724149703979492,24658000
2010-06-25,31.885000228881836,33.41999816894531,31.59000015258789,33.28499984741211,23.845321655273438,34024600
2010-06-28,33.06999969482422,33.165000915527344,32.125,32.33000183105469,23.161151885986328,28057000
2010-06-29,31.389999389648438,31.709999084472656,30.2450008392334,30.53499984741211,21.875221252441406,28802400
2010-06-30,30.610000610351562,30.850000381469727,29.454999923706055,29.565000534057617,21.180313110351562,27159400
2010-07-01,29.594999313354492,30.125,28.354999542236328,29.09000015258789,20.840028762817383,36089600
2010-07-02,29.635000228881836,29.829999923706055,28.940000534057617,29.270000457763672,20.968982696533203,20193400
2010-07-06,30.299999237060547,30.844999313354492,29.190000534057617,29.594999313354492,21.201805114746094,25534000
2010-07-07,29.940000534057617,31.479999542236328,29.6200008392334,31.479999542236328,22.552217483520508,28123000
2010-07-08,31.875,32.185001373291016,31.079999923706055,31.579999923706055,22.623855590820312,25789000
2010-07-09,31.565000534057617,33.06999969482422,31.44499969482422,32.9900016784668,23.633991241455078,23761000
2010-07-12,32.630001068115234,32.720001220703125,31.280000686645508,31.610000610351562,22.645353317260742,33955800
2010-07-13,32.375,32.47999954223633,31.610000610351562,32.060001373291016,23.077247619628906,23331800
2010-07-14,31.864999771118164,32.36000061035156,31.5,31.829999923706055,22.911684036254883,21064200
2010-07-15,31.8700008392334,31.8799991607666,30.920000076293945,31.584999084472656,22.735326766967773,22153800
2010-07-16,31.315000534057617,31.475000381469727,29.954999923706055,30.040000915527344,21.623214721679688,27888200
2010-07-19,30.235000610351562,30.71500015258789,30.0049991607666,30.43000030517578,21.90394401550293,17759200
2010-07-20,30.329999923706055,32.564998626708984,30.229999542236328,32.15999984741211,23.149219512939453,33648000
2010-07-21,33.790000915527344,34.18000030517578,32.720001220703125,33.029998779296875,23.77545738220215,45624000
2010-07-22,33.98500061035156,34.98500061035156,33.875,34.38999938964844,24.754404067993164,37867600
2010-07-23,34.560001373291016,35.689998626708984,34.375,35.540000915527344,25.58219337463379,29995800
2010-07-26,35.415000915527344,35.900001525878906,35.025001525878906,35.619998931884766,25.639766693115234,19800400
2010-07-27,35.79499816894531,36.0,34.310001373291016,34.915000915527344,25.13231086730957,26535800
2010-07-28,34.72999954223633,35.790000915527344,34.709999084472656,35.189998626708984,25.33025550842285,23496600
2010-07-29,35.64500045776367,36.244998931884766,35.0099983215332,35.369998931884766,25.459819793701172,23594600
2010-07-30,34.685001373291016,35.8849983215332,34.67499923706055,35.77000045776367,25.747751235961914,22311200
2010-08-02,36.60499954223633,37.564998626708984,36.540000915527344,37.400001525878906,26.92104721069336,26051200
2010-08-03,37.06999969482422,37.2400016784668,36.525001525878906,37.01499938964844,26.643922805786133,18131600
2010-08-04,37.18000030517578,37.630001068115234,36.584999084472656,37.5,26.993022918701172,20303400
2010-08-05,37.42499923706055,37.42499923706055,36.54499816894531,37.03499984741211,26.65831756591797,19302000
2010-08-06,36.709999084472656,38.125,36.69499969482422,37.30500030517578,26.852672576904297,23549600
2010-08-09,37.654998779296875,37.79999923706055,37.01499938964844,37.3650016784668,26.895856857299805,10716400
2010-08-10,36.5,36.904998779296875,36.099998474121094,36.60499954223633,26.348796844482422,20412600
2010-08-11,35.404998779296875,35.57500076293945,34.75,35.02000045776367,25.207889556884766,23780200
2010-08-12,34.71500015258789,35.65999984741211,34.56999969482422,35.19499969482422,25.333852767944336,18910400
2010-08-13,34.95500183105469,35.244998931884766,34.709999084472656,35.03499984741211,25.21868324279785,12844600
2010-08-16,35.435001373291016,35.845001220703125,35.15999984741211,35.314998626708984,25.42023468017578,12696200
2010-08-17,36.26499938964844,37.0,36.154998779296875,36.415000915527344,26.21202278137207,19482600
2010-08-18,36.35499954223633,36.92499923706055,36.02000045776367,36.61000061035156,26.352388381958008,13784800
2010-08-19,36.56999969482422,37.150001525878906,35.79999923706055,36.04499816894531,25.94569206237793,19734200
2010-08-20,35.625,35.875,35.130001068115234,35.685001373291016,25.686573028564453,19826800
2010-08-23,36.04499816894531,36.07500076293945,35.10499954223633,35.18000030517578,25.323062896728516,12743000
2010-08-24,34.154998779296875,34.18000030517578,33.2599983215332,33.525001525878906,24.13176918029785,30520800
2010-08-25,33.16999816894531,33.435001373291016,32.85499954223633,33.33000183105469,23.991409301757812,26784400
2010-08-26,34.150001525878906,34.494998931884766,33.54999923706055,33.55500030517578,24.153358459472656,24091800
2010-08-27,34.224998474121094,35.6349983215332,33.75,35.599998474121094,25.625375747680664,27349200
2010-08-30,35.54499816894531,35.970001220703125,35.17499923706055,35.18000030517578,25.323062896728516,16481200
2010-08-31,34.935001373291016,36.4900016784668,34.935001373291016,35.994998931884766,25.909711837768555,24595000
2010-09-01,36.9900016784668,38.16999816894531,36.8650016784668,38.095001220703125,27.42132568359375,30597000
2010-09-02,37.95500183105469,38.54999923706055,37.595001220703125,38.47999954223633,27.698442459106445,19169800
2010-09-03,39.15999984741211,39.47999954223633,38.89500045776367,39.275001525878906,28.27071189880371,21550800
2010-09-07,38.685001373291016,39.400001525878906,38.20000076293945,38.93000030517578,28.02235221862793,19601200
2010-09-08,39.20000076293945,40.0,39.025001525878906,39.56999969482422,28.48304557800293,20212200
2010-09-09,39.77000045776367,39.8849983215332,38.75,39.08000183105469,28.130352020263672,19120800
2010-09-10,39.06999969482422,39.76499938964844,38.900001525878906,39.654998779296875,28.544231414794922,14899800
2010-09-13,40.29499816894531,41.209999084472656,40.22999954223633,40.88999938964844,29.433198928833008,20102000
2010-09-14,40.625,41.25,40.349998474121094,40.720001220703125,29.310823440551758,18028000
2010-09-15,40.470001220703125,40.72999954223633,40.0099983215332,40.70000076293945,29.296438217163086,19964400
2010-09-16,40.584999084472656,41.28499984741211,40.57500076293945,40.8650016784668,29.415205001831055,15415800
2010-09-17,41.17499923706055,41.17499923706055,40.564998626708984,40.86000061035156,29.411590576171875,14111200
2010-09-20,41.064998626708984,41.8849983215332,40.935001373291016,41.67499923706055,29.998258590698242,21590800
2010-09-21,41.724998474121094,41.7400016784668,40.47999954223633,41.494998931884766,29.868682861328125,22772400
2010-09-22,41.80500030517578,42.67499923706055,41.755001068115234,42.255001068115234,30.415735244750977,21400000
2010-09-23,41.57500076293945,42.619998931884766,40.970001220703125,42.1150016784668,30.314973831176758,23050400
2010-09-24,43.005001068115234,43.73500061035156,42.8849983215332,43.30500030517578,31.171552658081055,19509600
2010-09-27,43.244998931884766,43.64500045776367,42.8849983215332,43.279998779296875,31.1535587310791,13933000
2010-09-28,43.334999084472656,43.66999816894531,42.404998779296875,43.51499938964844,31.322704315185547,21403200
2010-09-29,43.470001220703125,43.959999084472656,42.83000183105469,43.099998474121094,31.023983001708984,19218400
2010-09-30,43.494998931884766,43.625,42.119998931884766,42.69499969482422,30.73246192932129,21657400
2010-10-01,43.474998474121094,44.64500045776367,43.185001373291016,44.564998626708984,32.078514099121094,31267400
2010-10-04,44.220001220703125,44.29499816894531,43.334999084472656,43.6150016784668,31.394681930541992,23296000
2010-10-05,44.35499954223633,45.900001525878906,44.30500030517578,45.59000015258789,32.81633758544922,26483600
2010-10-06,45.75,47.18000030517578,45.724998474121094,46.810001373291016,33.69449234008789,27311600
2010-10-07,46.814998626708984,46.935001373291016,44.92499923706055,45.70000076293945,32.895503997802734,26884000
2010-10-08,46.154998779296875,47.95500183105469,46.0,47.755001068115234,34.37471008300781,27166200
2010-10-11,47.83000183105469,48.28499984741211,47.32500076293945,47.689998626708984,34.32792663574219,15010200
2010-10-12,47.400001525878906,47.79499816894531,46.45500183105469,47.71500015258789,34.34593200683594,21155000
2010-10-13,48.279998779296875,49.959999084472656,48.224998474121094,49.540000915527344,35.77204895019531,30389200
2010-10-14,49.58000183105469,50.16999816894531,49.084999084472656,49.494998931884766,35.73953628540039,30962600
2010-10-15,49.529998779296875,49.67499923706055,48.35499954223633,49.025001525878906,35.40018844604492,25348200
2010-10-18,48.31999969482422,48.689998626708984,47.849998474121094,48.150001525878906,34.76834487915039,19346600
2010-10-19,46.42499923706055,47.29499816894531,46.0,46.36000061035156,33.47581481933594,29124200
2010-10-20,46.98500061035156,48.119998931884766,46.70500183105469,47.67499923706055,34.42534637451172,21106000
2010-10-21,49.525001525878906,49.82500076293945,47.209999084472656,48.21500015258789,34.81528091430664,35780400
2010-10-22,48.22999954223633,48.275001525878906,46.5099983215332,47.025001525878906,33.955997467041016,21000800
2010-10-25,48.5,48.91999816894531,47.775001525878906,48.03499984741211,34.68529510498047,20121200
2010-10-26,47.4900016784668,49.209999084472656,47.25,49.13999938964844,35.483219146728516,21036200
2010-10-27,47.970001220703125,48.20000076293945,47.02000045776367,47.75,34.47951889038086,23445600
2010-10-28,48.494998931884766,48.75,47.67499923706055,47.744998931884766,34.47590255737305,19997200
2010-10-29,47.39500045776367,47.67499923706055,47.0,47.39500045776367,34.22315979003906,16744400
2010-11-01,48.275001525878906,48.29999923706055,47.505001068115234,48.119998931884766,34.74668502807617,17677200
2010-11-02,48.69499969482422,49.125,48.30500030517578,48.83000183105469,35.259361267089844,21242600
2010-11-03,48.79999923706055,48.92499923706055,47.525001525878906,48.54499816894531,35.053558349609375,23248600
2010-11-04,50.02000045776367,51.974998474121094,49.92499923706055,51.94499969482422,37.50865173339844,34467000
2010-11-05,51.5,53.53499984741211,51.47999954223633,52.41999816894531,37.851646423339844,27409800
2010-11-08,52.14500045776367,52.85499954223633,51.60499954223633,52.63999938964844,38.01050567626953,14835600
2010-11-09,53.90999984741211,54.255001068115234,50.959999084472656,51.32500076293945,37.06097412109375,39251600
2010-11-10,51.34000015258789,52.2400016784668,50.310001373291016,52.165000915527344,37.667518615722656,28535800
2010-11-11,52.79999923706055,54.05500030517578,52.32500076293945,54.005001068115234,38.996150970458984,27264200
2010-11-12,52.77000045776367,53.349998474121094,51.11000061035156,51.959999084472656,37.51948547363281,32590800
2010-11-15,51.95000076293945,52.2400016784668,50.90999984741211,51.0,36.8262939453125,19377200
2010-11-16,49.73500061035156,49.900001525878906,48.0099983215332,48.80500030517578,35.24130630493164,44192400
2010-11-17,48.525001525878906,49.65999984741211,48.28499984741211,48.41999816894531,34.96331024169922,22587200
2010-11-18,49.845001220703125,50.7400016784668,49.775001525878906,49.92499923706055,36.050045013427734,22936800
2010-11-19,49.349998474121094,50.96500015258789,48.900001525878906,50.900001525878906,36.75407791137695,22304200
2010-11-22,50.220001220703125,51.25,49.994998931884766,51.005001068115234,36.829891204833984,19816600
2010-11-23,50.0,50.04499816894531,48.96500015258789,49.349998474121094,35.634849548339844,22066000
2010-11-24,49.834999084472656,50.625,49.599998474121094,50.36000061035156,36.3641471862793,15920400
2010-11-26,49.63999938964844,49.64500045776367,48.89500045776367,48.959999084472656,35.353240966796875,9738200
2010-11-29,48.78499984741211,50.79999923706055,48.17499923706055,50.650001525878906,36.57354736328125,26020600
2010-11-30,50.04999923706055,51.59000015258789,49.85499954223633,50.65999984741211,36.580780029296875,25585800
2010-12-01,52.064998626708984,52.78499984741211,51.525001525878906,52.744998931884766,38.08632278442383,21414000
2010-12-02,52.75,54.125,52.75,53.81999969482422,38.86256408691406,22373400
2010-12-03,53.435001373291016,54.71500015258789,53.435001373291016,54.474998474121094,39.335533142089844,17262600
2010-12-06,54.48500061035156,55.95000076293945,54.474998474121094,54.95000076293945,39.67851257324219,22987200
2010-12-07,56.540000915527344,57.119998931884766,55.16999816894531,55.314998626708984,39.942073822021484,25401200
2010-12-08,55.529998779296875,55.775001525878906,53.349998474121094,54.29999923706055,39.209163665771484,27089800
2010-12-09,55.959999084472656,56.0,54.81999969482422,55.33000183105469,39.95291519165039,19798800
2010-12-10,55.88999938964844,56.52000045776367,55.150001525878906,56.435001373291016,40.750816345214844,17366200
2010-12-13,57.56999969482422,58.70000076293945,57.20000076293945,57.76499938964844,41.7111930847168,20016200
2010-12-14,57.97999954223633,58.025001525878906,57.005001068115234,57.40999984741211,41.454833984375,17135600
2010-12-15,56.79999923706055,57.349998474121094,55.90999984741211,56.025001525878906,40.45475769042969,19755000
2010-12-16,56.21500015258789,56.224998474121094,54.875,55.720001220703125,40.59683609008789,16599600
2010-12-17,56.1150016784668,56.95000076293945,56.0099983215332,56.85499954223633,41.42378616333008,20282000
2010-12-20,57.64500045776367,57.93000030517578,56.96500015258789,57.02000045776367,41.54399108886719,13788800
2010-12-21,57.83000183105469,58.189998626708984,57.189998626708984,58.099998474121094,42.33088302612305,11555200
2010-12-22,58.60499954223633,58.67499923706055,57.88999938964844,58.19499969482422,42.40009307861328,11500400
2010-12-23,57.834999084472656,59.084999084472656,57.7400016784668,59.084999084472656,43.04853057861328,11411200
2010-12-27,58.584999084472656,59.720001220703125,58.529998779296875,59.30500030517578,43.20880889892578,11185200
2010-12-28,59.814998626708984,59.86000061035156,58.84000015258789,59.13999938964844,43.08860778808594,8346000
2010-12-29,59.52000045776367,59.709999084472656,59.14500045776367,59.57500076293945,43.4055290222168,7734600
2010-12-30,59.91999816894531,60.38999938964844,59.459999084472656,59.474998474121094,43.332679748535156,8232600
2010-12-31,59.595001220703125,60.220001220703125,59.28499984741211,60.04499816894531,43.747962951660156,6976800
2011-01-03,60.845001220703125,61.25,59.57500076293945,59.790000915527344,43.56219482421875,16915200
2011-01-04,59.70000076293945,60.125,57.525001525878906,59.375,43.25980758666992,29234800
2011-01-05,58.69499969482422,59.42499923706055,57.95000076293945,59.17499923706055,43.114097595214844,20456600
2011-01-06,59.15999984741211,59.19499969482422,57.564998626708984,58.040000915527344,42.28715515136719,19211200
2011-01-07,58.25,58.974998474121094,57.665000915527344,58.73500061035156,42.793514251708984,20664600
2011-01-10,58.744998931884766,59.66999816894531,57.775001525878906,59.47999954223633,43.336326599121094,16834000
2011-01-11,60.369998931884766,60.9900016784668,59.775001525878906,60.900001525878906,44.37091827392578,17182600
2011-01-12,61.04499816894531,61.345001220703125,60.650001525878906,60.91999816894531,44.56843185424805,17112200
2011-01-13,60.98500061035156,60.9900016784668,58.94499969482422,59.03499984741211,43.18939971923828,17084400
2011-01-14,59.025001525878906,59.415000915527344,58.375,59.17499923706055,43.291805267333984,18427800
2011-01-18,59.42499923706055,59.744998931884766,58.790000915527344,59.29999923706055,43.38326644897461,12330200
2011-01-19,59.810001373291016,59.834999084472656,57.349998474121094,57.58000183105469,42.12492370605469,18815600
2011-01-20,55.4900016784668,55.720001220703125,54.57500076293945,55.45000076293945,40.56663513183594,35536200
2011-01-21,55.21500015258789,55.689998626708984,54.05500030517578,54.20000076293945,39.65216064453125,25499400
2011-01-24,54.095001220703125,55.654998779296875,53.869998931884766,54.23500061035156,39.67777633666992,20703600
2011-01-25,53.060001373291016,53.724998474121094,52.30500030517578,53.21500015258789,38.93154525756836,31685400
2011-01-26,53.165000915527344,55.400001525878906,53.10499954223633,55.15999984741211,40.3544807434082,26181200
2011-01-27,55.810001373291016,55.810001373291016,53.255001068115234,53.83000183105469,39.3814811706543,27221200
2011-01-28,53.61000061035156,54.28499984741211,52.82500076293945,53.084999084472656,38.8364372253418,21895800
2011-01-31,53.744998931884766,54.5,53.45000076293945,54.375,39.780181884765625,21833200
2011-02-01,55.275001525878906,57.10499954223633,55.125,57.03499984741211,41.72621536254883,48860200
2011-02-02,56.86000061035156,57.59000015258789,55.939998626708984,56.2599983215332,41.15923309326172,16916600
2011-02-03,56.16999816894531,57.029998779296875,55.0,56.88999938964844,41.62012481689453,14760500
2011-02-04,57.36000061035156,57.40999984741211,56.209999084472656,56.7599983215332,41.52501678466797,12884800
2011-02-07,57.36000061035156,57.63999938964844,55.54999923706055,55.619998931884766,40.691009521484375,17369600
2011-02-08,56.09000015258789,56.16999816894531,55.04999923706055,55.63999938964844,40.70564651489258,15319500
2011-02-09,55.099998474121094,55.630001068115234,53.45000076293945,53.88999938964844,39.42537307739258,18149200
2011-02-10,52.9900016784668,54.349998474121094,52.7599983215332,53.619998931884766,39.22783660888672,14835700
2011-02-11,53.279998779296875,53.970001220703125,53.0,53.52000045776367,39.154666900634766,12345900
2011-02-14,54.36000061035156,56.25,54.349998474121094,56.13999938964844,41.071434020996094,18232700
2011-02-15,55.9900016784668,56.43000030517578,54.439998626708984,54.650001525878906,39.98136520385742,14092300
2011-02-16,54.939998626708984,55.4900016784668,54.189998626708984,55.43000030517578,40.55200958251953,14346600
2011-02-17,55.63999938964844,55.63999938964844,54.4900016784668,55.2400016784668,40.413021087646484,12767100
2011-02-18,55.060001373291016,55.13999938964844,52.790000915527344,52.95000076293945,38.7376823425293,19540100
2011-02-22,51.380001068115234,52.22999954223633,50.029998779296875,50.380001068115234,36.85749053955078,27564100
2011-02-23,50.220001220703125,51.54999923706055,49.599998474121094,51.0099983215332,37.31838607788086,23349800
2011-02-24,51.220001220703125,52.56999969482422,50.70000076293945,51.86000061035156,37.94023895263672,21900800
2011-02-25,52.90999984741211,53.04999923706055,52.0,52.45000076293945,38.37187194824219,15065500
2011-02-28,53.099998474121094,53.5,51.95000076293945,52.95000076293945,38.7376823425293,12966500
2011-03-01,53.130001068115234,53.349998474121094,51.560001373291016,51.619998931884766,37.7646484375,15307100
2011-03-02,51.29999923706055,52.43000030517578,51.0099983215332,51.97999954223633,38.02802276611328,11864600
2011-03-03,52.90999984741211,53.11000061035156,51.83000183105469,52.400001525878906,38.335296630859375,14694400
2011-03-04,52.7400016784668,52.959999084472656,51.060001373291016,51.709999084472656,37.83049392700195,16102200
2011-03-07,51.97999954223633,52.31999969482422,49.599998474121094,50.13999938964844,36.68189239501953,18786200
2011-03-08,50.20000076293945,50.95000076293945,48.61000061035156,50.11000061035156,36.659950256347656,21294000
2011-03-09,50.47999954223633,50.5099983215332,48.15999984741211,48.45000076293945,35.44551467895508,29047600
2011-03-10,47.130001068115234,49.08000183105469,46.20000076293945,47.790000915527344,34.962669372558594,35904500
2011-03-11,47.439998626708984,49.86000061035156,47.279998779296875,49.47999954223633,36.199066162109375,22207900
2011-03-14,49.060001373291016,49.4900016784668,48.16999816894531,48.93000030517578,35.79667663574219,20545700
2011-03-15,47.0,51.869998931884766,46.529998779296875,51.43000030517578,37.62565231323242,44575400
2011-03-16,52.38999938964844,52.470001220703125,49.06999969482422,50.290000915527344,36.79164505004883,31736900
2011-03-17,51.93000030517578,52.650001525878906,51.06999969482422,52.0,38.04266357421875,22456500
2011-03-18,53.099998474121094,53.290000915527344,51.61000061035156,51.779998779296875,37.88169479370117,20574100
2011-03-21,52.459999084472656,52.75,51.70000076293945,52.43000030517578,38.35725021362305,16321100
2011-03-22,52.400001525878906,52.650001525878906,51.209999084472656,52.279998779296875,38.247493743896484,15952500
2011-03-23,53.0,55.189998626708984,52.58000183105469,54.880001068115234,40.1496467590332,27179400
2011-03-24,55.25,55.25,53.439998626708984,54.34000015258789,39.75458908081055,21327900
2011-03-25,54.40999984741211,55.18000030517578,54.04999923706055,54.54999923706055,39.908206939697266,14653400
2011-03-28,54.97999954223633,55.650001525878906,53.81999969482422,54.08000183105469,39.56437683105469,17715700
2011-03-29,53.95000076293945,54.540000915527344,53.45000076293945,54.29999923706055,39.72531509399414,17503100
2011-03-30,55.13999938964844,55.310001373291016,53.7599983215332,55.2400016784668,40.413021087646484,18449500
2011-03-31,55.0099983215332,56.27000045776367,55.0,55.54999923706055,40.63978958129883,15964400
2011-04-01,55.459999084472656,55.68000030517578,54.40999984741211,55.08000183105469,40.29595184326172,15255100
2011-04-04,55.959999084472656,56.400001525878906,55.290000915527344,55.77000045776367,40.800750732421875,13291600
2011-04-05,55.279998779296875,57.34000015258789,55.11000061035156,56.61000061035156,41.415283203125,17431100
2011-04-06,57.86000061035156,58.22999954223633,56.13999938964844,56.25,41.15192794799805,18797700
2011-04-07,56.68000030517578,57.68000030517578,56.29999923706055,57.439998626708984,42.02251052856445,17407900
2011-04-08,58.56999969482422,58.75,56.9900016784668,57.22999954223633,41.868873596191406,16917200
2011-04-11,57.22999954223633,57.599998474121094,55.060001373291016,55.439998626708984,40.559326171875,18339800
2011-04-12,54.25,54.47999954223633,53.02000045776367,53.70000076293945,39.28636169433594,20264600
2011-04-13,53.84000015258789,53.97999954223633,51.959999084472656,52.310001373291016,38.448455810546875,21403700
2011-04-14,52.130001068115234,53.08000183105469,51.810001373291016,51.93000030517578,38.16915512084961,19114100
2011-04-15,51.720001220703125,52.11000061035156,50.86000061035156,51.16999816894531,37.610530853271484,23185800
2011-04-18,50.540000915527344,51.5099983215332,49.709999084472656,50.61000061035156,37.19894027709961,22052000
2011-04-19,51.41999816894531,51.95000076293945,50.529998779296875,51.720001220703125,38.014793395996094,21864200
2011-04-20,54.689998626708984,54.900001525878906,53.04999923706055,53.29999923706055,39.17611312866211,29024600
2011-04-21,53.959999084472656,55.0,53.779998779296875,54.84000015258789,40.30803680419922,16066800
2011-04-25,54.939998626708984,55.790000915527344,54.150001525878906,54.790000915527344,40.27128219604492,15220200
2011-04-26,55.209999084472656,56.130001068115234,54.209999084472656,55.88999938964844,41.079795837402344,16700000
2011-04-27,55.16999816894531,56.16999816894531,54.130001068115234,56.16999816894531,41.28559875488281,21256000
2011-04-28,55.79999923706055,56.4900016784668,54.36000061035156,54.91999816894531,40.3668327331543,18222200
2011-04-29,55.02000045776367,55.63999938964844,54.34000015258789,55.02000045776367,40.44034194946289,12927300
2011-05-02,55.119998931884766,55.56999969482422,54.0,54.34000015258789,39.940513610839844,16638800
2011-05-03,54.41999816894531,54.689998626708984,52.34000015258789,53.20000076293945,39.10261535644531,24202400
2011-05-04,53.0099983215332,53.04999923706055,50.540000915527344,51.13999938964844,37.588462829589844,29908900
2011-05-05,50.099998474121094,51.099998474121094,49.40999984741211,49.849998474121094,36.640323638916016,26306100
2011-05-06,51.41999816894531,51.77000045776367,49.84000015258789,50.16999816894531,36.875526428222656,18842200
2011-05-09,51.029998779296875,52.099998474121094,50.36000061035156,51.880001068115234,38.13240432739258,16249100
2011-05-10,52.25,52.29999923706055,51.290000915527344,51.61000061035156,37.9339485168457,15408500
2011-05-11,50.650001525878906,50.66999816894531,48.02000045776367,48.27000045776367,35.826080322265625,30283700
2011-05-12,48.150001525878906,49.38999938964844,47.599998474121094,48.720001220703125,36.16008377075195,26876600
2011-05-13,49.220001220703125,49.5,47.68000030517578,48.27000045776367,35.826080322265625,20209000
2011-05-16,48.369998931884766,49.29999923706055,47.130001068115234,47.349998474121094,35.14325714111328,24495400
2011-05-17,47.08000183105469,47.54999923706055,46.060001373291016,46.83000183105469,34.75732421875,34615200
2011-05-18,47.279998779296875,48.91999816894531,47.20000076293945,48.619998931884766,36.08584976196289,28788700
2011-05-19,48.720001220703125,48.779998779296875,47.65999984741211,47.970001220703125,35.603424072265625,20672800
2011-05-20,48.13999938964844,49.16999816894531,47.20000076293945,48.380001068115234,35.907737731933594,24753600
2011-05-23,46.939998626708984,47.900001525878906,46.66999816894531,47.41999816894531,35.19520950317383,20245700
2011-05-24,48.33000183105469,49.189998626708984,48.099998474121094,48.81999969482422,36.234310150146484,22216700
2011-05-25,49.130001068115234,50.5,49.0,49.97999954223633,37.09526062011719,24763800
2011-05-26,50.29999923706055,51.0,49.810001373291016,50.38999938964844,37.39956283569336,20937000
2011-05-27,51.380001068115234,51.900001525878906,51.099998474121094,51.72999954223633,38.39411544799805,17435100
2011-05-31,52.400001525878906,52.70000076293945,50.77000045776367,51.63999938964844,38.32730484008789,24328400
2011-06-01,51.63999938964844,51.869998931884766,49.189998626708984,49.380001068115234,36.649932861328125,25250800
2011-06-02,49.900001525878906,50.470001220703125,48.900001525878906,49.779998779296875,36.94681167602539,20878700
2011-06-03,48.900001525878906,50.5,48.400001525878906,49.93000030517578,37.058135986328125,18868400
2011-06-06,50.349998474121094,51.06999969482422,49.5099983215332,49.790000915527344,36.95423126220703,20563500
2011-06-07,50.439998626708984,50.599998474121094,49.7400016784668,49.7599983215332,36.93197250366211,15027100
2011-06-08,49.2599983215332,49.72999954223633,48.52000045776367,48.81999969482422,36.234310150146484,18163900
2011-06-09,48.720001220703125,50.400001525878906,48.5099983215332,49.849998474121094,36.998775482177734,16477400
2011-06-10,49.400001525878906,49.83000183105469,48.689998626708984,48.93000030517578,36.31593322753906,17504100
2011-06-13,49.15999984741211,49.29999923706055,47.54999923706055,48.33000183105469,35.87060546875,17501100
2011-06-14,49.209999084472656,50.380001068115234,48.959999084472656,49.880001068115234,37.02102279663086,19834300
2011-06-15,49.61000061035156,49.84000015258789,48.09000015258789,48.529998779296875,36.01906204223633,23592600
2011-06-16,47.959999084472656,48.65999984741211,47.060001373291016,47.849998474121094,35.514373779296875,22437600
2011-06-17,48.619998931884766,48.79999923706055,47.5,47.93000030517578,35.57374572753906,17351400
2011-06-20,47.54999923706055,48.279998779296875,47.369998931884766,47.40999984741211,35.18778991699219,18374600
2011-06-21,48.04999923706055,49.380001068115234,47.97999954223633,49.2400016784668,36.546024322509766,17224300
2011-06-22,49.20000076293945,49.900001525878906,48.83000183105469,48.86000061035156,36.26399612426758,15309500
2011-06-23,47.84000015258789,49.060001373291016,47.11000061035156,48.939998626708984,36.32335662841797,21665900
2011-06-24,49.45000076293945,49.650001525878906,48.189998626708984,48.43000030517578,35.94484329223633,17760800
2011-06-27,48.130001068115234,48.83000183105469,47.400001525878906,48.689998626708984,36.1378173828125,14089500
2011-06-28,48.90999984741211,50.459999084472656,48.70000076293945,50.439998626708984,37.43667221069336,19061200
2011-06-29,51.08000183105469,52.619998931884766,50.849998474121094,51.619998931884766,38.31246566772461,24492700
2011-06-30,51.939998626708984,53.41999816894531,51.880001068115234,52.900001525878906,39.26247787475586,24250800
2011-07-01,52.849998474121094,53.5,51.970001220703125,53.5,39.707801818847656,17077900
2011-07-05,53.52000045776367,53.97999954223633,53.150001525878906,53.619998931884766,39.79686737060547,15679500
2011-07-06,53.0,53.810001373291016,52.7599983215332,53.52000045776367,39.72263717651367,13638200
2011-07-07,54.779998779296875,56.119998931884766,54.459999084472656,55.4900016784668,41.184783935546875,23570400
2011-07-08,54.619998931884766,55.2400016784668,54.15999984741211,55.119998931884766,40.91017150878906,17860500
2011-07-11,53.880001068115234,54.209999084472656,53.02000045776367,53.29999923706055,39.559356689453125,19934500
2011-07-12,53.099998474121094,55.08000183105469,53.04999923706055,54.08000183105469,40.13827896118164,18354100
2011-07-13,54.61000061035156,55.88999938964844,54.380001068115234,54.88999938964844,40.92866516113281,17646900
2011-07-14,55.29999923706055,55.5,54.0,54.25,40.451454162597656,16542800
2011-07-15,54.7599983215332,55.400001525878906,54.56999969482422,55.34000015258789,41.264217376708984,13696700
2011-07-18,55.189998626708984,55.95000076293945,54.630001068115234,55.04999923706055,41.0479736328125,14714300
2011-07-19,56.0,56.380001068115234,55.650001525878906,56.29999923706055,41.98003005981445,12827500
2011-07-20,56.459999084472656,56.5,55.470001220703125,55.91999816894531,41.69668197631836,14056600
2011-07-21,55.939998626708984,56.68000030517578,54.77000045776367,55.34000015258789,41.264217376708984,18476900
2011-07-22,55.43000030517578,55.810001373291016,54.90999984741211,55.66999816894531,41.51028060913086,11615200
2011-07-25,55.16999816894531,55.959999084472656,54.86000061035156,55.459999084472656,41.35369873046875,9494300
2011-07-26,56.06999969482422,56.779998779296875,55.43000030517578,56.08000183105469,41.81599044799805,15921600
2011-07-27,55.63999938964844,56.31999969482422,54.2599983215332,54.45000076293945,40.6005859375,13723100
2011-07-28,54.349998474121094,54.939998626708984,54.0,54.040000915527344,40.29486083984375,11699500
2011-07-29,53.15999984741211,53.83000183105469,52.18000030517578,52.959999084472656,39.48955154418945,15667400
2011-08-01,54.380001068115234,54.54999923706055,52.41999816894531,53.16999816894531,39.646148681640625,12944100
2011-08-02,52.70000076293945,53.70000076293945,51.41999816894531,51.439998626708984,38.356178283691406,14370800
2011-08-03,51.400001525878906,51.86000061035156,49.5,50.650001525878906,37.767120361328125,19387000
2011-08-04,49.33000183105469,49.40999984741211,46.779998779296875,46.79999923706055,34.89636993408203,27257000
2011-08-05,47.68000030517578,48.459999084472656,44.029998779296875,45.9900016784668,34.292396545410156,31096600
2011-08-08,44.130001068115234,45.02000045776367,41.20000076293945,41.88999938964844,31.235239028930664,33127600
2011-08-09,43.31999969482422,45.16999816894531,41.45000076293945,45.04999923706055,33.591487884521484,33417800
2011-08-10,44.08000183105469,45.560001373291016,43.11000061035156,43.54999923706055,32.47300338745117,25770300
2011-08-11,44.29999923706055,46.47999954223633,43.65999984741211,45.81999969482422,34.16563034057617,19401400
2011-08-12,46.72999954223633,46.7400016784668,45.099998474121094,45.400001525878906,33.852455139160156,15401100
2011-08-15,45.70000076293945,46.70000076293945,45.599998474121094,46.68000030517578,34.8068962097168,13993300
2011-08-16,46.0,46.59000015258789,45.4900016784668,46.0099983215332,34.30731201171875,17513500
2011-08-17,46.20000076293945,47.59000015258789,46.150001525878906,46.61000061035156,34.75469207763672,14401800
2011-08-18,45.13999938964844,45.16999816894531,42.189998626708984,42.849998474121094,31.951059341430664,29773900
2011-08-19,41.939998626708984,44.189998626708984,41.7599983215332,41.939998626708984,31.27250862121582,20168700
2011-08-22,43.29999923706055,43.380001068115234,41.459999084472656,41.599998474121094,31.018985748291016,16110700
2011-08-23,41.95000076293945,43.04999923706055,41.54999923706055,42.88999938964844,31.98089027404785,15530600
2011-08-24,42.95000076293945,43.540000915527344,42.11000061035156,43.470001220703125,32.41335678100586,15995400
2011-08-25,44.04999923706055,44.540000915527344,43.11000061035156,43.5,32.435726165771484,14756000
2011-08-26,43.15999984741211,44.72999954223633,42.369998931884766,44.529998779296875,33.203758239746094,14704700
2011-08-29,45.11000061035156,45.88999938964844,44.720001220703125,45.810001373291016,34.15817642211914,10591500
2011-08-30,45.61000061035156,46.91999816894531,45.099998474121094,46.61000061035156,34.75469207763672,14128600
2011-08-31,47.2599983215332,48.599998474121094,46.599998474121094,47.11000061035156,35.12752151489258,21414300
2011-09-01,46.88999938964844,47.869998931884766,46.25,46.459999084472656,34.642852783203125,14527800
2011-09-02,45.150001525878906,45.54999923706055,44.540000915527344,44.939998626708984,33.509464263916016,15232900
2011-09-06,43.459999084472656,44.439998626708984,43.0,44.36000061035156,33.076988220214844,14869200
2011-09-07,45.380001068115234,45.560001373291016,44.869998931884766,45.16999816894531,33.680965423583984,15874900
2011-09-08,44.7599983215332,45.54999923706055,44.0099983215332,44.27000045776367,33.0098762512207,13767900
2011-09-09,43.5099983215332,43.65999984741211,41.5099983215332,41.9900016784668,31.309797286987305,25657400
2011-09-12,41.02000045776367,42.029998779296875,40.2400016784668,41.310001373291016,30.802757263183594,19422600
2011-09-13,41.459999084472656,42.27000045776367,40.81999969482422,42.0,31.31725311279297,12886000
2011-09-14,42.16999816894531,42.279998779296875,40.54999923706055,41.709999084472656,31.10101890563965,16767100
2011-09-15,42.47999954223633,42.720001220703125,41.5,42.540000915527344,31.719913482666016,12122800
2011-09-16,43.0099983215332,43.09000015258789,41.290000915527344,41.59000015258789,31.01154136657715,15299600
2011-09-19,40.4900016784668,40.540000915527344,39.310001373291016,40.220001220703125,29.98999786376953,18525900
2011-09-20,39.959999084472656,40.77000045776367,38.130001068115234,38.54999923706055,28.744766235351562,25602000
2011-09-21,38.08000183105469,38.099998474121094,35.560001373291016,35.59000015258789,26.537647247314453,40981800
2011-09-22,33.459999084472656,33.5,30.969999313354492,32.13999938964844,23.96515464782715,49671000
2011-09-23,31.399999618530273,33.08000183105469,31.399999618530273,32.369998931884766,24.13664436340332,23085700
2011-09-26,32.25,33.88999938964844,31.149999618530273,33.77000045776367,25.180561065673828,29015600
2011-09-27,35.880001068115234,36.2400016784668,34.54999923706055,34.81999969482422,25.96349334716797,28418600
2011-09-28,34.52000045776367,34.93000030517578,32.08000183105469,32.29999923706055,24.084461212158203,30046200
2011-09-29,33.31999969482422,33.349998474121094,30.639999389648438,31.34000015258789,23.368635177612305,39708200
2011-09-30,30.809999465942383,31.780000686645508,30.3700008392334,30.450000762939453,22.70500946044922,24953500
2011-10-03,30.209999084472656,31.56999969482422,29.850000381469727,29.8700008392334,22.27252960205078,32596700
2011-10-04,29.31999969482422,32.31999969482422,28.850000381469727,32.130001068115234,23.95770263671875,39400000
2011-10-05,31.790000915527344,34.45000076293945,31.450000762939453,34.41999816894531,25.665237426757812,38252000
2011-10-06,34.93000030517578,35.400001525878906,34.09000015258789,34.880001068115234,26.008235931396484,52406400
2011-10-07,35.54999923706055,35.720001220703125,33.56999969482422,34.0099983215332,25.359519958496094,49848900
2011-10-10,35.16999816894531,36.15999984741211,35.150001525878906,36.029998779296875,26.865720748901367,31158900
2011-10-11,34.91999816894531,36.0099983215332,34.619998931884766,35.45000076293945,26.433252334594727,22555600
2011-10-12,36.5,37.349998474121094,35.59000015258789,35.88999938964844,26.951404571533203,29871600
2011-10-13,35.5,35.5,34.15999984741211,35.2400016784668,26.463287353515625,25340500
2011-10-14,36.75,37.20000076293945,36.06999969482422,36.77000045776367,27.612224578857422,21090500
2011-10-17,36.15999984741211,36.20000076293945,34.90999984741211,35.11000061035156,26.365671157836914,23547900
2011-10-18,34.58000183105469,35.66999816894531,33.209999084472656,35.380001068115234,26.56842613220215,27239400
2011-10-19,35.16999816894531,36.349998474121094,34.209999084472656,34.380001068115234,25.817481994628906,28010000
2011-10-20,34.650001525878906,35.70000076293945,33.599998474121094,34.790000915527344,26.1253662109375,31054500
2011-10-21,35.91999816894531,36.630001068115234,35.43000030517578,36.58000183105469,27.469552993774414,27919800
2011-10-24,38.56999969482422,39.86000061035156,38.20000076293945,39.5,29.66231346130371,30743100
2011-10-25,39.310001373291016,39.439998626708984,38.0,38.209999084472656,28.693586349487305,22847500
2011-10-26,39.5,39.630001068115234,38.0,39.29999923706055,29.512123107910156,23479100
2011-10-27,42.619998931884766,43.5,41.630001068115234,42.75,32.1028938293457,41707000
2011-10-28,41.79999923706055,43.47999954223633,41.5,42.79999923706055,32.14042282104492,23505700
2011-10-31,41.0,41.630001068115234,40.2400016784668,40.2599983215332,30.233030319213867,21920800
2011-11-01,37.5,39.650001525878906,36.52000045776367,38.7599983215332,29.10660743713379,33847800
2011-11-02,40.099998474121094,40.220001220703125,38.86000061035156,39.779998779296875,29.872575759887695,20131700
2011-11-03,40.349998474121094,40.52000045776367,39.27000045776367,40.11000061035156,30.12039566040039,20225100
2011-11-04,39.880001068115234,40.5,39.40999984741211,40.31999969482422,30.27809715270996,18405800
2011-11-07,40.08000183105469,41.380001068115234,40.0,41.2599983215332,30.98397445678711,18874300
2011-11-08,41.83000183105469,42.099998474121094,40.88999938964844,41.88999938964844,31.45707893371582,19276500
2011-11-09,40.43000030517578,40.93000030517578,38.380001068115234,38.79999923706055,29.136655807495117,28791800
2011-11-10,39.4900016784668,39.81999969482422,38.369998931884766,39.20000076293945,29.437042236328125,18069300
2011-11-11,39.880001068115234,40.0,39.25,39.86000061035156,29.932659149169922,16291700
2011-11-14,39.72999954223633,40.209999084472656,39.16999816894531,39.689998626708984,29.80499839782715,18134100
2011-11-15,39.20000076293945,39.91999816894531,38.959999084472656,39.59000015258789,29.729909896850586,16244200
2011-11-16,38.95000076293945,39.209999084472656,38.04999923706055,38.220001220703125,28.70110321044922,21109300
2011-11-17,37.86000061035156,38.119998931884766,36.4900016784668,36.83000183105469,27.657291412353516,22554200
2011-11-18,37.47999954223633,37.63999938964844,36.59000015258789,36.939998626708984,27.739892959594727,17322900
2011-11-21,35.790000915527344,36.439998626708984,35.2400016784668,36.13999938964844,27.139137268066406,18503900
2011-11-22,35.88999938964844,36.38999938964844,35.349998474121094,35.63999938964844,26.763669967651367,16244800
2011-11-23,35.08000183105469,35.290000915527344,34.34000015258789,34.380001068115234,25.817481994628906,15463100
2011-11-25,34.16999816894531,34.619998931884766,33.77000045776367,33.81999969482422,25.396949768066406,7460900
2011-11-28,35.959999084472656,36.150001525878906,35.38999938964844,35.939998626708984,26.98895263671875,14910000
2011-11-29,36.279998779296875,36.83000183105469,35.77000045776367,36.47999954223633,27.394474029541016,14935400
2011-11-30,38.91999816894531,39.650001525878906,38.5099983215332,39.599998474121094,29.737411499023438,24146600
2011-12-01,39.34000015258789,40.11000061035156,38.849998474121094,39.279998779296875,29.497116088867188,13726500
2011-12-02,40.04999923706055,40.369998931884766,39.20000076293945,39.29999923706055,29.512123107910156,15037000
2011-12-05,40.209999084472656,40.68000030517578,39.91999816894531,40.22999954223633,30.21050262451172,16201600
2011-12-06,39.709999084472656,41.220001220703125,39.66999816894531,40.540000915527344,30.443300247192383,14803600
2011-12-07,40.13999938964844,40.79999923706055,39.810001373291016,40.41999816894531,30.353178024291992,13453700
2011-12-08,39.869998931884766,40.08000183105469,38.06999969482422,38.34000015258789,28.791215896606445,16668700
2011-12-09,38.33000183105469,40.2400016784668,38.150001525878906,39.72999954223633,29.835025787353516,15371200
2011-12-12,38.79999923706055,38.900001525878906,38.0,38.540000915527344,28.941415786743164,13056000
2011-12-13,39.099998474121094,39.560001373291016,37.439998626708984,37.779998779296875,28.370685577392578,18335400
2011-12-14,36.9900016784668,38.040000915527344,36.52000045776367,37.439998626708984,28.115354537963867,19755500
2011-12-15,38.0099983215332,38.31999969482422,36.68000030517578,36.869998931884766,27.687332153320312,18749700
2011-12-16,37.36000061035156,37.88999938964844,36.56999969482422,36.9900016784668,27.777448654174805,18731100
2011-12-19,36.72999954223633,37.04999923706055,35.650001525878906,35.7400016784668,26.838768005371094,13550000
2011-12-20,36.70000076293945,37.720001220703125,36.70000076293945,37.58000183105469,28.220504760742188,12508700
2011-12-21,37.59000015258789,37.970001220703125,36.959999084472656,37.75,28.348159790039062,12045100
2011-12-22,37.970001220703125,38.599998474121094,37.599998474121094,38.400001525878906,28.836275100708008,12252600
2011-12-23,38.65999984741211,38.65999984741211,38.0099983215332,38.31999969482422,28.776203155517578,7191100
2011-12-27,38.2599983215332,38.439998626708984,37.65999984741211,37.86000061035156,28.430774688720703,7644500
2011-12-28,37.83000183105469,37.9900016784668,36.279998779296875,36.310001373291016,27.266801834106445,13155000
2011-12-29,36.2599983215332,36.59000015258789,36.04999923706055,36.540000915527344,27.43951988220215,9552100
2011-12-30,36.68000030517578,37.18000030517578,36.599998474121094,36.790000915527344,27.627254486083984,8831500
2012-01-03,38.27000045776367,39.7400016784668,38.119998931884766,39.5,29.66231346130371,18651200
2012-01-04,39.15999984741211,40.0,39.0,39.83000183105469,29.910131454467773,13634100
2012-01-05,39.38999938964844,39.75,38.939998626708984,39.29999923706055,29.512123107910156,13023200
2012-01-06,39.52000045776367,39.65999984741211,38.79999923706055,38.869998931884766,29.189212799072266,9554700
2012-01-09,38.97999954223633,39.33000183105469,38.790000915527344,39.040000915527344,29.316879272460938,8245500
2012-01-10,40.540000915527344,41.189998626708984,40.25,40.599998474121094,30.488357543945312,15895700
2012-01-11,40.36000061035156,41.90999984741211,40.040000915527344,41.650001525878906,31.47063446044922,17221000
2012-01-12,42.369998931884766,42.689998626708984,41.72999954223633,42.45000076293945,32.075111389160156,17618100
2012-01-13,41.869998931884766,42.34000015258789,41.5,42.0,31.735082626342773,14081900
2012-01-17,43.060001373291016,43.290000915527344,42.41999816894531,43.06999969482422,32.543575286865234,20403000
2012-01-18,42.91999816894531,44.689998626708984,42.81999969482422,44.470001220703125,33.601417541503906,25674300
2012-01-19,44.59000015258789,44.970001220703125,43.310001373291016,44.369998931884766,33.525856018066406,30009000
2012-01-20,44.16999816894531,44.34000015258789,42.88999938964844,43.099998474121094,32.56623840332031,20546600
2012-01-23,43.459999084472656,44.150001525878906,43.20000076293945,43.880001068115234,33.15561294555664,19142400
2012-01-24,43.45000076293945,44.060001373291016,43.02000045776367,43.970001220703125,33.223602294921875,14899900
2012-01-25,43.61000061035156,46.349998474121094,43.29999923706055,46.08000183105469,34.81792449951172,23757700
2012-01-26,46.58000183105469,48.959999084472656,46.16999816894531,46.5,35.135284423828125,30462300
2012-01-27,46.22999954223633,47.439998626708984,46.06999969482422,46.130001068115234,34.855709075927734,15510200
2012-01-30,45.27000045776367,46.2599983215332,45.08000183105469,46.099998474121094,34.833038330078125,14736400
2012-01-31,46.70000076293945,46.959999084472656,45.400001525878906,46.209999084472656,34.9161491394043,18633800
2012-02-01,46.790000915527344,46.959999084472656,46.09000015258789,46.15999984741211,34.878395080566406,17131100
2012-02-02,46.439998626708984,46.79999923706055,45.40999984741211,45.5099983215332,34.387237548828125,17256300
2012-02-03,46.27000045776367,46.70000076293945,45.810001373291016,46.47999954223633,35.12016677856445,16979100
2012-02-06,45.90999984741211,46.79999923706055,45.70000076293945,46.72999954223633,35.309078216552734,12693800
2012-02-07,46.45000076293945,46.5,45.45000076293945,45.75,34.568565368652344,15473200
2012-02-08,46.34000015258789,47.279998779296875,46.27000045776367,46.529998779296875,35.15794372558594,16542700
2012-02-09,47.06999969482422,47.25,46.02000045776367,46.41999816894531,35.0748291015625,14819700
2012-02-10,45.31999969482422,45.38999938964844,44.400001525878906,44.939998626708984,33.95654296875,16386800
2012-02-13,45.540000915527344,45.54999923706055,44.45000076293945,44.65999984741211,33.7449836730957,12298700
2012-02-14,44.220001220703125,44.4900016784668,42.529998779296875,42.959999084472656,32.4604606628418,28728500
2012-02-15,43.29999923706055,43.29999923706055,41.95000076293945,42.400001525878906,32.037322998046875,25396700
2012-02-16,42.16999816894531,44.4900016784668,41.900001525878906,43.84000015258789,33.125396728515625,23704500
2012-02-17,44.11000061035156,44.13999938964844,42.65999984741211,43.040000915527344,32.52090835571289,17327200
2012-02-21,43.849998474121094,44.56999969482422,43.529998779296875,43.970001220703125,33.223602294921875,18395100
2012-02-22,43.790000915527344,44.52000045776367,43.709999084472656,44.119998931884766,33.33695602416992,13348600
2012-02-23,44.2400016784668,44.279998779296875,43.41999816894531,43.779998779296875,33.08005142211914,13372500
2012-02-24,43.95000076293945,44.7400016784668,43.79999923706055,43.90999984741211,33.178287506103516,13327300
2012-02-27,43.459999084472656,43.65999984741211,43.11000061035156,43.310001373291016,32.72492218017578,14341600
2012-02-28,43.439998626708984,44.0,43.310001373291016,43.65999984741211,32.9893798828125,14070800
2012-02-29,43.849998474121094,44.22999954223633,42.2599983215332,42.560001373291016,32.158226013183594,20212500
2012-03-01,43.029998779296875,43.470001220703125,42.5,42.90999984741211,32.42268371582031,15082400
2012-03-02,42.7599983215332,42.880001068115234,41.06999969482422,42.029998779296875,31.75775718688965,18133000
2012-03-05,41.099998474121094,41.2599983215332,39.959999084472656,40.45000076293945,30.563922882080078,29393200
2012-03-06,39.11000061035156,39.7400016784668,38.650001525878906,39.439998626708984,29.80075454711914,26602700
2012-03-07,39.58000183105469,39.63999938964844,38.529998779296875,38.9900016784668,29.46074104309082,22605800
2012-03-08,39.65999984741211,39.72999954223633,39.060001373291016,39.5,29.846099853515625,16682900
2012-03-09,39.84000015258789,40.11000061035156,38.650001525878906,38.779998779296875,29.302059173583984,27650700
2012-03-12,38.779998779296875,39.38999938964844,37.81999969482422,38.2599983215332,28.909154891967773,19575400
2012-03-13,38.470001220703125,39.369998931884766,38.45000076293945,39.09000015258789,29.53629493713379,22633400
2012-03-14,38.9900016784668,39.09000015258789,37.75,38.119998931884766,28.803367614746094,21397800
2012-03-15,38.540000915527344,38.810001373291016,38.220001220703125,38.349998474121094,28.977161407470703,19077300
2012-03-16,38.70000076293945,39.0,38.2599983215332,38.560001373291016,29.135835647583008,22687300
2012-03-19,38.380001068115234,39.939998626708984,38.310001373291016,39.13999938964844,29.574071884155273,16500800
2012-03-20,38.380001068115234,39.20000076293945,37.900001525878906,39.150001525878906,29.581649780273438,20492100
2012-03-21,39.66999816894531,40.189998626708984,39.08000183105469,39.79999923706055,30.072763442993164,23932800
2012-03-22,39.08000183105469,39.5,37.95000076293945,38.33000183105469,28.96204948425293,24719400
2012-03-23,38.33000183105469,38.900001525878906,37.91999816894531,38.47999954223633,29.07539176940918,17399600
2012-03-26,39.0099983215332,39.2400016784668,38.439998626708984,38.880001068115234,29.377628326416016,15395600
2012-03-27,39.099998474121094,39.650001525878906,38.72999954223633,38.75,29.279399871826172,13853100
2012-03-28,38.400001525878906,38.439998626708984,36.849998474121094,37.36000061035156,28.229124069213867,30542800
2012-03-29,37.06999969482422,37.709999084472656,36.7599983215332,37.61000061035156,28.418014526367188,17773600
2012-03-30,37.970001220703125,38.150001525878906,37.22999954223633,38.040000915527344,28.74292755126953,14766000
2012-04-02,38.25,39.43000030517578,38.099998474121094,39.11000061035156,29.55141830444336,19636600
2012-04-03,39.150001525878906,39.22999954223633,38.2599983215332,38.58000183105469,29.150941848754883,17645700
2012-04-04,37.529998779296875,38.15999984741211,37.22999954223633,38.029998779296875,28.73537254333496,13707300
2012-04-05,38.02000045776367,38.56999969482422,37.650001525878906,37.79999923706055,28.561582565307617,14104000
2012-04-09,37.06999969482422,38.0,37.0,37.5099983215332,28.342456817626953,12470100
2012-04-10,37.43000030517578,37.77000045776367,36.25,36.630001068115234,27.677534103393555,18894700
2012-04-11,36.9900016784668,37.040000915527344,35.72999954223633,35.779998779296875,27.26827049255371,20890200
2012-04-12,36.150001525878906,38.0099983215332,36.02000045776367,37.88999938964844,28.876327514648438,21390400
2012-04-13,37.290000915527344,37.43000030517578,36.70000076293945,36.939998626708984,28.152328491210938,15366600
2012-04-16,37.630001068115234,37.75,36.83000183105469,36.91999816894531,28.137086868286133,14652000
2012-04-17,37.54999923706055,38.20000076293945,37.08000183105469,37.7599983215332,28.777257919311523,17765600
2012-04-18,37.619998931884766,38.63999938964844,37.38999938964844,38.290000915527344,29.181167602539062,20503700
2012-04-19,38.75,39.130001068115234,37.689998626708984,38.029998779296875,28.983028411865234,26128000
2012-04-20,38.45000076293945,38.599998474121094,37.529998779296875,37.56999969482422,28.632461547851562,16411600
2012-04-23,36.720001220703125,37.349998474121094,36.029998779296875,37.15999984741211,28.31999397277832,19442800
2012-04-24,37.25,37.45000076293945,36.709999084472656,36.9900016784668,28.190433502197266,12659800
2012-04-25,37.5,37.63999938964844,36.65999984741211,37.31999969482422,28.441925048828125,14880200
2012-04-26,37.33000183105469,38.040000915527344,37.02000045776367,37.75,28.769634246826172,13682700
2012-04-27,38.0,38.45000076293945,37.900001525878906,38.130001068115234,29.059240341186523,13054000
2012-04-30,38.029998779296875,38.599998474121094,37.369998931884766,38.29999923706055,29.188800811767578,12576200
2012-05-01,38.41999816894531,38.689998626708984,37.86000061035156,38.459999084472656,29.310728073120117,17754100
2012-05-02,37.959999084472656,38.22999954223633,37.619998931884766,38.119998931884766,29.051612854003906,15331300
2012-05-03,37.90999984741211,37.93000030517578,36.68000030517578,36.869998931884766,28.098981857299805,19401400
2012-05-04,36.5,36.68000030517578,36.0099983215332,36.400001525878906,27.74078369140625,14300500
2012-05-07,36.11000061035156,36.619998931884766,35.68000030517578,36.400001525878906,27.74078369140625,13297900
2012-05-08,35.790000915527344,35.88999938964844,34.81999969482422,35.619998931884766,27.14634895324707,18501400
2012-05-09,34.91999816894531,36.130001068115234,34.720001220703125,35.529998779296875,27.0777587890625,16071300
2012-05-10,36.06999969482422,36.290000915527344,35.189998626708984,35.310001373291016,26.91008758544922,14163300
2012-05-11,34.86000061035156,35.33000183105469,34.709999084472656,34.7400016784668,26.475685119628906,13334500
2012-05-14,34.18000030517578,35.119998931884766,34.0099983215332,34.29999923706055,26.140361785888672,17070600
2012-05-15,34.31999969482422,34.52000045776367,32.5,32.650001525878906,24.882875442504883,23465800
2012-05-16,32.95000076293945,33.91999816894531,32.45000076293945,32.56999969482422,24.821910858154297,22090700
2012-05-17,33.0099983215332,33.380001068115234,32.099998474121094,32.16999816894531,24.51706314086914,19188400
2012-05-18,32.529998779296875,32.810001373291016,31.520000457763672,31.809999465942383,24.24270248413086,18688200
2012-05-21,31.799999237060547,32.650001525878906,31.799999237060547,32.560001373291016,24.814294815063477,16782900
2012-05-22,32.5099983215332,33.16999816894531,31.940000534057617,32.130001068115234,24.4865779876709,16160000
2012-05-23,31.56999969482422,32.810001373291016,31.15999984741211,32.72999954223633,24.943851470947266,21846500
2012-05-24,32.86000061035156,33.13999938964844,31.959999084472656,32.56999969482422,24.821910858154297,15348300
2012-05-25,32.43000030517578,32.79999923706055,32.130001068115234,32.40999984741211,24.699970245361328,9947700
2012-05-29,33.099998474121094,33.650001525878906,32.83000183105469,33.22999954223633,25.32490348815918,15111600
2012-05-30,32.61000061035156,32.77000045776367,32.2400016784668,32.40999984741211,24.699970245361328,12429400
2012-05-31,32.33000183105469,32.40999984741211,31.25,32.040000915527344,24.417993545532227,15637300
2012-06-01,31.559999465942383,32.66999816894531,31.530000686645508,32.06999969482422,24.440855026245117,21895100
2012-06-04,32.13999938964844,32.369998931884766,31.280000686645508,32.33000183105469,24.638999938964844,14951500
2012-06-05,32.029998779296875,32.7599983215332,31.850000381469727,32.59000015258789,24.8371524810791,15798900
2012-06-06,33.18000030517578,34.06999969482422,33.09000015258789,33.65999984741211,25.652610778808594,18349600
2012-06-07,34.599998474121094,34.79999923706055,33.47999954223633,33.599998474121094,25.60687828063965,23891600
2012-06-08,33.16999816894531,33.95000076293945,32.79999923706055,33.83000183105469,25.782169342041016,14398300
2012-06-11,34.2599983215332,34.380001068115234,32.91999816894531,32.95000076293945,25.111515045166016,12862200
2012-06-12,33.25,33.58000183105469,32.939998626708984,33.560001373291016,25.576391220092773,13054700
2012-06-13,33.43000030517578,33.869998931884766,33.13999938964844,33.349998474121094,25.416351318359375,11523000
2012-06-14,33.380001068115234,33.959999084472656,32.900001525878906,33.900001525878906,25.835512161254883,13004000
2012-06-15,34.16999816894531,34.349998474121094,33.790000915527344,34.34000015258789,26.170839309692383,14798400
2012-06-18,34.08000183105469,34.41999816894531,33.59000015258789,34.2599983215332,26.10987091064453,12389500
2012-06-19,34.630001068115234,35.63999938964844,34.380001068115234,35.45000076293945,27.01679039001465,19197200
2012-06-20,35.0,35.650001525878906,34.689998626708984,35.310001373291016,26.91008758544922,19734000
2012-06-21,34.68000030517578,34.900001525878906,32.880001068115234,32.9900016784668,25.141998291015625,22284200
2012-06-22,33.25,33.349998474121094,32.27000045776367,32.29999923706055,24.616140365600586,32258900
2012-06-25,32.04999923706055,32.40999984741211,31.520000457763672,31.600000381469727,24.08266830444336,17011800
2012-06-26,31.8700008392334,32.150001525878906,31.40999984741211,31.610000610351562,24.090280532836914,14677700
2012-06-27,31.799999237060547,32.31999969482422,31.65999984741211,32.13999938964844,24.494205474853516,12080200
2012-06-28,31.799999237060547,32.279998779296875,31.469999313354492,32.2599983215332,24.585660934448242,13381700
2012-06-29,33.54999923706055,34.130001068115234,33.06999969482422,34.06999969482422,25.965065002441406,23311200
2012-07-02,34.02000045776367,34.2400016784668,33.29999923706055,33.880001068115234,25.820274353027344,12286900
2012-07-03,34.54999923706055,35.689998626708984,34.45000076293945,35.209999084472656,26.833873748779297,15699200
2012-07-05,35.0,36.0,34.93000030517578,35.470001220703125,27.032026290893555,28246700
2012-07-06,34.86000061035156,35.06999969482422,34.54999923706055,35.0099983215332,26.68145179748535,26093000
2012-07-09,34.880001068115234,34.959999084472656,34.27000045776367,34.529998779296875,26.315645217895508,23960900
2012-07-10,34.72999954223633,34.900001525878906,32.7599983215332,33.09000015258789,25.21820831298828,19769400
2012-07-11,32.91999816894531,33.060001373291016,32.060001373291016,32.36000061035156,24.89737319946289,23798800
2012-07-12,31.93000030517578,32.7599983215332,31.700000762939453,32.36000061035156,24.89737319946289,17779100
2012-07-13,32.61000061035156,33.400001525878906,32.540000915527344,33.22999954223633,25.566741943359375,14025500
2012-07-16,33.06999969482422,33.08000183105469,32.45000076293945,32.77000045776367,25.21281623840332,10958200
2012-07-17,33.0099983215332,33.0099983215332,32.15999984741211,32.900001525878906,25.312850952148438,13358400
2012-07-18,32.70000076293945,33.43000030517578,32.540000915527344,33.02000045776367,25.405166625976562,16508000
2012-07-19,33.380001068115234,34.7599983215332,33.16999816894531,34.41999816894531,26.4822998046875,25234300
2012-07-20,33.959999084472656,33.9900016784668,33.099998474121094,33.77000045776367,25.982206344604492,17342400
2012-07-23,32.779998779296875,33.29999923706055,32.209999084472656,32.619998931884766,25.09740447998047,19317000
2012-07-24,32.66999816894531,32.869998931884766,31.450000762939453,31.68000030517578,24.37418556213379,18352000
2012-07-25,32.150001525878906,32.2400016784668,31.079999923706055,31.43000030517578,24.181838989257812,22861500
2012-07-26,32.2400016784668,32.5,31.68000030517578,32.310001373291016,24.858909606933594,16613200
2012-07-27,32.599998474121094,33.84000015258789,32.400001525878906,33.470001220703125,25.751388549804688,25644800
2012-07-30,33.47999954223633,34.08000183105469,33.47999954223633,33.9900016784668,26.151473999023438,11874000
2012-07-31,34.029998779296875,34.29999923706055,33.560001373291016,33.66999816894531,25.905261993408203,10288900
2012-08-01,33.58000183105469,33.95000076293945,33.220001220703125,33.4900016784668,25.766780853271484,11980500
2012-08-02,32.90999984741211,33.369998931884766,32.31999969482422,32.689998626708984,25.151262283325195,14297100
2012-08-03,33.31999969482422,33.86000061035156,33.0099983215332,33.5,25.77447509765625,12759600
2012-08-06,33.650001525878906,34.900001525878906,33.619998931884766,34.34000015258789,26.42075538635254,17916900
2012-08-07,34.79999923706055,35.630001068115234,34.650001525878906,35.27000045776367,27.136281967163086,16070800
2012-08-08,35.040000915527344,35.93000030517578,35.040000915527344,35.619998931884766,27.405580520629883,13751900
2012-08-09,35.43000030517578,36.29999923706055,35.40999984741211,36.0,27.697938919067383,13838600
2012-08-10,35.790000915527344,36.56999969482422,35.54999923706055,36.310001373291016,27.936450958251953,12973200
2012-08-13,36.130001068115234,36.54999923706055,35.310001373291016,35.47999954223633,27.2978572845459,15196800
2012-08-14,35.59000015258789,35.70000076293945,34.90999984741211,35.0099983215332,26.936241149902344,9707000
2012-08-15,34.83000183105469,34.880001068115234,34.20000076293945,34.7599983215332,26.743892669677734,12688700
2012-08-16,34.959999084472656,35.5099983215332,34.7400016784668,35.310001373291016,27.167062759399414,12259100
2012-08-17,35.470001220703125,35.599998474121094,35.2599983215332,35.34000015258789,27.190149307250977,10833700
2012-08-20,35.08000183105469,35.47999954223633,34.79999923706055,35.36000061035156,27.205533981323242,11224500
2012-08-21,36.029998779296875,37.25,35.9900016784668,36.4900016784668,28.074932098388672,25316700
2012-08-22,36.27000045776367,37.0,35.97999954223633,37.0,28.467330932617188,14509400
2012-08-23,37.2599983215332,37.470001220703125,36.54999923706055,36.77000045776367,28.290376663208008,16570400
2012-08-24,36.380001068115234,36.40999984741211,35.84000015258789,36.130001068115234,27.7979679107666,13438100
2012-08-27,36.06999969482422,36.13999938964844,35.54999923706055,35.650001525878906,27.428653717041016,9021500
2012-08-28,35.4900016784668,36.09000015258789,35.41999816894531,35.66999816894531,27.444049835205078,8492800
2012-08-29,35.650001525878906,35.689998626708984,35.13999938964844,35.58000183105469,27.374805450439453,11300800
2012-08-30,35.369998931884766,35.38999938964844,34.650001525878906,34.689998626708984,26.690044403076172,11325400
2012-08-31,35.15999984741211,36.220001220703125,34.86000061035156,36.11000061035156,27.782564163208008,15413600
2012-09-04,36.310001373291016,36.310001373291016,35.2599983215332,35.619998931884766,27.405580520629883,14422100
2012-09-05,35.81999969482422,35.83000183105469,35.02000045776367,35.25,27.120899200439453,14331300
2012-09-06,35.619998931884766,36.72999954223633,35.59000015258789,36.34000015258789,27.959535598754883,16990400
2012-09-07,37.43000030517578,39.65999984741211,37.40999984741211,39.43000030517578,30.33694076538086,39537600
2012-09-10,39.369998931884766,40.29999923706055,39.36000061035156,39.709999084472656,30.55237579345703,23345900
2012-09-11,39.79999923706055,40.34000015258789,39.310001373291016,39.93000030517578,30.721633911132812,17526200
2012-09-12,40.369998931884766,40.439998626708984,39.61000061035156,40.099998474121094,30.8524227142334,16876000
2012-09-13,39.91999816894531,42.18000030517578,39.650001525878906,41.790000915527344,32.1526985168457,28796400
2012-09-14,43.0,43.650001525878906,42.560001373291016,42.63999938964844,32.806671142578125,33359300
2012-09-17,42.08000183105469,42.52000045776367,41.209999084472656,41.40999984741211,31.86032485961914,17891200
2012-09-18,41.11000061035156,41.7599983215332,40.779998779296875,41.47999954223633,31.9141902923584,14863100
2012-09-19,41.77000045776367,41.97999954223633,41.279998779296875,41.540000915527344,31.960336685180664,12857400
2012-09-20,40.36000061035156,41.040000915527344,40.02000045776367,40.93000030517578,31.491016387939453,18160100
2012-09-21,41.79999923706055,41.79999923706055,40.54999923706055,40.650001525878906,31.275602340698242,17261900
2012-09-24,40.11000061035156,40.599998474121094,40.04999923706055,40.279998779296875,30.99090576171875,11815400
2012-09-25,40.630001068115234,40.849998474121094,39.220001220703125,39.310001373291016,30.244619369506836,17964700
2012-09-26,39.040000915527344,39.88999938964844,37.86000061035156,39.279998779296875,30.221542358398438,22612000
2012-09-27,39.790000915527344,40.2400016784668,39.150001525878906,40.11000061035156,30.860126495361328,12040800
2012-09-28,39.880001068115234,40.09000015258789,39.150001525878906,39.58000183105469,30.452354431152344,13282100
2012-10-01,40.209999084472656,40.59000015258789,39.720001220703125,39.849998474121094,30.66008949279785,11764300
2012-10-02,39.95000076293945,40.34000015258789,39.099998474121094,39.68000030517578,30.529287338256836,14302500
2012-10-03,39.88999938964844,39.900001525878906,39.04999923706055,39.40999984741211,30.32154083251953,12414100
2012-10-04,39.790000915527344,40.849998474121094,39.65999984741211,40.45000076293945,31.121723175048828,17487100
2012-10-05,40.790000915527344,41.349998474121094,40.31999969482422,40.5099983215332,31.167875289916992,14359700
2012-10-08,40.0,41.0,39.95000076293945,40.75,31.352527618408203,11299700
2012-10-09,40.709999084472656,41.560001373291016,40.630001068115234,40.66999816894531,31.290985107421875,14075900
2012-10-10,40.58000183105469,40.650001525878906,39.81999969482422,40.220001220703125,30.944753646850586,15809500
2012-10-11,40.279998779296875,41.33000183105469,40.209999084472656,40.75,31.598445892333984,15433000
2012-10-12,40.75,41.0,39.959999084472656,40.13999938964844,31.125423431396484,11989200
2012-10-15,40.0,40.36000061035156,39.5,40.290000915527344,31.241743087768555,11265300
2012-10-16,40.54999923706055,41.63999938964844,40.459999084472656,41.470001220703125,32.156742095947266,13318800
2012-10-17,41.84000015258789,42.79999923706055,41.47999954223633,42.310001373291016,32.80809783935547,16280700
2012-10-18,42.290000915527344,42.88999938964844,42.15999984741211,42.43000030517578,32.901153564453125,16643400
2012-10-19,42.15999984741211,42.47999954223633,41.11000061035156,41.18000030517578,31.931859970092773,15144400
2012-10-22,40.11000061035156,41.20000076293945,39.91999816894531,40.58000183105469,31.466625213623047,20965800
2012-10-23,39.61000061035156,39.70000076293945,38.65999984741211,38.97999954223633,30.225933074951172,18250900
2012-10-24,39.220001220703125,39.560001373291016,38.720001220703125,38.790000915527344,30.078598022460938,12183100
2012-10-25,39.310001373291016,39.619998931884766,38.84000015258789,39.189998626708984,30.388774871826172,16107700
2012-10-26,39.29999923706055,39.599998474121094,38.7400016784668,39.06999969482422,30.29572868347168,10745100
2012-10-31,39.459999084472656,39.58000183105469,38.84000015258789,38.880001068115234,30.14840316772461,8207000
2012-11-01,39.22999954223633,40.54999923706055,39.04999923706055,40.5,31.404582977294922,16604200
2012-11-02,40.66999816894531,40.84000015258789,39.220001220703125,39.2599983215332,30.443056106567383,14428900
2012-11-05,39.09000015258789,39.88999938964844,39.08000183105469,39.459999084472656,30.598155975341797,8491300
2012-11-06,39.630001068115234,40.689998626708984,39.5099983215332,40.349998474121094,31.28826141357422,11706900
2012-11-07,39.68000030517578,39.849998474121094,38.45000076293945,39.290000915527344,30.4663143157959,17036800
2012-11-08,39.25,39.45000076293945,38.40999984741211,38.66999816894531,29.985557556152344,13015000
2012-11-09,38.290000915527344,39.119998931884766,38.060001373291016,38.349998474121094,29.73741912841797,13043900
2012-11-12,38.540000915527344,38.83000183105469,38.400001525878906,38.63999938964844,29.962291717529297,8374200
2012-11-13,38.18000030517578,39.099998474121094,38.06999969482422,38.369998931884766,29.7529239654541,9910100
2012-11-14,38.5,38.65999984741211,37.20000076293945,37.40999984741211,29.008527755737305,15099700
2012-11-15,37.38999938964844,37.65999984741211,36.84000015258789,37.279998779296875,28.907718658447266,10944000
2012-11-16,37.08000183105469,37.279998779296875,36.36000061035156,36.790000915527344,28.527772903442383,21354900
2012-11-19,37.79999923706055,38.33000183105469,37.560001373291016,38.279998779296875,29.68313980102539,15859600
2012-11-20,37.970001220703125,38.900001525878906,37.77000045776367,38.2599983215332,29.667633056640625,13896200
2012-11-21,38.25,38.369998931884766,38.02000045776367,38.27000045776367,29.67539405822754,8835200
2012-11-23,38.720001220703125,39.0,38.40999984741211,38.880001068115234,30.14840316772461,4973600
2012-11-26,38.630001068115234,38.88999938964844,38.22999954223633,38.84000015258789,30.117389678955078,12725800
2012-11-27,38.72999954223633,39.09000015258789,38.40999984741211,38.4900016784668,29.845983505249023,8231600
2012-11-28,37.77000045776367,38.560001373291016,37.58000183105469,38.560001373291016,29.900264739990234,11767000
2012-11-29,39.279998779296875,39.540000915527344,38.90999984741211,39.2599983215332,30.443056106567383,12437900
2012-11-30,39.08000183105469,39.400001525878906,38.75,39.0099983215332,30.24920082092285,8290800
2012-12-03,39.25,39.29999923706055,38.36000061035156,38.400001525878906,29.77619171142578,10310300
2012-12-04,38.15999984741211,38.79999923706055,38.060001373291016,38.279998779296875,29.68313980102539,10069700
2012-12-05,32.099998474121094,33.709999084472656,31.719999313354492,32.15999984741211,24.937562942504883,153828000
2012-12-06,31.270000457763672,31.329999923706055,30.540000915527344,30.809999465942383,23.8907413482666,84815000
2012-12-07,31.170000076293945,32.599998474121094,31.100000381469727,31.700000762939453,24.580873489379883,63939000
2012-12-10,32.08000183105469,32.2400016784668,31.3799991607666,32.040000915527344,24.844514846801758,32373500
2012-12-11,32.369998931884766,32.40999984741211,31.75,31.989999771118164,24.805736541748047,23952900
2012-12-12,32.189998626708984,32.7400016784668,31.90999984741211,32.52000045776367,25.21671485900879,32419000
2012-12-13,32.380001068115234,32.7400016784668,32.20000076293945,32.47999954223633,25.185701370239258,19035700
2012-12-14,32.7599983215332,33.95000076293945,32.58000183105469,33.779998779296875,26.19373893737793,33485900
2012-12-17,33.880001068115234,33.88999938964844,33.2599983215332,33.63999938964844,26.085180282592773,18613500
2012-12-18,33.81999969482422,34.2400016784668,33.56999969482422,33.9900016784668,26.356592178344727,27611800
2012-12-19,33.91999816894531,34.20000076293945,33.810001373291016,33.95000076293945,26.325572967529297,20787200
2012-12-20,34.16999816894531,34.2400016784668,33.439998626708984,33.97999954223633,26.34882926940918,18647800
2012-12-21,33.560001373291016,33.619998931884766,33.20000076293945,33.58000183105469,26.038665771484375,19393600
2012-12-24,33.40999984741211,33.540000915527344,33.18000030517578,33.5,25.976621627807617,5948700
2012-12-26,33.61000061035156,34.150001525878906,33.61000061035156,33.91999816894531,26.302309036254883,11011100
2012-12-27,34.040000915527344,34.04999923706055,33.27000045776367,33.68000030517578,26.116207122802734,13342400
2012-12-28,33.439998626708984,33.599998474121094,33.0,33.13999938964844,25.697479248046875,12388700
2012-12-31,33.150001525878906,34.33000183105469,33.02000045776367,34.20000076293945,26.51942253112793,16225200
2013-01-02,35.349998474121094,35.400001525878906,34.75,35.16999816894531,27.271577835083008,19780600
2013-01-03,35.09000015258789,35.58000183105469,34.630001068115234,34.849998474121094,27.023448944091797,14675800
2013-01-04,34.869998931884766,35.54999923706055,34.720001220703125,35.4900016784668,27.519723892211914,12812400
2013-01-07,35.310001373291016,35.5,35.0099983215332,35.36000061035156,27.41891098022461,13719700
2013-01-08,35.220001220703125,35.4900016784668,34.7400016784668,34.970001220703125,27.116500854492188,15176300
2013-01-09,35.099998474121094,35.279998779296875,34.880001068115234,35.220001220703125,27.310352325439453,10595200
2013-01-10,35.65999984741211,35.7400016784668,35.220001220703125,35.599998474121094,27.605016708374023,18755400
2013-01-11,35.16999816894531,35.40999984741211,34.79999923706055,35.0,27.3804988861084,19070700
2013-01-14,35.0,35.27000045776367,34.529998779296875,34.720001220703125,27.16146469116211,11452900
2013-01-15,34.540000915527344,34.86000061035156,34.380001068115234,34.61000061035156,27.07539939880371,9283100
2013-01-16,34.380001068115234,34.4900016784668,34.13999938964844,34.25,26.793766021728516,11273700
2013-01-17,34.560001373291016,34.630001068115234,33.91999816894531,34.08000183105469,26.660770416259766,13449600
2013-01-18,34.349998474121094,34.43000030517578,33.56999969482422,33.63999938964844,26.31656837463379,16631200
2013-01-22,34.029998779296875,35.5,34.0,35.189998626708984,27.529138565063477,28594800
2013-01-23,35.16999816894531,35.22999954223633,34.79999923706055,35.02000045776367,27.39613914489746,12277800
2013-01-24,34.869998931884766,35.220001220703125,34.52000045776367,34.650001525878906,27.1066951751709,13212000
2013-01-25,34.939998626708984,35.09000015258789,34.349998474121094,34.869998931884766,27.278799057006836,13130400
2013-01-28,34.93000030517578,34.9900016784668,34.400001525878906,34.56999969482422,27.044111251831055,9991200
2013-01-29,34.5,35.189998626708984,34.5,35.0099983215332,27.3883113861084,12531500
2013-01-30,35.369998931884766,35.7400016784668,35.029998779296875,35.15999984741211,27.505664825439453,16230600
2013-01-31,35.08000183105469,35.380001068115234,34.91999816894531,35.25,27.57607650756836,9909900
2013-02-01,35.84000015258789,35.880001068115234,35.33000183105469,35.72999954223633,27.951570510864258,12494200
2013-02-04,35.47999954223633,35.81999969482422,35.2599983215332,35.34000015258789,27.64647674560547,9299600
2013-02-05,35.5,35.95000076293945,35.34000015258789,35.70000076293945,27.9281063079834,11464800
2013-02-06,35.459999084472656,36.2599983215332,35.45000076293945,36.09000015258789,28.233203887939453,16939500
2013-02-07,35.939998626708984,36.04999923706055,35.5099983215332,35.689998626708984,27.920284271240234,11635800
2013-02-08,35.75,35.900001525878906,35.540000915527344,35.63999938964844,27.881162643432617,11768300
2013-02-11,35.5,35.54999923706055,35.099998474121094,35.33000183105469,27.638654708862305,8358500
2013-02-12,35.31999969482422,35.88999938964844,35.119998931884766,35.66999816894531,27.90463638305664,8929000
2013-02-13,35.779998779296875,35.93000030517578,35.4900016784668,35.63999938964844,27.881162643432617,8276900
2013-02-14,35.599998474121094,35.86000061035156,35.400001525878906,35.529998779296875,27.79511260986328,7877400
2013-02-15,35.59000015258789,35.63999938964844,34.869998931884766,35.040000915527344,27.411785125732422,13721600
2013-02-19,34.97999954223633,35.16999816894531,34.130001068115234,34.2599983215332,26.801584243774414,17644800
2013-02-20,34.060001373291016,34.09000015258789,32.0099983215332,32.220001220703125,25.205703735351562,34355300
2013-02-21,32.040000915527344,32.93000030517578,31.690000534057617,32.34000015258789,25.299571990966797,20612700
2013-02-22,32.599998474121094,32.66999816894531,31.649999618530273,32.45000076293945,25.385629653930664,18166000
2013-02-25,32.59000015258789,32.630001068115234,31.459999084472656,31.510000228881836,24.650270462036133,16252600
2013-02-26,31.940000534057617,32.0,31.350000381469727,31.93000030517578,24.978832244873047,15395100
2013-02-27,31.940000534057617,32.40999984741211,31.899999618530273,32.27000045776367,25.24481773376465,10862300
2013-02-28,32.22999954223633,32.279998779296875,31.729999542236328,31.920000076293945,24.97101402282715,11965200
2013-03-01,31.670000076293945,31.739999771118164,31.31999969482422,31.489999771118164,24.63462257385254,14303700
2013-03-04,31.290000915527344,31.469999313354492,30.719999313354492,31.399999618530273,24.564220428466797,15432500
2013-03-05,31.690000534057617,32.20000076293945,31.5,31.540000915527344,24.673734664916992,15877700
2013-03-06,32.27000045776367,33.16999816894531,32.040000915527344,32.84000015258789,25.69072723388672,23477100
2013-03-07,32.91999816894531,33.2599983215332,32.720001220703125,33.08000183105469,25.878480911254883,14528400
2013-03-08,33.4900016784668,33.4900016784668,33.0,33.279998779296875,26.03493309020996,13861700
2013-03-11,33.27000045776367,33.540000915527344,32.86000061035156,33.29999923706055,26.05058479309082,9578000
2013-03-12,33.56999969482422,34.119998931884766,33.40999984741211,33.439998626708984,26.16010856628418,13246400
2013-03-13,33.40999984741211,33.529998779296875,32.90999984741211,33.08000183105469,25.878480911254883,11160400
2013-03-14,32.959999084472656,33.349998474121094,32.77000045776367,33.15999984741211,25.941059112548828,10956400
2013-03-15,33.54999923706055,34.08000183105469,33.529998779296875,33.79999923706055,26.441736221313477,15165000
2013-03-18,33.09000015258789,33.650001525878906,33.09000015258789,33.529998779296875,26.230514526367188,12663600
2013-03-19,33.4900016784668,33.529998779296875,32.650001525878906,32.97999954223633,25.800247192382812,19428000
2013-03-20,33.20000076293945,33.41999816894531,33.0,33.2400016784668,26.00364875793457,10973200
2013-03-21,33.060001373291016,33.279998779296875,32.900001525878906,32.9900016784668,25.808073043823242,10981100
2013-03-22,33.13999938964844,33.29999923706055,32.86000061035156,33.0,25.815895080566406,8171500
2013-03-25,33.13999938964844,33.150001525878906,32.41999816894531,32.59000015258789,25.495153427124023,11551000
2013-03-26,32.7400016784668,32.81999969482422,32.45000076293945,32.79999923706055,25.65943145751953,9953000
2013-03-27,32.47999954223633,33.470001220703125,32.369998931884766,33.36000061035156,26.097517013549805,14497700
2013-03-28,33.2400016784668,33.33000183105469,32.900001525878906,33.099998474121094,25.894123077392578,12297900
2013-04-01,32.9900016784668,33.02000045776367,32.11000061035156,32.380001068115234,25.33087158203125,12127100
2013-04-02,32.380001068115234,32.650001525878906,31.780000686645508,31.920000076293945,24.97101402282715,15543900
2013-04-03,31.809999465942383,32.16999816894531,31.149999618530273,31.549999237060547,24.681554794311523,17632500
2013-04-04,31.56999969482422,32.18000030517578,31.25,31.700000762939453,24.798908233642578,25733400
2013-04-05,31.479999542236328,32.18000030517578,31.170000076293945,32.099998474121094,25.11182403564453,26990400
2013-04-08,32.150001525878906,32.529998779296875,31.799999237060547,32.41999816894531,25.362157821655273,26989500
2013-04-09,32.63999938964844,34.0,32.63999938964844,33.7599983215332,26.410444259643555,22103700
2013-04-10,33.939998626708984,33.970001220703125,33.31999969482422,33.689998626708984,26.355684280395508,17715500
2013-04-11,33.310001373291016,33.40999984741211,32.68000030517578,32.790000915527344,25.892166137695312,13453700
2013-04-12,32.540000915527344,32.91999816894531,31.81999969482422,31.920000076293945,25.205181121826172,19570800
2013-04-15,30.059999465942383,30.280000686645508,29.030000686645508,29.270000457763672,23.112646102905273,44719200
2013-04-16,29.729999542236328,30.09000015258789,29.15999984741211,29.25,23.09685516357422,22101300
2013-04-17,28.979999542236328,29.030000686645508,27.520000457763672,28.0,22.109806060791016,37983400
2013-04-18,27.579999923706055,28.700000762939453,27.239999771118164,28.049999237060547,22.149288177490234,26305300
2013-04-19,28.399999618530273,28.510000228881836,27.420000076293945,28.239999771118164,22.2993221282959,20148000
2013-04-22,28.34000015258789,28.610000610351562,27.600000381469727,28.559999465942383,22.5520076751709,16068000
2013-04-23,28.579999923706055,28.790000915527344,27.90999984741211,28.520000457763672,22.520421981811523,19281500
2013-04-24,28.979999542236328,29.850000381469727,28.90999984741211,29.780000686645508,23.515363693237305,17907000
2013-04-25,30.799999237060547,30.829999923706055,29.639999389648438,29.860000610351562,23.57853126525879,32724700
2013-04-26,29.829999923706055,29.829999923706055,29.059999465942383,29.420000076293945,23.231094360351562,13586000
2013-04-29,29.75,30.190000534057617,29.440000534057617,29.899999618530273,23.610116958618164,11437200
2013-04-30,29.760000228881836,30.459999084472656,29.229999542236328,30.43000030517578,24.028623580932617,12610400
2013-05-01,30.239999771118164,30.520000457763672,29.770000457763672,30.360000610351562,23.973352432250977,18418100
2013-05-02,30.65999984741211,30.65999984741211,29.899999618530273,30.34000015258789,23.957561492919922,12105600
2013-05-03,31.489999771118164,31.75,31.1299991607666,31.1299991607666,24.581361770629883,17575300
2013-05-06,31.360000610351562,31.610000610351562,30.950000762939453,31.43000030517578,24.81826400756836,13712100
2013-05-07,31.350000381469727,31.969999313354492,31.25,31.549999237060547,24.913015365600586,17262200
2013-05-08,31.959999084472656,32.63999938964844,31.84000015258789,32.38999938964844,25.576311111450195,23735900
2013-05-09,32.779998779296875,33.25,32.41999816894531,32.619998931884766,25.7579288482666,28125300
2013-05-10,32.25,32.59000015258789,32.0,32.54999923706055,25.702651977539062,15378100
2013-05-13,32.400001525878906,32.400001525878906,31.68000030517578,31.959999084472656,25.236770629882812,14133500
2013-05-14,31.59000015258789,31.860000610351562,31.309999465942383,31.56999969482422,24.928804397583008,17590400
2013-05-15,31.239999771118164,32.09000015258789,31.15999984741211,31.760000228881836,25.078838348388672,20995100
2013-05-16,31.68000030517578,32.47999954223633,31.350000381469727,32.040000915527344,25.299936294555664,18827600
2013-05-17,32.31999969482422,32.810001373291016,32.11000061035156,32.68000030517578,25.805307388305664,16151000
2013-05-20,32.72999954223633,33.0,32.16999816894531,32.880001068115234,25.963233947753906,26038500
2013-05-21,32.97999954223633,33.08000183105469,31.940000534057617,31.979999542236328,25.252559661865234,21243900
2013-05-22,32.18000030517578,32.900001525878906,31.5,31.65999984741211,24.999879837036133,21351000
2013-05-23,30.700000762939453,31.1200008392334,30.56999969482422,30.93000030517578,24.423444747924805,19152100
2013-05-24,30.6200008392334,30.950000762939453,30.139999389648438,30.399999618530273,24.004940032958984,12674600
2013-05-28,30.719999313354492,31.079999923706055,30.530000686645508,30.889999389648438,24.391855239868164,15759500
2013-05-29,31.0,31.149999618530273,30.270000457763672,31.059999465942383,24.526094436645508,13449000
2013-05-30,31.18000030517578,31.860000610351562,31.100000381469727,31.850000381469727,25.149906158447266,35562300
2013-05-31,31.6200008392334,31.729999542236328,30.950000762939453,31.049999237060547,24.518205642700195,16162200
2013-06-03,31.040000915527344,31.489999771118164,30.920000076293945,31.469999313354492,24.84984588623047,18676900
2013-06-04,31.479999542236328,31.479999542236328,30.540000915527344,30.850000381469727,24.36026954650879,18514000
2013-06-05,30.799999237060547,30.860000610351562,30.15999984741211,30.31999969482422,23.941757202148438,15589300
2013-06-06,30.469999313354492,31.06999969482422,30.25,31.030000686645508,24.50240707397461,16621600
2013-06-07,31.299999237060547,31.299999237060547,30.469999313354492,30.920000076293945,24.41554832458496,25197500
2013-06-10,30.770000457763672,31.0,30.3799991607666,30.8799991607666,24.383956909179688,25711000
2013-06-11,30.299999237060547,30.649999618530273,30.170000076293945,30.31999969482422,23.941757202148438,30029400
2013-06-12,29.75,30.1200008392334,29.559999465942383,29.59000015258789,24.422956466674805,15059400
2013-06-13,29.59000015258789,29.760000228881836,29.239999771118164,29.709999084472656,24.522005081176758,15225000
2013-06-14,29.93000030517578,30.229999542236328,29.479999542236328,29.56999969482422,24.406450271606445,12986700
2013-06-17,29.739999771118164,29.940000534057617,29.40999984741211,29.65999984741211,24.48073959350586,11306500
2013-06-18,29.639999389648438,29.65999984741211,29.329999923706055,29.520000457763672,24.36518096923828,9177800
2013-06-19,29.389999389648438,29.969999313354492,29.190000534057617,29.190000534057617,24.092809677124023,14907300
2013-06-20,28.540000915527344,28.549999237060547,27.520000457763672,27.719999313354492,22.879501342773438,30751200
2013-06-21,28.020000457763672,28.34000015258789,27.520000457763672,28.15999984741211,23.242673873901367,33272600
2013-06-24,27.739999771118164,27.739999771118164,26.3700008392334,26.81999969482422,22.13666343688965,40725200
2013-06-25,27.260000228881836,27.40999984741211,26.920000076293945,27.260000228881836,22.499828338623047,28282000
2013-06-26,27.149999618530273,27.25,26.530000686645508,26.850000381469727,22.161422729492188,16369400
2013-06-27,27.190000534057617,27.549999237060547,27.020000457763672,27.299999237060547,22.532838821411133,12327200
2013-06-28,27.18000030517578,27.790000915527344,27.020000457763672,27.610000610351562,22.788711547851562,16305500
2013-07-01,28.6200008392334,28.75,27.90999984741211,28.270000457763672,23.333463668823242,16032800
2013-07-02,28.309999465942383,28.34000015258789,27.479999542236328,27.739999771118164,22.896005630493164,15605800
2013-07-03,27.790000915527344,27.979999542236328,27.510000228881836,27.68000030517578,22.846487045288086,6373700
2013-07-05,27.6299991607666,27.700000762939453,26.950000762939453,27.34000015258789,22.565860748291016,11420500
2013-07-08,27.5,27.549999237060547,27.139999389648438,27.459999084472656,22.66489601135254,9132000
2013-07-09,27.760000228881836,27.889999389648438,27.360000610351562,27.639999389648438,22.813472747802734,11324900
2013-07-10,28.09000015258789,28.09000015258789,27.510000228881836,27.600000381469727,22.780454635620117,11672000
2013-07-11,28.459999084472656,28.65999984741211,28.170000076293945,28.530000686645508,23.818172454833984,21355500
2013-07-12,28.5,28.5,27.90999984741211,28.049999237060547,23.417438507080078,12043800
2013-07-15,27.920000076293945,28.18000030517578,27.889999389648438,28.1299991607666,23.484230041503906,7406100
2013-07-16,28.3799991607666,28.479999542236328,28.139999389648438,28.260000228881836,23.592758178710938,8447300
2013-07-17,28.399999618530273,28.639999389648438,28.059999465942383,28.110000610351562,23.467533111572266,11972200
2013-07-18,28.25,28.43000030517578,28.079999923706055,28.170000076293945,23.517627716064453,10587500
2013-07-19,28.31999969482422,28.6299991607666,28.139999389648438,28.559999465942383,23.843212127685547,11489600
2013-07-22,29.190000534057617,29.3700008392334,28.81999969482422,29.149999618530273,24.335773468017578,17113500
2013-07-23,29.649999618530273,30.139999389648438,29.40999984741211,29.989999771118164,25.037050247192383,22782900
2013-07-24,30.010000228881836,30.06999969482422,28.719999313354492,28.8799991607666,24.11036491394043,23491900
2013-07-25,28.760000228881836,29.139999389648438,28.65999984741211,28.84000015258789,24.07697105407715,9719000
2013-07-26,28.559999465942383,28.940000534057617,28.260000228881836,28.93000030517578,24.152109146118164,13222900
2013-07-29,28.829999923706055,28.899999618530273,28.459999084472656,28.559999465942383,23.843212127685547,8984900
2013-07-30,28.639999389648438,28.649999618530273,28.020000457763672,28.209999084472656,23.551013946533203,13022200
2013-07-31,28.219999313354492,28.56999969482422,27.920000076293945,28.280000686645508,23.609460830688477,13703900
2013-08-01,28.940000534057617,29.229999542236328,28.75,29.100000381469727,24.29403305053711,14409200
2013-08-02,29.1200008392334,29.420000076293945,29.079999923706055,29.200000762939453,24.37751579284668,10542100
2013-08-05,29.170000076293945,29.25,28.90999984741211,29.020000457763672,24.227245330810547,8386600
2013-08-06,29.329999923706055,29.489999771118164,29.1200008392334,29.15999984741211,24.3441219329834,13932600
2013-08-07,29.010000228881836,29.93000030517578,28.959999084472656,29.43000030517578,24.569530487060547,18533600
2013-08-08,30.09000015258789,31.139999389648438,30.06999969482422,30.799999237060547,25.713272094726562,27944600
2013-08-09,31.110000610351562,31.989999771118164,31.0,31.610000610351562,26.38949966430664,27434900
2013-08-12,31.770000457763672,31.979999542236328,31.610000610351562,31.850000381469727,26.58985710144043,13936800
2013-08-13,31.940000534057617,31.950000762939453,31.06999969482422,31.15999984741211,26.013811111450195,14641800
2013-08-14,31.299999237060547,31.84000015258789,31.239999771118164,31.59000015258789,26.372793197631836,12594600
2013-08-15,31.209999084472656,32.060001373291016,31.110000610351562,31.920000076293945,26.648296356201172,15278300
2013-08-16,31.989999771118164,32.20000076293945,31.3799991607666,31.540000915527344,26.3310546875,15290300
2013-08-19,31.350000381469727,31.420000076293945,30.829999923706055,30.93000030517578,25.821802139282227,11365300
2013-08-20,30.889999389648438,31.260000228881836,30.780000686645508,30.979999542236328,25.863544464111328,9139600
2013-08-21,30.829999923706055,30.829999923706055,30.209999084472656,30.360000610351562,25.345937728881836,12524800
2013-08-22,30.920000076293945,31.56999969482422,30.8700008392334,31.350000381469727,26.172439575195312,12356300
2013-08-23,31.600000381469727,31.959999084472656,31.40999984741211,31.790000915527344,26.539770126342773,10774600
2013-08-26,31.8700008392334,31.920000076293945,31.40999984741211,31.510000228881836,26.306013107299805,10218700
2013-08-27,31.219999313354492,31.540000915527344,30.43000030517578,30.600000381469727,25.546300888061523,14275000
2013-08-28,30.56999969482422,30.93000030517578,30.459999084472656,30.479999542236328,25.446117401123047,8945800
2013-08-29,30.440000534057617,30.739999771118164,30.25,30.420000076293945,25.396032333374023,8325900
2013-08-30,30.399999618530273,30.489999771118164,30.100000381469727,30.219999313354492,25.229063034057617,7379000
2013-09-03,31.06999969482422,31.25,30.940000534057617,31.1200008392334,25.980426788330078,13446600
2013-09-04,30.729999542236328,31.149999618530273,30.6299991607666,31.100000381469727,25.963729858398438,9288800
2013-09-05,31.239999771118164,31.239999771118164,30.760000228881836,30.760000228881836,25.67987632751465,9924000
2013-09-06,31.149999618530273,31.440000534057617,31.059999465942383,31.18000030517578,26.0305118560791,8692200
2013-09-09,31.3700008392334,31.959999084472656,31.329999923706055,31.84000015258789,26.581510543823242,9349900
2013-09-10,32.11000061035156,32.150001525878906,31.729999542236328,31.93000030517578,26.656646728515625,12393700
2013-09-11,31.899999618530273,33.040000915527344,31.899999618530273,32.83000183105469,27.408008575439453,17428200
2013-09-12,32.45000076293945,33.20000076293945,32.380001068115234,33.150001525878906,27.675167083740234,19501500
2013-09-13,33.25,33.2599983215332,32.83000183105469,33.040000915527344,27.583328247070312,15728800
2013-09-16,33.439998626708984,33.47999954223633,33.11000061035156,33.25,27.758642196655273,11885600
2013-09-17,33.27000045776367,33.599998474121094,33.220001220703125,33.529998779296875,27.992399215698242,11004100
2013-09-18,33.59000015258789,34.7599983215332,33.52000045776367,34.54999923706055,28.84394645690918,21077900
2013-09-19,34.86000061035156,34.9900016784668,34.189998626708984,34.599998474121094,28.885683059692383,15129300
2013-09-20,34.70000076293945,34.790000915527344,33.84000015258789,33.869998931884766,28.276243209838867,20262300
2013-09-23,34.0,34.36000061035156,33.689998626708984,33.7599983215332,28.184419631958008,13712100
2013-09-24,33.5,34.0,33.31999969482422,33.7400016784668,28.167722702026367,9879000
2013-09-25,34.029998779296875,34.33000183105469,33.58000183105469,33.83000183105469,28.24286460876465,10087000
2013-09-26,34.0,34.22999954223633,33.68000030517578,33.869998931884766,28.276243209838867,5762300
2013-09-27,33.560001373291016,33.810001373291016,33.31999969482422,33.41999816894531,27.90056800842285,7682600
2013-09-30,32.9900016784668,33.25,32.33000183105469,33.08000183105469,27.616724014282227,11518400
2013-10-01,32.47999954223633,33.119998931884766,32.38999938964844,32.91999816894531,27.48314666748047,8634200
2013-10-02,32.88999938964844,33.5099983215332,32.779998779296875,33.5099983215332,27.975704193115234,9197200
2013-10-03,33.349998474121094,33.599998474121094,32.7599983215332,33.0099983215332,27.558290481567383,8921700
2013-10-04,33.22999954223633,34.04999923706055,33.119998931884766,33.779998779296875,28.201120376586914,19967500
2013-10-07,33.41999816894531,33.84000015258789,33.36000061035156,33.45000076293945,27.925613403320312,11092900
2013-10-08,33.56999969482422,33.619998931884766,32.81999969482422,32.900001525878906,27.466449737548828,10023600
2013-10-09,32.79999923706055,33.15999984741211,32.34000015258789,32.880001068115234,27.449748992919922,10921500
2013-10-10,33.0099983215332,33.4900016784668,32.68000030517578,33.22999954223633,28.008577346801758,10163400
2013-10-11,32.779998779296875,33.58000183105469,32.77000045776367,33.439998626708984,28.185571670532227,9036800
2013-10-14,33.400001525878906,34.13999938964844,33.33000183105469,33.869998931884766,28.54800796508789,9174900
2013-10-15,33.84000015258789,34.34000015258789,33.79999923706055,34.040000915527344,28.69130516052246,10693000
2013-10-16,34.13999938964844,34.33000183105469,33.77000045776367,34.130001068115234,28.767162322998047,9633500
2013-10-17,34.18000030517578,34.83000183105469,34.16999816894531,34.709999084472656,29.256017684936523,14631000
2013-10-18,34.97999954223633,35.18000030517578,34.709999084472656,34.88999938964844,29.40774154663086,15429400
2013-10-21,34.91999816894531,35.25,34.779998779296875,35.040000915527344,29.5341739654541,9665900
2013-10-22,36.29999923706055,36.779998779296875,36.0,36.36000061035156,30.64674949645996,28641100
2013-10-23,35.959999084472656,36.7400016784668,35.900001525878906,36.630001068115234,30.87434196472168,17167000
2013-10-24,36.599998474121094,37.63999938964844,36.529998779296875,37.40999984741211,31.531770706176758,19444400
2013-10-25,37.25,37.5,36.91999816894531,37.439998626708984,31.557050704956055,10731600
2013-10-28,37.5,37.619998931884766,36.88999938964844,37.27000045776367,31.413768768310547,10693100
2013-10-29,37.689998626708984,37.880001068115234,37.459999084472656,37.68000030517578,31.759336471557617,10793000
2013-10-30,37.7400016784668,38.0,36.7599983215332,37.279998779296875,31.422199249267578,12543500
2013-10-31,37.11000061035156,37.63999938964844,36.720001220703125,36.7599983215332,30.98390769958496,12084600
2013-11-01,36.869998931884766,37.060001373291016,36.40999984741211,36.779998779296875,31.000768661499023,10319200
2013-11-04,36.88999938964844,37.41999816894531,36.869998931884766,37.400001525878906,31.523345947265625,10318200
2013-11-05,37.279998779296875,37.5,36.90999984741211,37.189998626708984,31.346336364746094,8581700
2013-11-06,37.2400016784668,37.5099983215332,36.91999816894531,37.08000183105469,31.253625869750977,8210800
2013-11-07,37.040000915527344,37.09000015258789,35.790000915527344,35.93000030517578,30.284326553344727,17185000
2013-11-08,35.650001525878906,36.59000015258789,35.599998474121094,36.58000183105469,30.832195281982422,9522600
2013-11-11,36.43000030517578,36.56999969482422,36.06999969482422,36.459999084472656,30.731040954589844,8353000
2013-11-12,36.25,36.43000030517578,35.56999969482422,35.900001525878906,30.25904083251953,9000700
2013-11-13,35.189998626708984,36.349998474121094,35.040000915527344,36.33000183105469,30.621475219726562,11278700
2013-11-14,36.34000015258789,36.560001373291016,35.93000030517578,36.34000015258789,30.629898071289062,7370500
2013-11-15,36.5,37.0,36.38999938964844,36.83000183105469,31.042905807495117,11872100
2013-11-18,37.0,37.02000045776367,36.400001525878906,36.4900016784668,30.756324768066406,8348700
2013-11-19,36.41999816894531,36.7400016784668,36.119998931884766,36.400001525878906,30.680471420288086,7578600
2013-11-20,36.459999084472656,36.7599983215332,36.040000915527344,36.18000030517578,30.495038986206055,8325100
2013-11-21,36.400001525878906,36.400001525878906,35.70000076293945,36.16999816894531,30.486614227294922,7835700
2013-11-22,36.20000076293945,36.20000076293945,35.720001220703125,36.099998474121094,30.427608489990234,9325400
2013-11-25,36.029998779296875,36.040000915527344,35.58000183105469,35.790000915527344,30.16631507873535,10194800
2013-11-26,35.11000061035156,35.45000076293945,35.04999923706055,35.31999969482422,29.770177841186523,10917100
2013-11-27,35.310001373291016,35.470001220703125,34.400001525878906,34.68000030517578,29.230741500854492,12287000
2013-11-29,34.900001525878906,35.189998626708984,34.540000915527344,34.689998626708984,29.239160537719727,5404200
2013-12-02,34.68000030517578,34.68000030517578,34.06999969482422,34.2599983215332,28.876737594604492,9770100
2013-12-03,34.02000045776367,34.58000183105469,33.810001373291016,34.220001220703125,28.843021392822266,8736800
2013-12-04,34.22999954223633,34.91999816894531,34.22999954223633,34.540000915527344,29.11273193359375,9095500
2013-12-05,34.279998779296875,34.529998779296875,34.060001373291016,34.279998779296875,28.893590927124023,7583300
2013-12-06,34.61000061035156,34.81999969482422,34.119998931884766,34.25,28.868303298950195,7764200
2013-12-09,34.34000015258789,34.7400016784668,34.27000045776367,34.630001068115234,29.188594818115234,6652300
2013-12-10,34.93000030517578,35.25,34.81999969482422,34.88999938964844,29.40774154663086,8519800
2013-12-11,35.02000045776367,35.15999984741211,34.349998474121094,34.45000076293945,29.036876678466797,11167300
2013-12-12,34.5,34.66999816894531,33.939998626708984,34.290000915527344,28.902021408081055,9235100
2013-12-13,34.400001525878906,34.75,34.099998474121094,34.34000015258789,28.944162368774414,8882900
2013-12-16,34.400001525878906,34.88999938964844,34.349998474121094,34.599998474121094,29.163305282592773,10320100
2013-12-17,34.529998779296875,35.02000045776367,34.439998626708984,34.900001525878906,29.416170120239258,7631900
2013-12-18,35.099998474121094,35.33000183105469,34.56999969482422,35.18000030517578,29.652164459228516,9817300
2013-12-19,34.88999938964844,35.34000015258789,34.810001373291016,35.189998626708984,29.66060447692871,6625300
2013-12-20,35.22999954223633,35.75,35.209999084472656,35.689998626708984,30.082033157348633,11194100
2013-12-23,35.880001068115234,36.040000915527344,35.59000015258789,35.72999954223633,30.11574935913086,7822200
2013-12-24,35.84000015258789,36.470001220703125,35.7599983215332,36.29999923706055,30.596176147460938,5220600
2013-12-26,36.349998474121094,37.040000915527344,36.349998474121094,36.959999084472656,31.152482986450195,10345300
2013-12-27,36.970001220703125,37.630001068115234,36.939998626708984,37.5,31.607629776000977,9025500
2013-12-30,37.560001373291016,38.0,37.38999938964844,37.66999816894531,31.75090980529785,9711200
2013-12-31,37.560001373291016,37.97999954223633,37.400001525878906,37.7400016784668,31.80990982055664,7097500
2014-01-02,37.689998626708984,38.09000015258789,37.439998626708984,37.630001068115234,31.717201232910156,9039700
2014-01-03,37.5,37.77000045776367,37.2400016784668,37.31999969482422,31.455900192260742,7291400
2014-01-06,37.06999969482422,37.220001220703125,36.810001373291016,37.02000045776367,31.20305633544922,9708000
2014-01-07,37.09000015258789,37.22999954223633,36.560001373291016,36.65999984741211,30.89961814880371,8727600
2014-01-08,36.599998474121094,36.65999984741211,36.130001068115234,36.20000076293945,30.51189422607422,11582800
2014-01-09,36.22999954223633,36.34000015258789,35.45000076293945,35.709999084472656,30.09889030456543,10916100
2014-01-10,35.9900016784668,36.22999954223633,35.68000030517578,36.16999816894531,30.486614227294922,9789500
2014-01-13,35.720001220703125,35.90999984741211,35.47999954223633,35.630001068115234,30.293622970581055,13955500
2014-01-14,35.45000076293945,36.16999816894531,35.18000030517578,36.119998931884766,30.710222244262695,12020000
2014-01-15,36.130001068115234,36.65999984741211,36.08000183105469,36.61000061035156,31.126829147338867,11160400
2014-01-16,36.790000915527344,36.91999816894531,36.439998626708984,36.90999984741211,31.38190269470215,10995200
2014-01-17,37.209999084472656,37.2599983215332,36.060001373291016,36.189998626708984,30.769737243652344,19267800
2014-01-21,35.91999816894531,36.029998779296875,35.220001220703125,35.2599983215332,29.979026794433594,23325400
2014-01-22,34.939998626708984,35.119998931884766,34.27000045776367,34.52000045776367,29.349855422973633,19037500
2014-01-23,34.369998931884766,34.369998931884766,33.15999984741211,33.68000030517578,28.63566780090332,17892100
2014-01-24,33.18000030517578,33.38999938964844,32.5,32.77000045776367,27.861963272094727,16303700
2014-01-27,32.869998931884766,32.95000076293945,31.969999313354492,32.38999938964844,27.538869857788086,11211500
2014-01-28,32.650001525878906,32.7400016784668,32.33000183105469,32.560001373291016,27.683408737182617,9953900
2014-01-29,32.5099983215332,33.060001373291016,32.2599983215332,32.34000015258789,27.49636459350586,14616900
2014-01-30,32.52000045776367,32.54999923706055,31.950000762939453,32.40999984741211,27.555877685546875,10607900
2014-01-31,32.08000183105469,32.560001373291016,31.93000030517578,32.40999984741211,27.555877685546875,12451400
2014-02-03,32.41999816894531,32.45000076293945,31.040000915527344,31.079999923706055,26.425073623657227,18931500
2014-02-04,31.299999237060547,31.479999542236328,30.90999984741211,30.940000534057617,26.306039810180664,12028500
2014-02-05,31.170000076293945,31.309999465942383,30.510000228881836,31.09000015258789,26.433574676513672,12729300
2014-02-06,31.360000610351562,31.899999618530273,31.290000915527344,31.540000915527344,26.816184997558594,10852800
2014-02-07,31.770000457763672,32.369998931884766,31.309999465942383,32.349998474121094,27.504863739013672,12529500
2014-02-10,32.400001525878906,32.47999954223633,32.130001068115234,32.22999954223633,27.4028377532959,9735500
2014-02-11,32.29999923706055,33.380001068115234,32.290000915527344,33.189998626708984,28.219053268432617,11299300
2014-02-12,33.31999969482422,33.63999938964844,32.689998626708984,32.779998779296875,27.870452880859375,10381700
2014-02-13,32.5,33.290000915527344,32.349998474121094,33.15999984741211,28.193552017211914,7463000
2014-02-14,33.31999969482422,33.95000076293945,33.18000030517578,33.75,28.695188522338867,8758800
2014-02-18,33.810001373291016,33.95000076293945,33.41999816894531,33.7400016784668,28.68668556213379,7050700
2014-02-19,33.58000183105469,34.099998474121094,33.08000183105469,33.16999816894531,28.20204734802246,11165700
2014-02-20,33.029998779296875,33.810001373291016,32.83000183105469,33.75,28.695188522338867,12031000
2014-02-21,33.84000015258789,33.9900016784668,33.34000015258789,33.36000061035156,28.363588333129883,9380100
2014-02-24,33.34000015258789,33.619998931884766,32.939998626708984,33.209999084472656,28.236055374145508,9155900
2014-02-25,33.09000015258789,33.130001068115234,32.66999816894531,32.77000045776367,27.861963272094727,14869100
2014-02-26,32.86000061035156,33.58000183105469,32.84000015258789,33.40999984741211,28.406099319458008,9190600
2014-02-27,33.380001068115234,33.5099983215332,33.150001525878906,33.470001220703125,28.457124710083008,5621200
2014-02-28,33.099998474121094,33.20000076293945,32.40999984741211,32.619998931884766,27.734432220458984,12450400
2014-03-03,32.709999084472656,33.15999984741211,32.5,32.83000183105469,27.912981033325195,17342700
2014-03-04,33.119998931884766,33.630001068115234,32.91999816894531,33.529998779296875,28.508129119873047,9433400
2014-03-05,33.5099983215332,34.13999938964844,33.279998779296875,33.90999984741211,28.83121681213379,8726600
2014-03-06,33.959999084472656,34.209999084472656,33.709999084472656,33.83000183105469,28.763208389282227,6516200
2014-03-07,33.310001373291016,33.459999084472656,32.029998779296875,32.189998626708984,27.368820190429688,24873400
2014-03-10,31.690000534057617,31.690000534057617,30.8700008392334,31.3799991607666,26.680147171020508,16031400
2014-03-11,31.450000762939453,31.6200008392334,30.540000915527344,30.709999084472656,26.110492706298828,19074900
2014-03-12,30.809999465942383,31.43000030517578,30.739999771118164,30.770000457763672,26.1615047454834,14057300
2014-03-13,30.989999771118164,31.1299991607666,30.3799991607666,30.639999389648438,26.050975799560547,11172600
2014-03-14,30.709999084472656,31.270000457763672,30.68000030517578,31.059999465942383,26.408069610595703,13581700
2014-03-17,31.270000457763672,31.780000686645508,31.149999618530273,31.5,26.78217124938965,12495700
2014-03-18,31.420000076293945,31.670000076293945,31.270000457763672,31.6299991607666,26.8927001953125,8445700
2014-03-19,31.329999923706055,31.84000015258789,30.850000381469727,31.06999969482422,26.41657066345215,14784300
2014-03-20,30.780000686645508,31.079999923706055,30.56999969482422,30.899999618530273,26.27203369140625,9039100
2014-03-21,31.520000457763672,32.310001373291016,31.260000228881836,32.310001373291016,27.470857620239258,23212100
2014-03-24,32.25,32.29999923706055,31.5,31.6200008392334,26.884201049804688,10665200
2014-03-25,31.889999389648438,32.43000030517578,31.889999389648438,32.08000183105469,27.275306701660156,8909800
2014-03-26,32.27000045776367,32.33000183105469,31.639999389648438,31.690000534057617,26.94371795654297,8995400
2014-03-27,31.809999465942383,32.77000045776367,31.809999465942383,32.40999984741211,27.555877685546875,9929200
2014-03-28,32.81999969482422,33.09000015258789,32.650001525878906,32.86000061035156,27.938480377197266,8679100
2014-03-31,33.0099983215332,33.119998931884766,32.790000915527344,33.06999969482422,28.117023468017578,6815000
2014-04-01,33.0099983215332,33.290000915527344,32.63999938964844,32.91999816894531,27.989498138427734,6962500
2014-04-02,33.2599983215332,33.66999816894531,33.13999938964844,33.31999969482422,28.32958221435547,10772100
2014-04-03,33.630001068115234,33.65999984741211,33.22999954223633,33.40999984741211,28.406099319458008,8074900
2014-04-04,33.650001525878906,33.79999923706055,33.18000030517578,33.31999969482422,28.32958221435547,9815400
2014-04-07,33.27000045776367,33.560001373291016,32.849998474121094,33.08000183105469,28.125537872314453,10664700
2014-04-08,33.18000030517578,33.9900016784668,33.13999938964844,33.619998931884766,28.584651947021484,13391500
2014-04-09,33.630001068115234,34.16999816894531,33.459999084472656,33.97999954223633,28.8907413482666,10178800
2014-04-10,34.0,34.0,32.88999938964844,33.189998626708984,28.219053268432617,12864600
2014-04-11,32.7599983215332,33.150001525878906,32.5,32.560001373291016,27.94696617126465,7898700
2014-04-14,32.869998931884766,33.33000183105469,32.650001525878906,33.29999923706055,28.582130432128906,9738100
2014-04-15,32.83000183105469,33.08000183105469,32.349998474121094,33.0099983215332,28.33321762084961,9316500
2014-04-16,33.310001373291016,33.36000061035156,32.79999923706055,33.0099983215332,28.33321762084961,6410800
2014-04-17,33.060001373291016,33.290000915527344,32.9900016784668,33.0099983215332,28.33321762084961,7186800
2014-04-21,33.06999969482422,33.09000015258789,32.63999938964844,32.97999954223633,28.307464599609375,4828800
2014-04-22,33.04999923706055,33.4900016784668,32.72999954223633,33.29999923706055,28.582130432128906,8483100
2014-04-23,33.310001373291016,33.599998474121094,33.119998931884766,33.5,28.7537841796875,7256000
2014-04-24,34.279998779296875,34.47999954223633,33.79999923706055,33.93000030517578,29.122865676879883,12376600
2014-04-25,33.95000076293945,34.34000015258789,33.68000030517578,34.0099983215332,29.1915340423584,7511700
2014-04-28,34.040000915527344,34.04999923706055,33.5099983215332,33.88999938964844,29.088529586791992,7778300
2014-04-29,33.83000183105469,34.45000076293945,33.75,34.439998626708984,29.560609817504883,9046400
2014-04-30,34.25,34.400001525878906,34.0,34.369998931884766,29.50052261352539,6133200
2014-05-01,34.220001220703125,34.47999954223633,34.040000915527344,34.16999816894531,29.32886505126953,6567700
2014-05-02,34.310001373291016,34.95000076293945,34.11000061035156,34.68000030517578,29.76661491394043,9087400
2014-05-05,34.560001373291016,34.560001373291016,34.060001373291016,34.06999969482422,29.2430362701416,7703700
2014-05-06,34.04999923706055,34.150001525878906,33.779998779296875,33.84000015258789,29.045616149902344,6739800
2014-05-07,34.04999923706055,34.279998779296875,33.849998474121094,33.9900016784668,29.17436408996582,7313900
2014-05-08,33.849998474121094,34.119998931884766,33.630001068115234,33.84000015258789,29.045616149902344,7345100
2014-05-09,33.810001373291016,33.97999954223633,33.63999938964844,33.90999984741211,29.10569953918457,6132500
2014-05-12,34.5099983215332,35.22999954223633,34.459999084472656,34.88999938964844,29.94685935974121,9810400
2014-05-13,34.90999984741211,35.81999969482422,34.86000061035156,35.560001373291016,30.521923065185547,12955100
2014-05-14,35.630001068115234,35.880001068115234,35.41999816894531,35.5,30.470428466796875,12660500
2014-05-15,35.31999969482422,35.470001220703125,34.91999816894531,35.209999084472656,30.22151756286621,8285200
2014-05-16,35.20000076293945,35.209999084472656,34.52000045776367,34.9900016784668,30.03268814086914,8784700
2014-05-19,35.130001068115234,35.290000915527344,34.93000030517578,35.04999923706055,30.08419418334961,5532000
2014-05-20,34.869998931884766,34.869998931884766,34.16999816894531,34.439998626708984,29.560609817504883,10030500
2014-05-21,34.33000183105469,34.619998931884766,34.130001068115234,34.2599983215332,29.406118392944336,6907200
2014-05-22,34.41999816894531,34.52000045776367,34.209999084472656,34.29999923706055,29.440444946289062,6503600
2014-05-23,34.4900016784668,34.56999969482422,34.27000045776367,34.43000030517578,29.552030563354492,6173300
2014-05-27,34.439998626708984,34.459999084472656,33.90999984741211,33.959999084472656,29.148618698120117,6863800
2014-05-28,34.0,34.02000045776367,33.43000030517578,33.83000183105469,29.037044525146484,8029500
2014-05-29,33.849998474121094,34.38999938964844,33.810001373291016,34.27000045776367,29.414701461791992,6381800
2014-05-30,33.939998626708984,34.08000183105469,33.66999816894531,34.04999923706055,29.225862503051758,10731300
2014-06-02,34.31999969482422,34.34000015258789,33.97999954223633,34.119998931884766,29.285940170288086,6475600
2014-06-03,33.939998626708984,34.09000015258789,33.779998779296875,34.06999969482422,29.2430362701416,4343100
2014-06-04,33.970001220703125,34.619998931884766,33.84000015258789,34.5099983215332,29.62068748474121,8947300
2014-06-05,34.5099983215332,34.93000030517578,34.36000061035156,34.77000045776367,29.84385871887207,7490400
2014-06-06,34.52000045776367,34.97999954223633,34.33000183105469,34.93000030517578,29.981185913085938,7249700
2014-06-09,34.83000183105469,34.959999084472656,34.5099983215332,34.65999984741211,29.749439239501953,7586500
2014-06-10,34.540000915527344,34.68000030517578,34.08000183105469,34.36000061035156,29.4919376373291,8408200
2014-06-11,34.29999923706055,34.34000015258789,33.91999816894531,34.08000183105469,29.251619338989258,6362600
2014-06-12,33.869998931884766,34.0099983215332,33.52000045776367,33.66999816894531,28.899707794189453,7158400
2014-06-13,33.560001373291016,34.09000015258789,33.38999938964844,33.970001220703125,29.157203674316406,6436400
2014-06-16,34.060001373291016,34.099998474121094,33.810001373291016,34.0,29.182941436767578,4635500
2014-06-17,33.959999084472656,34.11000061035156,33.79999923706055,34.04999923706055,29.225862503051758,5181600
2014-06-18,34.08000183105469,34.84000015258789,33.900001525878906,34.790000915527344,29.861032485961914,7674800
2014-06-19,34.9900016784668,34.9900016784668,34.560001373291016,34.61000061035156,29.7065372467041,7706400
2014-06-20,34.560001373291016,34.90999984741211,34.349998474121094,34.86000061035156,29.921113967895508,8908800
2014-06-23,35.02000045776367,36.119998931884766,35.0,36.040000915527344,30.93391990661621,13584500
2014-06-24,35.959999084472656,36.150001525878906,35.560001373291016,35.65999984741211,30.607769012451172,8812300
2014-06-25,35.61000061035156,36.040000915527344,35.459999084472656,35.77000045776367,30.70218276977539,7313500
2014-06-26,35.790000915527344,35.93000030517578,35.4900016784668,35.70000076293945,30.64210319519043,6065100
2014-06-27,35.63999938964844,36.13999938964844,35.58000183105469,36.06999969482422,30.959684371948242,8689300
2014-06-30,35.97999954223633,36.5099983215332,35.65999984741211,36.5,31.32875633239746,11345200
2014-07-01,36.880001068115234,37.31999969482422,36.83000183105469,36.849998474121094,31.629167556762695,11556400
2014-07-02,37.029998779296875,37.9900016784668,36.9900016784668,37.83000183105469,32.47032165527344,14137300
2014-07-03,38.15999984741211,38.59000015258789,38.029998779296875,38.5099983215332,33.05397415161133,12172000
2014-07-07,38.470001220703125,38.900001525878906,38.290000915527344,38.66999816894531,33.191314697265625,12834200
2014-07-08,38.47999954223633,38.900001525878906,38.43000030517578,38.7400016784668,33.25139236450195,12041400
2014-07-09,38.95000076293945,39.29999923706055,38.7400016784668,39.040000915527344,33.50889205932617,11054500
2014-07-10,38.77000045776367,39.31999969482422,38.5099983215332,38.86000061035156,33.354393005371094,13141400
2014-07-11,38.630001068115234,38.810001373291016,38.310001373291016,38.709999084472656,33.49543380737305,9705600
2014-07-14,38.630001068115234,38.72999954223633,38.5099983215332,38.70000076293945,33.48678970336914,6388400
2014-07-15,38.689998626708984,38.869998931884766,38.0,38.290000915527344,33.132015228271484,11065000
2014-07-16,38.619998931884766,39.0,38.619998931884766,38.83000183105469,33.599281311035156,8486700
2014-07-17,38.599998474121094,38.849998474121094,38.33000183105469,38.5,33.31372833251953,14014500
2014-07-18,38.54999923706055,38.61000061035156,38.119998931884766,38.349998474121094,33.18393325805664,8637100
2014-07-21,38.29999923706055,38.75,38.27000045776367,38.66999816894531,33.46083068847656,7194900
2014-07-22,38.90999984741211,39.040000915527344,38.66999816894531,38.720001220703125,33.504093170166016,9729300
2014-07-23,38.70000076293945,39.04999923706055,38.279998779296875,38.54999923706055,33.356990814208984,11631600
2014-07-24,38.119998931884766,38.13999938964844,37.29999923706055,37.529998779296875,32.47439956665039,16150300
2014-07-25,37.43000030517578,38.220001220703125,37.349998474121094,37.9900016784668,32.872432708740234,11138800
2014-07-28,38.04999923706055,38.20000076293945,37.720001220703125,38.060001373291016,32.93299865722656,7513000
2014-07-29,38.040000915527344,38.2599983215332,37.880001068115234,37.90999984741211,32.803218841552734,7732200
2014-07-30,38.09000015258789,38.220001220703125,37.66999816894531,37.880001068115234,32.777244567871094,6046000
2014-07-31,37.5099983215332,37.77000045776367,37.13999938964844,37.220001220703125,32.206153869628906,8271500
2014-08-01,37.119998931884766,37.41999816894531,36.470001220703125,36.779998779296875,31.825420379638672,10008800
2014-08-04,37.029998779296875,37.31999969482422,36.84000015258789,37.2400016784668,32.22346496582031,6426600
2014-08-05,36.900001525878906,37.150001525878906,36.70000076293945,36.93000030517578,31.95521354675293,5929600
2014-08-06,36.59000015258789,37.529998779296875,36.56999969482422,36.70000076293945,31.756202697753906,9300600
2014-08-07,36.83000183105469,37.0,35.720001220703125,36.150001525878906,31.28029441833496,12685800
2014-08-08,36.130001068115234,36.56999969482422,36.0099983215332,36.4900016784668,31.57449722290039,5753200
2014-08-11,36.90999984741211,37.06999969482422,36.66999816894531,36.900001525878906,31.929256439208984,6954700
2014-08-12,36.7400016784668,37.06999969482422,36.68000030517578,36.880001068115234,31.91195297241211,4620900
2014-08-13,36.83000183105469,36.869998931884766,36.31999969482422,36.38999938964844,31.487953186035156,7134600
2014-08-14,35.95000076293945,36.08000183105469,35.779998779296875,36.04999923706055,31.193763732910156,8077400
2014-08-15,36.13999938964844,36.13999938964844,35.70000076293945,36.099998474121094,31.23702621459961,6985600
2014-08-18,36.099998474121094,36.38999938964844,36.0,36.369998931884766,31.470651626586914,6405600
2014-08-19,36.27000045776367,36.56999969482422,36.119998931884766,36.290000915527344,31.401430130004883,5843800
2014-08-20,36.41999816894531,37.099998474121094,36.380001068115234,36.97999954223633,31.998489379882812,9754000
2014-08-21,36.86000061035156,36.900001525878906,36.45000076293945,36.68000030517578,31.7388916015625,5189100
2014-08-22,36.619998931884766,36.619998931884766,36.29999923706055,36.439998626708984,31.531219482421875,4128300
2014-08-25,36.58000183105469,36.7599983215332,36.400001525878906,36.470001220703125,31.557180404663086,4373200
2014-08-26,36.540000915527344,36.630001068115234,36.29999923706055,36.38999938964844,31.487953186035156,6707500
2014-08-27,36.58000183105469,36.650001525878906,36.2599983215332,36.439998626708984,31.531219482421875,5740300
2014-08-28,36.13999938964844,36.16999816894531,35.630001068115234,36.15999984741211,31.288944244384766,7663200
2014-08-29,36.29999923706055,36.47999954223633,36.15999984741211,36.369998931884766,31.470651626586914,4573100
2014-09-02,36.040000915527344,36.220001220703125,35.45000076293945,35.4900016784668,30.709205627441406,10918600
2014-09-03,35.619998931884766,35.65999984741211,35.209999084472656,35.29999923706055,30.544790267944336,6491200
2014-09-04,35.31999969482422,35.66999816894531,35.04999923706055,35.220001220703125,30.475568771362305,6082900
2014-09-05,35.15999984741211,35.189998626708984,34.72999954223633,35.02000045776367,30.302513122558594,12034600
2014-09-08,34.959999084472656,35.02000045776367,34.7400016784668,34.90999984741211,30.20733070373535,7045300
2014-09-09,34.68000030517578,35.0,34.20000076293945,34.439998626708984,29.800640106201172,7772800
2014-09-10,34.349998474121094,34.619998931884766,33.90999984741211,34.560001373291016,29.90447998046875,7824900
2014-09-11,34.349998474121094,34.72999954223633,34.119998931884766,34.560001373291016,29.90447998046875,6740500
2014-09-12,34.38999938964844,34.61000061035156,34.099998474121094,34.2400016784668,29.627586364746094,6336800
2014-09-15,34.2400016784668,34.38999938964844,34.11000061035156,34.31999969482422,29.696815490722656,4811400
2014-09-16,34.29999923706055,35.099998474121094,34.119998931884766,34.88999938964844,30.190025329589844,9558000
2014-09-17,34.869998931884766,34.900001525878906,34.400001525878906,34.5099983215332,29.8612117767334,8450400
2014-09-18,34.40999984741211,34.650001525878906,34.16999816894531,34.310001373291016,29.688156127929688,9330700
2014-09-19,34.36000061035156,34.380001068115234,33.79999923706055,34.060001373291016,29.47183609008789,8586800
2014-09-22,33.630001068115234,33.689998626708984,33.08000183105469,33.16999816894531,28.70172691345215,10698200
2014-09-23,33.040000915527344,33.209999084472656,32.63999938964844,32.959999084472656,28.520009994506836,9104700
2014-09-24,33.099998474121094,33.400001525878906,32.79999923706055,33.25,28.77094078063965,10398000
2014-09-25,32.9900016784668,33.0,32.439998626708984,32.66999816894531,28.269067764282227,9216400
2014-09-26,32.650001525878906,32.91999816894531,32.58000183105469,32.869998931884766,28.442127227783203,5333800
2014-09-29,32.41999816894531,32.75,32.29999923706055,32.400001525878906,28.03544807434082,7360400
2014-09-30,32.689998626708984,32.779998779296875,32.290000915527344,32.650001525878906,28.25176429748535,12312400
2014-10-01,32.79999923706055,32.79999923706055,31.84000015258789,31.8799991607666,27.585498809814453,13884600
2014-10-02,31.899999618530273,32.119998931884766,31.25,32.06999969482422,27.749900817871094,14230700
2014-10-03,32.16999816894531,32.43000030517578,31.84000015258789,32.31999969482422,27.966228485107422,12907100
2014-10-06,32.459999084472656,32.90999984741211,31.950000762939453,32.4900016784668,28.113325119018555,15101200
2014-10-07,32.189998626708984,32.41999816894531,31.56999969482422,31.600000381469727,27.343210220336914,12799600
2014-10-08,31.670000076293945,32.34000015258789,31.260000228881836,32.29999923706055,27.948915481567383,11356800
2014-10-09,32.34000015258789,32.349998474121094,31.040000915527344,31.139999389648438,26.9451847076416,13000500
2014-10-10,30.780000686645508,31.469999313354492,30.459999084472656,30.65999984741211,26.799205780029297,13808700
2014-10-13,31.059999465942383,31.600000381469727,30.700000762939453,30.719999313354492,26.85165023803711,11839100
2014-10-14,31.1200008392334,31.540000915527344,30.6200008392334,30.790000915527344,26.912843704223633,12609000
2014-10-15,30.399999618530273,30.5,29.43000030517578,30.030000686645508,26.2485408782959,20231800
2014-10-16,29.489999771118164,30.75,29.420000076293945,30.239999771118164,26.432098388671875,13667200
2014-10-17,30.639999389648438,30.940000534057617,30.34000015258789,30.34000015258789,26.51951026916504,12102700
2014-10-20,30.549999237060547,30.940000534057617,30.459999084472656,30.760000228881836,26.88661766052246,9478600
2014-10-21,31.600000381469727,31.75,31.280000686645508,31.5,27.53343391418457,11306100
2014-10-22,31.56999969482422,31.68000030517578,30.889999389648438,30.889999389648438,27.000246047973633,10494100
2014-10-23,31.020000457763672,31.18000030517578,30.760000228881836,30.959999084472656,27.06143569946289,10839300
2014-10-24,30.760000228881836,30.959999084472656,30.56999969482422,30.799999237060547,26.921581268310547,10725600
2014-10-27,30.469999313354492,30.600000381469727,30.190000534057617,30.290000915527344,26.47580337524414,15259100
2014-10-28,29.979999542236328,30.040000915527344,28.639999389648438,29.030000686645508,25.37446403503418,27699900
2014-10-29,29.219999313354492,29.40999984741211,28.700000762939453,28.989999771118164,25.33950424194336,25454000
2014-10-30,28.6299991607666,28.639999389648438,28.059999465942383,28.079999923706055,24.54408836364746,16474500
2014-10-31,28.200000762939453,28.530000686645508,27.719999313354492,28.5,24.91120719909668,14971000
2014-11-03,28.700000762939453,28.780000686645508,27.600000381469727,27.790000915527344,24.290611267089844,18723700
2014-11-04,27.68000030517578,28.139999389648438,27.600000381469727,27.790000915527344,24.290611267089844,10305000
2014-11-05,27.719999313354492,27.81999969482422,27.100000381469727,27.1299991607666,23.71371841430664,16168800
2014-11-06,27.209999084472656,27.780000686645508,27.06999969482422,27.56999969482422,24.098308563232422,13550400
2014-11-07,27.75,28.389999389648438,27.75,28.34000015258789,24.7713565826416,14414200
2014-11-10,28.389999389648438,28.549999237060547,27.950000762939453,28.020000457763672,24.491641998291016,11418600
2014-11-11,27.950000762939453,28.510000228881836,27.899999618530273,28.43000030517578,24.850017547607422,10499100
2014-11-12,28.479999542236328,28.979999542236328,28.399999618530273,28.559999465942383,24.963651657104492,11476800
2014-11-13,28.610000610351562,28.709999084472656,27.81999969482422,27.899999618530273,24.386754989624023,11509600
2014-11-14,27.760000228881836,28.34000015258789,27.600000381469727,28.299999237060547,24.73639678955078,12669400
2014-11-17,28.229999542236328,28.579999923706055,27.969999313354492,28.420000076293945,24.841279983520508,10184800
2014-11-18,28.5,28.600000381469727,28.020000457763672,28.190000534057617,24.640241622924805,11127200
2014-11-19,28.18000030517578,28.260000228881836,27.670000076293945,28.079999923706055,24.54408836364746,9737900
2014-11-20,27.799999237060547,28.6200008392334,27.75,28.56999969482422,24.972389221191406,8810200
2014-11-21,29.75,29.920000076293945,29.25,29.59000015258789,25.863948822021484,17097700
2014-11-24,29.709999084472656,29.75,29.010000228881836,29.110000610351562,25.44438934326172,10754000
2014-11-25,29.059999465942383,29.3799991607666,29.049999237060547,29.280000686645508,25.59298324584961,7990700
2014-11-26,29.260000228881836,29.68000030517578,29.139999389648438,29.34000015258789,25.645427703857422,7975000
2014-11-28,27.360000610351562,27.3799991607666,26.639999389648438,26.850000381469727,23.468978881835938,21626500
2014-12-01,26.709999084472656,26.75,25.5,26.200000762939453,22.900829315185547,21161500
2014-12-02,25.760000228881836,26.489999771118164,25.450000762939453,25.8700008392334,22.612382888793945,17127600
2014-12-03,26.1299991607666,26.889999389648438,26.059999465942383,26.700000762939453,23.33786392211914,14662700
2014-12-04,26.600000381469727,26.84000015258789,26.290000915527344,26.43000030517578,23.10186767578125,8734000
2014-12-05,26.219999313354492,26.3700008392334,25.84000015258789,26.010000228881836,22.734758377075195,9935800
2014-12-08,25.920000076293945,26.149999618530273,25.06999969482422,25.1299991607666,21.965560913085938,14821300
2014-12-09,24.639999389648438,25.1299991607666,24.389999389648438,25.1299991607666,21.965560913085938,21675900
2014-12-10,24.920000076293945,25.010000228881836,23.950000762939453,23.959999084472656,20.94289207458496,16762200
2014-12-11,23.329999923706055,23.829999923706055,22.860000610351562,22.979999542236328,20.0862979888916,26720400
2014-12-12,22.979999542236328,22.989999771118164,21.770000457763672,21.780000686645508,19.03740692138672,27925300
2014-12-15,22.09000015258789,22.1200008392334,21.030000686645508,21.030000686645508,18.381847381591797,22011500
2014-12-16,21.270000457763672,21.950000762939453,20.940000534057617,21.190000534057617,18.521697998046875,23220400
2014-12-17,21.290000915527344,22.239999771118164,21.219999313354492,22.1299991607666,19.343324661254883,22364900
2014-12-18,22.59000015258789,22.829999923706055,22.15999984741211,22.81999969482422,19.946447372436523,21206700
2014-12-19,22.899999618530273,23.469999313354492,22.709999084472656,23.399999618530273,20.453413009643555,23998400
2014-12-22,23.479999542236328,23.520000457763672,22.360000610351562,22.549999237060547,19.710433959960938,14568400
2014-12-23,22.639999389648438,23.18000030517578,22.520000457763672,22.84000015258789,19.96392822265625,11175800
2014-12-24,22.670000076293945,23.0,22.510000228881836,22.90999984741211,20.025114059448242,5619600
2014-12-26,23.049999237060547,23.889999389648438,23.010000228881836,23.510000228881836,20.5495548248291,11115300
2014-12-29,23.579999923706055,23.75,23.190000534057617,23.260000228881836,20.331039428710938,12152500
2014-12-30,23.270000457763672,23.770000457763672,23.239999771118164,23.579999923706055,20.61073875427246,14736600
2014-12-31,23.549999237060547,23.670000076293945,23.190000534057617,23.360000610351562,20.418445587158203,12414500
2015-01-02,23.350000381469727,23.719999313354492,23.280000686645508,23.549999237060547,20.584514617919922,9331200
2015-01-05,23.06999969482422,23.06999969482422,21.950000762939453,22.149999618530273,19.36081314086914,23786900
2015-01-06,22.200000762939453,22.790000915527344,22.110000610351562,22.530000686645508,19.692968368530273,15756800
2015-01-07,22.799999237060547,22.899999618530273,22.389999389648438,22.860000610351562,19.981409072875977,11749700
2015-01-08,23.049999237060547,23.5,22.81999969482422,23.3700008392334,20.42718505859375,10959100
2015-01-09,23.520000457763672,23.610000610351562,23.079999923706055,23.450000762939453,20.497116088867188,9904200
2015-01-12,23.020000457763672,23.170000076293945,22.450000762939453,23.06999969482422,20.164960861206055,15452300
2015-01-13,22.579999923706055,22.700000762939453,20.950000762939453,21.040000915527344,18.643529891967773,30072100
2015-01-14,19.260000228881836,19.360000610351562,17.850000381469727,18.739999771118164,16.605501174926758,60272100
2015-01-15,19.079999923706055,19.299999237060547,18.31999969482422,18.329999923706055,16.242202758789062,25351500
2015-01-16,18.6299991607666,19.329999923706055,18.56999969482422,19.239999771118164,17.048551559448242,25455700
2015-01-20,19.239999771118164,19.350000381469727,18.860000610351562,19.270000457763672,17.07513427734375,16892900
2015-01-21,19.110000610351562,20.059999465942383,19.09000015258789,19.850000381469727,17.589075088500977,21354900
2015-01-22,20.479999542236328,20.559999465942383,19.739999771118164,20.020000457763672,17.73971176147461,19039500
2015-01-23,19.760000228881836,19.860000610351562,19.190000534057617,19.239999771118164,17.048551559448242,23160600
2015-01-26,19.149999618530273,19.610000610351562,18.959999084472656,19.559999465942383,17.332101821899414,16288200
2015-01-27,18.200000762939453,18.860000610351562,18.010000228881836,18.3799991607666,16.286502838134766,33844700
2015-01-28,18.280000686645508,18.31999969482422,17.399999618530273,17.420000076293945,15.435847282409668,27404500
2015-01-29,17.420000076293945,17.420000076293945,16.43000030517578,16.829999923706055,14.913053512573242,33264400
2015-01-30,16.739999771118164,17.260000228881836,16.610000610351562,16.809999465942383,14.8953275680542,27276000
2015-02-02,16.979999542236328,17.5,16.809999465942383,17.450000762939453,15.462437629699707,21217900
2015-02-03,18.299999237060547,19.260000228881836,18.139999389648438,18.979999542236328,16.81816291809082,33141600
2015-02-04,18.459999084472656,18.549999237060547,18.010000228881836,18.290000915527344,16.206762313842773,22443900
2015-02-05,18.229999542236328,19.6200008392334,18.110000610351562,19.59000015258789,17.358684539794922,35384100
2015-02-06,19.239999771118164,19.479999542236328,18.829999923706055,18.850000381469727,16.702970504760742,22368200
2015-02-09,18.93000030517578,19.780000686645508,18.850000381469727,19.510000228881836,17.287796020507812,19437700
2015-02-10,19.25,19.260000228881836,18.479999542236328,18.709999084472656,16.578916549682617,16436700
2015-02-11,18.65999984741211,18.75,18.06999969482422,18.600000381469727,16.481441497802734,18740200
2015-02-12,19.010000228881836,19.56999969482422,18.93000030517578,19.469999313354492,17.252351760864258,17414800
2015-02-13,19.770000457763672,20.5,19.760000228881836,20.290000915527344,17.978961944580078,19529900
2015-02-17,20.110000610351562,21.170000076293945,19.959999084472656,20.950000762939453,18.563777923583984,27489700
2015-02-18,20.8700008392334,21.579999923706055,20.670000076293945,21.290000915527344,18.865055084228516,19412400
2015-02-19,20.959999084472656,21.260000228881836,20.90999984741211,21.110000610351562,18.7055606842041,18731500
2015-02-20,21.1200008392334,21.299999237060547,20.90999984741211,21.280000686645508,18.8561954498291,12715500
2015-02-23,21.06999969482422,21.06999969482422,20.3799991607666,20.59000015258789,18.244787216186523,15354100
2015-02-24,21.06999969482422,21.399999618530273,20.850000381469727,21.219999313354492,18.80302619934082,12361200
2015-02-25,21.270000457763672,21.65999984741211,21.079999923706055,21.5,19.051132202148438,11321100
2015-02-26,21.899999618530273,21.899999618530273,21.040000915527344,21.110000610351562,18.7055606842041,14163800
2015-02-27,21.260000228881836,21.790000915527344,21.079999923706055,21.6299991607666,19.16632843017578,12563700
2015-03-02,21.6299991607666,21.6299991607666,20.75,21.1299991607666,18.72327995300293,15066600
2015-03-03,20.989999771118164,21.6299991607666,20.969999313354492,20.989999771118164,18.599225997924805,11164400
2015-03-04,20.649999618530273,20.969999313354492,20.1200008392334,20.8700008392334,18.492895126342773,19095800
2015-03-05,20.8799991607666,20.920000076293945,20.139999389648438,20.190000534057617,17.89034652709961,17984500
2015-03-06,19.989999771118164,20.149999618530273,19.34000015258789,19.440000534057617,17.22576904296875,20089200
2015-03-09,19.31999969482422,19.770000457763672,19.31999969482422,19.6200008392334,17.385272979736328,10402500
2015-03-10,19.06999969482422,19.43000030517578,18.799999237060547,18.84000015258789,16.694116592407227,15698100
2015-03-11,18.84000015258789,18.8799991607666,18.270000457763672,18.809999465942383,16.667530059814453,13763300
2015-03-12,19.3799991607666,19.6299991607666,18.809999465942383,18.889999389648438,16.73841667175293,13714400
2015-03-13,18.520000457763672,18.520000457763672,17.8799991607666,18.139999389648438,16.07383918762207,18202900
2015-03-16,18.049999237060547,18.280000686645508,17.530000686645508,17.969999313354492,15.923205375671387,17290000
2015-03-17,17.770000457763672,17.850000381469727,17.360000610351562,17.420000076293945,15.435847282409668,20520200
2015-03-18,17.1200008392334,18.389999389648438,17.020000457763672,18.229999542236328,16.153587341308594,24498000
2015-03-19,18.040000915527344,18.049999237060547,17.09000015258789,17.260000228881836,15.294071197509766,24104100
2015-03-20,17.3799991607666,18.829999923706055,17.360000610351562,18.40999984741211,16.313091278076172,39102900
2015-03-23,18.600000381469727,19.43000030517578,18.520000457763672,19.329999923706055,17.128299713134766,22830000
2015-03-24,18.850000381469727,19.43000030517578,18.530000686645508,19.18000030517578,16.995386123657227,36498400
2015-03-25,19.15999984741211,19.549999237060547,18.989999771118164,19.09000015258789,16.91563606262207,21116100
2015-03-26,19.540000915527344,20.0,19.260000228881836,19.5,17.278940200805664,21683400
2015-03-27,19.100000381469727,19.139999389648438,18.65999984741211,18.799999237060547,16.658672332763672,20855400
2015-03-30,18.850000381469727,19.559999465942383,18.809999465942383,19.3799991607666,17.17259979248047,15991100
2015-03-31,19.209999084472656,19.209999084472656,18.790000915527344,18.950000762939453,16.791587829589844,25410100
2015-04-01,19.100000381469727,19.299999237060547,18.790000915527344,18.969999313354492,16.80929946899414,24332200
2015-04-02,18.799999237060547,19.06999969482422,18.739999771118164,19.0,16.835891723632812,14145900
2015-04-06,19.270000457763672,19.399999618530273,19.139999389648438,19.149999618530273,16.96880531311035,13762700
2015-04-07,19.219999313354492,19.34000015258789,18.93000030517578,18.979999542236328,16.81816291809082,12555900
2015-04-08,19.280000686645508,19.399999618530273,18.790000915527344,18.81999969482422,16.67638397216797,11944100
2015-04-09,18.709999084472656,19.200000762939453,18.670000076293945,18.780000686645508,16.640947341918945,12318400
2015-04-10,18.739999771118164,18.899999618530273,18.229999542236328,18.299999237060547,16.215620040893555,13736000
2015-04-13,18.40999984741211,18.469999313354492,18.110000610351562,18.260000228881836,16.224504470825195,10781600
2015-04-14,18.450000762939453,18.969999313354492,18.270000457763672,18.950000762939453,16.837581634521484,16930800
2015-04-15,19.040000915527344,21.06999969482422,19.030000686645508,20.670000076293945,18.365859985351562,42863500
2015-04-16,20.719999313354492,21.209999084472656,20.489999771118164,20.829999923706055,18.50802230834961,25937800
2015-04-17,20.510000228881836,20.770000457763672,20.360000610351562,20.670000076293945,18.365859985351562,17250400
2015-04-20,20.649999618530273,21.190000534057617,20.549999237060547,20.65999984741211,18.356966018676758,15294800
2015-04-21,20.559999465942383,20.6299991607666,20.040000915527344,20.229999542236328,17.97490119934082,19519100
2015-04-22,20.450000762939453,20.790000915527344,20.200000762939453,20.56999969482422,18.27699851989746,15813900
2015-04-23,19.829999923706055,20.56999969482422,19.549999237060547,20.06999969482422,17.832738876342773,26085500
2015-04-24,20.450000762939453,21.270000457763672,20.440000534057617,20.81999969482422,18.499134063720703,23043200
2015-04-27,21.25,22.1200008392334,21.15999984741211,21.81999969482422,19.387653350830078,26042600
2015-04-28,22.459999084472656,22.81999969482422,22.329999923706055,22.68000030517578,20.15179443359375,32509900
2015-04-29,22.459999084472656,23.100000381469727,22.389999389648438,22.889999389648438,20.338390350341797,21399500
2015-04-30,22.68000030517578,23.65999984741211,22.420000076293945,23.270000457763672,20.6760196685791,25088300
2015-05-01,23.3799991607666,23.950000762939453,23.290000915527344,23.65999984741211,21.022546768188477,20194900
2015-05-04,23.81999969482422,23.969999313354492,23.25,23.389999389648438,20.782644271850586,13367900
2015-05-05,23.56999969482422,23.75,23.229999542236328,23.350000381469727,20.747106552124023,16119300
2015-05-06,23.649999618530273,23.670000076293945,23.040000915527344,23.260000228881836,20.667137145996094,13922100
2015-05-07,22.739999771118164,23.020000457763672,22.479999542236328,22.90999984741211,20.356159210205078,15409500
2015-05-08,23.270000457763672,23.610000610351562,23.1200008392334,23.290000915527344,20.693796157836914,15817800
2015-05-11,23.399999618530273,23.600000381469727,22.8700008392334,22.969999313354492,20.409460067749023,15975600
2015-05-12,22.979999542236328,23.100000381469727,22.65999984741211,22.729999542236328,20.196224212646484,13758700
2015-05-13,22.81999969482422,23.0,22.459999084472656,22.610000610351562,20.089597702026367,14307600
2015-05-14,22.780000686645508,23.299999237060547,22.65999984741211,22.799999237060547,20.258411407470703,14059800
2015-05-15,22.770000457763672,22.959999084472656,22.469999313354492,22.829999923706055,20.28506851196289,9022100
2015-05-18,22.639999389648438,22.68000030517578,22.040000915527344,22.1299991607666,19.66309928894043,12559200
2015-05-19,21.719999313354492,21.850000381469727,21.200000762939453,21.290000915527344,18.9167423248291,22238000
2015-05-20,21.3799991607666,21.3799991607666,20.8799991607666,21.079999923706055,18.730146408081055,12735300
2015-05-21,21.239999771118164,21.559999465942383,20.850000381469727,21.350000381469727,18.970050811767578,17040400
2015-05-22,21.190000534057617,21.299999237060547,20.899999618530273,20.989999771118164,18.650182723999023,12275200
2015-05-26,20.700000762939453,20.75,19.8700008392334,20.079999923706055,17.84161949157715,27660900
2015-05-27,20.030000686645508,20.360000610351562,19.899999618530273,20.149999618530273,17.903820037841797,14151400
2015-05-28,20.06999969482422,20.239999771118164,19.719999313354492,20.15999984741211,17.91270637512207,13264700
2015-05-29,20.049999237060547,20.06999969482422,19.649999618530273,19.649999618530273,17.45956039428711,13437800
2015-06-01,19.75,19.75,19.299999237060547,19.350000381469727,17.192996978759766,11548700
2015-06-02,19.520000457763672,20.68000030517578,19.510000228881836,20.459999084472656,18.179262161254883,16644000
2015-06-03,20.459999084472656,20.649999618530273,19.799999237060547,19.8700008392334,17.655031204223633,17067500
2015-06-04,19.649999618530273,19.700000762939453,19.399999618530273,19.520000457763672,17.344051361083984,14532400
2015-06-05,19.360000610351562,19.760000228881836,19.260000228881836,19.649999618530273,17.45956039428711,10893200
2015-06-08,19.899999618530273,19.899999618530273,19.290000915527344,19.399999618530273,17.237428665161133,11498500
2015-06-09,19.600000381469727,20.219999313354492,19.530000686645508,20.020000457763672,17.788307189941406,15810300
2015-06-10,20.540000915527344,20.780000686645508,20.450000762939453,20.559999465942383,18.26811408996582,15533900
2015-06-11,20.360000610351562,20.399999618530273,19.799999237060547,19.93000030517578,17.70834732055664,12578900
2015-06-12,19.850000381469727,19.8700008392334,19.520000457763672,19.809999465942383,17.60171890258789,9426600
2015-06-15,19.43000030517578,19.950000762939453,19.420000076293945,19.59000015258789,17.40624237060547,17871700
2015-06-16,19.559999465942383,19.93000030517578,19.309999465942383,19.799999237060547,17.592832565307617,10145900
2015-06-17,19.959999084472656,20.1299991607666,19.540000915527344,20.020000457763672,17.788307189941406,10483000
2015-06-18,20.25,20.350000381469727,19.719999313354492,20.1299991607666,17.886051177978516,12248000
2015-06-19,19.90999984741211,20.030000686645508,19.68000030517578,19.770000457763672,17.566181182861328,15734700
2015-06-22,19.700000762939453,19.799999237060547,19.389999389648438,19.399999618530273,17.237428665161133,12619500
2015-06-23,19.399999618530273,20.149999618530273,19.3799991607666,20.110000610351562,17.868282318115234,16277900
2015-06-24,20.15999984741211,21.170000076293945,20.149999618530273,20.559999465942383,18.26811408996582,23128300
2015-06-25,20.399999618530273,20.65999984741211,19.56999969482422,19.739999771118164,17.53952407836914,17142500
2015-06-26,19.6299991607666,20.059999465942383,19.530000686645508,19.940000534057617,17.71722984313965,17434900
2015-06-29,19.700000762939453,19.959999084472656,19.360000610351562,19.3799991607666,17.219655990600586,13466300
2015-06-30,19.479999542236328,19.520000457763672,18.510000228881836,18.6200008392334,16.544376373291016,22002800
2015-07-01,18.579999923706055,18.809999465942383,18.209999084472656,18.399999618530273,16.348896026611328,14112900
2015-07-02,18.600000381469727,18.84000015258789,18.270000457763672,18.399999618530273,16.348896026611328,13265700
2015-07-06,17.889999389648438,18.1200008392334,17.510000228881836,17.84000015258789,15.851324081420898,18450800
2015-07-07,17.3700008392334,17.3700008392334,16.0,17.25,15.327092170715332,44548100
2015-07-08,17.149999618530273,17.290000915527344,16.350000381469727,16.5,14.660694122314453,20571900
2015-07-09,17.170000076293945,17.34000015258789,16.760000228881836,16.780000686645508,14.9094877243042,17844600
2015-07-10,17.299999237060547,17.5,16.670000076293945,16.739999771118164,14.873937606811523,14907700
2015-07-13,16.59000015258789,17.010000228881836,16.260000228881836,16.920000076293945,15.179869651794434,16280900
2015-07-14,16.729999542236328,17.209999084472656,16.600000381469727,17.110000610351562,15.35033130645752,14889500
2015-07-15,17.110000610351562,17.15999984741211,16.270000457763672,16.40999984741211,14.722325325012207,17215000
2015-07-16,16.649999618530273,16.670000076293945,16.100000381469727,16.299999237060547,14.623634338378906,12697900
2015-07-17,16.170000076293945,16.170000076293945,15.550000190734863,15.880000114440918,14.246832847595215,18847000
2015-07-20,15.510000228881836,15.670000076293945,14.90999984741211,15.050000190734863,13.502188682556152,35635000
2015-07-21,15.25,16.25,15.199999809265137,15.720000267028809,14.103285789489746,27647900
2015-07-22,15.510000228881836,15.5600004196167,14.859999656677246,15.0600004196167,13.511164665222168,28339600
2015-07-23,15.319999694824219,15.390000343322754,13.300000190734863,13.640000343322754,12.237200736999512,60229700
2015-07-24,13.449999809265137,13.460000038146973,12.170000076293945,12.289999961853027,11.026044845581055,56994300
2015-07-27,11.949999809265137,12.5600004196167,11.15999984741211,11.369999885559082,10.20065975189209,64856700
2015-07-28,11.760000228881836,12.6899995803833,11.619999885559082,12.329999923706055,11.061928749084473,51813300
2015-07-29,12.359999656677246,12.600000381469727,12.180000305175781,12.5,11.214445114135742,32226300
2015-07-30,12.300000190734863,12.489999771118164,11.569999694824219,11.84000015258789,10.622321128845215,29185400
2015-07-31,12.100000381469727,12.149999618530273,11.579999923706055,11.75,10.541576385498047,18926700
2015-08-03,11.640000343322754,11.670000076293945,11.119999885559082,11.199999809265137,10.048141479492188,22812600
2015-08-04,11.520000457763672,11.680000305175781,10.930000305175781,11.039999961853027,9.904598236083984,22773500
2015-08-05,11.470000267028809,11.869999885559082,10.899999618530273,10.930000305175781,9.805910110473633,41019200
2015-08-06,10.84000015258789,11.300000190734863,10.720000267028809,11.210000038146973,10.057114601135254,28172300
2015-08-07,11.069999694824219,11.25,10.479999542236328,10.529999732971191,9.447047233581543,26792200
2015-08-10,10.109999656677246,11.6899995803833,10.100000381469727,11.649999618530273,10.451864242553711,40044700
2015-08-11,11.050000190734863,11.0600004196167,10.0,10.220000267028809,9.168930053710938,47011600
2015-08-12,10.050000190734863,10.380000114440918,9.880000114440918,10.25,9.195845603942871,35659000
2015-08-13,10.1899995803833,10.279999732971191,9.960000038146973,10.069999694824219,9.034357070922852,27176600
2015-08-14,10.09000015258789,10.359999656677246,10.010000228881836,10.029999732971191,8.998470306396484,19115600
2015-08-17,9.920000076293945,10.300000190734863,9.920000076293945,10.239999771118164,9.186872482299805,29758400
2015-08-18,9.970000267028809,10.050000190734863,9.8100004196167,9.920000076293945,8.899785041809082,44885100
2015-08-19,9.850000381469727,9.869999885559082,9.59000015258789,9.729999542236328,8.729323387145996,41990400
2015-08-20,9.989999771118164,10.119999885559082,9.59000015258789,9.710000038146973,8.711382865905762,45135700
2015-08-21,9.739999771118164,9.800000190734863,9.479999542236328,9.579999923706055,8.59475040435791,29974400
2015-08-24,8.670000076293945,9.420000076293945,8.15999984741211,8.680000305175781,7.7873101234436035,35840500
2015-08-25,9.25,9.260000228881836,8.239999771118164,8.239999771118164,7.392559051513672,37157600
2015-08-26,8.25,8.289999961853027,7.760000228881836,7.920000076293945,7.105472564697266,52995000
2015-08-27,8.630000114440918,10.479999542236328,8.5600004196167,10.1899995803833,9.142014503479004,107966700
2015-08-28,11.329999923706055,11.479999542236328,10.3100004196167,10.5,9.420130729675293,110214000
2015-08-31,10.350000381469727,10.829999923706055,10.170000076293945,10.640000343322754,9.545736312866211,58259700
2015-09-01,10.109999656677246,10.390000343322754,9.649999618530273,9.770000457763672,8.765209197998047,42543100
2015-09-02,10.050000190734863,10.050000190734863,9.5,9.899999618530273,8.881841659545898,36488400
2015-09-03,10.020000457763672,10.350000381469727,9.859999656677246,10.130000114440918,9.08818531036377,40838100
2015-09-04,9.789999961853027,9.90999984741211,9.510000228881836,9.710000038146973,8.711382865905762,30074200
2015-09-08,10.210000038146973,10.579999923706055,10.079999923706055,10.399999618530273,9.330419540405273,66046100
2015-09-09,10.770000457763672,11.180000305175781,10.40999984741211,10.729999542236328,9.62647819519043,44865100
2015-09-10,10.819999694824219,11.34000015258789,10.779999732971191,11.270000457763672,10.110942840576172,54185300
2015-09-11,11.3100004196167,11.640000343322754,11.100000381469727,11.399999618530273,10.227571487426758,41622600
2015-09-14,11.170000076293945,11.539999961853027,10.880000114440918,11.15999984741211,10.012256622314453,28249300
2015-09-15,11.130000114440918,11.479999542236328,11.109999656677246,11.289999961853027,10.128886222839355,28015800
2015-09-16,11.449999809265137,11.869999885559082,11.390000343322754,11.84000015258789,10.622321128845215,29949900
2015-09-17,11.65999984741211,12.59000015258789,11.5600004196167,12.050000190734863,10.810724258422852,48932900
2015-09-18,11.34000015258789,11.430000305175781,10.539999961853027,10.880000114440918,9.761054992675781,79177900
2015-09-21,10.770000457763672,10.899999618530273,10.510000228881836,10.529999732971191,9.447047233581543,43161300
2015-09-22,9.970000267028809,10.779999732971191,9.720000267028809,10.59000015258789,9.500877380371094,91540300
2015-09-23,10.619999885559082,10.670000076293945,9.960000038146973,10.0,8.971556663513184,34038800
2015-09-24,9.699999809265137,10.140000343322754,9.569999694824219,9.989999771118164,8.9625825881958,46986600
2015-09-25,10.0600004196167,10.079999923706055,9.600000381469727,9.800000190734863,8.79212474822998,46429900
2015-09-28,9.800000190734863,9.800000190734863,8.619999885559082,8.90999984741211,7.99365758895874,49501600
2015-09-29,8.970000267028809,9.260000228881836,8.960000038146973,9.109999656677246,8.173090934753418,27293100
2015-09-30,9.270000457763672,9.779999732971191,9.25,9.6899995803833,8.693434715270996,42200500
2015-10-01,9.90999984741211,10.140000343322754,9.510000228881836,9.819999694824219,8.810067176818848,31312800
2015-10-02,9.710000038146973,10.65999984741211,9.619999885559082,10.619999885559082,9.527791976928711,39607300
2015-10-05,10.539999961853027,11.289999961853027,10.510000228881836,11.180000305175781,10.030198097229004,38489400
2015-10-06,11.430000305175781,11.930000305175781,11.300000190734863,11.829999923706055,10.613350868225098,53934000
2015-10-07,12.229999542236328,13.4399995803833,12.229999542236328,13.010000228881836,11.67199420928955,93597700
2015-10-08,12.949999809265137,13.619999885559082,12.710000038146973,13.460000038146973,12.075713157653809,52374300
2015-10-09,13.890000343322754,14.199999809265137,13.170000076293945,13.489999771118164,12.102624893188477,51723400
2015-10-12,13.539999961853027,13.539999961853027,12.529999732971191,12.9399995803833,11.609192848205566,30719200
2015-10-13,12.3100004196167,13.149999618530273,12.119999885559082,12.729999542236328,11.46509075164795,30954800
2015-10-14,12.829999923706055,13.09000015258789,12.470000267028809,13.0600004196167,11.762301445007324,27640200
2015-10-15,12.920000076293945,13.199999809265137,12.84000015258789,13.0,11.70826244354248,25938300
2015-10-16,13.0600004196167,13.0600004196167,12.25,12.4399995803833,11.20390796661377,29304300
2015-10-19,12.210000038146973,12.399999618530273,11.770000457763672,12.029999732971191,10.834650039672852,25838700
2015-10-20,11.930000305175781,12.390000343322754,11.829999923706055,12.239999771118164,11.023778915405273,23307600
2015-10-21,12.289999961853027,12.350000381469727,11.869999885559082,11.949999809265137,10.762596130371094,24713500
2015-10-22,11.539999961853027,12.800000190734863,11.529999732971191,12.020000457763672,10.825637817382812,36187300
2015-10-23,12.1899995803833,12.279999732971191,11.779999732971191,12.130000114440918,10.924711227416992,25782800
2015-10-26,12.140000343322754,12.3100004196167,11.979999542236328,12.020000457763672,10.825637817382812,13577900
2015-10-27,11.819999694824219,11.989999771118164,11.319999694824219,11.609999656677246,10.456378936767578,23378700
2015-10-28,11.420000076293945,12.359999656677246,11.399999618530273,11.779999732971191,10.609484672546387,32522500
2015-10-29,11.579999923706055,12.0,11.529999732971191,11.630000114440918,10.474392890930176,19680300
2015-10-30,11.699999809265137,12.050000190734863,11.5600004196167,11.770000457763672,10.600480079650879,21816300
2015-11-02,11.789999961853027,12.050000190734863,11.609999656677246,11.819999694824219,10.645511627197266,23081000
2015-11-03,11.819999694824219,12.680000305175781,11.8100004196167,12.40999984741211,11.176887512207031,35032300
2015-11-04,12.649999618530273,12.75,11.770000457763672,12.020000457763672,10.825637817382812,30393800
2015-11-05,11.770000457763672,11.859999656677246,11.210000038146973,11.479999542236328,10.339295387268066,36803900
2015-11-06,11.170000076293945,11.25,10.609999656677246,10.75,9.681833267211914,35330300
2015-11-09,10.729999542236328,10.880000114440918,10.130000114440918,10.489999771118164,9.447667121887207,28849300
2015-11-10,10.369999885559082,10.369999885559082,9.800000190734863,9.829999923706055,8.853245735168457,35554900
2015-11-11,9.90999984741211,9.920000076293945,9.020000457763672,9.3100004196167,8.384919166564941,40818900
2015-11-12,8.859999656677246,9.180000305175781,8.600000381469727,8.770000457763672,7.898575782775879,47069000
2015-11-13,8.970000267028809,8.989999771118164,8.640000343322754,8.680000305175781,7.817514419555664,32314300
2015-11-16,8.710000038146973,8.920000076293945,8.609999656677246,8.859999656677246,7.97962760925293,30302100
2015-11-17,8.9399995803833,8.970000267028809,8.329999923706055,8.390000343322754,7.556330680847168,32672500
2015-11-18,8.529999732971191,8.800000190734863,8.449999809265137,8.770000457763672,7.898575782775879,32434000
2015-11-19,8.800000190734863,8.850000381469727,8.399999618530273,8.40999984741211,7.574345111846924,27405200
2015-11-20,8.4399995803833,8.579999923706055,8.0,8.25,7.430243968963623,34819700
2015-11-23,8.199999809265137,8.199999809265137,7.940000057220459,8.0,7.205085277557373,36508600
2015-11-24,8.1899995803833,8.399999618530273,8.010000228881836,8.300000190734863,7.475274562835693,48025100
2015-11-25,8.15999984741211,8.489999771118164,8.0,8.100000381469727,7.295147895812988,29689500
2015-11-27,8.130000114440918,8.25,8.029999732971191,8.100000381469727,7.295147895812988,14910900
2015-11-30,8.109999656677246,8.479999542236328,8.029999732971191,8.180000305175781,7.367199420928955,34106200
2015-12-01,8.25,8.40999984741211,8.130000114440918,8.329999923706055,7.502294063568115,32791100
2015-12-02,8.229999542236328,8.229999542236328,7.800000190734863,7.829999923706055,7.051977157592773,45182200
2015-12-03,7.849999904632568,7.980000019073486,7.630000114440918,7.679999828338623,6.916882038116455,45469100
2015-12-04,7.650000095367432,7.920000076293945,7.539999961853027,7.849999904632568,7.069989204406738,45599500
2015-12-07,7.630000114440918,7.630000114440918,7.190000057220459,7.230000019073486,6.5115966796875,45849100
2015-12-08,7.059999942779541,7.059999942779541,6.630000114440918,6.739999771118164,6.070282936096191,57811500
2015-12-09,6.960000038146973,7.480000019073486,6.900000095367432,6.989999771118164,6.295442581176758,60700200
2015-12-10,7.070000171661377,7.449999809265137,6.929999828338623,7.360000133514404,6.6286773681640625,47513600
2015-12-11,7.159999847412109,7.289999961853027,6.829999923706055,6.900000095367432,6.214385509490967,69255200
2015-12-14,6.849999904632568,6.949999809265137,6.429999828338623,6.460000038146973,5.8181071281433105,57263400
2015-12-15,6.570000171661377,6.789999961853027,6.460000038146973,6.519999980926514,5.87214469909668,47366500
2015-12-16,6.630000114440918,6.860000133514404,6.53000020980835,6.690000057220459,6.025251388549805,50323800
2015-12-17,6.570000171661377,6.639999866485596,6.099999904632568,6.119999885559082,5.511889457702637,53127500
2015-12-18,6.289999961853027,6.480000019073486,6.079999923706055,6.210000038146973,5.592947483062744,95926300
2015-12-21,6.309999942779541,6.480000019073486,6.130000114440918,6.239999771118164,5.619966506958008,42811200
2015-12-22,6.28000020980835,6.460000038146973,6.230000019073486,6.420000076293945,5.782079696655273,41029100
2015-12-23,6.699999809265137,7.53000020980835,6.699999809265137,7.449999809265137,6.70973539352417,76684000
2015-12-24,7.53000020980835,7.639999866485596,7.260000228881836,7.570000171661377,6.817811965942383,23225200
2015-12-28,7.329999923706055,7.329999923706055,6.809999942779541,6.849999904632568,6.1693549156188965,42708400
2015-12-29,7.150000095367432,7.289999961853027,6.860000133514404,6.96999979019165,6.277430057525635,35517300
2015-12-30,6.739999771118164,6.940000057220459,6.679999828338623,6.769999980926514,6.0973029136657715,26421100
2015-12-31,6.690000057220459,6.929999828338623,6.679999828338623,6.769999980926514,6.0973029136657715,24444700
2016-01-04,6.599999904632568,6.760000228881836,6.300000190734863,6.550000190734863,5.899163246154785,43095300
2016-01-05,6.619999885559082,6.730000019073486,6.510000228881836,6.710000038146973,6.043264865875244,37753400
2016-01-06,6.369999885559082,6.46999979019165,6.130000114440918,6.170000076293945,5.556921482086182,45365100
2016-01-07,5.980000019073486,6.039999961853027,5.429999828338623,5.610000133514404,5.0525665283203125,66615400
2016-01-08,5.670000076293945,5.710000038146973,5.360000133514404,5.409999847412109,4.872437953948975,44313100
2016-01-11,5.400000095367432,5.420000076293945,4.230000019073486,4.309999942779541,3.881739616394043,117668200
2016-01-12,4.309999942779541,4.579999923706055,3.6500000953674316,4.110000133514404,3.7016117572784424,141597300
2016-01-13,4.179999828338623,4.28000020980835,3.700000047683716,3.740000009536743,3.368377447128296,64602100
2016-01-14,3.809999942779541,4.230000019073486,3.7799999713897705,4.199999809265137,3.78266978263855,77708600
2016-01-15,3.799999952316284,4.349999904632568,3.7699999809265137,4.349999904632568,3.9177658557891846,73161600
2016-01-19,4.579999923706055,4.579999923706055,3.9200000762939453,3.9600000381469727,3.566516399383545,59831200
2016-01-20,3.7699999809265137,4.130000114440918,3.5199999809265137,4.070000171661377,3.6655867099761963,88547300
2016-01-21,4.139999866485596,4.429999828338623,3.9700000286102295,4.329999923706055,3.8997514247894287,61102000
2016-01-22,4.590000152587891,4.659999847412109,3.799999952316284,3.940000057220459,3.5485050678253174,108842500
2016-01-25,3.869999885559082,4.0,3.809999942779541,3.940000057220459,3.5485050678253174,51509400
2016-01-26,4.400000095367432,4.420000076293945,3.8299999237060547,4.199999809265137,3.78266978263855,92191400
2016-01-27,4.059999942779541,5.079999923706055,4.019999980926514,4.650000095367432,4.187955379486084,96210300
2016-01-28,4.800000190734863,4.880000114440918,4.210000038146973,4.420000076293945,3.9808096885681152,66871300
2016-01-29,4.440000057220459,4.75,4.369999885559082,4.599999904632568,4.142923355102539,42051000
2016-02-01,4.5,4.820000171661377,4.329999923706055,4.739999771118164,4.269011974334717,48326100
2016-02-02,4.599999904632568,4.650000095367432,4.260000228881836,4.349999904632568,3.9177658557891846,31670500
2016-02-03,4.429999828338623,4.849999904632568,4.349999904632568,4.849999904632568,4.368083477020264,44286700
2016-02-04,5.099999904632568,6.03000020980835,5.090000152587891,5.71999979019165,5.151634693145752,116330400
2016-02-05,5.570000171661377,5.980000019073486,5.449999809265137,5.679999828338623,5.1156110763549805,71788500
2016-02-08,5.460000038146973,5.929999828338623,5.170000076293945,5.269999980926514,4.746349811553955,64931800
2016-02-09,5.119999885559082,5.400000095367432,4.96999979019165,5.0,4.503178596496582,44787500
2016-02-10,4.949999809265137,5.130000114440918,4.78000020980835,4.980000019073486,4.485166549682617,33858400
2016-02-11,4.809999942779541,5.079999923706055,4.650000095367432,4.889999866485596,4.404108047485352,38089300
2016-02-12,5.119999885559082,5.75,5.079999923706055,5.53000020980835,4.980515003204346,44606700
2016-02-16,5.820000171661377,6.380000114440918,5.800000190734863,6.369999885559082,5.737049102783203,77117300
2016-02-17,6.630000114440918,7.599999904632568,6.599999904632568,7.159999847412109,6.448550701141357,103893300
2016-02-18,7.400000095367432,7.420000076293945,6.650000095367432,7.150000095367432,6.439545154571533,59753200
2016-02-19,6.980000019073486,7.170000076293945,6.75,6.920000076293945,6.232398509979248,38903000
2016-02-22,7.269999980926514,7.96999979019165,7.269999980926514,7.929999828338623,7.142039775848389,75370000
2016-02-23,7.550000190734863,7.739999771118164,7.150000095367432,7.239999771118164,6.52060079574585,59132700
2016-02-24,6.739999771118164,7.260000228881836,6.550000190734863,7.199999809265137,6.484576225280762,57160500
2016-02-25,7.139999866485596,7.340000152587891,6.789999961853027,7.119999885559082,6.412525653839111,35430500
2016-02-26,7.699999809265137,7.800000190734863,7.309999942779541,7.429999828338623,6.691722869873047,48368800
2016-02-29,7.690000057220459,7.840000152587891,7.510000228881836,7.630000114440918,6.871849536895752,49138900
2016-03-01,7.840000152587891,7.880000114440918,7.260000228881836,7.760000228881836,6.988932132720947,54255000
2016-03-02,7.820000171661377,9.020000457763672,7.789999961853027,8.970000267028809,8.07869815826416,84921100
2016-03-03,8.65999984741211,9.199999809265137,8.460000038146973,9.109999656677246,8.204789161682129,66759700
2016-03-04,9.319999694824219,10.5,9.170000076293945,9.739999771118164,8.772193908691406,104910200
2016-03-07,9.770000457763672,10.199999809265137,9.510000228881836,9.859999656677246,8.880266189575195,63752200
2016-03-08,9.369999885559082,9.420000076293945,8.5600004196167,8.65999984741211,7.799502849578857,58450100
2016-03-09,8.90999984741211,9.229999542236328,8.470000267028809,9.149999618530273,8.240816116333008,49123200
2016-03-10,8.859999656677246,9.649999618530273,8.75,9.600000381469727,8.646103858947754,55701100
2016-03-11,9.850000381469727,9.880000114440918,9.40999984741211,9.550000190734863,8.601067543029785,40933700
2016-03-14,9.470000267028809,10.140000343322754,9.369999885559082,9.970000267028809,8.97933578491211,39997600
2016-03-15,9.449999809265137,9.489999771118164,9.029999732971191,9.270000457763672,8.348896026611328,36391800
2016-03-16,9.25,10.279999732971191,9.220000267028809,10.220000267028809,9.20449447631836,49299200
2016-03-17,10.430000305175781,11.069999694824219,10.0600004196167,10.899999618530273,9.816929817199707,52971300
2016-03-18,11.039999961853027,11.449999809265137,10.4399995803833,10.760000228881836,9.690841674804688,79254300
2016-03-21,10.649999618530273,10.930000305175781,10.350000381469727,10.800000190734863,9.7268648147583,31281000
2016-03-22,10.5600004196167,11.199999809265137,10.430000305175781,10.989999771118164,9.897982597351074,31084100
2016-03-23,10.569999694824219,10.720000267028809,9.729999542236328,9.75,8.781196594238281,48678100
2016-03-24,9.369999885559082,10.149999618530273,9.100000381469727,10.109999656677246,9.105426788330078,52654300
2016-03-28,10.25,10.479999542236328,9.729999542236328,10.140000343322754,9.132444381713867,35325200
2016-03-29,9.710000038146973,10.300000190734863,9.40999984741211,10.140000343322754,9.132444381713867,44196000
2016-03-30,10.359999656677246,10.59000015258789,9.989999771118164,10.289999961853027,9.267539978027344,46871200
2016-03-31,10.130000114440918,10.460000038146973,10.130000114440918,10.34000015258789,9.312570571899414,32935800
2016-04-01,9.920000076293945,10.0,9.59000015258789,9.890000343322754,8.907286643981934,41414900
2016-04-04,9.90999984741211,10.09000015258789,9.390000343322754,9.420000076293945,8.483988761901855,38727500
2016-04-05,9.260000228881836,9.619999885559082,9.220000267028809,9.34000015258789,8.411935806274414,32380200
2016-04-06,9.470000267028809,9.649999618530273,9.100000381469727,9.609999656677246,8.655107498168945,37254400
2016-04-07,9.279999732971191,9.510000228881836,8.760000228881836,8.850000381469727,7.970624923706055,61229800
2016-04-08,9.170000076293945,9.529999732971191,9.020000457763672,9.329999923706055,8.40293025970459,37149700
2016-04-11,9.579999923706055,9.880000114440918,9.510000228881836,9.760000228881836,8.790205001831055,33180500
2016-04-12,10.029999732971191,10.479999542236328,9.899999618530273,10.430000305175781,9.393631935119629,59356000
2016-04-13,10.739999771118164,11.229999542236328,10.720000267028809,10.819999694824219,9.74487590789795,55023400
2016-04-14,10.850000381469727,11.069999694824219,10.539999961853027,10.729999542236328,9.663820266723633,37776300
2016-04-15,10.470000267028809,10.930000305175781,10.350000381469727,10.859999656677246,9.780904769897461,29413300
2016-04-18,10.479999542236328,11.09000015258789,10.220000267028809,11.020000457763672,9.925006866455078,41040800
2016-04-19,11.069999694824219,12.020000457763672,11.0600004196167,12.010000228881836,10.816633224487305,63163200
2016-04-20,11.949999809265137,12.6899995803833,11.819999694824219,12.359999656677246,11.131855010986328,61970000
2016-04-21,12.59000015258789,12.699999809265137,11.470000267028809,11.520000457763672,10.375321388244629,66031800
2016-04-22,11.760000228881836,12.050000190734863,11.430000305175781,11.670000076293945,10.510416984558105,53047800
2016-04-25,11.59000015258789,11.760000228881836,11.15999984741211,11.350000381469727,10.222213745117188,35788300
2016-04-26,11.289999961853027,11.600000381469727,10.5600004196167,11.479999542236328,10.339295387268066,56657500
2016-04-27,11.6899995803833,12.670000076293945,11.59000015258789,12.649999618530273,11.39304256439209,58402300
2016-04-28,12.65999984741211,13.359999656677246,12.609999656677246,12.65999984741211,11.402050971984863,62677300
2016-04-29,13.109999656677246,14.0600004196167,13.050000190734863,14.0,12.608899116516113,74593000
2016-05-02,14.029999732971191,14.039999961853027,13.3100004196167,13.550000190734863,12.203617095947266,46207700
2016-05-03,13.039999961853027,13.079999923706055,12.0,12.010000228881836,10.816633224487305,58883700
2016-05-04,12.140000343322754,12.510000228881836,11.579999923706055,11.800000190734863,10.6274995803833,48190000
2016-05-05,12.09000015258789,12.220000267028809,11.079999923706055,11.289999961853027,10.168176651000977,50166300
2016-05-06,11.140000343322754,12.119999885559082,11.130000114440918,11.789999961853027,10.618494987487793,51550300
2016-05-09,11.199999809265137,11.239999771118164,10.369999885559082,10.520000457763672,9.474688529968262,51361700
2016-05-10,10.789999961853027,10.979999542236328,10.510000228881836,10.859999656677246,9.780904769897461,25960600
2016-05-11,11.020000457763672,11.9399995803833,11.0,11.609999656677246,10.456378936767578,46766900
2016-05-12,11.670000076293945,11.979999542236328,10.829999923706055,11.029999732971191,9.93401050567627,48043300
2016-05-13,10.960000038146973,11.369999885559082,10.289999961853027,10.40999984741211,9.375615119934082,43793100
2016-05-16,10.779999732971191,11.460000038146973,10.779999732971191,11.039999961853027,9.943017959594727,43789700
2016-05-17,11.300000190734863,11.899999618530273,11.09000015258789,11.510000228881836,10.366315841674805,60441200
2016-05-18,11.229999542236328,11.479999542236328,10.350000381469727,10.539999961853027,9.49269962310791,55369200
2016-05-19,10.329999923706055,11.020000457763672,10.220000267028809,10.979999542236328,9.888980865478516,48054300
2016-05-20,11.130000114440918,11.359999656677246,10.869999885559082,11.079999923706055,9.979042053222656,42726700
2016-05-23,10.800000190734863,11.449999809265137,10.720000267028809,11.380000114440918,10.24923324584961,41996300
2016-05-24,11.40999984741211,11.510000228881836,11.029999732971191,11.109999656677246,10.006062507629395,37960500
2016-05-25,11.390000343322754,11.729999542236328,11.109999656677246,11.649999618530273,10.492403030395508,45708800
2016-05-26,11.90999984741211,12.039999961853027,11.279999732971191,11.34000015258789,10.213205337524414,31390600
2016-05-27,11.350000381469727,11.420000076293945,10.960000038146973,11.140000343322754,10.0330810546875,28617000
2016-05-31,11.0600004196167,11.5,11.029999732971191,11.079999923706055,9.979042053222656,34439900
2016-06-01,11.079999923706055,11.079999923706055,10.270000457763672,10.600000381469727,9.546735763549805,43762700
2016-06-02,10.489999771118164,10.710000038146973,10.350000381469727,10.65999984741211,9.600772857666016,29646100
2016-06-03,11.0,11.279999732971191,10.90999984741211,11.109999656677246,10.006062507629395,34801500
2016-06-06,11.380000114440918,11.680000305175781,11.369999885559082,11.649999618530273,10.492403030395508,43488500
2016-06-07,11.319999694824219,11.470000267028809,11.170000076293945,11.239999771118164,10.123144149780273,32146300
2016-06-08,11.640000343322754,11.920000076293945,11.5600004196167,11.579999923706055,10.429357528686523,37432800
2016-06-09,11.210000038146973,11.210000038146973,10.779999732971191,10.899999618530273,9.816929817199707,49003600
2016-06-10,10.529999732971191,10.680000305175781,10.260000228881836,10.359999656677246,9.330585479736328,38323800
2016-06-13,10.25,10.710000038146973,10.25,10.399999618530273,9.366609573364258,25475500
2016-06-14,10.300000190734863,10.449999809265137,9.819999694824219,10.210000038146973,9.195489883422852,33249900
2016-06-15,10.640000343322754,11.300000190734863,10.600000381469727,11.0,9.90699291229248,62845100
2016-06-16,10.8100004196167,10.819999694824219,10.319999694824219,10.779999732971191,9.708854675292969,39528400
2016-06-17,11.029999732971191,11.399999618530273,10.979999542236328,11.140000343322754,10.0330810546875,40800100
2016-06-20,11.470000267028809,11.90999984741211,11.420000076293945,11.550000190734863,10.402342796325684,38890200
2016-06-21,11.479999542236328,11.65999984741211,11.25,11.609999656677246,10.456378936767578,28845000
2016-06-22,11.8100004196167,11.899999618530273,11.359999656677246,11.5,10.357311248779297,36900100
2016-06-23,11.720000267028809,11.930000305175781,11.619999885559082,11.770000457763672,10.600480079650879,33441200
2016-06-24,11.020000457763672,11.109999656677246,10.510000228881836,10.579999923706055,9.528722763061523,54028500
2016-06-27,10.5600004196167,10.5600004196167,9.989999771118164,10.130000114440918,9.123438835144043,30018000
2016-06-28,10.619999885559082,10.920000076293945,10.520000457763672,10.6899995803833,9.62779426574707,41865600
2016-06-29,10.869999885559082,11.079999923706055,10.760000228881836,10.770000457763672,9.699845314025879,29320200
2016-06-30,10.850000381469727,11.180000305175781,10.609999656677246,11.140000343322754,10.0330810546875,33685300
2016-07-01,11.039999961853027,11.5,10.9399995803833,11.350000381469727,10.222213745117188,27441700
2016-07-05,11.100000381469727,11.180000305175781,10.34000015258789,10.5,9.456674575805664,38153800
2016-07-06,10.449999809265137,10.899999618530273,10.270000457763672,10.890000343322754,9.807923316955566,29891300
2016-07-07,11.069999694824219,11.40999984741211,10.5600004196167,10.670000076293945,9.609782218933105,38483300
2016-07-08,10.930000305175781,11.239999771118164,10.8100004196167,11.199999809265137,10.087118148803711,36040100
2016-07-11,11.399999618530273,11.890000343322754,11.369999885559082,11.649999618530273,10.492403030395508,33360500
2016-07-12,12.050000190734863,12.979999542236328,12.020000457763672,12.899999618530273,11.618202209472656,59009700
2016-07-13,12.800000190734863,13.0,12.420000076293945,12.960000038146973,11.672237396240234,44432200
2016-07-14,13.029999732971191,13.220000267028809,12.680000305175781,12.949999809265137,11.663230895996094,31588300
2016-07-15,13.029999732971191,13.25,12.90999984741211,13.109999656677246,11.807332992553711,24296500
2016-07-18,12.90999984741211,13.149999618530273,12.600000381469727,13.140000343322754,11.8343505859375,22242700
2016-07-19,12.920000076293945,12.949999809265137,12.399999618530273,12.449999809265137,11.212913513183594,27143600
2016-07-20,12.109999656677246,12.399999618530273,11.6899995803833,12.300000190734863,11.077818870544434,39267700
2016-07-21,12.5,12.890000343322754,12.4399995803833,12.869999885559082,11.591180801391602,34135700
2016-07-22,12.779999732971191,12.880000114440918,12.529999732971191,12.670000076293945,11.411053657531738,23434900
2016-07-25,12.619999885559082,12.619999885559082,12.170000076293945,12.380000114440918,11.149867057800293,29515400
2016-07-26,11.600000381469727,12.84000015258789,11.25,12.680000305175781,11.420060157775879,71538400
2016-07-27,12.890000343322754,13.59000015258789,12.800000190734863,13.0600004196167,11.762301445007324,51487600
2016-07-28,13.130000114440918,13.199999809265137,12.720000267028809,12.9399995803833,11.654224395751953,24785400
2016-07-29,12.760000228881836,13.039999961853027,12.630000114440918,12.960000038146973,11.672237396240234,28956300
2016-08-01,13.010000228881836,13.039999961853027,12.40999984741211,12.479999542236328,11.239933013916016,26279400
2016-08-02,12.640000343322754,12.699999809265137,12.210000038146973,12.399999618530273,11.167882919311523,24142200
2016-08-03,12.199999809265137,12.579999923706055,12.029999732971191,12.390000343322754,11.158876419067383,24941700
2016-08-04,12.229999542236328,12.600000381469727,12.199999809265137,12.319999694824219,11.095829963684082,23465700
2016-08-05,12.319999694824219,12.369999885559082,11.880000114440918,12.229999542236328,11.01477336883545,36713600
2016-08-08,12.489999771118164,12.729999542236328,12.279999732971191,12.289999961853027,11.068815231323242,29715400
2016-08-09,12.279999732971191,12.5,12.029999732971191,12.09000015258789,10.888686180114746,20165800
2016-08-10,12.470000267028809,12.5,12.0,12.020000457763672,10.825637817382812,21346500
2016-08-11,12.149999618530273,12.199999809265137,11.930000305175781,12.109999656677246,10.906696319580078,21594100
2016-08-12,12.0,12.180000305175781,11.720000267028809,11.819999694824219,10.645511627197266,23264100
2016-08-15,11.949999809265137,12.279999732971191,11.930000305175781,12.170000076293945,10.960733413696289,20601800
2016-08-16,12.359999656677246,12.359999656677246,12.050000190734863,12.079999923706055,10.879678726196289,20214300
2016-08-17,11.979999542236328,12.050000190734863,11.779999732971191,12.0,10.807626724243164,20372000
2016-08-18,12.199999809265137,12.270000457763672,12.039999961853027,12.229999542236328,11.01477336883545,20883100
2016-08-19,12.0600004196167,12.079999923706055,11.890000343322754,11.970000267028809,10.780608177185059,17288300
2016-08-22,11.75,11.930000305175781,11.510000228881836,11.829999923706055,10.654518127441406,20362900
2016-08-23,11.949999809265137,12.199999809265137,11.789999961853027,11.979999542236328,10.789612770080566,25074100
2016-08-24,11.819999694824219,11.859999656677246,11.039999961853027,11.079999923706055,9.979042053222656,44040600
2016-08-25,11.079999923706055,11.300000190734863,10.890000343322754,11.09000015258789,9.98804759979248,31325000
2016-08-26,11.239999771118164,11.579999923706055,10.819999694824219,10.890000343322754,9.807923316955566,32804800
2016-08-29,10.819999694824219,11.119999885559082,10.800000190734863,10.979999542236328,9.888980865478516,18349100
2016-08-30,10.9399995803833,10.970000267028809,10.449999809265137,10.5600004196167,9.510714530944824,28234700
2016-08-31,10.430000305175781,10.520000457763672,10.180000305175781,10.289999961853027,9.267539978027344,32236000
2016-09-01,10.319999694824219,10.470000267028809,10.180000305175781,10.350000381469727,9.32158088684082,20780200
2016-09-02,10.630000114440918,10.829999923706055,10.390000343322754,10.479999542236328,9.438661575317383,23683500
2016-09-06,10.600000381469727,10.8100004196167,10.520000457763672,10.720000267028809,9.654814720153809,21368600
2016-09-07,10.710000038146973,10.829999923706055,10.489999771118164,10.600000381469727,9.546735763549805,18440400
2016-09-08,10.619999885559082,10.710000038146973,10.279999732971191,10.619999885559082,9.564749717712402,29252600
2016-09-09,10.479999542236328,10.550000190734863,10.170000076293945,10.270000457763672,9.249528884887695,28929000
2016-09-12,10.010000228881836,11.140000343322754,9.899999618530273,11.079999923706055,9.979042053222656,59990500
2016-09-13,10.649999618530273,10.680000305175781,9.970000267028809,10.149999618530273,9.141450881958008,52886500
2016-09-14,10.09000015258789,10.180000305175781,9.699999809265137,9.800000190734863,8.8262300491333,48079300
2016-09-15,9.8100004196167,9.949999809265137,9.430000305175781,9.779999732971191,8.808216094970703,40449700
2016-09-16,9.600000381469727,9.989999771118164,9.510000228881836,9.9399995803833,8.952317237854004,36057900
2016-09-19,10.119999885559082,10.199999809265137,9.869999885559082,10.010000228881836,9.015363693237305,27244700
2016-09-20,9.970000267028809,10.130000114440918,9.800000190734863,9.949999809265137,8.961326599121094,24404800
2016-09-21,10.140000343322754,10.579999923706055,10.119999885559082,10.539999961853027,9.49269962310791,30400500
2016-09-22,10.84000015258789,11.130000114440918,10.819999694824219,10.979999542236328,9.888980865478516,36711200
2016-09-23,10.880000114440918,11.050000190734863,10.619999885559082,10.630000114440918,9.573760986328125,22336600
2016-09-26,10.6899995803833,10.869999885559082,10.470000267028809,10.510000228881836,9.465681076049805,24061000
2016-09-27,10.329999923706055,10.359999656677246,9.989999771118164,10.210000038146973,9.195489883422852,24690600
2016-09-28,10.40999984741211,10.920000076293945,10.270000457763672,10.90999984741211,9.825934410095215,29769500
2016-09-29,10.739999771118164,11.050000190734863,10.5600004196167,10.6899995803833,9.62779426574707,25147900
2016-09-30,10.829999923706055,11.109999656677246,10.800000190734863,10.859999656677246,9.780904769897461,26469600
2016-10-03,10.979999542236328,11.199999809265137,10.670000076293945,10.6899995803833,9.62779426574707,25503700
2016-10-04,10.75,10.779999732971191,10.25,10.390000343322754,9.357605934143066,28037600
2016-10-05,10.449999809265137,10.789999961853027,10.449999809265137,10.670000076293945,9.609782218933105,22154300
2016-10-06,10.510000228881836,10.609999656677246,10.300000190734863,10.300000190734863,9.276549339294434,18075600
2016-10-07,10.569999694824219,10.640000343322754,10.0,10.130000114440918,9.123438835144043,34391800
2016-10-10,10.289999961853027,10.420000076293945,10.140000343322754,10.1899995803833,9.177478790283203,18684100
2016-10-11,10.079999923706055,10.079999923706055,9.779999732971191,9.869999885559082,8.889273643493652,28841600
2016-10-12,9.84000015258789,10.149999618530273,9.800000190734863,10.050000190734863,9.051386833190918,18499700
2016-10-13,9.539999961853027,9.739999771118164,9.239999771118164,9.640000343322754,8.68212604522705,47867300
2016-10-14,9.779999732971191,9.930000305175781,9.5600004196167,9.65999984741211,8.700139999389648,26033300
2016-10-17,9.520000457763672,9.75,9.5,9.520000457763672,8.574052810668945,15204600
2016-10-18,9.710000038146973,9.800000190734863,9.529999732971191,9.720000267028809,8.754179000854492,17424200
2016-10-19,9.800000190734863,10.180000305175781,9.539999961853027,10.020000457763672,9.024368286132812,34139100
2016-10-20,9.819999694824219,10.289999961853027,9.640000343322754,10.210000038146973,9.195489883422852,39952300
2016-10-21,10.010000228881836,10.25,9.960000038146973,10.039999961853027,9.042381286621094,20960800
2016-10-24,10.149999618530273,10.229999542236328,9.850000381469727,10.180000305175781,9.168473243713379,28168100
2016-10-25,10.4399995803833,11.0,10.350000381469727,10.550000190734863,9.501708030700684,53878500
2016-10-26,10.449999809265137,10.670000076293945,10.329999923706055,10.579999923706055,9.528722763061523,24182200
2016-10-27,10.640000343322754,10.8100004196167,10.489999771118164,10.6899995803833,9.62779426574707,23653700
2016-10-28,10.779999732971191,11.180000305175781,10.760000228881836,10.930000305175781,9.843948364257812,36062400
2016-10-31,10.970000267028809,11.199999809265137,10.850000381469727,11.180000305175781,10.069108963012695,26120600
2016-11-01,11.3100004196167,11.369999885559082,11.020000457763672,11.149999618530273,10.042086601257324,24629500
2016-11-02,10.989999771118164,11.220000267028809,10.609999656677246,10.619999885559082,9.564749717712402,28242600
2016-11-03,10.729999542236328,11.0,10.630000114440918,10.729999542236328,9.663820266723633,19241200
2016-11-04,10.649999618530273,11.239999771118164,10.5,11.050000190734863,9.952022552490234,27925400
2016-11-07,11.420000076293945,11.449999809265137,11.109999656677246,11.289999961853027,10.168176651000977,31038400
2016-11-08,11.300000190734863,12.15999984741211,11.239999771118164,12.09000015258789,10.888686180114746,60822600
2016-11-09,12.90999984741211,13.220000267028809,12.779999732971191,13.069999694824219,11.771307945251465,79913100
2016-11-10,13.710000038146973,14.149999618530273,13.59000015258789,13.800000190734863,12.428771018981934,82428400
2016-11-11,14.119999885559082,14.260000228881836,13.100000381469727,13.9399995803833,12.55486011505127,72348900
2016-11-14,14.039999961853027,14.050000190734863,13.550000190734863,13.920000076293945,12.536847114562988,36173600
2016-11-15,13.5,14.010000228881836,13.460000038146973,13.989999771118164,12.599893569946289,36880500
2016-11-16,13.699999809265137,13.960000038146973,13.5,13.800000190734863,12.428771018981934,29531100
2016-11-17,13.850000381469727,14.020000457763672,13.619999885559082,13.800000190734863,12.428771018981934,26257400
2016-11-18,13.789999961853027,13.90999984741211,13.569999694824219,13.729999542236328,12.365728378295898,18153200
2016-11-21,14.210000038146973,14.539999961853027,14.149999618530273,14.510000228881836,13.06822395324707,44386700
2016-11-22,14.84000015258789,15.180000305175781,14.770000457763672,15.119999885559082,13.617609024047852,51127000
2016-11-23,14.880000114440918,16.420000076293945,14.850000381469727,16.209999084472656,14.5993013381958,68673500
2016-11-25,16.34000015258789,16.350000381469727,15.819999694824219,16.0,14.410170555114746,29522100
2016-11-28,15.880000114440918,16.040000915527344,15.569999694824219,15.779999732971191,14.212031364440918,28522100
2016-11-29,15.239999771118164,15.470000267028809,14.850000381469727,14.970000267028809,13.482515335083008,40857500
2016-11-30,15.399999618530273,15.619999885559082,15.0600004196167,15.350000381469727,13.824758529663086,41712200
2016-12-01,15.5,15.84000015258789,14.979999542236328,15.029999732971191,13.536553382873535,31831700
2016-12-02,14.970000267028809,15.649999618530273,14.930000305175781,15.420000076293945,13.887800216674805,27354600
2016-12-05,15.800000190734863,15.989999771118164,15.529999732971191,15.869999885559082,14.293088912963867,35554000
2016-12-06,15.630000114440918,15.960000038146973,15.600000381469727,15.890000343322754,14.311102867126465,24449200
2016-12-07,16.0,16.079999923706055,15.180000305175781,15.430000305175781,13.896810531616211,39354700
2016-12-08,15.640000343322754,15.770000457763672,15.279999732971191,15.600000381469727,14.049915313720703,28296000
2016-12-09,15.8100004196167,16.079999923706055,15.5600004196167,15.75,14.185011863708496,25150200
2016-12-12,15.9399995803833,15.960000038146973,15.239999771118164,15.359999656677246,13.83376407623291,24466700
2016-12-13,15.300000190734863,15.470000267028809,14.520000457763672,15.039999961853027,13.54555892944336,35342200
2016-12-14,14.869999885559082,15.140000343322754,14.5600004196167,14.649999618530273,13.194311141967773,28512000
2016-12-15,14.350000381469727,14.970000267028809,14.279999732971191,14.609999656677246,13.158285140991211,29535500
2016-12-16,14.4399995803833,14.5600004196167,13.829999923706055,13.829999923706055,12.455790519714355,60084000
2016-12-19,13.600000381469727,13.739999771118164,13.260000228881836,13.550000190734863,12.203617095947266,37707700
2016-12-20,13.59000015258789,14.289999961853027,13.569999694824219,14.15999984741211,12.753000259399414,24891100
2016-12-21,14.289999961853027,14.289999961853027,13.970000267028809,14.050000190734863,12.653928756713867,15014100
2016-12-22,13.989999771118164,14.300000190734863,13.779999732971191,13.800000190734863,12.428771018981934,17898100
2016-12-23,13.670000076293945,13.899999618530273,13.630000114440918,13.8100004196167,12.43777847290039,12591000
2016-12-27,13.949999809265137,14.119999885559082,13.720000267028809,13.760000228881836,12.392746925354004,15942800
2016-12-28,13.970000267028809,14.020000457763672,13.510000228881836,13.569999694824219,12.221625328063965,18482600
2016-12-29,13.5600004196167,13.609999656677246,13.300000190734863,13.479999542236328,12.140565872192383,15290800
2016-12-30,13.579999923706055,13.739999771118164,13.130000114440918,13.1899995803833,11.87938404083252,16761800
2017-01-03,13.489999771118164,13.899999618530273,13.40999984741211,13.779999732971191,12.410758972167969,28586200
2017-01-04,14.09000015258789,14.84000015258789,13.9399995803833,14.829999923706055,13.356427192687988,36310900
2017-01-05,14.680000305175781,15.289999961853027,14.40999984741211,14.619999885559082,13.167293548583984,34956000
2017-01-06,14.729999542236328,15.0,14.569999694824219,14.899999618530273,13.41947078704834,24449100
2017-01-09,14.850000381469727,14.930000305175781,14.619999885559082,14.680000305175781,13.22132682800293,17294300
2017-01-10,15.319999694824219,15.729999542236328,15.220000267028809,15.550000190734863,14.004884719848633,44241200
2017-01-11,15.550000190734863,15.9399995803833,15.229999542236328,15.869999885559082,14.293088912963867,29752300
2017-01-12,15.609999656677246,15.65999984741211,15.180000305175781,15.270000457763672,13.752702713012695,33940200
2017-01-13,15.260000228881836,15.279999732971191,14.510000228881836,15.1899995803833,13.680655479431152,33977800
2017-01-17,15.289999961853027,15.329999923706055,14.90999984741211,15.0600004196167,13.56357192993164,19347300
2017-01-18,15.079999923706055,15.390000343322754,14.979999542236328,15.239999771118164,13.725687980651855,18655600
2017-01-19,15.15999984741211,15.40999984741211,15.069999694824219,15.260000228881836,13.743699073791504,13263700
2017-01-20,15.329999923706055,15.510000228881836,15.279999732971191,15.510000228881836,13.968856811523438,17979900
2017-01-23,15.720000267028809,15.75,15.510000228881836,15.720000267028809,14.157989501953125,19894000
2017-01-24,16.299999237060547,17.059999465942383,16.110000610351562,17.020000457763672,15.32882022857666,56815400
2017-01-25,16.440000534057617,16.649999618530273,15.8100004196167,16.5,14.860487937927246,70068300
2017-01-26,16.15999984741211,16.3799991607666,15.739999771118164,15.84000015258789,14.26606559753418,41495500
2017-01-27,15.890000343322754,16.579999923706055,15.8100004196167,16.3700008392334,14.74340534210205,31577700
2017-01-30,16.100000381469727,16.280000686645508,15.949999809265137,16.25,14.635330200195312,27102300
2017-01-31,16.559999465942383,16.700000762939453,16.329999923706055,16.649999618530273,14.995582580566406,25332200
2017-02-01,16.6299991607666,16.889999389648438,16.40999984741211,16.84000015258789,15.166699409484863,21112300
2017-02-02,16.690000534057617,16.889999389648438,16.610000610351562,16.809999465942383,15.139687538146973,18116300
2017-02-03,16.5,16.75,15.710000038146973,15.829999923706055,14.257063865661621,56828600
2017-02-06,16.020000457763672,16.149999618530273,15.710000038146973,16.0,14.410170555114746,22979900
2017-02-07,16.010000228881836,16.079999923706055,15.40999984741211,15.520000457763672,13.977864265441895,38360200
2017-02-08,15.399999618530273,15.789999961853027,15.229999542236328,15.529999732971191,13.986870765686035,30199400
2017-02-09,15.529999732971191,15.550000190734863,15.149999618530273,15.390000343322754,13.860782623291016,25927700
2017-02-10,16.40999984741211,16.559999465942383,15.739999771118164,15.800000190734863,14.230043411254883,45535300
2017-02-13,16.020000457763672,16.190000534057617,15.930000305175781,15.960000038146973,14.374143600463867,26658000
2017-02-14,15.800000190734863,15.989999771118164,15.5600004196167,15.899999618530273,14.320107460021973,23518000
2017-02-15,15.65999984741211,15.770000457763672,15.350000381469727,15.369999885559082,13.842768669128418,30520200
2017-02-16,15.329999923706055,15.4399995803833,15.010000228881836,15.069999694824219,13.572576522827148,24698300
2017-02-17,15.220000267028809,15.3100004196167,14.800000190734863,14.90999984741211,13.42847728729248,24176900
2017-02-21,14.640000343322754,14.640000343322754,13.920000076293945,14.130000114440918,12.725982666015625,66063600
2017-02-22,13.899999618530273,14.0600004196167,13.569999694824219,13.729999542236328,12.365728378295898,36811000
2017-02-23,13.819999694824219,14.039999961853027,13.420000076293945,13.479999542236328,12.140565872192383,30485500
2017-02-24,13.34000015258789,13.609999656677246,13.15999984741211,13.25,11.93342113494873,27410700
2017-02-27,13.369999885559082,13.630000114440918,13.180000305175781,13.270000457763672,11.951437950134277,32200900
2017-02-28,13.239999771118164,13.630000114440918,13.229999542236328,13.399999618530273,12.06851863861084,28928000
2017-03-01,13.779999732971191,14.0,13.609999656677246,13.989999771118164,12.599893569946289,32917400
2017-03-02,13.9399995803833,13.970000267028809,13.289999961853027,13.3100004196167,11.987462043762207,23774900
2017-03-03,13.420000076293945,13.420000076293945,13.029999732971191,13.199999809265137,11.888389587402344,21121800
2017-03-06,12.920000076293945,12.949999809265137,12.529999732971191,12.899999618530273,11.618202209472656,27150700
2017-03-07,12.899999618530273,13.0,12.539999961853027,12.6899995803833,11.429067611694336,19159600
2017-03-08,12.710000038146973,12.789999961853027,12.350000381469727,12.4399995803833,11.20390796661377,21033000
2017-03-09,12.229999542236328,12.529999732971191,12.180000305175781,12.399999618530273,11.167882919311523,21402300
2017-03-10,12.550000190734863,12.619999885559082,12.199999809265137,12.369999885559082,11.140862464904785,22451300
2017-03-13,12.630000114440918,12.819999694824219,12.460000038146973,12.5600004196167,11.31198501586914,20029900
2017-03-14,12.399999618530273,12.460000038146973,12.170000076293945,12.270000457763672,11.050800323486328,19534200
2017-03-15,12.390000343322754,12.970000267028809,12.329999923706055,12.890000343322754,11.609192848205566,24788200
2017-03-16,13.140000343322754,13.15999984741211,12.75,12.819999694824219,11.546151161193848,17108500
2017-03-17,12.920000076293945,13.140000343322754,12.649999618530273,12.760000228881836,11.492110252380371,27520300
2017-03-20,12.720000267028809,12.899999618530273,12.489999771118164,12.729999542236328,11.46509075164795,14907200
2017-03-21,13.020000457763672,13.170000076293945,12.529999732971191,12.569999694824219,11.3209867477417,29225300
2017-03-22,12.630000114440918,13.0600004196167,12.579999923706055,12.859999656677246,11.582172393798828,19652600
2017-03-23,12.829999923706055,12.979999542236328,12.649999618530273,12.829999923706055,11.555153846740723,16116100
2017-03-24,12.8100004196167,12.930000305175781,12.720000267028809,12.8100004196167,11.537144660949707,10865600
2017-03-27,12.239999771118164,12.319999694824219,11.90999984741211,12.210000038146973,10.996761322021484,35709300
2017-03-28,12.210000038146973,12.65999984741211,12.149999618530273,12.569999694824219,11.3209867477417,23008000
2017-03-29,12.520000457763672,12.84000015258789,12.449999809265137,12.720000267028809,11.456084251403809,16076500
2017-03-30,12.75,13.529999732971191,12.739999771118164,13.3100004196167,11.987462043762207,34529100
2017-03-31,13.229999542236328,13.59000015258789,13.210000038146973,13.359999656677246,12.032490730285645,22923500
2017-04-03,13.5,13.529999732971191,13.010000228881836,13.239999771118164,11.924413681030273,21672000
2017-04-04,13.5600004196167,13.630000114440918,13.319999694824219,13.539999961853027,12.194605827331543,21494800
2017-04-05,13.729999542236328,13.829999923706055,13.369999885559082,13.4399995803833,12.10454273223877,19101900
2017-04-06,13.529999732971191,13.720000267028809,13.350000381469727,13.5600004196167,12.21261978149414,12784700
2017-04-07,13.40999984741211,13.569999694824219,13.279999732971191,13.369999885559082,12.041497230529785,21470400
2017-04-10,13.350000381469727,13.619999885559082,13.34000015258789,13.520000457763672,12.176592826843262,11135000
2017-04-11,13.569999694824219,13.649999618530273,13.369999885559082,13.619999885559082,12.266654014587402,12461500
2017-04-12,13.4399995803833,13.460000038146973,12.779999732971191,12.880000114440918,11.60018539428711,22638500
2017-04-13,12.859999656677246,13.020000457763672,12.609999656677246,12.720000267028809,11.456084251403809,14922700
2017-04-17,12.800000190734863,12.800000190734863,12.5,12.75,11.483101844787598,10973800
2017-04-18,12.579999923706055,12.699999809265137,12.319999694824219,12.470000267028809,11.230927467346191,17638400
2017-04-19,12.609999656677246,12.640000343322754,12.270000457763672,12.350000381469727,11.122848510742188,16534200
2017-04-20,12.479999542236328,12.670000076293945,12.359999656677246,12.510000228881836,11.266948699951172,16023900
2017-04-21,12.460000038146973,12.479999542236328,12.029999732971191,12.229999542236328,11.01477336883545,27654400
2017-04-24,12.430000305175781,12.619999885559082,12.210000038146973,12.229999542236328,11.01477336883545,32419800
2017-04-25,12.520000457763672,13.359999656677246,12.390000343322754,13.100000381469727,11.79832649230957,50570500
2017-04-26,13.020000457763672,13.789999961853027,12.880000114440918,13.5,12.158581733703613,31412500
2017-04-27,13.449999809265137,13.470000267028809,13.0,13.010000228881836,11.717269897460938,23733400
2017-04-28,13.15999984741211,13.1899995803833,12.729999542236328,12.75,11.483101844787598,22831000
2017-05-01,12.779999732971191,12.890000343322754,12.510000228881836,12.539999961853027,11.29397201538086,16787900
2017-05-02,12.479999542236328,12.850000381469727,12.470000267028809,12.720000267028809,11.456084251403809,18076900
2017-05-03,12.399999618530273,12.40999984741211,11.770000457763672,12.020000457763672,10.825637817382812,36592000
2017-05-04,11.699999809265137,11.75,11.420000076293945,11.680000305175781,10.519423484802246,33475500
2017-05-05,11.710000038146973,11.949999809265137,11.680000305175781,11.800000190734863,10.6274995803833,17988400
2017-05-08,11.6899995803833,11.739999771118164,11.5600004196167,11.670000076293945,10.510416984558105,18821600
2017-05-09,11.779999732971191,11.989999771118164,11.619999885559082,11.630000114440918,10.474392890930176,19405900
2017-05-10,11.75,11.800000190734863,11.550000190734863,11.720000267028809,10.555448532104492,20503800
2017-05-11,11.859999656677246,11.880000114440918,11.619999885559082,11.680000305175781,10.519423484802246,14786900
2017-05-12,11.630000114440918,11.779999732971191,11.489999771118164,11.510000228881836,10.366315841674805,15584000
2017-05-15,11.729999542236328,11.869999885559082,11.670000076293945,11.75,10.582470893859863,19741800
2017-05-16,11.859999656677246,11.859999656677246,11.6899995803833,11.770000457763672,10.600480079650879,17739300
2017-05-17,11.770000457763672,11.770000457763672,11.350000381469727,11.430000305175781,10.294264793395996,15935300
2017-05-18,11.3100004196167,11.449999809265137,11.0600004196167,11.289999961853027,10.168176651000977,19232700
2017-05-19,11.399999618530273,11.850000381469727,11.380000114440918,11.729999542236328,10.564454078674316,30059400
2017-05-22,11.739999771118164,11.890000343322754,11.600000381469727,11.829999923706055,10.654518127441406,16212600
2017-05-23,11.800000190734863,11.979999542236328,11.729999542236328,11.880000114440918,10.69955062866211,11651700
2017-05-24,11.949999809265137,12.0600004196167,11.779999732971191,11.899999618530273,10.71756649017334,14718600
2017-05-25,12.0,12.239999771118164,11.619999885559082,11.699999809265137,10.537437438964844,18881600
2017-05-26,11.6899995803833,11.729999542236328,11.520000457763672,11.670000076293945,10.510416984558105,9747400
2017-05-30,11.760000228881836,11.819999694824219,11.569999694824219,11.670000076293945,10.510416984558105,9876100
2017-05-31,11.529999732971191,11.5600004196167,11.180000305175781,11.489999771118164,10.348301887512207,25307700
2017-06-01,11.470000267028809,11.619999885559082,11.369999885559082,11.449999809265137,10.312274932861328,17577200
2017-06-02,11.300000190734863,11.40999984741211,11.050000190734863,11.289999961853027,10.168176651000977,17869900
2017-06-05,11.199999809265137,11.510000228881836,11.1899995803833,11.420000076293945,10.285258293151855,12541600
2017-06-06,11.449999809265137,11.979999542236328,11.3100004196167,11.850000381469727,10.672530174255371,21800100
2017-06-07,11.899999618530273,11.960000038146973,11.5600004196167,11.720000267028809,10.555448532104492,27296100
2017-06-08,11.720000267028809,12.239999771118164,11.619999885559082,12.0600004196167,10.861664772033691,24323800
2017-06-09,12.0600004196167,12.479999542236328,12.050000190734863,12.359999656677246,11.131855010986328,25821800
2017-06-12,12.359999656677246,12.609999656677246,12.239999771118164,12.34000015258789,11.113842964172363,24309900
2017-06-13,12.279999732971191,12.4399995803833,12.210000038146973,12.359999656677246,11.131855010986328,10095600
2017-06-14,12.460000038146973,12.460000038146973,12.010000228881836,12.09000015258789,10.888686180114746,20053300
2017-06-15,11.970000267028809,12.09000015258789,11.479999542236328,11.5,10.357311248779297,22287000
2017-06-16,11.5,11.609999656677246,11.199999809265137,11.420000076293945,10.285258293151855,22596200
2017-06-19,11.510000228881836,11.680000305175781,11.470000267028809,11.59000015258789,10.438364028930664,14190100
2017-06-20,11.399999618530273,11.40999984741211,11.130000114440918,11.239999771118164,10.123144149780273,16799300
2017-06-21,11.279999732971191,11.449999809265137,11.119999885559082,11.210000038146973,10.096123695373535,12554700
2017-06-22,11.1899995803833,11.640000343322754,11.149999618530273,11.449999809265137,10.312274932861328,14726500
2017-06-23,11.529999732971191,11.8100004196167,11.350000381469727,11.760000228881836,10.591476440429688,20746900
2017-06-26,11.899999618530273,11.960000038146973,11.729999542236328,11.819999694824219,10.645511627197266,13970200
2017-06-27,11.979999542236328,12.140000343322754,11.720000267028809,11.720000267028809,10.555448532104492,14693900
2017-06-28,11.859999656677246,12.09000015258789,11.680000305175781,11.989999771118164,10.79862117767334,12231500
2017-06-29,12.100000381469727,12.329999923706055,11.979999542236328,12.079999923706055,10.879678726196289,16257000
2017-06-30,12.119999885559082,12.1899995803833,11.890000343322754,12.010000228881836,10.816633224487305,14791100
2017-07-03,12.079999923706055,12.3100004196167,12.0600004196167,12.199999809265137,10.987753868103027,8517400
2017-07-05,12.199999809265137,12.359999656677246,11.979999542236328,12.170000076293945,10.960733413696289,13967000
2017-07-06,12.09000015258789,12.210000038146973,11.859999656677246,11.890000343322754,10.708556175231934,12965500
2017-07-07,11.920000076293945,12.0,11.710000038146973,11.899999618530273,10.71756649017334,12151400
2017-07-10,11.819999694824219,12.640000343322754,11.779999732971191,12.520000457763672,11.275958061218262,24245200
2017-07-11,12.520000457763672,12.630000114440918,12.170000076293945,12.579999923706055,11.329996109008789,19193800
2017-07-12,12.420000076293945,12.609999656677246,12.199999809265137,12.270000457763672,11.050800323486328,23912500
2017-07-13,12.34000015258789,12.569999694824219,12.300000190734863,12.479999542236328,11.239933013916016,17865300
2017-07-14,12.510000228881836,12.6899995803833,12.510000228881836,12.600000381469727,11.348007202148438,11896500
2017-07-17,12.779999732971191,13.359999656677246,12.720000267028809,13.0,11.70826244354248,27319800
2017-07-18,12.979999542236328,13.020000457763672,12.760000228881836,13.0,11.70826244354248,15330900
2017-07-19,13.029999732971191,13.1899995803833,12.960000038146973,13.109999656677246,11.807332992553711,14095000
2017-07-20,13.119999885559082,13.210000038146973,12.800000190734863,13.039999961853027,11.74428939819336,13210900
2017-07-21,13.039999961853027,13.1899995803833,12.899999618530273,13.010000228881836,11.717269897460938,11718700
2017-07-24,13.010000228881836,13.079999923706055,12.789999961853027,12.960000038146973,11.672237396240234,14713200
2017-07-25,13.350000381469727,14.989999771118164,13.3100004196167,14.869999885559082,13.392449378967285,74121800
2017-07-26,14.6899995803833,15.270000457763672,14.40999984741211,15.0600004196167,13.56357192993164,37215700
2017-07-27,15.0600004196167,15.100000381469727,14.449999809265137,14.5,13.059216499328613,32957100
2017-07-28,14.5,14.800000190734863,14.449999809265137,14.600000381469727,13.149279594421387,17858300
2017-07-31,14.800000190734863,14.899999618530273,14.539999961853027,14.619999885559082,13.167293548583984,17123900
2017-08-01,14.600000381469727,14.6899995803833,14.220000267028809,14.489999771118164,13.050210952758789,19010000
2017-08-02,14.140000343322754,14.5,14.0600004196167,14.369999885559082,12.942131042480469,17689400
2017-08-03,14.34000015258789,14.579999923706055,14.170000076293945,14.369999885559082,12.942131042480469,20389100
2017-08-04,14.449999809265137,14.65999984741211,14.350000381469727,14.40999984741211,12.97815990447998,14822800
2017-08-07,14.5600004196167,14.850000381469727,14.5,14.699999809265137,13.23934268951416,14260500
2017-08-08,14.630000114440918,14.850000381469727,14.40999984741211,14.470000267028809,13.032200813293457,15750600
2017-08-09,14.470000267028809,14.609999656677246,14.279999732971191,14.59000015258789,13.140274047851562,13142600
2017-08-10,14.470000267028809,14.579999923706055,14.119999885559082,14.149999618530273,12.743993759155273,17626000
2017-08-11,14.0,14.100000381469727,13.819999694824219,13.960000038146973,12.572872161865234,19768300
2017-08-14,14.09000015258789,14.239999771118164,13.989999771118164,14.149999618530273,12.743993759155273,17354000
2017-08-15,14.0,14.239999771118164,13.899999618530273,13.970000267028809,12.581879615783691,14954900
2017-08-16,14.279999732971191,14.84000015258789,14.180000305175781,14.770000457763672,13.302388191223145,24242900
2017-08-17,14.619999885559082,14.75,14.170000076293945,14.199999809265137,12.789023399353027,18107400
2017-08-18,14.0600004196167,14.34000015258789,13.920000076293945,14.149999618530273,12.743993759155273,15434300
2017-08-21,14.539999961853027,14.890000343322754,14.479999542236328,14.729999542236328,13.266362190246582,23227700
2017-08-22,14.90999984741211,15.460000038146973,14.880000114440918,15.069999694824219,13.572576522827148,31871100
2017-08-23,14.989999771118164,15.380000114440918,14.920000076293945,15.289999961853027,13.770718574523926,20105800
2017-08-24,15.289999961853027,15.640000343322754,15.15999984741211,15.489999771118164,13.950843811035156,22766000
2017-08-25,15.710000038146973,15.75,15.130000114440918,15.289999961853027,13.770718574523926,18066300
2017-08-28,15.399999618530273,15.670000076293945,15.380000114440918,15.529999732971191,13.986870765686035,13379300
2017-08-29,15.5,15.5,14.640000343322754,15.210000038146973,13.698667526245117,30041500
2017-08-30,15.149999618530273,15.170000076293945,14.539999961853027,14.5600004196167,13.11325740814209,23625900
2017-08-31,14.829999923706055,14.979999542236328,14.59000015258789,14.779999732971191,13.311392784118652,19899600
2017-09-01,14.930000305175781,15.199999809265137,14.920000076293945,15.069999694824219,13.572576522827148,12883200
2017-09-05,15.229999542236328,15.380000114440918,14.579999923706055,14.789999961853027,13.320399284362793,20255000
2017-09-06,14.5,15.109999656677246,14.5,15.0600004196167,13.56357192993164,15729800
2017-09-07,15.0600004196167,15.25,14.869999885559082,15.210000038146973,13.698667526245117,15432400
2017-09-08,14.970000267028809,14.970000267028809,14.130000114440918,14.239999771118164,12.825051307678223,27484000
2017-09-11,14.479999542236328,14.600000381469727,14.34000015258789,14.390000343322754,12.9601469039917,19728100
2017-09-12,14.300000190734863,14.479999542236328,14.069999694824219,14.300000190734863,12.879090309143066,20798600
2017-09-13,14.020000457763672,14.079999923706055,13.829999923706055,13.9399995803833,12.55486011505127,23721600
2017-09-14,13.850000381469727,13.920000076293945,13.649999618530273,13.859999656677246,12.482810020446777,17270200
2017-09-15,13.819999694824219,14.050000190734863,13.819999694824219,13.880000114440918,12.500823020935059,21270500
2017-09-18,13.899999618530273,14.239999771118164,13.890000343322754,14.130000114440918,12.725982666015625,14095900
2017-09-19,14.149999618530273,14.5600004196167,13.960000038146973,14.479999542236328,13.0412015914917,21264600
2017-09-20,14.529999732971191,14.680000305175781,13.949999809265137,14.180000305175781,12.771013259887695,18449500
2017-09-21,13.930000305175781,14.239999771118164,13.819999694824219,13.979999542236328,12.590885162353516,16535200
2017-09-22,13.899999618530273,14.34000015258789,13.880000114440918,14.0600004196167,12.66293716430664,12562800
2017-09-25,13.989999771118164,14.0600004196167,13.760000228881836,13.890000343322754,12.509830474853516,15655900
2017-09-26,13.979999542236328,14.15999984741211,13.899999618530273,13.989999771118164,12.599893569946289,13522200
2017-09-27,14.100000381469727,14.119999885559082,13.850000381469727,14.0,12.608899116516113,11806200
2017-09-28,14.0,14.5600004196167,13.850000381469727,14.420000076293945,12.987164497375488,20050600
2017-09-29,14.399999618530273,14.40999984741211,13.960000038146973,14.039999961853027,12.64492130279541,15716600
2017-10-02,13.979999542236328,14.34000015258789,13.970000267028809,14.34000015258789,12.915114402770996,14783800
2017-10-03,14.420000076293945,14.670000076293945,14.260000228881836,14.640000343322754,13.18530559539795,13404400
2017-10-04,14.680000305175781,14.869999885559082,14.520000457763672,14.529999732971191,13.086234092712402,15923700
2017-10-05,14.869999885559082,15.390000343322754,14.649999618530273,14.75,13.284378051757812,25633000
2017-10-06,14.609999656677246,14.670000076293945,14.260000228881836,14.329999923706055,12.906108856201172,16569700
2017-10-09,14.300000190734863,14.460000038146973,14.180000305175781,14.319999694824219,12.897101402282715,9521700
2017-10-10,14.489999771118164,14.6899995803833,14.359999656677246,14.40999984741211,12.97815990447998,13056000
2017-10-11,14.359999656677246,14.550000190734863,14.270000457763672,14.430000305175781,12.996172904968262,14389000
2017-10-12,14.529999732971191,14.680000305175781,14.449999809265137,14.510000228881836,13.06822395324707,14161500
2017-10-13,14.800000190734863,14.869999885559082,14.640000343322754,14.75,13.284378051757812,13737500
2017-10-16,15.260000228881836,15.59000015258789,15.039999961853027,15.270000457763672,13.752702713012695,26132000
2017-10-17,15.020000457763672,15.0600004196167,14.65999984741211,14.930000305175781,13.446489334106445,22915200
2017-10-18,14.779999732971191,14.899999618530273,14.619999885559082,14.829999923706055,13.356427192687988,15252000
2017-10-19,14.729999542236328,14.84000015258789,14.449999809265137,14.8100004196167,13.338414192199707,15985600
2017-10-20,14.920000076293945,15.039999961853027,14.710000038146973,14.829999923706055,13.356427192687988,14307100
2017-10-23,14.850000381469727,14.90999984741211,14.760000228881836,14.8100004196167,13.338414192199707,16018400
2017-10-24,15.0,15.229999542236328,14.899999618530273,15.229999542236328,13.716679573059082,20956000
2017-10-25,15.260000228881836,15.579999923706055,14.4399995803833,14.699999809265137,13.23934268951416,30437900
2017-10-26,14.829999923706055,14.899999618530273,14.600000381469727,14.6899995803833,13.230337142944336,16863100
2017-10-27,14.229999542236328,14.319999694824219,13.899999618530273,14.130000114440918,12.725982666015625,22874000
2017-10-30,14.0600004196167,14.260000228881836,13.9399995803833,13.9399995803833,12.55486011505127,15066100
2017-10-31,13.9399995803833,14.039999961853027,13.84000015258789,13.979999542236328,12.590885162353516,14397600
2017-11-01,14.399999618530273,14.6899995803833,14.270000457763672,14.380000114440918,12.951141357421875,18478800
2017-11-02,14.270000457763672,14.569999694824219,14.149999618530273,14.229999542236328,12.816047668457031,13059600
2017-11-03,14.199999809265137,14.270000457763672,14.039999961853027,14.149999618530273,12.743993759155273,8681300
2017-11-06,14.329999923706055,14.649999618530273,14.25,14.640000343322754,13.18530559539795,14020600
2017-11-07,14.489999771118164,14.569999694824219,14.359999656677246,14.550000190734863,13.104247093200684,10559000
2017-11-08,14.619999885559082,14.9399995803833,14.479999542236328,14.859999656677246,13.383445739746094,15949400
2017-11-09,14.640000343322754,14.800000190734863,14.470000267028809,14.720000267028809,13.257354736328125,15859900
2017-11-10,14.729999542236328,14.979999542236328,14.390000343322754,14.40999984741211,12.97815990447998,13518200
2017-11-13,14.329999923706055,14.640000343322754,14.3100004196167,14.430000305175781,12.996172904968262,9908200
2017-11-14,14.279999732971191,14.300000190734863,13.569999694824219,13.800000190734863,12.428771018981934,27677700
2017-11-15,13.59000015258789,13.789999961853027,13.220000267028809,13.630000114440918,12.275664329528809,17992800
2017-11-16,13.710000038146973,13.770000457763672,13.489999771118164,13.619999885559082,12.266654014587402,13654200
2017-11-17,13.510000228881836,13.930000305175781,13.5,13.859999656677246,12.482810020446777,15334600
2017-11-20,13.739999771118164,14.029999732971191,13.729999542236328,13.949999809265137,12.56386661529541,13823700
2017-11-21,14.100000381469727,14.289999961853027,14.069999694824219,14.149999618530273,12.743993759155273,12985300
2017-11-22,14.229999542236328,14.3100004196167,14.109999656677246,14.239999771118164,12.825051307678223,9338900
2017-11-24,14.279999732971191,14.539999961853027,14.25,14.350000381469727,12.924121856689453,6136300
2017-11-27,14.25,14.300000190734863,13.970000267028809,14.09000015258789,12.689956665039062,11047400
2017-11-28,13.960000038146973,14.25,13.880000114440918,14.210000038146973,12.798030853271484,11794100
2017-11-29,13.9399995803833,14.1899995803833,13.84000015258789,14.010000228881836,12.61790657043457,11271300
2017-11-30,14.100000381469727,14.149999618530273,13.84000015258789,13.920000076293945,12.536847114562988,18073300
2017-12-01,13.9399995803833,14.3100004196167,13.84000015258789,14.109999656677246,12.707967758178711,13706100
2017-12-04,14.25,14.649999618530273,14.199999809265137,14.300000190734863,12.879090309143066,16979000
2017-12-05,14.050000190734863,14.140000343322754,13.8100004196167,14.109999656677246,12.707967758178711,19535200
2017-12-06,14.109999656677246,14.460000038146973,14.109999656677246,14.350000381469727,12.924121856689453,22659400
2017-12-07,14.199999809265137,14.869999885559082,14.199999809265137,14.84000015258789,13.365433692932129,20610000
2017-12-08,14.970000267028809,15.0,14.850000381469727,14.970000267028809,13.482515335083008,12024500
2017-12-11,15.050000190734863,15.15999984741211,14.949999809265137,15.020000457763672,13.527546882629395,15509000
2017-12-12,15.149999618530273,15.75,15.109999656677246,15.710000038146973,14.148983001708984,24138500
2017-12-13,15.699999809265137,16.350000381469727,15.680000305175781,16.31999969482422,14.698370933532715,27314300
2017-12-14,16.31999969482422,16.440000534057617,16.149999618530273,16.190000534057617,14.581290245056152,23485200
2017-12-15,16.389999389648438,16.989999771118164,16.3799991607666,16.979999542236328,15.292789459228516,36566000
2017-12-18,16.979999542236328,17.459999084472656,16.81999969482422,17.350000381469727,15.626022338867188,25429200
2017-12-19,17.280000686645508,17.450000762939453,17.200000762939453,17.329999923706055,15.608015060424805,17764800
2017-12-20,17.520000457763672,17.68000030517578,17.3700008392334,17.65999984741211,15.905231475830078,20886500
2017-12-21,17.799999237060547,18.350000381469727,17.729999542236328,18.18000030517578,16.37355613708496,20761700
2017-12-22,18.190000534057617,18.309999465942383,18.010000228881836,18.100000381469727,16.301502227783203,13649100
2017-12-26,18.100000381469727,18.790000915527344,18.030000686645508,18.670000076293945,16.814865112304688,16561200
2017-12-27,18.729999542236328,19.059999465942383,18.5,18.690000534057617,16.832881927490234,17299500
2017-12-28,18.84000015258789,19.299999237060547,18.700000762939453,19.270000457763672,17.355247497558594,18291700
2017-12-29,19.3700008392334,19.450000762939453,18.68000030517578,18.959999084472656,17.076047897338867,15589700
2018-01-02,19.049999237060547,19.790000915527344,18.979999542236328,19.770000457763672,17.80556869506836,21899900
2018-01-03,19.809999465942383,19.850000381469727,19.15999984741211,19.469999313354492,17.53537368774414,20673600
2018-01-04,19.6299991607666,19.81999969482422,19.31999969482422,19.739999771118164,17.778547286987305,19540500
2018-01-05,19.690000534057617,19.90999984741211,19.530000686645508,19.899999618530273,17.922653198242188,13870600
2018-01-08,19.959999084472656,19.989999771118164,19.719999313354492,19.809999465942383,17.841594696044922,15237200
2018-01-09,19.780000686645508,19.790000915527344,18.850000381469727,18.920000076293945,17.04002571105957,32628500
2018-01-10,19.06999969482422,19.739999771118164,19.0,19.510000228881836,17.571395874023438,28035200
2018-01-11,19.639999389648438,19.940000534057617,19.3700008392334,19.8799991607666,17.904634475708008,21236100
2018-01-12,19.940000534057617,20.06999969482422,19.610000610351562,19.75,17.78754997253418,14187600
2018-01-16,19.5,19.75,19.1299991607666,19.31999969482422,17.400279998779297,22835400
2018-01-17,19.34000015258789,19.81999969482422,19.309999465942383,19.770000457763672,17.80556869506836,16886600
2018-01-18,19.700000762939453,19.809999465942383,19.3700008392334,19.399999618530273,17.472333908081055,23341000
2018-01-19,19.479999542236328,20.15999984741211,19.40999984741211,19.959999084472656,17.976682662963867,22636100
2018-01-22,19.850000381469727,20.18000030517578,19.690000534057617,19.989999771118164,18.003705978393555,17637600
2018-01-23,19.600000381469727,19.719999313354492,18.940000534057617,19.549999237060547,17.607425689697266,27792100
2018-01-24,19.889999389648438,20.139999389648438,19.399999618530273,19.600000381469727,17.6524600982666,26371300
2018-01-25,19.959999084472656,20.25,19.329999923706055,19.81999969482422,17.85059356689453,31662900
2018-01-26,19.700000762939453,19.729999542236328,19.360000610351562,19.540000915527344,17.598417282104492,18346700
2018-01-29,19.5,19.760000228881836,19.360000610351562,19.6299991607666,17.67947769165039,17668900
2018-01-30,19.469999313354492,19.709999084472656,19.110000610351562,19.1299991607666,17.229158401489258,16342600
2018-01-31,19.440000534057617,19.579999923706055,19.290000915527344,19.5,17.562393188476562,15107600
2018-02-01,19.450000762939453,19.690000534057617,19.299999237060547,19.450000762939453,17.517364501953125,10716700
2018-02-02,19.260000228881836,19.280000686645508,17.93000030517578,17.969999313354492,16.184429168701172,25449200
2018-02-05,18.139999389648438,18.649999618530273,17.360000610351562,17.649999618530273,15.896221160888672,29892000
2018-02-06,17.239999771118164,18.790000915527344,17.06999969482422,18.739999771118164,16.877910614013672,38602400
2018-02-07,18.3700008392334,18.479999542236328,17.770000457763672,17.860000610351562,16.085355758666992,31024200
2018-02-08,17.8700008392334,18.1299991607666,16.860000610351562,17.15999984741211,15.454909324645996,29904000
2018-02-09,17.440000534057617,17.75,16.639999389648438,17.56999969482422,15.824165344238281,34794800
2018-02-12,17.739999771118164,17.889999389648438,17.3799991607666,17.56999969482422,15.824165344238281,26314100
2018-02-13,17.649999618530273,17.969999313354492,17.5,17.799999237060547,16.031314849853516,23234600
2018-02-14,17.559999465942383,19.18000030517578,17.329999923706055,19.1200008392334,17.22015953063965,35128700
2018-02-15,19.270000457763672,19.350000381469727,18.770000457763672,19.1200008392334,17.22015953063965,21663100
2018-02-16,19.040000915527344,19.260000228881836,18.649999618530273,18.729999542236328,16.86890411376953,16549400
2018-02-20,18.31999969482422,18.760000228881836,18.270000457763672,18.43000030517578,16.598718643188477,12946500
2018-02-21,18.440000534057617,19.139999389648438,18.440000534057617,18.729999542236328,16.86890411376953,16481500
2018-02-22,18.93000030517578,19.399999618530273,18.90999984741211,19.15999984741211,17.25618553161621,16885300
2018-02-23,19.170000076293945,19.6299991607666,19.170000076293945,19.549999237060547,17.607425689697266,15111700
2018-02-26,19.600000381469727,19.739999771118164,19.260000228881836,19.530000686645508,17.58941650390625,13857800
2018-02-27,19.399999618530273,19.420000076293945,18.940000534057617,19.09000015258789,17.193134307861328,15050400
2018-02-28,18.979999542236328,19.170000076293945,18.600000381469727,18.600000381469727,16.751821517944336,17068400
2018-03-01,18.75,18.75,18.200000762939453,18.540000915527344,16.697792053222656,15127700
2018-03-02,18.280000686645508,18.540000915527344,18.040000915527344,18.31999969482422,16.499645233154297,16260600
2018-03-05,18.190000534057617,18.389999389648438,18.049999237060547,18.190000534057617,16.3825626373291,16410800
2018-03-06,18.600000381469727,18.889999389648438,18.420000076293945,18.700000762939453,16.841888427734375,18429800
2018-03-07,18.350000381469727,18.520000457763672,18.06999969482422,18.1200008392334,16.319520950317383,13955300
2018-03-08,18.030000686645508,18.110000610351562,17.709999084472656,17.8700008392334,16.0943603515625,12134400
2018-03-09,18.110000610351562,18.440000534057617,18.079999923706055,18.43000030517578,16.598718643188477,15467400
2018-03-12,18.389999389648438,18.579999923706055,18.190000534057617,18.559999465942383,16.71579933166504,10999100
2018-03-13,18.709999084472656,18.860000610351562,18.40999984741211,18.479999542236328,16.643739700317383,12003000
2018-03-14,18.81999969482422,18.950000762939453,18.600000381469727,18.65999984741211,16.80586051940918,12497300
2018-03-15,18.6299991607666,18.729999542236328,18.350000381469727,18.40999984741211,16.58070182800293,10488800
2018-03-16,18.5,18.579999923706055,18.329999923706055,18.360000610351562,16.53567123413086,15208200
2018-03-19,18.260000228881836,18.290000915527344,17.90999984741211,18.049999237060547,16.256467819213867,11531500
2018-03-20,18.15999984741211,18.579999923706055,18.1200008392334,18.489999771118164,16.652753829956055,16664700
2018-03-21,18.600000381469727,19.239999771118164,18.56999969482422,19.18000030517578,17.274188995361328,15725900
2018-03-22,18.899999618530273,18.920000076293945,18.049999237060547,18.049999237060547,16.256467819213867,17976600
2018-03-23,18.139999389648438,18.229999542236328,17.510000228881836,17.520000457763672,15.779131889343262,16437500
2018-03-26,17.729999542236328,17.799999237060547,17.329999923706055,17.75,15.986283302307129,12987800
2018-03-27,17.8700008392334,17.8700008392334,17.1200008392334,17.239999771118164,15.526958465576172,15943300
2018-03-28,17.219999313354492,17.25,16.510000228881836,16.75,15.085648536682129,19249200
2018-03-29,16.8799991607666,17.600000381469727,16.8799991607666,17.56999969482422,15.824165344238281,16127800
2018-04-02,17.56999969482422,17.760000228881836,16.989999771118164,17.139999389648438,15.436890602111816,14724900
2018-04-03,17.15999984741211,17.459999084472656,17.049999237060547,17.3799991607666,15.65304946899414,12783400
2018-04-04,16.899999618530273,17.360000610351562,16.6200008392334,17.34000015258789,15.617024421691895,16268900
2018-04-05,17.469999313354492,18.110000610351562,17.450000762939453,18.110000610351562,16.31051254272461,17297500
2018-04-06,17.809999465942383,17.969999313354492,17.209999084472656,17.329999923706055,15.608015060424805,16346600
2018-04-09,17.450000762939453,17.65999984741211,17.06999969482422,17.43000030517578,15.698080062866211,14785100
2018-04-10,17.920000076293945,18.34000015258789,17.700000762939453,18.200000762939453,16.39156723022461,14184900
2018-04-11,18.100000381469727,18.170000076293945,17.899999618530273,17.979999542236328,16.193429946899414,11123700
2018-04-12,17.84000015258789,17.969999313354492,17.479999542236328,17.860000610351562,16.130210876464844,12857700
2018-04-13,18.0,18.079999923706055,17.68000030517578,17.8700008392334,16.139245986938477,9707000
2018-04-16,18.09000015258789,18.219999313354492,17.829999923706055,18.15999984741211,16.401153564453125,12325600
2018-04-17,18.190000534057617,18.40999984741211,18.0,18.299999237060547,16.527589797973633,10121700
2018-04-18,18.81999969482422,19.360000610351562,18.809999465942383,19.18000030517578,17.322368621826172,19424200
2018-04-19,19.18000030517578,19.700000762939453,18.979999542236328,19.56999969482422,17.674592971801758,22122700
2018-04-20,19.59000015258789,19.68000030517578,19.15999984741211,19.360000610351562,17.484933853149414,13230200
2018-04-23,18.959999084472656,19.270000457763672,18.709999084472656,18.809999465942383,16.988197326660156,14924600
2018-04-24,18.399999618530273,18.399999618530273,15.609999656677246,16.079999923706055,14.522605895996094,77549000
2018-04-25,15.930000305175781,16.059999465942383,15.319999694824219,15.369999885559082,13.88137149810791,39947100
2018-04-26,15.5,15.710000038146973,15.119999885559082,15.630000114440918,14.116189002990723,31647200
2018-04-27,15.329999923706055,15.529999732971191,15.15999984741211,15.319999694824219,13.836214065551758,16203700
2018-04-30,15.319999694824219,15.489999771118164,15.1899995803833,15.210000038146973,13.73686408996582,17564400
2018-05-01,15.119999885559082,15.300000190734863,14.640000343322754,14.949999809265137,13.502050399780273,19461300
2018-05-02,15.229999542236328,15.369999885559082,14.960000038146973,15.109999656677246,13.646552085876465,20459700
2018-05-03,15.279999732971191,15.350000381469727,14.989999771118164,15.210000038146973,13.73686408996582,18971900
2018-05-04,15.119999885559082,15.550000190734863,15.069999694824219,15.420000076293945,13.926528930664062,15428800
2018-05-07,15.479999542236328,15.670000076293945,15.220000267028809,15.260000228881836,13.782023429870605,13111300
2018-05-08,15.1899995803833,15.350000381469727,14.989999771118164,15.300000190734863,13.81815242767334,12799300
2018-05-09,15.390000343322754,15.760000228881836,15.390000343322754,15.680000305175781,14.161345481872559,14097200
2018-05-10,15.920000076293945,16.40999984741211,15.890000343322754,16.219999313354492,14.6490478515625,19718600
2018-05-11,16.270000457763672,16.530000686645508,16.18000030517578,16.270000457763672,14.694204330444336,12881800
2018-05-14,16.350000381469727,16.469999313354492,16.079999923706055,16.200000762939453,14.63098430633545,10837300
2018-05-15,15.979999542236328,16.09000015258789,15.6899995803833,15.960000038146973,14.414228439331055,14673800
2018-05-16,16.079999923706055,16.899999618530273,16.06999969482422,16.639999389648438,15.028367042541504,18976000
2018-05-17,16.670000076293945,16.979999542236328,16.65999984741211,16.780000686645508,15.154807090759277,18221800
2018-05-18,16.700000762939453,17.170000076293945,16.690000534057617,16.8700008392334,15.236088752746582,16113200
2018-05-21,17.06999969482422,17.110000610351562,16.549999237060547,16.690000534057617,15.073527336120605,13431100
2018-05-22,16.940000534057617,17.780000686645508,16.65999984741211,17.170000076293945,15.507033348083496,27675900
2018-05-23,17.06999969482422,17.3799991607666,16.799999237060547,17.350000381469727,15.669600486755371,18864500
2018-05-24,17.299999237060547,17.520000457763672,17.079999923706055,17.3799991607666,15.696700096130371,13010000
2018-05-25,17.200000762939453,17.299999237060547,16.940000534057617,17.079999923706055,15.425749778747559,9003300
2018-05-29,16.81999969482422,17.200000762939453,16.610000610351562,16.649999618530273,15.037399291992188,12993400
2018-05-30,16.809999465942383,17.239999771118164,16.719999313354492,17.1200008392334,15.461874961853027,13255700
2018-05-31,17.239999771118164,17.3700008392334,16.860000610351562,16.899999618530273,15.263182640075684,15414400
2018-06-01,17.170000076293945,17.34000015258789,16.93000030517578,17.1200008392334,15.461874961853027,12802000
2018-06-04,17.260000228881836,17.459999084472656,17.139999389648438,17.209999084472656,15.543158531188965,9196300
2018-06-05,17.350000381469727,17.760000228881836,17.290000915527344,17.649999618530273,15.9405517578125,14530800
2018-06-06,17.829999923706055,18.229999542236328,17.68000030517578,18.200000762939453,16.437278747558594,20784800
2018-06-07,18.190000534057617,18.3799991607666,17.68000030517578,17.93000030517578,16.193429946899414,15733500
2018-06-08,17.950000762939453,18.139999389648438,17.860000610351562,18.030000686645508,16.28374481201172,10326200
2018-06-11,17.950000762939453,18.360000610351562,17.899999618530273,18.190000534057617,16.428247451782227,12672600
2018-06-12,18.110000610351562,18.18000030517578,17.670000076293945,17.860000610351562,16.130210876464844,11926300
2018-06-13,17.899999618530273,18.09000015258789,17.670000076293945,17.809999465942383,16.08504867553711,9608100
2018-06-14,17.920000076293945,17.989999771118164,17.510000228881836,17.579999923706055,15.877327919006348,12549400
2018-06-15,17.350000381469727,17.350000381469727,16.639999389648438,16.889999389648438,15.254158020019531,22848300
2018-06-18,16.700000762939453,16.90999984741211,16.56999969482422,16.799999237060547,15.172870635986328,13392700
2018-06-19,16.3799991607666,16.43000030517578,15.890000343322754,16.260000228881836,14.685174942016602,17789100
2018-06-20,16.350000381469727,16.43000030517578,16.110000610351562,16.299999237060547,14.721297264099121,11160300
2018-06-21,16.270000457763672,16.559999465942383,16.260000228881836,16.360000610351562,14.775486946105957,12194700
2018-06-22,16.690000534057617,16.790000915527344,16.389999389648438,16.440000534057617,14.847735404968262,19348900
2018-06-25,16.190000534057617,16.309999465942383,15.460000038146973,15.739999771118164,14.215533256530762,14838900
2018-06-26,15.800000190734863,16.270000457763672,15.65999984741211,16.25,14.676142692565918,16300000
2018-06-27,16.309999465942383,17.020000457763672,16.239999771118164,16.899999618530273,15.263182640075684,24679200
2018-06-28,16.68000030517578,16.920000076293945,16.219999313354492,16.790000915527344,15.163839340209961,17572300
2018-06-29,17.0,17.459999084472656,16.959999084472656,17.260000228881836,15.588314056396484,19795500
2018-07-02,17.020000457763672,17.170000076293945,16.790000915527344,17.15999984741211,15.498006820678711,14426400
2018-07-03,17.200000762939453,17.549999237060547,16.93000030517578,17.06999969482422,15.41672134399414,8460000
2018-07-05,17.06999969482422,17.3700008392334,16.65999984741211,16.969999313354492,15.326410293579102,17618100
2018-07-06,16.920000076293945,17.610000610351562,16.690000534057617,17.510000228881836,15.814105033874512,15283900
2018-07-09,17.860000610351562,18.1299991607666,17.559999465942383,18.110000610351562,16.35599136352539,16786000
2018-07-10,17.950000762939453,18.139999389648438,17.829999923706055,18.110000610351562,16.35599136352539,15083800
2018-07-11,17.520000457763672,17.729999542236328,17.209999084472656,17.40999984741211,15.723791122436523,26590600
2018-07-12,17.670000076293945,17.799999237060547,17.200000762939453,17.290000915527344,15.660394668579102,20100400
2018-07-13,17.030000686645508,17.1299991607666,16.459999084472656,16.799999237060547,15.216567993164062,26062200
2018-07-16,16.81999969482422,16.950000762939453,16.540000915527344,16.770000457763672,15.189406394958496,15983200
2018-07-17,16.700000762939453,17.040000915527344,16.670000076293945,16.770000457763672,15.189406394958496,15905000
2018-07-18,16.75,17.200000762939453,16.3799991607666,17.079999923706055,15.470181465148926,19202600
2018-07-19,16.450000762939453,16.469999313354492,15.649999618530273,15.800000190734863,14.310826301574707,38238700
2018-07-20,15.779999732971191,16.149999618530273,15.670000076293945,15.75,14.265536308288574,20405000
2018-07-23,15.779999732971191,16.030000686645508,15.489999771118164,15.829999923706055,14.337997436523438,21358500
2018-07-24,16.530000686645508,16.59000015258789,15.989999771118164,16.06999969482422,14.555375099182129,28247000
2018-07-25,16.079999923706055,16.43000030517578,15.0600004196167,15.859999656677246,14.365167617797852,35148000
2018-07-26,15.800000190734863,16.0,15.729999542236328,15.970000267028809,14.464802742004395,13221200
2018-07-27,16.049999237060547,16.270000457763672,15.8100004196167,15.989999771118164,14.482915878295898,11573900
2018-07-30,16.0,16.299999237060547,16.0,16.079999923706055,14.564435958862305,9135500
2018-07-31,16.239999771118164,16.6200008392334,16.200000762939453,16.5,14.944847106933594,12271000
2018-08-01,16.1200008392334,16.15999984741211,15.569999694824219,15.579999923706055,14.111559867858887,19388900
2018-08-02,15.40999984741211,15.520000457763672,15.229999542236328,15.430000305175781,13.975696563720703,20206500
2018-08-03,15.579999923706055,15.850000381469727,15.520000457763672,15.710000038146973,14.2293062210083,11971000
2018-08-06,15.520000457763672,15.529999732971191,15.220000267028809,15.399999618530273,13.948525428771973,16632600
2018-08-07,15.699999809265137,15.8100004196167,15.34000015258789,15.359999656677246,13.9122953414917,11081800
2018-08-08,15.40999984741211,15.59000015258789,15.279999732971191,15.390000343322754,13.939473152160645,13128800
2018-08-09,15.739999771118164,15.760000228881836,15.289999961853027,15.3100004196167,13.8670072555542,15046400
2018-08-10,15.109999656677246,15.210000038146973,15.020000457763672,15.109999656677246,13.685858726501465,13921800
2018-08-13,15.199999809265137,15.260000228881836,14.90999984741211,14.920000076293945,13.513766288757324,16222300
2018-08-14,14.970000267028809,15.130000114440918,14.600000381469727,14.800000190734863,13.405077934265137,16722600
2018-08-15,14.210000038146973,14.319999694824219,13.279999732971191,13.65999984741211,12.37252426147461,35976400
2018-08-16,13.880000114440918,14.239999771118164,13.739999771118164,13.770000457763672,12.47215461730957,17867200
2018-08-17,13.789999961853027,14.020000457763672,13.529999732971191,13.970000267028809,12.653304100036621,21904700
2018-08-20,14.140000343322754,14.210000038146973,13.829999923706055,14.119999885559082,12.789164543151855,12683000
2018-08-21,14.149999618530273,14.4399995803833,14.0600004196167,14.319999694824219,12.970314979553223,15806000
2018-08-22,14.399999618530273,14.569999694824219,14.229999542236328,14.529999732971191,13.1605224609375,12230400
2018-08-23,14.34000015258789,14.350000381469727,13.970000267028809,14.180000305175781,12.843511581420898,17069100
2018-08-24,14.539999961853027,14.789999961853027,14.359999656677246,14.470000267028809,13.106179237365723,13288900
2018-08-27,14.470000267028809,14.84000015258789,14.449999809265137,14.729999542236328,13.341672897338867,10476700
2018-08-28,14.920000076293945,14.960000038146973,14.59000015258789,14.65999984741211,13.27826976776123,12144200
2018-08-29,14.579999923706055,14.789999961853027,14.420000076293945,14.670000076293945,13.287330627441406,10064100
2018-08-30,14.470000267028809,14.510000228881836,14.029999732971191,14.149999618530273,12.816339492797852,15530800
2018-08-31,14.100000381469727,14.3100004196167,13.949999809265137,14.050000190734863,12.725765228271484,14284800
2018-09-04,13.630000114440918,13.729999542236328,13.390000343322754,13.479999542236328,12.209486961364746,19908400
2018-09-05,13.539999961853027,13.739999771118164,13.399999618530273,13.670000076293945,12.38158130645752,17341700
2018-09-06,13.8100004196167,13.989999771118164,13.5,13.569999694824219,12.29100513458252,13986300
2018-09-07,13.369999885559082,13.5600004196167,13.050000190734863,13.180000305175781,11.937760353088379,26776300
2018-09-10,13.289999961853027,13.40999984741211,13.180000305175781,13.199999809265137,11.955877304077148,11848900
2018-09-11,12.850000381469727,13.09000015258789,12.180000305175781,13.039999961853027,11.810958862304688,15438400
2018-09-12,13.109999656677246,13.779999732971191,13.029999732971191,13.630000114440918,12.345351219177246,25530600
2018-09-13,13.960000038146973,14.050000190734863,13.5,13.579999923706055,12.300063133239746,15259600
2018-09-14,13.640000343322754,13.890000343322754,13.520000457763672,13.6899995803833,12.39969539642334,13819800
2018-09-17,13.699999809265137,13.979999542236328,13.65999984741211,13.720000267028809,12.426867485046387,13739900
2018-09-18,14.0,14.25,13.920000076293945,14.010000228881836,12.689537048339844,21543100
2018-09-19,14.119999885559082,14.65999984741211,14.119999885559082,14.300000190734863,12.952199935913086,24725400
2018-09-20,14.569999694824219,14.729999542236328,14.279999732971191,14.390000343322754,13.033720970153809,23289900
2018-09-21,14.829999923706055,14.899999618530273,14.550000190734863,14.609999656677246,13.232983589172363,52922200
2018-09-24,14.600000381469727,14.75,14.239999771118164,14.239999771118164,12.897856712341309,20775200
2018-09-25,14.399999618530273,14.569999694824219,14.1899995803833,14.489999771118164,13.124290466308594,15317800
2018-09-26,14.270000457763672,14.420000076293945,13.989999771118164,14.0,12.6804780960083,16234500
2018-09-27,13.789999961853027,13.880000114440918,13.510000228881836,13.869999885559082,12.562729835510254,20502600
2018-09-28,13.850000381469727,14.0600004196167,13.800000190734863,13.920000076293945,12.608017921447754,16080600
2018-10-01,13.8100004196167,13.899999618530273,13.600000381469727,13.699999809265137,12.408754348754883,15925600
2018-10-02,13.720000267028809,14.100000381469727,13.680000305175781,13.890000343322754,12.58084487915039,14328200
2018-10-03,13.930000305175781,14.279999732971191,13.850000381469727,13.949999809265137,12.635190963745117,20127400
2018-10-04,14.029999732971191,14.079999923706055,13.449999809265137,13.630000114440918,12.345351219177246,23346400
2018-10-05,13.460000038146973,13.479999542236328,13.220000267028809,13.270000457763672,12.019281387329102,19861600
2018-10-08,13.100000381469727,13.380000114440918,12.970000267028809,13.289999961853027,12.037392616271973,16162200
2018-10-09,13.25,13.380000114440918,12.979999542236328,13.180000305175781,11.937760353088379,11831100
2018-10-10,12.9399995803833,12.989999771118164,12.510000228881836,12.770000457763672,11.566407203674316,26419400
2018-10-11,12.789999961853027,13.359999656677246,12.670000076293945,13.229999542236328,11.983053207397461,31623400
2018-10-12,13.460000038146973,13.470000267028809,12.630000114440918,12.739999771118164,11.58301067352295,31107300
2018-10-15,12.819999694824219,13.0600004196167,12.819999694824219,12.829999923706055,11.664834976196289,19083600
2018-10-16,12.890000343322754,12.90999984741211,12.479999542236328,12.680000305175781,11.528459548950195,20373000
2018-10-17,12.699999809265137,12.84000015258789,12.329999923706055,12.399999618530273,11.273887634277344,23013100
2018-10-18,12.149999618530273,12.479999542236328,12.0600004196167,12.140000343322754,11.037501335144043,21377700
2018-10-19,12.140000343322754,12.329999923706055,11.9399995803833,12.020000457763672,10.928398132324219,15817300
2018-10-22,12.069999694824219,12.100000381469727,11.84000015258789,12.0,10.9102144241333,12401600
2018-10-23,11.600000381469727,11.710000038146973,11.25,11.609999656677246,10.555632591247559,24002400
2018-10-24,11.710000038146973,11.989999771118164,10.59000015258789,10.699999809265137,9.728275299072266,45767700
2018-10-25,10.90999984741211,11.65999984741211,10.699999809265137,11.25,10.228323936462402,34417700
2018-10-26,10.899999618530273,11.579999923706055,10.869999885559082,11.5,10.455619812011719,28577600
2018-10-29,11.680000305175781,11.770000457763672,10.960000038146973,11.09000015258789,10.082857131958008,25835200
2018-10-30,10.989999771118164,11.489999771118164,10.949999809265137,11.40999984741211,10.373795509338379,22696200
2018-10-31,11.569999694824219,11.779999732971191,11.380000114440918,11.649999618530273,10.591996192932129,23361800
2018-11-01,11.859999656677246,12.470000267028809,11.760000228881836,12.279999732971191,11.164787292480469,21668100
2018-11-02,12.479999542236328,12.6899995803833,12.010000228881836,12.239999771118164,11.128417015075684,19501300
2018-11-05,12.199999809265137,12.329999923706055,12.0600004196167,12.220000267028809,11.110234260559082,9791300
2018-11-06,12.229999542236328,12.390000343322754,12.130000114440918,12.199999809265137,11.092050552368164,11479300
2018-11-07,12.170000076293945,12.350000381469727,12.039999961853027,12.329999923706055,11.210245132446289,14378300
2018-11-08,12.210000038146973,12.270000457763672,11.869999885559082,11.930000305175781,10.84657096862793,14289300
2018-11-09,11.5600004196167,11.609999656677246,11.180000305175781,11.350000381469727,10.319243431091309,21444400
2018-11-12,11.430000305175781,11.460000038146973,11.069999694824219,11.15999984741211,10.14649772644043,14531600
2018-11-13,11.15999984741211,11.5,11.0600004196167,11.25,10.228323936462402,17216400
2018-11-14,11.300000190734863,11.630000114440918,11.239999771118164,11.539999961853027,10.491989135742188,16141900
2018-11-15,11.5600004196167,12.180000305175781,11.510000228881836,11.960000038146973,10.873848915100098,23687300
2018-11-16,11.970000267028809,12.109999656677246,11.760000228881836,11.960000038146973,10.873848915100098,15981800
2018-11-19,11.90999984741211,12.010000228881836,11.479999542236328,11.510000228881836,10.464713096618652,16917600
2018-11-20,11.270000457763672,11.270000457763672,10.770000457763672,10.880000114440918,9.891926765441895,21391200
2018-11-21,11.100000381469727,11.489999771118164,11.029999732971191,11.40999984741211,10.373795509338379,17056200
2018-11-23,11.079999923706055,11.100000381469727,10.760000228881836,10.770000457763672,9.791916847229004,7880800
2018-11-26,10.75,11.220000267028809,10.710000038146973,11.09000015258789,10.082857131958008,10586300
2018-11-27,10.890000343322754,11.270000457763672,10.859999656677246,11.239999771118164,10.21923542022705,20866200
2018-11-28,11.329999923706055,11.989999771118164,10.979999542236328,11.970000267028809,10.88293743133545,29088100
2018-11-29,11.899999618530273,12.0,11.619999885559082,11.819999694824219,10.746559143066406,19450700
2018-11-30,11.710000038146973,11.989999771118164,11.579999923706055,11.9399995803833,10.855661392211914,17146000
2018-12-03,12.449999809265137,12.670000076293945,12.050000190734863,12.09000015258789,10.992039680480957,27171000
2018-12-04,12.199999809265137,12.3100004196167,11.40999984741211,11.5,10.455619812011719,22402700
2018-12-06,11.039999961853027,11.15999984741211,10.729999542236328,11.149999618530273,10.137405395507812,25177100
2018-12-07,11.25,11.489999771118164,10.899999618530273,10.920000076293945,9.928293228149414,21263900
2018-12-10,10.859999656677246,10.930000305175781,10.449999809265137,10.6899995803833,9.719178199768066,17917900
2018-12-11,11.010000228881836,11.140000343322754,10.609999656677246,10.760000228881836,9.782824516296387,19184200
2018-12-12,10.960000038146973,11.369999885559082,10.949999809265137,11.069999694824219,10.064672470092773,15313400
2018-12-13,11.229999542236328,11.300000190734863,10.789999961853027,10.920000076293945,9.928293228149414,17063900
2018-12-14,10.640000343322754,10.899999618530273,10.390000343322754,10.569999694824219,9.610078811645508,26978300
2018-12-17,10.579999923706055,10.960000038146973,10.40999984741211,10.59000015258789,9.628266334533691,16416800
2018-12-18,10.640000343322754,11.140000343322754,10.4399995803833,10.600000381469727,9.637354850769043,29402100
2018-12-19,10.630000114440918,11.039999961853027,10.029999732971191,10.180000305175781,9.255497932434082,26465400
2018-12-20,10.3100004196167,10.510000228881836,10.0,10.239999771118164,9.31004810333252,23589600
2018-12-21,10.359999656677246,10.479999542236328,9.989999771118164,10.050000190734863,9.137303352355957,30525400
2018-12-24,9.930000305175781,10.079999923706055,9.720000267028809,9.779999732971191,8.891823768615723,9724400
2018-12-26,9.899999618530273,10.399999618530273,9.600000381469727,10.399999618530273,9.455517768859863,19614900
2018-12-27,10.140000343322754,10.6899995803833,10.020000457763672,10.670000076293945,9.700998306274414,20161100
2018-12-28,10.739999771118164,10.880000114440918,10.369999885559082,10.470000267028809,9.519163131713867,20165600
2018-12-31,10.470000267028809,10.510000228881836,10.039999961853027,10.3100004196167,9.37369441986084,16811000
2019-01-02,10.010000228881836,10.5,9.930000305175781,10.359999656677246,9.419149398803711,17940900
2019-01-03,10.270000457763672,10.390000343322754,9.84000015258789,10.069999694824219,9.155489921569824,22417600
2019-01-04,10.479999542236328,10.930000305175781,10.329999923706055,10.819999694824219,9.837376594543457,25597600
2019-01-07,10.960000038146973,11.220000267028809,10.8100004196167,11.0,10.001029968261719,16813100
2019-01-08,11.149999618530273,11.270000457763672,10.979999542236328,11.199999809265137,10.182867050170898,22809600
2019-01-09,11.34000015258789,11.600000381469727,11.180000305175781,11.510000228881836,10.464713096618652,20616000
2019-01-10,11.329999923706055,11.529999732971191,11.239999771118164,11.510000228881836,10.464713096618652,19481400
2019-01-11,11.510000228881836,11.739999771118164,11.369999885559082,11.600000381469727,10.546541213989258,21532900
2019-01-14,11.40999984741211,11.640000343322754,11.399999618530273,11.550000190734863,10.54654312133789,16085200
2019-01-15,11.850000381469727,11.970000267028809,11.4399995803833,11.569999694824219,10.564803123474121,26038900
2019-01-16,11.710000038146973,11.970000267028809,11.630000114440918,11.890000343322754,10.857001304626465,22312700
2019-01-17,11.899999618530273,12.220000267028809,11.859999656677246,12.130000114440918,11.07614803314209,23115300
2019-01-18,12.319999694824219,12.649999618530273,12.279999732971191,12.5600004196167,11.468791007995605,31366400
2019-01-22,12.270000457763672,12.40999984741211,12.109999656677246,12.380000114440918,11.304427146911621,26656300
2019-01-23,12.399999618530273,12.550000190734863,12.180000305175781,12.3100004196167,11.240511894226074,25720300
2019-01-24,11.470000267028809,11.880000114440918,10.600000381469727,10.699999809265137,9.77038860321045,66363100
2019-01-25,10.970000267028809,11.479999542236328,10.699999809265137,11.239999771118164,10.263472557067871,36134500
2019-01-28,11.020000457763672,11.050000190734863,10.199999809265137,10.279999732971191,9.386876106262207,54798400
2019-01-29,10.430000305175781,10.59000015258789,10.260000228881836,10.449999809265137,9.542107582092285,38234100
2019-01-30,10.619999885559082,11.350000381469727,10.600000381469727,11.270000457763672,10.290868759155273,37813200
2019-01-31,11.229999542236328,11.760000228881836,11.210000038146973,11.640000343322754,10.628722190856934,31833200
2019-02-01,11.5600004196167,11.630000114440918,11.399999618530273,11.510000228881836,10.510013580322266,24240200
2019-02-04,11.4399995803833,11.970000267028809,11.420000076293945,11.859999656677246,10.829608917236328,21269300
2019-02-05,11.899999618530273,12.010000228881836,11.770000457763672,11.869999885559082,10.838736534118652,18497100
2019-02-06,11.859999656677246,12.050000190734863,11.779999732971191,11.90999984741211,10.875265121459961,18136700
2019-02-07,11.850000381469727,12.140000343322754,11.800000190734863,11.859999656677246,10.829608917236328,25184000
2019-02-08,11.850000381469727,11.949999809265137,11.399999618530273,11.609999656677246,10.601327896118164,23718200
2019-02-11,11.5,11.619999885559082,11.449999809265137,11.529999732971191,10.528276443481445,15561600
2019-02-12,11.550000190734863,11.699999809265137,11.470000267028809,11.489999771118164,10.491750717163086,15617900
2019-02-13,12.020000457763672,12.359999656677246,11.899999618530273,12.289999961853027,11.222250938415527,36169400
2019-02-14,12.140000343322754,12.300000190734863,12.050000190734863,12.15999984741211,11.10354232788086,15313400
2019-02-15,12.380000114440918,12.619999885559082,12.229999542236328,12.279999732971191,11.213119506835938,16573400
2019-02-19,12.630000114440918,13.260000228881836,12.529999732971191,13.09000015258789,11.952746391296387,35617600
2019-02-20,13.640000343322754,13.859999656677246,13.289999961853027,13.350000381469727,12.190157890319824,38188400
2019-02-21,13.1899995803833,13.270000457763672,12.880000114440918,13.020000457763672,11.888825416564941,20123200
2019-02-22,13.399999618530273,13.399999618530273,13.079999923706055,13.220000267028809,12.071450233459473,23876800
2019-02-25,13.25,13.3100004196167,13.109999656677246,13.260000228881836,12.1079740524292,20071800
2019-02-26,13.180000305175781,13.289999961853027,13.020000457763672,13.180000305175781,12.03492546081543,13448100
2019-02-27,13.25,13.279999732971191,13.09000015258789,13.15999984741211,12.016664505004883,17655100
2019-02-28,13.0600004196167,13.119999885559082,12.819999694824219,12.899999618530273,11.779253005981445,21053700
2019-03-01,12.979999542236328,13.149999618530273,12.789999961853027,12.869999885559082,11.751861572265625,15988500
2019-03-04,12.869999885559082,12.899999618530273,12.489999771118164,12.779999732971191,11.669677734375,18449000
2019-03-05,12.869999885559082,12.899999618530273,12.59000015258789,12.84000015258789,11.724465370178223,17481200
2019-03-06,12.880000114440918,12.90999984741211,12.510000228881836,12.539999961853027,11.450526237487793,13683700
2019-03-07,12.5,12.529999732971191,12.130000114440918,12.3100004196167,11.240511894226074,12689900
2019-03-08,12.09000015258789,12.109999656677246,11.779999732971191,12.09000015258789,11.039626121520996,16287900
2019-03-11,12.130000114440918,12.369999885559082,12.0600004196167,12.359999656677246,11.286165237426758,13129200
2019-03-12,12.539999961853027,12.800000190734863,12.470000267028809,12.649999618530273,11.550972938537598,13272700
2019-03-13,12.800000190734863,12.829999923706055,12.550000190734863,12.65999984741211,11.560104370117188,12709900
2019-03-14,12.5,12.670000076293945,12.300000190734863,12.319999694824219,11.249642372131348,15132500
2019-03-15,12.319999694824219,12.539999961853027,12.289999961853027,12.350000381469727,11.277037620544434,15387400
2019-03-18,12.529999732971191,12.630000114440918,12.430000305175781,12.619999885559082,11.523579597473145,12641600
2019-03-19,12.800000190734863,13.039999961853027,12.630000114440918,12.680000305175781,11.578369140625,14700800
2019-03-20,12.630000114440918,12.970000267028809,12.319999694824219,12.819999694824219,11.70620346069336,22588400
2019-03-21,12.710000038146973,13.0,12.619999885559082,12.920000076293945,11.797514915466309,18399400
2019-03-22,12.729999542236328,12.760000228881836,12.109999656677246,12.180000305175781,11.121804237365723,20823900
2019-03-25,12.210000038146973,12.600000381469727,12.149999618530273,12.380000114440918,11.304427146911621,13195100
2019-03-26,12.489999771118164,12.720000267028809,12.460000038146973,12.699999809265137,11.59662914276123,14315600
2019-03-27,12.739999771118164,12.930000305175781,12.529999732971191,12.710000038146973,11.605759620666504,12661300
2019-03-28,12.65999984741211,12.869999885559082,12.579999923706055,12.729999542236328,11.62402057647705,9593400
2019-03-29,13.050000190734863,13.199999809265137,12.75,12.890000343322754,11.770122528076172,16889300
2019-04-01,13.15999984741211,13.369999885559082,13.039999961853027,13.100000381469727,11.961875915527344,19060700
2019-04-02,13.149999618530273,13.279999732971191,12.859999656677246,13.119999885559082,11.980141639709473,17950300
2019-04-03,13.329999923706055,13.479999542236328,13.100000381469727,13.15999984741211,12.016664505004883,20937800
2019-04-04,13.069999694824219,13.600000381469727,12.989999771118164,13.5600004196167,12.38191032409668,20719000
2019-04-05,13.569999694824219,13.600000381469727,13.319999694824219,13.329999923706055,12.171894073486328,14640900
2019-04-08,13.449999809265137,13.739999771118164,13.449999809265137,13.739999771118164,12.546274185180664,17947100
2019-04-09,13.710000038146973,13.710000038146973,13.210000038146973,13.380000114440918,12.217547416687012,16000200
2019-04-10,13.40999984741211,13.569999694824219,13.34000015258789,13.489999771118164,12.317994117736816,12390500
2019-04-11,13.34000015258789,13.470000267028809,13.149999618530273,13.40999984741211,12.244942665100098,16534500
2019-04-12,13.630000114440918,13.979999542236328,13.609999656677246,13.699999809265137,12.556568145751953,26915900
2019-04-15,13.630000114440918,13.720000267028809,13.449999809265137,13.6899995803833,12.547401428222656,15439300
2019-04-16,13.670000076293945,14.180000305175781,13.649999618530273,14.15999984741211,12.97817325592041,20299800
2019-04-17,14.369999885559082,14.680000305175781,14.09000015258789,14.199999809265137,13.014833450317383,31700500
2019-04-18,14.050000190734863,14.149999618530273,13.779999732971191,14.0,12.831526756286621,27426700
2019-04-22,13.880000114440918,13.90999984741211,13.25,13.649999618530273,12.510738372802734,24351200
2019-04-23,13.649999618530273,13.6899995803833,13.260000228881836,13.460000038146973,12.33659839630127,19119400
2019-04-24,13.390000343322754,13.609999656677246,13.180000305175781,13.579999923706055,12.446581840515137,31512700
2019-04-25,13.029999732971191,13.100000381469727,12.149999618530273,12.210000038146973,11.190925598144531,46459300
2019-04-26,12.260000228881836,12.6899995803833,12.229999542236328,12.5,11.456721305847168,23605200
2019-04-29,12.449999809265137,12.59000015258789,12.300000190734863,12.430000305175781,11.39256477355957,15525500
2019-04-30,12.369999885559082,12.520000457763672,12.170000076293945,12.3100004196167,11.28257942199707,19578600
2019-05-01,12.1899995803833,12.25,11.65999984741211,11.710000038146973,10.732656478881836,31549800
2019-05-02,11.550000190734863,11.739999771118164,11.420000076293945,11.510000228881836,10.549348831176758,21879600
2019-05-03,11.649999618530273,12.010000228881836,11.609999656677246,11.949999809265137,10.95262622833252,23411700
2019-05-06,11.460000038146973,11.779999732971191,11.449999809265137,11.720000267028809,10.7418212890625,19892000
2019-05-07,11.579999923706055,11.699999809265137,11.369999885559082,11.4399995803833,10.485191345214844,22783300
2019-05-08,11.350000381469727,11.579999923706055,11.239999771118164,11.369999885559082,10.421034812927246,18093300
2019-05-09,11.229999542236328,11.390000343322754,10.949999809265137,11.279999732971191,10.338544845581055,17882700
2019-05-10,11.15999984741211,11.4399995803833,10.930000305175781,11.369999885559082,10.421034812927246,19163100
2019-05-13,10.9399995803833,11.0,10.539999961853027,10.710000038146973,9.816118240356445,28910500
2019-05-14,10.819999694824219,11.029999732971191,10.770000457763672,10.859999656677246,9.953600883483887,18222200
2019-05-15,10.720000267028809,10.930000305175781,10.619999885559082,10.850000381469727,9.94443416595459,16125900
2019-05-16,10.979999542236328,11.020000457763672,10.649999618530273,10.65999984741211,9.770291328430176,15201300
2019-05-17,10.529999732971191,10.65999984741211,10.289999961853027,10.369999885559082,9.504496574401855,25625100
2019-05-20,10.3100004196167,10.390000343322754,10.149999618530273,10.199999809265137,9.348686218261719,14752000
2019-05-21,10.239999771118164,10.40999984741211,10.199999809265137,10.350000381469727,9.486166000366211,19315300
2019-05-22,10.220000267028809,10.319999694824219,10.039999961853027,10.0600004196167,9.220370292663574,18387100
2019-05-23,9.899999618530273,9.970000267028809,9.739999771118164,9.949999809265137,9.119548797607422,22137200
2019-05-24,10.0600004196167,10.170000076293945,9.930000305175781,10.079999923706055,9.238700866699219,16447000
2019-05-28,10.199999809265137,10.300000190734863,10.0,10.029999732971191,9.192872047424316,15714800
2019-05-29,9.890000343322754,10.010000228881836,9.760000228881836,9.989999771118164,9.156209945678711,14107300
2019-05-30,10.020000457763672,10.079999923706055,9.710000038146973,9.819999694824219,9.00040054321289,15900300
2019-05-31,9.640000343322754,9.779999732971191,9.470000267028809,9.710000038146973,8.899580955505371,22076200
2019-06-03,9.739999771118164,9.9399995803833,9.65999984741211,9.920000076293945,9.092053413391113,24158300
2019-06-04,10.029999732971191,10.319999694824219,9.850000381469727,10.319999694824219,9.45866584777832,29427600
2019-06-05,10.350000381469727,10.399999618530273,9.800000190734863,10.100000381469727,9.25703239440918,25823500
2019-06-06,10.119999885559082,10.300000190734863,10.020000457763672,10.1899995803833,9.339519500732422,20227700
2019-06-07,10.329999923706055,10.729999542236328,10.289999961853027,10.350000381469727,9.486166000366211,31108800
2019-06-10,10.4399995803833,10.699999809265137,10.430000305175781,10.609999656677246,9.724466323852539,19845300
2019-06-11,11.039999961853027,11.140000343322754,10.609999656677246,10.619999885559082,9.73363208770752,28608100
2019-06-12,10.5600004196167,10.720000267028809,10.449999809265137,10.59000015258789,9.706137657165527,12642800
2019-06-13,10.699999809265137,10.899999618530273,10.619999885559082,10.829999923706055,9.926102638244629,14470500
2019-06-14,10.75,10.84000015258789,10.600000381469727,10.649999618530273,9.761124610900879,14385700
2019-06-17,10.609999656677246,10.829999923706055,10.449999809265137,10.739999771118164,9.843612670898438,12378700
2019-06-18,10.949999809265137,11.350000381469727,10.930000305175781,11.130000114440918,10.201064109802246,24961100
2019-06-19,11.0600004196167,11.270000457763672,10.989999771118164,11.1899995803833,10.25605583190918,18815600
2019-06-20,11.579999923706055,11.670000076293945,11.319999694824219,11.380000114440918,10.430200576782227,22356400
2019-06-21,11.380000114440918,11.449999809265137,11.289999961853027,11.34000015258789,10.393537521362305,22171500
2019-06-24,11.369999885559082,11.40999984741211,11.210000038146973,11.34000015258789,10.393537521362305,14296500
2019-06-25,11.380000114440918,11.520000457763672,11.319999694824219,11.34000015258789,10.393537521362305,13721700
2019-06-26,11.350000381469727,11.5,11.210000038146973,11.489999771118164,10.531017303466797,15438800
2019-06-27,11.569999694824219,11.789999961853027,11.40999984741211,11.5600004196167,10.595173835754395,17177500
2019-06-28,11.630000114440918,11.630000114440918,11.399999618530273,11.609999656677246,10.64100170135498,18130800
2019-07-01,11.390000343322754,11.470000267028809,10.859999656677246,11.449999809265137,10.49435806274414,39649200
2019-07-02,11.369999885559082,11.460000038146973,11.130000114440918,11.449999809265137,10.49435806274414,16519500
2019-07-03,11.380000114440918,11.40999984741211,11.229999542236328,11.3100004196167,10.366042137145996,9252700
2019-07-05,11.079999923706055,11.329999923706055,10.920000076293945,11.289999961853027,10.347710609436035,11436900
2019-07-08,11.229999542236328,11.449999809265137,11.180000305175781,11.220000267028809,10.283550262451172,15674300
2019-07-09,11.010000228881836,11.029999732971191,10.600000381469727,10.869999885559082,9.962763786315918,24168600
2019-07-10,11.050000190734863,11.170000076293945,10.829999923706055,10.949999809265137,10.036089897155762,16509400
2019-07-11,11.079999923706055,11.149999618530273,10.90999984741211,11.100000381469727,10.173566818237305,19004900
2019-07-12,11.069999694824219,11.180000305175781,11.010000228881836,11.020000457763672,10.145949363708496,11815000
2019-07-15,11.15999984741211,11.229999542236328,11.010000228881836,11.140000343322754,10.256427764892578,14485100
2019-07-16,11.210000038146973,11.399999618530273,11.100000381469727,11.119999885559082,10.238014221191406,19193700
2019-07-17,11.09000015258789,11.15999984741211,10.920000076293945,11.0600004196167,10.182775497436523,18415100
2019-07-18,10.970000267028809,11.180000305175781,10.949999809265137,11.149999618530273,10.265636444091797,12662000
2019-07-19,11.430000305175781,11.699999809265137,11.319999694824219,11.489999771118164,10.578668594360352,30374500
2019-07-22,11.5600004196167,11.609999656677246,11.380000114440918,11.489999771118164,10.578668594360352,13686100
2019-07-23,11.539999961853027,11.729999542236328,11.520000457763672,11.649999618530273,10.725976943969727,13936300
2019-07-24,11.539999961853027,12.069999694824219,11.529999732971191,11.9399995803833,10.992976188659668,20942100
2019-07-25,12.050000190734863,12.050000190734863,11.260000228881836,11.420000076293945,10.514223098754883,25283600
2019-07-26,11.420000076293945,11.59000015258789,11.260000228881836,11.5600004196167,10.643115997314453,14341700
2019-07-29,11.550000190734863,11.670000076293945,11.449999809265137,11.609999656677246,10.689151763916016,14526400
2019-07-30,11.470000267028809,11.539999961853027,11.380000114440918,11.470000267028809,10.560256958007812,15139900
2019-07-31,11.399999618530273,11.470000267028809,10.850000381469727,11.0600004196167,10.182775497436523,18292800
2019-08-01,10.890000343322754,11.069999694824219,10.550000190734863,10.699999809265137,9.851329803466797,23839600
2019-08-02,10.550000190734863,10.65999984741211,10.119999885559082,10.300000190734863,9.483055114746094,25816700
2019-08-05,10.050000190734863,10.199999809265137,9.829999923706055,10.069999694824219,9.2712984085083,25537600
2019-08-06,10.100000381469727,10.180000305175781,9.899999618530273,10.140000343322754,9.335745811462402,17080700
2019-08-07,9.970000267028809,10.149999618530273,9.890000343322754,10.079999923706055,9.28050422668457,21874400
2019-08-08,10.220000267028809,10.359999656677246,10.069999694824219,10.119999885559082,9.317331314086914,24263300
2019-08-09,10.039999961853027,10.0600004196167,9.710000038146973,9.75,8.976677894592285,20112800
2019-08-12,9.670000076293945,9.720000267028809,9.449999809265137,9.520000457763672,8.764922142028809,13866400
2019-08-13,9.520000457763672,10.010000228881836,9.40999984741211,9.890000343322754,9.105572700500488,29866400
2019-08-14,9.539999961853027,9.609999656677246,9.350000381469727,9.359999656677246,8.617609977722168,27274500
2019-08-15,9.380000114440918,9.390000343322754,8.779999732971191,8.989999771118164,8.276955604553223,26881200
2019-08-16,9.09000015258789,9.239999771118164,8.979999542236328,9.100000381469727,8.378232955932617,18373200
2019-08-19,9.3100004196167,9.420000076293945,9.229999542236328,9.25,8.516338348388672,16936200
2019-08-20,9.180000305175781,9.210000038146973,9.010000228881836,9.1899995803833,8.461091041564941,13179000
2019-08-21,9.270000457763672,9.319999694824219,9.140000343322754,9.140000343322754,8.415060043334961,17332900
2019-08-22,9.220000267028809,9.289999961853027,9.09000015258789,9.130000114440918,8.405854225158691,13827300
2019-08-23,9.039999961853027,9.180000305175781,8.800000190734863,8.829999923706055,8.129648208618164,22529000
2019-08-26,8.859999656677246,8.930000305175781,8.760000228881836,8.84000015258789,8.1388578414917,19840600
2019-08-27,8.920000076293945,9.020000457763672,8.680000305175781,8.710000038146973,8.0191650390625,15942200
2019-08-28,8.739999771118164,8.989999771118164,8.579999923706055,8.949999809265137,8.240128517150879,15456200
2019-08-29,9.149999618530273,9.260000228881836,9.0600004196167,9.119999885559082,8.396646499633789,14882600
2019-08-30,9.220000267028809,9.270000457763672,9.09000015258789,9.1899995803833,8.461091041564941,12318300
2019-09-03,9.0,9.15999984741211,8.880000114440918,9.069999694824219,8.35061264038086,18071900
2019-09-04,9.3100004196167,9.40999984741211,9.229999542236328,9.289999961853027,8.553163528442383,12091700
2019-09-05,9.479999542236328,9.770000457763672,9.470000267028809,9.529999732971191,8.774126052856445,24776100
2019-09-06,9.539999961853027,9.539999961853027,9.399999618530273,9.420000076293945,8.672853469848633,18782500
2019-09-09,9.470000267028809,9.75,9.4399995803833,9.699999809265137,8.930644989013672,19778200
2019-09-10,9.699999809265137,10.180000305175781,9.699999809265137,10.119999885559082,9.317331314086914,30521000
2019-09-11,10.130000114440918,10.220000267028809,9.760000228881836,10.079999923706055,9.28050422668457,20235100
2019-09-12,10.289999961853027,10.520000457763672,10.029999732971191,10.369999885559082,9.547502517700195,27660800
2019-09-13,10.649999618530273,10.970000267028809,10.619999885559082,10.760000228881836,9.906572341918945,27450100
2019-09-16,10.609999656677246,10.6899995803833,10.430000305175781,10.470000267028809,9.639570236206055,21058100
2019-09-17,10.300000190734863,10.529999732971191,10.210000038146973,10.40999984741211,9.584332466125488,22280300
2019-09-18,10.329999923706055,10.460000038146973,10.09000015258789,10.359999656677246,9.53829574584961,26245500
2019-09-19,10.319999694824219,10.649999618530273,10.3100004196167,10.449999809265137,9.621158599853516,19849600
2019-09-20,10.5,10.729999542236328,10.420000076293945,10.470000267028809,9.639570236206055,23390300
2019-09-23,10.199999809265137,10.539999961853027,10.199999809265137,10.329999923706055,9.510674476623535,18743100
2019-09-24,10.3100004196167,10.319999694824219,9.930000305175781,10.010000228881836,9.216056823730469,20225500
2019-09-25,9.930000305175781,10.180000305175781,9.8100004196167,10.069999694824219,9.2712984085083,23425800
2019-09-26,10.010000228881836,10.050000190734863,9.789999961853027,9.800000190734863,9.022711753845215,19347000
2019-09-27,9.829999923706055,9.899999618530273,9.609999656677246,9.649999618530273,8.884610176086426,22210100
2019-09-30,9.619999885559082,9.680000305175781,9.5600004196167,9.569999694824219,8.810954093933105,11988000
2019-10-01,9.550000190734863,9.600000381469727,9.130000114440918,9.170000076293945,8.442681312561035,26848600
2019-10-02,9.039999961853027,9.119999885559082,8.850000381469727,8.869999885559082,8.166475296020508,25488900
2019-10-03,8.819999694824219,8.90999984741211,8.600000381469727,8.859999656677246,8.157269477844238,28429400
2019-10-04,8.880000114440918,8.970000267028809,8.720000267028809,8.829999923706055,8.129648208618164,21138400
2019-10-07,8.789999961853027,9.050000190734863,8.729999542236328,8.760000228881836,8.065199851989746,21117800
2019-10-08,8.670000076293945,8.699999809265137,8.479999542236328,8.510000228881836,7.835029125213623,29695600
2019-10-09,8.600000381469727,8.670000076293945,8.430000305175781,8.550000190734863,7.871856689453125,20374500
2019-10-10,8.779999732971191,9.140000343322754,8.630000114440918,8.960000038146973,8.249338150024414,61232700
2019-10-11,9.140000343322754,9.65999984741211,9.130000114440918,9.550000190734863,8.84188461303711,45962300
2019-10-14,9.199999809265137,9.569999694824219,9.140000343322754,9.5,8.795589447021484,24309100
2019-10-15,9.420000076293945,9.619999885559082,9.319999694824219,9.520000457763672,8.814105033874512,19444600
2019-10-16,9.479999542236328,9.640000343322754,9.420000076293945,9.5,8.795589447021484,17311500
2019-10-17,9.59000015258789,9.729999542236328,9.399999618530273,9.4399995803833,8.74003791809082,14449500
2019-10-18,9.470000267028809,9.770000457763672,9.470000267028809,9.579999923706055,8.869659423828125,17182200
2019-10-21,9.800000190734863,10.0,9.75,9.819999694824219,9.091861724853516,23376900
2019-10-22,9.789999961853027,10.010000228881836,9.699999809265137,9.930000305175781,9.193706512451172,23467400
2019-10-23,9.970000267028809,10.380000114440918,9.59000015258789,10.130000114440918,9.378877639770508,36496000
2019-10-24,10.109999656677246,10.229999542236328,9.510000228881836,9.59000015258789,8.87891674041748,32498200
2019-10-25,9.609999656677246,10.350000381469727,9.609999656677246,10.140000343322754,9.388134002685547,35421900
2019-10-28,10.25,10.329999923706055,10.1899995803833,10.239999771118164,9.480719566345215,17882100
2019-10-29,10.130000114440918,10.270000457763672,10.100000381469727,10.229999542236328,9.47146224975586,14533700
2019-10-30,10.09000015258789,10.1899995803833,9.9399995803833,10.130000114440918,9.378877639770508,19786300
2019-10-31,10.029999732971191,10.149999618530273,9.640000343322754,9.819999694824219,9.091861724853516,23321500
2019-11-01,9.960000038146973,10.609999656677246,9.920000076293945,10.520000457763672,9.739956855773926,31504600
2019-11-04,10.760000228881836,10.989999771118164,10.619999885559082,10.800000190734863,9.999195098876953,28404600
2019-11-05,11.050000190734863,11.300000190734863,10.890000343322754,10.90999984741211,10.101038932800293,34170400
2019-11-06,10.949999809265137,10.949999809265137,10.510000228881836,10.640000343322754,9.851059913635254,21392100
2019-11-07,10.9399995803833,11.569999694824219,10.90999984741211,11.270000457763672,10.434347152709961,38830300
2019-11-08,11.149999618530273,11.520000457763672,11.029999732971191,11.520000457763672,10.665809631347656,24304900
2019-11-11,11.15999984741211,11.270000457763672,10.960000038146973,11.09000015258789,10.267694473266602,19063400
2019-11-12,11.09000015258789,11.229999542236328,10.930000305175781,11.039999961853027,10.221403121948242,15505200
2019-11-13,11.069999694824219,11.239999771118164,10.779999732971191,10.84000015258789,10.03623104095459,22247000
2019-11-14,10.850000381469727,10.9399995803833,10.680000305175781,10.8100004196167,10.008454322814941,14364000
2019-11-15,10.960000038146973,11.239999771118164,10.869999885559082,11.15999984741211,10.332502365112305,20827500
2019-11-18,11.09000015258789,11.119999885559082,10.930000305175781,11.010000228881836,10.193625450134277,15201100
2019-11-19,11.199999809265137,11.289999961853027,11.0,11.279999732971191,10.443605422973633,20572000
2019-11-20,11.109999656677246,11.34000015258789,10.930000305175781,11.029999732971191,10.212141990661621,24073800
2019-11-21,10.930000305175781,11.039999961853027,10.850000381469727,11.010000228881836,10.193625450134277,17158200
2019-11-22,11.130000114440918,11.479999542236328,11.130000114440918,11.350000381469727,10.508416175842285,22244000
2019-11-25,11.470000267028809,11.859999656677246,11.369999885559082,11.65999984741211,10.795429229736328,28558500
2019-11-26,11.619999885559082,11.819999694824219,11.5600004196167,11.710000038146973,10.84172248840332,28062500
2019-11-27,11.729999542236328,11.75,11.479999542236328,11.609999656677246,10.749135971069336,13480100
2019-11-29,11.489999771118164,11.5,11.270000457763672,11.380000114440918,10.536186218261719,11141800
2019-12-02,11.369999885559082,11.65999984741211,11.1899995803833,11.449999809265137,10.600997924804688,24408400
2019-12-03,11.039999961853027,11.0600004196167,10.699999809265137,10.920000076293945,10.110298156738281,29930400
2019-12-04,11.119999885559082,11.329999923706055,11.09000015258789,11.109999656677246,10.286210060119629,17331900
2019-12-05,11.180000305175781,11.369999885559082,11.100000381469727,11.329999923706055,10.489899635314941,13960900
2019-12-06,11.550000190734863,11.739999771118164,11.520000457763672,11.640000343322754,10.776910781860352,18135100
2019-12-09,11.779999732971191,12.25,11.739999771118164,12.100000381469727,11.202803611755371,31400000
2019-12-10,12.09000015258789,12.289999961853027,12.039999961853027,12.279999732971191,11.369455337524414,17322900
2019-12-11,12.430000305175781,12.850000381469727,12.430000305175781,12.84000015258789,11.887929916381836,33362100
2019-12-12,12.670000076293945,13.180000305175781,12.640000343322754,13.0600004196167,12.091619491577148,39236800
2019-12-13,13.100000381469727,13.380000114440918,12.829999923706055,12.869999885559082,11.91571044921875,26652700
2019-12-16,13.270000457763672,13.300000190734863,12.920000076293945,12.949999809265137,11.989777565002441,22353600
2019-12-17,13.100000381469727,13.199999809265137,12.930000305175781,12.960000038146973,11.999035835266113,24572200
2019-12-18,12.859999656677246,13.029999732971191,12.829999923706055,12.979999542236328,12.01755428314209,20294900
2019-12-19,13.020000457763672,13.069999694824219,12.970000267028809,13.0,12.036067962646484,15473300
2019-12-20,13.050000190734863,13.050000190734863,12.680000305175781,12.710000038146973,11.767573356628418,26321400
2019-12-23,12.720000267028809,12.90999984741211,12.710000038146973,12.850000381469727,11.897192001342773,15808600
2019-12-24,12.949999809265137,13.140000343322754,12.9399995803833,12.989999771118164,12.026813507080078,9206400
2019-12-26,13.069999694824219,13.180000305175781,13.020000457763672,13.170000076293945,12.193464279174805,10464100
2019-12-27,13.220000267028809,13.25,13.010000228881836,13.029999732971191,12.06384563446045,12060900
2019-12-30,13.09000015258789,13.140000343322754,12.989999771118164,13.010000228881836,12.045328140258789,8524300
2019-12-31,12.979999542236328,13.149999618530273,12.920000076293945,13.119999885559082,12.147171020507812,11716400
2020-01-02,13.350000381469727,13.449999809265137,13.130000114440918,13.199999809265137,12.221240043640137,22771700
2020-01-03,13.0,13.09000015258789,12.789999961853027,12.800000190734863,11.850899696350098,20401300
2020-01-06,12.630000114440918,12.930000305175781,12.529999732971191,12.850000381469727,11.897192001342773,19145300
2020-01-07,12.9399995803833,13.1899995803833,12.84000015258789,13.050000190734863,12.082362174987793,20849500
2020-01-08,13.130000114440918,13.3100004196167,12.979999542236328,13.180000305175781,12.20272445678711,17484700
2020-01-09,13.220000267028809,13.220000267028809,12.850000381469727,12.960000038146973,11.999035835266113,16540900
2020-01-10,12.899999618530273,13.050000190734863,12.880000114440918,12.899999618530273,11.94348430633545,12266100
2020-01-13,13.029999732971191,13.640000343322754,12.949999809265137,13.529999732971191,12.526772499084473,28779700
2020-01-14,13.34000015258789,13.579999923706055,13.180000305175781,13.210000038146973,12.275867462158203,26529300
2020-01-15,13.0600004196167,13.130000114440918,12.850000381469727,12.979999542236328,12.062128067016602,20449800
2020-01-16,13.050000190734863,13.229999542236328,12.850000381469727,12.850000381469727,11.941320419311523,16998900
2020-01-17,12.979999542236328,13.079999923706055,12.8100004196167,12.869999885559082,11.959908485412598,20145200
2020-01-21,12.630000114440918,12.640000343322754,12.119999885559082,12.270000457763672,11.402335166931152,28941600
2020-01-22,12.369999885559082,12.449999809265137,12.119999885559082,12.319999694824219,11.448799133300781,20845900
2020-01-23,11.4399995803833,12.020000457763672,11.220000267028809,11.970000267028809,11.12354850769043,57230700
2020-01-24,11.869999885559082,11.90999984741211,11.649999618530273,11.84000015258789,11.002741813659668,29554000
2020-01-27,11.369999885559082,11.369999885559082,10.829999923706055,10.899999618530273,10.129213333129883,44484900
2020-01-28,11.09000015258789,11.4399995803833,10.930000305175781,11.300000190734863,10.500927925109863,47002000
2020-01-29,11.4399995803833,11.449999809265137,11.09000015258789,11.289999961853027,10.491634368896484,22382000
2020-01-30,11.079999923706055,11.359999656677246,10.960000038146973,11.319999694824219,10.519514083862305,33247600
2020-01-31,11.119999885559082,11.210000038146973,10.899999618530273,11.100000381469727,10.315071105957031,30505000
2020-02-03,11.1899995803833,11.550000190734863,11.180000305175781,11.4399995803833,10.631030082702637,29622200
2020-02-04,11.869999885559082,12.140000343322754,11.789999961853027,12.039999961853027,11.188599586486816,34272400
2020-02-05,12.319999694824219,12.479999542236328,12.109999656677246,12.40999984741211,11.532435417175293,32753800
2020-02-06,12.399999618530273,12.470000267028809,12.25,12.319999694824219,11.448799133300781,23101000
2020-02-07,11.989999771118164,12.039999961853027,11.670000076293945,11.800000190734863,10.965571403503418,25463600
2020-02-10,11.699999809265137,12.1899995803833,11.649999618530273,12.170000076293945,11.309407234191895,20093400
2020-02-11,12.399999618530273,12.850000381469727,12.350000381469727,12.399999618530273,11.523141860961914,29614000
2020-02-12,12.800000190734863,12.859999656677246,12.520000457763672,12.670000076293945,11.77405071258545,20173300
2020-02-13,12.640000343322754,12.6899995803833,12.470000267028809,12.609999656677246,11.718290328979492,21059500
2020-02-14,12.5,12.579999923706055,12.010000228881836,12.239999771118164,11.374455451965332,30484300
2020-02-18,12.039999961853027,12.100000381469727,11.880000114440918,12.020000457763672,11.170014381408691,16416300
2020-02-19,12.079999923706055,12.119999885559082,12.020000457763672,12.100000381469727,11.24435806274414,16686600
2020-02-20,12.029999732971191,12.5,12.020000457763672,12.079999923706055,11.22576904296875,21148000
2020-02-21,12.010000228881836,12.010000228881836,11.720000267028809,11.9399995803833,11.095671653747559,18498900
2020-02-24,11.25,11.3100004196167,11.020000457763672,11.239999771118164,10.445169448852539,24486900
2020-02-25,11.319999694824219,11.359999656677246,10.640000343322754,10.729999542236328,9.971234321594238,39353400
2020-02-26,10.720000267028809,10.800000190734863,10.399999618530273,10.460000038146973,9.720329284667969,29846400
2020-02-27,10.130000114440918,10.260000228881836,9.720000267028809,9.800000190734863,9.106999397277832,53912400
2020-02-28,9.289999961853027,9.979999542236328,9.199999809265137,9.960000038146973,9.255683898925781,67995400
2020-03-02,10.039999961853027,10.510000228881836,9.699999809265137,10.5,9.757495880126953,35073500
2020-03-03,10.510000228881836,10.800000190734863,9.729999542236328,10.069999694824219,9.357905387878418,46929800
2020-03-04,10.350000381469727,10.470000267028809,10.0,10.449999809265137,9.71103572845459,25141500
2020-03-05,10.0600004196167,10.359999656677246,9.920000076293945,9.989999771118164,9.283562660217285,26564600
2020-03-06,9.5600004196167,9.8100004196167,9.260000228881836,9.430000305175781,8.763163566589355,40678900
2020-03-09,8.289999961853027,8.619999885559082,8.09000015258789,8.229999542236328,7.648022174835205,33742800
2020-03-10,8.869999885559082,9.09000015258789,8.3100004196167,9.0,8.363570213317871,30694900
2020-03-11,8.630000114440918,8.739999771118164,7.949999809265137,8.119999885559082,7.545799732208252,33944300
2020-03-12,7.170000076293945,7.75,6.809999942779541,7.170000076293945,6.662979602813721,37820700
2020-03-13,7.78000020980835,7.889999866485596,6.860000133514404,7.53000020980835,6.99752140045166,40387000
2020-03-16,6.440000057220459,6.96999979019165,6.199999809265137,6.239999771118164,5.798742771148682,40627300
2020-03-17,6.380000114440918,6.570000171661377,5.730000019073486,6.480000019073486,6.02177095413208,31925400
2020-03-18,5.889999866485596,6.0,4.849999904632568,5.309999942779541,4.934507369995117,37912700
2020-03-19,5.170000076293945,6.159999847412109,4.820000171661377,5.739999771118164,5.334099769592285,38977600
2020-03-20,6.070000171661377,6.139999866485596,5.369999885559082,5.519999980926514,5.129656791687012,39899900
2020-03-23,5.460000038146973,5.880000114440918,5.260000228881836,5.389999866485596,5.00885009765625,35098700
2020-03-24,6.079999923706055,7.239999771118164,6.070000171661377,6.989999771118164,6.495707988739014,47531300
2020-03-25,6.960000038146973,7.670000076293945,6.650000095367432,7.25,6.737320899963379,39768400
2020-03-26,7.260000228881836,7.369999885559082,6.820000171661377,6.989999771118164,6.495707988739014,32481300
2020-03-27,6.659999847412109,6.699999809265137,6.170000076293945,6.199999809265137,5.761570930480957,37285500
2020-03-30,6.269999980926514,6.300000190734863,5.989999771118164,6.239999771118164,5.798742771148682,22468300
2020-03-31,6.320000171661377,7.130000114440918,6.28000020980835,6.75,6.272677898406982,35490500
2020-04-01,6.349999904632568,6.760000228881836,6.239999771118164,6.309999942779541,5.86379337310791,27051100
2020-04-02,6.539999961853027,6.739999771118164,6.139999866485596,6.389999866485596,5.938136577606201,32168900
2020-04-03,6.360000133514404,6.739999771118164,6.199999809265137,6.320000171661377,5.873085975646973,26937200
2020-04-06,6.739999771118164,7.269999980926514,6.730000019073486,7.190000057220459,6.681563854217529,39115800
2020-04-07,7.860000133514404,8.020000457763672,7.449999809265137,7.590000152587891,7.053277969360352,43593400
2020-04-08,7.639999866485596,8.069999694824219,7.510000228881836,8.029999732971191,7.462165355682373,26970700
2020-04-09,8.3100004196167,8.430000305175781,8.010000228881836,8.1899995803833,7.610847473144531,35022100
2020-04-13,8.319999694824219,8.329999923706055,7.900000095367432,8.300000190734863,7.713071346282959,22290100
2020-04-14,8.430000305175781,8.670000076293945,8.130000114440918,8.319999694824219,7.731655120849609,21245200
2020-04-15,7.800000190734863,7.869999885559082,7.5,7.670000076293945,7.127621650695801,24947800
2020-04-16,7.78000020980835,7.800000190734863,7.389999866485596,7.579999923706055,7.043985843658447,24789600
2020-04-17,8.010000228881836,8.399999618530273,7.989999771118164,8.34000015258789,7.750243663787842,38253400
2020-04-20,7.889999866485596,8.3100004196167,7.800000190734863,8.020000457763672,7.452871799468994,19590000
2020-04-21,7.5,7.78000020980835,7.300000190734863,7.409999847412109,6.8860063552856445,30596600
2020-04-22,7.550000190734863,7.760000228881836,7.550000190734863,7.639999866485596,7.099742889404297,23653400
2020-04-23,7.869999885559082,8.130000114440918,7.760000228881836,7.809999942779541,7.257721900939941,21015100
2020-04-24,8.220000267028809,8.619999885559082,8.199999809265137,8.479999542236328,7.880341053009033,34635000
2020-04-27,8.619999885559082,8.979999542236328,8.390000343322754,8.850000381469727,8.224177360534668,21960600
2020-04-28,9.09000015258789,9.229999542236328,8.609999656677246,8.920000076293945,8.289226531982422,21404000
2020-04-29,9.279999732971191,9.479999542236328,9.149999618530273,9.260000228881836,8.605188369750977,22248700
2020-04-30,8.979999542236328,9.1899995803833,8.739999771118164,8.829999923706055,8.205594062805176,21663600
2020-05-01,8.479999542236328,8.670000076293945,8.220000267028809,8.460000038146973,7.861757755279541,25342500
2020-05-04,8.369999885559082,8.710000038146973,8.229999542236328,8.699999809265137,8.084786415100098,16969500
2020-05-05,8.84000015258789,9.149999618530273,8.710000038146973,8.800000190734863,8.177716255187988,20285300
2020-05-06,8.920000076293945,8.970000267028809,8.579999923706055,8.59000015258789,7.982563495635986,10883500
2020-05-07,8.8100004196167,9.130000114440918,8.800000190734863,8.970000267028809,8.33569049835205,18687300
2020-05-08,9.170000076293945,9.289999961853027,9.109999656677246,9.210000038146973,8.558719635009766,20157200
2020-05-11,8.949999809265137,9.050000190734863,8.850000381469727,8.979999542236328,8.344985008239746,16171500
2020-05-12,9.069999694824219,9.170000076293945,8.65999984741211,8.670000076293945,8.056906700134277,21145600
2020-05-13,8.699999809265137,8.710000038146973,8.180000305175781,8.399999618530273,7.80600118637085,18122900
2020-05-14,8.109999656677246,8.59000015258789,7.809999942779541,8.289999961853027,7.7037811279296875,33955000
2020-05-15,8.300000190734863,8.649999618530273,8.239999771118164,8.479999542236328,7.880341053009033,17750400
2020-05-18,9.020000457763672,9.319999694824219,9.010000228881836,9.180000305175781,8.530842781066895,33445500
2020-05-19,9.140000343322754,9.289999961853027,9.100000381469727,9.140000343322754,8.493671417236328,27629300
2020-05-20,9.329999923706055,9.380000114440918,9.09000015258789,9.119999885559082,8.47508430480957,25585500
2020-05-21,9.050000190734863,9.210000038146973,8.770000457763672,8.899999618530273,8.270641326904297,27813700
2020-05-22,8.75,8.890000343322754,8.600000381469727,8.739999771118164,8.121956825256348,21058900
2020-05-26,9.130000114440918,9.34000015258789,9.050000190734863,9.260000228881836,8.605188369750977,26165000
2020-05-27,9.420000076293945,9.460000038146973,8.970000267028809,9.289999961853027,8.633063316345215,21025400
2020-05-28,9.449999809265137,9.460000038146973,9.039999961853027,9.09000015258789,8.447206497192383,18119600
2020-05-29,9.069999694824219,9.199999809265137,8.899999618530273,9.069999694824219,8.428621292114258,24503800
2020-06-01,9.050000190734863,9.420000076293945,9.010000228881836,9.34000015258789,8.67952823638916,15140300
2020-06-02,9.449999809265137,9.899999618530273,9.4399995803833,9.75,9.060534477233887,23764200
2020-06-03,9.880000114440918,10.319999694824219,9.880000114440918,10.140000343322754,9.422957420349121,24780300
2020-06-04,10.130000114440918,10.279999732971191,9.899999618530273,10.199999809265137,9.478714942932129,20941400
2020-06-05,10.760000228881836,11.1899995803833,10.710000038146973,10.859999656677246,10.092041969299316,27840400
2020-06-08,11.119999885559082,11.270000457763672,10.84000015258789,11.25,10.454463005065918,21779000
2020-06-09,11.029999732971191,11.319999694824219,10.890000343322754,11.270000457763672,10.473051071166992,21768700
2020-06-10,11.319999694824219,11.5,11.0600004196167,11.470000267028809,10.658905982971191,28484600
2020-06-11,10.680000305175781,10.6899995803833,9.789999961853027,9.90999984741211,9.209222793579102,34219900
2020-06-12,10.449999809265137,10.569999694824219,10.050000190734863,10.489999771118164,9.748207092285156,19856400
2020-06-15,10.010000228881836,10.539999961853027,9.779999732971191,10.470000267028809,9.729619026184082,19925400
2020-06-16,11.100000381469727,11.1899995803833,10.470000267028809,10.779999732971191,10.0177001953125,21965500
2020-06-17,10.819999694824219,10.920000076293945,10.649999618530273,10.699999809265137,9.943357467651367,17837700
2020-06-18,10.479999542236328,10.720000267028809,10.369999885559082,10.5600004196167,9.81325912475586,15121300
2020-06-19,10.829999923706055,10.930000305175781,10.399999618530273,10.5,9.757495880126953,28464700
2020-06-22,10.569999694824219,10.899999618530273,10.5,10.789999961853027,10.026992797851562,17164300
2020-06-23,11.069999694824219,11.229999542236328,11.010000228881836,11.079999923706055,10.29648494720459,15893200
2020-06-24,10.960000038146973,11.029999732971191,10.4399995803833,10.569999694824219,9.822549819946289,18618100
2020-06-25,10.5600004196167,11.109999656677246,10.479999542236328,11.079999923706055,10.29648494720459,18005200
2020-06-26,11.0,11.100000381469727,10.779999732971191,10.789999961853027,10.026992797851562,20899500
2020-06-29,10.9399995803833,11.039999961853027,10.75,11.039999961853027,10.259313583374023,17307300
2020-06-30,11.069999694824219,11.680000305175781,11.029999732971191,11.569999694824219,10.751836776733398,24033000
2020-07-01,11.640000343322754,11.75,11.239999771118164,11.489999771118164,10.677491188049316,20636800
2020-07-02,11.649999618530273,11.989999771118164,11.479999542236328,11.5,10.686783790588379,25268500
2020-07-06,12.0,12.770000457763672,11.899999618530273,12.75,11.848392486572266,38609200
2020-07-07,12.699999809265137,13.0,12.5,12.729999542236328,11.829806327819824,32091800
2020-07-08,12.930000305175781,13.010000228881836,12.520000457763672,12.819999694824219,11.913444519042969,22607200
2020-07-09,13.029999732971191,13.100000381469727,12.5600004196167,12.890000343322754,11.978492736816406,27364300
2020-07-10,12.829999923706055,13.069999694824219,12.789999961853027,12.970000267028809,12.052834510803223,20659700
2020-07-13,13.279999732971191,13.869999885559082,12.960000038146973,13.020000457763672,12.099300384521484,45000700
2020-07-14,12.970000267028809,13.5600004196167,12.75,13.5,12.545355796813965,24372200
2020-07-15,13.789999961853027,13.819999694824219,13.180000305175781,13.529999732971191,12.573233604431152,21774700
2020-07-16,13.350000381469727,13.579999923706055,13.210000038146973,13.470000267028809,12.517478942871094,17612000
2020-07-17,13.569999694824219,13.65999984741211,13.40999984741211,13.579999923706055,12.619701385498047,14041600
2020-07-20,13.470000267028809,13.550000190734863,13.270000457763672,13.430000305175781,12.480307579040527,22039800
2020-07-21,13.510000228881836,13.59000015258789,13.329999923706055,13.380000114440918,12.433843612670898,17782300
2020-07-22,13.270000457763672,13.699999809265137,13.1899995803833,13.619999885559082,12.65687084197998,21831300
2020-07-23,13.739999771118164,13.739999771118164,13.0600004196167,13.319999694824219,12.378084182739258,21017400
2020-07-24,12.979999542236328,13.220000267028809,12.699999809265137,13.119999885559082,12.192227363586426,26054000
2020-07-27,13.350000381469727,13.59000015258789,13.180000305175781,13.5600004196167,12.601115226745605,15877700
2020-07-28,13.359999656677246,13.5600004196167,13.220000267028809,13.229999542236328,12.294448852539062,11826700
2020-07-29,13.319999694824219,13.430000305175781,13.130000114440918,13.300000190734863,12.359500885009766,13548300
2020-07-30,12.899999618530273,13.109999656677246,12.729999542236328,12.9399995803833,12.024955749511719,17433300
2020-07-31,12.979999542236328,12.989999771118164,12.729999542236328,12.920000076293945,12.006372451782227,14627400
2020-08-03,13.149999618530273,13.199999809265137,12.920000076293945,13.100000381469727,12.173644065856934,15975300
2020-08-04,12.8100004196167,12.970000267028809,12.4399995803833,12.949999809265137,12.034250259399414,17646500
2020-08-05,13.329999923706055,14.430000305175781,13.329999923706055,13.970000267028809,12.982121467590332,36743800
2020-08-06,13.989999771118164,14.760000228881836,13.920000076293945,14.5600004196167,13.530400276184082,32102000
2020-08-07,14.210000038146973,14.229999542236328,13.699999809265137,13.960000038146973,12.972830772399902,21120300
2020-08-10,14.180000305175781,14.390000343322754,14.119999885559082,14.380000114440918,13.363127708435059,20166800
2020-08-11,14.4399995803833,14.510000228881836,13.920000076293945,13.960000038146973,12.972830772399902,18491200
2020-08-12,14.199999809265137,14.229999542236328,13.930000305175781,13.970000267028809,12.982121467590332,12009500
2020-08-13,13.850000381469727,14.15999984741211,13.680000305175781,13.789999961853027,12.814850807189941,18253400
2020-08-14,13.850000381469727,13.90999984741211,13.670000076293945,13.779999732971191,12.805557250976562,9307200
2020-08-17,14.119999885559082,14.300000190734863,14.010000228881836,14.100000381469727,13.102930068969727,12216300
2020-08-18,14.279999732971191,14.680000305175781,14.279999732971191,14.40999984741211,13.391009330749512,13580100
2020-08-19,14.5600004196167,15.1899995803833,14.520000457763672,14.9399995803833,13.883525848388672,28040600
2020-08-20,14.600000381469727,14.800000190734863,14.5,14.699999809265137,13.66049861907959,13829100
2020-08-21,14.4399995803833,14.479999542236328,14.220000267028809,14.359999656677246,13.344541549682617,11532500
2020-08-24,14.550000190734863,14.699999809265137,14.359999656677246,14.5600004196167,13.530400276184082,12816700
2020-08-25,14.619999885559082,14.649999618530273,14.399999618530273,14.460000038146973,13.437472343444824,9565300
2020-08-26,14.430000305175781,15.050000190734863,14.369999885559082,15.010000228881836,13.948576927185059,15336400
2020-08-27,15.180000305175781,15.34000015258789,14.869999885559082,14.899999618530273,13.846357345581055,17636400
2020-08-28,15.239999771118164,15.699999809265137,15.170000076293945,15.649999618530273,14.543320655822754,16416800
2020-08-31,15.890000343322754,15.890000343322754,15.489999771118164,15.609999656677246,14.506150245666504,15362200
2020-09-01,15.6899995803833,16.200000762939453,15.630000114440918,16.18000030517578,15.035841941833496,18879300
2020-09-02,16.25,16.34000015258789,15.869999885559082,16.270000457763672,15.119478225708008,23304400
2020-09-03,15.880000114440918,15.970000267028809,15.149999618530273,15.5600004196167,14.459685325622559,18692300
2020-09-04,15.65999984741211,16.15999984741211,15.1899995803833,16.020000457763672,14.887157440185547,21907000
2020-09-08,15.600000381469727,15.949999809265137,15.380000114440918,15.720000267028809,14.60837173461914,19275000
2020-09-09,15.949999809265137,16.290000915527344,15.890000343322754,16.139999389648438,14.998669624328613,17462800
2020-09-10,16.209999084472656,16.40999984741211,15.699999809265137,15.770000457763672,14.65483570098877,20855400
2020-09-11,15.979999542236328,16.440000534057617,15.869999885559082,16.270000457763672,15.119478225708008,21087200
2020-09-14,16.459999084472656,16.510000228881836,16.260000228881836,16.360000610351562,15.203116416931152,22376700
2020-09-15,16.610000610351562,16.690000534057617,16.389999389648438,16.40999984741211,15.249579429626465,16686300
2020-09-16,16.549999237060547,17.149999618530273,16.31999969482422,16.780000686645508,15.593412399291992,27622400
2020-09-17,16.649999618530273,17.200000762939453,16.450000762939453,17.030000686645508,15.825739860534668,25035300
2020-09-18,17.049999237060547,17.5,16.940000534057617,17.0,15.797855377197266,26836600
2020-09-21,16.510000228881836,16.510000228881836,15.40999984741211,15.649999618530273,14.543320655822754,29936700
2020-09-22,15.829999923706055,15.869999885559082,15.520000457763672,15.680000305175781,14.571200370788574,16426300
2020-09-23,15.600000381469727,15.619999885559082,14.680000305175781,14.770000457763672,13.72555160522461,30695300
2020-09-24,14.779999732971191,15.59000015258789,14.670000076293945,15.380000114440918,14.292412757873535,29015400
2020-09-25,15.119999885559082,15.390000343322754,14.770000457763672,15.300000190734863,14.218071937561035,16654300
2020-09-28,15.640000343322754,15.9399995803833,15.430000305175781,15.899999618530273,14.775641441345215,17461200
2020-09-29,15.8100004196167,15.920000076293945,15.3100004196167,15.319999694824219,14.236656188964844,13617400
2020-09-30,15.399999618530273,15.8100004196167,15.359999656677246,15.640000343322754,14.534029006958008,18614300
2020-10-01,15.699999809265137,15.800000190734863,15.300000190734863,15.550000190734863,14.450392723083496,30596900
2020-10-02,15.260000228881836,16.059999465942383,15.220000267028809,15.9399995803833,14.812812805175781,23936200
2020-10-05,16.040000915527344,16.540000915527344,16.040000915527344,16.31999969482422,15.165942192077637,15741300
2020-10-06,16.43000030517578,16.579999923706055,15.720000267028809,15.720000267028809,14.60837173461914,20309800
2020-10-07,16.25,17.0,16.25,16.8799991607666,15.686339378356934,28829700
2020-10-08,17.049999237060547,17.239999771118164,16.760000228881836,16.799999237060547,15.6120023727417,16492800
2020-10-09,17.200000762939453,17.260000228881836,16.84000015258789,17.229999542236328,16.011587142944336,15791200
2020-10-12,17.15999984741211,17.260000228881836,16.770000457763672,16.809999465942383,15.621289253234863,14085400
2020-10-13,16.639999389648438,17.0,16.520000457763672,16.81999969482422,15.630586624145508,12754700
2020-10-14,16.950000762939453,17.020000457763672,16.770000457763672,16.940000534057617,15.74210262298584,9852800
2020-10-15,16.549999237060547,17.270000457763672,16.5,17.209999084472656,15.993003845214844,11602600
2020-10-16,17.25,17.299999237060547,17.020000457763672,17.149999618530273,15.93725299835205,11006200
2020-10-19,17.309999465942383,17.84000015258789,17.09000015258789,17.139999389648438,15.92795467376709,15826700
2020-10-20,17.399999618530273,17.8700008392334,17.34000015258789,17.610000610351562,16.364721298217773,15762500
2020-10-21,17.739999771118164,18.329999923706055,17.670000076293945,17.719999313354492,16.466938018798828,21426800
2020-10-22,17.549999237060547,18.399999618530273,17.299999237060547,18.350000381469727,17.052391052246094,21339200
2020-10-23,18.469999313354492,18.68000030517578,18.18000030517578,18.360000610351562,17.06168556213379,16469800
2020-10-26,17.969999313354492,18.040000915527344,17.209999084472656,17.360000610351562,16.132402420043945,24926900
2020-10-27,17.420000076293945,17.889999389648438,17.25,17.719999313354492,16.466938018798828,15993700
2020-10-28,17.149999618530273,17.209999084472656,16.68000030517578,16.8700008392334,15.677051544189453,26441600
2020-10-29,16.860000610351562,17.670000076293945,16.809999465942383,17.479999542236328,16.243913650512695,17138300
2020-10-30,17.3700008392334,17.540000915527344,16.959999084472656,17.34000015258789,16.113813400268555,14410600
2020-11-02,17.709999084472656,18.25,17.610000610351562,18.239999771118164,16.95016860961914,15480200
2020-11-03,18.520000457763672,19.020000457763672,18.450000762939453,18.770000457763672,17.442691802978516,21732700
2020-11-04,18.450000762939453,18.600000381469727,17.579999923706055,18.0,16.727140426635742,21800100
2020-11-05,18.540000915527344,19.06999969482422,18.510000228881836,18.81999969482422,17.489158630371094,17004000
2020-11-06,19.139999389648438,19.420000076293945,19.030000686645508,19.1200008392334,17.767948150634766,17437600
2020-11-09,20.850000381469727,21.290000915527344,19.510000228881836,19.790000915527344,18.39057159423828,40988000
2020-11-10,19.790000915527344,19.90999984741211,19.479999542236328,19.81999969482422,18.418445587158203,17163700
2020-11-11,19.770000457763672,19.770000457763672,19.229999542236328,19.530000686645508,18.148948669433594,18504300
2020-11-12,19.65999984741211,20.100000381469727,19.420000076293945,19.520000457763672,18.139657974243164,20898900
2020-11-13,19.68000030517578,20.219999313354492,19.68000030517578,20.139999389648438,18.715810775756836,19951400
2020-11-16,20.6200008392334,21.010000228881836,20.43000030517578,21.0,19.514991760253906,20642000
2020-11-17,20.739999771118164,21.059999465942383,20.530000686645508,21.030000686645508,19.54288101196289,17941900
2020-11-18,21.0,21.15999984741211,20.700000762939453,20.709999084472656,19.24550437927246,12593100
2020-11-19,20.729999542236328,21.170000076293945,20.520000457763672,21.110000610351562,19.617218017578125,13501300
2020-11-20,21.40999984741211,21.6299991607666,21.170000076293945,21.25,19.74732208251953,20375900
2020-11-23,21.579999923706055,21.93000030517578,21.3799991607666,21.90999984741211,20.360652923583984,21932300
2020-11-24,22.229999542236328,23.25,22.200000762939453,23.110000610351562,21.475791931152344,35904500
2020-11-25,23.010000228881836,23.65999984741211,22.670000076293945,23.540000915527344,21.875389099121094,19468200
2020-11-27,24.030000686645508,24.079999923706055,23.299999237060547,23.520000457763672,21.85680389404297,12314300
2020-11-30,23.540000915527344,23.860000610351562,23.020000457763672,23.389999389648438,21.735992431640625,25715200
2020-12-01,24.100000381469727,24.3799991607666,23.56999969482422,23.639999389648438,21.96831512451172,20458900
2020-12-02,23.5,24.190000534057617,23.06999969482422,24.079999923706055,22.377199172973633,18433600
2020-12-03,24.309999465942383,24.700000762939453,24.25,24.389999389648438,22.665273666381836,24569800
2020-12-04,24.790000915527344,25.43000030517578,24.700000762939453,25.059999465942383,23.287900924682617,31954000
2020-12-07,24.90999984741211,24.940000534057617,24.229999542236328,24.579999923706055,22.841838836669922,19790700
2020-12-08,24.209999084472656,24.790000915527344,24.149999618530273,24.469999313354492,22.7396240234375,12594000
2020-12-09,24.65999984741211,24.780000686645508,23.81999969482422,24.459999084472656,22.730323791503906,16007300
2020-12-10,24.760000228881836,25.209999084472656,24.34000015258789,24.860000610351562,23.1020450592041,17239000
2020-12-11,24.540000915527344,24.790000915527344,24.149999618530273,24.610000610351562,22.869718551635742,14650300
2020-12-14,24.760000228881836,24.920000076293945,23.770000457763672,23.799999237060547,22.117000579833984,15436000
2020-12-15,24.100000381469727,24.40999984741211,23.899999618530273,24.299999237060547,22.581642150878906,11687700
2020-12-16,24.540000915527344,24.59000015258789,23.850000381469727,24.389999389648438,22.665273666381836,13379200
2020-12-17,24.770000457763672,25.18000030517578,24.559999465942383,24.719999313354492,22.97193717956543,13306100
2020-12-18,24.719999313354492,24.899999618530273,24.420000076293945,24.6299991607666,22.8883056640625,23159100
2020-12-21,23.959999084472656,25.100000381469727,23.959999084472656,24.860000610351562,23.1020450592041,13488800
2020-12-22,24.940000534057617,25.040000915527344,24.010000228881836,24.25,22.53517723083496,13336800
2020-12-23,24.520000457763672,25.25,24.520000457763672,24.860000610351562,23.1020450592041,13462600
2020-12-24,24.799999237060547,25.059999465942383,24.600000381469727,24.790000915527344,23.0369930267334,5107700
2020-12-28,25.149999618530273,25.389999389648438,24.510000228881836,24.6299991607666,22.8883056640625,10089500
2020-12-29,24.75,24.979999542236328,24.309999465942383,24.739999771118164,22.990530014038086,9894800
2020-12-30,24.81999969482422,26.829999923706055,24.809999465942383,26.530000686645508,24.65395164489746,32167000
2020-12-31,26.549999237060547,26.6200008392334,25.850000381469727,26.020000457763672,24.18001365661621,16527900
2021-01-04,27.239999771118164,27.760000228881836,26.469999313354492,27.139999389648438,25.22081184387207,31398600
2021-01-05,27.139999389648438,28.579999923706055,27.110000610351562,28.3700008392334,26.36383628845215,26109100
2021-01-06,29.25,30.510000228881836,28.84000015258789,30.15999984741211,28.02725601196289,40670400
2021-01-07,31.049999237060547,31.780000686645508,30.65999984741211,31.170000076293945,28.965831756591797,29770900
2021-01-08,31.059999465942383,31.360000610351562,30.110000610351562,31.149999618530273,28.94725227355957,27541700
2021-01-11,29.520000457763672,30.549999237060547,28.049999237060547,30.31999969482422,28.17594337463379,22233900
2021-01-12,30.489999771118164,31.079999923706055,29.829999923706055,30.989999771118164,28.798561096191406,21250100
2021-01-13,30.940000534057617,31.239999771118164,30.479999542236328,30.559999465942383,28.398971557617188,19828200
2021-01-14,31.110000610351562,32.4900016784668,30.969999313354492,31.989999771118164,29.727846145629883,21668100
2021-01-15,31.350000381469727,31.43000030517578,30.06999969482422,30.350000381469727,28.203821182250977,19927600
2021-01-19,30.979999542236328,31.920000076293945,30.639999389648438,31.709999084472656,29.4676456451416,19517800
2021-01-20,31.969999313354492,32.38999938964844,30.90999984741211,30.969999313354492,28.779977798461914,17343200
2021-01-21,31.06999969482422,31.260000228881836,29.920000076293945,30.040000915527344,27.915742874145508,16866800
2021-01-22,29.31999969482422,30.639999389648438,28.84000015258789,30.489999771118164,28.33391761779785,17457100
2021-01-25,30.399999618530273,30.690000534057617,28.040000915527344,28.979999542236328,26.930696487426758,29254100
2021-01-26,29.360000610351562,29.780000686645508,26.770000457763672,27.010000228881836,25.100008010864258,33161600
2021-01-27,26.06999969482422,26.3799991607666,24.709999084472656,25.790000915527344,23.966279983520508,37297900
2021-01-28,26.329999923706055,28.049999237060547,26.31999969482422,27.790000915527344,25.824851989746094,26791400
2021-01-29,27.989999771118164,28.170000076293945,26.510000228881836,26.90999984741211,25.007081985473633,20156500
2021-02-01,28.309999465942383,28.56999969482422,27.56999969482422,28.229999542236328,26.233732223510742,22619600
2021-02-02,28.290000915527344,28.329999923706055,27.420000076293945,28.139999389648438,26.15009880065918,17952300
2021-02-03,28.700000762939453,29.260000228881836,28.40999984741211,29.200000762939453,27.135141372680664,19500400
2021-02-04,29.209999084472656,29.799999237060547,29.049999237060547,29.799999237060547,27.69271469116211,16730700
2021-02-05,30.209999084472656,31.899999618530273,30.209999084472656,31.729999542236328,29.486234664916992,33126400
2021-02-08,32.0099983215332,32.349998474121094,31.729999542236328,32.119998931884766,29.848661422729492,17556000
2021-02-09,31.829999923706055,32.11000061035156,31.020000457763672,32.02000045776367,29.755727767944336,18609800
2021-02-10,32.9900016784668,33.970001220703125,31.110000610351562,31.239999771118164,29.030887603759766,39036500
2021-02-11,31.15999984741211,31.670000076293945,30.549999237060547,30.989999771118164,28.798561096191406,15555500
2021-02-12,30.889999389648438,31.549999237060547,30.579999923706055,31.229999542236328,29.021595001220703,12012400
2021-02-16,32.5099983215332,33.09000015258789,32.20000076293945,32.900001525878906,30.57349395751953,28964900
2021-02-17,33.18000030517578,34.58000183105469,32.66999816894531,34.150001525878906,31.735109329223633,27492900
2021-02-18,34.36000061035156,34.880001068115234,33.54999923706055,34.13999938964844,31.725811004638672,18734500
2021-02-19,35.029998779296875,37.66999816894531,35.02000045776367,37.4900016784668,34.838932037353516,40020200
2021-02-22,37.88999938964844,39.099998474121094,37.310001373291016,38.08000183105469,35.38719940185547,33293500
2021-02-23,37.099998474121094,37.9900016784668,34.880001068115234,37.849998474121094,35.173465728759766,26070200
2021-02-24,37.75,38.130001068115234,36.54999923706055,37.88999938964844,35.210628509521484,25156600
2021-02-25,37.619998931884766,38.0,35.189998626708984,35.68000030517578,33.15690612792969,25657100
2021-02-26,34.52000045776367,35.400001525878906,33.150001525878906,33.90999984741211,31.512088775634766,37782500
2021-03-01,35.04999923706055,35.36000061035156,34.2400016784668,34.900001525878906,32.432064056396484,21582800
2021-03-02,34.97999954223633,36.20000076293945,34.88999938964844,35.18000030517578,32.6922721862793,21625500
2021-03-03,35.13999938964844,36.0099983215332,34.5099983215332,35.0,32.524993896484375,18613200
2021-03-04,33.970001220703125,34.7599983215332,31.5,32.70000076293945,30.38763999938965,38045300
2021-03-05,33.72999954223633,35.189998626708984,32.5,35.02000045776367,32.543582916259766,31507000
2021-03-08,34.72999954223633,35.47999954223633,33.79999923706055,34.43000030517578,31.995304107666016,24959400
2021-03-09,33.380001068115234,34.16999816894531,32.779998779296875,33.86000061035156,31.465620040893555,24411800
2021-03-10,33.970001220703125,34.81999969482422,33.65999984741211,34.459999084472656,32.02317428588867,20367800
2021-03-11,35.689998626708984,37.61000061035156,35.689998626708984,37.470001220703125,34.820335388183594,25590500
2021-03-12,36.93000030517578,37.4900016784668,36.52000045776367,37.41999816894531,34.773868560791016,19752500
2021-03-15,37.189998626708984,37.56999969482422,36.560001373291016,36.959999084472656,34.34639358520508,18329100
2021-03-16,37.029998779296875,37.029998779296875,34.95000076293945,34.9900016784668,32.51571273803711,21242400
2021-03-17,34.470001220703125,36.58000183105469,34.02000045776367,36.11000061035156,33.5565071105957,31499300
2021-03-18,36.0,37.13999938964844,35.279998779296875,35.41999816894531,32.91529846191406,25504200
2021-03-19,35.060001373291016,35.369998931884766,33.84000015258789,34.9900016784668,32.51571273803711,33270600
2021-03-22,35.189998626708984,35.630001068115234,34.599998474121094,35.0099983215332,32.53429412841797,21113500
2021-03-23,34.099998474121094,34.189998626708984,32.06999969482422,32.20000076293945,29.92300033569336,40041500
2021-03-24,32.810001373291016,33.349998474121094,31.579999923706055,31.610000610351562,29.37472152709961,27289000
2021-03-25,30.31999969482422,31.489999771118164,29.450000762939453,31.110000610351562,28.910079956054688,38038200
2021-03-26,32.779998779296875,33.33000183105469,31.799999237060547,32.959999084472656,30.629255294799805,23769200
2021-03-29,32.720001220703125,33.310001373291016,31.8799991607666,32.099998474121094,29.830068588256836,19461700
2021-03-30,31.799999237060547,33.02000045776367,31.3799991607666,32.68000030517578,30.369056701660156,17474700
2021-03-31,33.209999084472656,33.650001525878906,32.630001068115234,32.93000030517578,30.601375579833984,15946000
2021-04-01,33.34000015258789,33.970001220703125,33.279998779296875,33.7599983215332,31.372678756713867,16423800
2021-04-05,34.72999954223633,35.72999954223633,34.47999954223633,35.36000061035156,32.85953903198242,19365200
2021-04-06,35.720001220703125,36.220001220703125,34.7599983215332,35.0099983215332,32.53429412841797,22081100
2021-04-07,34.65999984741211,34.779998779296875,33.810001373291016,33.97999954223633,31.57711410522461,16292900
2021-04-08,34.099998474121094,34.7599983215332,33.36000061035156,34.369998931884766,31.939546585083008,15831400
2021-04-09,33.91999816894531,34.06999969482422,33.2400016784668,34.040000915527344,31.632892608642578,14028600
2021-04-12,34.02000045776367,34.02000045776367,33.029998779296875,33.66999816894531,31.28904914855957,15141300
2021-04-13,34.119998931884766,34.5099983215332,33.25,33.72999954223633,31.34480094909668,10889700
2021-04-14,34.95000076293945,37.040000915527344,34.86000061035156,36.310001373291016,33.81755828857422,35697600
2021-04-15,36.970001220703125,38.130001068115234,36.22999954223633,37.83000183105469,35.23322677612305,27185800
2021-04-16,38.130001068115234,38.459999084472656,37.439998626708984,38.13999938964844,35.521942138671875,19010500
2021-04-19,38.650001525878906,39.040000915527344,36.77000045776367,37.33000183105469,34.767539978027344,21560500
2021-04-20,37.04999923706055,37.2400016784668,35.099998474121094,35.880001068115234,33.417076110839844,20581200
2021-04-21,34.83000183105469,36.06999969482422,34.220001220703125,35.900001525878906,33.435699462890625,21914300
2021-04-22,34.97999954223633,35.689998626708984,34.2400016784668,34.7400016784668,32.35533142089844,23923800
2021-04-23,35.689998626708984,36.970001220703125,35.560001373291016,36.540000915527344,34.03176498413086,22558300
2021-04-26,37.099998474121094,39.08000183105469,36.959999084472656,39.04999923706055,36.36947250366211,27041600
2021-04-27,38.54999923706055,39.84000015258789,38.54999923706055,38.689998626708984,36.034183502197266,19766600
2021-04-28,38.02000045776367,39.66999816894531,37.61000061035156,39.349998474121094,36.64887619018555,18574600
2021-04-29,39.95000076293945,39.97999954223633,37.63999938964844,38.400001525878906,35.764095306396484,18860200
2021-04-30,38.0,38.689998626708984,37.45000076293945,37.709999084472656,35.121456146240234,13696400
2021-05-03,38.40999984741211,39.290000915527344,38.209999084472656,38.709999084472656,36.05280685424805,22861600
2021-05-04,38.90999984741211,39.279998779296875,37.900001525878906,39.220001220703125,36.527801513671875,26489200
2021-05-05,39.93000030517578,41.7400016784668,39.20000076293945,41.540000915527344,38.68854522705078,37185800
2021-05-06,42.0,42.189998626708984,40.72999954223633,42.06999969482422,39.18217086791992,25202200
2021-05-07,42.47999954223633,44.5,41.90999984741211,43.970001220703125,40.95174789428711,32390400
2021-05-10,44.959999084472656,46.099998474121094,42.63999938964844,42.7400016784668,39.80617904663086,53054600
2021-05-11,41.540000915527344,45.34000015258789,40.86000061035156,44.79999923706055,41.72478103637695,40448900
2021-05-12,44.060001373291016,44.650001525878906,42.31999969482422,42.75,39.81549835205078,40183100
2021-05-13,42.27000045776367,43.529998779296875,40.880001068115234,41.970001220703125,39.08904266357422,36124000
2021-05-14,41.22999954223633,42.5099983215332,41.18000030517578,42.290000915527344,39.3870735168457,21487600
2021-05-17,42.88999938964844,44.2599983215332,42.11000061035156,44.18000030517578,41.1473388671875,25784600
2021-05-18,44.72999954223633,44.9900016784668,43.59000015258789,43.630001068115234,40.63508987426758,24144200
2021-05-19,41.2400016784668,41.81999969482422,39.88999938964844,40.720001220703125,37.92483901977539,42376400
2021-05-20,41.02000045776367,41.4900016784668,39.869998931884766,41.220001220703125,38.390525817871094,23677500
2021-05-21,41.439998626708984,41.83000183105469,40.58000183105469,40.869998931884766,38.064537048339844,20823700
2021-05-24,40.83000183105469,41.900001525878906,40.45000076293945,41.56999969482422,38.71649932861328,13460100
2021-05-25,41.59000015258789,41.939998626708984,40.560001373291016,40.68000030517578,37.887596130371094,18214300
2021-05-26,40.970001220703125,41.7400016784668,40.86000061035156,41.31999969482422,38.4836540222168,18366200
2021-05-27,42.56999969482422,43.119998931884766,42.040000915527344,42.59000015258789,39.66648483276367,28490600
2021-05-28,42.56999969482422,42.900001525878906,42.060001373291016,42.720001220703125,39.787559509277344,14723100
2021-06-01,43.56999969482422,44.400001525878906,43.400001525878906,44.209999084472656,41.17527389526367,22142700
2021-06-02,44.0,44.0099983215332,42.959999084472656,43.34000015258789,40.364994049072266,14691300
2021-06-03,42.06999969482422,42.20000076293945,41.54999923706055,41.869998931884766,38.99589920043945,20223800
2021-06-04,42.209999084472656,42.52000045776367,41.31999969482422,41.72999954223633,38.86551284790039,15799200
2021-06-07,41.40999984741211,41.52000045776367,40.439998626708984,41.2599983215332,38.42776870727539,16725100
2021-06-08,41.380001068115234,41.91999816894531,40.689998626708984,41.380001068115234,38.53953552246094,14799600
2021-06-09,41.27000045776367,41.59000015258789,40.68000030517578,40.70000076293945,37.90621566772461,13874800
2021-06-10,40.81999969482422,41.779998779296875,40.04999923706055,40.13999938964844,37.38465118408203,16410700
2021-06-11,41.400001525878906,41.97999954223633,40.630001068115234,40.849998474121094,38.04591369628906,20060200
2021-06-14,40.61000061035156,40.790000915527344,39.15999984741211,39.47999954223633,36.76995849609375,19426500
2021-06-15,37.880001068115234,38.220001220703125,36.439998626708984,37.599998474121094,35.01900863647461,51189800
2021-06-16,36.97999954223633,37.84000015258789,36.52000045776367,37.060001373291016,34.51607131958008,36697100
2021-06-17,36.13999938964844,36.75,34.06999969482422,35.150001525878906,32.73717498779297,59951400
2021-06-18,34.77000045776367,35.45000076293945,34.45000076293945,34.959999084472656,32.56023406982422,46250200
2021-06-21,35.2400016784668,35.97999954223633,35.130001068115234,35.779998779296875,33.323944091796875,28159300
2021-06-22,36.290000915527344,37.0099983215332,35.630001068115234,36.4900016784668,33.98521041870117,27500700
2021-06-23,37.349998474121094,38.08000183105469,37.099998474121094,37.18000030517578,34.627838134765625,21647600
2021-06-24,37.75,37.849998474121094,36.77000045776367,37.52000045776367,34.94449996948242,20393500
2021-06-25,38.310001373291016,38.54999923706055,37.11000061035156,37.2400016784668,34.6837272644043,44083100
2021-06-28,37.310001373291016,37.84000015258789,36.56999969482422,36.7400016784668,34.21805191040039,14933300
2021-06-29,36.970001220703125,37.68000030517578,36.84000015258789,37.27000045776367,34.71166229248047,14898700
2021-06-30,37.11000061035156,37.45000076293945,36.77000045776367,37.11000061035156,34.562644958496094,12448900
2021-07-01,37.91999816894531,38.20000076293945,36.65999984741211,37.09000015258789,34.544010162353516,13946100
2021-07-02,37.380001068115234,37.4900016784668,36.779998779296875,37.13999938964844,34.59058380126953,10221500
2021-07-06,37.310001373291016,37.45000076293945,35.790000915527344,36.0,33.52883529663086,18992900
2021-07-07,36.56999969482422,36.77000045776367,35.34000015258789,36.209999084472656,33.72442626953125,14745200
2021-07-08,34.040000915527344,35.08000183105469,33.56999969482422,34.689998626708984,32.30875778198242,24061700
2021-07-09,35.97999954223633,36.689998626708984,35.7400016784668,36.5,33.9945182800293,18023100
2021-07-12,35.9900016784668,36.709999084472656,35.75,36.529998779296875,34.022457122802734,11999800
2021-07-13,36.25,36.310001373291016,35.400001525878906,35.72999954223633,33.27737045288086,14532700
2021-07-14,35.70000076293945,36.150001525878906,34.29999923706055,34.52000045776367,32.21807098388672,19482500
2021-07-15,34.40999984741211,35.209999084472656,33.90999984741211,34.38999938964844,32.09672927856445,15838100
2021-07-16,34.34000015258789,34.40999984741211,32.970001220703125,33.20000076293945,30.98607635498047,25881000
2021-07-19,31.700000762939453,32.45000076293945,31.360000610351562,32.400001525878906,30.23943519592285,31431700
2021-07-20,32.38999938964844,33.43000030517578,32.09000015258789,32.95000076293945,30.752756118774414,20933300
2021-07-21,33.58000183105469,34.77000045776367,33.47999954223633,34.650001525878906,32.33938980102539,24349400
2021-07-22,34.38999938964844,35.04999923706055,33.560001373291016,34.79999923706055,32.479393005371094,20607000
2021-07-23,34.79999923706055,35.2599983215332,34.279998779296875,35.189998626708984,32.843387603759766,15945500
2021-07-26,36.099998474121094,36.849998474121094,35.86000061035156,36.650001525878906,34.20602798461914,22801000
2021-07-27,36.220001220703125,36.7599983215332,35.66999816894531,36.349998474121094,33.92603302001953,17933500
2021-07-28,36.470001220703125,36.79999923706055,35.81999969482422,36.68000030517578,34.23401641845703,14851500
2021-07-29,37.4900016784668,38.58000183105469,37.16999816894531,38.470001220703125,35.904659271240234,23065900
2021-07-30,38.099998474121094,38.77000045776367,37.47999954223633,38.099998474121094,35.55931854248047,15910600
2021-08-02,38.65999984741211,39.08000183105469,36.54999923706055,36.619998931884766,34.178016662597656,21801100
2021-08-03,36.38999938964844,36.81999969482422,35.68000030517578,36.63999938964844,34.19668197631836,17245400
2021-08-04,36.400001525878906,36.65999984741211,35.630001068115234,35.650001525878906,33.272705078125,11763600
2021-08-05,35.34000015258789,36.439998626708984,35.31999969482422,35.849998474121094,33.45936965942383,10531000
2021-08-06,36.63999938964844,37.2599983215332,36.06999969482422,36.86000061035156,34.40201950073242,13856000
2021-08-09,36.31999969482422,36.849998474121094,35.86000061035156,36.459999084472656,34.0286865234375,9479600
2021-08-10,36.70000076293945,38.470001220703125,36.540000915527344,38.220001220703125,35.67132568359375,17807400
2021-08-11,38.5099983215332,39.20000076293945,37.869998931884766,38.72999954223633,36.14731216430664,16883100
2021-08-12,38.52000045776367,38.56999969482422,37.540000915527344,38.38999938964844,35.82998275756836,11489500
2021-08-13,38.5,38.70000076293945,38.0099983215332,38.099998474121094,35.55931854248047,12872600
2021-08-16,36.84000015258789,37.130001068115234,36.130001068115234,36.84000015258789,34.38335418701172,13430700
2021-08-17,35.88999938964844,35.95000076293945,34.060001373291016,34.709999084472656,32.395389556884766,23492800
2021-08-18,34.13999938964844,34.61000061035156,33.84000015258789,33.880001068115234,31.620742797851562,18157900
2021-08-19,32.619998931884766,32.790000915527344,31.649999618530273,32.41999816894531,30.258092880249023,32408600
2021-08-20,32.70000076293945,33.150001525878906,32.20000076293945,32.79999923706055,30.612760543823242,21881100
2021-08-23,33.70000076293945,34.400001525878906,33.630001068115234,34.20000076293945,31.919397354125977,16189600
2021-08-24,34.95000076293945,35.38999938964844,34.79999923706055,35.209999084472656,32.8620491027832,15470700
2021-08-25,35.25,35.45000076293945,34.61000061035156,35.11000061035156,32.76871109008789,9923500
2021-08-26,34.86000061035156,35.27000045776367,34.459999084472656,34.540000915527344,32.236724853515625,11336100
2021-08-27,34.869998931884766,36.83000183105469,34.869998931884766,36.56999969482422,34.131351470947266,18805800
2021-08-30,37.279998779296875,37.36000061035156,36.54999923706055,36.63999938964844,34.19668197631836,13357900
2021-08-31,36.54999923706055,36.72999954223633,35.529998779296875,36.38999938964844,33.96335983276367,16216100
2021-09-01,35.72999954223633,36.290000915527344,35.040000915527344,35.88999938964844,33.496700286865234,16478200
2021-09-02,36.13999938964844,36.70000076293945,35.9900016784668,36.27000045776367,33.85136795043945,10981300
2021-09-03,36.11000061035156,36.529998779296875,35.91999816894531,36.13999938964844,33.73003005981445,12687100
2021-09-07,35.970001220703125,36.66999816894531,35.95000076293945,36.36000061035156,33.93536376953125,10296400
2021-09-08,36.119998931884766,36.130001068115234,34.36000061035156,34.369998931884766,32.07805633544922,18265700
2021-09-09,34.5099983215332,35.349998474121094,34.5,34.810001373291016,32.48871612548828,12518800
2021-09-10,35.27000045776367,36.599998474121094,35.209999084472656,35.47999954223633,33.11404037475586,22605900
2021-09-13,35.77000045776367,35.880001068115234,34.560001373291016,35.290000915527344,32.936710357666016,13867400
2021-09-14,35.15999984741211,35.369998931884766,34.650001525878906,34.790000915527344,32.470054626464844,14925200
2021-09-15,35.13999938964844,36.790000915527344,35.13999938964844,36.7400016784668,34.2900276184082,18871400
2021-09-16,35.54999923706055,35.56999969482422,33.72999954223633,34.29999923706055,32.012733459472656,35807800
2021-09-17,34.2599983215332,34.58000183105469,32.56999969482422,33.04999923706055,30.84608268737793,37559800
2021-09-20,30.760000228881836,31.59000015258789,30.520000457763672,31.170000076293945,29.091455459594727,38463200
2021-09-21,31.450000762939453,31.5,30.020000457763672,30.479999542236328,28.447465896606445,35686600
2021-09-22,31.600000381469727,32.2599983215332,31.469999313354492,31.559999465942383,29.455442428588867,28813500
2021-09-23,31.969999313354492,32.380001068115234,31.670000076293945,32.11000061035156,29.96877098083496,20270400
2021-09-24,31.690000534057617,32.689998626708984,31.690000534057617,32.2400016784668,30.090105056762695,15164300
2021-09-27,32.279998779296875,33.95000076293945,32.279998779296875,33.90999984741211,31.648738861083984,22469300
2021-09-28,34.02000045776367,34.04999923706055,32.810001373291016,33.56999969482422,31.331411361694336,19761000
2021-09-29,33.779998779296875,34.029998779296875,32.90999984741211,33.11000061035156,30.902080535888672,12717000
2021-09-30,32.540000915527344,33.7599983215332,32.529998779296875,32.529998779296875,30.360754013061523,23041700
2021-10-01,32.900001525878906,33.099998474121094,31.860000610351562,32.84000015258789,30.65009117126465,16091200
2021-10-04,33.369998931884766,33.72999954223633,32.43000030517578,32.709999084472656,30.528757095336914,20137600
2021-10-05,32.689998626708984,32.7599983215332,31.75,32.20000076293945,30.052764892578125,20005300
2021-10-06,31.829999923706055,32.18000030517578,30.93000030517578,31.709999084472656,29.595441818237305,22783900
2021-10-07,32.75,34.4900016784668,32.619998931884766,34.31999969482422,32.03138732910156,37035100
2021-10-08,34.599998474121094,35.0099983215332,33.900001525878906,34.130001068115234,31.854061126708984,17625300
2021-10-11,35.29999923706055,36.56999969482422,35.209999084472656,35.22999954223633,32.88070297241211,27084300
2021-10-12,35.04999923706055,35.47999954223633,34.439998626708984,34.61000061035156,32.302059173583984,21591600
2021-10-13,35.130001068115234,36.34000015258789,34.59000015258789,35.81999969482422,33.431373596191406,26459800
2021-10-14,36.9900016784668,37.900001525878906,36.560001373291016,37.130001068115234,34.726722717285156,28961400
2021-10-15,38.16999816894531,39.0099983215332,37.61000061035156,38.63999938964844,36.13899230957031,30048400
2021-10-18,37.540000915527344,39.04999923706055,37.38999938964844,38.540000915527344,36.04545974731445,23196100
2021-10-19,38.84000015258789,38.95000076293945,38.220001220703125,38.849998474121094,36.33539581298828,16543100
2021-10-20,38.63999938964844,39.08000183105469,38.08000183105469,38.93000030517578,36.410221099853516,14281700
2021-10-21,38.040000915527344,38.529998779296875,36.75,38.41999816894531,35.9332275390625,19571900
2021-10-22,37.970001220703125,38.810001373291016,37.209999084472656,37.66999816894531,35.23176956176758,19058200
2021-10-25,38.22999954223633,39.63999938964844,38.02000045776367,39.34000015258789,36.79368209838867,19215100
2021-10-26,39.439998626708984,39.66999816894531,38.36000061035156,38.849998474121094,36.33539581298828,15564400
2021-10-27,37.470001220703125,38.29999923706055,36.84000015258789,37.0,34.605140686035156,19544200
2021-10-28,37.650001525878906,38.220001220703125,37.15999984741211,38.099998474121094,35.63393020629883,13978400
2021-10-29,37.56999969482422,38.06999969482422,37.189998626708984,37.720001220703125,35.27853012084961,16052200
2021-11-01,37.779998779296875,38.630001068115234,37.599998474121094,38.33000183105469,35.84905242919922,10873400
2021-11-02,38.59000015258789,38.75,37.900001525878906,38.54999923706055,36.054805755615234,14574500
2021-11-03,38.63999938964844,38.70000076293945,37.52000045776367,38.22999954223633,35.75551986694336,17054400
2021-11-04,38.5,38.59000015258789,36.75,37.0,34.605140686035156,16309500
2021-11-05,37.150001525878906,37.400001525878906,36.77000045776367,37.040000915527344,34.64255905151367,12536200
2021-11-08,37.95000076293945,39.779998779296875,37.900001525878906,39.43000030517578,36.87786102294922,25103800
2021-11-09,39.22999954223633,39.790000915527344,38.150001525878906,39.20000076293945,36.66273498535156,16030800
2021-11-10,39.0099983215332,39.599998474121094,37.27000045776367,37.52000045776367,35.09148406982422,24055700
2021-11-11,39.119998931884766,41.220001220703125,38.27000045776367,40.900001525878906,38.25271224975586,39436900
2021-11-12,40.66999816894531,41.599998474121094,40.36000061035156,41.22999954223633,38.561336517333984,18481700
2021-11-15,41.02000045776367,41.2400016784668,40.20000076293945,40.86000061035156,38.21529769897461,13962100
2021-11-16,40.68000030517578,40.77000045776367,39.459999084472656,39.599998474121094,37.03684616088867,19165300
2021-11-17,39.63999938964844,40.439998626708984,38.65999984741211,38.869998931884766,36.354103088378906,19209100
2021-11-18,38.880001068115234,39.0,37.689998626708984,38.790000915527344,36.27927780151367,17613600
2021-11-19,38.470001220703125,39.27000045776367,38.099998474121094,38.279998779296875,35.80229568481445,18915800
2021-11-22,37.38999938964844,38.630001068115234,36.900001525878906,37.7400016784668,35.29724884033203,19073700
2021-11-23,38.040000915527344,39.2400016784668,37.93000030517578,38.68000030517578,36.1764030456543,15861800
2021-11-24,38.66999816894531,39.02000045776367,38.22999954223633,38.650001525878906,36.14834213256836,13430300
2021-11-26,36.279998779296875,37.40999984741211,35.29999923706055,37.2400016784668,34.82960510253906,21122400
2021-11-29,37.84000015258789,38.13999938964844,36.599998474121094,37.97999954223633,35.521697998046875,17219200
2021-11-30,37.959999084472656,38.54999923706055,36.4900016784668,37.08000183105469,34.67995834350586,27056100
2021-12-01,37.79999923706055,38.540000915527344,36.18000030517578,36.22999954223633,33.88498306274414,19234100
2021-12-02,36.38999938964844,37.349998474121094,35.91999816894531,37.099998474121094,34.69865798950195,18548800
2021-12-03,37.06999969482422,37.5099983215332,35.61000061035156,36.560001373291016,34.19361877441406,20762700
2021-12-06,37.27000045776367,37.88999938964844,36.36000061035156,37.369998931884766,34.9511833190918,13602900
2021-12-07,38.20000076293945,39.61000061035156,38.20000076293945,38.77000045776367,36.26057434082031,18048200
2021-12-08,38.86000061035156,39.29999923706055,38.2599983215332,38.720001220703125,36.213802337646484,14213800
2021-12-09,38.130001068115234,38.83000183105469,37.939998626708984,38.470001220703125,35.97999954223633,11526700
2021-12-10,38.97999954223633,39.20000076293945,37.880001068115234,38.369998931884766,35.88645935058594,10018500
2021-12-13,38.61000061035156,38.880001068115234,37.22999954223633,37.630001068115234,35.194358825683594,11557800
2021-12-14,37.560001373291016,38.779998779296875,37.38999938964844,37.959999084472656,35.50299072265625,12609600
2021-12-15,37.2599983215332,37.459999084472656,35.779998779296875,37.25,34.838958740234375,23245200
2021-12-16,38.40999984741211,39.209999084472656,38.09000015258789,38.279998779296875,35.80229568481445,17549100
2021-12-17,38.2599983215332,38.68000030517578,37.54999923706055,38.0,35.54041290283203,19628600
2021-12-20,37.04999923706055,37.63999938964844,36.709999084472656,37.41999816894531,34.997955322265625,13373700
2021-12-21,38.18000030517578,39.38999938964844,38.06999969482422,39.18000030517578,36.64403533935547,13560800
2021-12-22,39.189998626708984,40.16999816894531,39.0,40.13999938964844,37.541893005371094,13244500
2021-12-23,39.91999816894531,41.290000915527344,39.84000015258789,41.130001068115234,38.46781539916992,17727500
2021-12-27,41.0,42.040000915527344,40.630001068115234,41.9900016784668,39.272159576416016,11409000
2021-12-28,41.79999923706055,42.2400016784668,41.63999938964844,41.9900016784668,39.272159576416016,10835200
2021-12-29,41.689998626708984,42.209999084472656,41.41999816894531,41.97999954223633,39.26279830932617,14596200
2021-12-30,42.060001373291016,42.77000045776367,41.56999969482422,41.619998931884766,38.92609786987305,12001000
2021-12-31,41.63999938964844,41.970001220703125,41.380001068115234,41.72999954223633,39.02898406982422,8793200
2022-01-03,41.47999954223633,42.04999923706055,41.290000915527344,41.47999954223633,38.795169830322266,12658000
2022-01-04,41.81999969482422,42.5,41.459999084472656,42.150001525878906,39.42179489135742,14448600
2022-01-05,42.189998626708984,43.720001220703125,41.52000045776367,41.68000030517578,38.98222351074219,22270600
2022-01-06,41.47999954223633,41.900001525878906,40.279998779296875,40.529998779296875,37.90665817260742,16145800
2022-01-07,41.0,42.11000061035156,40.45000076293945,41.880001068115234,39.169273376464844,16974600
2022-01-10,41.61000061035156,41.869998931884766,40.68000030517578,41.619998931884766,38.92609786987305,12066900
2022-01-11,41.83000183105469,43.02000045776367,41.29999923706055,42.9900016784668,40.207427978515625,17291600
2022-01-12,44.9900016784668,45.45000076293945,44.15999984741211,45.150001525878906,42.22762680053711,28622600
2022-01-13,44.5,45.65999984741211,44.2400016784668,44.33000183105469,41.59890365600586,22954000
2022-01-14,43.29999923706055,44.459999084472656,43.060001373291016,44.08000183105469,41.36429977416992,19204600
2022-01-18,43.900001525878906,46.20000076293945,43.43000030517578,44.290000915527344,41.56136703491211,25895000
2022-01-19,45.040000915527344,45.5,44.04999923706055,44.08000183105469,41.36429977416992,18064400
2022-01-20,44.540000915527344,44.900001525878906,43.11000061035156,43.189998626708984,40.52912521362305,17598500
2022-01-21,42.599998474121094,42.72999954223633,40.70000076293945,40.9900016784668,38.46467590332031,24839300
2022-01-24,39.59000015258789,40.060001373291016,37.470001220703125,39.959999084472656,37.49813461303711,30985600
2022-01-25,39.31999969482422,39.86000061035156,38.02000045776367,39.630001068115234,37.18846130371094,27054500
2022-01-26,39.56999969482422,40.810001373291016,37.7400016784668,38.43000030517578,36.06239318847656,24866900
2022-01-27,38.40999984741211,39.04999923706055,36.7400016784668,37.099998474121094,34.81432342529297,24521300
2022-01-28,36.41999816894531,36.47999954223633,34.939998626708984,36.040000915527344,33.81963348388672,30157400
2022-01-31,35.97999954223633,37.2599983215332,35.63999938964844,37.220001220703125,34.926937103271484,20213700
2022-02-01,38.20000076293945,39.09000015258789,37.52000045776367,39.02000045776367,36.61603927612305,22363000
2022-02-02,39.029998779296875,39.86000061035156,38.349998474121094,39.38999938964844,36.96324157714844,19673300
2022-02-03,38.689998626708984,39.119998931884766,37.9900016784668,38.20000076293945,35.846561431884766,16367000
2022-02-04,38.029998779296875,38.83000183105469,37.709999084472656,38.41999816894531,36.05299758911133,15184300
2022-02-07,38.41999816894531,39.43000030517578,38.189998626708984,38.900001525878906,36.50343322753906,13817400
2022-02-08,39.16999816894531,40.70000076293945,38.97999954223633,40.630001068115234,38.12685012817383,18641700
2022-02-09,41.400001525878906,43.79999923706055,41.27000045776367,43.560001373291016,40.876338958740234,26474800
2022-02-10,42.86000061035156,45.560001373291016,42.79999923706055,43.90999984741211,41.204769134521484,29329400
2022-02-11,42.599998474121094,44.18000030517578,42.33000183105469,42.79999923706055,40.16315460205078,23462800
2022-02-14,42.75,43.0,41.7599983215332,42.45000076293945,39.834720611572266,17130400
2022-02-15,42.5,43.689998626708984,41.84000015258789,43.66999816894531,40.97956466674805,15759100
2022-02-16,43.599998474121094,44.439998626708984,43.540000915527344,44.25,41.52382278442383,11736000
2022-02-17,43.959999084472656,44.209999084472656,42.959999084472656,43.209999084472656,40.54790115356445,12251700
2022-02-18,43.369998931884766,43.849998474121094,42.779998779296875,43.02000045776367,40.36960983276367,15846700
2022-02-22,43.0099983215332,43.45000076293945,41.79999923706055,42.36000061035156,39.750274658203125,14429600
2022-02-23,42.54999923706055,43.189998626708984,42.04999923706055,42.459999084472656,39.8441047668457,13945700
2022-02-24,41.380001068115234,43.93000030517578,41.25,43.720001220703125,41.02648162841797,20397700
2022-02-25,43.849998474121094,46.369998931884766,43.7400016784668,46.34000015258789,43.48507308959961,29087900
2022-02-28,46.099998474121094,47.41999816894531,46.02000045776367,46.95000076293945,44.0574836730957,23876900
2022-03-01,47.5099983215332,49.54999923706055,47.16999816894531,47.90999984741211,44.95833206176758,27302500
2022-03-02,48.16999816894531,48.790000915527344,47.439998626708984,48.15999984741211,45.19293975830078,19132900
2022-03-03,48.75,49.119998931884766,47.41999816894531,49.09000015258789,46.06564712524414,22678700
2022-03-04,49.060001373291016,50.459999084472656,48.63999938964844,50.11000061035156,47.02280807495117,25481300
2022-03-07,48.900001525878906,49.380001068115234,46.709999084472656,47.150001525878906,44.24516677856445,27210600
2022-03-08,46.400001525878906,48.2400016784668,46.09000015258789,46.66999816894531,43.79473114013672,23946900
2022-03-09,45.66999816894531,47.560001373291016,44.900001525878906,46.9900016784668,44.09501266479492,23418100
2022-03-10,47.650001525878906,47.84000015258789,46.349998474121094,47.709999084472656,44.77066421508789,16686600
2022-03-11,47.130001068115234,47.779998779296875,46.61000061035156,46.93000030517578,44.03872299194336,14331200
2022-03-14,46.15999984741211,46.220001220703125,44.13999938964844,44.52000045776367,41.77719497680664,21012000
2022-03-15,43.34000015258789,44.459999084472656,43.0,44.279998779296875,41.55197525024414,18570100
2022-03-16,45.27000045776367,46.779998779296875,44.95000076293945,46.41999816894531,43.56012725830078,20461600
2022-03-17,47.02000045776367,48.79999923706055,46.7599983215332,48.59000015258789,45.59644317626953,18150900
2022-03-18,48.33000183105469,49.470001220703125,47.97999954223633,48.08000183105469,45.11786651611328,27493100
2022-03-21,48.349998474121094,50.0,48.349998474121094,49.5099983215332,46.459774017333984,15327100
2022-03-22,49.939998626708984,50.779998779296875,48.70000076293945,49.86000061035156,46.78820037841797,15558200
2022-03-23,50.0099983215332,50.41999816894531,49.68000030517578,49.810001373291016,46.74128341674805,11371700
2022-03-24,50.13999938964844,51.939998626708984,50.060001373291016,51.45000076293945,48.28024673461914,18021600
2022-03-25,51.11000061035156,51.9900016784668,50.91999816894531,51.93000030517578,48.73067092895508,11525800
2022-03-28,51.119998931884766,51.119998931884766,48.95000076293945,50.27000045776367,47.17293930053711,14166900
2022-03-29,49.029998779296875,50.09000015258789,47.63999938964844,50.09000015258789,47.004032135009766,15729400
2022-03-30,50.61000061035156,51.43000030517578,50.150001525878906,50.779998779296875,47.65152359008789,11190300
2022-03-31,50.58000183105469,51.27000045776367,49.7400016784668,49.7400016784668,46.675594329833984,10964400
2022-04-01,49.880001068115234,51.849998474121094,49.83000183105469,50.959999084472656,47.8204345703125,16632900
2022-04-04,51.779998779296875,51.779998779296875,50.56999969482422,50.900001525878906,47.76413345336914,12298500
2022-04-05,50.9900016784668,51.560001373291016,48.88999938964844,49.09000015258789,46.06564712524414,13805900
2022-04-06,48.90999984741211,49.029998779296875,47.439998626708984,48.060001373291016,45.0991096496582,13635800
2022-04-07,48.5099983215332,48.93000030517578,47.47999954223633,48.47999954223633,45.49322509765625,11154300
2022-04-08,48.90999984741211,49.349998474121094,48.22999954223633,48.970001220703125,45.953033447265625,9620300
2022-04-11,48.720001220703125,48.880001068115234,47.61000061035156,47.720001220703125,44.78004837036133,9370600
2022-04-12,48.63999938964844,49.31999969482422,47.849998474121094,48.0,45.04279327392578,11646600
2022-04-13,48.4900016784668,49.459999084472656,48.119998931884766,49.43000030517578,46.53010177612305,11976500
2022-04-14,49.70000076293945,50.41999816894531,49.13999938964844,49.189998626708984,46.30418395996094,12110200
2022-04-18,49.66999816894531,51.34000015258789,49.41999816894531,50.77000045776367,47.7914924621582,14267000
2022-04-19,50.06999969482422,50.91999816894531,49.720001220703125,50.63999938964844,47.66912078857422,10278500
2022-04-20,49.810001373291016,50.52000045776367,48.880001068115234,49.900001525878906,46.97252655029297,13101800
2022-04-21,48.4900016784668,48.790000915527344,44.47999954223633,44.95000076293945,42.31292724609375,31430900
2022-04-22,44.47999954223633,44.599998474121094,41.130001068115234,41.90999984741211,39.451271057128906,32547600
2022-04-25,40.02000045776367,42.08000183105469,39.560001373291016,41.650001525878906,39.206539154052734,31955300
2022-04-26,41.4900016784668,41.83000183105469,40.08000183105469,40.18000030517578,37.82276916503906,18707700
2022-04-27,42.099998474121094,42.90999984741211,41.52000045776367,41.689998626708984,39.24418258666992,22816500
2022-04-28,41.88999938964844,42.459999084472656,40.540000915527344,41.84000015258789,39.3853759765625,15184900
2022-04-29,42.47999954223633,43.5,40.380001068115234,40.54999923706055,38.17106246948242,17202000
2022-05-02,39.939998626708984,40.650001525878906,39.02000045776367,40.18000030517578,37.82276916503906,21723800
2022-05-03,40.34000015258789,40.88999938964844,39.81999969482422,40.150001525878906,37.79452896118164,16184300
2022-05-04,40.279998779296875,41.40999984741211,39.2400016784668,41.29999923706055,38.87705993652344,17667500
2022-05-05,41.0099983215332,41.08000183105469,38.869998931884766,39.63999938964844,37.31444549560547,22061300
2022-05-06,39.16999816894531,39.209999084472656,37.599998474121094,37.880001068115234,35.6577033996582,22379500
2022-05-09,36.099998474121094,36.95000076293945,35.349998474121094,35.52000045776367,33.43616485595703,30392800
2022-05-10,36.630001068115234,36.630001068115234,34.9900016784668,36.06999969482422,33.953895568847656,26543200
2022-05-11,37.25,37.81999969482422,35.81999969482422,35.90999984741211,33.803279876708984,22542800
2022-05-12,34.310001373291016,35.52000045776367,33.43000030517578,34.34000015258789,32.32538604736328,27193400
2022-05-13,34.77000045776367,35.79999923706055,34.59000015258789,35.040000915527344,32.984310150146484,18988000
2022-05-16,35.15999984741211,36.130001068115234,34.939998626708984,35.150001525878906,33.08786392211914,17882500
2022-05-17,37.09000015258789,37.81999969482422,36.560001373291016,37.63999938964844,35.43178939819336,22673600
2022-05-18,37.15999984741211,37.599998474121094,35.119998931884766,35.34000015258789,33.2667121887207,18276000
2022-05-19,35.630001068115234,37.59000015258789,35.630001068115234,36.720001220703125,34.56576156616211,18860200
2022-05-20,37.310001373291016,37.5,35.5,36.310001373291016,34.179813385009766,21630900
2022-05-23,37.599998474121094,38.63999938964844,37.06999969482422,38.349998474121094,36.10013198852539,19211900
2022-05-24,37.91999816894531,37.939998626708984,36.709999084472656,37.47999954223633,35.28116989135742,15922900
2022-05-25,37.06999969482422,38.060001373291016,36.93000030517578,37.83000183105469,35.610633850097656,12859800
2022-05-26,37.630001068115234,38.709999084472656,36.97999954223633,38.4900016784668,36.231910705566406,10011800
2022-05-27,39.09000015258789,39.70000076293945,38.70000076293945,39.650001525878906,37.3238639831543,11914400
2022-05-31,40.04999923706055,41.0,38.689998626708984,39.08000183105469,36.78730392456055,16890100
2022-06-01,39.31999969482422,39.97999954223633,38.849998474121094,39.63999938964844,37.31444549560547,12817600
2022-06-02,41.779998779296875,42.27000045776367,41.2599983215332,41.720001220703125,39.27242660522461,19239100
2022-06-03,41.029998779296875,41.939998626708984,41.0,41.33000183105469,38.905303955078125,13459900
2022-06-06,41.849998474121094,42.970001220703125,41.68000030517578,42.779998779296875,40.27023696899414,15137400
2022-06-07,42.25,43.619998931884766,42.150001525878906,43.38999938964844,40.84445571899414,12694800
2022-06-08,42.93000030517578,43.13999938964844,42.040000915527344,42.20000076293945,39.7242546081543,12373400
2022-06-09,42.18000030517578,42.27000045776367,40.5,40.52000045776367,38.142822265625,13547900
2022-06-10,39.20000076293945,40.400001525878906,38.959999084472656,40.209999084472656,37.85100555419922,23307200
2022-06-13,38.189998626708984,38.52000045776367,36.29999923706055,37.16999816894531,34.98934555053711,30274600
2022-06-14,37.47999954223633,37.650001525878906,36.45000076293945,36.81999969482422,34.65989685058594,16368800
2022-06-15,37.5,37.56999969482422,35.88999938964844,36.900001525878906,34.735198974609375,17094500
2022-06-16,35.47999954223633,36.029998779296875,34.5,34.869998931884766,32.82428741455078,20474600
2022-06-17,34.540000915527344,35.0,33.41999816894531,33.81999969482422,31.83588981628418,30089700
2022-06-21,34.25,34.77000045776367,33.90999984741211,34.029998779296875,32.033573150634766,13634400
2022-06-22,32.25,32.25,31.170000076293945,31.31999969482422,29.482555389404297,31329200
2022-06-23,30.459999084472656,30.8700008392334,28.8700008392334,29.56999969482422,27.83522605895996,41337600
2022-06-24,29.760000228881836,30.989999771118164,29.149999618530273,30.989999771118164,29.17191505432129,35347200
2022-06-27,31.579999923706055,31.610000610351562,30.719999313354492,31.020000457763672,29.200159072875977,17053700
2022-06-28,31.540000915527344,32.29999923706055,30.68000030517578,30.780000686645508,28.974239349365234,22635000
2022-06-29,31.280000686645508,31.299999237060547,29.989999771118164,30.290000915527344,28.51298713684082,15424300
2022-06-30,29.719999313354492,30.059999465942383,28.989999771118164,29.260000228881836,27.543413162231445,21029200
2022-07-01,28.889999389648438,29.270000457763672,27.920000076293945,29.200000762939453,27.486934661865234,22967500
2022-07-05,27.84000015258789,27.969999313354492,26.610000610351562,27.260000228881836,25.66074562072754,35842200
2022-07-06,27.1200008392334,27.59000015258789,26.209999084472656,27.3799991607666,25.773706436157227,35581200
2022-07-07,29.309999465942383,29.540000915527344,28.780000686645508,29.219999313354492,27.505754470825195,24755700
2022-07-08,29.209999084472656,29.219999313354492,27.989999771118164,28.0,26.357330322265625,17509200
2022-07-11,27.049999237060547,27.309999465942383,26.75,26.90999984741211,25.33127784729004,22219500
2022-07-12,26.350000381469727,27.110000610351562,26.020000457763672,26.299999237060547,24.757057189941406,25721900
2022-07-13,25.760000228881836,26.950000762939453,25.3700008392334,26.440000534057617,24.88884735107422,26774600
2022-07-14,25.299999237060547,25.399999618530273,24.799999237060547,25.09000015258789,23.752805709838867,31890900
2022-07-15,25.389999389648438,26.1299991607666,24.8799991607666,25.81999969482422,24.44390106201172,29197400
2022-07-18,27.040000915527344,28.1200008392334,27.010000228881836,27.420000076293945,25.958627700805664,29351200
2022-07-19,27.299999237060547,28.610000610351562,27.260000228881836,28.5,26.981069564819336,22850400
2022-07-20,28.520000457763672,29.239999771118164,28.219999313354492,28.56999969482422,27.04733657836914,25186600
2022-07-21,28.489999771118164,29.049999237060547,27.389999389648438,28.90999984741211,27.36921501159668,27566100
2022-07-22,29.6299991607666,29.950000762939453,27.690000534057617,27.760000228881836,26.280508041381836,20926700
2022-07-25,28.540000915527344,28.6200008392334,27.979999542236328,28.290000915527344,26.78226089477539,16260800
2022-07-26,28.219999313354492,28.68000030517578,27.780000686645508,27.93000030517578,26.44144630432129,14626600
2022-07-27,27.979999542236328,29.40999984741211,27.760000228881836,29.290000915527344,27.728965759277344,17466300
2022-07-28,29.940000534057617,30.389999389648438,29.170000076293945,29.829999923706055,28.24018096923828,18827100
2022-07-29,30.049999237060547,31.729999542236328,29.770000457763672,31.549999237060547,29.868515014648438,26279200
2022-08-01,30.850000381469727,31.020000457763672,29.690000534057617,29.979999542236328,28.38218879699707,17320500
2022-08-02,29.6299991607666,29.989999771118164,28.520000457763672,29.329999923706055,27.766828536987305,17031900
2022-08-03,29.600000381469727,29.600000381469727,28.5,28.690000534057617,27.16094398498535,17600000
2022-08-04,28.81999969482422,29.440000534057617,28.530000686645508,28.760000228881836,27.22720718383789,12475300
2022-08-05,28.6200008392334,30.5,28.5,30.270000457763672,28.6567325592041,17881000
2022-08-08,30.940000534057617,31.65999984741211,30.40999984741211,30.6200008392334,28.988079071044922,15915700
2022-08-09,30.690000534057617,30.75,29.75,30.049999237060547,28.448455810546875,12976800
2022-08-10,30.959999084472656,31.59000015258789,30.59000015258789,31.399999618530273,29.726511001586914,17104900
2022-08-11,32.09000015258789,32.83000183105469,31.540000915527344,31.670000076293945,29.98211669921875,14663700
2022-08-12,31.239999771118164,31.690000534057617,31.059999465942383,31.6200008392334,29.934783935546875,10878800
2022-08-15,30.229999542236328,30.75,29.760000228881836,30.5,28.874475479125977,16050600
2022-08-16,30.950000762939453,31.469999313354492,30.729999542236328,31.389999389648438,29.717042922973633,11931700
2022-08-17,30.690000534057617,30.700000762939453,30.010000228881836,30.25,28.637800216674805,12467000
2022-08-18,30.700000762939453,31.399999618530273,30.549999237060547,31.229999542236328,29.565567016601562,12556200
2022-08-19,30.899999618530273,31.020000457763672,30.040000915527344,30.450000762939453,28.82714080810547,13799000
2022-08-22,29.899999618530273,29.90999984741211,29.290000915527344,29.860000610351562,28.268585205078125,14027500
2022-08-23,30.479999542236328,32.040000915527344,30.389999389648438,31.790000915527344,30.095727920532227,18021900
2022-08-24,31.06999969482422,31.649999618530273,30.899999618530273,31.31999969482422,29.650772094726562,10531400
2022-08-25,31.899999618530273,33.25,31.899999618530273,33.22999954223633,31.45897674560547,18058800
2022-08-26,33.81999969482422,33.88999938964844,32.040000915527344,32.189998626708984,30.47440528869629,15736100
2022-08-29,31.469999313354492,32.029998779296875,31.110000610351562,31.5,29.82118034362793,12645500
2022-08-30,31.139999389648438,31.200000762939453,29.43000030517578,29.760000228881836,28.17391586303711,19734800
2022-08-31,29.700000762939453,29.90999984741211,29.110000610351562,29.600000381469727,28.022441864013672,19624100
2022-09-01,28.489999771118164,28.540000915527344,27.579999923706055,28.09000015258789,26.592918395996094,19731900
2022-09-02,28.8799991607666,29.1299991607666,28.149999618530273,28.299999237060547,26.791723251342773,13699900
2022-09-06,28.56999969482422,28.920000076293945,27.850000381469727,28.1200008392334,26.621320724487305,14929200
2022-09-07,27.639999389648438,28.479999542236328,27.299999237060547,28.3799991607666,26.867464065551758,13627400
2022-09-08,28.579999923706055,30.639999389648438,28.450000762939453,30.6200008392334,28.988079071044922,21393900
2022-09-09,31.299999237060547,32.279998779296875,31.1299991607666,32.16999816894531,30.455467224121094,17883000
2022-09-12,32.650001525878906,32.779998779296875,31.899999618530273,32.16999816894531,30.455467224121094,12635900
2022-09-13,30.75,31.709999084472656,30.649999618530273,31.049999237060547,29.39516258239746,17693700
2022-09-14,30.520000457763672,30.700000762939453,29.530000686645508,30.030000686645508,28.42952537536621,20529700
2022-09-15,29.850000381469727,30.860000610351562,29.5,29.780000686645508,28.192848205566406,13837400
2022-09-16,29.270000457763672,29.639999389648438,28.690000534057617,29.329999923706055,27.766828536987305,27657400
2022-09-19,28.479999542236328,30.6200008392334,28.479999542236328,30.489999771118164,28.865007400512695,18022100
2022-09-20,29.920000076293945,29.940000534057617,29.360000610351562,29.719999313354492,28.136043548583984,14182100
2022-09-21,29.93000030517578,29.979999542236328,28.079999923706055,28.100000381469727,26.602384567260742,18878100
2022-09-22,28.760000228881836,29.049999237060547,28.149999618530273,28.350000381469727,26.83906364440918,16103400
2022-09-23,27.100000381469727,27.25,26.030000686645508,26.68000030517578,25.258066177368164,26058200
2022-09-26,26.18000030517578,27.260000228881836,26.1200008392334,26.5,25.087657928466797,17105500
2022-09-27,27.100000381469727,27.329999923706055,26.40999984741211,26.8700008392334,25.43794059753418,15322300
2022-09-28,26.969999313354492,27.989999771118164,26.809999465942383,27.860000610351562,26.37517547607422,14899300
2022-09-29,27.979999542236328,28.200000762939453,26.850000381469727,28.170000076293945,26.668655395507812,17580400
2022-09-30,27.850000381469727,28.420000076293945,27.290000915527344,27.329999923706055,25.873422622680664,16108400
2022-10-03,28.049999237060547,29.469999313354492,27.889999389648438,29.34000015258789,27.776296615600586,16515200
2022-10-04,30.049999237060547,30.989999771118164,29.950000762939453,30.780000686645508,29.139554977416992,17325900
2022-10-05,30.0,30.770000457763672,29.59000015258789,30.510000228881836,28.883941650390625,13118100
2022-10-06,29.700000762939453,30.079999923706055,29.229999542236328,29.81999969482422,28.230716705322266,18258700
2022-10-07,29.399999618530273,29.850000381469727,28.760000228881836,28.950000762939453,27.40708351135254,12667300
2022-10-10,29.31999969482422,30.110000610351562,29.1200008392334,29.260000228881836,27.700563430786133,11617700
2022-10-11,28.670000076293945,29.860000610351562,28.229999542236328,29.18000030517578,27.624826431274414,13833900
2022-10-12,28.899999618530273,28.969999313354492,28.110000610351562,28.84000015258789,27.30295181274414,15818400
2022-10-13,27.690000534057617,29.809999465942383,27.5,29.360000610351562,27.9405574798584,16285500
2022-10-14,29.43000030517578,29.469999313354492,27.56999969482422,27.639999389648438,26.3037109375,13972100
2022-10-17,28.540000915527344,29.3700008392334,28.479999542236328,28.81999969482422,27.42666244506836,13874400
2022-10-18,29.459999084472656,29.56999969482422,27.829999923706055,28.489999771118164,27.11261558532715,14492100
2022-10-19,28.100000381469727,28.729999542236328,27.8700008392334,28.360000610351562,26.988901138305664,12703600
2022-10-20,28.360000610351562,30.600000381469727,28.15999984741211,29.1200008392334,27.712156295776367,26954400
2022-10-21,29.139999389648438,32.130001068115234,28.790000915527344,32.029998779296875,30.481470108032227,27259400
2022-10-24,31.1200008392334,31.790000915527344,30.6299991607666,31.049999237060547,29.548847198486328,19179500
2022-10-25,30.559999465942383,32.0099983215332,30.549999237060547,31.670000076293945,30.138874053955078,15134000
2022-10-26,32.4900016784668,33.77000045776367,32.34000015258789,33.34000015258789,31.728132247924805,19799800
2022-10-27,33.310001373291016,33.349998474121094,32.38999938964844,32.7400016784668,31.15715217590332,14606700
2022-10-28,32.16999816894531,32.40999984741211,31.450000762939453,32.20000076293945,30.643251419067383,13156900
2022-10-31,31.739999771118164,32.369998931884766,31.389999389648438,31.690000534057617,30.157907485961914,13138500
2022-11-01,33.689998626708984,33.7400016784668,32.689998626708984,32.900001525878906,31.30940818786621,16684600
2022-11-02,32.66999816894531,33.38999938964844,30.959999084472656,31.010000228881836,29.510786056518555,20061600
2022-11-03,30.549999237060547,31.670000076293945,30.280000686645508,31.559999465942383,30.03419303894043,15062200
2022-11-04,34.70000076293945,35.77000045776367,34.119998931884766,35.189998626708984,33.48869705200195,30363400
2022-11-07,34.970001220703125,35.22999954223633,34.119998931884766,34.45000076293945,32.78446960449219,12396400
2022-11-08,34.79999923706055,36.209999084472656,34.33000183105469,35.459999084472656,33.74564743041992,18453300
2022-11-09,34.88999938964844,35.7599983215332,33.66999816894531,34.029998779296875,32.38478088378906,14161900
2022-11-10,35.869998931884766,36.959999084472656,35.709999084472656,36.75,34.9732780456543,21126200
2022-11-11,37.7400016784668,39.2599983215332,37.7400016784668,38.040000915527344,36.20090866088867,22053500
2022-11-14,37.47999954223633,38.540000915527344,37.279998779296875,37.88999938964844,36.05815505981445,14006700
2022-11-15,38.25,38.439998626708984,37.56999969482422,38.09000015258789,36.24848937988281,15132100
2022-11-16,37.34000015258789,37.68000030517578,36.97999954223633,37.380001068115234,35.572818756103516,12620100
2022-11-17,35.79999923706055,36.41999816894531,35.310001373291016,36.36000061035156,34.602134704589844,13618400
2022-11-18,36.45000076293945,36.66999816894531,35.83000183105469,36.34000015258789,34.58309555053711,9136200
2022-11-21,36.02000045776367,36.36000061035156,35.13999938964844,36.130001068115234,34.38325881958008,10425300
2022-11-22,36.9900016784668,37.88999938964844,36.810001373291016,37.86000061035156,36.02960968017578,11848000
2022-11-23,37.150001525878906,38.189998626708984,37.099998474121094,38.040000915527344,36.20090866088867,8632400
2022-11-25,37.880001068115234,38.040000915527344,37.09000015258789,37.150001525878906,35.353939056396484,5219800
2022-11-28,36.529998779296875,36.88999938964844,36.119998931884766,36.189998626708984,34.440345764160156,10420000
2022-11-29,37.06999969482422,37.66999816894531,36.90999984741211,37.5099983215332,35.696529388427734,8912700
2022-11-30,38.33000183105469,39.79999923706055,37.779998779296875,39.79999923706055,37.875816345214844,23334200
2022-12-01,39.88999938964844,40.09000015258789,38.709999084472656,39.56999969482422,37.65694046020508,12098000
2022-12-02,38.689998626708984,40.290000915527344,38.439998626708984,40.220001220703125,38.27550506591797,15008700
2022-12-05,40.29999923706055,40.599998474121094,38.709999084472656,38.86000061035156,36.98126220703125,12200500
2022-12-06,39.060001373291016,39.86000061035156,38.20000076293945,38.459999084472656,36.60060119628906,14971800
2022-12-07,38.349998474121094,39.189998626708984,38.25,38.54999923706055,36.68625259399414,12273600
2022-12-08,39.66999816894531,40.04999923706055,39.279998779296875,39.86000061035156,37.93292236328125,12677600
2022-12-09,40.06999969482422,40.560001373291016,38.540000915527344,38.59000015258789,36.72431182861328,10601800
2022-12-12,38.11000061035156,38.939998626708984,37.869998931884766,38.880001068115234,37.00030517578125,9557200
2022-12-13,41.09000015258789,41.15999984741211,38.77000045776367,39.2599983215332,37.36191940307617,12513200
2022-12-14,39.029998779296875,39.88999938964844,38.86000061035156,39.43000030517578,37.52371597290039,11163700
2022-12-15,38.40999984741211,38.90999984741211,37.7400016784668,38.150001525878906,36.30559158325195,11046700
2022-12-16,38.16999816894531,39.04999923706055,37.849998474121094,38.36000061035156,36.50543975830078,29060700
2022-12-19,38.54999923706055,38.72999954223633,37.09000015258789,37.36000061035156,35.55377960205078,9245700
2022-12-20,37.650001525878906,38.38999938964844,37.650001525878906,37.79999923706055,35.97250747680664,7608100
2022-12-21,38.369998931884766,38.849998474121094,38.130001068115234,38.45000076293945,36.59109115600586,7266700
2022-12-22,38.040000915527344,38.040000915527344,36.849998474121094,37.66999816894531,35.84879684448242,11351300
2022-12-23,37.869998931884766,38.119998931884766,37.31999969482422,38.099998474121094,36.25800323486328,6598000
2022-12-27,38.66999816894531,39.2599983215332,38.40999984741211,38.880001068115234,37.00030517578125,10559300
2022-12-28,38.88999938964844,38.97999954223633,37.58000183105469,37.880001068115234,36.04864501953125,8305500
2022-12-29,38.130001068115234,38.56999969482422,38.060001373291016,38.310001373291016,36.457855224609375,6455800
2022-12-30,38.0,38.209999084472656,37.459999084472656,38.0,36.16283416748047,6820100
2023-01-03,37.95000076293945,39.06999969482422,37.59000015258789,37.91999816894531,36.08671188354492,8576100
2023-01-04,38.0,39.150001525878906,37.720001220703125,39.0,37.1144905090332,10415600
2023-01-05,38.900001525878906,40.27000045776367,38.65999984741211,39.84000015258789,37.91387939453125,12341000
2023-01-06,40.709999084472656,42.599998474121094,40.540000915527344,42.279998779296875,40.23591995239258,16483800
2023-01-09,43.20000076293945,44.18000030517578,42.83000183105469,42.83000183105469,40.75932693481445,17009500
2023-01-10,43.2400016784668,44.81999969482422,43.0099983215332,44.709999084472656,42.54843521118164,16052500
2023-01-11,45.02000045776367,45.369998931884766,44.22999954223633,45.31999969482422,43.12894821166992,18910300
2023-01-12,45.529998779296875,45.849998474121094,44.2400016784668,45.099998474121094,43.06210708618164,12834900
2023-01-13,44.7599983215332,45.43000030517578,44.47999954223633,45.04999923706055,43.014366149902344,11109600
2023-01-17,44.68000030517578,45.189998626708984,44.040000915527344,44.150001525878906,42.1550407409668,12644000
2023-01-18,45.279998779296875,46.380001068115234,43.88999938964844,43.91999816894531,41.935428619384766,19797400
2023-01-19,43.06999969482422,44.470001220703125,42.97999954223633,44.13999938964844,42.14548873901367,13731200
2023-01-20,43.849998474121094,45.439998626708984,43.369998931884766,45.40999984741211,43.35810470581055,12365100
2023-01-23,45.2400016784668,45.54999923706055,44.130001068115234,44.95000076293945,42.91889190673828,11735800
2023-01-24,42.70000076293945,45.5,42.70000076293945,44.59000015258789,42.57514572143555,9720800
2023-01-25,44.22999954223633,46.72999954223633,43.970001220703125,46.63999938964844,44.53252410888672,18821700
2023-01-26,46.27000045776367,46.47999954223633,44.2599983215332,45.45000076293945,43.39629364013672,15945700
2023-01-27,44.9900016784668,45.540000915527344,44.68000030517578,44.81999969482422,42.79476547241211,10871300
2023-01-30,44.369998931884766,45.02000045776367,43.95000076293945,43.97999954223633,41.99272537231445,8850300
2023-01-31,43.70000076293945,44.849998474121094,43.43000030517578,44.619998931884766,42.60379409790039,10931900
2023-02-01,44.27000045776367,45.31999969482422,43.18000030517578,44.810001373291016,42.785213470458984,13159900
2023-02-02,44.689998626708984,44.939998626708984,42.81999969482422,43.709999084472656,41.73491287231445,14696200
2023-02-03,43.380001068115234,44.779998779296875,42.959999084472656,43.15999984741211,41.20976638793945,13162800
2023-02-06,42.689998626708984,43.099998474121094,42.15999984741211,42.95000076293945,41.00925827026367,11026500
2023-02-07,43.02000045776367,43.849998474121094,42.34000015258789,43.689998626708984,41.7158203125,12585600
2023-02-08,43.290000915527344,43.599998474121094,42.88999938964844,43.02000045776367,41.07609558105469,6826000
2023-02-09,43.970001220703125,44.08000183105469,42.58000183105469,42.939998626708984,40.99971008300781,9417800
2023-02-10,42.70000076293945,42.72999954223633,41.810001373291016,42.36000061035156,40.445919036865234,8030400
2023-02-13,41.79999923706055,42.4900016784668,41.310001373291016,42.11000061035156,40.207218170166016,8600600
2023-02-14,41.970001220703125,43.150001525878906,41.540000915527344,42.97999954223633,41.03790283203125,9376200
2023-02-15,41.7400016784668,42.38999938964844,41.33000183105469,42.310001373291016,40.39817810058594,10787200
2023-02-16,42.33000183105469,43.470001220703125,41.95000076293945,42.7599983215332,40.827842712402344,11010300
2023-02-17,42.119998931884766,42.130001068115234,41.20000076293945,41.7400016784668,39.85393524169922,11621300
2023-02-21,42.47999954223633,43.439998626708984,42.38999938964844,42.65999984741211,40.732364654541016,15233000
2023-02-22,42.029998779296875,42.47999954223633,41.459999084472656,41.790000915527344,39.90167999267578,9818800
2023-02-23,41.72999954223633,41.86000061035156,39.939998626708984,40.59000015258789,38.75590133666992,12760600
2023-02-24,39.36000061035156,39.939998626708984,39.0099983215332,39.88999938964844,38.087528228759766,11207300
2023-02-27,40.13999938964844,40.61000061035156,39.810001373291016,40.11000061035156,38.297584533691406,8130300
2023-02-28,40.5099983215332,41.36000061035156,40.130001068115234,40.970001220703125,39.11872863769531,11700900
2023-03-01,42.599998474121094,43.38999938964844,42.33000183105469,43.0,41.05699920654297,14042800
2023-03-02,41.869998931884766,42.959999084472656,41.869998931884766,42.81999969482422,40.885135650634766,9786500
2023-03-03,43.18000030517578,43.880001068115234,42.7400016784668,43.72999954223633,41.75400924682617,10232200
2023-03-06,43.02000045776367,43.02000045776367,42.599998474121094,42.72999954223633,40.79920196533203,8697800
2023-03-07,42.189998626708984,42.310001373291016,39.97999954223633,40.13999938964844,38.32623291015625,16238900
2023-03-08,40.150001525878906,41.439998626708984,40.150001525878906,40.540000915527344,38.70816421508789,9938600
2023-03-09,40.5099983215332,40.900001525878906,38.869998931884766,39.16999816894531,37.40005874633789,11896900
2023-03-10,39.150001525878906,39.5099983215332,37.75,37.880001068115234,36.16835403442383,18172000
2023-03-13,37.08000183105469,38.31999969482422,36.310001373291016,37.61000061035156,35.91055679321289,18949400
2023-03-14,38.84000015258789,38.9900016784668,37.59000015258789,38.040000915527344,36.32112121582031,17198000
2023-03-15,36.2400016784668,36.400001525878906,34.93000030517578,35.5099983215332,33.90544128417969,26465400
2023-03-16,35.18000030517578,36.13999938964844,34.880001068115234,36.099998474121094,34.468780517578125,25292000
2023-03-17,36.22999954223633,36.4900016784668,35.47999954223633,36.22999954223633,34.59291076660156,18290700
2023-03-20,36.97999954223633,37.619998931884766,36.75,37.45000076293945,35.757789611816406,11952500
2023-03-21,37.959999084472656,38.43000030517578,37.65999984741211,38.2599983215332,36.53118133544922,11516000
2023-03-22,38.349998474121094,39.380001068115234,37.779998779296875,37.84000015258789,36.130165100097656,12672800
2023-03-23,38.25,39.27000045776367,37.38999938964844,37.790000915527344,36.082420349121094,15292600
2023-03-24,37.369998931884766,38.209999084472656,36.75,38.0099983215332,36.29247283935547,13894800
2023-03-27,38.31999969482422,38.369998931884766,37.38999938964844,37.97999954223633,36.263832092285156,12486000
2023-03-28,38.369998931884766,38.619998931884766,38.099998474121094,38.369998931884766,36.63621520996094,6945900
2023-03-29,39.0,39.810001373291016,38.900001525878906,39.439998626708984,37.657867431640625,11948800
2023-03-30,40.38999938964844,41.150001525878906,40.029998779296875,40.20000076293945,38.38352584838867,12550600
2023-03-31,40.2599983215332,41.099998474121094,40.22999954223633,40.90999984741211,39.061439514160156,11181300
2023-04-03,41.130001068115234,41.349998474121094,40.470001220703125,41.20000076293945,39.33833312988281,10302400
2023-04-04,40.7599983215332,40.79999923706055,39.709999084472656,40.2599983215332,38.44081497192383,12783000
2023-04-05,39.869998931884766,40.40999984741211,39.56999969482422,40.31999969482422,38.498104095458984,10516000
2023-04-06,40.22999954223633,40.459999084472656,39.54999923706055,40.290000915527344,38.469459533691406,8095600
2023-04-10,40.0,40.380001068115234,39.529998779296875,40.130001068115234,38.31668472290039,9373900
2023-04-11,41.02000045776367,41.5099983215332,40.810001373291016,41.130001068115234,39.27150344848633,11684300
2023-04-12,41.279998779296875,41.65999984741211,40.869998931884766,41.119998931884766,39.2619514465332,9918400
2023-04-13,41.720001220703125,43.2599983215332,41.61000061035156,42.95000076293945,41.15940475463867,17383700
2023-04-14,43.130001068115234,43.459999084472656,42.38999938964844,43.15999984741211,41.36064529418945,11637600
2023-04-17,42.86000061035156,43.04999923706055,41.75,42.119998931884766,40.364009857177734,12149100
2023-04-18,42.41999816894531,43.02000045776367,42.400001525878906,42.959999084472656,41.168983459472656,14166400
2023-04-19,42.099998474121094,42.43000030517578,41.84000015258789,41.88999938964844,40.14360046386719,11655000
2023-04-20,41.189998626708984,41.790000915527344,41.06999969482422,41.36000061035156,39.63569259643555,11494200
2023-04-21,39.790000915527344,40.70000076293945,38.880001068115234,39.65999984741211,38.00656509399414,22431500
2023-04-24,39.189998626708984,39.54999923706055,38.45000076293945,39.529998779296875,37.881988525390625,12908000
2023-04-25,38.189998626708984,38.279998779296875,37.099998474121094,37.75,36.17619323730469,20736100
2023-04-26,37.9900016784668,38.04999923706055,37.06999969482422,37.279998779296875,35.72578811645508,10484500
2023-04-27,37.189998626708984,37.4900016784668,36.68000030517578,37.470001220703125,35.907875061035156,10761200
2023-04-28,37.029998779296875,37.93000030517578,36.90999984741211,37.90999984741211,36.32952117919922,9463200
2023-05-01,38.86000061035156,38.86000061035156,37.349998474121094,37.630001068115234,36.06119918823242,9629300
2023-05-02,37.04999923706055,37.18000030517578,36.2400016784668,36.599998474121094,35.07413864135742,10714600
2023-05-03,36.70000076293945,37.08000183105469,36.279998779296875,36.33000183105469,34.815399169921875,12554000
2023-05-04,36.18000030517578,36.33000183105469,34.7599983215332,35.220001220703125,33.75167465209961,19129300
2023-05-05,35.90999984741211,36.720001220703125,35.7599983215332,36.470001220703125,34.94955825805664,13540300
2023-05-08,37.20000076293945,37.41999816894531,36.45000076293945,36.560001373291016,35.035804748535156,9274700
2023-05-09,36.29999923706055,36.91999816894531,36.15999984741211,36.65999984741211,35.131629943847656,11133300
2023-05-10,36.95000076293945,37.0,35.5099983215332,36.2400016784668,34.729148864746094,11944500
2023-05-11,34.7599983215332,34.959999084472656,34.290000915527344,34.540000915527344,33.10000991821289,17097700
2023-05-12,34.70000076293945,34.9900016784668,34.369998931884766,34.9900016784668,33.53126525878906,10943100
2023-05-15,35.22999954223633,36.25,34.959999084472656,36.130001068115234,34.62373352050781,13039800
2023-05-16,35.95000076293945,36.29999923706055,35.16999816894531,35.25,33.780426025390625,12940400
2023-05-17,36.33000183105469,36.52000045776367,35.40999984741211,35.81999969482422,34.326663970947266,14459700
2023-05-18,35.119998931884766,35.86000061035156,34.83000183105469,35.68000030517578,34.19249725341797,9791600
2023-05-19,36.029998779296875,36.2400016784668,35.43000030517578,35.72999954223633,34.24040985107422,8720600
2023-05-22,35.720001220703125,36.040000915527344,35.599998474121094,35.619998931884766,34.13499450683594,6280800
2023-05-23,35.220001220703125,35.2400016784668,34.5099983215332,34.68000030517578,33.23417663574219,11101800
2023-05-24,34.099998474121094,34.130001068115234,33.04999923706055,33.209999084472656,31.82546043395996,17677500
2023-05-25,33.400001525878906,33.7400016784668,33.060001373291016,33.630001068115234,32.227962493896484,12397000
2023-05-26,34.869998931884766,35.130001068115234,34.470001220703125,34.77000045776367,33.320438385009766,14099700
2023-05-30,34.720001220703125,34.7400016784668,33.84000015258789,34.22999954223633,32.80294418334961,13296500
2023-05-31,33.72999954223633,34.41999816894531,33.310001373291016,34.34000015258789,32.90835952758789,16890300
2023-06-01,34.86000061035156,35.88999938964844,34.68000030517578,35.470001220703125,33.99124526977539,14008700
2023-06-02,37.290000915527344,37.560001373291016,36.619998931884766,37.189998626708984,35.63954162597656,20451100
2023-06-05,37.45000076293945,37.45000076293945,36.27000045776367,37.040000915527344,35.49579620361328,10166900
2023-06-06,36.91999816894531,37.810001373291016,36.91999816894531,37.7400016784668,36.1666145324707,8924700
2023-06-07,37.790000915527344,38.310001373291016,37.529998779296875,37.56999969482422,36.003700256347656,15290200
2023-06-08,37.880001068115234,38.06999969482422,37.40999984741211,37.84000015258789,36.262447357177734,9407100
2023-06-09,37.79999923706055,38.04999923706055,37.54999923706055,37.88999938964844,36.31035614013672,9268800
2023-06-12,37.470001220703125,38.189998626708984,36.880001068115234,37.81999969482422,36.2432746887207,10721100
2023-06-13,39.2400016784668,40.119998931884766,39.16999816894531,39.81999969482422,38.15990447998047,17147800
2023-06-14,40.599998474121094,40.75,39.52000045776367,40.060001373291016,38.389896392822266,10557700
2023-06-15,40.0099983215332,40.5099983215332,39.880001068115234,40.08000183105469,38.409053802490234,12694600
2023-06-16,39.790000915527344,40.150001525878906,39.58000183105469,39.88999938964844,38.22697448730469,16144200
2023-06-20,39.54999923706055,39.65999984741211,38.58000183105469,39.400001525878906,37.75740432739258,11959300
2023-06-21,38.970001220703125,40.040000915527344,38.90999984741211,39.77000045776367,38.11198043823242,10526700
2023-06-22,39.4900016784668,39.77000045776367,39.150001525878906,39.720001220703125,38.06406784057617,10897100
2023-06-23,38.47999954223633,38.54999923706055,37.900001525878906,38.369998931884766,36.770347595214844,12456600
2023-06-26,38.439998626708984,39.56999969482422,38.439998626708984,39.27000045776367,37.6328239440918,9130600
2023-06-27,39.56999969482422,40.5099983215332,39.45000076293945,40.40999984741211,38.72529983520508,12084700
2023-06-28,39.75,39.75,38.7599983215332,39.220001220703125,37.58491134643555,14802000
2023-06-29,38.93000030517578,39.400001525878906,38.599998474121094,39.349998474121094,37.70948791503906,10597100
2023-06-30,39.90999984741211,40.09000015258789,39.439998626708984,40.0,38.332393646240234,12637600
2023-07-03,40.40999984741211,41.310001373291016,40.279998779296875,40.7599983215332,39.06070327758789,6915700
2023-07-05,40.18000030517578,40.209999084472656,38.779998779296875,39.18000030517578,37.54658508300781,13610800
2023-07-06,38.290000915527344,38.61000061035156,37.20000076293945,37.90999984741211,36.32952117919922,17541100
2023-07-07,38.040000915527344,39.13999938964844,37.810001373291016,38.63999938964844,37.029090881347656,11158400
2023-07-10,38.2400016784668,39.0099983215332,38.220001220703125,38.97999954223633,37.354915618896484,9122300
2023-07-11,39.34000015258789,39.83000183105469,38.959999084472656,39.709999084472656,38.05448532104492,11554100
2023-07-12,40.599998474121094,41.060001373291016,40.40999984741211,40.720001220703125,39.02237319946289,11778100
2023-07-13,41.189998626708984,42.2400016784668,41.189998626708984,42.08000183105469,40.47478103637695,16155700
2023-07-14,42.09000015258789,42.09000015258789,40.90999984741211,41.08000183105469,39.51291275024414,13132300
2023-07-17,40.060001373291016,40.529998779296875,39.83000183105469,40.459999084472656,38.91656494140625,8037400
2023-07-18,40.209999084472656,40.869998931884766,40.060001373291016,40.40999984741211,38.86848449707031,8934200
2023-07-19,40.119998931884766,40.7400016784668,39.7599983215332,40.66999816894531,39.118560791015625,15002500
2023-07-20,41.75,42.5099983215332,41.310001373291016,41.88999938964844,40.29201889038086,17041800
2023-07-21,42.31999969482422,42.31999969482422,40.5,40.61000061035156,39.06084442138672,11550700
2023-07-24,40.720001220703125,42.619998931884766,40.68000030517578,42.099998474121094,40.49400329589844,16669400
2023-07-25,42.97999954223633,44.25,42.880001068115234,43.689998626708984,42.02336502075195,19515400
2023-07-26,43.22999954223633,43.95000076293945,42.900001525878906,43.40999984741211,41.754032135009766,12767000
2023-07-27,43.689998626708984,44.34000015258789,43.18000030517578,43.290000915527344,41.638607025146484,13403200
2023-07-28,43.880001068115234,43.880001068115234,43.0099983215332,43.630001068115234,41.96564865112305,9641100
2023-07-31,44.09000015258789,44.70000076293945,44.029998779296875,44.650001525878906,42.94673538208008,10282600
2023-08-01,43.68000030517578,44.09000015258789,43.40999984741211,43.75,42.08106231689453,9046100
2023-08-02,42.959999084472656,43.2599983215332,42.20000076293945,42.56999969482422,40.94607925415039,10714400
2023-08-03,42.529998779296875,43.400001525878906,42.15999984741211,43.04999923706055,41.40776443481445,8557900
2023-08-04,42.900001525878906,43.15999984741211,42.27000045776367,42.5099983215332,40.888362884521484,8161900
2023-08-07,42.70000076293945,42.70000076293945,42.119998931884766,42.290000915527344,40.676753997802734,6637300
2023-08-08,41.150001525878906,42.77000045776367,40.709999084472656,42.689998626708984,41.06150436401367,10580500
2023-08-09,42.959999084472656,43.369998931884766,42.380001068115234,42.43000030517578,40.811424255371094,8842900
2023-08-10,42.58000183105469,43.029998779296875,42.20000076293945,42.380001068115234,40.763328552246094,9092400
2023-08-11,41.66999816894531,41.959999084472656,41.060001373291016,41.41999816894531,39.83994674682617,8627800
2023-08-14,40.65999984741211,41.22999954223633,39.95000076293945,41.209999084472656,39.63795852661133,12482600
2023-08-15,40.38999938964844,40.459999084472656,39.599998474121094,39.849998474121094,38.329837799072266,11486800
2023-08-16,39.599998474121094,40.09000015258789,38.9900016784668,39.0099983215332,37.52188491821289,9967700
2023-08-17,39.9900016784668,40.349998474121094,39.59000015258789,39.619998931884766,38.10861587524414,10921000
2023-08-18,39.06999969482422,39.290000915527344,38.52000045776367,38.84000015258789,37.35837173461914,12635600
2023-08-21,39.04999923706055,39.27000045776367,38.45000076293945,38.72999954223633,37.2525634765625,8988200
2023-08-22,39.540000915527344,39.63999938964844,38.61000061035156,38.88999938964844,37.406463623046875,7596600
2023-08-23,38.91999816894531,39.7599983215332,38.81999969482422,39.2599983215332,37.762351989746094,9647200
2023-08-24,38.81999969482422,39.15999984741211,38.29999923706055,38.400001525878906,36.93515396118164,8152600
2023-08-25,38.61000061035156,38.75,37.7400016784668,38.33000183105469,36.86782455444336,8446600
2023-08-28,38.65999984741211,39.18000030517578,38.43000030517578,38.959999084472656,37.47378921508789,8445700
2023-08-29,38.880001068115234,40.220001220703125,38.709999084472656,40.189998626708984,38.65686798095703,9229100
2023-08-30,40.09000015258789,40.54999923706055,39.869998931884766,40.189998626708984,38.65686798095703,6655900
2023-08-31,40.2599983215332,40.34000015258789,39.68000030517578,39.90999984741211,38.38754653930664,8605100
2023-09-01,40.91999816894531,41.81999969482422,40.880001068115234,41.4900016784668,39.90727615356445,10985300
2023-09-05,41.349998474121094,41.849998474121094,40.72999954223633,40.79999923706055,39.243595123291016,6392900
2023-09-06,40.130001068115234,40.470001220703125,39.689998626708984,40.40999984741211,38.86848449707031,7647800
2023-09-07,39.599998474121094,39.83000183105469,39.290000915527344,39.7599983215332,38.2432746887207,7450800
2023-09-08,39.540000915527344,39.7400016784668,39.16999816894531,39.290000915527344,37.79120635986328,6337000
2023-09-11,40.38999938964844,40.61000061035156,39.79999923706055,40.11000061035156,38.579925537109375,6583400
2023-09-12,39.86000061035156,40.560001373291016,39.79999923706055,40.060001373291016,38.531829833984375,8955000
2023-09-13,39.970001220703125,40.25,39.599998474121094,39.7400016784668,38.224037170410156,5233600
2023-09-14,41.029998779296875,41.400001525878906,40.66999816894531,40.68000030517578,39.128173828125,7455300
2023-09-15,40.66999816894531,40.97999954223633,40.22999954223633,40.369998931884766,38.83000183105469,11064400
2023-09-18,40.40999984741211,40.43000030517578,39.66999816894531,40.189998626708984,38.65686798095703,6683100
2023-09-19,40.20000076293945,40.47999954223633,38.65999984741211,38.81999969482422,37.33913040161133,12864800
2023-09-20,39.040000915527344,39.599998474121094,38.66999816894531,38.689998626708984,37.214088439941406,7265000
2023-09-21,37.880001068115234,37.93000030517578,37.20000076293945,37.22999954223633,35.80978775024414,12882000
2023-09-22,37.86000061035156,37.970001220703125,37.099998474121094,37.150001525878906,35.73283767700195,7816000
2023-09-25,36.75,37.2400016784668,36.41999816894531,37.20000076293945,35.780921936035156,6611100
2023-09-26,36.56999969482422,37.29999923706055,36.349998474121094,36.56999969482422,35.17496109008789,11739900
2023-09-27,36.77000045776367,36.959999084472656,36.040000915527344,36.54999923706055,35.15571975708008,10358400
2023-09-28,37.029998779296875,37.4900016784668,36.91999816894531,37.33000183105469,35.905967712402344,10314500
2023-09-29,37.970001220703125,38.220001220703125,37.02000045776367,37.290000915527344,35.86749267578125,10169400
2023-10-02,36.77000045776367,37.130001068115234,36.189998626708984,36.63999938964844,35.24229049682617,8687500
2023-10-03,36.099998474121094,36.779998779296875,36.0099983215332,36.34000015258789,34.9537353515625,11198100
2023-10-04,36.54999923706055,36.54999923706055,35.45000076293945,35.86000061035156,34.49204635620117,13597300
2023-10-05,35.79999923706055,36.029998779296875,35.029998779296875,35.369998931884766,34.02074432373047,13218400
2023-10-06,35.47999954223633,37.0,35.29999923706055,36.66999816894531,35.271148681640625,12692300
2023-10-09,36.33000183105469,37.15999984741211,36.2400016784668,36.83000183105469,35.425045013427734,7766200
2023-10-10,37.150001525878906,37.83000183105469,37.029998779296875,37.290000915527344,35.86749267578125,11390300
2023-10-11,37.619998931884766,37.619998931884766,36.7599983215332,37.150001525878906,35.73283767700195,6235900
2023-10-12,36.970001220703125,37.0,35.619998931884766,36.06999969482422,34.83469009399414,11862200
2023-10-13,36.310001373291016,36.380001068115234,35.31999969482422,35.45000076293945,34.23592758178711,9435300
2023-10-16,35.79999923706055,36.349998474121094,35.529998779296875,35.849998474121094,34.62221908569336,10920500
2023-10-17,35.43000030517578,36.66999816894531,35.209999084472656,36.47999954223633,35.23064422607422,11333800
2023-10-18,35.91999816894531,36.2400016784668,35.470001220703125,35.61000061035156,34.39044189453125,12195000
2023-10-19,35.5099983215332,36.029998779296875,34.83000183105469,35.22999954223633,34.02346420288086,15584400
2023-10-20,34.86000061035156,35.130001068115234,33.720001220703125,33.880001068115234,32.719696044921875,16094400
2023-10-23,33.68000030517578,33.9900016784668,33.08000183105469,33.5099983215332,32.36236572265625,11470800
2023-10-24,33.630001068115234,34.58000183105469,33.400001525878906,34.41999816894531,33.2411994934082,12380500
2023-10-25,34.34000015258789,34.709999084472656,33.75,33.84000015258789,32.681060791015625,10861900
2023-10-26,33.68000030517578,34.15999984741211,33.41999816894531,33.709999084472656,32.555511474609375,10294400
2023-10-27,34.310001373291016,34.459999084472656,33.52000045776367,33.66999816894531,32.51688003540039,10565300
2023-10-30,34.08000183105469,34.40999984741211,33.790000915527344,34.040000915527344,32.87420654296875,11163100
2023-10-31,33.63999938964844,33.91999816894531,33.27000045776367,33.779998779296875,32.62311935424805,9175200
2023-11-01,33.869998931884766,33.9900016784668,33.290000915527344,33.709999084472656,32.555511474609375,9698600
2023-11-02,34.310001373291016,35.130001068115234,34.310001373291016,35.0099983215332,33.81098556518555,9225600
2023-11-03,35.650001525878906,35.9900016784668,35.08000183105469,35.150001525878906,33.94619369506836,9307300
2023-11-06,35.5099983215332,35.599998474121094,35.15999984741211,35.369998931884766,34.15866470336914,7805900
2023-11-07,34.65999984741211,34.689998626708984,33.72999954223633,34.060001373291016,32.89352798461914,12611900
2023-11-08,33.880001068115234,34.279998779296875,33.29999923706055,33.61000061035156,32.45893478393555,10634700
2023-11-09,34.029998779296875,34.220001220703125,33.09000015258789,33.2400016784668,32.10161209106445,9730500
2023-11-10,33.09000015258789,33.83000183105469,32.83000183105469,33.68000030517578,32.52653503417969,9922100
2023-11-13,33.61000061035156,33.93000030517578,33.380001068115234,33.43000030517578,32.285099029541016,8944500
2023-11-14,34.54999923706055,35.68000030517578,34.54999923706055,35.16999816894531,33.96550369262695,11724600
2023-11-15,35.47999954223633,36.380001068115234,35.290000915527344,36.0,34.767086029052734,14733400
2023-11-16,35.88999938964844,36.099998474121094,35.290000915527344,35.540000915527344,34.32283401489258,10034700
2023-11-17,35.900001525878906,36.2400016784668,35.470001220703125,36.0,34.767086029052734,8961500
2023-11-20,36.15999984741211,37.099998474121094,36.08000183105469,36.650001525878906,35.39482116699219,12322100
2023-11-21,36.970001220703125,37.529998779296875,36.849998474121094,37.0,35.73283767700195,11351800
2023-11-22,36.79999923706055,37.040000915527344,36.52000045776367,36.88999938964844,35.62660217285156,7624400
2023-11-24,36.7400016784668,37.220001220703125,36.599998474121094,36.84000015258789,35.57831573486328,3536700
2023-11-27,36.529998779296875,36.66999816894531,36.15999984741211,36.59000015258789,35.33687973022461,8251400
2023-11-28,36.709999084472656,37.5,36.459999084472656,37.220001220703125,35.9453010559082,11345400
2023-11-29,37.43000030517578,37.58000183105469,36.77000045776367,37.16999816894531,35.89701461791992,9792300
2023-11-30,37.27000045776367,37.470001220703125,36.93000030517578,37.31999969482422,36.04187774658203,10439000
2023-12-01,37.84000015258789,39.459999084472656,37.7400016784668,39.2400016784668,37.89612579345703,18671400
2023-12-04,38.09000015258789,38.58000183105469,37.5,37.61000061035156,36.32194519042969,15675100
2023-12-05,37.33000183105469,37.33000183105469,36.54999923706055,36.56999969482422,35.31755828857422,13057200
2023-12-06,36.869998931884766,37.18000030517578,36.20000076293945,36.25,35.00852584838867,9356900
2023-12-07,36.56999969482422,36.849998474121094,36.040000915527344,36.369998931884766,35.12441635131836,10691600
2023-12-08,37.04999923706055,38.40999984741211,36.88999938964844,38.150001525878906,36.84345626831055,19549100
2023-12-11,37.529998779296875,38.040000915527344,37.29999923706055,37.869998931884766,36.57303237915039,8606700
2023-12-12,37.70000076293945,37.77000045776367,37.16999816894531,37.41999816894531,36.13844299316406,13640500
2023-12-13,37.4900016784668,39.22999954223633,37.13999938964844,39.189998626708984,37.84783172607422,15442500
2023-12-14,40.29999923706055,42.31999969482422,40.29999923706055,41.970001220703125,40.53263473510742,29234600
2023-12-15,40.95000076293945,41.959999084472656,40.95000076293945,41.5,40.07872772216797,23084700
2023-12-18,41.56999969482422,42.439998626708984,41.34000015258789,41.349998474121094,39.933860778808594,12242000
2023-12-19,42.029998779296875,42.619998931884766,42.0,42.18000030517578,40.735435485839844,16499800
2023-12-20,41.77000045776367,42.349998474121094,41.290000915527344,41.34000015258789,39.92420196533203,10798700
2023-12-21,41.970001220703125,42.29999923706055,41.83000183105469,42.22999954223633,40.78372573852539,7032300
2023-12-22,42.529998779296875,42.84000015258789,42.099998474121094,42.380001068115234,40.928585052490234,6984600
2023-12-26,42.599998474121094,43.08000183105469,42.5099983215332,42.83000183105469,41.36317443847656,6701000
2023-12-27,43.040000915527344,43.41999816894531,42.779998779296875,43.20000076293945,41.720497131347656,7172600
2023-12-28,42.95000076293945,43.25,42.880001068115234,43.02000045776367,41.54666519165039,5426700
2023-12-29,42.40999984741211,42.91999816894531,42.27000045776367,42.56999969482422,41.1120719909668,6509700
2024-01-02,41.959999084472656,42.540000915527344,41.7599983215332,42.09000015258789,40.64851760864258,9620900
2024-01-03,40.970001220703125,41.689998626708984,40.59000015258789,41.369998931884766,39.95317459106445,13723000
2024-01-04,41.119998931884766,41.58000183105469,40.720001220703125,41.54999923706055,40.127010345458984,11897500
2024-01-05,41.25,41.970001220703125,41.099998474121094,41.40999984741211,39.99180221557617,8420600
2024-01-08,41.27000045776367,42.25,41.029998779296875,42.20000076293945,40.7547492980957,9226300
2024-01-09,41.630001068115234,41.91999816894531,41.459999084472656,41.70000076293945,40.271873474121094,9119800
2024-01-10,41.54999923706055,41.650001525878906,41.130001068115234,41.29999923706055,39.88557052612305,8167500
2024-01-11,41.59000015258789,41.59000015258789,40.599998474121094,41.029998779296875,39.769256591796875,8279700
2024-01-12,41.349998474121094,41.77000045776367,40.7599983215332,40.939998626708984,39.68202209472656,7622500
2024-01-16,40.310001373291016,40.310001373291016,38.720001220703125,38.900001525878906,37.7047119140625,16524400
2024-01-17,38.0,38.31999969482422,37.599998474121094,38.2400016784668,37.06498336791992,11757200
2024-01-18,38.38999938964844,38.40999984741211,37.81999969482422,38.209999084472656,37.03590774536133,10158600
2024-01-19,38.189998626708984,38.81999969482422,37.779998779296875,38.77000045776367,37.57870101928711,13539600
2024-01-22,38.09000015258789,38.20000076293945,37.470001220703125,37.47999954223633,36.328338623046875,19429000
2024-01-23,38.150001525878906,38.720001220703125,37.81999969482422,38.16999816894531,36.997135162353516,18432900
2024-01-24,40.650001525878906,40.9900016784668,39.66999816894531,39.720001220703125,38.49951171875,27944600
2024-01-25,39.970001220703125,40.130001068115234,38.7599983215332,39.439998626708984,38.228118896484375,15599800
2024-01-26,39.68000030517578,40.150001525878906,39.40999984741211,39.59000015258789,38.373504638671875,10135100
2024-01-29,39.7400016784668,40.290000915527344,39.0099983215332,40.22999954223633,38.99383544921875,8875500
2024-01-30,39.849998474121094,40.13999938964844,39.459999084472656,39.970001220703125,38.7418327331543,10859000
2024-01-31,40.15999984741211,40.810001373291016,39.650001525878906,39.689998626708984,38.470428466796875,16275400
2024-02-01,39.880001068115234,40.209999084472656,39.5099983215332,40.18000030517578,38.94537353515625,10854300
2024-02-02,39.52000045776367,40.2599983215332,38.88999938964844,40.099998474121094,38.867828369140625,14120200
2024-02-05,39.209999084472656,39.22999954223633,37.9900016784668,38.68000030517578,37.4914665222168,16202100
2024-02-06,39.02000045776367,40.220001220703125,38.93000030517578,40.16999816894531,38.93568420410156,13060700
2024-02-07,40.099998474121094,40.119998931884766,38.90999984741211,39.20000076293945,37.99549102783203,9705200
2024-02-08,38.849998474121094,38.900001525878906,37.88999938964844,38.119998931884766,36.94866943359375,13849300
2024-02-09,37.84000015258789,37.90999984741211,37.2599983215332,37.36000061035156,36.2120246887207,15822200
2024-02-12,37.47999954223633,37.970001220703125,37.310001373291016,37.689998626708984,36.53188705444336,12932600
2024-02-13,36.880001068115234,37.119998931884766,36.2599983215332,36.65999984741211,35.53353500366211,14272300
2024-02-14,36.88999938964844,37.25,36.54999923706055,37.20000076293945,36.056941986083984,9269200
2024-02-15,37.36000061035156,38.349998474121094,37.36000061035156,38.25,37.07468032836914,10171000
2024-02-16,39.099998474121094,39.75,38.79999923706055,38.83000183105469,37.636863708496094,12614300
2024-02-20,38.41999816894531,38.5099983215332,38.0,38.13999938964844,36.96805953979492,10516300
2024-02-21,38.470001220703125,39.0099983215332,38.400001525878906,38.86000061035156,37.66593933105469,11343900
2024-02-22,38.630001068115234,39.040000915527344,38.5099983215332,38.66999816894531,37.48176956176758,9548500
2024-02-23,38.790000915527344,39.150001525878906,38.59000015258789,38.959999084472656,37.76286697387695,10291600
2024-02-26,38.36000061035156,38.40999984741211,37.599998474121094,38.029998779296875,36.86144256591797,10433100
2024-02-27,38.5099983215332,38.7400016784668,37.900001525878906,38.15999984741211,36.98744201660156,6760200
2024-02-28,37.7400016784668,37.84000015258789,37.290000915527344,37.40999984741211,36.26049041748047,10166200
2024-02-29,38.18000030517578,38.40999984741211,37.75,37.810001373291016,36.64820098876953,16037500
2024-03-01,37.939998626708984,38.349998474121094,37.599998474121094,37.93000030517578,36.76451110839844,10343200
2024-03-04,38.0,38.45000076293945,37.63999938964844,38.31999969482422,37.14252471923828,9192600
2024-03-05,38.0099983215332,38.27000045776367,36.75,37.119998931884766,35.979400634765625,13885400
2024-03-06,38.18000030517578,38.7599983215332,37.91999816894531,38.13999938964844,36.96805953979492,11704200
2024-03-07,39.31999969482422,40.45000076293945,39.25,39.810001373291016,38.58675003051758,12895700
2024-03-08,39.9900016784668,40.13999938964844,39.54999923706055,39.849998474121094,38.625518798828125,7670800
2024-03-11,39.779998779296875,40.66999816894531,39.779998779296875,40.41999816894531,39.17799758911133,9599800
2024-03-12,40.66999816894531,40.779998779296875,39.79999923706055,40.36000061035156,39.11984634399414,8841400
2024-03-13,41.54999923706055,43.7599983215332,41.529998779296875,43.40999984741211,42.07612228393555,26393300
2024-03-14,43.689998626708984,43.83000183105469,42.93000030517578,43.31999969482422,41.988895416259766,16004500
2024-03-15,43.63999938964844,44.900001525878906,43.5,44.61000061035156,43.2392578125,33978700
2024-03-18,44.959999084472656,45.470001220703125,44.369998931884766,44.47999954223633,43.11324691772461,14482200
2024-03-19,43.68000030517578,44.470001220703125,43.36000061035156,44.33000183105469,42.96786117553711,13528600
2024-03-20,44.290000915527344,46.459999084472656,43.93000030517578,46.0099983215332,44.59623336791992,20140800
2024-03-21,46.38999938964844,46.400001525878906,45.470001220703125,46.2400016784668,44.81916809082031,17023900
2024-03-22,46.099998474121094,46.099998474121094,45.08000183105469,45.099998474121094,43.71419143676758,14515000
2024-03-25,45.45000076293945,46.4900016784668,45.209999084472656,45.349998474121094,43.956520080566406,7754800
2024-03-26,45.4900016784668,45.4900016784668,44.61000061035156,44.72999954223633,43.355567932128906,10490000
2024-03-27,44.939998626708984,45.939998626708984,44.540000915527344,45.880001068115234,44.47023391723633,10700000
2024-03-28,46.20000076293945,47.189998626708984,45.959999084472656,47.02000045776367,45.57520294189453,20169000
2024-04-01,47.529998779296875,47.810001373291016,47.220001220703125,47.33000183105469,45.87567901611328,10376000
2024-04-02,47.849998474121094,48.84000015258789,47.310001373291016,48.380001068115234,46.89341354370117,22037500
2024-04-03,48.709999084472656,49.75,48.63999938964844,49.61000061035156,48.08561325073242,19957500
2024-04-04,49.9900016784668,50.25,48.86000061035156,49.18000030517578,47.66883087158203,24836900
2024-04-05,49.29999923706055,49.58000183105469,48.65999984741211,49.470001220703125,47.949920654296875,14155200
2024-04-08,50.029998779296875,50.27000045776367,49.41999816894531,50.0,48.46363067626953,12745900
2024-04-09,51.45000076293945,52.029998779296875,50.5099983215332,51.29999923706055,49.72368621826172,17624600
2024-04-10,49.97999954223633,51.380001068115234,49.59000015258789,50.91999816894531,49.35536193847656,16142600
2024-04-11,51.029998779296875,51.34000015258789,49.959999084472656,50.7400016784668,49.1808967590332,12975700
2024-04-12,51.90999984741211,52.41999816894531,49.33000183105469,49.470001220703125,48.092098236083984,19983800
2024-04-15,50.70000076293945,51.04999923706055,49.66999816894531,50.02000045776367,48.62677001953125,15047100
2024-04-16,48.41999816894531,49.61000061035156,48.08000183105469,49.40999984741211,48.03376388549805,20075200
2024-04-17,50.459999084472656,51.13999938964844,49.459999084472656,49.81999969482422,48.432350158691406,15795700
2024-04-18,50.81999969482422,51.040000915527344,49.68000030517578,50.15999984741211,48.76287078857422,15717500
2024-04-19,50.25,51.08000183105469,49.369998931884766,49.61000061035156,48.22819900512695,17066700
2024-04-22,48.220001220703125,49.40999984741211,47.79999923706055,48.95000076293945,47.586578369140625,20147900
2024-04-23,47.45000076293945,48.689998626708984,47.099998474121094,47.9900016784668,46.653316497802734,19439600
2024-04-24,48.22999954223633,48.459999084472656,47.380001068115234,48.2400016784668,46.89635467529297,11838300
2024-04-25,48.939998626708984,49.65999984741211,47.9900016784668,49.400001525878906,48.024044036865234,15974700
2024-04-26,49.939998626708984,50.720001220703125,49.540000915527344,50.5,49.093406677246094,19037100
2024-04-29,51.25,52.52000045776367,50.779998779296875,52.40999984741211,50.9502067565918,22023300
2024-04-30,50.5,51.20000076293945,49.900001525878906,49.939998626708984,48.54899597167969,17226600
2024-05-01,50.150001525878906,51.400001525878906,49.380001068115234,49.90999984741211,48.51983642578125,19247700
2024-05-02,49.369998931884766,49.38999938964844,48.220001220703125,48.779998779296875,47.42131042480469,24389400
2024-05-03,50.0,50.54999923706055,49.13999938964844,50.45000076293945,49.044795989990234,14498100
2024-05-06,51.20000076293945,51.5099983215332,50.540000915527344,50.9900016784668,49.569759368896484,10952000
2024-05-07,51.0,51.459999084472656,50.810001373291016,51.38999938964844,49.9586181640625,13121500
2024-05-08,50.20000076293945,50.709999084472656,49.43000030517578,49.959999084472656,48.568443298339844,14197700
2024-05-09,50.06999969482422,51.349998474121094,49.70000076293945,51.08000183105469,49.657249450683594,10234500
2024-05-10,51.66999816894531,52.0,51.349998474121094,51.59000015258789,50.153045654296875,14535000
2024-05-13,51.9900016784668,52.5,51.77000045776367,52.040000915527344,50.59051513671875,9210500
2024-05-14,52.33000183105469,53.65999984741211,52.33000183105469,53.47999954223633,51.99040222167969,17714100
2024-05-15,53.810001373291016,54.09000015258789,52.13999938964844,53.61000061035156,52.116783142089844,17286800
2024-05-16,53.810001373291016,54.04999923706055,51.90999984741211,52.040000915527344,50.59051513671875,14800500
2024-05-17,52.72999954223633,54.349998474121094,52.54999923706055,54.22999954223633,52.719512939453125,17946500
2024-05-20,54.0,55.2400016784668,53.380001068115234,54.86000061035156,53.33197021484375,15774400
2024-05-21,54.880001068115234,54.95000076293945,53.59000015258789,54.31999969482422,52.8070068359375,18146900
2024-05-22,51.810001373291016,52.75,50.599998474121094,51.22999954223633,49.80306625366211,26299700
2024-05-23,51.88999938964844,51.970001220703125,50.810001373291016,51.20000076293945,49.77391052246094,16864800
2024-05-24,51.5099983215332,52.08000183105469,51.290000915527344,51.529998779296875,50.09471130371094,9650000
2024-05-28,53.060001373291016,53.88999938964844,52.279998779296875,53.630001068115234,52.136226654052734,14922100
2024-05-29,52.72999954223633,53.20000076293945,52.400001525878906,52.77000045776367,51.300174713134766,11570900
2024-05-30,51.5099983215332,52.65999984741211,51.40999984741211,52.310001373291016,50.85299301147461,13146600
2024-05-31,52.7400016784668,53.290000915527344,51.209999084472656,52.72999954223633,51.26129150390625,18379900
2024-06-03,53.150001525878906,53.150001525878906,51.5099983215332,52.040000915527344,50.59051513671875,10249400
2024-06-04,51.029998779296875,51.04999923706055,48.40999984741211,49.70000076293945,48.3156852722168,24814600
2024-06-05,50.0,50.61000061035156,49.65999984741211,50.4900016784668,49.08367919921875,12639500
2024-06-06,50.66999816894531,51.279998779296875,49.900001525878906,51.25,49.822513580322266,11009100
2024-06-07,49.650001525878906,49.79999923706055,48.83000183105469,49.27000045776367,47.89766311645508,16056400
2024-06-10,49.5099983215332,50.220001220703125,49.400001525878906,50.0,48.60733413696289,11051100
2024-06-11,48.90999984741211,49.439998626708984,48.279998779296875,49.34000015258789,47.96571731567383,10672900
2024-06-12,50.86000061035156,51.27000045776367,48.91999816894531,49.20000076293945,47.829612731933594,10109900
2024-06-13,49.11000061035156,49.11000061035156,47.61000061035156,47.9900016784668,46.653316497802734,12397800
2024-06-14,47.709999084472656,49.189998626708984,47.380001068115234,48.11000061035156,46.76996994018555,8370200
2024-06-17,47.36000061035156,47.4900016784668,46.56999969482422,47.2599983215332,45.94364547729492,11361400
2024-06-18,47.15999984741211,47.91999816894531,46.880001068115234,47.689998626708984,46.361663818359375,9008900
2024-06-20,48.4900016784668,49.540000915527344,48.220001220703125,49.36000061035156,47.98515701293945,14675800
2024-06-21,49.09000015258789,49.81999969482422,48.209999084472656,49.560001373291016,48.17959213256836,18825000
2024-06-24,49.470001220703125,50.720001220703125,49.36000061035156,50.380001068115234,48.976749420166016,11347400
2024-06-25,49.959999084472656,50.029998779296875,49.470001220703125,49.880001068115234,48.49067306518555,7944700
2024-06-26,49.86000061035156,49.9900016784668,49.0,49.470001220703125,48.092098236083984,8416200
2024-06-27,49.650001525878906,49.689998626708984,48.16999816894531,48.31999969482422,46.97412872314453,8987900
2024-06-28,49.20000076293945,49.4900016784668,48.34000015258789,48.599998474121094,47.24631881713867,12546100
2024-07-01,49.119998931884766,49.689998626708984,48.22999954223633,48.40999984741211,47.06161880493164,6817200
2024-07-02,47.880001068115234,48.790000915527344,47.70000076293945,48.709999084472656,47.3532600402832,8470200
2024-07-03,49.40999984741211,51.15999984741211,49.40999984741211,50.650001525878906,49.23923110961914,8913700
2024-07-05,51.11000061035156,51.84000015258789,51.029998779296875,51.52000045776367,50.084991455078125,8300600
2024-07-08,51.11000061035156,51.380001068115234,50.529998779296875,51.130001068115234,49.70585250854492,9030800
2024-07-09,51.060001373291016,51.79999923706055,50.650001525878906,50.79999923706055,49.385047912597656,9349900
2024-07-10,50.939998626708984,51.970001220703125,50.75,51.59000015258789,50.153045654296875,9197100
2024-07-11,51.63999938964844,51.939998626708984,50.939998626708984,51.5099983215332,50.07527160644531,8219400
2024-07-12,51.95000076293945,51.970001220703125,51.11000061035156,51.279998779296875,49.8516845703125,8004100
2024-07-15,50.61000061035156,51.029998779296875,49.70000076293945,50.41999816894531,49.159427642822266,9112900
2024-07-16,49.470001220703125,50.16999816894531,48.63999938964844,50.06999969482422,48.818180084228516,11035800
2024-07-17,49.959999084472656,50.08000183105469,48.369998931884766,48.5,47.28742980957031,12056600
2024-07-18,47.90999984741211,48.029998779296875,45.529998779296875,45.91999816894531,44.771942138671875,17498900
2024-07-19,45.68000030517578,46.29999923706055,45.470001220703125,45.900001525878906,44.75243377685547,9671000
2024-07-22,45.849998474121094,46.13999938964844,45.459999084472656,46.0099983215332,44.859683990478516,12381400
2024-07-23,45.0,45.5,43.540000915527344,45.27000045776367,44.138187408447266,18792700
2024-07-24,45.59000015258789,45.7599983215332,44.119998931884766,44.18000030517578,43.075439453125,18534000
2024-07-25,44.02000045776367,45.2599983215332,43.27000045776367,44.529998779296875,43.416683197021484,16904600
2024-07-26,45.439998626708984,45.5,44.369998931884766,45.0,43.874935150146484,10390500
2024-07-29,44.4900016784668,44.810001373291016,44.130001068115234,44.380001068115234,43.27043914794922,9192600
2024-07-30,43.88999938964844,44.22999954223633,43.4900016784668,43.849998474121094,42.75368881225586,11608700
2024-07-31,46.0099983215332,46.369998931884766,45.119998931884766,45.40999984741211,44.27468490600586,13050800
2024-08-01,45.119998931884766,45.439998626708984,43.18000030517578,43.630001068115234,42.5391845703125,12260100
2024-08-02,43.279998779296875,43.279998779296875,41.630001068115234,41.970001220703125,40.920692443847656,17152400
2024-08-05,40.0,40.97999954223633,39.08000183105469,40.869998931884766,39.84819030761719,26149100
2024-08-06,40.70000076293945,41.869998931884766,40.31999969482422,41.040000915527344,40.013938903808594,11307900
2024-08-07,41.59000015258789,41.650001525878906,39.4900016784668,39.52000045776367,38.53194808959961,14519900
2024-08-08,40.0,41.36000061035156,39.90999984741211,41.040000915527344,40.013938903808594,10231400
2024-08-09,41.61000061035156,41.65999984741211,40.68000030517578,41.04999923706055,40.0236930847168,9182000
2024-08-12,41.63999938964844,41.95000076293945,41.209999084472656,41.560001373291016,40.52095031738281,8945700
2024-08-13,41.540000915527344,42.08000183105469,41.099998474121094,41.88999938964844,40.84269332885742,7439400
2024-08-14,42.16999816894531,42.16999816894531,41.380001068115234,41.90999984741211,40.86219024658203,9124700
2024-08-15,43.349998474121094,44.08000183105469,43.220001220703125,43.58000183105469,42.49043655395508,12988400
2024-08-16,43.29999923706055,43.709999084472656,43.04999923706055,43.439998626708984,42.35393142700195,8973100
2024-08-19,43.9900016784668,44.400001525878906,43.59000015258789,44.25,43.14369201660156,10891900
2024-08-20,44.439998626708984,44.63999938964844,43.38999938964844,43.529998779296875,42.44168472290039,9390400
2024-08-21,44.029998779296875,44.119998931884766,43.470001220703125,43.88999938964844,42.792686462402344,7041700
2024-08-22,43.599998474121094,43.689998626708984,43.0099983215332,43.29999923706055,42.217437744140625,7143500
2024-08-23,43.70000076293945,44.81999969482422,43.599998474121094,44.65999984741211,43.543434143066406,11801100
2024-08-26,45.599998474121094,46.0099983215332,44.959999084472656,45.189998626708984,44.06018829345703,11046800
2024-08-27,44.970001220703125,45.599998474121094,44.81999969482422,45.22999954223633,44.099185943603516,6755700
2024-08-28,44.04999923706055,44.310001373291016,43.540000915527344,43.869998931884766,42.77318572998047,9080100
2024-08-29,43.880001068115234,44.20000076293945,43.47999954223633,43.83000183105469,42.734188079833984,8612600
2024-08-30,43.88999938964844,44.31999969482422,43.52000045776367,44.279998779296875,43.172935485839844,7811600
2024-09-03,42.36000061035156,42.38999938964844,40.849998474121094,41.36000061035156,40.3259391784668,18809000
2024-09-04,41.33000183105469,42.130001068115234,41.0,41.61000061035156,40.56969451904297,9787500
2024-09-05,42.09000015258789,42.31999969482422,41.29999923706055,41.400001525878906,40.36494445800781,7371500
2024-09-06,41.130001068115234,41.400001525878906,39.72999954223633,40.0,38.999942779541016,13200100
2024-09-09,40.619998931884766,40.869998931884766,40.18000030517578,40.400001525878906,39.38993835449219,8663400
2024-09-10,40.290000915527344,40.439998626708984,39.34000015258789,40.40999984741211,39.399696350097656,9559500
2024-09-11,40.900001525878906,41.40999984741211,40.27000045776367,41.29999923706055,40.2674446105957,13306400
2024-09-12,41.779998779296875,42.290000915527344,41.59000015258789,41.810001373291016,40.76469039916992,11414200
2024-09-13,42.13999938964844,43.040000915527344,42.060001373291016,42.65999984741211,41.59343719482422,10831600
2024-09-16,43.22999954223633,43.689998626708984,42.689998626708984,42.88999938964844,41.81768798828125,11120200
2024-09-17,42.90999984741211,43.5099983215332,42.83000183105469,43.130001068115234,42.05168914794922,6921300
2024-09-18,43.16999816894531,44.970001220703125,43.040000915527344,43.91999816894531,42.821929931640625,11573700
2024-09-19,45.70000076293945,45.849998474121094,44.9900016784668,45.13999938964844,44.01144027709961,16920500
2024-09-20,44.68000030517578,44.869998931884766,44.36000061035156,44.529998779296875,43.416683197021484,16304200
2024-09-23,45.0,45.77000045776367,44.81999969482422,45.13999938964844,44.01144027709961,15471600
2024-09-24,48.18000030517578,48.97999954223633,47.540000915527344,48.720001220703125,47.50193786621094,26361600
2024-09-25,48.75,48.97999954223633,48.13999938964844,48.310001373291016,47.1021842956543,12454800
2024-09-26,51.09000015258789,52.61000061035156,50.79999923706055,51.90999984741211,50.612178802490234,32403100
2024-09-27,51.2400016784668,52.060001373291016,51.150001525878906,51.34000015258789,50.05642318725586,15967700
2024-09-30,50.209999084472656,50.5099983215332,49.439998626708984,49.91999816894531,48.67192840576172,14992400
2024-10-01,50.54999923706055,50.72999954223633,49.540000915527344,50.380001068115234,49.12042999267578,9102100
2024-10-02,50.86000061035156,51.45000076293945,50.349998474121094,50.81999969482422,49.5494270324707,10744200
2024-10-03,49.63999938964844,50.04999923706055,49.279998779296875,49.77000045776367,48.52567672729492,10383900
2024-10-04,50.61000061035156,51.119998931884766,49.97999954223633,50.54999923706055,49.28617858886719,11506600
2024-10-07,50.41999816894531,51.189998626708984,50.040000915527344,50.790000915527344,49.52018356323242,8895500
2024-10-08,48.970001220703125,48.970001220703125,48.04999923706055,48.59000015258789,47.37518310546875,13040400
2024-10-09,48.02000045776367,48.959999084472656,47.709999084472656,48.869998931884766,47.6481819152832,6977000
2024-10-10,48.91999816894531,49.83000183105469,48.5099983215332,49.540000915527344,48.30143356323242,6959900
2024-10-11,49.470001220703125,50.279998779296875,49.369998931884766,50.029998779296875,48.779178619384766,6415200
2024-10-14,47.91999816894531,49.0,47.560001373291016,48.86000061035156,47.638427734375,13573500
2024-10-15,47.9900016784668,48.13999938964844,47.09000015258789,47.279998779296875,46.23988342285156,11855000
2024-10-16,47.810001373291016,48.06999969482422,47.33000183105469,47.970001220703125,46.914710998535156,7360400
2024-10-17,48.2599983215332,48.400001525878906,47.619998931884766,47.95000076293945,46.89514923095703,8317600
2024-10-18,48.81999969482422,49.099998474121094,48.15999984741211,48.18000030517578,47.120094299316406,8823000
2024-10-21,48.43000030517578,48.70000076293945,47.68000030517578,47.939998626708984,46.885372161865234,10150400
2024-10-22,50.0,50.119998931884766,47.63999938964844,48.529998779296875,47.4623908996582,14468600
2024-10-23,47.5099983215332,48.119998931884766,47.27000045776367,47.91999816894531,46.865806579589844,10849200
2024-10-24,47.9900016784668,48.20000076293945,46.650001525878906,46.84000015258789,45.8095703125,10171700
2024-10-25,47.0,47.20000076293945,46.52000045776367,46.599998474121094,45.57484817504883,8528900
2024-10-28,46.86000061035156,46.970001220703125,46.529998779296875,46.72999954223633,45.701988220214844,6446400
2024-10-29,47.4900016784668,47.560001373291016,46.529998779296875,46.56999969482422,45.54551315307617,8471900
2024-10-30,46.279998779296875,46.349998474121094,45.56999969482422,45.970001220703125,44.958709716796875,9017100
2024-10-31,45.40999984741211,45.56999969482422,44.720001220703125,45.02000045776367,44.02960205078125,9481400
2024-11-01,45.599998474121094,46.16999816894531,45.29999923706055,45.59000015258789,44.587066650390625,7733200
2024-11-04,45.970001220703125,46.72999954223633,45.630001068115234,46.27000045776367,45.25210952758789,9147800
2024-11-05,46.869998931884766,47.0,46.41999816894531,46.9900016784668,45.956268310546875,5991500
2024-11-06,45.279998779296875,47.22999954223633,44.91999816894531,46.869998931884766,45.83890914916992,12911700
2024-11-07,48.2400016784668,49.209999084472656,48.189998626708984,48.58000183105469,47.51129150390625,12733400
2024-11-08,46.52000045776367,46.900001525878906,45.47999954223633,46.36000061035156,45.34013366699219,16197400
2024-11-11,45.540000915527344,45.630001068115234,44.720001220703125,44.900001525878906,43.91225051879883,12737200
2024-11-12,43.97999954223633,44.119998931884766,42.91999816894531,43.599998474121094,42.64084243774414,18145300
2024-11-13,43.75,43.869998931884766,43.09000015258789,43.119998931884766,42.17140579223633,11931900
2024-11-14,43.470001220703125,43.56999969482422,42.709999084472656,43.27000045776367,42.31810760498047,11905700
2024-11-15,43.5,43.81999969482422,42.0,42.70000076293945,41.760643005371094,12902500
2024-11-18,43.040000915527344,43.650001525878906,42.560001373291016,43.54999923706055,42.59194564819336,11886900
2024-11-19,43.54999923706055,44.20000076293945,43.130001068115234,44.119998931884766,43.14940643310547,12764400
2024-11-20,44.0,44.150001525878906,43.400001525878906,43.70000076293945,42.7386474609375,8733700
2024-11-21,43.77000045776367,44.11000061035156,43.2599983215332,43.7599983215332,42.797325134277344,8872100
2024-11-22,43.68000030517578,43.7599983215332,43.369998931884766,43.720001220703125,42.758209228515625,9109800
2024-11-25,43.849998474121094,44.61000061035156,43.849998474121094,44.380001068115234,43.4036865234375,13286800
2024-11-26,43.959999084472656,44.08000183105469,43.119998931884766,43.47999954223633,42.52348327636719,11821000
2024-11-27,43.61000061035156,44.22999954223633,43.5099983215332,43.7599983215332,42.797325134277344,7050400
2024-11-29,43.619998931884766,44.52000045776367,43.56999969482422,44.20000076293945,43.22764587402344,6512500
2024-12-02,44.189998626708984,44.38999938964844,42.65999984741211,43.63999938964844,42.679962158203125,14413000
2024-12-03,44.65999984741211,44.83000183105469,43.54999923706055,43.83000183105469,42.865787506103516,12218800
2024-12-04,43.93000030517578,44.2400016784668,42.810001373291016,43.040000915527344,42.09316635131836,18548200
2024-12-05,43.119998931884766,43.349998474121094,42.45000076293945,42.790000915527344,41.84866714477539,11873600
2024-12-06,43.06999969482422,43.06999969482422,42.029998779296875,42.06999969482422,41.14450454711914,9471100
2024-12-09,43.75,44.75,43.689998626708984,43.72999954223633,42.76798629760742,18310000
2024-12-10,43.540000915527344,43.720001220703125,42.59000015258789,42.66999816894531,41.731300354003906,10835500
2024-12-11,42.810001373291016,43.119998931884766,42.400001525878906,43.0,42.054046630859375,7339000
2024-12-12,42.599998474121094,42.72999954223633,41.97999954223633,42.08000183105469,41.15428924560547,10184500
2024-12-13,41.72999954223633,41.790000915527344,41.099998474121094,41.59000015258789,40.6750602722168,9669300
2024-12-16,41.290000915527344,41.52000045776367,40.5,40.7400016784668,39.8437614440918,10232800
2024-12-17,40.150001525878906,40.790000915527344,40.06999969482422,40.619998931884766,39.726402282714844,11733800
2024-12-18,40.43000030517578,40.619998931884766,38.56999969482422,38.709999084472656,37.85841751098633,12501000
2024-12-19,38.7400016784668,39.220001220703125,37.66999816894531,38.2400016784668,37.39875793457031,15766500
2024-12-20,37.97999954223633,39.290000915527344,37.959999084472656,38.86000061035156,38.00511932373047,22372300
2024-12-23,38.91999816894531,39.34000015258789,38.560001373291016,39.25,38.386539459228516,8562500
2024-12-24,39.369998931884766,39.38999938964844,38.810001373291016,39.220001220703125,38.357200622558594,3962500
2024-12-26,39.040000915527344,39.31999969482422,38.91999816894531,39.189998626708984,38.32786178588867,6127100
2024-12-27,38.900001525878906,39.18000030517578,38.560001373291016,38.86000061035156,38.00511932373047,7892500
2024-12-30,38.41999816894531,38.47999954223633,37.7400016784668,38.15999984741211,37.320518493652344,11047300
2024-12-31,38.119998931884766,38.470001220703125,37.959999084472656,38.08000183105469,37.242279052734375,9247000
2025-01-02,38.38999938964844,38.779998779296875,37.810001373291016,37.880001068115234,37.04667663574219,8790300
2025-01-03,38.0,38.189998626708984,37.189998626708984,37.709999084472656,36.88041687011719,10153500
2025-01-06,38.83000183105469,39.7599983215332,38.5099983215332,38.56999969482422,37.72150421142578,18974400
2025-01-07,38.83000183105469,39.16999816894531,38.40999984741211,38.7400016784668,37.88776397705078,15304600
2025-01-08,38.7599983215332,39.83000183105469,38.310001373291016,39.7400016784668,38.86576843261719,15589000
2025-01-10,40.5,40.63999938964844,38.72999954223633,38.97999954223633,38.12248611450195,11971100
2025-01-13,38.650001525878906,39.599998474121094,38.619998931884766,39.40999984741211,38.54301834106445,10418100
2025-01-14,39.709999084472656,39.84000015258789,39.040000915527344,39.5,38.63104248046875,9801900
2025-01-15,40.45000076293945,40.45000076293945,39.52000045776367,40.029998779296875,39.298614501953125,10618000
2025-01-16,40.189998626708984,40.40999984741211,39.58000183105469,40.029998779296875,39.298614501953125,11793800
2025-01-17,40.09000015258789,40.810001373291016,39.869998931884766,40.220001220703125,39.48515319824219,12045600
2025-01-21,40.7599983215332,40.939998626708984,39.86000061035156,40.29999923706055,39.56368637084961,16558000
2025-01-22,40.439998626708984,40.5,39.02000045776367,39.09000015258789,38.375789642333984,15882700
2025-01-23,38.11000061035156,38.70000076293945,36.459999084472656,38.5,37.79656982421875,30475400
2025-01-24,38.72999954223633,38.880001068115234,37.459999084472656,37.810001373291016,37.11918258666992,19076400
2025-01-27,37.220001220703125,37.220001220703125,36.58000183105469,36.66999816894531,36.000003814697266,18550500
2025-01-28,36.880001068115234,37.0,35.459999084472656,35.84000015258789,35.18517303466797,16842900
2025-01-29,35.97999954223633,36.84000015258789,35.939998626708984,36.279998779296875,35.61713409423828,12599900
2025-01-30,36.66999816894531,36.81999969482422,36.06999969482422,36.63999938964844,35.970558166503906,11821900
2025-01-31,36.36000061035156,36.63999938964844,35.689998626708984,35.849998474121094,35.19498825073242,13385200
2025-02-03,35.369998931884766,36.13999938964844,34.88999938964844,35.86000061035156,35.20480728149414,15940400
2025-02-04,36.029998779296875,36.9900016784668,36.029998779296875,36.47999954223633,35.813480377197266,14490600
2025-02-05,36.27000045776367,37.0099983215332,35.970001220703125,36.68000030517578,36.00982666015625,14888300
2025-02-06,37.540000915527344,37.939998626708984,36.779998779296875,37.150001525878906,36.47123718261719,13748200
2025-02-07,38.4900016784668,39.189998626708984,37.869998931884766,38.220001220703125,37.521690368652344,21532000
2025-02-10,38.880001068115234,38.90999984741211,38.400001525878906,38.459999084472656,37.757301330566406,16243400
2025-02-11,37.709999084472656,38.220001220703125,37.45000076293945,37.59000015258789,36.9031982421875,13957900
2025-02-12,37.66999816894531,38.439998626708984,37.459999084472656,37.959999084472656,37.26643753051758,10946500
2025-02-13,38.689998626708984,40.349998474121094,38.47999954223633,40.220001220703125,39.48515319824219,21444700
2025-02-14,40.529998779296875,40.79999923706055,39.279998779296875,39.470001220703125,38.74884796142578,17559200
2025-02-18,39.47999954223633,39.52000045776367,38.599998474121094,39.29999923706055,38.581947326660156,12261300
2025-02-19,38.95000076293945,38.959999084472656,38.189998626708984,38.56999969482422,37.86529541015625,12101200
2025-02-20,38.939998626708984,39.630001068115234,38.59000015258789,38.959999084472656,38.248165130615234,11471600
2025-02-21,38.95000076293945,38.95000076293945,36.84000015258789,36.97999954223633,36.304344177246094,16151100
2025-02-24,37.189998626708984,37.439998626708984,36.939998626708984,37.11000061035156,36.431968688964844,8418400
2025-02-25,37.189998626708984,37.22999954223633,36.02000045776367,36.7599983215332,36.08835983276367,10618900
2025-02-26,38.540000915527344,38.720001220703125,37.81999969482422,37.95000076293945,37.25661849975586,16632700
2025-02-27,38.790000915527344,38.849998474121094,37.279998779296875,37.41999816894531,36.736305236816406,13147000
2025-02-28,36.709999084472656,37.02000045776367,36.22999954223633,36.90999984741211,36.235618591308594,14779600
2025-03-03,38.099998474121094,38.4900016784668,35.400001525878906,35.529998779296875,34.88084030151367,18101200
2025-03-04,35.400001525878906,35.619998931884766,34.2599983215332,34.900001525878906,34.262351989746094,18310700
2025-03-05,36.41999816894531,38.34000015258789,36.349998474121094,38.15999984741211,37.4627799987793,29191000
2025-03-06,38.0,39.0099983215332,37.29999923706055,37.68000030517578,36.99155044555664,18546800
2025-03-07,37.18000030517578,37.650001525878906,35.93000030517578,36.939998626708984,36.26507568359375,16969400
2025-03-10,35.599998474121094,35.68000030517578,33.97999954223633,34.5,33.86965560913086,21433000
2025-03-11,34.7599983215332,36.220001220703125,34.56999969482422,35.880001068115234,35.22444534301758,18345200
2025-03-12,36.810001373291016,37.2400016784668,36.029998779296875,36.779998779296875,36.107994079589844,13995800
2025-03-13,36.72999954223633,38.7400016784668,36.72999954223633,37.58000183105469,36.89338684082031,20682700
2025-03-14,38.09000015258789,38.95000076293945,38.0,38.849998474121094,38.14017868041992,15203300
2025-03-17,38.9900016784668,39.9900016784668,38.9900016784668,39.5099983215332,38.78811264038086,12880700
2025-03-18,40.119998931884766,40.310001373291016,39.279998779296875,39.84000015258789,39.11208724975586,14569900
2025-03-19,39.79999923706055,41.099998474121094,39.52000045776367,40.41999816894531,39.68149185180664,17519000
2025-03-20,41.04999923706055,41.529998779296875,40.56999969482422,40.70000076293945,39.95637893676758,22075600
2025-03-21,39.959999084472656,40.369998931884766,39.209999084472656,40.25,39.51459884643555,22336000
2025-03-24,41.4900016784668,42.310001373291016,41.33000183105469,41.61000061035156,40.84975051879883,21356100
2025-03-25,42.20000076293945,43.27000045776367,42.09000015258789,43.0099983215332,42.22416687011719,20804700
2025-03-26,43.2400016784668,43.45000076293945,41.349998474121094,41.4900016784668,40.73194122314453,19408300
2025-03-27,40.689998626708984,40.709999084472656,39.61000061035156,39.97999954223633,39.249534606933594,18010200
2025-03-28,39.88999938964844,40.27000045776367,38.27000045776367,38.41999816894531,37.71803283691406,20227400
2025-03-31,37.2599983215332,38.189998626708984,36.33000183105469,37.86000061035156,37.16826629638672,17462500
2025-04-01,38.060001373291016,38.130001068115234,37.20000076293945,38.130001068115234,37.43333435058594,13121200
2025-04-02,37.599998474121094,38.220001220703125,37.40999984741211,38.20000076293945,37.502052307128906,13166400
2025-04-03,35.97999954223633,35.9900016784668,33.41999816894531,33.5099983215332,32.897743225097656,31999800
2025-04-04,31.149999618530273,31.31999969482422,28.489999771118164,29.149999618530273,28.617403030395508,44734500
2025-04-07,28.030000686645508,31.649999618530273,27.65999984741211,30.3700008392334,29.81511878967285,40398800
2025-04-08,31.65999984741211,31.780000686645508,28.639999389648438,29.209999084472656,28.676307678222656,35158100
2025-04-09,29.93000030517578,34.18000030517578,28.959999084472656,33.7400016784668,33.12354278564453,38575500
2025-04-10,32.720001220703125,32.81999969482422,30.229999542236328,31.350000381469727,30.77720832824707,25658400
2025-04-11,31.920000076293945,33.7400016784668,31.850000381469727,33.349998474121094,32.74066162109375,26250000
2025-04-14,34.06999969482422,34.63999938964844,33.060001373291016,33.75,33.13336181640625,19645900
2025-04-15,33.290000915527344,33.810001373291016,32.970001220703125,33.369998931884766,32.90654754638672,18742000
2025-04-16,33.369998931884766,33.97999954223633,32.84000015258789,33.31999969482422,32.85725021362305,17261100
2025-04-17,33.349998474121094,33.58000183105469,32.369998931884766,32.900001525878906,32.44308090209961,16988000
2025-04-21,33.119998931884766,33.29999923706055,32.119998931884766,32.95000076293945,32.49238586425781,11419900
2025-04-22,33.41999816894531,34.7599983215332,33.29999923706055,34.060001373291016,33.586971282958984,19264300
2025-04-23,35.439998626708984,36.459999084472656,35.060001373291016,35.189998626708984,34.70127487182617,21643100
2025-04-24,35.56999969482422,37.810001373291016,35.27000045776367,37.630001068115234,37.10738754272461,23970900
2025-04-25,37.0099983215332,37.65999984741211,36.810001373291016,37.349998474121094,36.831275939941406,10958800
2025-04-28,37.04999923706055,37.900001525878906,36.79999923706055,37.2400016784668,36.722808837890625,13380800
2025-04-29,37.369998931884766,37.54999923706055,36.7400016784668,37.16999816894531,36.653778076171875,11269600
2025-04-30,34.88999938964844,36.16999816894531,34.45000076293945,36.029998779296875,35.529605865478516,15777400
2025-05-01,36.040000915527344,36.91999816894531,35.900001525878906,36.40999984741211,35.90433120727539,11614600
2025-05-02,37.619998931884766,37.9900016784668,37.0099983215332,37.599998474121094,37.07780456542969,11932200
2025-05-05,37.689998626708984,37.689998626708984,37.16999816894531,37.349998474121094,36.831275939941406,7701000
2025-05-06,37.189998626708984,38.279998779296875,37.13999938964844,37.91999816894531,37.39336013793945,9778700
2025-05-07,37.5099983215332,37.77000045776367,36.63999938964844,37.02000045776367,36.505859375,11879300
2025-05-08,37.15999984741211,37.959999084472656,36.84000015258789,37.47999954223633,36.95947265625,9814600
2025-05-09,37.83000183105469,38.029998779296875,37.369998931884766,37.86000061035156,37.33419418334961,7306000
2025-05-12,40.11000061035156,40.59000015258789,38.91999816894531,39.11000061035156,38.56683349609375,15649500
2025-05-13,39.33000183105469,39.90999984741211,39.06999969482422,39.470001220703125,38.921836853027344,11879600
2025-05-14,39.09000015258789,39.2400016784668,38.849998474121094,39.060001373291016,38.51752853393555,10292800
2025-05-15,38.61000061035156,38.72999954223633,37.56999969482422,38.470001220703125,37.93571853637695,13149000
2025-05-16,38.09000015258789,38.119998931884766,36.9900016784668,38.02000045776367,37.49197769165039,13552200
2025-05-19,37.400001525878906,38.849998474121094,37.290000915527344,38.79999923706055,38.26113510131836,11107300
2025-05-20,38.439998626708984,38.689998626708984,38.08000183105469,38.400001525878906,37.866695404052734,7848000
2025-05-21,38.119998931884766,38.689998626708984,37.84000015258789,38.0099983215332,37.48210906982422,11012400
2025-05-22,37.68000030517578,38.060001373291016,37.349998474121094,37.70000076293945,37.17641830444336,9415400
2025-05-23,37.220001220703125,39.06999969482422,37.220001220703125,39.02000045776367,38.478084564208984,15295500
2025-05-27,39.13999938964844,40.0099983215332,39.08000183105469,39.63999938964844,39.089473724365234,11247800
2025-05-28,39.400001525878906,39.52000045776367,38.70000076293945,38.88999938964844,38.34988784790039,7689500
2025-05-29,39.369998931884766,39.5,38.72999954223633,39.029998779296875,38.48794174194336,8927600
2025-05-30,38.84000015258789,38.93000030517578,37.72999954223633,38.47999954223633,37.94558334350586,17241200
2025-06-02,40.09000015258789,40.540000915527344,39.59000015258789,40.150001525878906,39.59239196777344,15316700
2025-06-03,39.689998626708984,40.38999938964844,39.5099983215332,40.2400016784668,39.6811408996582,11741400
2025-06-04,40.5099983215332,41.20000076293945,40.369998931884766,40.86000061035156,40.29253387451172,10979300
2025-06-05,41.97999954223633,42.61000061035156,41.47999954223633,41.689998626708984,41.11100387573242,17270000
2025-06-06,42.0099983215332,42.47999954223633,41.47999954223633,41.47999954223633,40.90392303466797,8501800
2025-06-09,41.97999954223633,42.900001525878906,41.779998779296875,42.34000015258789,41.75196838378906,9938400
2025-06-10,42.43000030517578,42.5,41.90999984741211,42.189998626708984,41.60405731201172,9460600
2025-06-11,41.38999938964844,41.599998474121094,40.47999954223633,41.0099983215332,40.44044876098633,13530900
2025-06-12,40.400001525878906,41.68000030517578,40.25,41.18000030517578,40.608089447021484,8750100
2025-06-13,40.18000030517578,41.22999954223633,40.09000015258789,40.939998626708984,40.371421813964844,9722100
2025-06-16,41.619998931884766,42.33000183105469,41.56999969482422,41.90999984741211,41.327945709228516,10508000
2025-06-17,41.7400016784668,41.83000183105469,41.27000045776367,41.369998931884766,40.79544448852539,10291600
2025-06-18,41.369998931884766,41.56999969482422,41.150001525878906,41.18000030517578,40.608089447021484,6185500
2025-06-20,41.2400016784668,41.33000183105469,40.15999984741211,40.220001220703125,39.66142272949219,13986900
2025-06-23,40.04999923706055,41.060001373291016,39.849998474121094,40.939998626708984,40.371421813964844,11692400
2025-06-24,40.95000076293945,42.11000061035156,40.79999923706055,42.0099983215332,41.42655563354492,10817900
2025-06-25,41.790000915527344,41.959999084472656,41.189998626708984,41.61000061035156,41.03211212158203,7114000
2025-06-26,43.380001068115234,44.900001525878906,43.380001068115234,44.459999084472656,43.842529296875,20484500
2025-06-27,44.09000015258789,44.220001220703125,43.540000915527344,43.869998931884766,43.26072311401367,13661000
2025-06-30,43.599998474121094,43.93000030517578,43.099998474121094,43.349998474121094,42.74795150756836,10256300
2025-07-01,43.9900016784668,44.369998931884766,43.599998474121094,44.04999923706055,43.43822479248047,9385700
2025-07-02,44.75,46.689998626708984,44.41999816894531,45.77000045776367,45.13433837890625,23271300
2025-07-03,45.7599983215332,46.209999084472656,45.56999969482422,45.79999923706055,45.16392135620117,7607300
2025-07-07,45.25,45.560001373291016,44.439998626708984,45.130001068115234,44.503231048583984,19630200
2025-07-08,45.65999984741211,49.119998931884766,44.849998474121094,46.27000045776367,45.62739181518555,45175000
2025-07-09,46.7400016784668,47.029998779296875,45.02000045776367,45.59000015258789,44.956844329833984,24277000
2025-07-10,46.779998779296875,47.52000045776367,46.119998931884766,47.209999084472656,46.55434036254883,18640600
2025-07-11,45.900001525878906,46.40999984741211,45.65999984741211,46.36000061035156,45.71614456176758,17122800
2025-07-14,45.83000183105469,45.88999938964844,45.189998626708984,45.630001068115234,44.99628829956055,11484600
2025-07-15,45.2400016784668,45.439998626708984,43.22999954223633,44.119998931884766,43.6507453918457,20312200
2025-07-16,43.88999938964844,44.189998626708984,43.41999816894531,43.97999954223633,43.51223373413086,11377600
2025-07-17,43.869998931884766,44.58000183105469,43.70000076293945,44.459999084472656,43.98712921142578,11027900
2025-07-18,44.849998474121094,44.939998626708984,44.20000076293945,44.79999923706055,44.323516845703125,13554700
2025-07-21,45.56999969482422,46.06999969482422,45.189998626708984,45.189998626708984,44.70936965942383,11250300
2025-07-22,45.61000061035156,46.2599983215332,45.15999984741211,45.79999923706055,45.31288146972656,15316100
2025-07-23,44.65999984741211,46.06999969482422,44.56999969482422,44.84000015258789,44.36309051513672,23135900
2025-07-24,44.959999084472656,45.31999969482422,44.13999938964844,44.58000183105469,44.105857849121094,13223900
2025-07-25,44.56999969482422,44.959999084472656,44.18000030517578,44.88999938964844,44.412559509277344,16011000
2025-07-28,44.68000030517578,44.83000183105469,42.209999084472656,43.790000915527344,43.324256896972656,26374100
2025-07-29,43.900001525878906,43.95000076293945,42.68000030517578,43.22999954223633,42.77021408081055,16495800
2025-07-30,43.189998626708984,43.68000030517578,38.34000015258789,39.13999938964844,38.723716735839844,64894200
2025-07-31,38.900001525878906,40.54999923706055,38.7599983215332,40.2400016784668,39.81201934814453,26276800
2025-08-01,39.88999938964844,40.18000030517578,39.279998779296875,40.029998779296875,39.604248046875,15601200
2025-08-04,40.18000030517578,40.599998474121094,39.75,40.41999816894531,39.99009704589844,12727200
2025-08-05,40.369998931884766,40.529998779296875,39.599998474121094,40.029998779296875,39.604248046875,11521300
2025-08-06,40.25,40.66999816894531,39.83000183105469,39.86000061035156,39.436058044433594,9498400
2025-08-07,40.709999084472656,41.08000183105469,40.220001220703125,40.79999923706055,40.366058349609375,9660400
2025-08-08,41.380001068115234,42.18000030517578,41.08000183105469,41.869998931884766,41.424678802490234,11828700
2025-08-11,42.560001373291016,42.56999969482422,41.34000015258789,41.459999084472656,41.019039154052734,10676300
2025-08-12,41.7400016784668,42.68000030517578,41.70000076293945,42.150001525878906,41.70170211791992,12573800
2025-08-13,42.650001525878906,43.09000015258789,42.189998626708984,42.7400016784668,42.28542709350586,13120800
2025-08-14,42.290000915527344,42.400001525878906,41.58000183105469,42.279998779296875,41.83031463623047,11933400
2025-08-15,42.70000076293945,42.79999923706055,42.2400016784668,42.36000061035156,41.90946578979492,8885300
2025-08-18,42.13999938964844,42.400001525878906,41.38999938964844,41.75,41.30595397949219,8325000
2025-08-19,41.779998779296875,41.97999954223633,41.060001373291016,41.459999084472656,41.019039154052734,7630500
2025-08-20,41.150001525878906,41.529998779296875,41.02000045776367,41.310001373291016,40.870635986328125,5526200
2025-08-21,41.11000061035156,41.75,40.959999084472656,41.720001220703125,41.27627944946289,6181200
2025-08-22,41.83000183105469,43.43000030517578,41.790000915527344,43.279998779296875,42.819679260253906,10822100
2025-08-25,43.41999816894531,43.849998474121094,43.349998474121094,43.689998626708984,43.22532272338867,12596800
2025-08-26,43.529998779296875,44.40999984741211,43.45000076293945,44.349998474121094,43.878299713134766,11824700
2025-08-27,43.939998626708984,44.060001373291016,43.470001220703125,43.869998931884766,43.403404235839844,11201800
2025-08-28,44.119998931884766,44.560001373291016,43.90999984741211,44.369998931884766,43.89809036254883,9253900
2025-08-29,44.33000183105469,44.72999954223633,44.099998474121094,44.400001525878906,43.927772521972656,7371000
2025-09-02,43.7599983215332,44.95000076293945,42.7400016784668,44.939998626708984,44.4620246887207,12166300
2025-09-03,45.25,46.29999923706055,45.11000061035156,46.209999084472656,45.71851348876953,12237800
2025-09-04,45.720001220703125,46.150001525878906,45.18000030517578,46.06999969482422,45.58000564575195,8509000
2025-09-05,46.720001220703125,47.02000045776367,45.7400016784668,46.34000015258789,45.84714126586914,8069200
2025-09-08,46.529998779296875,46.75,45.5,46.65999984741211,46.16373062133789,10436400
2025-09-09,45.31999969482422,46.11000061035156,43.619998931884766,43.88999938964844,43.423194885253906,24956700
2025-09-10,44.290000915527344,45.470001220703125,44.22999954223633,44.880001068115234,44.40266799926758,16678900
2025-09-11,44.869998931884766,46.15999984741211,44.79999923706055,45.91999816894531,45.431602478027344,14919200
2025-09-12,45.20000076293945,45.5,43.93000030517578,44.720001220703125,44.24436569213867,16046300
2025-09-15,44.5,45.75,44.36000061035156,45.63999938964844,45.154579162597656,12670200
2025-09-16,45.650001525878906,45.900001525878906,44.810001373291016,45.29999923706055,44.81819534301758,10043200
2025-09-17,45.099998474121094,46.290000915527344,44.779998779296875,45.09000015258789,44.61043167114258,8951800
2025-09-18,45.0,45.439998626708984,44.59000015258789,44.93000030517578,44.45213317871094,13174400
2025-09-19,45.25,45.70000076293945,44.709999084472656,44.939998626708984,44.4620246887207,21120200
2025-09-22,44.83000183105469,45.380001068115234,44.540000915527344,45.15999984741211,44.679683685302734,11980600
2025-09-23,45.38999938964844,46.290000915527344,45.13999938964844,45.36000061035156,44.877559661865234,14308500
2025-09-24,41.83000183105469,41.9900016784668,37.65999984741211,37.66999816894531,37.269344329833984,91311700
2025-09-25,37.529998779296875,37.529998779296875,35.150001525878906,35.34000015258789,34.96412658691406,86778600
2025-09-26,35.5,36.310001373291016,35.290000915527344,35.75,35.36977005004883,41515800
2025-09-29,36.349998474121094,38.11000061035156,36.04999923706055,37.119998931884766,36.725196838378906,40224700
2025-09-30,37.95000076293945,39.33000183105469,37.20000076293945,39.220001220703125,38.8028678894043,38973100
2025-10-01,39.029998779296875,39.47999954223633,38.84000015258789,39.09000015258789,38.67424392700195,19117000
2025-10-02,39.369998931884766,39.959999084472656,38.189998626708984,38.869998931884766,38.456581115722656,23508900
2025-10-03,39.650001525878906,40.349998474121094,38.91999816894531,39.66999816894531,39.248069763183594,23921600
2025-10-06,40.189998626708984,41.2400016784668,39.560001373291016,40.31999969482422,39.89116287231445,26706800
2025-10-07,40.709999084472656,41.310001373291016,40.15999984741211,40.689998626708984,40.257225036621094,19846800
2025-10-08,41.95000076293945,43.029998779296875,41.869998931884766,42.849998474121094,42.394256591796875,25769000
2025-10-09,44.529998779296875,44.790000915527344,42.54999923706055,43.310001373291016,42.849365234375,23238000
2025-10-10,43.66999816894531,43.66999816894531,40.7400016784668,40.880001068115234,40.44520950317383,24243400
2025-10-13,43.290000915527344,43.5,42.279998779296875,42.779998779296875,42.32499694824219,15475300
2025-10-14,41.560001373291016,42.43000030517578,40.5,41.970001220703125,41.52362060546875,16563400
2025-10-15,42.84000015258789,42.84000015258789,41.27000045776367,41.709999084472656,41.414390563964844,16028100
2025-10-16,42.02000045776367,42.040000915527344,41.209999084472656,41.70000076293945,41.40446472167969,15081000
2025-10-17,41.599998474121094,41.9900016784668,40.709999084472656,41.18000030517578,40.888153076171875,14027500
2025-10-20,41.93000030517578,42.220001220703125,41.41999816894531,42.189998626708984,41.8909912109375,12617500
2025-10-21,41.20000076293945,41.5099983215332,40.65999984741211,41.310001373291016,41.01723098754883,12932200
2025-10-22,40.650001525878906,41.20000076293945,40.119998931884766,40.779998779296875,40.49098587036133,12134400
2025-10-23,41.45000076293945,42.25,41.060001373291016,41.22999954223633,40.93779373168945,18292600
2025-10-24,41.15999984741211,41.630001068115234,40.459999084472656,41.369998931884766,41.07680130004883,10605300
2025-10-27,41.72999954223633,41.72999954223633,40.45000076293945,41.099998474121094,40.8087158203125,14374400
2025-10-28,40.59000015258789,41.95000076293945,40.5,41.16999816894531,40.87821578979492,11973800
2025-10-29,41.720001220703125,43.4900016784668,41.54999923706055,42.189998626708984,41.8909912109375,19707800
2025-10-30,41.7599983215332,42.34000015258789,40.86000061035156,41.72999954223633,41.43424987792969,11822900
2025-10-31,41.59000015258789,42.52000045776367,41.2599983215332,41.70000076293945,41.40446472167969,11939500
2025-11-03,41.56999969482422,41.59000015258789,40.43000030517578,41.18000030517578,40.888153076171875,13717200
2025-11-04,39.970001220703125,40.029998779296875,39.119998931884766,39.41999816894531,39.140621185302734,14388400
2025-11-05,39.88999938964844,40.66999816894531,39.619998931884766,40.209999084472656,39.92502212524414,12057600
2025-11-06,39.90999984741211,39.91999816894531,38.540000915527344,38.650001525878906,38.37607955932617,25307300
2025-11-07,39.93000030517578,40.0099983215332,38.75,39.810001373291016,39.52785873413086,17305700
2025-11-10,40.790000915527344,41.25,40.349998474121094,40.95000076293945,40.6597785949707,13890600
2025-11-11,40.83000183105469,41.34000015258789,40.45000076293945,41.06999969482422,40.778926849365234,10730700
2025-11-12,41.470001220703125,42.2599983215332,41.470001220703125,41.810001373291016,41.51368713378906,12842900
2025-11-13,41.849998474121094,41.88999938964844,40.209999084472656,40.540000915527344,40.252685546875,10381700
2025-11-14,39.630001068115234,40.66999816894531,38.880001068115234,40.15999984741211,39.8753776550293,10358500
2025-11-17,39.9900016784668,40.029998779296875,38.869998931884766,39.0,38.72359848022461,17578500
2025-11-18,41.75,41.810001373291016,39.939998626708984,40.0,39.71651077270508,23695200
2025-11-19,40.90999984741211,42.220001220703125,40.77000045776367,41.25,40.9576530456543,19873600
2025-11-20,41.900001525878906,41.900001525878906,39.310001373291016,39.630001068115234,39.3491325378418,15648000
2025-11-21,39.83000183105469,40.29999923706055,38.849998474121094,39.869998931884766,39.587432861328125,18896900
2025-11-24,39.900001525878906,41.119998931884766,39.900001525878906,40.790000915527344,40.500911712646484,15241000
2025-11-25,41.2400016784668,41.790000915527344,40.970001220703125,41.06999969482422,40.778926849365234,11446600
2025-11-26,41.779998779296875,42.4900016784668,41.560001373291016,42.150001525878906,41.85127639770508,13339400
2025-11-28,42.7599983215332,43.40999984741211,42.31999969482422,42.97999954223633,42.675392150878906,8848100
2025-12-01,43.400001525878906,43.93000030517578,43.0,43.06999969482422,42.76475524902344,14614800
2025-12-02,43.18000030517578,43.41999816894531,42.310001373291016,42.970001220703125,42.66546630859375,11131900
2025-12-03,44.33000183105469,45.09000015258789,44.130001068115234,44.529998779296875,44.21440505981445,22864300
2025-12-04,44.029998779296875,44.7400016784668,43.65999984741211,44.61000061035156,44.29384231567383,12392100
2025-12-05,45.27000045776367,45.970001220703125,45.119998931884766,45.20000076293945,44.87965774536133,20208100
2025-12-08,45.380001068115234,45.720001220703125,44.72999954223633,45.0,44.68107604980469,16538400
2025-12-09,44.130001068115234,45.20000076293945,43.93000030517578,44.79999923706055,44.48249435424805,10310100
2025-12-10,44.880001068115234,46.45000076293945,44.689998626708984,46.45000076293945,46.12079620361328,17054800
2025-12-11,46.58000183105469,48.31999969482422,46.43000030517578,48.11000061035156,47.76903533935547,20741000
2025-12-12,48.7599983215332,49.0,46.810001373291016,47.380001068115234,47.044212341308594,17034900
2025-12-15,48.81999969482422,48.86000061035156,47.38999938964844,47.52000045776367,47.1832160949707,15437700
2025-12-16,47.310001373291016,47.68000030517578,46.619998931884766,47.540000915527344,47.20307540893555,15481500
2025-12-17,48.11000061035156,48.2400016784668,47.369998931884766,47.81999969482422,47.4810905456543,15613000
2025-12-18,48.06999969482422,48.29999923706055,47.31999969482422,47.91999816894531,47.58038330078125,15029500
2025-12-19,48.06999969482422,49.63999938964844,48.06999969482422,49.150001525878906,48.801666259765625,21954800
2025-12-22,50.0,50.95000076293945,49.90999984741211,50.63999938964844,50.28110122680664,15316600
2025-12-23,51.61000061035156,52.290000915527344,50.9900016784668,51.900001525878906,51.53217315673828,14155700
2025-12-24,51.93000030517578,51.9900016784668,51.22999954223633,51.91999816894531,51.552032470703125,4073900
2025-12-26,53.04999923706055,53.77000045776367,52.63999938964844,53.040000915527344,52.66409683227539,14848300
2025-12-29,51.56999969482422,52.220001220703125,51.16999816894531,51.47999954223633,51.115150451660156,15231700
2025-12-30,52.2400016784668,52.380001068115234,50.849998474121094,51.40999984741211,51.04564666748047,10055700
2025-12-31,51.29999923706055,51.5099983215332,50.65999984741211,50.790000915527344,50.43004608154297,8776800
2026-01-02,51.72999954223633,52.189998626708984,51.0,51.93000030517578,51.56196212768555,11518400
2026-01-05,53.630001068115234,54.45000076293945,53.290000915527344,54.40999984741211,54.02438735961914,26935100
2026-01-06,56.0099983215332,57.119998931884766,55.66999816894531,56.150001525878906,55.752052307128906,35253300
2026-01-07,55.22999954223633,55.58000183105469,53.849998474121094,55.5,55.10666275024414,20894000
2026-01-08,54.619998931884766,54.619998931884766,53.290000915527344,54.220001220703125,53.83573532104492,22333100
2026-01-09,55.45000076293945,56.709999084472656,54.56999969482422,56.529998779296875,56.129356384277344,19272700
2026-01-12,57.75,58.83000183105469,57.15999984741211,58.709999084472656,58.29391098022461,20373700
2026-01-13,60.02000045776367,60.09000015258789,58.41999816894531,59.34000015258789,58.9194450378418,22060100
2026-01-14,60.209999084472656,60.709999084472656,59.119998931884766,60.349998474121094,59.92228698730469,19747500
2026-01-15,58.97999954223633,60.5,58.70000076293945,59.959999084472656,59.68339538574219,18285700
2026-01-16,58.630001068115234,58.849998474121094,57.70000076293945,58.709999084472656,58.43916320800781,21629900
2026-01-20,59.099998474121094,60.380001068115234,58.349998474121094,60.06999969482422,59.79288864135742,19583600
2026-01-21,61.54999923706055,62.130001068115234,59.75,60.58000183105469,60.300537109375,25719800
2026-01-22,60.779998779296875,61.75,58.2400016784668,58.849998474121094,58.578514099121094,25597200
2026-01-23,59.75,60.810001373291016,58.380001068115234,60.40999984741211,60.13132095336914,24545800
2026-01-26,63.41999816894531,63.58000183105469,61.099998474121094,61.16999816894531,60.887813568115234,31620200
2026-01-27,61.5,63.18000030517578,61.27000045776367,62.869998931884766,62.57997131347656,20123700
2026-01-28,64.12999725341797,64.66999816894531,62.02000045776367,63.630001068115234,63.33646774291992,22636500
2026-01-29,69.38999938964844,69.44000244140625,63.11000061035156,65.12999725341797,64.82954406738281,48277600
2026-01-30,61.7400016784668,61.91999816894531,58.65999984741211,60.22999954223633,59.9521484375,40774400
2026-02-02,59.880001068115234,61.25,59.560001373291016,60.7599983215332,60.47970199584961,21334600
2026-02-03,64.08999633789062,64.95999908447266,62.599998474121094,64.66999816894531,64.37166595458984,31102700
2026-02-04,64.9800033569336,65.6500015258789,60.97999954223633,61.86000061035156,61.57463455200195,31834200
2026-02-05,59.95000076293945,60.93000030517578,58.22999954223633,59.220001220703125,58.94681167602539,22330400
2026-02-06,60.36000061035156,61.0099983215332,59.709999084472656,60.66999816894531,60.39011764526367,20119100
2026-02-09,61.36000061035156,64.16999816894531,61.279998779296875,63.61000061035156,63.316558837890625,14752000
2026-02-10,63.25,63.52000045776367,62.06999969482422,63.2599983215332,62.968170166015625,11647400
2026-02-11,65.0999984741211,65.5,63.06999969482422,65.45999908447266,65.15802764892578,15495800
2026-02-12,65.97000122070312,65.9800033569336,61.25,62.040000915527344,61.75380325317383,23459900
2026-02-13,61.150001525878906,63.349998474121094,60.15999984741211,62.84000015258789,62.55010986328125,14370600
2026-02-17,61.2400016784668,61.58000183105469,59.20000076293945,61.09000015258789,60.80818176269531,12238400
2026-02-18,62.7599983215332,63.18000030517578,61.54999923706055,62.54999923706055,62.26144790649414,17244800
2026-02-19,61.43000030517578,62.58000183105469,60.13999938964844,62.56999969482422,62.28135681152344,13357900
2026-02-20,62.04999923706055,64.38999938964844,61.900001525878906,64.33999633789062,64.04318237304688,14680000
2026-02-23,64.23999786376953,65.93000030517578,63.880001068115234,65.55000305175781,65.24761199951172,15631300
2026-02-24,65.4000015258789,68.83999633789062,64.80999755859375,67.87999725341797,67.56685638427734,20299300
2026-02-25,69.0,69.75,68.13999938964844,68.81999969482422,68.50252532958984,16182000
2026-02-26,68.27999877929688,68.5999984741211,65.81999969482422,68.37999725341797,68.0645523071289,17726800
2026-02-27,68.38999938964844,68.93000030517578,66.87000274658203,68.08000183105469,67.76593780517578,19425700
2026-03-02,67.16000366210938,68.63999938964844,66.41000366210938,68.29000091552734,67.9749755859375,15851100
2026-03-03,64.16000366210938,65.69000244140625,60.849998474121094,65.56999969482422,65.26751708984375,25564300
2026-03-04,66.87999725341797,67.8499984741211,65.7699966430664,65.93000030517578,65.6258544921875,17438500
2026-03-05,64.1500015258789,64.30000305175781,61.369998931884766,62.65999984741211,62.370941162109375,23068000
2026-03-06,60.63999938964844,61.20000076293945,58.70000076293945,59.36000061035156,59.08616256713867,25912800
2026-03-09,57.2599983215332,60.4900016784668,55.5,60.4900016784668,60.21095275878906,26344800
2026-03-10,60.97999954223633,63.119998931884766,60.72999954223633,62.400001525878906,62.112144470214844,16982400
2026-03-11,61.310001373291016,61.77000045776367,59.619998931884766,61.540000915527344,61.256107330322266,17754700
2026-03-12,60.63999938964844,61.040000915527344,58.900001525878906,59.209999084472656,58.93685531616211,17564000
2026-03-13,59.04999923706055,59.060001373291016,55.97999954223633,56.380001068115234,56.119911193847656,21443200
2026-03-16,57.209999084472656,58.2599983215332,56.79999923706055,57.93000030517578,57.66276168823242,17824100
2026-03-17,58.25,58.66999816894531,57.529998779296875,58.09000015258789,57.822021484375,10610300
2026-03-18,56.279998779296875,56.709999084472656,55.040000915527344,55.45000076293945,55.1942024230957,17258700
2026-03-19,52.47999954223633,53.9900016784668,50.790000915527344,53.619998931884766,53.372642517089844,27550300
2026-03-20,53.06999969482422,53.91999816894531,51.5099983215332,52.09000015258789,51.849700927734375,25007300
2026-03-23,54.27000045776367,55.310001373291016,53.2400016784668,54.939998626708984,54.68655014038086,24888600
2026-03-24,54.22999954223633,56.630001068115234,53.97999954223633,56.47999954223633,56.21944808959961,17123000
2026-03-25,57.83000183105469,58.150001525878906,56.81999969482422,57.09000015258789,56.826637268066406,13965000
2026-03-26,55.36000061035156,56.209999084472656,54.900001525878906,55.83000183105469,55.572452545166016,16016500
2026-03-27,55.15999984741211,57.16999816894531,54.93000030517578,56.2400016784668,55.980560302734375,12327400
2026-03-30,57.58000183105469,58.150001525878906,54.16999816894531,54.650001525878906,54.397891998291016,14246700
2026-03-31,56.34000015258789,59.0,56.2599983215332,58.779998779296875,58.50883865356445,18882500
2026-04-01,60.75,62.04999923706055,59.900001525878906,61.20000076293945,60.91767883300781,23684000
2026-04-02,59.040000915527344,62.540000915527344,59.040000915527344,61.380001068115234,61.09684753417969,16880000
2026-04-06,61.099998474121094,61.720001220703125,60.400001525878906,61.04999923706055,60.768367767333984,8511500
2026-04-07,60.72999954223633,61.119998931884766,59.68000030517578,60.7599983215332,60.47970199584961,18276900
2026-04-08,65.25,65.87000274658203,64.0199966430664,65.0999984741211,64.7996826171875,20338000
2026-04-09,65.19999694824219,66.75,64.6500015258789,66.44999694824219,66.14344787597656,12664700
2026-04-10,67.23999786376953,68.41000366210938,67.0999984741211,67.80000305175781,67.48723602294922,15706800
2026-04-13,66.8499984741211,68.55000305175781,66.8499984741211,68.02999877929688,67.7161636352539,13134100
2026-04-14,68.54000091552734,68.83000183105469,67.56999969482422,68.2699966430664,67.9550552368164,12330800
2026-04-15,67.95999908447266,69.45999908447266,67.54000091552734,68.69999694824219,68.53365325927734,15405600
2026-04-16,68.87000274658203,69.51000213623047,67.72000122070312,68.27999877929688,68.11466979980469,10342700
2026-04-17,69.37000274658203,70.70999908447266,67.79000091552734,70.20999908447266,70.04000091552734,20218300
2026-04-20,69.54000091552734,70.97000122070312,69.2300033569336,70.18000030517578,70.01007080078125,12297800
2026-04-21,70.0,70.72000122070312,67.45999908447266,67.56999969482422,67.40638732910156,17092800
2026-04-22,69.38999938964844,70.48999786376953,69.16999816894531,70.36000061035156,70.18963623046875,14213100
2026-04-23,62.27000045776367,65.19999694824219,61.0,61.47999954223633,61.331138610839844,38773500
2026-04-24,62.06999969482422,62.45000076293945,59.83000183105469,61.04999923706055,60.90217590332031,17741600
2026-04-27,61.310001373291016,61.41999816894531,59.369998931884766,60.56999969482422,60.42333984375,15199300
2026-04-28,59.7599983215332,60.20000076293945,57.869998931884766,58.209999084472656,58.069053649902344,14754700
2026-04-29,57.97999954223633,57.97999954223633,56.59000015258789,56.93000030517578,56.79215621948242,11444700
2026-04-30,57.93000030517578,58.34000015258789,57.02000045776367,57.779998779296875,57.64009475708008,16181400
2026-05-01,57.689998626708984,58.16999816894531,56.5,56.54999923706055,56.4130744934082,14899700
2026-05-04,56.20000076293945,56.88999938964844,55.4900016784668,55.56999969482422,55.435447692871094,14777200
2026-05-05,57.0099983215332,57.9900016784668,56.25,57.68000030517578,57.540340423583984,13861100
2026-05-06,60.630001068115234,61.279998779296875,60.0099983215332,60.88999938964844,60.7425651550293,17655500
2026-05-07,61.630001068115234,62.54999923706055,60.119998931884766,60.61000061035156,60.4632453918457,18316100
2026-05-08,61.779998779296875,62.279998779296875,60.70000076293945,61.650001525878906,61.500728607177734,12202700
2026-05-11,62.220001220703125,64.9800033569336,62.13999938964844,64.37000274658203,64.21414184570312,14852300
2026-05-12,63.61000061035156,66.37000274658203,62.72999954223633,66.02999877929688,65.8701171875,14477500
2026-05-13,66.83000183105469,68.8499984741211,65.87000274658203,67.16000366210938,66.99739074707031,17112400
2026-05-14,66.93000030517578,66.93000030517578,64.94999694824219,66.13999938964844,65.97985076904297,12618300
2026-05-15,62.189998626708984,63.810001373291016,61.380001068115234,63.0099983215332,62.85742950439453,15462600
2026-05-18,62.349998474121094,63.459999084472656,59.709999084472656,60.5,60.353511810302734,14798200
2026-05-19,59.060001373291016,59.93000030517578,58.29999923706055,58.70000076293945,58.55786895751953,12142700
2026-05-20,59.189998626708984,61.060001373291016,58.810001373291016,60.869998931884766,60.72261428833008,12015900
2026-05-21,60.5,63.11000061035156,59.7599983215332,62.310001373291016,62.15913009643555,10184500
2026-05-22,62.709999084472656,62.709999084472656,61.5099983215332,61.9900016784668,61.83990478515625,7856200
2026-05-26,63.040000915527344,64.97000122070312,63.040000915527344,64.36000061035156,64.20416259765625,11372000
2026-05-27,64.0199966430664,64.38999938964844,62.869998931884766,63.630001068115234,63.47593307495117,8262700
2026-05-28,63.22999954223633,66.05999755859375,62.47999954223633,65.87000274658203,65.71051025390625,10288100
2026-05-29,65.43000030517578,66.80000305175781,64.4800033569336,65.70999908447266,65.55089569091797,11376700
2026-06-01,65.26000213623047,67.4800033569336,64.4800033569336,67.04000091552734,66.87767791748047,10051200
2026-06-02,67.87000274658203,72.08999633789062,67.72000122070312,71.72000122070312,71.54634094238281,18969700
2026-06-03,71.6500015258789,71.6500015258789,69.27999877929688,70.63999938964844,70.46895599365234,13873000
2026-06-04,69.91999816894531,71.87000274658203,69.05000305175781,69.69000244140625,69.5212631225586,11648600
2026-06-05,67.48999786376953,67.48999786376953,62.369998931884766,63.369998931884766,63.21656036376953,18101000
2026-06-08,64.61000061035156,65.72000122070312,63.70000076293945,63.90999984741211,63.755252838134766,12694000
2026-06-09,65.16999816894531,66.43000030517578,61.849998474121094,64.25,64.09442901611328,15696300
2026-06-10,63.20000076293945,64.77999877929688,61.72999954223633,62.08000183105469,61.9296875,14778100
2026-06-11,63.029998779296875,66.5999984741211,62.34000015258789,66.33999633789062,66.17936706542969,14895400
2026-06-12,67.20999908447266,68.91999816894531,66.83000183105469,68.41000366210938,68.2443618774414,12609400
2026-06-15,71.19000244140625,71.87999725341797,69.25,70.12999725341797,69.96018981933594,16652600
2026-06-16,70.58000183105469,71.5199966430664,69.6500015258789,70.1500015258789,69.98014831542969,9007500
2026-06-17,70.12999725341797,72.27999877929688,68.83999633789062,69.05999755859375,68.89278411865234,16490300
2026-06-18,69.94999694824219,70.62000274658203,68.0199966430664,68.68000030517578,68.51370239257812,17963700
2026-06-22,68.5,69.91000366210938,68.16000366210938,69.20999908447266,69.04241943359375,12958900
2026-06-23,65.43000030517578,65.88999938964844,63.70000076293945,64.4000015258789,64.24407196044922,16705900
2026-06-24,62.709999084472656,62.790000915527344,61.04999923706055,61.84000015258789,61.69026565551758,18531800
2026-06-25,63.22999954223633,63.75,61.709999084472656,62.79999923706055,62.64794158935547,14175100
2026-06-26,62.060001373291016,63.0,61.63999938964844,62.45000076293945,62.298789978027344,24660500
2026-06-29,61.90999984741211,62.349998474121094,60.5099983215332,61.619998931884766,61.47079849243164,12286700
2026-06-30,62.97999954223633,63.290000915527344,62.060001373291016,62.88999938964844,62.73772430419922,13931700
2026-07-01,61.70000076293945,63.04999923706055,60.529998779296875,60.529998779296875,60.38343811035156,15526400
2026-07-02,61.31999969482422,62.2599983215332,59.439998626708984,60.970001220703125,60.82237243652344,13553500
2026-07-06,61.77000045776367,62.06999969482422,60.529998779296875,61.0,60.852298736572266,16343700
2026-07-07,60.099998474121094,60.45000076293945,58.15999984741211,59.33000183105469,59.186344146728516,18273700
2026-07-08,57.91999816894531,58.869998931884766,56.0,57.5,57.360774993896484,21829900
2026-07-09,59.68000030517578,61.09000015258789,58.41999816894531,60.529998779296875,60.38343811035156,16381700
2026-07-10,60.369998931884766,62.060001373291016,60.130001068115234,61.52000045776367,61.37104034423828,11865700
2026-07-13,60.7599983215332,62.0,59.619998931884766,59.970001220703125,59.82479476928711,12722800
2026-07-14,61.939998626708984,62.91999816894531,61.20000076293945,61.95000076293945,61.79999923706055,11627900
2026-07-15,62.630001068115234,62.880001068115234,59.369998931884766,60.970001220703125,60.970001220703125,14260800
2026-07-16,59.54999923706055,59.970001220703125,57.54999923706055,58.560001373291016,58.560001373291016,15386900
2026-07-17,56.70000076293945,59.36000061035156,56.0,58.380001068115234,58.380001068115234,20411300
2026-07-20,59.02000045776367,59.34000015258789,58.595001220703125,58.79499816894531,58.79499816894531,5690299
