price_date,open,high,low,close,adj_close,volume
2010-01-04,28.959999084472656,29.405000686645508,28.895000457763672,29.405000686645508,17.144622802734375,33856800
2010-01-05,29.44499969482422,29.704999923706055,29.309999465942383,29.645000457763672,17.28455352783203,34736200
2010-01-06,29.65999984741211,30.09000015258789,29.594999313354492,30.0,17.491540908813477,48703800
2010-01-07,29.8700008392334,30.0049991607666,29.649999618530273,29.954999923706055,17.465295791625977,34899000
2010-01-08,29.850000381469727,30.174999237060547,29.7450008392334,30.149999618530273,17.578996658325195,26688600
2010-01-11,30.344999313354492,30.434999465942383,29.864999771118164,30.110000610351562,17.555673599243164,38919800
2010-01-12,29.649999618530273,29.854999542236328,29.520000457763672,29.674999237060547,17.302043914794922,43021200
2010-01-13,29.65999984741211,29.899999618530273,29.260000228881836,29.78499984741211,17.36617660522461,44275000
2010-01-14,29.780000686645508,29.94499969482422,29.665000915527344,29.8700008392334,17.415740966796875,31090800
2010-01-15,29.834999084472656,29.899999618530273,29.424999237060547,29.6299991607666,17.275815963745117,38110400
2010-01-19,29.549999237060547,29.950000762939453,29.4950008392334,29.899999618530273,17.433231353759766,29226200
2010-01-20,29.579999923706055,29.579999923706055,29.209999084472656,29.434999465942383,17.162105560302734,31283400
2010-01-21,29.459999084472656,29.549999237060547,28.764999389648438,28.834999084472656,16.81228256225586,50413200
2010-01-22,28.69499969482422,28.860000610351562,28.06999969482422,28.149999618530273,16.41288948059082,46057200
2010-01-25,28.34000015258789,28.610000610351562,28.2450008392334,28.334999084472656,16.5207576751709,31802400
2010-01-26,28.100000381469727,28.649999618530273,27.959999084472656,28.155000686645508,16.41580581665039,43030600
2010-01-27,28.075000762939453,28.325000762939453,27.59000015258789,28.045000076293945,16.35167121887207,53233400
2010-01-28,28.25,28.309999465942383,27.399999618530273,27.75,16.17967414855957,68861400
2010-01-29,27.954999923706055,28.229999542236328,27.110000610351562,27.25,15.888148307800293,65605400
2010-02-01,27.575000762939453,28.155000686645508,27.55500030517578,28.149999618530273,16.41288948059082,43626600
2010-02-02,28.2549991607666,28.56999969482422,28.024999618530273,28.520000457763672,16.628629684448242,44501600
2010-02-03,28.440000534057617,28.674999237060547,28.209999084472656,28.274999618530273,16.485774993896484,39498600
2010-02-04,28.049999237060547,28.059999465942383,27.100000381469727,27.114999771118164,15.809443473815918,74346400
2010-02-05,27.110000610351562,27.239999771118164,26.334999084472656,27.1200008392334,15.812349319458008,92756800
2010-02-08,27.125,27.44499969482422,26.864999771118164,26.8700008392334,15.66658878326416,48230200
2010-02-09,27.239999771118164,27.780000686645508,27.155000686645508,27.434999465942383,15.996015548706055,67116200
2010-02-10,27.44499969482422,27.489999771118164,26.889999389648438,27.31999969482422,15.928962707519531,48364600
2010-02-11,27.264999389648438,27.844999313354492,27.145000457763672,27.78499984741211,16.200077056884766,45889000
2010-02-12,27.450000762939453,27.809999465942383,27.270000457763672,27.795000076293945,16.205915451049805,39667800
2010-02-16,28.149999618530273,28.549999237060547,28.1200008392334,28.450000762939453,16.587804794311523,39669800
2010-02-17,28.530000686645508,28.59000015258789,28.219999313354492,28.40999984741211,16.56449317932129,36275600
2010-02-18,28.3799991607666,28.639999389648438,28.239999771118164,28.56999969482422,16.657779693603516,33145400
2010-02-19,28.46500015258789,28.780000686645508,28.329999923706055,28.68000030517578,16.72191047668457,32996600
2010-02-22,28.75,28.7549991607666,28.225000381469727,28.28499984741211,16.491607666015625,34699400
2010-02-23,28.149999618530273,28.219999313354492,27.684999465942383,27.815000534057617,16.217573165893555,42202400
2010-02-24,27.80500030517578,28.094999313354492,27.719999313354492,27.989999771118164,16.319608688354492,35260600
2010-02-25,27.59000015258789,28.020000457763672,27.360000610351562,28.0049991607666,16.328353881835938,41896200
2010-02-26,28.06999969482422,28.170000076293945,27.825000762939453,28.06999969482422,16.366254806518555,34493600
2010-03-01,28.200000762939453,28.399999618530273,28.174999237060547,28.329999923706055,16.517841339111328,27932000
2010-03-02,28.514999389648438,28.780000686645508,28.454999923706055,28.565000534057617,16.654857635498047,33492600
2010-03-03,28.674999237060547,28.940000534057617,28.674999237060547,28.690000534057617,16.727741241455078,33534600
2010-03-04,28.735000610351562,28.825000762939453,28.420000076293945,28.540000915527344,16.640291213989258,32662000
2010-03-05,28.81999969482422,29.139999389648438,28.790000915527344,29.075000762939453,16.95220947265625,30670400
2010-03-08,29.155000686645508,29.2549991607666,28.905000686645508,29.030000686645508,16.925981521606445,25224000
2010-03-09,28.875,29.190000534057617,28.834999084472656,29.030000686645508,16.925981521606445,33407600
2010-03-10,29.059999465942383,29.325000762939453,28.924999237060547,29.28499984741211,17.074663162231445,34744400
2010-03-11,29.174999237060547,29.290000915527344,29.084999084472656,29.235000610351562,17.045507431030273,26066600
2010-03-12,29.424999237060547,29.424999237060547,29.125,29.25,17.05425453186035,27319600
2010-03-15,29.139999389648438,29.18000030517578,28.645000457763672,28.950000762939453,16.87933349609375,36747200
2010-03-16,29.094999313354492,29.239999771118164,28.864999771118164,29.209999084472656,17.030925750732422,38322600
2010-03-17,29.354999542236328,29.709999084472656,29.315000534057617,29.530000686645508,17.217506408691406,43343600
2010-03-18,29.530000686645508,29.575000762939453,28.93000030517578,29.09000015258789,16.960960388183594,39453800
2010-03-19,28.639999389648438,29.125,28.3799991607666,28.639999389648438,16.757055282592773,44824800
2010-03-22,28.280000686645508,28.69499969482422,28.165000915527344,28.565000534057617,16.71317481994629,39713000
2010-03-23,28.6299991607666,28.719999313354492,28.44499969482422,28.674999237060547,16.777538299560547,34841400
2010-03-24,28.485000610351562,28.760000228881836,28.420000076293945,28.510000228881836,16.680992126464844,41494000
2010-03-25,28.71500015258789,28.78499984741211,27.985000610351562,28.030000686645508,16.400146484375,44246000
2010-03-26,28.125,28.219999313354492,27.860000610351562,28.040000915527344,16.406003952026367,42987800
2010-03-29,28.219999313354492,28.639999389648438,28.200000762939453,28.584999084472656,16.724882125854492,38952000
2010-03-30,28.649999618530273,28.684999465942383,28.454999923706055,28.6299991607666,16.75121307373047,26115600
2010-03-31,28.684999465942383,28.889999389648438,28.565000534057617,28.760000228881836,16.8272705078125,30335400
2010-04-01,29.045000076293945,29.334999084472656,29.020000457763672,29.270000457763672,17.12566375732422,35980200
2010-04-05,29.450000762939453,29.844999313354492,29.350000381469727,29.790000915527344,17.429912567138672,34911400
2010-04-06,29.75,29.889999389648438,29.6299991607666,29.790000915527344,17.429912567138672,27071600
2010-04-07,29.719999313354492,29.739999771118164,29.325000762939453,29.4950008392334,17.257314682006836,39071600
2010-04-08,29.274999618530273,29.69499969482422,29.135000228881836,29.600000381469727,17.318750381469727,38919400
2010-04-09,29.795000076293945,29.96500015258789,29.75,29.915000915527344,17.503049850463867,34977200
2010-04-12,29.889999389648438,30.190000534057617,29.8799991607666,29.985000610351562,17.54400634765625,30055600
2010-04-13,29.94499969482422,30.020000457763672,29.565000534057617,29.8799991607666,17.482576370239258,27711000
2010-04-14,30.030000686645508,30.190000534057617,29.764999389648438,30.165000915527344,17.649324417114258,29171200
2010-04-15,30.1299991607666,30.270000457763672,30.03499984741211,30.15999984741211,17.646400451660156,27894400
2010-04-16,29.989999771118164,30.125,29.454999923706055,29.649999618530273,17.347997665405273,73328400
2010-04-19,29.3799991607666,29.700000762939453,29.290000915527344,29.690000534057617,17.37140464782715,42298200
2010-04-20,29.915000915527344,30.3799991607666,29.889999389648438,30.270000457763672,17.710758209228516,39333200
2010-04-21,30.280000686645508,30.46500015258789,30.020000457763672,30.239999771118164,17.69321060180664,37143200
2010-04-22,29.985000610351562,30.31999969482422,29.760000228881836,30.315000534057617,17.73709487915039,21374000
2010-04-23,30.325000762939453,31.045000076293945,30.28499984741211,31.045000076293945,18.164207458496094,52021800
2010-04-26,31.100000381469727,31.149999618530273,30.889999389648438,30.940000534057617,18.102773666381836,34525600
2010-04-27,30.725000381469727,30.954999923706055,29.915000915527344,29.989999771118164,17.546934127807617,82804800
2010-04-28,30.19499969482422,30.375,29.885000228881836,30.295000076293945,17.72538948059082,46190000
2010-04-29,30.450000762939453,30.69499969482422,30.125,30.329999923706055,17.745864868164062,57721400
2010-04-30,30.399999618530273,30.415000915527344,29.764999389648438,29.954999923706055,17.526447296142578,45833000
2010-05-03,30.084999084472656,30.53499984741211,29.7450008392334,30.295000076293945,17.72538948059082,33379800
2010-05-04,29.895000457763672,29.920000076293945,29.174999237060547,29.485000610351562,17.251461029052734,61168800
2010-05-05,28.94499969482422,29.424999237060547,28.760000228881836,29.020000457763672,16.979393005371094,70413000
2010-05-06,28.760000228881836,29.09000015258789,26.145000457763672,28.030000686645508,16.400146484375,94401400
2010-05-07,27.950000762939453,28.315000534057617,27.145000457763672,27.4950008392334,16.087127685546875,98981800
2010-05-10,28.565000534057617,28.780000686645508,28.260000228881836,28.670000076293945,16.774616241455078,59433800
2010-05-11,28.3700008392334,28.915000915527344,28.344999313354492,28.479999542236328,16.663440704345703,45673200
2010-05-12,28.540000915527344,28.969999313354492,28.540000915527344,28.875,16.894554138183594,37616200
2010-05-13,28.829999923706055,29.05500030517578,28.55500030517578,28.690000534057617,16.78631019592285,42234600
2010-05-14,28.424999237060547,28.510000228881836,27.68000030517578,28.1200008392334,16.45281219482422,56791400
2010-05-17,28.209999084472656,28.290000915527344,27.229999542236328,27.829999923706055,16.283126831054688,63878600
2010-05-18,28.235000610351562,28.43000030517578,27.454999923706055,27.614999771118164,16.15734100341797,61329800
2010-05-19,27.454999923706055,27.65999984741211,26.829999923706055,27.299999237060547,15.97303581237793,60211200
2010-05-20,26.600000381469727,26.684999465942383,26.0,26.079999923706055,15.259221076965332,89767600
2010-05-21,25.565000534057617,26.594999313354492,25.5049991607666,26.53499984741211,15.525430679321289,80312000
2010-05-24,26.479999542236328,26.549999237060547,25.889999389648438,25.93000030517578,15.171455383300781,54698400
2010-05-25,25.235000610351562,26.0,25.075000762939453,25.989999771118164,15.20655632019043,86228000
2010-05-26,26.295000076293945,26.540000915527344,25.850000381469727,25.934999465942383,15.174378395080566,59695200
2010-05-27,26.59000015258789,27.06999969482422,26.4950008392334,27.03499984741211,15.817985534667969,60610400
2010-05-28,26.969999313354492,27.0049991607666,26.325000762939453,26.524999618530273,15.519588470458984,52657400
2010-06-01,26.084999084472656,26.270000457763672,25.219999313354492,25.264999389648438,14.782364845275879,72695200
2010-06-02,25.440000534057617,26.399999618530273,25.395000457763672,26.360000610351562,15.42304801940918,55296400
2010-06-03,26.635000228881836,26.770000457763672,26.065000534057617,26.71500015258789,15.630749702453613,67379800
2010-06-04,26.145000457763672,26.719999313354492,25.59000015258789,25.774999618530273,15.08077335357666,59718800
2010-06-07,25.8799991607666,26.18000030517578,25.5,25.549999237060547,14.949118614196777,48249600
2010-06-08,25.59000015258789,26.05500030517578,25.344999313354492,25.975000381469727,15.197783470153809,70188800
2010-06-09,26.235000610351562,26.639999389648438,25.56999969482422,25.704999923706055,15.039809226989746,61359800
2010-06-10,26.389999389648438,27.049999237060547,26.329999923706055,26.9950008392334,15.794590950012207,51986800
2010-06-11,26.614999771118164,27.174999237060547,26.614999771118164,27.15999984741211,15.891121864318848,30326200
2010-06-14,27.4950008392334,27.69499969482422,27.0049991607666,27.020000457763672,15.80920696258545,47629000
2010-06-15,27.299999237060547,27.850000381469727,27.229999542236328,27.809999465942383,16.271432876586914,34142400
2010-06-16,27.614999771118164,27.979999542236328,27.5,27.790000915527344,16.25973129272461,28992600
2010-06-17,27.875,27.875,27.459999084472656,27.760000228881836,16.242168426513672,34826000
2010-06-18,27.6299991607666,27.850000381469727,27.43000030517578,27.80500030517578,16.342689514160156,27196400
2010-06-21,28.264999389648438,28.350000381469727,27.53499984741211,27.7450008392334,16.30742645263672,33251400
2010-06-22,27.725000381469727,27.739999771118164,26.844999313354492,26.934999465942383,15.831330299377441,43145200
2010-06-23,26.899999618530273,26.924999237060547,26.575000762939453,26.729999542236328,15.710837364196777,35639200
2010-06-24,26.56999969482422,26.735000610351562,26.049999237060547,26.170000076293945,15.381692886352539,33908000
2010-06-25,26.209999084472656,26.479999542236328,25.885000228881836,26.2450008392334,15.42577838897705,40874800
2010-06-28,26.364999771118164,26.364999771118164,25.860000610351562,25.889999389648438,15.217123031616211,31908800
2010-06-29,25.524999618530273,25.530000686645508,24.850000381469727,25.03499984741211,14.714590072631836,44985200
2010-06-30,24.9950008392334,25.375,24.78499984741211,24.84000015258789,14.59997844696045,33385600
2010-07-01,24.924999237060547,25.065000534057617,24.280000686645508,24.75,14.547074317932129,51605200
2010-07-02,24.905000686645508,25.014999389648438,24.479999542236328,24.690000534057617,14.511808395385742,22839200
2010-07-06,25.1200008392334,25.3799991607666,24.655000686645508,24.93000030517578,14.652873992919922,34598000
2010-07-07,25.059999465942383,25.825000762939453,25.0,25.809999465942383,15.170101165771484,37817400
2010-07-08,26.110000610351562,26.25,25.704999923706055,26.174999237060547,15.384639739990234,29743000
2010-07-09,26.149999618530273,26.350000381469727,26.040000915527344,26.309999465942383,15.463981628417969,18225800
2010-07-12,26.209999084472656,26.434999465942383,25.9950008392334,26.239999771118164,15.42283821105957,16413800
2010-07-13,26.59000015258789,26.7549991607666,26.459999084472656,26.55500030517578,15.607990264892578,28330200
2010-07-14,26.434999465942383,26.670000076293945,26.25,26.524999618530273,15.590351104736328,23880200
2010-07-15,26.489999771118164,26.600000381469727,26.045000076293945,26.4950008392334,15.572717666625977,29824600
2010-07-16,26.264999389648438,26.364999771118164,25.674999237060547,25.864999771118164,15.202428817749023,36261600
2010-07-19,25.969999313354492,26.18000030517578,25.7549991607666,26.030000686645508,15.299409866333008,25082600
2010-07-20,25.65999984741211,26.65999984741211,25.655000686645508,26.625,15.64912223815918,33496400
2010-07-21,26.795000076293945,26.795000076293945,25.9950008392334,26.190000534057617,15.393449783325195,45027600
2010-07-22,26.55500030517578,27.010000228881836,26.479999542236328,26.770000457763672,15.734353065490723,45984400
2010-07-23,26.709999084472656,26.895000457763672,26.399999618530273,26.889999389648438,15.80488395690918,36051600
2010-07-26,26.905000686645508,27.170000076293945,26.825000762939453,27.125,15.94300651550293,23881600
2010-07-27,27.2450008392334,27.290000915527344,26.760000228881836,26.9950008392334,15.866607666015625,32817800
2010-07-28,26.93000030517578,27.1299991607666,26.850000381469727,26.934999465942383,15.831330299377441,21551400
2010-07-29,27.114999771118164,27.360000610351562,26.709999084472656,26.975000381469727,15.854840278625488,29114600
2010-07-30,26.700000762939453,27.059999465942383,26.614999771118164,26.920000076293945,15.822516441345215,23632200
2010-08-02,27.424999237060547,27.94499969482422,27.385000228881836,27.860000610351562,16.37501335144043,55158000
2010-08-03,27.7450008392334,28.030000686645508,27.6200008392334,27.850000381469727,16.369136810302734,28509000
2010-08-04,27.924999237060547,28.135000228881836,27.790000915527344,28.065000534057617,16.495502471923828,26215400
2010-08-05,27.8799991607666,28.155000686645508,27.75,28.155000686645508,16.548398971557617,17817400
2010-08-06,27.80500030517578,27.959999084472656,27.415000915527344,27.81999969482422,16.35150146484375,36234800
2010-08-09,27.950000762939453,28.03499984741211,27.764999389648438,27.934999465942383,16.419099807739258,13428400
2010-08-10,27.610000610351562,27.84000015258789,27.424999237060547,27.704999923706055,16.283906936645508,24521000
2010-08-11,27.19499969482422,27.235000610351562,26.790000915527344,26.8799991607666,15.799005508422852,37659400
2010-08-12,26.485000610351562,26.93000030517578,26.450000762939453,26.719999313354492,15.704957962036133,30510800
2010-08-13,26.65999984741211,26.920000076293945,26.594999313354492,26.674999237060547,15.678515434265137,18199400
2010-08-16,26.530000686645508,26.7450008392334,26.375,26.670000076293945,15.675578117370605,20571400
2010-08-17,26.940000534057617,27.2549991607666,26.809999465942383,27.114999771118164,15.937135696411133,36034800
2010-08-18,27.040000915527344,27.079999923706055,26.610000610351562,26.854999542236328,15.784310340881348,37387800
2010-08-19,26.725000381469727,26.774999618530273,26.270000457763672,26.420000076293945,15.528636932373047,32998200
2010-08-20,26.274999618530273,26.295000076293945,25.885000228881836,26.094999313354492,15.337611198425293,24849400
2010-08-23,26.145000457763672,26.360000610351562,26.084999084472656,26.104999542236328,15.343491554260254,16351600
2010-08-24,25.75,26.045000076293945,25.610000610351562,25.700000762939453,15.105448722839355,29477600
2010-08-25,25.55500030517578,25.700000762939453,25.209999084472656,25.6200008392334,15.058425903320312,38673400
2010-08-26,25.764999389648438,25.850000381469727,25.2450008392334,25.389999389648438,14.923242568969727,21953600
2010-08-27,25.540000915527344,26.100000381469727,25.165000915527344,26.049999237060547,15.31116008758545,39417400
2010-08-30,26.0,26.1200008392334,25.665000915527344,25.670000076293945,15.087820053100586,18313200
2010-08-31,25.55500030517578,25.799999237060547,25.405000686645508,25.600000381469727,15.046673774719238,35157400
2010-09-01,26.024999618530273,26.6200008392334,25.985000610351562,26.55500030517578,15.607990264892578,38265800
2010-09-02,26.59000015258789,26.825000762939453,26.440000534057617,26.774999618530273,15.737287521362305,19697400
2010-09-03,27.014999389648438,27.219999313354492,26.875,27.100000381469727,15.928314208984375,26494200
2010-09-07,26.895000457763672,26.924999237060547,26.610000610351562,26.69499969482422,15.690264701843262,22814000
2010-09-08,26.725000381469727,27.059999465942383,26.709999084472656,26.924999237060547,15.825454711914062,18584400
2010-09-09,27.2549991607666,27.30500030517578,26.8799991607666,26.979999542236328,15.857778549194336,15673400
2010-09-10,27.139999389648438,27.315000534057617,27.09000015258789,27.260000228881836,16.022354125976562,15190600
2010-09-13,27.5,27.53499984741211,27.28499984741211,27.479999542236328,16.15166473388672,18263200
2010-09-14,27.424999237060547,27.614999771118164,27.270000457763672,27.385000228881836,16.095823287963867,27955800
2010-09-15,27.200000762939453,27.334999084472656,27.045000076293945,27.329999923706055,16.06349754333496,28226000
2010-09-16,27.19499969482422,27.31999969482422,27.040000915527344,27.204999923706055,15.990029335021973,33517600
2010-09-17,27.15999984741211,27.204999923706055,26.854999542236328,26.94499969482422,15.910013198852539,28705800
2010-09-20,27.030000686645508,27.5049991607666,26.90999984741211,27.399999618530273,16.178680419921875,38781800
2010-09-21,27.434999465942383,27.584999084472656,27.184999465942383,27.420000076293945,16.190492630004883,33533000
2010-09-22,27.364999771118164,27.684999465942383,27.200000762939453,27.219999313354492,16.072399139404297,32318000
2010-09-23,26.979999542236328,27.280000686645508,26.90999984741211,27.049999237060547,15.972016334533691,24716800
2010-09-24,27.350000381469727,27.770000457763672,27.235000610351562,27.635000228881836,16.317434310913086,49249000
2010-09-27,27.704999923706055,27.799999237060547,27.530000686645508,27.530000686645508,16.25543785095215,21783000
2010-09-28,27.55500030517578,27.825000762939453,27.274999618530273,27.725000381469727,16.370576858520508,33159200
2010-09-29,27.68000030517578,28.149999618530273,27.625,28.020000457763672,16.544767379760742,42985800
2010-09-30,28.239999771118164,28.375,27.75,28.030000686645508,16.550668716430664,46339600
2010-10-01,28.299999237060547,28.475000381469727,28.1299991607666,28.405000686645508,16.772092819213867,40019800
2010-10-04,28.270000457763672,28.44499969482422,27.84000015258789,28.049999237060547,16.56248664855957,29505400
2010-10-05,28.354999542236328,28.815000534057617,28.299999237060547,28.709999084472656,16.95218849182129,43231600
2010-10-06,28.709999084472656,29.05500030517578,28.700000762939453,28.96500015258789,17.102754592895508,28210200
2010-10-07,29.084999084472656,29.1200008392334,28.604999542236328,28.81999969482422,17.017133712768555,27125600
2010-10-08,28.795000076293945,29.290000915527344,28.729999542236328,29.18000030517578,17.22970199584961,31677600
2010-10-11,29.200000762939453,29.40999984741211,29.149999618530273,29.260000228881836,17.27693748474121,16092000
2010-10-12,29.135000228881836,29.344999313354492,28.815000534057617,29.21500015258789,17.2503662109375,33330200
2010-10-13,29.389999389648438,29.719999313354492,29.329999923706055,29.56999969482422,17.45998191833496,29362800
2010-10-14,29.475000381469727,29.729999542236328,29.28499984741211,29.524999618530273,17.43341636657715,23005600
2010-10-15,29.690000534057617,29.735000610351562,29.280000686645508,29.604999542236328,17.480649948120117,30153600
2010-10-18,29.530000686645508,29.905000686645508,29.440000534057617,29.684999465942383,17.527894973754883,21854400
2010-10-19,29.375,29.43000030517578,28.850000381469727,29.094999313354492,17.17951011657715,38568400
2010-10-20,29.19499969482422,29.655000686645508,29.084999084472656,29.469999313354492,17.40093994140625,25257200
2010-10-21,29.55500030517578,29.790000915527344,29.135000228881836,29.454999923706055,17.39208221435547,26826000
2010-10-22,29.604999542236328,29.7450008392334,29.510000228881836,29.649999618530273,17.50721549987793,13117600
2010-10-25,29.8799991607666,30.145000457763672,29.68000030517578,29.729999542236328,17.554458618164062,22706400
2010-10-26,29.645000457763672,29.825000762939453,29.55500030517578,29.790000915527344,17.58988380432129,21375800
2010-10-27,29.520000457763672,29.69499969482422,29.219999313354492,29.665000915527344,17.516080856323242,25804800
2010-10-28,29.860000610351562,29.934999465942383,29.485000610351562,29.600000381469727,17.477699279785156,23175600
2010-10-29,29.44499969482422,29.649999618530273,29.3799991607666,29.6200008392334,17.489511489868164,18718400
2010-11-01,29.915000915527344,30.084999084472656,29.53499984741211,29.655000686645508,17.510175704956055,24041200
2010-11-02,29.875,30.1200008392334,29.770000457763672,29.979999542236328,17.70207405090332,20455000
2010-11-03,30.079999923706055,30.104999542236328,29.594999313354492,30.045000076293945,17.740453720092773,45454800
2010-11-04,30.485000610351562,31.010000228881836,30.485000610351562,31.0,18.304340362548828,38657000
2010-11-05,30.969999313354492,31.155000686645508,30.875,31.155000686645508,18.3958740234375,29371800
2010-11-08,30.975000381469727,31.290000915527344,30.954999923706055,31.25,18.451961517333984,23977400
2010-11-09,31.395000457763672,31.6299991607666,31.0049991607666,31.190000534057617,18.416534423828125,40127600
2010-11-10,31.290000915527344,31.604999542236328,30.96500015258789,31.59000015258789,18.652727127075195,35556600
2010-11-11,31.44499969482422,31.94499969482422,31.424999237060547,31.940000534057617,18.85938262939453,36081400
2010-11-12,31.59000015258789,31.739999771118164,31.190000534057617,31.469999313354492,18.581865310668945,35748600
2010-11-15,31.665000915527344,31.68000030517578,31.30500030517578,31.309999465942383,18.487390518188477,21502600
2010-11-16,30.9950008392334,31.0049991607666,30.479999542236328,30.725000381469727,18.141969680786133,47399600
2010-11-17,30.649999618530273,31.049999237060547,30.559999465942383,30.850000381469727,18.215776443481445,33635600
2010-11-18,31.149999618530273,31.6299991607666,31.149999618530273,31.530000686645508,18.617292404174805,32105000
2010-11-19,31.440000534057617,31.80500030517578,31.204999923706055,31.795000076293945,18.773765563964844,22721600
2010-11-22,31.6200008392334,31.71500015258789,31.075000762939453,31.69499969482422,18.7147159576416,36263000
2010-11-23,31.239999771118164,31.2549991607666,30.790000915527344,31.075000762939453,18.348636627197266,45070000
2010-11-24,31.290000915527344,31.670000076293945,31.270000457763672,31.635000228881836,18.67928695678711,45245200
2010-11-26,31.325000762939453,31.520000457763672,31.174999237060547,31.2549991607666,18.45491600036621,13178800
2010-11-29,31.100000381469727,31.53499984741211,30.815000534057617,31.46500015258789,18.57891273498535,29468800
2010-11-30,31.05500030517578,31.610000610351562,30.959999084472656,31.354999542236328,18.513957977294922,38537600
2010-12-01,31.8700008392334,32.36000061035156,31.8700008392334,32.28499984741211,19.063093185424805,39947600
2010-12-02,32.275001525878906,32.78499984741211,32.27000045776367,32.76499938964844,19.346519470214844,35355200
2010-12-03,32.56999969482422,32.970001220703125,32.55500030517578,32.90999984741211,19.43212890625,20023400
2010-12-06,32.8849983215332,33.099998474121094,32.86000061035156,33.02000045776367,19.497074127197266,23980400
2010-12-07,33.45000076293945,33.5,32.814998626708984,32.89500045776367,19.42327880859375,45864800
2010-12-08,32.93000030517578,33.08000183105469,32.53499984741211,32.7400016784668,19.33175277709961,25520400
2010-12-09,32.904998779296875,32.974998474121094,32.52000045776367,32.814998626708984,19.376041412353516,21904800
2010-12-10,32.88999938964844,32.98500061035156,32.744998931884766,32.95000076293945,19.455751419067383,17352200
2010-12-13,33.154998779296875,33.48500061035156,33.11000061035156,33.22999954223633,19.621074676513672,25768800
2010-12-14,33.27000045776367,33.36000061035156,32.96500015258789,33.07500076293945,19.529550552368164,23029200
2010-12-15,32.935001373291016,33.189998626708984,32.79999923706055,32.89500045776367,19.42327880859375,22232200
2010-12-16,32.8849983215332,33.09000015258789,32.625,33.08000183105469,19.532506942749023,22051600
2010-12-17,32.92499923706055,32.9900016784668,32.79499816894531,32.94499969482422,19.539331436157227,22644800
2010-12-20,33.06999969482422,33.26499938964844,32.8849983215332,33.15999984741211,19.66684913635254,20469400
2010-12-21,33.345001220703125,33.53499984741211,33.2400016784668,33.494998931884766,19.86553192138672,17402000
2010-12-22,33.595001220703125,33.64500045776367,33.494998931884766,33.61000061035156,19.933731079101562,15711000
2010-12-23,33.57500076293945,33.744998931884766,33.55500030517578,33.70500183105469,19.990087509155273,9052000
2010-12-27,33.54499816894531,33.64500045776367,33.45500183105469,33.584999084472656,19.918914794921875,8286400
2010-12-28,33.630001068115234,33.76499938964844,33.560001373291016,33.709999084472656,19.993040084838867,10298200
2010-12-29,33.82500076293945,34.130001068115234,33.76499938964844,34.04499816894531,20.19173240661621,11065400
2010-12-30,34.07500076293945,34.23500061035156,33.95500183105469,34.07500076293945,20.209518432617188,11953400
2010-12-31,34.064998626708984,34.25,33.96500015258789,34.125,20.239177703857422,8889000
2011-01-03,34.45000076293945,34.595001220703125,34.29999923706055,34.380001068115234,20.390419006347656,20391600
2011-01-04,34.595001220703125,34.595001220703125,33.7599983215332,34.084999084472656,20.2154483795166,29084000
2011-01-05,33.915000915527344,34.279998779296875,33.78499984741211,34.220001220703125,20.29552459716797,22572400
2011-01-06,34.334999084472656,34.349998474121094,33.75,33.89500045776367,20.102764129638672,22898400
2011-01-07,33.90999984741211,34.220001220703125,33.79999923706055,34.13999938964844,20.248071670532227,22160600
2011-01-10,34.03499984741211,34.06999969482422,33.744998931884766,34.005001068115234,20.168010711669922,21608400
2011-01-11,34.224998474121094,34.61000061035156,34.18000030517578,34.56999969482422,20.503101348876953,22730600
2011-01-12,34.875,35.064998626708984,34.71500015258789,35.04499816894531,20.784812927246094,22053200
2011-01-13,35.099998474121094,35.17499923706055,34.81999969482422,34.94499969482422,20.725507736206055,23043800
2011-01-14,34.900001525878906,35.334999084472656,34.7400016784668,35.32500076293945,20.950885772705078,28010800
2011-01-18,35.29999923706055,35.564998626708984,35.189998626708984,35.54499816894531,21.08135414123535,25070400
2011-01-19,35.60499954223633,35.619998931884766,35.05500030517578,35.1150016784668,20.82633399963379,30234000
2011-01-20,34.845001220703125,34.970001220703125,34.3650016784668,34.8650016784668,20.678062438964844,46345000
2011-01-21,35.220001220703125,35.310001373291016,34.85499954223633,35.04999923706055,20.78778076171875,29148000
2011-01-24,34.994998931884766,35.2599983215332,34.86000061035156,35.18000030517578,20.86488914489746,26197000
2011-01-25,35.099998474121094,35.154998779296875,34.68000030517578,35.08000183105469,20.80557632446289,31635400
2011-01-26,35.20000076293945,36.01499938964844,35.17499923706055,35.91999816894531,21.303775787353516,48443200
2011-01-27,35.900001525878906,35.974998474121094,35.525001525878906,35.709999084472656,21.179218292236328,29977200
2011-01-28,35.650001525878906,35.82500076293945,35.42499923706055,35.55500030517578,21.08728790283203,47383200
2011-01-31,35.86000061035156,36.57500076293945,35.744998931884766,36.57500076293945,21.69224739074707,50229800
2011-02-01,36.720001220703125,37.20500183105469,35.61000061035156,37.16999816894531,22.045122146606445,40886400
2011-02-02,37.0,37.415000915527344,36.915000915527344,37.13999938964844,22.027334213256836,27115200
2011-02-03,37.150001525878906,37.220001220703125,36.689998626708984,37.15999984741211,22.039207458496094,29031000
2011-02-04,37.244998931884766,37.28499984741211,36.8650016784668,37.064998626708984,21.982866287231445,26557200
2011-02-07,37.220001220703125,37.61000061035156,37.21500015258789,37.279998779296875,22.110376358032227,32347200
2011-02-08,37.220001220703125,37.279998779296875,36.82500076293945,37.154998779296875,22.036224365234375,31192000
2011-02-09,36.9900016784668,37.125,36.42499923706055,36.685001373291016,21.757484436035156,32643400
2011-02-10,36.505001068115234,37.119998931884766,36.46500015258789,37.060001373291016,21.979894638061523,33611400
2011-02-11,36.90999984741211,37.255001068115234,36.810001373291016,37.05500030517578,21.976926803588867,37725400
2011-02-14,36.9900016784668,37.915000915527344,36.9900016784668,37.869998931884766,22.46028709411621,30430800
2011-02-15,37.810001373291016,37.880001068115234,37.314998626708984,37.474998474121094,22.22601890563965,22887200
2011-02-16,37.67499923706055,38.01499938964844,37.54999923706055,37.974998474121094,22.522573471069336,31806600
2011-02-17,37.970001220703125,38.435001373291016,37.904998779296875,38.349998474121094,22.74497413635254,21592800
2011-02-18,38.435001373291016,38.599998474121094,38.16999816894531,38.5099983215332,22.83987808227539,24816400
2011-02-22,38.685001373291016,39.029998779296875,37.95500183105469,38.1349983215332,22.617462158203125,49665600
2011-02-23,38.345001220703125,39.185001373291016,38.275001525878906,38.90999984741211,23.07710838317871,64379400
2011-02-24,39.0099983215332,39.029998779296875,38.125,38.36000061035156,22.75091552734375,44766600
2011-02-25,38.5,39.0,38.404998779296875,38.970001220703125,23.112693786621094,23537400
2011-02-28,39.119998931884766,39.345001220703125,38.849998474121094,39.27000045776367,23.290616989135742,31746200
2011-03-01,39.5,39.540000915527344,38.48500061035156,38.53499984741211,22.854700088500977,40399200
2011-03-02,38.43000030517578,38.83000183105469,38.14500045776367,38.755001068115234,22.985185623168945,30085800
2011-03-03,39.0,39.45500183105469,38.880001068115234,39.41999816894531,23.379581451416016,22657600
2011-03-04,39.40999984741211,39.45500183105469,38.86000061035156,39.16999816894531,23.231307983398438,28247000
2011-03-07,39.43000030517578,39.61000061035156,38.68000030517578,38.89500045776367,23.068206787109375,29327200
2011-03-08,38.875,38.904998779296875,38.189998626708984,38.57500076293945,22.878419876098633,32348400
2011-03-09,38.45500183105469,38.70500183105469,38.185001373291016,38.310001373291016,22.72125816345215,27189800
2011-03-10,37.79999923706055,37.80500030517578,36.80500030517578,36.915000915527344,21.893898010253906,72320600
2011-03-11,36.65999984741211,37.82500076293945,36.51499938964844,37.55500030517578,22.27347183227539,48341000
2011-03-14,37.375,37.88999938964844,37.18000030517578,37.7599983215332,22.39505958557129,32830400
2011-03-15,36.59000015258789,37.80500030517578,36.45000076293945,37.474998474121094,22.22601890563965,43619000
2011-03-16,37.584999084472656,37.904998779296875,36.4900016784668,36.875,21.870174407958984,63229400
2011-03-17,37.599998474121094,38.19499969482422,37.35499954223633,38.0,22.537391662597656,41830600
2011-03-18,38.34000015258789,38.43000030517578,37.64500045776367,37.69499969482422,22.431772232055664,48328600
2011-03-21,38.349998474121094,38.849998474121094,38.275001525878906,38.84000015258789,23.113140106201172,34325600
2011-03-22,38.849998474121094,38.97999954223633,38.630001068115234,38.755001068115234,23.062562942504883,20025000
2011-03-23,38.744998931884766,38.98500061035156,38.494998931884766,38.85499954223633,23.122074127197266,20190800
2011-03-24,39.0099983215332,39.064998626708984,38.57500076293945,38.994998931884766,23.20538330078125,30706200
2011-03-25,39.03499984741211,39.45000076293945,38.89500045776367,39.345001220703125,23.413663864135742,23273800
2011-03-28,39.25,39.70000076293945,39.16999816894531,39.25,23.357126235961914,28291000
2011-03-29,39.20000076293945,39.810001373291016,39.064998626708984,39.72999954223633,23.64276885986328,33912800
2011-03-30,39.9900016784668,40.185001373291016,39.665000915527344,40.005001068115234,23.806421279907227,38082400
2011-03-31,40.21500015258789,40.48500061035156,39.86000061035156,39.875,23.729061126708984,37701000
2011-04-01,40.224998474121094,40.345001220703125,39.88999938964844,39.994998931884766,23.800460815429688,25823800
2011-04-04,40.18000030517578,40.275001525878906,39.96500015258789,40.02000045776367,23.81533432006836,14951200
2011-04-05,39.98500061035156,40.3650016784668,39.94499969482422,40.13999938964844,23.88675308227539,38580800
2011-04-06,40.349998474121094,40.45000076293945,39.540000915527344,39.720001220703125,23.63681411743164,32947400
2011-04-07,39.64500045776367,39.8849983215332,39.3650016784668,39.720001220703125,23.63681411743164,29621400
2011-04-08,40.0099983215332,40.189998626708984,39.6349983215332,39.86000061035156,23.720123291015625,38279600
2011-04-11,39.875,39.95000076293945,38.935001373291016,39.07500076293945,23.252981185913086,35365400
2011-04-12,38.630001068115234,38.650001525878906,37.650001525878906,37.8650016784668,22.532928466796875,75875600
2011-04-13,38.209999084472656,38.334999084472656,37.724998474121094,38.02000045776367,22.62516975402832,53669400
2011-04-14,37.810001373291016,38.38999938964844,37.66999816894531,38.279998779296875,22.779897689819336,41344800
2011-04-15,38.380001068115234,38.650001525878906,38.084999084472656,38.595001220703125,22.96733856201172,30527800
2011-04-18,38.02000045776367,38.19499969482422,37.595001220703125,38.02000045776367,22.62516975402832,40069400
2011-04-19,37.994998931884766,38.5,37.974998474121094,38.404998779296875,22.854284286499023,30109200
2011-04-20,39.14500045776367,39.33000183105469,38.959999084472656,39.310001373291016,23.392837524414062,44828000
2011-04-21,39.38999938964844,39.595001220703125,39.20500183105469,39.4900016784668,23.499948501586914,25276600
2011-04-25,39.5099983215332,39.54499816894531,39.040000915527344,39.28499984741211,23.377960205078125,14150800
2011-04-26,39.404998779296875,39.73500061035156,39.23500061035156,39.67499923706055,23.61004066467285,18399000
2011-04-27,39.834999084472656,39.849998474121094,38.9900016784668,39.654998779296875,23.59813690185547,37414200
2011-04-28,39.52000045776367,39.77000045776367,39.275001525878906,39.650001525878906,23.595163345336914,29992400
2011-04-29,39.65999984741211,40.255001068115234,39.63999938964844,40.2400016784668,23.94626808166504,19857200
2011-05-02,40.32500076293945,40.400001525878906,39.459999084472656,39.70500183105469,23.627887725830078,35524000
2011-05-03,39.400001525878906,39.48500061035156,38.369998931884766,38.709999084472656,23.035783767700195,57490400
2011-05-04,38.630001068115234,38.6349983215332,37.69499969482422,38.025001525878906,22.628150939941406,59484200
2011-05-05,37.45500183105469,37.82500076293945,36.790000915527344,37.23500061035156,22.15803337097168,89000000
2011-05-06,37.665000915527344,38.224998474121094,36.9900016784668,37.400001525878906,22.25621223449707,70404600
2011-05-09,37.57500076293945,38.23500061035156,37.5099983215332,38.05500030517578,22.645999908447266,48448600
2011-05-10,38.04999923706055,38.415000915527344,37.755001068115234,38.23500061035156,22.753114700317383,35520600
2011-05-11,38.0,38.040000915527344,36.85499954223633,37.130001068115234,22.095544815063477,82325600
2011-05-12,36.95000076293945,37.375,36.38999938964844,37.07500076293945,22.06281280517578,77901800
2011-05-13,37.25,37.42499923706055,36.564998626708984,36.89500045776367,21.955698013305664,71863800
2011-05-16,36.7400016784668,37.3650016784668,36.52000045776367,36.6150016784668,21.789077758789062,56288200
2011-05-17,36.44499969482422,36.790000915527344,36.13999938964844,36.6150016784668,21.789077758789062,60198400
2011-05-18,36.779998779296875,37.619998931884766,36.63999938964844,37.35499954223633,22.22943687438965,51692600
2011-05-19,37.525001525878906,37.68000030517578,37.04499816894531,37.36000061035156,22.23241424560547,39321800
2011-05-20,37.32500076293945,37.6349983215332,36.86000061035156,37.314998626708984,22.205638885498047,54092800
2011-05-23,36.665000915527344,36.935001373291016,36.5,36.73500061035156,21.860488891601562,40600000
2011-05-24,37.11000061035156,37.665000915527344,37.099998474121094,37.255001068115234,22.169933319091797,49661600
2011-05-25,37.064998626708984,38.08000183105469,37.060001373291016,37.8849983215332,22.544836044311523,49835400
2011-05-26,37.7599983215332,38.165000915527344,37.56999969482422,38.07500076293945,22.65789794921875,37491000
2011-05-27,38.28499984741211,38.560001373291016,37.97999954223633,38.16999816894531,22.71443748474121,33394200
2011-05-31,38.66999816894531,38.83000183105469,38.125,38.55500030517578,22.94354248046875,38622400
2011-06-01,38.459999084472656,38.625,37.53499984741211,37.6349983215332,22.396059036254883,55227800
2011-06-02,37.650001525878906,37.94499969482422,37.21500015258789,37.619998931884766,22.38713836669922,48210600
2011-06-03,37.05500030517578,37.9900016784668,36.98500061035156,37.630001068115234,22.393091201782227,44755000
2011-06-06,37.54999923706055,37.70500183105469,36.70000076293945,36.779998779296875,21.887264251708984,46875200
2011-06-07,37.099998474121094,37.290000915527344,36.720001220703125,36.779998779296875,21.887264251708984,38331600
2011-06-08,36.89500045776367,37.34000015258789,36.810001373291016,36.88999938964844,21.952720642089844,50113200
2011-06-09,37.07500076293945,37.59000015258789,37.0,37.38999938964844,22.250259399414062,34544000
2011-06-10,37.099998474121094,37.17499923706055,36.60499954223633,36.665000915527344,21.81883430480957,41937000
2011-06-13,36.685001373291016,36.95000076293945,35.7400016784668,36.084999084472656,21.47368049621582,55501200
2011-06-14,36.55500030517578,37.03499984741211,36.54499816894531,36.85499954223633,21.931884765625,45755400
2011-06-15,36.415000915527344,36.7400016784668,35.810001373291016,36.0099983215332,21.429052352905273,71279800
2011-06-16,36.025001525878906,36.39500045776367,35.70000076293945,36.064998626708984,21.461772918701172,50527800
2011-06-17,36.25,36.310001373291016,35.61000061035156,35.84000015258789,21.406522750854492,54247600
2011-06-20,35.650001525878906,36.900001525878906,35.56999969482422,35.939998626708984,21.466259002685547,34722600
2011-06-21,36.189998626708984,36.83000183105469,36.165000915527344,36.654998779296875,21.893310546875,46391000
2011-06-22,36.540000915527344,37.040000915527344,36.43000030517578,36.54999923706055,21.830604553222656,37099800
2011-06-23,35.775001525878906,36.20500183105469,35.224998474121094,36.150001525878906,21.591691970825195,90907200
2011-06-24,36.150001525878906,36.23500061035156,35.415000915527344,35.46500015258789,21.182552337646484,34131400
2011-06-27,35.34000015258789,35.875,35.255001068115234,35.654998779296875,21.296043395996094,39388400
2011-06-28,35.96500015258789,36.709999084472656,35.935001373291016,36.69499969482422,21.917205810546875,31715600
2011-06-29,36.814998626708984,37.380001068115234,36.63999938964844,37.125,22.174039840698242,42642800
2011-06-30,37.25,37.709999084472656,37.244998931884766,37.67499923706055,22.502538681030273,38834800
2011-07-01,37.595001220703125,38.06999969482422,37.275001525878906,38.029998779296875,22.714570999145508,29776800
2011-07-05,38.08000183105469,38.435001373291016,37.98500061035156,38.26499938964844,22.854936599731445,31367000
2011-07-06,38.18000030517578,38.25,37.85499954223633,38.19499969482422,22.813125610351562,21930600
2011-07-07,38.709999084472656,38.82500076293945,38.41999816894531,38.77000045776367,23.156558990478516,35648000
2011-07-08,38.095001220703125,38.44499969482422,38.040000915527344,38.44499969482422,22.962446212768555,34260000
2011-07-11,37.89500045776367,37.900001525878906,37.3849983215332,37.53499984741211,22.41892433166504,38289000
2011-07-12,37.380001068115234,37.90999984741211,37.349998474121094,37.39500045776367,22.33530044555664,41091400
2011-07-13,37.564998626708984,38.21500015258789,37.525001525878906,37.67499923706055,22.502538681030273,40326000
2011-07-14,38.064998626708984,38.14500045776367,37.375,37.42499923706055,22.35322380065918,45265800
2011-07-15,37.849998474121094,38.474998474121094,37.82500076293945,38.43000030517578,22.953481674194336,54734200
2011-07-18,38.26499938964844,38.369998931884766,37.994998931884766,38.29999923706055,22.87584114074707,40723800
2011-07-19,38.57500076293945,39.029998779296875,38.54499816894531,39.0,23.293928146362305,39114600
2011-07-20,39.165000915527344,39.18000030517578,38.82500076293945,38.900001525878906,23.234216690063477,21035600
2011-07-21,39.130001068115234,39.71500015258789,39.10499954223633,39.665000915527344,23.691137313842773,34714000
2011-07-22,39.70000076293945,39.915000915527344,39.46500015258789,39.8650016784668,23.810577392578125,22999200
2011-07-25,39.369998931884766,39.98500061035156,39.310001373291016,39.70500183105469,23.71501922607422,30966400
2011-07-26,39.68000030517578,39.880001068115234,39.375,39.51499938964844,23.60153579711914,33937800
2011-07-27,39.244998931884766,39.32500076293945,38.650001525878906,38.77000045776367,23.156558990478516,47569000
2011-07-28,38.6150016784668,39.09000015258789,38.53499984741211,38.61000061035156,23.060993194580078,39108000
2011-07-29,38.095001220703125,38.560001373291016,37.97999954223633,38.224998474121094,22.831043243408203,34671200
2011-08-01,38.900001525878906,38.92499923706055,37.814998626708984,38.16999816894531,22.79819679260254,43970000
2011-08-02,37.95500183105469,38.349998474121094,37.095001220703125,37.10499954223633,22.162084579467773,54402400
2011-08-03,37.15999984741211,37.18000030517578,36.025001525878906,36.89500045776367,22.03665542602539,71128000
2011-08-04,36.20500183105469,36.244998931884766,34.1349983215332,34.3650016784668,20.525541305541992,109053800
2011-08-05,34.78499984741211,35.08000183105469,32.23500061035156,34.03499984741211,20.328441619873047,132818800
2011-08-08,32.654998779296875,33.189998626708984,31.0,31.139999389648438,18.599313735961914,111986400
2011-08-09,31.790000915527344,32.744998931884766,30.549999237060547,32.724998474121094,19.546005249023438,100798200
2011-08-10,32.29999923706055,32.88999938964844,31.46500015258789,31.594999313354492,18.871070861816406,98747400
2011-08-11,31.799999237060547,33.72999954223633,31.604999542236328,33.23500061035156,19.850614547729492,84065200
2011-08-12,33.72999954223633,33.92499923706055,33.26499938964844,33.47999954223633,19.996946334838867,53101000
2011-08-15,33.92499923706055,34.67499923706055,33.915000915527344,34.61000061035156,20.671875,58621200
2011-08-16,34.165000915527344,34.525001525878906,33.64500045776367,34.03499984741211,20.328441619873047,59890400
2011-08-17,34.415000915527344,34.79999923706055,33.95000076293945,34.16999816894531,20.40907096862793,43327800
2011-08-18,33.10499954223633,33.18000030517578,31.829999923706055,32.189998626708984,19.226457595825195,74495400
2011-08-19,31.69499969482422,32.7400016784668,31.5,31.6200008392334,18.886003494262695,54637400
2011-08-22,32.584999084472656,32.595001220703125,31.25,31.364999771118164,18.73370361328125,49050800
2011-08-23,31.56999969482422,32.80500030517578,31.354999542236328,32.779998779296875,19.578853607177734,71707000
2011-08-24,32.59000015258789,33.03499984741211,32.29999923706055,32.974998474121094,19.6953125,37735600
2011-08-25,33.209999084472656,33.404998779296875,32.11000061035156,32.279998779296875,19.28021240234375,53585400
2011-08-26,31.959999084472656,33.04999923706055,31.55500030517578,32.904998779296875,19.653514862060547,47672200
2011-08-29,33.42499923706055,33.90999984741211,33.165000915527344,33.8650016784668,20.22690200805664,71086400
2011-08-30,33.6349983215332,34.29999923706055,33.35499954223633,34.064998626708984,20.346355438232422,39676600
2011-08-31,34.375,34.81999969482422,33.994998931884766,34.31999969482422,20.498666763305664,48969600
2011-09-01,34.375,34.82500076293945,33.97999954223633,34.060001373291016,20.34337615966797,42588400
2011-09-02,33.154998779296875,33.45000076293945,32.82500076293945,33.11000061035156,19.77595329284668,41702000
2011-09-06,32.05500030517578,32.79999923706055,31.78499984741211,32.75,19.560932159423828,38711000
2011-09-07,33.35499954223633,33.970001220703125,33.30500030517578,33.95000076293945,20.27767562866211,37051400
2011-09-08,33.78499984741211,34.279998779296875,33.3650016784668,33.55500030517578,20.041744232177734,36978200
2011-09-09,33.1150016784668,33.275001525878906,32.209999084472656,32.44499969482422,19.378765106201172,70078800
2011-09-12,31.8799991607666,32.66999816894531,31.670000076293945,32.599998474121094,19.47134017944336,51513800
2011-09-13,32.744998931884766,32.915000915527344,32.095001220703125,32.689998626708984,19.525096893310547,56409000
2011-09-14,32.8849983215332,33.560001373291016,32.2400016784668,33.095001220703125,19.76699447631836,51431800
2011-09-15,33.505001068115234,33.78499984741211,33.224998474121094,33.75,20.158212661743164,34662400
2011-09-16,33.755001068115234,33.880001068115234,33.15999984741211,33.54499816894531,20.11444854736328,46072800
2011-09-19,32.724998474121094,33.314998626708984,32.375,33.01499938964844,19.79663848876953,41719800
2011-09-20,33.16999816894531,33.584999084472656,32.7599983215332,32.810001373291016,19.673721313476562,40268800
2011-09-21,32.720001220703125,32.84000015258789,31.415000915527344,31.44499969482422,18.855220794677734,53565800
2011-09-22,30.334999084472656,30.350000381469727,29.1299991607666,29.670000076293945,17.7908935546875,76132000
2011-09-23,29.290000915527344,29.790000915527344,29.184999465942383,29.350000381469727,17.599010467529297,65590600
2011-09-26,29.565000534057617,30.485000610351562,28.975000381469727,30.420000076293945,18.240615844726562,68786400
2011-09-27,31.31999969482422,31.665000915527344,30.690000534057617,30.864999771118164,18.5074520111084,64972400
2011-09-28,30.920000076293945,31.204999923706055,29.795000076293945,29.854999542236328,17.901826858520508,46186600
2011-09-29,30.625,30.665000915527344,29.530000686645508,30.139999389648438,18.072717666625977,45739000
2011-09-30,29.614999771118164,29.979999542236328,29.2549991607666,29.2549991607666,17.54204750061035,59458800
2011-10-03,28.920000076293945,29.2549991607666,28.235000610351562,28.260000228881836,16.945415496826172,70130600
2011-10-04,27.75,29.270000457763672,27.1299991607666,29.184999465942383,17.500072479248047,82731000
2011-10-05,29.399999618530273,30.350000381469727,28.96500015258789,30.260000228881836,18.14467430114746,75130000
2011-10-06,30.200000762939453,30.889999389648438,29.860000610351562,30.829999923706055,18.486459732055664,47634400
2011-10-07,31.065000534057617,31.09000015258789,30.145000457763672,30.450000762939453,18.25860023498535,48779200
2011-10-10,31.014999389648438,31.844999313354492,31.010000228881836,31.829999923706055,19.086090087890625,35816000
2011-10-11,31.53499984741211,32.16999816894531,31.454999923706055,31.895000457763672,19.125064849853516,44856000
2011-10-12,32.150001525878906,32.54999923706055,31.920000076293945,32.064998626708984,19.226993560791016,37262400
2011-10-13,31.739999771118164,32.18000030517578,31.389999389648438,32.02000045776367,19.20001220703125,30318400
2011-10-14,32.564998626708984,33.310001373291016,32.560001373291016,33.29999923706055,19.967531204223633,33232000
2011-10-17,33.209999084472656,33.31999969482422,32.619998931884766,32.69499969482422,19.604759216308594,37612800
2011-10-18,32.654998779296875,33.970001220703125,32.29499816894531,33.744998931884766,20.234363555908203,48910600
2011-10-19,33.595001220703125,34.119998931884766,33.2400016784668,33.39500045776367,20.024503707885742,48058000
2011-10-20,33.375,33.80500030517578,32.959999084472656,33.654998779296875,20.180402755737305,43755000
2011-10-21,34.02000045776367,34.415000915527344,33.85499954223633,34.275001525878906,20.552167892456055,48340200
2011-10-24,34.380001068115234,34.814998626708984,34.28499984741211,34.724998474121094,20.822002410888672,45945000
2011-10-25,34.63999938964844,34.70500183105469,33.75,34.0,20.387271881103516,43836600
2011-10-26,34.52000045776367,34.85499954223633,33.744998931884766,34.73500061035156,20.8279972076416,36364800
2011-10-27,35.685001373291016,36.595001220703125,35.59000015258789,36.275001525878906,21.751420974731445,62364800
2011-10-28,35.900001525878906,36.584999084472656,35.79999923706055,36.52000045776367,21.89832878112793,35022400
2011-10-31,35.900001525878906,35.92499923706055,34.79999923706055,34.85499954223633,20.89995002746582,43910200
2011-11-01,33.4900016784668,34.2400016784668,33.16999816894531,33.72999954223633,20.225374221801758,83484400
2011-11-02,34.564998626708984,34.84000015258789,34.220001220703125,34.744998931884766,20.834001541137695,40618800
2011-11-03,35.25,35.779998779296875,34.78499984741211,35.65999984741211,21.382652282714844,39424400
2011-11-04,35.349998474121094,35.72999954223633,35.0,35.630001068115234,21.364665985107422,25105800
2011-11-07,35.63999938964844,36.07500076293945,35.20000076293945,35.82500076293945,21.48159408569336,26937800
2011-11-08,36.1150016784668,36.45000076293945,35.6349983215332,36.40999984741211,21.832368850708008,38305400
2011-11-09,35.334999084472656,35.67499923706055,34.709999084472656,34.79999923706055,20.866975784301758,50543200
2011-11-10,35.3650016784668,35.665000915527344,34.724998474121094,35.404998779296875,21.229738235473633,40707200
2011-11-11,35.79999923706055,36.275001525878906,35.75,36.130001068115234,21.664474487304688,28803000
2011-11-14,35.90999984741211,35.9900016784668,35.32500076293945,35.654998779296875,21.379663467407227,30765000
2011-11-15,35.54499816894531,35.90999984741211,35.33000183105469,35.6150016784668,21.355669021606445,33349400
2011-11-16,35.334999084472656,35.9900016784668,35.03499984741211,35.08000183105469,21.034870147705078,43882200
2011-11-17,35.064998626708984,35.25,33.95500183105469,34.279998779296875,20.55516815185547,51071800
2011-11-18,34.474998474121094,34.65999984741211,33.8650016784668,34.07500076293945,20.432247161865234,53903400
2011-11-21,33.459999084472656,33.67499923706055,32.9900016784668,33.46500015258789,20.066471099853516,40016600
2011-11-22,33.43000030517578,33.650001525878906,32.939998626708984,33.150001525878906,19.877593994140625,37392600
2011-11-23,32.67499923706055,32.75,32.13999938964844,32.14500045776367,19.274959564208984,43575200
2011-11-25,32.005001068115234,32.46500015258789,31.915000915527344,31.915000915527344,19.137052536010742,14299600
2011-11-28,33.08000183105469,33.38999938964844,32.80500030517578,33.11000061035156,19.85359764099121,43699600
2011-11-29,33.255001068115234,33.94499969482422,33.13999938964844,33.584999084472656,20.138425827026367,28954200
2011-11-30,34.82500076293945,35.53499984741211,34.814998626708984,35.435001373291016,21.24773406982422,65999200
2011-12-01,35.34000015258789,35.69499969482422,35.04499816894531,35.2400016784668,21.130813598632812,32664600
2011-12-02,35.58000183105469,35.77000045776367,35.13999938964844,35.209999084472656,21.112815856933594,29879400
2011-12-05,35.849998474121094,36.084999084472656,35.34000015258789,35.64500045776367,21.3736515045166,29724000
2011-12-06,35.619998931884766,35.93000030517578,35.349998474121094,35.63999938964844,21.370656967163086,27718800
2011-12-07,35.5,35.57500076293945,35.0,35.29999923706055,21.166778564453125,34288600
2011-12-08,35.04499816894531,35.22999954223633,34.21500015258789,34.314998626708984,20.576152801513672,34289800
2011-12-09,34.529998779296875,35.2400016784668,34.45500183105469,35.095001220703125,21.043861389160156,31036600
2011-12-12,34.66999816894531,34.69499969482422,33.79499816894531,34.275001525878906,20.552167892456055,38629800
2011-12-13,34.540000915527344,34.97999954223633,33.7400016784668,33.95500183105469,20.360292434692383,37277600
2011-12-14,33.55500030517578,33.709999084472656,32.85499954223633,33.0,19.787649154663086,53368600
2011-12-15,33.459999084472656,33.494998931884766,32.775001525878906,32.86000061035156,19.703697204589844,35498600
2011-12-16,32.98500061035156,33.255001068115234,32.72999954223633,33.06999969482422,19.91355323791504,43941200
2011-12-19,33.209999084472656,33.209999084472656,32.400001525878906,32.4900016784668,19.56430435180664,25074800
2011-12-20,33.14500045776367,33.88999938964844,33.10499954223633,33.82500076293945,20.368188858032227,25326600
2011-12-21,33.83000183105469,34.290000915527344,33.6150016784668,34.20000076293945,20.593996047973633,24051600
2011-12-22,34.38999938964844,34.67499923706055,34.275001525878906,34.599998474121094,20.83485984802246,21976200
2011-12-23,34.72999954223633,34.84000015258789,34.525001525878906,34.79999923706055,20.955299377441406,10428200
2011-12-27,34.724998474121094,35.04999923706055,34.724998474121094,34.88999938964844,21.009490966796875,11260600
2011-12-28,34.900001525878906,34.98500061035156,34.18000030517578,34.224998474121094,20.609046936035156,22641400
2011-12-29,34.30500030517578,34.619998931884766,34.275001525878906,34.58000183105469,20.822816848754883,15404200
2011-12-30,34.5,34.72999954223633,34.46500015258789,34.564998626708984,20.81378746032715,13160000
2012-01-03,35.29999923706055,35.70000076293945,35.244998931884766,35.525001525878906,21.39186668395996,48509600
2012-01-04,35.38999938964844,35.65999984741211,35.18000030517578,35.599998474121094,21.43702507019043,28037000
2012-01-05,35.369998931884766,35.45500183105469,35.0,35.43000030517578,21.334659576416016,25349400
2012-01-06,35.494998931884766,35.5099983215332,35.14500045776367,35.220001220703125,21.208200454711914,17786200
2012-01-09,35.29499816894531,35.470001220703125,35.189998626708984,35.38999938964844,21.310575485229492,24086400
2012-01-10,35.94499969482422,35.9900016784668,35.60499954223633,35.70500183105469,21.500253677368164,27266800
2012-01-11,35.540000915527344,35.54499816894531,35.084999084472656,35.224998474121094,21.211214065551758,26944000
2012-01-12,35.03499984741211,35.189998626708984,34.7400016784668,34.89500045776367,21.012510299682617,39409600
2012-01-13,34.67499923706055,34.77000045776367,34.369998931884766,34.720001220703125,20.90711784362793,32434800
2012-01-17,35.11000061035156,35.275001525878906,34.85499954223633,34.96500015258789,21.05465316772461,25054000
2012-01-18,34.94499969482422,35.55500030517578,34.775001525878906,35.540000915527344,21.400894165039062,30723600
2012-01-19,35.724998474121094,35.814998626708984,35.52000045776367,35.685001373291016,21.488208770751953,26608800
2012-01-20,35.68000030517578,35.81999969482422,35.40999984741211,35.689998626708984,21.491222381591797,30786600
2012-01-23,35.814998626708984,36.07500076293945,35.71500015258789,35.974998474121094,21.662837982177734,25974000
2012-01-24,35.65999984741211,35.89500045776367,35.51499938964844,35.869998931884766,21.599611282348633,21234400
2012-01-25,35.814998626708984,36.43000030517578,35.35499954223633,36.310001373291016,21.86455726623535,39276200
2012-01-26,36.53499984741211,36.58000183105469,35.67499923706055,35.814998626708984,21.56649398803711,33958400
2012-01-27,35.654998779296875,35.89500045776367,35.599998474121094,35.7400016784668,21.52132225036621,18448200
2012-01-30,35.33000183105469,35.595001220703125,35.064998626708984,35.56999969482422,21.418962478637695,27251600
2012-01-31,35.82500076293945,35.86000061035156,35.16999816894531,35.345001220703125,21.28347396850586,29361800
2012-02-01,35.665000915527344,35.790000915527344,35.40999984741211,35.48500061035156,21.36777687072754,25553000
2012-02-02,35.540000915527344,35.88999938964844,35.43000030517578,35.755001068115234,21.530357360839844,30942200
2012-02-03,36.220001220703125,36.41999816894531,36.01499938964844,36.3849983215332,21.90972900390625,29993000
2012-02-06,36.18000030517578,36.82500076293945,36.125,36.81999969482422,22.171661376953125,26769200
2012-02-07,36.72999954223633,37.06999969482422,36.349998474121094,37.0099983215332,22.28607749938965,35097400
2012-02-08,37.099998474121094,37.150001525878906,36.64500045776367,36.8849983215332,22.21080780029297,22055600
2012-02-09,36.939998626708984,37.029998779296875,36.595001220703125,36.88999938964844,22.213817596435547,19210800
2012-02-10,36.459999084472656,36.584999084472656,36.279998779296875,36.52000045776367,21.991018295288086,29674000
2012-02-13,36.88999938964844,36.915000915527344,36.529998779296875,36.810001373291016,22.165647506713867,19828600
2012-02-14,36.77000045776367,36.939998626708984,36.57500076293945,36.875,22.204792022705078,29095800
2012-02-15,36.994998931884766,37.099998474121094,36.69499969482422,36.814998626708984,22.168657302856445,29478800
2012-02-16,36.88999938964844,37.36000061035156,36.665000915527344,37.29499816894531,22.457693099975586,36203200
2012-02-17,37.59000015258789,37.6349983215332,37.21500015258789,37.435001373291016,22.541994094848633,26986000
2012-02-21,37.685001373291016,37.89500045776367,37.584999084472656,37.689998626708984,22.695547103881836,28764600
2012-02-22,37.77000045776367,38.03499984741211,37.68000030517578,37.775001525878906,22.746736526489258,24684600
2012-02-23,37.79999923706055,38.0099983215332,37.525001525878906,37.96500015258789,22.861146926879883,28176200
2012-02-24,38.04999923706055,38.25,38.02000045776367,38.1150016784668,22.95147132873535,24549800
2012-02-27,37.96500015258789,38.154998779296875,37.70500183105469,37.994998931884766,22.879207611083984,22366400
2012-02-28,37.94499969482422,38.119998931884766,37.654998779296875,37.869998931884766,22.803937911987305,33212600
2012-02-29,37.90999984741211,38.06999969482422,37.334999084472656,37.439998626708984,22.54500389099121,34488600
2012-03-01,37.60499954223633,37.880001068115234,37.51499938964844,37.79999923706055,22.76177978515625,28015000
2012-03-02,37.65999984741211,37.810001373291016,37.220001220703125,37.369998931884766,22.502851486206055,29042600
2012-03-05,37.209999084472656,37.2400016784668,36.77000045776367,37.130001068115234,22.358335494995117,25370400
2012-03-06,36.564998626708984,36.665000915527344,36.290000915527344,36.525001525878906,21.99403190612793,27735600
2012-03-07,36.65999984741211,36.93000030517578,36.40999984741211,36.83000183105469,22.17768669128418,28964400
2012-03-08,37.02000045776367,37.255001068115234,36.834999084472656,37.130001068115234,22.358335494995117,20596200
2012-03-09,37.209999084472656,37.435001373291016,37.03499984741211,37.095001220703125,22.33726692199707,29306400
2012-03-12,37.060001373291016,37.1150016784668,36.72999954223633,36.88999938964844,22.213817596435547,24517400
2012-03-13,37.09000015258789,37.3849983215332,36.720001220703125,37.334999084472656,22.481781005859375,35585600
2012-03-14,37.36000061035156,37.459999084472656,36.8849983215332,36.974998474121094,22.264997482299805,27712800
2012-03-15,37.02000045776367,37.20500183105469,36.78499984741211,37.03499984741211,22.301128387451172,30353200
2012-03-16,37.06999969482422,37.51499938964844,37.01499938964844,37.400001525878906,22.6079044342041,47180800
2012-03-19,37.380001068115234,37.73500061035156,37.27000045776367,37.56999969482422,22.71066665649414,28405400
2012-03-20,37.23500061035156,37.279998779296875,36.93000030517578,37.005001068115234,22.369131088256836,26568200
2012-03-21,36.959999084472656,36.96500015258789,36.5099983215332,36.564998626708984,22.103160858154297,33163800
2012-03-22,36.15999984741211,36.21500015258789,35.57500076293945,35.7400016784668,21.604450225830078,40430600
2012-03-23,35.81999969482422,36.244998931884766,35.6349983215332,36.130001068115234,21.840208053588867,26443800
2012-03-26,36.45000076293945,36.5,36.19499969482422,36.400001525878906,22.003414154052734,20377200
2012-03-27,36.46500015258789,36.474998474121094,36.025001525878906,36.03499984741211,21.78278350830078,25545800
2012-03-28,35.869998931884766,35.994998931884766,35.29499816894531,35.584999084472656,21.510757446289062,30570400
2012-03-29,35.34000015258789,35.64500045776367,35.084999084472656,35.584999084472656,21.510757446289062,32660600
2012-03-30,35.849998474121094,35.96500015258789,35.52000045776367,35.875,21.68606948852539,25506600
2012-04-02,35.78499984741211,36.494998931884766,35.67499923706055,36.224998474121094,21.897634506225586,35776400
2012-04-03,36.150001525878906,36.20500183105469,35.54499816894531,35.90999984741211,21.70721435546875,27989600
2012-04-04,35.474998474121094,35.63999938964844,35.26499938964844,35.45000076293945,21.429147720336914,31660600
2012-04-05,35.32500076293945,35.744998931884766,35.20500183105469,35.25,21.308252334594727,19157800
2012-04-09,34.709999084472656,35.06999969482422,34.67499923706055,34.80500030517578,21.03925895690918,28859200
2012-04-10,34.755001068115234,34.814998626708984,34.04999923706055,34.119998931884766,20.625181198120117,43906000
2012-04-11,34.5,34.599998474121094,34.060001373291016,34.130001068115234,20.631227493286133,25650000
2012-04-12,34.15999984741211,34.959999084472656,34.1349983215332,34.875,21.081573486328125,30117800
2012-04-13,34.724998474121094,34.83000183105469,34.279998779296875,34.349998474121094,20.76421546936035,26215000
2012-04-16,34.4900016784668,34.599998474121094,33.974998474121094,34.119998931884766,20.625181198120117,30250800
2012-04-17,34.435001373291016,34.849998474121094,34.404998779296875,34.67499923706055,20.960674285888672,25510600
2012-04-18,34.56999969482422,34.81999969482422,34.5,34.60499954223633,20.91836166381836,21588600
2012-04-19,34.625,34.900001525878906,34.43000030517578,34.560001373291016,20.891151428222656,41945800
2012-04-20,34.88999938964844,35.060001373291016,34.470001220703125,34.47999954223633,20.84280014038086,30190600
2012-04-23,33.904998779296875,34.540000915527344,33.84000015258789,34.44499969482422,20.82164192199707,34055200
2012-04-24,34.56999969482422,34.814998626708984,34.404998779296875,34.70000076293945,20.975786209106445,19830600
2012-04-25,34.915000915527344,35.064998626708984,34.68000030517578,35.04499816894531,21.1843318939209,29285600
2012-04-26,34.875,35.43000030517578,34.81999969482422,35.415000915527344,21.407989501953125,22459600
2012-04-27,35.5,35.525001525878906,35.220001220703125,35.400001525878906,21.3989315032959,13670000
2012-04-30,35.3650016784668,35.64500045776367,35.26499938964844,35.619998931884766,21.531917572021484,15218000
2012-05-01,35.689998626708984,36.3849983215332,35.630001068115234,36.130001068115234,21.840208053588867,28510400
2012-05-02,35.81999969482422,35.83000183105469,35.439998626708984,35.540000915527344,21.483556747436523,24164400
2012-05-03,35.529998779296875,35.57500076293945,34.845001220703125,34.95000076293945,21.126914978027344,32080800
2012-05-04,34.595001220703125,34.650001525878906,33.98500061035156,34.150001525878906,20.643320083618164,44377000
2012-05-07,33.95000076293945,34.26499938964844,33.720001220703125,34.04999923706055,20.582866668701172,30416000
2012-05-08,33.779998779296875,34.0,33.21500015258789,33.939998626708984,20.516374588012695,50350400
2012-05-09,33.41999816894531,33.974998474121094,33.244998931884766,33.775001525878906,20.416627883911133,43909800
2012-05-10,34.11000061035156,34.29499816894531,33.849998474121094,33.91999816894531,20.50428581237793,24600000
2012-05-11,33.68000030517578,34.16999816894531,33.61000061035156,33.66999816894531,20.353166580200195,20606800
2012-05-14,33.255001068115234,33.310001373291016,33.040000915527344,33.11000061035156,20.014644622802734,27105800
2012-05-15,33.130001068115234,33.255001068115234,32.459999084472656,32.560001373291016,19.682180404663086,33951000
2012-05-16,32.63999938964844,33.154998779296875,32.375,32.375,19.570354461669922,33026600
2012-05-17,32.45000076293945,32.70500183105469,32.165000915527344,32.16999816894531,19.446422576904297,38364400
2012-05-18,32.400001525878906,32.58000183105469,31.834999084472656,31.969999313354492,19.32553482055664,36966800
2012-05-21,32.01499938964844,32.73500061035156,31.9950008392334,32.70500183105469,19.769832611083984,27340800
2012-05-22,32.75,33.209999084472656,32.404998779296875,32.625,19.721471786499023,42672000
2012-05-23,32.349998474121094,32.790000915527344,31.889999389648438,32.744998931884766,19.79400634765625,37762000
2012-05-24,32.915000915527344,32.915000915527344,32.310001373291016,32.720001220703125,19.77889633178711,37363000
2012-05-25,32.685001373291016,32.904998779296875,32.494998931884766,32.564998626708984,19.68520164489746,16028600
2012-05-29,32.939998626708984,33.345001220703125,32.77000045776367,33.11000061035156,20.014644622802734,28107400
2012-05-30,32.650001525878906,32.66999816894531,31.989999771118164,32.095001220703125,19.401090621948242,46467400
2012-05-31,32.07500076293945,32.15999984741211,31.270000457763672,31.815000534057617,19.23183250427246,53377000
2012-06-01,31.174999237060547,31.364999771118164,30.979999542236328,31.020000457763672,18.75126838684082,39020600
2012-06-04,31.139999389648438,31.235000610351562,30.55500030517578,30.9950008392334,18.73615074157715,38069800
2012-06-05,30.924999237060547,31.46500015258789,30.90999984741211,31.260000228881836,18.896339416503906,31604600
2012-06-06,31.59000015258789,32.255001068115234,31.59000015258789,32.224998474121094,19.479677200317383,41568000
2012-06-07,32.64500045776367,32.939998626708984,32.18000030517578,32.244998931884766,19.491756439208984,29372000
2012-06-08,32.0099983215332,32.29499816894531,31.735000610351562,32.25,19.494789123535156,31168000
2012-06-11,32.58000183105469,32.72999954223633,31.764999389648438,31.809999465942383,19.228816986083984,32296600
2012-06-12,31.985000610351562,32.34000015258789,31.809999465942383,32.2599983215332,19.500835418701172,29032600
2012-06-13,32.07500076293945,32.39500045776367,31.704999923706055,31.850000381469727,19.252988815307617,24344800
2012-06-14,31.924999237060547,32.4900016784668,31.799999237060547,32.349998474121094,19.55523681640625,29129400
2012-06-15,32.415000915527344,32.845001220703125,32.255001068115234,32.810001373291016,19.929101943969727,31002000
2012-06-18,32.48500061035156,32.61000061035156,32.29499816894531,32.51499938964844,19.749910354614258,28074000
2012-06-19,32.77000045776367,33.150001525878906,32.599998474121094,32.98500061035156,20.035398483276367,30745800
2012-06-20,32.970001220703125,33.21500015258789,32.54999923706055,32.85499954223633,19.95642852783203,35247000
2012-06-21,32.8650016784668,32.8650016784668,31.454999923706055,31.510000228881836,19.139469146728516,37929000
2012-06-22,31.719999313354492,31.864999771118164,31.334999084472656,31.719999313354492,19.267019271850586,40126000
2012-06-25,31.25,31.260000228881836,30.735000610351562,31.010000228881836,18.83576202392578,31107600
2012-06-26,31.059999465942383,31.459999084472656,30.834999084472656,31.344999313354492,19.039243698120117,28524000
2012-06-27,31.514999389648438,32.1150016784668,31.514999389648438,31.9950008392334,19.43406105041504,23315600
2012-06-28,31.809999465942383,32.27000045776367,31.665000915527344,32.21500015258789,19.56768798828125,33047000
2012-06-29,33.06999969482422,33.25,32.73500061035156,33.185001373291016,20.156875610351562,43491000
2012-07-02,33.185001373291016,33.33000183105469,32.834999084472656,33.20000076293945,20.16598892211914,29112600
2012-07-03,33.46500015258789,34.349998474121094,33.435001373291016,33.994998931884766,20.648881912231445,31383200
2012-07-05,33.79499816894531,33.814998626708984,33.43000030517578,33.54999923706055,20.378578186035156,24282000
2012-07-06,33.03499984741211,33.29499816894531,32.8849983215332,33.14500045776367,20.132585525512695,22381200
2012-07-09,33.119998931884766,33.18000030517578,32.7599983215332,32.994998931884766,20.04146957397461,19127800
2012-07-10,33.19499969482422,33.29499816894531,32.31999969482422,32.47999954223633,19.728649139404297,37602200
2012-07-11,32.650001525878906,33.084999084472656,32.564998626708984,32.91999816894531,19.995914459228516,41929800
2012-07-12,32.529998779296875,32.97999954223633,32.40999984741211,32.810001373291016,19.929101943969727,38736800
2012-07-13,32.94499969482422,33.415000915527344,32.900001525878906,33.3849983215332,20.27835464477539,20419200
2012-07-16,33.279998779296875,33.650001525878906,33.084999084472656,33.494998931884766,20.345172882080078,22669600
2012-07-17,33.685001373291016,33.95000076293945,33.150001525878906,33.915000915527344,20.60028648376465,35969200
2012-07-18,33.79499816894531,34.25,33.724998474121094,34.209999084472656,20.77946662902832,31036000
2012-07-19,34.349998474121094,34.41999816894531,34.10499954223633,34.314998626708984,20.843250274658203,27978800
2012-07-20,34.20500183105469,34.404998779296875,34.04999923706055,34.39500045776367,20.891845703125,27328800
2012-07-23,33.68000030517578,34.1349983215332,33.46500015258789,34.064998626708984,20.691396713256836,25441000
2012-07-24,34.08000183105469,34.1150016784668,33.08000183105469,33.52000045776367,20.360361099243164,25317800
2012-07-25,33.650001525878906,33.790000915527344,33.255001068115234,33.54499816894531,20.37554359436035,18999000
2012-07-26,34.060001373291016,34.6150016784668,34.040000915527344,34.5,20.95562171936035,28081000
2012-07-27,34.685001373291016,35.244998931884766,34.45000076293945,35.11000061035156,21.326141357421875,30720600
2012-07-30,35.060001373291016,35.34000015258789,34.95000076293945,35.209999084472656,21.386871337890625,19466600
2012-07-31,35.130001068115234,35.275001525878906,34.790000915527344,34.82500076293945,21.153034210205078,24031200
2012-08-01,34.95500183105469,35.16999816894531,34.58000183105469,34.994998931884766,21.256288528442383,32289200
2012-08-02,34.560001373291016,34.7599983215332,34.08000183105469,34.40999984741211,20.900949478149414,30882600
2012-08-03,35.04999923706055,35.435001373291016,35.0099983215332,35.220001220703125,21.3929500579834,28752000
2012-08-06,35.28499984741211,35.5099983215332,35.25,35.314998626708984,21.450660705566406,11872400
2012-08-07,35.58000183105469,36.0,35.54999923706055,35.845001220703125,21.772581100463867,24501800
2012-08-08,35.689998626708984,36.0,35.625,35.875,21.790803909301758,18998000
2012-08-09,35.79999923706055,36.255001068115234,35.75,36.119998931884766,21.939624786376953,23966000
2012-08-10,35.875,36.22999954223633,35.654998779296875,36.185001373291016,21.97909927368164,22631000
2012-08-13,36.18000030517578,36.22999954223633,35.875,36.04999923706055,21.8971004486084,16578000
2012-08-14,36.224998474121094,36.26499938964844,35.869998931884766,35.98500061035156,21.857624053955078,14242600
2012-08-15,35.994998931884766,36.084999084472656,35.834999084472656,35.97999954223633,21.854583740234375,13064200
2012-08-16,36.040000915527344,36.3650016784668,35.939998626708984,36.29999923706055,22.048952102661133,13767800
2012-08-17,36.375,36.38999938964844,36.15999984741211,36.28499984741211,22.039844512939453,24208200
2012-08-20,36.189998626708984,36.290000915527344,36.03499984741211,36.15999984741211,21.96391487121582,11135600
2012-08-21,36.32500076293945,36.51499938964844,35.98500061035156,36.04499816894531,21.89406967163086,17460400
2012-08-22,35.93000030517578,36.21500015258789,35.81999969482422,36.18000030517578,21.976062774658203,17077600
2012-08-23,36.095001220703125,36.19499969482422,35.709999084472656,35.779998779296875,21.733104705810547,14657200
2012-08-24,35.720001220703125,36.09000015258789,35.529998779296875,35.9900016784668,21.860658645629883,14983200
2012-08-27,36.029998779296875,36.25,35.8849983215332,36.005001068115234,21.869775772094727,12135600
2012-08-28,35.93000030517578,36.13999938964844,35.8650016784668,36.029998779296875,21.88495445251465,13641600
2012-08-29,36.04999923706055,36.08000183105469,35.755001068115234,35.790000915527344,21.739181518554688,12703800
2012-08-30,35.650001525878906,35.650001525878906,35.30500030517578,35.40999984741211,21.50836181640625,15570800
2012-08-31,35.70500183105469,35.94499969482422,35.4900016784668,35.76499938964844,21.723981857299805,20299800
2012-09-04,35.72999954223633,35.755001068115234,35.20000076293945,35.4900016784668,21.556957244873047,17550000
2012-09-05,35.470001220703125,35.599998474121094,35.29499816894531,35.35499954223633,21.474956512451172,14450000
2012-09-06,35.6349983215332,36.34000015258789,35.630001068115234,36.099998474121094,21.927473068237305,27044200
2012-09-07,36.185001373291016,36.73500061035156,36.150001525878906,36.724998474121094,22.307106018066406,26845200
2012-09-10,36.67499923706055,36.915000915527344,36.54999923706055,36.564998626708984,22.20992088317871,11684200
2012-09-11,36.67499923706055,37.05500030517578,36.67499923706055,36.95500183105469,22.446809768676758,15011000
2012-09-12,37.17499923706055,37.275001525878906,37.025001525878906,37.18000030517578,22.583463668823242,16683400
2012-09-13,37.26499938964844,38.005001068115234,36.974998474121094,37.78499984741211,22.950946807861328,28348400
2012-09-14,38.04999923706055,38.67499923706055,38.0099983215332,38.28499984741211,23.254657745361328,30480600
2012-09-17,38.130001068115234,38.404998779296875,37.869998931884766,37.994998931884766,23.078510284423828,20367000
2012-09-18,37.869998931884766,37.8849983215332,37.43000030517578,37.724998474121094,22.91451072692871,19840400
2012-09-19,37.689998626708984,37.724998474121094,37.32500076293945,37.36000061035156,22.692813873291016,29613600
2012-09-20,37.040000915527344,37.540000915527344,36.88999938964844,37.46500015258789,22.7565860748291,23487600
2012-09-21,37.619998931884766,37.6349983215332,37.25,37.34000015258789,22.782207489013672,25396400
2012-09-24,37.01499938964844,37.25,37.0099983215332,37.150001525878906,22.666292190551758,14781000
2012-09-25,37.25,37.31999969482422,36.709999084472656,36.744998931884766,22.419187545776367,26986600
2012-09-26,36.595001220703125,36.63999938964844,36.27000045776367,36.39500045776367,22.20564079284668,31606200
2012-09-27,36.67499923706055,36.994998931884766,36.52000045776367,36.88999938964844,22.507648468017578,16654600
2012-09-28,36.78499984741211,36.81999969482422,36.494998931884766,36.71500015258789,22.400876998901367,16897200
2012-10-01,36.970001220703125,37.26499938964844,36.849998474121094,36.900001525878906,22.513750076293945,22242800
2012-10-02,37.150001525878906,37.150001525878906,36.7400016784668,36.96500015258789,22.553417205810547,17582200
2012-10-03,36.89500045776367,36.94499969482422,36.334999084472656,36.5099983215332,22.275808334350586,25151600
2012-10-04,36.71500015258789,36.970001220703125,36.63999938964844,36.875,22.498504638671875,22754600
2012-10-05,37.084999084472656,37.130001068115234,36.66999816894531,36.790000915527344,22.44664192199707,27778400
2012-10-08,36.584999084472656,36.89500045776367,36.54999923706055,36.849998474121094,22.483253479003906,10885600
2012-10-09,36.8849983215332,37.189998626708984,36.84000015258789,36.900001525878906,22.513750076293945,20581200
2012-10-10,36.685001373291016,36.744998931884766,36.11000061035156,36.209999084472656,22.092771530151367,30383600
2012-10-11,36.560001373291016,36.78499984741211,36.459999084472656,36.47999954223633,22.25749969482422,16543400
2012-10-12,36.470001220703125,36.53499984741211,36.02000045776367,36.279998779296875,22.13547706604004,21523600
2012-10-15,36.21500015258789,36.52000045776367,35.95500183105469,36.46500015258789,22.248342514038086,16188000
2012-10-16,36.68000030517578,37.1150016784668,36.68000030517578,37.04499816894531,22.60222053527832,26698600
2012-10-17,37.150001525878906,37.53499984741211,37.07500076293945,37.5099983215332,22.885934829711914,20691400
2012-10-18,37.34000015258789,37.595001220703125,37.314998626708984,37.505001068115234,22.88287925720215,28824800
2012-10-19,37.474998474121094,37.54999923706055,36.779998779296875,36.915000915527344,22.52290916442871,28185200
2012-10-22,36.93000030517578,37.04999923706055,36.36000061035156,36.72999954223633,22.4100399017334,21687800
2012-10-23,36.11000061035156,36.14500045776367,35.6150016784668,35.875,21.88837242126465,30857000
2012-10-24,36.05500030517578,36.125,35.53499984741211,35.599998474121094,21.720590591430664,21391000
2012-10-25,35.95500183105469,36.02000045776367,35.5099983215332,35.935001373291016,21.924983978271484,19586400
2012-10-26,35.8650016784668,36.20000076293945,35.79999923706055,35.97999954223633,21.952430725097656,22016800
2012-10-31,36.125,36.23500061035156,35.67499923706055,35.970001220703125,21.94633674621582,22251600
2012-11-01,35.83000183105469,36.19499969482422,35.77000045776367,36.125,22.04090118408203,18981600
2012-11-02,36.244998931884766,36.345001220703125,35.40999984741211,35.529998779296875,21.67788314819336,22529800
2012-11-05,35.459999084472656,35.89500045776367,35.41999816894531,35.79999923706055,21.842620849609375,14834800
2012-11-06,35.97999954223633,36.529998779296875,35.959999084472656,36.375,22.193437576293945,21038400
2012-11-07,35.84000015258789,35.91999816894531,35.17499923706055,35.42499923706055,21.613815307617188,38087200
2012-11-08,35.400001525878906,35.53499984741211,34.76499938964844,34.78499984741211,21.22333335876465,30026600
2012-11-09,34.67499923706055,35.185001373291016,34.57500076293945,34.775001525878906,21.217239379882812,24455400
2012-11-12,34.90999984741211,34.95000076293945,34.70000076293945,34.845001220703125,21.259939193725586,11166800
2012-11-13,34.53499984741211,35.154998779296875,34.5,34.70000076293945,21.171472549438477,22601200
2012-11-14,34.810001373291016,34.875,34.189998626708984,34.279998779296875,20.915218353271484,38484200
2012-11-15,34.29499816894531,34.6349983215332,34.095001220703125,34.32500076293945,20.94266700744629,29302200
2012-11-16,34.375,34.5099983215332,33.8849983215332,34.459999084472656,21.025041580200195,42955400
2012-11-19,34.93000030517578,35.310001373291016,34.904998779296875,35.255001068115234,21.51009178161621,22916200
2012-11-20,35.15999984741211,35.29499816894531,34.869998931884766,35.1150016784668,21.424680709838867,15425000
2012-11-21,35.224998474121094,35.349998474121094,35.08000183105469,35.30500030517578,21.540603637695312,11737000
2012-11-23,35.470001220703125,35.80500030517578,35.3849983215332,35.80500030517578,21.845666885375977,9004800
2012-11-26,35.494998931884766,35.52000045776367,35.209999084472656,35.45500183105469,21.632122039794922,18781000
2012-11-27,35.349998474121094,35.505001068115234,35.095001220703125,35.15999984741211,21.452129364013672,15576000
2012-11-28,34.82500076293945,35.53499984741211,34.71500015258789,35.47999954223633,21.64737319946289,23175800
2012-11-29,35.71500015258789,35.85499954223633,35.435001373291016,35.560001373291016,21.69618034362793,21902200
2012-11-30,35.599998474121094,35.724998474121094,35.400001525878906,35.529998779296875,21.67788314819336,16730200
2012-12-03,35.79999923706055,35.849998474121094,35.29499816894531,35.334999084472656,21.55890655517578,19533000
2012-12-04,35.349998474121094,35.51499938964844,35.185001373291016,35.20500183105469,21.47958755493164,22791600
2012-12-05,35.314998626708984,35.64500045776367,35.220001220703125,35.45000076293945,21.62907600402832,25062200
2012-12-06,35.375,35.564998626708984,35.314998626708984,35.564998626708984,21.699234008789062,16213600
2012-12-07,35.685001373291016,35.78499984741211,35.5099983215332,35.779998779296875,21.830406188964844,20768800
2012-12-10,35.76499938964844,35.904998779296875,35.665000915527344,35.7400016784668,21.805999755859375,11671600
2012-12-11,35.8849983215332,36.084999084472656,35.814998626708984,35.95000076293945,21.93412971496582,15749400
2012-12-12,36.060001373291016,36.40999984741211,35.959999084472656,36.08000183105469,22.01345443725586,18386600
2012-12-13,36.03499984741211,36.040000915527344,35.599998474121094,35.744998931884766,21.809062957763672,21534600
2012-12-14,35.505001068115234,35.68000030517578,35.45500183105469,35.61000061035156,21.7266902923584,18883400
2012-12-17,35.72999954223633,35.95000076293945,35.665000915527344,35.935001373291016,21.924983978271484,18989000
2012-12-18,35.93000030517578,36.67499923706055,35.86000061035156,36.595001220703125,22.327665328979492,22374000
2012-12-19,36.654998779296875,36.69499969482422,36.32500076293945,36.345001220703125,22.17513656616211,16181200
2012-12-20,36.349998474121094,36.619998931884766,36.275001525878906,36.59000015258789,22.324615478515625,18014800
2012-12-21,35.959999084472656,36.13999938964844,35.81999969482422,36.03499984741211,22.0980224609375,30420400
2012-12-24,35.959999084472656,35.994998931884766,35.70000076293945,35.7599983215332,21.929378509521484,7179600
2012-12-26,35.974998474121094,35.9900016784668,35.54999923706055,35.599998474121094,21.831262588500977,13040200
2012-12-27,35.60499954223633,35.64500045776367,35.095001220703125,35.53499984741211,21.791404724121094,23321600
2012-12-28,35.31999969482422,35.34000015258789,34.8849983215332,34.915000915527344,21.411191940307617,23604800
2012-12-31,34.85499954223633,35.720001220703125,34.78499984741211,35.709999084472656,21.898725509643555,32769600
2013-01-02,36.474998474121094,36.5099983215332,36.0,36.5,22.383180618286133,29091600
2013-01-03,36.44499969482422,36.814998626708984,36.279998779296875,36.4900016784668,22.37704849243164,19572000
2013-01-04,36.54499816894531,36.94499969482422,36.525001525878906,36.89500045776367,22.625411987304688,18585400
2013-01-07,36.724998474121094,36.724998474121094,36.470001220703125,36.61000061035156,22.450632095336914,15946800
2013-01-08,36.5099983215332,36.52000045776367,36.2599983215332,36.4900016784668,22.37704849243164,14751400
2013-01-09,36.595001220703125,36.63999938964844,36.275001525878906,36.43000030517578,22.340253829956055,14745000
2013-01-10,36.72999954223633,36.82500076293945,36.529998779296875,36.7599983215332,22.542619705200195,16733600
2013-01-11,36.79999923706055,36.86000061035156,36.66999816894531,36.80500030517578,22.570215225219727,12732800
2013-01-14,36.78499984741211,36.915000915527344,36.68000030517578,36.810001373291016,22.57328987121582,16794200
2013-01-15,36.66999816894531,37.005001068115234,36.595001220703125,36.974998474121094,22.67445945739746,19279000
2013-01-16,36.915000915527344,37.14500045776367,36.86000061035156,37.13999938964844,22.775646209716797,17170400
2013-01-17,37.32500076293945,37.61000061035156,37.220001220703125,37.375,22.919763565063477,21004000
2013-01-18,37.404998779296875,37.744998931884766,37.32500076293945,37.744998931884766,23.146657943725586,26813000
2013-01-22,37.68000030517578,38.154998779296875,37.57500076293945,38.10499954223633,23.367435455322266,20299600
2013-01-23,38.01499938964844,38.08000183105469,37.83000183105469,37.974998474121094,23.287702560424805,14338600
2013-01-24,38.02000045776367,38.39500045776367,37.97999954223633,38.084999084472656,23.355159759521484,17641600
2013-01-25,38.27000045776367,38.525001525878906,38.20500183105469,38.44499969482422,23.575925827026367,15590600
2013-01-28,38.59000015258789,38.59000015258789,38.154998779296875,38.380001068115234,23.536069869995117,14902400
2013-01-29,38.48500061035156,39.07500076293945,38.470001220703125,39.0,23.916271209716797,23292000
2013-01-30,39.08000183105469,39.29499816894531,38.7400016784668,38.80500030517578,23.796701431274414,19886000
2013-01-31,38.68000030517578,38.869998931884766,38.53499984741211,38.67499923706055,23.71696662902832,21030600
2013-02-01,38.880001068115234,39.084999084472656,38.58000183105469,39.03499984741211,23.937740325927734,23636600
2013-02-04,38.70000076293945,38.84000015258789,38.63999938964844,38.665000915527344,23.710838317871094,21348000
2013-02-05,38.93000030517578,39.10499954223633,38.779998779296875,39.0,23.916271209716797,23370200
2013-02-06,38.790000915527344,39.04499816894531,38.67499923706055,39.025001525878906,23.931608200073242,22772800
2013-02-07,38.994998931884766,39.084999084472656,38.665000915527344,38.92499923706055,23.870281219482422,23861800
2013-02-08,38.97999954223633,39.30500030517578,38.97999954223633,39.290000915527344,24.0941219329834,18895400
2013-02-11,39.29499816894531,39.29499816894531,39.040000915527344,39.095001220703125,23.974533081054688,13922000
2013-02-12,39.185001373291016,39.27000045776367,38.974998474121094,39.20000076293945,24.03893280029297,14405400
2013-02-13,39.2400016784668,39.375,39.21500015258789,39.34000015258789,24.12478256225586,11385800
2013-02-14,39.2599983215332,39.755001068115234,39.14500045776367,39.68000030517578,24.333276748657227,14621400
2013-02-15,39.630001068115234,39.64500045776367,39.01499938964844,39.224998474121094,24.05425453186035,28675600
2013-02-19,39.369998931884766,39.71500015258789,39.36000061035156,39.68000030517578,24.333276748657227,15394000
2013-02-20,39.665000915527344,39.66999816894531,38.814998626708984,38.849998474121094,23.824289321899414,25535400
2013-02-21,38.654998779296875,38.724998474121094,38.290000915527344,38.58000183105469,23.658714294433594,24524800
2013-02-22,38.82500076293945,39.0,38.51499938964844,38.98500061035156,23.90707015991211,13129200
2013-02-25,39.2400016784668,39.36000061035156,37.939998626708984,37.96500015258789,23.281574249267578,27616000
2013-02-26,38.17499923706055,38.435001373291016,37.72999954223633,38.34000015258789,23.51153564453125,33703000
2013-02-27,38.224998474121094,39.029998779296875,38.224998474121094,38.92499923706055,23.870281219482422,21989200
2013-02-28,38.8849983215332,39.23500061035156,38.82500076293945,38.845001220703125,23.821218490600586,19879800
2013-03-01,38.689998626708984,38.96500015258789,38.51499938964844,38.89500045776367,23.851886749267578,26525400
2013-03-04,38.7599983215332,38.8650016784668,38.42499923706055,38.810001373291016,23.799758911132812,20843400
2013-03-05,39.06999969482422,39.209999084472656,38.904998779296875,39.060001373291016,23.953073501586914,19969800
2013-03-06,39.224998474121094,39.29999923706055,38.959999084472656,39.10499954223633,23.980670928955078,16400200
2013-03-07,39.19499969482422,39.369998931884766,39.02000045776367,39.30500030517578,24.10331916809082,16932400
2013-03-08,39.46500015258789,39.560001373291016,39.244998931884766,39.494998931884766,24.21982192993164,15633400
2013-03-11,39.3650016784668,39.58000183105469,39.19499969482422,39.51499938964844,24.23209571838379,16334200
2013-03-12,39.54999923706055,39.77000045776367,39.435001373291016,39.560001373291016,24.259687423706055,17046600
2013-03-13,39.5,39.619998931884766,39.369998931884766,39.470001220703125,24.204498291015625,15565400
2013-03-14,39.53499984741211,40.06999969482422,39.53499984741211,40.0099983215332,24.5356502532959,21982200
2013-03-15,39.81999969482422,39.974998474121094,39.630001068115234,39.79999923706055,24.5162296295166,22493200
2013-03-18,39.29499816894531,39.720001220703125,39.26499938964844,39.47999954223633,24.319122314453125,16094000
2013-03-19,39.54499816894531,39.54499816894531,38.69499969482422,39.04499816894531,24.051166534423828,24704200
2013-03-20,39.33000183105469,39.39500045776367,39.040000915527344,39.26499938964844,24.186689376831055,13646000
2013-03-21,39.07500076293945,39.380001068115234,39.03499984741211,39.064998626708984,24.063495635986328,16555000
2013-03-22,39.17499923706055,39.439998626708984,39.150001525878906,39.375,24.254444122314453,15809600
2013-03-25,39.529998779296875,39.69499969482422,39.060001373291016,39.224998474121094,24.162052154541016,19679000
2013-03-26,39.435001373291016,39.689998626708984,39.375,39.63999938964844,24.417686462402344,13862400
2013-03-27,39.41999816894531,39.834999084472656,39.314998626708984,39.77000045776367,24.497760772705078,11389400
2013-03-28,39.77000045776367,39.935001373291016,39.6349983215332,39.654998779296875,24.426923751831055,13790600
2013-04-01,39.654998779296875,39.77000045776367,39.30500030517578,39.57500076293945,24.377639770507812,14815600
2013-04-02,39.63999938964844,39.66999816894531,39.224998474121094,39.349998474121094,24.23905372619629,16816200
2013-04-03,39.3650016784668,39.38999938964844,38.494998931884766,38.6150016784668,23.78630256652832,31487000
2013-04-04,38.584999084472656,38.79999923706055,38.31999969482422,38.564998626708984,23.7554931640625,27505400
2013-04-05,38.064998626708984,38.69499969482422,37.994998931884766,38.650001525878906,23.807861328125,33239600
2013-04-08,38.709999084472656,38.93000030517578,38.57500076293945,38.90999984741211,23.968015670776367,17807200
2013-04-09,39.0,39.404998779296875,38.814998626708984,39.2400016784668,24.17129135131836,19159600
2013-04-10,39.34000015258789,39.60499954223633,39.279998779296875,39.45000076293945,24.300647735595703,18383600
2013-04-11,39.630001068115234,39.810001373291016,39.3650016784668,39.619998931884766,24.40536117553711,22622600
2013-04-12,39.35499954223633,39.43000030517578,38.78499984741211,39.0,24.02345085144043,38874200
2013-04-15,38.564998626708984,38.584999084472656,37.380001068115234,37.40999984741211,23.04404067993164,49586400
2013-04-16,37.78499984741211,37.92499923706055,37.349998474121094,37.869998931884766,23.327388763427734,32920800
2013-04-17,37.53499984741211,37.57500076293945,36.7599983215332,37.040000915527344,22.816125869750977,41253400
2013-04-18,37.14500045776367,37.59000015258789,36.80500030517578,37.35499954223633,23.010160446166992,41071200
2013-04-19,37.63999938964844,37.71500015258789,37.05500030517578,37.279998779296875,22.963953018188477,26833000
2013-04-22,37.46500015258789,37.834999084472656,37.13999938964844,37.68000030517578,23.21034812927246,26696000
2013-04-23,37.83000183105469,38.150001525878906,37.650001525878906,38.1150016784668,23.478307723999023,27895200
2013-04-24,38.255001068115234,38.80500030517578,38.21500015258789,38.625,23.792463302612305,27430200
2013-04-25,38.720001220703125,39.119998931884766,38.470001220703125,38.654998779296875,23.810937881469727,27277600
2013-04-26,38.56999969482422,38.685001373291016,38.28499984741211,38.59000015258789,23.770898818969727,22324800
2013-04-29,38.82500076293945,39.13999938964844,38.650001525878906,38.97999954223633,24.011133193969727,24429400
2013-04-30,39.025001525878906,39.150001525878906,38.67499923706055,39.1349983215332,24.10660743713379,20071000
2013-05-01,38.79999923706055,38.904998779296875,38.47999954223633,38.525001525878906,23.73086166381836,30648000
2013-05-02,38.68000030517578,39.13999938964844,38.54499816894531,39.029998779296875,24.04192543029785,27194200
2013-05-03,39.30500030517578,39.84000015258789,39.29499816894531,39.73500061035156,24.476198196411133,28098000
2013-05-06,39.755001068115234,40.165000915527344,39.755001068115234,40.005001068115234,24.64251708984375,24014400
2013-05-07,40.185001373291016,40.4900016784668,40.03499984741211,40.314998626708984,24.833467483520508,19401200
2013-05-08,40.28499984741211,40.45500183105469,40.130001068115234,40.380001068115234,24.87351417541504,14340800
2013-05-09,40.39500045776367,40.540000915527344,40.125,40.345001220703125,24.851951599121094,16271200
2013-05-10,40.119998931884766,40.20000076293945,39.78499984741211,40.1349983215332,24.72259521484375,26442200
2013-05-13,40.03499984741211,40.150001525878906,39.904998779296875,40.130001068115234,24.719518661499023,14846200
2013-05-14,40.165000915527344,40.70000076293945,40.13999938964844,40.70000076293945,25.070627212524414,19200600
2013-05-15,40.5099983215332,40.71500015258789,40.244998931884766,40.584999084472656,24.999786376953125,26097200
2013-05-16,40.470001220703125,40.69499969482422,40.29499816894531,40.3849983215332,24.876596450805664,24110800
2013-05-17,40.60499954223633,41.10499954223633,40.560001373291016,41.060001373291016,25.292383193969727,29314200
2013-05-20,41.040000915527344,41.72999954223633,41.040000915527344,41.63999938964844,25.6496524810791,20384400
2013-05-21,41.7400016784668,41.915000915527344,41.415000915527344,41.55500030517578,25.59729766845703,21676600
2013-05-22,41.6150016784668,41.974998474121094,40.875,41.07500076293945,25.301620483398438,39678800
2013-05-23,40.560001373291016,41.095001220703125,40.42499923706055,41.095001220703125,25.313947677612305,25583400
2013-05-24,40.72999954223633,40.86000061035156,40.5,40.85499954223633,25.166107177734375,17330000
2013-05-28,41.43000030517578,41.6150016784668,41.07500076293945,41.28499984741211,25.430980682373047,21416800
2013-05-29,40.974998474121094,41.349998474121094,40.89500045776367,41.19499969482422,25.37554359436035,25506000
2013-05-30,41.08000183105469,41.30500030517578,40.814998626708984,41.099998474121094,25.31702423095703,24149600
2013-05-31,40.93000030517578,41.060001373291016,40.244998931884766,40.25,24.79343605041504,30014400
2013-06-03,40.400001525878906,40.650001525878906,40.21500015258789,40.63999938964844,25.033668518066406,36730800
2013-06-04,40.439998626708984,40.69499969482422,40.02000045776367,40.31999969482422,24.83655548095703,31962000
2013-06-05,40.20000076293945,40.345001220703125,39.82500076293945,39.849998474121094,24.547042846679688,35592200
2013-06-06,39.875,40.16999816894531,39.54999923706055,40.150001525878906,24.731836318969727,36648400
2013-06-07,40.415000915527344,40.689998626708984,40.18000030517578,40.654998779296875,25.042911529541016,21164000
2013-06-10,40.83000183105469,40.84000015258789,40.404998779296875,40.540000915527344,24.972070693969727,15888000
2013-06-11,40.04499816894531,40.310001373291016,39.875,39.92499923706055,24.59324073791504,21191800
2013-06-12,40.32500076293945,40.39500045776367,39.59000015258789,39.68000030517578,24.44232749938965,18689400
2013-06-13,39.66999816894531,40.45000076293945,39.619998931884766,40.345001220703125,24.851951599121094,24786000
2013-06-14,40.369998931884766,40.40999984741211,39.86000061035156,39.95500183105469,24.611726760864258,20796800
2013-06-17,40.224998474121094,40.6349983215332,40.20500183105469,40.529998779296875,24.965904235839844,22195000
2013-06-18,40.474998474121094,40.8849983215332,40.459999084472656,40.7599983215332,25.107589721679688,15483400
2013-06-19,40.724998474121094,40.95000076293945,40.345001220703125,40.3849983215332,24.876596450805664,30107200
2013-06-20,39.85499954223633,39.875,39.084999084472656,39.20500183105469,24.149728775024414,50979600
2013-06-21,39.345001220703125,39.3849983215332,38.625,39.084999084472656,24.191200256347656,41108400
2013-06-24,38.65999984741211,38.935001373291016,38.0099983215332,38.505001068115234,23.832216262817383,37809600
2013-06-25,38.93000030517578,39.125,38.66999816894531,39.0,24.13858413696289,25080600
2013-06-26,39.189998626708984,39.36000061035156,38.904998779296875,39.2400016784668,24.287134170532227,22405600
2013-06-27,39.439998626708984,39.66999816894531,39.29499816894531,39.314998626708984,24.33354949951172,16327000
2013-06-28,39.165000915527344,39.459999084472656,39.025001525878906,39.150001525878906,24.231428146362305,21635400
2013-07-01,39.39500045776367,39.7599983215332,39.314998626708984,39.43000030517578,24.40472984313965,23921400
2013-07-02,39.439998626708984,39.849998474121094,39.31999969482422,39.51499938964844,24.457353591918945,17383600
2013-07-03,39.40999984741211,39.55500030517578,39.17499923706055,39.4900016784668,24.441865921020508,10511600
2013-07-05,39.720001220703125,39.994998931884766,39.41999816894531,39.97999954223633,24.745147705078125,20617000
2013-07-08,40.17499923706055,40.47999954223633,40.150001525878906,40.2400016784668,24.906068801879883,23158400
2013-07-09,40.46500015258789,40.70500183105469,40.3849983215332,40.650001525878906,25.159828186035156,18514600
2013-07-10,40.79999923706055,40.79999923706055,40.314998626708984,40.400001525878906,25.005107879638672,21623000
2013-07-11,40.90999984741211,40.939998626708984,40.505001068115234,40.724998474121094,25.206254959106445,28972400
2013-07-12,40.67499923706055,40.97999954223633,40.665000915527344,40.95500183105469,25.348609924316406,17555600
2013-07-15,40.97999954223633,41.060001373291016,40.845001220703125,40.91999816894531,25.32695198059082,20790200
2013-07-16,40.94499969482422,41.025001525878906,40.40999984741211,40.66999816894531,25.172218322753906,13447600
2013-07-17,40.790000915527344,40.970001220703125,40.724998474121094,40.849998474121094,25.283632278442383,15846000
2013-07-18,40.9900016784668,41.400001525878906,40.970001220703125,41.28499984741211,25.55286407470703,18839000
2013-07-19,41.435001373291016,41.86000061035156,41.34000015258789,41.86000061035156,25.90874671936035,21369600
2013-07-22,41.79999923706055,41.915000915527344,41.685001373291016,41.724998474121094,25.8251895904541,13604600
2013-07-23,41.83000183105469,41.97999954223633,41.744998931884766,41.79499816894531,25.868515014648438,12019400
2013-07-24,41.84000015258789,41.869998931884766,41.119998931884766,41.33000183105469,25.580717086791992,18677200
2013-07-25,41.29499816894531,41.65999984741211,41.17499923706055,41.60499954223633,25.75090980529785,19242200
2013-07-26,41.415000915527344,41.529998779296875,41.13999938964844,41.5,25.685935974121094,13660200
2013-07-29,41.369998931884766,41.404998779296875,40.9900016784668,41.154998779296875,25.472410202026367,16587200
2013-07-30,41.165000915527344,41.25,40.84000015258789,41.07500076293945,25.422883987426758,15870400
2013-07-31,41.150001525878906,41.5099983215332,41.119998931884766,41.209999084472656,25.50644302368164,22495000
2013-08-01,41.54499816894531,41.92499923706055,41.529998779296875,41.880001068115234,25.92113494873047,21293400
2013-08-02,41.724998474121094,41.75,41.42499923706055,41.69499969482422,25.80662727355957,16371000
2013-08-05,41.54499816894531,41.625,41.3849983215332,41.595001220703125,25.744741439819336,10382000
2013-08-06,41.494998931884766,41.70000076293945,41.224998474121094,41.34000015258789,25.586902618408203,12988800
2013-08-07,41.224998474121094,41.349998474121094,41.025001525878906,41.19499969482422,25.497156143188477,14067200
2013-08-08,41.39500045776367,41.5099983215332,41.060001373291016,41.41999816894531,25.63641357421875,13478600
2013-08-09,41.40999984741211,41.505001068115234,41.095001220703125,41.29499816894531,25.559057235717773,19630000
2013-08-12,41.01499938964844,41.279998779296875,41.0,41.119998931884766,25.450729370117188,12627000
2013-08-13,41.15999984741211,41.290000915527344,40.93000030517578,41.19499969482422,25.497156143188477,13832600
2013-08-14,41.099998474121094,41.275001525878906,40.974998474121094,41.005001068115234,25.37955093383789,12425000
2013-08-15,40.75,40.959999084472656,40.599998474121094,40.779998779296875,25.24030303955078,21638000
2013-08-16,40.70000076293945,40.76499938964844,40.45500183105469,40.6150016784668,25.13817596435547,17900800
2013-08-19,40.51499938964844,40.560001373291016,39.94499969482422,39.970001220703125,24.738964080810547,21694800
2013-08-20,39.9900016784668,41.5,39.92499923706055,40.21500015258789,24.890600204467773,18071200
2013-08-21,40.10499954223633,40.345001220703125,39.915000915527344,39.994998931884766,24.754423141479492,18975800
2013-08-22,40.17499923706055,40.75,40.09000015258789,40.59000015258789,25.122699737548828,16674400
2013-08-23,40.720001220703125,40.94499969482422,40.474998474121094,40.880001068115234,25.30219078063965,14785000
2013-08-26,40.994998931884766,41.154998779296875,40.72999954223633,40.810001373291016,25.25887107849121,14524000
2013-08-27,40.5099983215332,40.849998474121094,40.474998474121094,40.55500030517578,25.10102653503418,20401000
2013-08-28,40.685001373291016,41.38999938964844,40.66999816894531,41.22999954223633,25.518810272216797,23796400
2013-08-29,41.154998779296875,41.18000030517578,40.72999954223633,40.79999923706055,25.25267219543457,22817600
2013-08-30,40.95500183105469,41.005001068115234,40.685001373291016,40.78499984741211,25.243396759033203,17082600
2013-09-03,41.19499969482422,41.34000015258789,40.8849983215332,41.084999084472656,25.429075241088867,17268800
2013-09-04,41.03499984741211,41.43000030517578,40.94499969482422,41.30500030517578,25.565244674682617,14980000
2013-09-05,41.3849983215332,41.6349983215332,41.3650016784668,41.44499969482422,25.65189552307129,12230200
2013-09-06,41.61000061035156,41.76499938964844,41.154998779296875,41.439998626708984,25.64879608154297,16046200
2013-09-09,41.59000015258789,41.95500183105469,41.529998779296875,41.904998779296875,25.936599731445312,16869800
2013-09-10,41.95000076293945,41.97999954223633,41.560001373291016,41.91999816894531,25.94588851928711,18304400
2013-09-11,41.915000915527344,42.2400016784668,41.724998474121094,42.2400016784668,26.143949508666992,21400400
2013-09-12,42.154998779296875,42.279998779296875,41.959999084472656,41.9900016784668,25.98921012878418,21404800
2013-09-13,42.025001525878906,42.13999938964844,41.900001525878906,41.974998474121094,25.979938507080078,11958000
2013-09-16,42.29999923706055,42.33000183105469,41.904998779296875,41.96500015258789,25.973737716674805,16112600
2013-09-17,41.974998474121094,42.275001525878906,41.91999816894531,42.154998779296875,26.091339111328125,10843800
2013-09-18,42.14500045776367,42.84000015258789,42.02000045776367,42.665000915527344,26.406991958618164,22313200
2013-09-19,42.72999954223633,42.869998931884766,42.48500061035156,42.560001373291016,26.342012405395508,18277000
2013-09-20,42.38999938964844,42.494998931884766,41.939998626708984,42.02000045776367,26.12842559814453,27947800
2013-09-23,41.90999984741211,42.005001068115234,41.69499969482422,41.814998626708984,26.000944137573242,17040200
2013-09-24,41.80500030517578,42.165000915527344,41.685001373291016,41.85499954223633,26.025814056396484,11080800
2013-09-25,41.974998474121094,42.10499954223633,41.834999084472656,41.845001220703125,26.019607543945312,22387400
2013-09-26,41.95000076293945,42.01499938964844,41.720001220703125,41.91999816894531,26.06623649597168,15440400
2013-09-27,41.744998931884766,41.83000183105469,41.61000061035156,41.775001525878906,25.976076126098633,14342000
2013-09-30,41.27000045776367,41.599998474121094,41.19499969482422,41.45500183105469,25.777095794677734,20866400
2013-10-01,41.34000015258789,41.83000183105469,41.31999969482422,41.720001220703125,25.941877365112305,21688200
2013-10-02,41.54499816894531,41.8650016784668,41.32500076293945,41.814998626708984,26.000944137573242,15428400
2013-10-03,41.775001525878906,41.79999923706055,41.25,41.45000076293945,25.773988723754883,20280200
2013-10-04,41.540000915527344,41.97999954223633,41.36000061035156,41.869998931884766,26.03514289855957,18626200
2013-10-07,41.435001373291016,41.790000915527344,41.3849983215332,41.525001525878906,25.82062530517578,15857400
2013-10-08,41.540000915527344,41.630001068115234,41.040000915527344,41.08000183105469,25.54391860961914,21146800
2013-10-09,41.08000183105469,41.1150016784668,40.654998779296875,40.935001373291016,25.453763961791992,26219400
2013-10-10,41.220001220703125,41.70000076293945,41.209999084472656,41.69499969482422,25.92632484436035,25655200
2013-10-11,41.5099983215332,42.275001525878906,41.470001220703125,42.14500045776367,26.20614242553711,23850800
2013-10-14,41.89500045776367,42.45500183105469,41.79999923706055,42.43000030517578,26.383363723754883,16739800
2013-10-15,42.275001525878906,42.54999923706055,42.1150016784668,42.275001525878906,26.286975860595703,22783600
2013-10-16,42.560001373291016,43.040000915527344,42.540000915527344,42.90999984741211,26.681825637817383,25208800
2013-10-17,42.8650016784668,43.02000045776367,42.744998931884766,43.0,26.7377872467041,24574000
2013-10-18,43.334999084472656,43.494998931884766,43.13999938964844,43.470001220703125,27.030029296875,25901200
2013-10-21,43.45000076293945,43.619998931884766,43.18000030517578,43.275001525878906,26.90880012512207,15707000
2013-10-22,43.48500061035156,43.79499816894531,43.32500076293945,43.51499938964844,27.05802345275879,28575800
2013-10-23,43.154998779296875,43.19499969482422,42.709999084472656,42.834999084472656,26.635190963745117,33670600
2013-10-24,42.880001068115234,43.1150016784668,42.60499954223633,43.040000915527344,26.76266860961914,15746600
2013-10-25,43.1349983215332,43.415000915527344,43.0099983215332,43.29999923706055,26.92432975769043,17492200
2013-10-28,43.32500076293945,43.43000030517578,43.099998474121094,43.334999084472656,26.94610595703125,15322400
2013-10-29,43.44499969482422,43.66999816894531,43.40999984741211,43.63999938964844,27.135744094848633,12934000
2013-10-30,43.625,43.810001373291016,43.005001068115234,43.345001220703125,26.952320098876953,22793200
2013-10-31,43.380001068115234,43.59000015258789,43.05500030517578,43.19499969482422,26.85903549194336,18169600
2013-11-01,43.18000030517578,43.220001220703125,42.52000045776367,43.040000915527344,26.76266860961914,24695200
2013-11-04,43.25,43.61000061035156,43.154998779296875,43.57500076293945,27.095333099365234,14466400
2013-11-05,43.3849983215332,43.505001068115234,43.13999938964844,43.18000030517578,26.84971809387207,16054600
2013-11-06,43.439998626708984,43.6349983215332,43.15999984741211,43.310001373291016,26.930553436279297,18167400
2013-11-07,43.42499923706055,43.48500061035156,42.5,42.63999938964844,26.513935089111328,41767000
2013-11-08,42.65999984741211,43.314998626708984,42.599998474121094,43.275001525878906,26.90880012512207,26485800
2013-11-11,43.349998474121094,43.494998931884766,43.21500015258789,43.35499954223633,26.958534240722656,10358200
2013-11-12,43.275001525878906,43.345001220703125,42.83000183105469,42.95500183105469,26.709810256958008,17361400
2013-11-13,42.76499938964844,43.334999084472656,42.7599983215332,43.33000183105469,26.9429931640625,21806800
2013-11-14,43.310001373291016,43.619998931884766,43.28499984741211,43.59000015258789,27.104658126831055,19336200
2013-11-15,43.755001068115234,43.84000015258789,43.505001068115234,43.83000183105469,27.253894805908203,14739600
2013-11-18,44.01499938964844,44.05500030517578,43.35499954223633,43.494998931884766,27.045574188232422,20932400
2013-11-19,43.40999984741211,43.71500015258789,43.20000076293945,43.56999969482422,27.092222213745117,18912800
2013-11-20,43.75,43.89500045776367,43.334999084472656,43.46500015258789,27.026931762695312,26525600
2013-11-21,43.6150016784668,43.95000076293945,43.560001373291016,43.880001068115234,27.284990310668945,14242800
2013-11-22,44.029998779296875,44.119998931884766,43.63999938964844,44.1150016784668,27.431114196777344,15119000
2013-11-25,44.06999969482422,44.06999969482422,43.494998931884766,43.71500015258789,27.18239974975586,19505200
2013-11-26,43.66999816894531,43.880001068115234,43.43000030517578,43.60499954223633,27.11399269104004,13549200
2013-11-27,43.48500061035156,43.685001373291016,43.060001373291016,43.310001373291016,26.930553436279297,18638600
2013-11-29,43.30500030517578,43.595001220703125,43.099998474121094,43.220001220703125,26.874595642089844,9953400
2013-12-02,43.26499938964844,43.54499816894531,43.005001068115234,43.25,26.893245697021484,19238800
2013-12-03,43.150001525878906,43.4900016784668,43.060001373291016,43.35499954223633,26.958534240722656,21690200
2013-12-04,43.29999923706055,43.44499969482422,42.869998931884766,43.21500015258789,26.871484756469727,20068600
2013-12-05,43.10499954223633,43.290000915527344,42.98500061035156,43.06999969482422,26.78131675720215,20142200
2013-12-06,43.44499969482422,43.52000045776367,43.06999969482422,43.20500183105469,26.865253448486328,23346000
2013-12-09,43.29999923706055,43.43000030517578,43.06999969482422,43.26499938964844,26.90257453918457,26144200
2013-12-10,43.165000915527344,43.39500045776367,43.08000183105469,43.1349983215332,26.821735382080078,21122800
2013-12-11,43.18000030517578,43.18000030517578,42.435001373291016,42.525001525878906,26.442434310913086,29365400
2013-12-12,42.52000045776367,42.89500045776367,42.439998626708984,42.70500183105469,26.55436134338379,21967200
2013-12-13,42.60499954223633,42.630001068115234,42.369998931884766,42.564998626708984,26.467304229736328,24326800
2013-12-16,42.79499816894531,43.07500076293945,42.67499923706055,42.935001373291016,26.697376251220703,24321600
2013-12-17,42.900001525878906,42.974998474121094,42.54999923706055,42.689998626708984,26.545021057128906,19712400
2013-12-18,42.814998626708984,43.349998474121094,42.404998779296875,43.334999084472656,26.94610595703125,30528000
2013-12-19,43.185001373291016,43.47999954223633,43.09000015258789,43.459999084472656,27.02381706237793,22421200
2013-12-20,43.244998931884766,43.505001068115234,43.220001220703125,43.334999084472656,27.07162094116211,31388600
2013-12-23,43.494998931884766,43.66999816894531,43.32500076293945,43.380001068115234,27.0997257232666,19535800
2013-12-24,43.415000915527344,43.65999984741211,43.36000061035156,43.619998931884766,27.24965476989746,11188800
2013-12-26,43.7400016784668,43.9900016784668,43.66999816894531,43.93000030517578,27.44331169128418,17715200
2013-12-27,44.08000183105469,44.20500183105469,43.935001373291016,44.14500045776367,27.577625274658203,11731800
2013-12-30,44.20000076293945,44.244998931884766,43.78499984741211,43.83000183105469,27.38084602355957,14091400
2013-12-31,43.935001373291016,44.27000045776367,43.775001525878906,44.255001068115234,27.64634132385254,16150800
2014-01-02,43.9900016784668,44.119998931884766,43.45000076293945,43.625,27.252775192260742,22267200
2014-01-03,43.66999816894531,43.845001220703125,43.375,43.46500015258789,27.1528263092041,19428600
2014-01-06,43.595001220703125,43.66999816894531,43.279998779296875,43.525001525878906,27.1903076171875,18513200
2014-01-07,43.650001525878906,43.8849983215332,43.42499923706055,43.85499954223633,27.396459579467773,13302000
2014-01-08,43.86000061035156,43.875,43.3849983215332,43.54999923706055,27.2059268951416,21883000
2014-01-09,43.595001220703125,43.66999816894531,43.05500030517578,43.415000915527344,27.12159538269043,24445400
2014-01-10,43.44499969482422,43.505001068115234,43.165000915527344,43.45000076293945,27.143444061279297,20940200
2014-01-13,43.33000183105469,43.39500045776367,42.54499816894531,42.584999084472656,26.603076934814453,33435200
2014-01-14,42.755001068115234,43.15999984741211,42.755001068115234,43.13999938964844,26.94979476928711,26444200
2014-01-15,43.20000076293945,43.2400016784668,42.95000076293945,43.01499938964844,26.8717098236084,23335800
2014-01-16,42.935001373291016,43.084999084472656,42.73500061035156,43.07500076293945,26.909194946289062,22594200
2014-01-17,43.18000030517578,43.415000915527344,42.95000076293945,43.005001068115234,26.865459442138672,25265800
2014-01-21,43.310001373291016,43.459999084472656,42.994998931884766,43.36000061035156,27.087230682373047,25451600
2014-01-22,43.46500015258789,43.61000061035156,43.28499984741211,43.560001373291016,27.212173461914062,21115200
2014-01-23,43.32500076293945,43.415000915527344,42.86000061035156,43.064998626708984,26.902938842773438,29801600
2014-01-24,42.80500030517578,42.80500030517578,42.13999938964844,42.165000915527344,26.3407039642334,34852200
2014-01-27,42.2400016784668,42.32500076293945,41.720001220703125,42.01499938964844,26.246999740600586,32109000
2014-01-28,42.1150016784668,42.400001525878906,42.0,42.334999084472656,26.446901321411133,18225600
2014-01-29,41.96500015258789,42.38999938964844,41.744998931884766,42.099998474121094,26.300111770629883,40249800
2014-01-30,42.3849983215332,42.45500183105469,41.994998931884766,42.23500061035156,26.38443946838379,24531400
2014-01-31,41.744998931884766,42.060001373291016,41.51499938964844,41.689998626708984,26.043973922729492,31966400
2014-02-03,41.650001525878906,41.82500076293945,40.88999938964844,40.94499969482422,25.578563690185547,50345600
2014-02-04,41.17499923706055,41.470001220703125,41.025001525878906,41.3650016784668,25.840944290161133,40679600
2014-02-05,41.3650016784668,41.375,40.904998779296875,40.959999084472656,25.587928771972656,54541800
2014-02-06,41.06999969482422,41.66999816894531,41.05500030517578,41.56999969482422,25.96901512145996,26056600
2014-02-07,41.82500076293945,42.084999084472656,41.56999969482422,42.02000045776367,26.250131607055664,24804600
2014-02-10,42.0099983215332,42.064998626708984,41.63999938964844,41.814998626708984,26.122055053710938,15922000
2014-02-11,41.86000061035156,42.505001068115234,41.814998626708984,42.36000061035156,26.462522506713867,21739400
2014-02-12,42.4900016784668,42.57500076293945,42.21500015258789,42.2599983215332,26.40005874633789,13624800
2014-02-13,42.060001373291016,42.56999969482422,41.94499969482422,42.459999084472656,26.524991989135742,19598000
2014-02-14,42.494998931884766,43.099998474121094,42.43000030517578,43.01499938964844,26.8717098236084,25236600
2014-02-18,43.08000183105469,43.26499938964844,43.005001068115234,43.209999084472656,26.993532180786133,17708000
2014-02-19,43.07500076293945,43.70500183105469,43.07500076293945,43.26499938964844,27.02789306640625,47644000
2014-02-20,43.25,43.6349983215332,43.189998626708984,43.54999923706055,27.2059268951416,18873800
2014-02-21,43.64500045776367,43.654998779296875,43.18000030517578,43.20500183105469,26.990392684936523,23165600
2014-02-24,43.334999084472656,44.2400016784668,43.310001373291016,43.85499954223633,27.396459579467773,37227800
2014-02-25,43.77000045776367,43.91999816894531,43.47999954223633,43.834999084472656,27.38396644592285,19166600
2014-02-26,43.85499954223633,43.904998779296875,43.42499923706055,43.560001373291016,27.212173461914062,20096600
2014-02-27,43.57500076293945,43.67499923706055,43.290000915527344,43.60499954223633,27.240291595458984,18666800
2014-02-28,43.6349983215332,43.994998931884766,43.564998626708984,43.82500076293945,27.377723693847656,20949000
2014-03-03,43.560001373291016,44.04499816894531,43.404998779296875,43.54499816894531,27.202800750732422,24927200
2014-03-04,43.92499923706055,44.150001525878906,43.755001068115234,44.02000045776367,27.499547958374023,21049000
2014-03-05,43.8849983215332,43.92499923706055,43.494998931884766,43.61000061035156,27.243408203125,21730800
2014-03-06,43.63999938964844,43.970001220703125,43.6150016784668,43.92499923706055,27.44019317626953,15576600
2014-03-07,44.10499954223633,44.1349983215332,43.84000015258789,44.0099983215332,27.493295669555664,19705600
2014-03-10,43.96500015258789,44.11000061035156,43.709999084472656,44.08000183105469,27.53701400756836,17729000
2014-03-11,44.1349983215332,44.165000915527344,43.435001373291016,43.58000183105469,27.22467041015625,24536000
2014-03-12,43.275001525878906,43.69499969482422,43.22999954223633,43.584999084472656,27.227783203125,18737400
2014-03-13,43.650001525878906,43.665000915527344,42.98500061035156,43.150001525878906,26.956043243408203,22545600
2014-03-14,43.099998474121094,43.36000061035156,43.040000915527344,43.189998626708984,26.98103141784668,21306800
2014-03-17,43.36000061035156,43.55500030517578,43.25,43.41999816894531,27.12470817565918,20838400
2014-03-18,43.58000183105469,43.91999816894531,43.44499969482422,43.78499984741211,27.352724075317383,13990400
2014-03-19,43.79999923706055,43.814998626708984,43.185001373291016,43.45500183105469,27.146581649780273,18645200
2014-03-20,43.2400016784668,43.69499969482422,43.095001220703125,43.625,27.252775192260742,17426800
2014-03-21,43.560001373291016,43.85499954223633,43.52000045776367,43.529998779296875,27.327173233032227,28260400
2014-03-24,43.665000915527344,43.8650016784668,43.36000061035156,43.439998626708984,27.270671844482422,20088000
2014-03-25,43.665000915527344,43.8650016784668,43.650001525878906,43.83000183105469,27.5155086517334,14337600
2014-03-26,43.97999954223633,44.095001220703125,43.595001220703125,43.625,27.386812210083008,17128800
2014-03-27,43.63999938964844,44.1150016784668,43.53499984741211,43.97999954223633,27.609663009643555,22772600
2014-03-28,44.125,44.625,44.099998474121094,44.529998779296875,27.9549503326416,19911200
2014-03-31,44.75,44.79499816894531,44.39500045776367,44.529998779296875,27.9549503326416,16903200
2014-04-01,44.54499816894531,44.79999923706055,44.525001525878906,44.79499816894531,28.121309280395508,20494600
2014-04-02,44.70000076293945,45.03499984741211,44.665000915527344,44.95500183105469,28.22176170349121,20017200
2014-04-03,45.05500030517578,45.43000030517578,44.97999954223633,45.244998931884766,28.403810501098633,21584000
2014-04-04,45.584999084472656,45.650001525878906,45.0,45.08000183105469,28.300220489501953,27995600
2014-04-07,44.974998474121094,45.064998626708984,44.32500076293945,44.32500076293945,27.826255798339844,22489600
2014-04-08,44.435001373291016,44.8650016784668,44.349998474121094,44.77000045776367,28.105615615844727,23288800
2014-04-09,44.90999984741211,45.005001068115234,44.52000045776367,44.974998474121094,28.234302520751953,14449000
2014-04-10,44.80500030517578,45.095001220703125,44.255001068115234,44.349998474121094,27.841947555541992,24596600
2014-04-11,44.130001068115234,44.48500061035156,44.11000061035156,44.224998474121094,27.763477325439453,26911800
2014-04-14,44.564998626708984,44.91999816894531,44.35499954223633,44.83000183105469,28.143280029296875,19922800
2014-04-15,44.79999923706055,45.44499969482422,44.65999984741211,45.43000030517578,28.519947052001953,44885800
2014-04-16,45.69499969482422,45.98500061035156,45.630001068115234,45.974998474121094,28.862083435058594,26073400
2014-04-17,46.03499984741211,46.53499984741211,45.95500183105469,46.39500045776367,29.12575912475586,37082000
2014-04-21,46.439998626708984,46.744998931884766,46.35499954223633,46.709999084472656,29.323503494262695,17012800
2014-04-22,46.58000183105469,46.76499938964844,46.35499954223633,46.6349983215332,29.276412963867188,12690400
2014-04-23,46.630001068115234,47.0099983215332,46.630001068115234,46.880001068115234,29.430227279663086,17123400
2014-04-24,47.01499938964844,47.125,46.810001373291016,46.89500045776367,29.439651489257812,17753000
2014-04-25,46.76499938964844,46.90999984741211,46.470001220703125,46.6150016784668,29.263866424560547,17744200
2014-04-28,46.775001525878906,46.814998626708984,46.30500030517578,46.69499969482422,29.31407928466797,22334000
2014-04-29,46.91999816894531,47.33000183105469,46.89500045776367,46.90999984741211,29.449050903320312,16545200
2014-04-30,46.80500030517578,46.939998626708984,46.56999969482422,46.869998931884766,29.423948287963867,21643200
2014-05-01,46.80500030517578,46.93000030517578,46.630001068115234,46.76499938964844,29.3580265045166,21430600
2014-05-02,46.68000030517578,47.209999084472656,46.6150016784668,46.86000061035156,29.41766929626465,17422000
2014-05-05,46.685001373291016,47.15999984741211,46.599998474121094,47.08000183105469,29.55579376220703,16074600
2014-05-06,47.125,47.400001525878906,47.084999084472656,47.150001525878906,29.599735260009766,14953400
2014-05-07,47.36000061035156,47.625,47.095001220703125,47.560001373291016,29.85711097717285,19261800
2014-05-08,47.46500015258789,47.54499816894531,46.84000015258789,46.880001068115234,29.430227279663086,21932600
2014-05-09,46.939998626708984,47.025001525878906,46.654998779296875,46.834999084472656,29.401973724365234,17421600
2014-05-12,47.04999923706055,47.189998626708984,46.904998779296875,47.165000915527344,29.609142303466797,10427800
2014-05-13,47.255001068115234,47.40999984741211,47.185001373291016,47.34000015258789,29.718997955322266,9977600
2014-05-14,47.38999938964844,47.5099983215332,47.29499816894531,47.36000061035156,29.7315616607666,9969200
2014-05-15,47.26499938964844,47.279998779296875,46.474998474121094,46.81999969482422,29.39255714416504,22897600
2014-05-16,46.73500061035156,46.869998931884766,46.46500015258789,46.70000076293945,29.317222595214844,29622000
2014-05-19,46.56999969482422,46.970001220703125,46.56999969482422,46.845001220703125,29.40825653076172,10064400
2014-05-20,46.744998931884766,46.93000030517578,46.619998931884766,46.709999084472656,29.323503494262695,9351200
2014-05-21,46.92499923706055,47.279998779296875,46.86000061035156,47.21500015258789,29.64052963256836,11714800
2014-05-22,47.21500015258789,47.41999816894531,47.11000061035156,47.16999816894531,29.612268447875977,13738400
2014-05-23,47.15999984741211,47.34000015258789,47.064998626708984,47.07500076293945,29.552637100219727,10561200
2014-05-27,47.209999084472656,47.314998626708984,47.029998779296875,47.20500183105469,29.634262084960938,10114600
2014-05-28,47.20000076293945,47.44499969482422,47.099998474121094,47.28499984741211,29.684480667114258,15071000
2014-05-29,47.375,47.71500015258789,47.244998931884766,47.689998626708984,29.9387264251709,14556600
2014-05-30,47.560001373291016,47.709999084472656,47.42499923706055,47.654998779296875,29.916759490966797,11916000
2014-06-02,47.70000076293945,47.869998931884766,47.459999084472656,47.595001220703125,29.87908363342285,10151400
2014-06-03,47.48500061035156,47.81999969482422,47.47999954223633,47.7599983215332,29.98267364501953,11997200
2014-06-04,47.68000030517578,47.78499984741211,47.53499984741211,47.73500061035156,29.966978073120117,7373200
2014-06-05,47.685001373291016,48.09000015258789,47.59000015258789,48.0099983215332,30.139604568481445,12349600
2014-06-06,48.119998931884766,48.474998474121094,48.119998931884766,48.404998779296875,30.38758087158203,10840000
2014-06-09,48.470001220703125,48.73500061035156,48.36000061035156,48.47999954223633,30.43467140197754,11304000
2014-06-10,48.48500061035156,48.525001525878906,48.279998779296875,48.400001525878906,30.384450912475586,7532200
2014-06-11,48.255001068115234,48.650001525878906,48.150001525878906,48.584999084472656,30.50060272216797,11303400
2014-06-12,48.79999923706055,49.06999969482422,48.654998779296875,48.744998931884766,30.601032257080078,23739200
2014-06-13,48.875,49.21500015258789,48.584999084472656,49.209999084472656,30.892942428588867,19473200
2014-06-16,49.3849983215332,49.6150016784668,49.29499816894531,49.505001068115234,31.078142166137695,26773800
2014-06-17,49.404998779296875,49.47999954223633,49.154998779296875,49.470001220703125,31.056171417236328,20091000
2014-06-18,49.4900016784668,49.88999938964844,49.32500076293945,49.845001220703125,31.291589736938477,29727200
2014-06-19,49.875,50.209999084472656,49.73500061035156,50.20000076293945,31.514446258544922,17354000
2014-06-20,50.224998474121094,50.494998931884766,50.060001373291016,50.46500015258789,31.827905654907227,18192400
2014-06-23,50.619998931884766,50.7599983215332,50.4900016784668,50.64500045776367,31.94141960144043,15918400
2014-06-24,50.599998474121094,50.63999938964844,49.470001220703125,49.58000183105469,31.26974868774414,35497000
2014-06-25,49.375,50.005001068115234,49.31999969482422,49.95500183105469,31.506250381469727,27720600
2014-06-26,49.98500061035156,50.04999923706055,49.55500030517578,50.0099983215332,31.540929794311523,16160000
2014-06-27,49.88999938964844,50.03499984741211,49.720001220703125,50.0099983215332,31.540929794311523,16444200
2014-06-30,49.974998474121094,50.11000061035156,49.779998779296875,50.04999923706055,31.566164016723633,12589000
2014-07-01,50.17499923706055,50.33000183105469,49.95500183105469,50.08000183105469,31.58509063720703,13771600
2014-07-02,50.040000915527344,50.185001373291016,49.900001525878906,50.005001068115234,31.537784576416016,11852800
2014-07-03,50.244998931884766,50.244998931884766,49.915000915527344,50.19499969482422,31.657621383666992,7337600
2014-07-07,50.14500045776367,50.150001525878906,49.720001220703125,49.810001373291016,31.414793014526367,13864800
2014-07-08,49.73500061035156,49.85499954223633,49.53499984741211,49.72999954223633,31.364343643188477,20784600
2014-07-09,49.810001373291016,50.09000015258789,49.72999954223633,50.060001373291016,31.572463989257812,12816000
2014-07-10,49.60499954223633,49.76499938964844,49.32500076293945,49.58000183105469,31.26974868774414,29817400
2014-07-11,49.52000045776367,49.529998779296875,49.06999969482422,49.20000076293945,31.030080795288086,21610400
2014-07-14,49.439998626708984,49.685001373291016,49.369998931884766,49.625,31.298112869262695,13740600
2014-07-15,49.4900016784668,49.6150016784668,49.09000015258789,49.40999984741211,31.16252899169922,19908400
2014-07-16,49.6150016784668,50.18000030517578,49.599998474121094,50.15999984741211,31.635534286499023,16334800
2014-07-17,50.119998931884766,50.275001525878906,49.314998626708984,49.349998474121094,31.124675750732422,22035600
2014-07-18,49.474998474121094,49.619998931884766,49.25,49.494998931884766,31.216135025024414,16635600
2014-07-21,49.369998931884766,49.60499954223633,49.29499816894531,49.56999969482422,31.26343536376953,18793400
2014-07-22,49.790000915527344,50.08000183105469,49.7400016784668,49.92499923706055,31.48732566833496,11955800
2014-07-23,50.04999923706055,50.25,49.834999084472656,50.244998931884766,31.689157485961914,13402400
2014-07-24,50.32500076293945,50.48500061035156,50.119998931884766,50.290000915527344,31.717529296875,11494400
2014-07-25,50.11000061035156,50.154998779296875,49.85499954223633,49.91999816894531,31.484174728393555,9605800
2014-07-28,49.880001068115234,49.96500015258789,49.494998931884766,49.79999923706055,31.408493041992188,14957200
2014-07-29,49.709999084472656,49.959999084472656,49.650001525878906,49.67499923706055,31.32965660095215,13657600
2014-07-30,49.90999984741211,50.064998626708984,49.220001220703125,49.380001068115234,31.143613815307617,21560600
2014-07-31,49.064998626708984,49.09000015258789,48.279998779296875,48.314998626708984,30.471904754638672,34569600
2014-08-01,48.18000030517578,48.334999084472656,47.5099983215332,47.92499923706055,30.225936889648438,35666600
2014-08-04,47.915000915527344,48.849998474121094,47.77000045776367,48.72999954223633,30.73365592956543,25793000
2014-08-05,48.525001525878906,48.625,47.3849983215332,47.665000915527344,30.06196403503418,32879800
2014-08-06,47.564998626708984,48.36000061035156,47.47999954223633,47.80500030517578,30.1502628326416,23094000
2014-08-07,48.04999923706055,48.1349983215332,47.244998931884766,47.505001068115234,29.961048126220703,26513400
2014-08-08,47.650001525878906,48.349998474121094,47.53499984741211,48.29999923706055,30.46245002746582,23170000
2014-08-11,48.6150016784668,48.790000915527344,48.27000045776367,48.30500030517578,30.46559715270996,22407200
2014-08-12,48.23500061035156,48.23500061035156,47.75,47.95000076293945,30.241714477539062,19996200
2014-08-13,48.209999084472656,48.3650016784668,47.93000030517578,48.10499954223633,30.339468002319336,12978000
2014-08-14,48.17499923706055,48.25,47.7599983215332,47.83000183105469,30.16602897644043,15234800
2014-08-15,47.92499923706055,48.255001068115234,47.79999923706055,48.185001373291016,30.38991928100586,22150600
2014-08-18,48.36000061035156,48.459999084472656,48.11000061035156,48.314998626708984,30.471904754638672,17195000
2014-08-19,48.415000915527344,48.775001525878906,48.380001068115234,48.685001373291016,30.705280303955078,11995400
2014-08-20,48.625,48.85499954223633,48.42499923706055,48.790000915527344,30.771484375,11895800
2014-08-21,48.85499954223633,48.880001068115234,48.61000061035156,48.83000183105469,30.796724319458008,11134400
2014-08-22,48.7599983215332,48.7599983215332,48.30500030517578,48.505001068115234,30.59174346923828,14766800
2014-08-25,48.63999938964844,48.970001220703125,48.625,48.935001373291016,30.862945556640625,8758000
2014-08-26,49.07500076293945,49.435001373291016,48.97999954223633,49.185001373291016,31.020614624023438,11193000
2014-08-27,49.22999954223633,49.28499984741211,48.95500183105469,49.084999084472656,30.957544326782227,7720200
2014-08-28,48.935001373291016,49.14500045776367,48.85499954223633,49.095001220703125,30.963863372802734,6209000
2014-08-29,49.20500183105469,49.39500045776367,49.029998779296875,49.369998931884766,31.137300491333008,10734800
2014-09-02,49.29999923706055,49.345001220703125,48.53499984741211,48.744998931884766,30.74310302734375,17284600
2014-09-03,49.06999969482422,49.220001220703125,48.845001220703125,48.875,30.825103759765625,14381800
2014-09-04,48.9900016784668,49.0099983215332,47.9900016784668,48.21500015258789,30.408836364746094,24573000
2014-09-05,48.2400016784668,48.55500030517578,47.90999984741211,48.540000915527344,30.613815307617188,17549800
2014-09-08,48.29999923706055,48.34000015258789,47.564998626708984,47.78499984741211,30.137659072875977,21956200
2014-09-09,47.7599983215332,48.05500030517578,47.29499816894531,47.57500076293945,30.00520896911621,19996600
2014-09-10,47.529998779296875,47.529998779296875,46.904998779296875,47.459999084472656,29.93265724182129,20865400
2014-09-11,47.08000183105469,47.560001373291016,46.880001068115234,47.4900016784668,29.951581954956055,25011400
2014-09-12,47.349998474121094,47.39500045776367,46.6349983215332,46.779998779296875,29.50380516052246,30880400
2014-09-15,46.72999954223633,47.23500061035156,46.494998931884766,47.11000061035156,29.711925506591797,26782600
2014-09-16,47.04499816894531,47.97999954223633,46.974998474121094,47.68000030517578,30.071422576904297,26910800
2014-09-17,47.79499816894531,47.8849983215332,47.279998779296875,47.41999816894531,29.907442092895508,22138600
2014-09-18,47.57500076293945,47.599998474121094,47.04999923706055,47.17499923706055,29.752925872802734,24569200
2014-09-19,47.029998779296875,47.244998931884766,46.875,46.89500045776367,29.728515625,18949200
2014-09-22,46.81999969482422,46.845001220703125,46.025001525878906,46.20500183105469,29.29110336303711,21259200
2014-09-23,46.1349983215332,46.529998779296875,46.060001373291016,46.06999969482422,29.20551872253418,18280200
2014-09-24,46.040000915527344,46.375,45.380001068115234,46.11000061035156,29.230871200561523,49479800
2014-09-25,46.084999084472656,46.10499954223633,45.380001068115234,45.404998779296875,28.783946990966797,26872800
2014-09-26,45.40999984741211,46.185001373291016,45.25,45.9900016784668,29.154809951782227,22969600
2014-09-29,45.404998779296875,45.970001220703125,45.29499816894531,45.8849983215332,29.088253021240234,30908600
2014-09-30,45.84000015258789,45.95000076293945,45.029998779296875,45.310001373291016,28.723726272583008,43464200
2014-10-01,45.30500030517578,45.529998779296875,44.244998931884766,44.3849983215332,28.137331008911133,37954600
2014-10-02,44.125,44.44499969482422,43.38999938964844,44.154998779296875,27.991531372070312,58485400
2014-10-03,44.375,44.400001525878906,43.709999084472656,44.084999084472656,27.947158813476562,40196000
2014-10-06,44.310001373291016,44.584999084472656,43.810001373291016,44.1349983215332,27.97885513305664,40244400
2014-10-07,43.900001525878906,44.46500015258789,43.54499816894531,43.560001373291016,27.614330291748047,35798600
2014-10-08,43.435001373291016,44.025001525878906,42.73500061035156,43.98500061035156,27.883756637573242,71977200
2014-10-09,43.650001525878906,43.724998474121094,42.25,42.369998931884766,26.859939575195312,73334800
2014-10-10,42.244998931884766,42.70500183105469,41.31999969482422,41.775001525878906,26.482763290405273,120948600
2014-10-13,41.685001373291016,42.19499969482422,40.43000030517578,40.48500061035156,25.664979934692383,95098600
2014-10-14,40.82500076293945,41.14500045776367,39.7599983215332,39.974998474121094,25.341663360595703,111991200
2014-10-15,39.45500183105469,40.3849983215332,38.755001068115234,40.279998779296875,25.53501319885254,138939200
2014-10-16,39.415000915527344,41.40999984741211,39.25,41.0,25.9914608001709,119592600
2014-10-17,41.755001068115234,42.95000076293945,41.0,41.349998474121094,26.213333129882812,76000000
2014-10-20,41.314998626708984,41.834999084472656,41.11000061035156,41.709999084472656,26.441551208496094,53005200
2014-10-21,42.185001373291016,43.07500076293945,42.16999816894531,42.97999954223633,27.246639251708984,62716400
2014-10-22,43.09000015258789,43.35499954223633,42.13999938964844,42.165000915527344,26.729991912841797,72285000
2014-10-23,42.7599983215332,43.404998779296875,42.53499984741211,42.95000076293945,27.22763442993164,53116000
2014-10-24,42.970001220703125,43.04499816894531,42.23500061035156,42.79999923706055,27.13254165649414,50494800
2014-10-27,42.119998931884766,42.14500045776367,41.470001220703125,41.900001525878906,26.5620059967041,47002800
2014-10-28,42.119998931884766,42.970001220703125,41.84000015258789,42.85499954223633,27.167417526245117,47250000
2014-10-29,43.32500076293945,43.685001373291016,42.584999084472656,42.994998931884766,27.256155014038086,53445000
2014-10-30,42.665000915527344,43.029998779296875,42.345001220703125,42.84000015258789,27.15789031982422,37592000
2014-10-31,42.93000030517578,43.7599983215332,42.529998779296875,43.709999084472656,27.70942497253418,40528600
2014-11-03,43.7400016784668,44.20500183105469,42.88999938964844,43.02000045776367,27.27200698852539,53211200
2014-11-04,42.5,42.525001525878906,41.76499938964844,42.1349983215332,26.710983276367188,46878200
2014-11-05,42.560001373291016,43.060001373291016,42.22999954223633,42.875,27.180097579956055,54890200
2014-11-06,42.60499954223633,43.42499923706055,42.46500015258789,43.415000915527344,27.522418975830078,46052600
2014-11-07,43.51499938964844,44.2400016784668,43.43000030517578,43.89500045776367,27.826704025268555,36084000
2014-11-10,44.275001525878906,44.47999954223633,43.369998931884766,43.5,27.576303482055664,45906800
2014-11-11,43.540000915527344,43.73500061035156,43.1150016784668,43.630001068115234,27.658708572387695,34761800
2014-11-12,43.35499954223633,43.80500030517578,43.19499969482422,43.244998931884766,27.414648056030273,35249200
2014-11-13,43.01499938964844,43.06999969482422,41.974998474121094,42.66999816894531,27.050128936767578,63176600
2014-11-14,42.880001068115234,43.154998779296875,42.59000015258789,43.10499954223633,27.325891494750977,35924600
2014-11-17,42.84000015258789,43.1349983215332,42.68000030517578,42.880001068115234,27.183250427246094,24430200
2014-11-18,42.8650016784668,43.27000045776367,42.709999084472656,42.915000915527344,27.205446243286133,39360600
2014-11-19,42.994998931884766,43.290000915527344,42.6150016784668,43.13999938964844,27.34807777404785,29492400
2014-11-20,43.224998474121094,43.744998931884766,43.11000061035156,43.68000030517578,27.69040298461914,33834600
2014-11-21,44.435001373291016,44.61000061035156,43.93000030517578,44.25,28.051753997802734,57370400
2014-11-24,44.10499954223633,44.345001220703125,43.720001220703125,43.90999984741211,27.836219787597656,33356200
2014-11-25,44.150001525878906,44.185001373291016,43.1349983215332,43.19499969482422,27.382946014404297,45108000
2014-11-26,42.994998931884766,43.10499954223633,42.57500076293945,42.650001525878906,27.037456512451172,41746400
2014-11-28,40.869998931884766,41.0,39.790000915527344,39.90999984741211,25.300458908081055,85076600
2014-12-01,39.69499969482422,40.17499923706055,39.334999084472656,40.04999923706055,25.38921546936035,103189000
2014-12-02,39.76499938964844,40.875,39.75,40.48500061035156,25.664979934692383,66469800
2014-12-03,40.744998931884766,41.30500030517578,40.60499954223633,40.97999954223633,25.978771209716797,63098400
2014-12-04,40.584999084472656,40.8849983215332,40.2599983215332,40.625,25.75372886657715,47159000
2014-12-05,40.53499984741211,40.654998779296875,39.97999954223633,40.13999938964844,25.44626235961914,46886600
2014-12-08,39.599998474121094,39.75,38.43000030517578,38.51499938964844,24.416114807128906,82385400
2014-12-09,38.43000030517578,39.095001220703125,38.29999923706055,38.935001373291016,24.6823673248291,67337800
2014-12-10,38.32500076293945,38.369998931884766,37.48500061035156,37.73500061035156,23.921646118164062,89067600
2014-12-11,37.685001373291016,38.66999816894531,37.625,37.709999084472656,23.905811309814453,71103400
2014-12-12,37.2599983215332,37.689998626708984,36.94499969482422,37.0099983215332,23.462034225463867,100108600
2014-12-15,37.314998626708984,37.665000915527344,36.599998474121094,36.68000030517578,23.252849578857422,94962200
2014-12-16,36.345001220703125,38.14500045776367,36.255001068115234,37.005001068115234,23.458877563476562,114568800
2014-12-17,37.21500015258789,38.915000915527344,37.14500045776367,38.540000915527344,24.431964874267578,124940400
2014-12-18,39.529998779296875,39.67499923706055,38.28499984741211,39.279998779296875,24.901077270507812,104527000
2014-12-19,39.47999954223633,40.334999084472656,39.04499816894531,40.28499984741211,25.69682502746582,93485600
2014-12-22,39.98500061035156,40.084999084472656,39.459999084472656,39.875,25.4353084564209,66476200
2014-12-23,40.165000915527344,40.494998931884766,39.880001068115234,40.36000061035156,25.744680404663086,53058400
2014-12-24,40.125,40.220001220703125,39.599998474121094,40.064998626708984,25.55649185180664,28095600
2014-12-26,40.220001220703125,40.404998779296875,39.880001068115234,40.05500030517578,25.55011749267578,28929200
2014-12-29,40.14500045776367,40.5,39.959999084472656,40.20000076293945,25.64261245727539,36448200
2014-12-30,40.150001525878906,40.23500061035156,39.755001068115234,39.880001068115234,25.43848991394043,38296200
2014-12-31,39.64500045776367,40.0,39.345001220703125,39.58000183105469,25.247121810913086,43083800
2015-01-02,39.3650016784668,39.89500045776367,39.189998626708984,39.76499938964844,25.365123748779297,55498200
2015-01-05,39.209999084472656,39.224998474121094,37.92499923706055,38.119998931884766,24.315824508666992,90790400
2015-01-06,38.05500030517578,38.3650016784668,37.29499816894531,37.560001373291016,23.958620071411133,83753200
2015-01-07,38.01499938964844,38.18000030517578,37.38999938964844,37.63999938964844,24.00965690612793,62384800
2015-01-08,37.94499969482422,38.57500076293945,37.790000915527344,38.48500061035156,24.54865264892578,56373800
2015-01-09,38.5099983215332,38.57500076293945,37.834999084472656,38.18000030517578,24.35409927368164,49904200
2015-01-12,37.69499969482422,37.69499969482422,36.880001068115234,37.08000183105469,23.65243911743164,57881200
2015-01-13,37.22999954223633,37.52000045776367,36.439998626708984,36.78499984741211,23.464265823364258,68102800
2015-01-14,36.435001373291016,36.95500183105469,35.849998474121094,36.900001525878906,23.537626266479492,104305000
2015-01-15,37.334999084472656,37.43000030517578,36.400001525878906,36.43000030517578,23.237817764282227,82692000
2015-01-16,36.64500045776367,37.665000915527344,36.6150016784668,37.6150016784668,23.99370574951172,85483800
2015-01-20,37.41999816894531,37.68000030517578,36.96500015258789,37.65999984741211,24.022409439086914,56171600
2015-01-21,37.935001373291016,38.435001373291016,37.65999984741211,38.42499923706055,24.5103759765625,56661600
2015-01-22,38.66999816894531,38.724998474121094,37.900001525878906,38.60499954223633,24.625198364257812,66037600
2015-01-23,38.43000030517578,38.880001068115234,38.27000045776367,38.33000183105469,24.44978141784668,42294800
2015-01-26,38.459999084472656,38.97999954223633,38.119998931884766,38.880001068115234,24.800609588623047,36724200
2015-01-27,38.57500076293945,39.040000915527344,38.47999954223633,38.85499954223633,24.784664154052734,43204600
2015-01-28,38.75,38.75,37.25,37.32500076293945,23.808712005615234,77666800
2015-01-29,37.625,37.67499923706055,36.60499954223633,37.45000076293945,23.888450622558594,60247400
2015-01-30,37.16999816894531,38.20500183105469,36.91999816894531,37.775001525878906,24.09575653076172,87696200
2015-02-02,38.2400016784668,38.94499969482422,37.97999954223633,38.93000030517578,24.832515716552734,70931400
2015-02-03,39.380001068115234,40.20000076293945,39.3650016784668,39.994998931884766,25.511842727661133,94055800
2015-02-04,39.474998474121094,39.70000076293945,39.005001068115234,39.334999084472656,25.090850830078125,82264400
2015-02-05,39.79999923706055,40.125,39.560001373291016,39.900001525878906,25.45125389099121,63572400
2015-02-06,40.21500015258789,40.28499984741211,39.709999084472656,39.90999984741211,25.457624435424805,52269200
2015-02-09,40.08000183105469,40.40999984741211,39.86000061035156,39.95000076293945,25.483144760131836,40407600
2015-02-10,40.02000045776367,40.05500030517578,39.20500183105469,39.93000030517578,25.470388412475586,43942600
2015-02-11,39.41999816894531,39.83000183105469,39.220001220703125,39.650001525878906,25.291772842407227,52393200
2015-02-12,40.189998626708984,40.35499954223633,39.900001525878906,40.16999816894531,25.62346839904785,52844600
2015-02-13,40.564998626708984,41.064998626708984,40.459999084472656,41.02000045776367,26.16565704345703,62375800
2015-02-17,40.82500076293945,41.21500015258789,40.584999084472656,41.14500045776367,26.245407104492188,44251800
2015-02-18,40.810001373291016,40.974998474121094,40.54499816894531,40.654998779296875,25.93284034729004,38762800
2015-02-19,39.810001373291016,40.69499969482422,39.630001068115234,40.46500015258789,25.811647415161133,47744000
2015-02-20,40.35499954223633,40.560001373291016,39.935001373291016,40.27000045776367,25.6872615814209,51283600
2015-02-23,39.875,40.43000030517578,39.775001525878906,40.10499954223633,25.58201026916504,39359000
2015-02-24,40.349998474121094,40.3849983215332,39.95500183105469,40.21500015258789,25.652179718017578,30861400
2015-02-25,40.244998931884766,40.5,40.04499816894531,40.435001373291016,25.792516708374023,32051400
2015-02-26,40.19499969482422,40.21500015258789,39.474998474121094,39.685001373291016,25.314102172851562,38698200
2015-02-27,39.84000015258789,39.869998931884766,39.470001220703125,39.5099983215332,25.202476501464844,26724400
2015-03-02,39.43000030517578,39.46500015258789,38.85499954223633,39.23500061035156,25.027063369750977,35957000
2015-03-03,39.2599983215332,39.6150016784668,39.084999084472656,39.380001068115234,25.119544982910156,24699400
2015-03-04,39.38999938964844,39.41999816894531,38.88999938964844,39.32500076293945,25.084470748901367,33205600
2015-03-05,39.224998474121094,39.275001525878906,39.029998779296875,39.09000015258789,24.934568405151367,22489000
2015-03-06,38.814998626708984,39.01499938964844,38.29499816894531,38.38999938964844,24.488052368164062,38352600
2015-03-09,38.32500076293945,38.76499938964844,38.1150016784668,38.1150016784668,24.312644958496094,34882200
2015-03-10,37.810001373291016,38.029998779296875,37.564998626708984,37.584999084472656,23.974565505981445,38061200
2015-03-11,37.650001525878906,37.849998474121094,37.42499923706055,37.69499969482422,24.044723510742188,26102000
2015-03-12,37.755001068115234,37.935001373291016,37.439998626708984,37.45500183105469,23.891643524169922,38490000
2015-03-13,37.209999084472656,37.36000061035156,36.90999984741211,37.314998626708984,23.802339553833008,42023800
2015-03-16,37.11000061035156,37.849998474121094,36.994998931884766,37.81999969482422,24.12447166442871,33897000
2015-03-17,37.59000015258789,37.814998626708984,37.400001525878906,37.67499923706055,24.031967163085938,27872600
2015-03-18,37.43000030517578,38.974998474121094,37.369998931884766,38.77000045776367,24.73045539855957,55507400
2015-03-19,38.29999923706055,38.46500015258789,38.04499816894531,38.154998779296875,24.338151931762695,46481800
2015-03-20,38.314998626708984,38.68000030517578,38.165000915527344,38.45500183105469,24.696197509765625,45221200
2015-03-23,38.540000915527344,38.79999923706055,38.31999969482422,38.31999969482422,24.609487533569336,24320200
2015-03-24,38.41999816894531,38.47999954223633,38.040000915527344,38.064998626708984,24.445728302001953,29561800
2015-03-25,38.30500030517578,38.849998474121094,38.26499938964844,38.560001373291016,24.763620376586914,31797000
2015-03-26,39.005001068115234,39.125,38.375,38.51499938964844,24.73471450805664,30637200
2015-03-27,38.369998931884766,38.44499969482422,38.119998931884766,38.20000076293945,24.532426834106445,23934600
2015-03-30,38.56999969482422,39.095001220703125,38.55500030517578,39.02000045776367,25.059030532836914,36375600
2015-03-31,38.724998474121094,39.0,38.5,38.790000915527344,24.911317825317383,18807400
2015-04-01,38.915000915527344,39.1150016784668,38.70000076293945,38.779998779296875,24.904905319213867,26586600
2015-04-02,38.599998474121094,39.084999084472656,38.5099983215332,38.86000061035156,24.956283569335938,27715400
2015-04-06,39.084999084472656,39.775001525878906,38.904998779296875,39.560001373291016,25.40582847595215,31086600
2015-04-07,39.525001525878906,39.85499954223633,39.415000915527344,39.584999084472656,25.421886444091797,28284200
2015-04-08,39.77000045776367,39.8650016784668,39.25,39.26499938964844,25.21637725830078,24091400
2015-04-09,39.369998931884766,39.98500061035156,39.334999084472656,39.89500045776367,25.620962142944336,27750200
2015-04-10,40.0,40.1349983215332,39.83000183105469,40.06999969482422,25.733354568481445,17701000
2015-04-13,40.244998931884766,40.29999923706055,39.60499954223633,39.66999816894531,25.47646713256836,19880600
2015-04-14,39.93000030517578,40.47999954223633,39.880001068115234,40.3849983215332,25.935651779174805,27440200
2015-04-15,40.6150016784668,41.435001373291016,40.53499984741211,41.349998474121094,26.555387496948242,40013800
2015-04-16,41.19499969482422,41.6150016784668,40.93000030517578,41.255001068115234,26.494369506835938,42555000
2015-04-17,41.060001373291016,41.1150016784668,40.630001068115234,40.95500183105469,26.30171012878418,33834800
2015-04-20,41.0,41.560001373291016,40.98500061035156,41.11000061035156,26.40125846862793,25420800
2015-04-21,41.21500015258789,41.2400016784668,40.505001068115234,40.67499923706055,26.121896743774414,23640800
2015-04-22,40.779998779296875,41.099998474121094,40.5099983215332,40.94499969482422,26.29529571533203,20259000
2015-04-23,41.03499984741211,41.4900016784668,40.9900016784668,41.224998474121094,26.475107192993164,25151600
2015-04-24,41.099998474121094,41.13999938964844,40.79499816894531,40.9900016784668,26.324193954467773,23015200
2015-04-27,41.15999984741211,41.28499984741211,40.875,40.94499969482422,26.29529571533203,22651200
2015-04-28,40.935001373291016,41.224998474121094,40.80500030517578,41.150001525878906,26.42694854736328,22250800
2015-04-29,41.005001068115234,41.529998779296875,40.875,41.470001220703125,26.6324520111084,31806200
2015-04-30,41.625,41.689998626708984,41.10499954223633,41.34000015258789,26.54897117614746,33104200
2015-05-01,41.380001068115234,41.505001068115234,41.10499954223633,41.435001373291016,26.6099796295166,22709200
2015-05-04,41.53499984741211,41.67499923706055,41.119998931884766,41.33000183105469,26.54254722595215,28868400
2015-05-05,41.63999938964844,41.83000183105469,40.80500030517578,40.81999969482422,26.215007781982422,32152600
2015-05-06,41.185001373291016,41.349998474121094,40.470001220703125,40.65999984741211,26.112260818481445,32777200
2015-05-07,40.58000183105469,40.59000015258789,39.91999816894531,40.220001220703125,25.829689025878906,34793200
2015-05-08,40.540000915527344,40.92499923706055,40.08000183105469,40.880001068115234,26.253543853759766,29030400
2015-05-11,40.91999816894531,40.939998626708984,40.06999969482422,40.11000061035156,25.75904655456543,36288800
2015-05-12,40.04999923706055,40.505001068115234,39.97999954223633,40.29499816894531,25.877851486206055,19703000
2015-05-13,40.64500045776367,40.69499969482422,40.040000915527344,40.189998626708984,25.810415267944336,25069400
2015-05-14,40.30500030517578,40.57500076293945,40.150001525878906,40.17499923706055,25.80078887939453,19235800
2015-05-15,40.005001068115234,40.494998931884766,39.904998779296875,40.334999084472656,25.903545379638672,19561200
2015-05-18,40.255001068115234,40.41999816894531,40.084999084472656,40.369998931884766,25.92601776123047,14459600
2015-05-19,40.099998474121094,40.13999938964844,39.73500061035156,39.79499816894531,25.556747436523438,27839600
2015-05-20,39.935001373291016,40.0,39.63999938964844,39.869998931884766,25.604917526245117,25247600
2015-05-21,40.095001220703125,40.30500030517578,39.95000076293945,40.244998931884766,25.84574317932129,20174600
2015-05-22,39.970001220703125,40.279998779296875,39.89500045776367,40.099998474121094,25.75261878967285,12721400
2015-05-26,39.775001525878906,39.86000061035156,39.314998626708984,39.46500015258789,25.34482192993164,26367200
2015-05-27,39.439998626708984,39.7599983215332,39.18000030517578,39.39500045776367,25.299867630004883,22750000
2015-05-28,39.2599983215332,39.310001373291016,38.9900016784668,39.2400016784668,25.2003231048584,24328400
2015-05-29,39.22999954223633,39.44499969482422,39.099998474121094,39.19499969482422,25.17142677307129,25956200
2015-06-01,39.29499816894531,39.29999923706055,39.04499816894531,39.095001220703125,25.107192993164062,16974400
2015-06-02,39.21500015258789,39.55500030517578,39.005001068115234,39.3650016784668,25.280595779418945,20366000
2015-06-03,39.244998931884766,39.53499984741211,39.040000915527344,39.095001220703125,25.107192993164062,17280600
2015-06-04,38.88999938964844,38.96500015258789,38.53499984741211,38.564998626708984,24.76683235168457,31892200
2015-06-05,38.38999938964844,39.18000030517578,38.375,38.834999084472656,24.94021987915039,37912000
2015-06-08,38.685001373291016,38.90999984741211,38.525001525878906,38.6150016784668,24.798948287963867,19414600
2015-06-09,38.849998474121094,39.095001220703125,38.595001220703125,38.61000061035156,24.79572296142578,22066200
2015-06-10,39.084999084472656,39.19499969482422,38.95000076293945,39.084999084472656,25.10077667236328,19570800
2015-06-11,39.154998779296875,39.220001220703125,38.875,38.90999984741211,24.98838996887207,16833000
2015-06-12,38.689998626708984,38.720001220703125,38.40999984741211,38.474998474121094,24.709035873413086,21009000
2015-06-15,38.209999084472656,38.59000015258789,38.095001220703125,38.3849983215332,24.65123176574707,16151000
2015-06-16,38.45500183105469,38.69499969482422,38.27000045776367,38.685001373291016,24.843904495239258,18035200
2015-06-17,38.88999938964844,39.060001373291016,38.39500045776367,38.59000015258789,24.782882690429688,20827400
2015-06-18,38.709999084472656,38.8849983215332,38.529998779296875,38.564998626708984,24.76683235168457,25345200
2015-06-19,38.14500045776367,38.29999923706055,37.939998626708984,37.95500183105469,24.53701400756836,34469800
2015-06-22,38.29999923706055,38.45500183105469,38.130001068115234,38.41999816894531,24.837615966796875,21154800
2015-06-23,38.3650016784668,38.6150016784668,38.32500076293945,38.54499816894531,24.918426513671875,14235400
2015-06-24,38.459999084472656,38.68000030517578,38.290000915527344,38.30500030517578,24.763269424438477,13596600
2015-06-25,38.29499816894531,38.34000015258789,37.904998779296875,37.915000915527344,24.511146545410156,17371400
2015-06-26,37.880001068115234,38.04999923706055,37.66999816894531,38.040000915527344,24.591957092285156,23544600
2015-06-29,37.560001373291016,37.79999923706055,37.290000915527344,37.31999969482422,24.126497268676758,27794400
2015-06-30,37.665000915527344,37.724998474121094,37.34000015258789,37.58000183105469,24.294584274291992,30341200
2015-07-01,37.654998779296875,37.66999816894531,36.95000076293945,37.099998474121094,23.98426628112793,27820200
2015-07-02,37.20000076293945,37.46500015258789,37.16999816894531,37.26499938964844,24.090940475463867,19400400
2015-07-06,36.775001525878906,37.130001068115234,36.619998931884766,36.775001525878906,23.77416229248047,27018200
2015-07-07,36.630001068115234,37.2400016784668,36.21500015258789,37.11000061035156,23.990732192993164,41372200
2015-07-08,36.85499954223633,37.11000061035156,36.209999084472656,36.36000061035156,23.505878448486328,33042600
2015-07-09,36.86000061035156,37.01499938964844,36.54499816894531,36.54499816894531,23.625478744506836,23912000
2015-07-10,36.76499938964844,36.994998931884766,36.564998626708984,36.744998931884766,23.75477409362793,26500800
2015-07-13,36.869998931884766,37.095001220703125,36.77000045776367,37.005001068115234,23.92285919189453,28717600
2015-07-14,36.900001525878906,37.41999816894531,36.8849983215332,37.27000045776367,24.09417152404785,25308400
2015-07-15,37.08000183105469,37.26499938964844,36.48500061035156,36.6150016784668,23.670730590820312,25416600
2015-07-16,36.82500076293945,36.935001373291016,36.595001220703125,36.665000915527344,23.703054428100586,15721400
2015-07-17,36.630001068115234,36.665000915527344,36.099998474121094,36.220001220703125,23.415376663208008,28192000
2015-07-20,36.28499984741211,36.290000915527344,35.69499969482422,35.7400016784668,23.105060577392578,27666800
2015-07-21,35.82500076293945,36.11000061035156,35.64500045776367,35.755001068115234,23.11475944519043,21238000
2015-07-22,35.61000061035156,35.82500076293945,35.38999938964844,35.46500015258789,22.927282333374023,30418600
2015-07-23,35.5,35.724998474121094,35.165000915527344,35.435001373291016,22.907888412475586,22569200
2015-07-24,35.435001373291016,35.45000076293945,34.625,34.755001068115234,22.468286514282227,25108200
2015-07-27,34.310001373291016,34.65999984741211,34.10499954223633,34.255001068115234,22.145048141479492,34393400
2015-07-28,34.30500030517578,35.42499923706055,34.279998779296875,35.23500061035156,22.778593063354492,37877200
2015-07-29,35.14500045776367,35.75,35.03499984741211,35.71500015258789,23.088895797729492,46854600
2015-07-30,35.63999938964844,35.744998931884766,35.310001373291016,35.46500015258789,22.927282333374023,25254400
2015-07-31,35.15999984741211,35.209999084472656,34.6349983215332,34.689998626708984,22.42625617980957,43578800
2015-08-03,34.31999969482422,34.53499984741211,33.88999938964844,33.959999084472656,21.954334259033203,33853200
2015-08-04,34.11000061035156,34.375,33.70000076293945,33.845001220703125,21.87999153137207,25525000
2015-08-05,34.11000061035156,34.48500061035156,33.55500030517578,33.59000015258789,21.71514129638672,36947600
2015-08-06,33.38999938964844,34.21500015258789,33.14500045776367,34.125,22.060998916625977,46519200
2015-08-07,33.98500061035156,34.255001068115234,33.39500045776367,33.51499938964844,21.666654586791992,34163400
2015-08-10,33.584999084472656,34.61000061035156,33.584999084472656,34.584999084472656,22.35837745666504,38888800
2015-08-11,33.89500045776367,34.685001373291016,33.83000183105469,34.650001525878906,22.400400161743164,42107800
2015-08-12,34.529998779296875,35.369998931884766,34.33000183105469,35.279998779296875,22.80769157409668,46966000
2015-08-13,35.04999923706055,35.18000030517578,34.70000076293945,34.744998931884766,22.461816787719727,39627200
2015-08-14,34.81999969482422,35.060001373291016,34.59000015258789,34.66999816894531,22.413330078125,24242400
2015-08-17,34.5,34.915000915527344,34.3849983215332,34.744998931884766,22.461816787719727,19064200
2015-08-18,34.68000030517578,34.77000045776367,34.44499969482422,34.6150016784668,22.377779006958008,22126800
2015-08-19,34.42499923706055,34.47999954223633,33.5,33.65999984741211,21.760391235351562,40366000
2015-08-20,33.56999969482422,33.79999923706055,32.89500045776367,32.900001525878906,21.269067764282227,50673200
2015-08-21,32.56999969482422,32.92499923706055,31.729999542236328,31.75,20.525625228881836,50840400
2015-08-24,29.895000457763672,31.290000915527344,29.3700008392334,30.045000076293945,19.423377990722656,86002200
2015-08-25,31.364999771118164,31.364999771118164,29.584999084472656,29.610000610351562,19.14216423034668,55393200
2015-08-26,30.360000610351562,30.665000915527344,29.770000457763672,30.6299991607666,19.80156898498535,79464400
2015-08-27,31.34000015258789,32.220001220703125,31.225000381469727,32.14500045776367,20.780977249145508,64482800
2015-08-28,32.03499984741211,33.209999084472656,32.02000045776367,32.875,21.25290870666504,62926800
2015-08-31,32.625,33.43000030517578,32.040000915527344,33.21500015258789,21.472715377807617,72387000
2015-09-01,32.2599983215332,32.63999938964844,31.770000457763672,32.04499816894531,20.71632957458496,57425200
2015-09-02,32.5,32.54999923706055,31.59000015258789,32.34000015258789,20.907045364379883,51057800
2015-09-03,32.55500030517578,33.125,32.22999954223633,32.43000030517578,20.965229034423828,43790000
2015-09-04,31.96500015258789,32.125,31.760000228881836,31.895000457763672,20.619359970092773,33368400
2015-09-08,32.2400016784668,32.439998626708984,31.844999313354492,32.39500045776367,20.942598342895508,31255200
2015-09-09,32.619998931884766,33.0099983215332,31.735000610351562,31.78499984741211,20.548246383666992,36955400
2015-09-10,31.920000076293945,32.150001525878906,31.479999542236328,31.969999313354492,20.667850494384766,36985600
2015-09-11,31.649999618530273,31.725000381469727,31.2450008392334,31.684999465942383,20.48360252380371,26688600
2015-09-14,31.46500015258789,31.604999542236328,31.25,31.40999984741211,20.305816650390625,24962600
2015-09-15,31.510000228881836,31.864999771118164,31.5049991607666,31.760000228881836,20.532081604003906,29633200
2015-09-16,32.01499938964844,32.70500183105469,31.96500015258789,32.65999984741211,21.113914489746094,34433400
2015-09-17,32.685001373291016,33.220001220703125,32.43000030517578,32.63999938964844,21.10098648071289,39645400
2015-09-18,31.790000915527344,32.025001525878906,31.360000610351562,31.549999237060547,20.546772003173828,42473800
2015-09-21,31.885000228881836,31.96500015258789,31.530000686645508,31.729999542236328,20.66399574279785,31379400
2015-09-22,31.239999771118164,31.725000381469727,31.174999237060547,31.395000457763672,20.445838928222656,34100800
2015-09-23,31.514999389648438,31.65999984741211,30.975000381469727,30.989999771118164,20.18207359313965,27969400
2015-09-24,30.75,31.344999313354492,30.545000076293945,31.125,20.269994735717773,37824000
2015-09-25,31.469999313354492,31.469999313354492,30.905000686645508,31.184999465942383,20.309072494506836,31666800
2015-09-28,30.860000610351562,30.860000610351562,29.915000915527344,29.940000534057617,19.49827766418457,32702800
2015-09-29,30.084999084472656,30.329999923706055,29.69499969482422,29.895000457763672,19.468969345092773,37762400
2015-09-30,30.170000076293945,30.71500015258789,30.135000228881836,30.600000381469727,19.92809295654297,32256200
2015-10-01,30.989999771118164,31.329999923706055,30.385000228881836,30.65999984741211,19.96717071533203,34891000
2015-10-02,30.309999465942383,31.94499969482422,30.2549991607666,31.924999237060547,20.790992736816406,39859600
2015-10-05,32.32500076293945,33.0,32.29499816894531,32.88999938964844,21.41944694519043,47614000
2015-10-06,33.005001068115234,33.869998931884766,32.83000183105469,33.619998931884766,21.89484977722168,54932800
2015-10-07,34.04999923706055,34.470001220703125,33.349998474121094,34.04499816894531,22.171632766723633,80006200
2015-10-08,33.97999954223633,34.834999084472656,33.77000045776367,34.69499969482422,22.594940185546875,54143400
2015-10-09,34.77000045776367,34.810001373291016,34.255001068115234,34.470001220703125,22.448413848876953,51971400
2015-10-12,34.525001525878906,34.529998779296875,33.71500015258789,34.025001525878906,22.158607482910156,43492400
2015-10-13,33.76499938964844,34.17499923706055,33.57500076293945,33.66999816894531,21.927413940429688,41675600
2015-10-14,33.595001220703125,34.084999084472656,33.52000045776367,33.959999084472656,22.116273880004883,30353400
2015-10-15,33.80500030517578,34.584999084472656,33.689998626708984,34.56999969482422,22.513538360595703,39016400
2015-10-16,34.689998626708984,34.779998779296875,34.13999938964844,34.6150016784668,22.5428409576416,40062400
2015-10-19,34.27000045776367,34.290000915527344,33.75,33.93000030517578,22.096736907958984,39000400
2015-10-20,33.86000061035156,34.185001373291016,33.68000030517578,34.025001525878906,22.158607482910156,27513000
2015-10-21,33.875,34.040000915527344,33.56999969482422,33.60499954223633,21.88508415222168,29324200
2015-10-22,33.790000915527344,34.29499816894531,33.775001525878906,34.209999084472656,22.279083251953125,37481400
2015-10-23,34.04999923706055,34.45000076293945,33.83000183105469,34.130001068115234,22.226987838745117,31262000
2015-10-26,34.064998626708984,34.064998626708984,33.28499984741211,33.29499816894531,21.683197021484375,23672200
2015-10-27,32.834999084472656,33.005001068115234,32.55500030517578,32.89500045776367,21.422704696655273,42214600
2015-10-28,33.125,33.849998474121094,32.86000061035156,33.625,21.89810562133789,39513000
2015-10-29,33.5,34.11000061035156,33.45000076293945,33.79499816894531,22.008825302124023,19507200
2015-10-30,33.974998474121094,34.380001068115234,33.57500076293945,34.01499938964844,22.152099609375,28514400
2015-11-02,33.810001373291016,34.9900016784668,33.7599983215332,34.810001373291016,22.669837951660156,30773800
2015-11-03,35.05500030517578,35.96500015258789,35.040000915527344,35.70000076293945,23.249446868896484,42654400
2015-11-04,35.73500061035156,35.834999084472656,35.1150016784668,35.380001068115234,23.04104995727539,35437600
2015-11-05,35.20500183105469,35.595001220703125,34.91999816894531,35.08000183105469,22.845674514770508,32467000
2015-11-06,34.77000045776367,35.040000915527344,34.3849983215332,34.900001525878906,22.728450775146484,27522400
2015-11-09,34.81999969482422,35.20500183105469,34.40999984741211,34.55500030517578,22.50376319885254,25374000
2015-11-10,34.40999984741211,34.935001373291016,34.279998779296875,34.630001068115234,22.55260467529297,25370800
2015-11-11,34.625,34.67499923706055,33.814998626708984,33.89500045776367,22.073945999145508,28739400
2015-11-12,33.41999816894531,33.654998779296875,33.064998626708984,33.125,21.57248878479004,38623000
2015-11-13,33.01499938964844,33.290000915527344,32.599998474121094,32.9900016784668,21.484567642211914,35559200
2015-11-16,32.94499969482422,34.125,32.91999816894531,34.09000015258789,22.200939178466797,34726200
2015-11-17,34.0,34.13999938964844,33.59000015258789,33.71500015258789,21.95671844482422,30457800
2015-11-18,33.95000076293945,34.314998626708984,33.630001068115234,34.27000045776367,22.31816291809082,41903000
2015-11-19,34.06999969482422,34.255001068115234,33.529998779296875,33.810001373291016,22.018590927124023,37825000
2015-11-20,33.81999969482422,33.974998474121094,33.415000915527344,33.45000076293945,21.784149169921875,28428000
2015-11-23,33.41999816894531,33.880001068115234,33.20500183105469,33.689998626708984,21.940441131591797,32814600
2015-11-24,33.849998474121094,34.564998626708984,33.78499984741211,34.40999984741211,22.40933609008789,37886200
2015-11-25,34.119998931884766,34.415000915527344,33.91999816894531,34.130001068115234,22.226987838745117,22201200
2015-11-27,33.85499954223633,34.025001525878906,33.76499938964844,33.8849983215332,22.067428588867188,16752800
2015-11-30,34.025001525878906,34.34000015258789,33.8849983215332,34.0099983215332,22.14883804321289,35210600
2015-12-01,34.040000915527344,34.310001373291016,33.95500183105469,34.279998779296875,22.32468032836914,27594000
2015-12-02,34.05500030517578,34.185001373291016,33.11000061035156,33.220001220703125,21.634357452392578,50856200
2015-12-03,33.380001068115234,33.4900016784668,32.39500045776367,32.55500030517578,21.201282501220703,48438400
2015-12-04,32.25,32.540000915527344,31.739999771118164,32.349998474121094,21.06777000427246,65678600
2015-12-07,31.549999237060547,31.594999313354492,30.674999237060547,31.1200008392334,20.266746520996094,65600800
2015-12-08,30.434999465942383,31.219999313354492,30.125,30.799999237060547,20.05834197998047,54673800
2015-12-09,30.940000534057617,31.864999771118164,30.764999389648438,31.204999923706055,20.32209587097168,57513800
2015-12-10,31.219999313354492,31.8700008392334,31.0049991607666,31.405000686645508,20.45234489440918,77829800
2015-12-11,30.864999771118164,30.979999542236328,30.200000762939453,30.229999542236328,19.6871337890625,58008000
2015-12-14,30.084999084472656,30.549999237060547,29.760000228881836,30.389999389648438,19.791336059570312,78233200
2015-12-15,30.81999969482422,31.299999237060547,30.780000686645508,31.155000686645508,20.289539337158203,58140600
2015-12-16,31.03499984741211,31.360000610351562,30.6200008392334,30.950000762939453,20.15603256225586,57502400
2015-12-17,30.969999313354492,31.030000686645508,30.190000534057617,30.190000534057617,19.661083221435547,58149600
2015-12-18,29.950000762939453,29.969999313354492,29.385000228881836,29.395000457763672,19.316740036010742,54278400
2015-12-21,29.399999618530273,29.65999984741211,29.104999542236328,29.424999237060547,19.33645248413086,48030000
2015-12-22,29.530000686645508,29.959999084472656,29.385000228881836,29.770000457763672,19.56316566467285,50583000
2015-12-23,30.3700008392334,31.084999084472656,30.264999389648438,31.065000534057617,20.414169311523438,60421000
2015-12-24,31.104999542236328,31.145000457763672,30.674999237060547,30.78499984741211,20.23017120361328,14430600
2015-12-28,30.25,30.40999984741211,30.06999969482422,30.225000381469727,19.862171173095703,25107800
2015-12-29,30.7450008392334,30.834999084472656,30.270000457763672,30.434999465942383,20.000167846679688,30212600
2015-12-30,30.014999389648438,30.44499969482422,29.9950008392334,30.024999618530273,19.730741500854492,30102400
2015-12-31,29.885000228881836,30.31999969482422,29.790000915527344,30.15999984741211,19.819459915161133,38404800
2016-01-04,30.079999923706055,30.389999389648438,29.649999618530273,30.149999618530273,19.812891006469727,43617400
2016-01-05,30.1299991607666,30.299999237060547,29.795000076293945,30.264999389648438,19.888450622558594,31058400
2016-01-06,29.549999237060547,29.610000610351562,28.854999542236328,29.100000381469727,19.122886657714844,53924200
2016-01-07,28.53499984741211,29.190000534057617,28.270000457763672,28.389999389648438,18.656312942504883,56163800
2016-01-08,28.6299991607666,28.69499969482422,27.920000076293945,28.024999618530273,18.41645050048828,38454200
2016-01-11,28.139999389648438,28.174999237060547,27.079999923706055,27.424999237060547,18.02216339111328,56889400
2016-01-12,27.850000381469727,27.940000534057617,26.729999542236328,27.489999771118164,18.064884185791016,71188200
2016-01-13,27.825000762939453,28.024999618530273,26.540000915527344,26.829999923706055,17.63115882873535,67916800
2016-01-14,27.104999542236328,28.229999542236328,26.68000030517578,27.985000610351562,18.390167236328125,76148600
2016-01-15,26.815000534057617,27.434999465942383,26.65999984741211,27.174999237060547,17.857881546020508,73760400
2016-01-19,27.3799991607666,27.510000228881836,26.165000915527344,26.59000015258789,17.47344970703125,71744600
2016-01-20,26.065000534057617,26.274999618530273,24.96500015258789,25.885000228881836,17.010168075561523,102614800
2016-01-21,25.854999542236328,27.014999389648438,25.684999465942383,26.690000534057617,17.539167404174805,87341400
2016-01-22,27.665000915527344,28.059999465942383,27.225000381469727,27.8700008392334,18.31459617614746,77245000
2016-01-25,27.34000015258789,28.040000915527344,26.549999237060547,26.56999969482422,17.460308074951172,58240000
2016-01-26,27.049999237060547,27.610000610351562,26.700000762939453,27.575000762939453,18.12074089050293,50709800
2016-01-27,27.385000228881836,28.209999084472656,27.100000381469727,27.44499969482422,18.035310745239258,72989000
2016-01-28,28.485000610351562,28.594999313354492,27.71500015258789,28.280000686645508,18.584022521972656,76343800
2016-01-29,28.329999923706055,29.135000228881836,28.2450008392334,29.104999542236328,19.12616539001465,62996400
2016-02-01,28.6200008392334,28.834999084472656,28.19499969482422,28.6200008392334,18.80745506286621,55370200
2016-02-02,27.920000076293945,28.049999237060547,27.524999618530273,27.665000915527344,18.179885864257812,50462400
2016-02-03,28.065000534057617,28.674999237060547,27.05500030517578,28.649999618530273,18.827171325683594,72881400
2016-02-04,28.709999084472656,29.25,28.5,28.635000228881836,18.817312240600586,74112200
2016-02-05,28.25,28.3700008392334,27.735000610351562,27.969999313354492,18.380313873291016,60482000
2016-02-08,27.415000915527344,28.0,27.0,27.825000762939453,18.2850284576416,69613400
2016-02-09,27.40999984741211,27.7450008392334,26.719999313354492,27.155000686645508,17.844736099243164,74822600
2016-02-10,27.075000762939453,27.65999984741211,26.7549991607666,27.045000076293945,17.772449493408203,60431600
2016-02-11,26.575000762939453,27.135000228881836,26.184999465942383,26.93000030517578,17.69687843322754,95973800
2016-02-12,27.299999237060547,27.760000228881836,27.05500030517578,27.639999389648438,18.163450241088867,51564000
2016-02-16,28.104999542236328,28.190000534057617,27.510000228881836,27.915000915527344,18.344167709350586,67600400
2016-02-17,28.25,28.954999923706055,28.139999389648438,28.829999923706055,18.945451736450195,58560000
2016-02-18,29.075000762939453,29.1200008392334,28.329999923706055,28.469999313354492,18.70888328552246,57664600
2016-02-19,28.09000015258789,28.415000915527344,27.850000381469727,28.405000686645508,18.666166305541992,50257600
2016-02-22,28.94499969482422,29.260000228881836,28.81999969482422,29.1299991607666,19.14259910583496,49416600
2016-02-23,28.850000381469727,28.989999771118164,28.084999084472656,28.135000228881836,18.488739013671875,42910000
2016-02-24,27.610000610351562,28.485000610351562,27.53499984741211,28.420000076293945,18.676025390625,50559600
2016-02-25,28.334999084472656,28.520000457763672,27.889999389648438,28.44499969482422,18.692455291748047,37177800
2016-02-26,28.920000076293945,29.0,28.520000457763672,28.614999771118164,18.80417251586914,42310200
2016-02-29,28.729999542236328,28.809999465942383,28.264999389648438,28.290000915527344,18.59059715270996,45966600
2016-03-01,28.489999771118164,29.075000762939453,28.200000762939453,29.030000686645508,19.076881408691406,47286000
2016-03-02,28.850000381469727,29.760000228881836,28.709999084472656,29.739999771118164,19.543453216552734,53590000
2016-03-03,29.6200008392334,30.2450008392334,29.604999542236328,30.190000534057617,19.83916664123535,48791200
2016-03-04,30.360000610351562,30.915000915527344,30.03499984741211,30.479999542236328,20.02973747253418,61103200
2016-03-07,30.46500015258789,31.229999542236328,30.31999969482422,31.19499969482422,20.499591827392578,66721000
2016-03-08,30.940000534057617,30.959999084472656,29.834999084472656,29.885000228881836,19.638742446899414,59635200
2016-03-09,30.290000915527344,30.760000228881836,29.920000076293945,30.3700008392334,19.957462310791016,50935200
2016-03-10,30.239999771118164,30.43000030517578,29.844999313354492,30.395000457763672,19.97388458251953,57247200
2016-03-11,30.795000076293945,31.28499984741211,30.760000228881836,31.18000030517578,20.489736557006836,49567200
2016-03-14,30.790000915527344,31.084999084472656,30.670000076293945,30.975000381469727,20.35502815246582,43532200
2016-03-15,30.549999237060547,30.920000076293945,30.329999923706055,30.915000915527344,20.315597534179688,43439200
2016-03-16,31.100000381469727,31.520000457763672,30.885000228881836,31.450000762939453,20.667171478271484,53940800
2016-03-17,31.704999923706055,32.13999938964844,31.420000076293945,31.8799991607666,20.94974136352539,56321600
2016-03-18,31.895000457763672,31.924999237060547,31.450000762939453,31.7450008392334,21.009973526000977,60948000
2016-03-21,31.6200008392334,31.844999313354492,31.28499984741211,31.635000228881836,20.937171936035156,33397000
2016-03-22,31.264999389648438,31.7450008392334,31.2450008392334,31.459999084472656,20.821346282958984,28360200
2016-03-23,31.235000610351562,31.350000381469727,30.709999084472656,30.770000457763672,20.36467933654785,37747600
2016-03-24,30.344999313354492,30.920000076293945,30.200000762939453,30.920000076293945,20.46396255493164,31032000
2016-03-28,30.93000030517578,31.014999389648438,30.540000915527344,30.7549991607666,20.354753494262695,23129800
2016-03-29,30.40999984741211,30.924999237060547,30.229999542236328,30.899999618530273,20.45071792602539,28733800
2016-03-30,31.18000030517578,31.309999465942383,30.780000686645508,30.959999084472656,20.49042510986328,31489600
2016-03-31,30.84000015258789,31.184999465942383,30.790000915527344,30.94499969482422,20.48050308227539,28092800
2016-04-01,30.40999984741211,30.6200008392334,30.30500030517578,30.530000686645508,20.205841064453125,29609600
2016-04-04,30.475000381469727,30.795000076293945,30.21500015258789,30.30500030517578,20.05692481994629,31619000
2016-04-05,30.049999237060547,30.315000534057617,29.969999313354492,30.100000381469727,19.921249389648438,32097600
2016-04-06,30.344999313354492,30.7549991607666,30.1200008392334,30.75,20.3514404296875,36437600
2016-04-07,30.510000228881836,30.795000076293945,30.315000534057617,30.56999969482422,20.23231315612793,27854200
2016-04-08,31.145000457763672,31.354999542236328,31.030000686645508,31.184999465942383,20.639345169067383,35333000
2016-04-11,31.434999465942383,31.530000686645508,31.05500030517578,31.05500030517578,20.55329704284668,32471400
2016-04-12,31.174999237060547,32.165000915527344,31.110000610351562,31.979999542236328,21.16550064086914,55260800
2016-04-13,31.96500015258789,32.224998474121094,31.739999771118164,32.130001068115234,21.26477813720703,37405800
2016-04-14,32.26499938964844,32.27000045776367,32.01499938964844,32.20500183105469,21.31441307067871,34871000
2016-04-15,32.025001525878906,32.08000183105469,31.729999542236328,31.770000457763672,21.026514053344727,28442400
2016-04-18,31.114999771118164,32.375,31.040000915527344,32.29499816894531,21.373981475830078,41371600
2016-04-19,32.47999954223633,32.974998474121094,32.33000183105469,32.939998626708984,21.800861358642578,34682800
2016-04-20,32.76499938964844,33.4900016784668,32.65999984741211,33.23500061035156,21.996103286743164,42176600
2016-04-21,33.279998779296875,33.41999816894531,32.970001220703125,33.040000915527344,21.867040634155273,38670200
2016-04-22,33.119998931884766,33.64500045776367,33.095001220703125,33.52000045776367,22.184724807739258,31529000
2016-04-25,33.404998779296875,33.40999984741211,32.89500045776367,33.14500045776367,21.936542510986328,34468600
2016-04-26,33.334999084472656,33.689998626708984,33.255001068115234,33.67499923706055,22.287311553955078,27171400
2016-04-27,33.849998474121094,34.38999938964844,33.82500076293945,34.314998626708984,22.710880279541016,43924800
2016-04-28,34.15999984741211,34.40999984741211,33.67499923706055,33.80500030517578,22.37335205078125,31110400
2016-04-29,33.880001068115234,34.209999084472656,33.23500061035156,33.75,22.33694839477539,48214800
2016-05-02,33.689998626708984,33.83000183105469,33.29999923706055,33.71500015258789,22.313779830932617,30132000
2016-05-03,33.2599983215332,33.31999969482422,32.71500015258789,32.91999816894531,21.787626266479492,32316200
2016-05-04,32.939998626708984,33.16999816894531,32.25,32.44499969482422,21.473255157470703,37210800
2016-05-05,32.994998931884766,33.17499923706055,32.439998626708984,32.709999084472656,21.648637771606445,28704000
2016-05-06,32.5,33.03499984741211,32.415000915527344,32.6349983215332,21.598997116088867,25091000
2016-05-09,32.45000076293945,32.52000045776367,31.75,32.15999984741211,21.284629821777344,32041600
2016-05-10,32.32500076293945,32.73500061035156,32.310001373291016,32.724998474121094,21.6585693359375,20702800
2016-05-11,32.64500045776367,33.1150016784668,32.380001068115234,32.82500076293945,21.724756240844727,28429600
2016-05-12,33.119998931884766,33.369998931884766,32.66999816894531,32.915000915527344,21.784313201904297,24954400
2016-05-13,32.77000045776367,33.02000045776367,32.42499923706055,32.494998931884766,21.50634002685547,24743800
2016-05-16,32.91999816894531,33.150001525878906,32.82500076293945,33.04499816894531,21.8703556060791,27455400
2016-05-17,33.04999923706055,33.45500183105469,32.94499969482422,33.20000076293945,21.97294044494629,31674600
2016-05-18,33.19499969482422,33.30500030517578,32.66999816894531,32.880001068115234,21.76115608215332,41166400
2016-05-19,32.54999923706055,32.959999084472656,32.244998931884766,32.8849983215332,21.76445770263672,33709800
2016-05-20,32.98500061035156,33.150001525878906,32.78499984741211,33.08000183105469,21.893522262573242,19667000
2016-05-23,32.8849983215332,33.13999938964844,32.77000045776367,32.994998931884766,21.837261199951172,20545000
2016-05-24,33.165000915527344,33.35499954223633,32.95500183105469,33.15999984741211,21.94646453857422,22605800
2016-05-25,33.36000061035156,33.73500061035156,33.33000183105469,33.685001373291016,22.293928146362305,28511000
2016-05-26,33.814998626708984,33.959999084472656,33.439998626708984,33.54499816894531,22.20127296447754,21433600
2016-05-27,33.42499923706055,33.59000015258789,33.2400016784668,33.564998626708984,22.214509963989258,18517400
2016-05-31,33.64500045776367,33.90999984741211,33.28499984741211,33.435001373291016,22.128477096557617,30812200
2016-06-01,33.11000061035156,33.54499816894531,33.025001525878906,33.44499969482422,22.135087966918945,33391400
2016-06-02,33.189998626708984,33.41999816894531,33.064998626708984,33.400001525878906,22.10531234741211,25700000
2016-06-03,33.400001525878906,33.57500076293945,33.07500076293945,33.27000045776367,22.019262313842773,24315400
2016-06-06,33.595001220703125,34.03499984741211,33.53499984741211,34.005001068115234,22.505714416503906,36447600
2016-06-07,34.1150016784668,34.8650016784668,34.10499954223633,34.775001525878906,23.015336990356445,31236600
2016-06-08,34.98500061035156,35.130001068115234,34.599998474121094,34.69499969482422,22.962379455566406,36259400
2016-06-09,34.29499816894531,34.60499954223633,34.2599983215332,34.43000030517578,22.786998748779297,24681200
2016-06-10,34.07500076293945,34.29499816894531,33.63999938964844,33.685001373291016,22.293928146362305,28980400
2016-06-13,33.52000045776367,34.040000915527344,33.48500061035156,33.584999084472656,22.227746963500977,23147600
2016-06-14,33.44499969482422,33.73500061035156,33.185001373291016,33.564998626708984,22.214509963989258,24405000
2016-06-15,33.439998626708984,33.88999938964844,33.25,33.48500061035156,22.16156005859375,33659000
2016-06-16,33.125,33.375,32.66999816894531,33.32500076293945,22.0556697845459,39987400
2016-06-17,33.45000076293945,33.5099983215332,33.25,33.44499969482422,22.280841827392578,34871800
2016-06-20,33.92499923706055,34.0,33.70500183105469,33.73500061035156,22.474035263061523,21826400
2016-06-21,33.65999984741211,34.20500183105469,33.560001373291016,34.1349983215332,22.740516662597656,22444600
2016-06-22,34.28499984741211,34.28499984741211,33.915000915527344,33.94499969482422,22.61393928527832,20516400
2016-06-23,34.29999923706055,34.51499938964844,34.16999816894531,34.505001068115234,22.987010955810547,19077000
2016-06-24,33.17499923706055,33.775001525878906,33.14500045776367,33.38999938964844,22.244203567504883,53759800
2016-06-27,32.935001373291016,32.96500015258789,32.05500030517578,32.31999969482422,21.531373977661133,43319400
2016-06-28,32.92499923706055,33.224998474121094,32.73500061035156,33.220001220703125,22.130950927734375,29100800
2016-06-29,33.42499923706055,34.04999923706055,33.42499923706055,33.849998474121094,22.5506534576416,32708800
2016-06-30,33.70500183105469,34.13999938964844,33.6349983215332,34.119998931884766,22.73051643371582,24264600
2016-07-01,34.08000183105469,34.42499923706055,34.05500030517578,34.29999923706055,22.850439071655273,25357600
2016-07-05,33.84000015258789,33.959999084472656,33.275001525878906,33.61000061035156,22.39076042175293,30139800
2016-07-06,33.415000915527344,33.779998779296875,33.185001373291016,33.755001068115234,22.487363815307617,31795000
2016-07-07,33.95500183105469,34.16999816894531,33.17499923706055,33.40999984741211,22.257526397705078,28195600
2016-07-08,33.709999084472656,33.974998474121094,33.525001525878906,33.85499954223633,22.553977966308594,23135800
2016-07-11,34.03499984741211,34.19499969482422,33.88999938964844,33.91999816894531,22.597286224365234,19500800
2016-07-12,34.43000030517578,34.90999984741211,34.36000061035156,34.7599983215332,23.156885147094727,31049000
2016-07-13,34.65999984741211,34.849998474121094,34.13999938964844,34.459999084472656,22.95703125,25092400
2016-07-14,34.72999954223633,34.814998626708984,34.53499984741211,34.6349983215332,23.073606491088867,21797200
2016-07-15,34.7599983215332,34.84000015258789,34.48500061035156,34.6150016784668,23.060285568237305,18259000
2016-07-18,34.51499938964844,34.654998779296875,34.29499816894531,34.63999938964844,23.076950073242188,18802200
2016-07-19,34.55500030517578,34.61000061035156,34.314998626708984,34.44499969482422,22.9470272064209,13983800
2016-07-20,34.30500030517578,34.564998626708984,34.02000045776367,34.39500045776367,22.913728713989258,23110000
2016-07-21,34.29999923706055,34.6150016784668,33.970001220703125,34.05500030517578,22.687217712402344,18513800
2016-07-22,34.130001068115234,34.21500015258789,33.939998626708984,34.15999984741211,22.757173538208008,15981200
2016-07-25,33.935001373291016,34.0099983215332,33.35499954223633,33.47999954223633,22.30415916442871,25543400
2016-07-26,33.28499984741211,33.70500183105469,33.26499938964844,33.67499923706055,22.434066772460938,24787800
2016-07-27,33.720001220703125,33.96500015258789,33.20000076293945,33.345001220703125,22.214223861694336,32355800
2016-07-28,33.30500030517578,33.5099983215332,33.1150016784668,33.349998474121094,22.217548370361328,21727000
2016-07-29,32.875,33.72999954223633,32.845001220703125,33.689998626708984,22.444061279296875,33003600
2016-08-01,33.39500045776367,33.41999816894531,32.46500015258789,32.58000183105469,21.704586029052734,61297000
2016-08-02,32.810001373291016,33.03499984741211,32.28499984741211,32.875,21.90110969543457,51200200
2016-08-03,32.880001068115234,33.525001525878906,32.75,33.5099983215332,22.32413673400879,47811200
2016-08-04,33.3849983215332,33.689998626708984,33.27000045776367,33.459999084472656,22.290834426879883,33580400
2016-08-05,33.47999954223633,33.810001373291016,33.41999816894531,33.76499938964844,22.494022369384766,22853600
2016-08-08,34.0,34.44499969482422,33.9900016784668,34.21500015258789,22.793813705444336,43326800
2016-08-09,34.310001373291016,34.3650016784668,33.900001525878906,34.03499984741211,22.673900604248047,22256800
2016-08-10,34.10499954223633,34.18000030517578,33.595001220703125,33.665000915527344,22.42740249633789,36073600
2016-08-11,33.810001373291016,34.30500030517578,33.73500061035156,34.15999984741211,22.757173538208008,34859400
2016-08-12,34.25,34.45500183105469,34.15999984741211,34.349998474121094,22.883747100830078,20379400
2016-08-15,34.54499816894531,34.69499969482422,34.44499969482422,34.625,23.06694984436035,21406800
2016-08-16,34.564998626708984,34.790000915527344,34.35499954223633,34.68000030517578,23.103591918945312,20485600
2016-08-17,34.5099983215332,34.80500030517578,34.474998474121094,34.78499984741211,23.17354393005371,29439000
2016-08-18,34.904998779296875,35.5,34.869998931884766,35.5,23.64986801147461,48297000
2016-08-19,35.3849983215332,35.3849983215332,35.07500076293945,35.20500183105469,23.453346252441406,22091400
2016-08-22,34.900001525878906,34.96500015258789,34.63999938964844,34.79999923706055,23.183536529541016,28273400
2016-08-23,34.79999923706055,35.1349983215332,34.79999923706055,35.04499816894531,23.346750259399414,24912400
2016-08-24,34.849998474121094,35.08000183105469,34.814998626708984,34.904998779296875,23.25347900390625,32905200
2016-08-25,34.849998474121094,34.95500183105469,34.69499969482422,34.810001373291016,23.190195083618164,23791600
2016-08-26,34.869998931884766,35.13999938964844,34.525001525878906,34.689998626708984,23.110248565673828,29150200
2016-08-29,34.59000015258789,34.95500183105469,34.54999923706055,34.92499923706055,23.266807556152344,14788000
2016-08-30,35.005001068115234,35.13999938964844,34.67499923706055,34.80500030517578,23.186866760253906,14265800
2016-08-31,34.61000061035156,34.65999984741211,34.064998626708984,34.255001068115234,22.820457458496094,26465600
2016-09-01,34.11000061035156,34.23500061035156,33.8849983215332,34.154998779296875,22.753833770751953,33337000
2016-09-02,34.4900016784668,34.625,34.32500076293945,34.540000915527344,23.010326385498047,21588800
2016-09-06,34.630001068115234,35.09000015258789,34.599998474121094,35.060001373291016,23.35674476623535,25688200
2016-09-07,35.220001220703125,35.334999084472656,35.064998626708984,35.2599983215332,23.489978790283203,30189000
2016-09-08,35.48500061035156,35.970001220703125,35.314998626708984,35.91999816894531,23.92966651916504,36010600
2016-09-09,35.584999084472656,35.69499969482422,34.849998474121094,34.849998474121094,23.216848373413086,43543600
2016-09-12,34.60499954223633,35.375,34.540000915527344,35.19499969482422,23.446685791015625,43945800
2016-09-13,34.810001373291016,34.82500076293945,34.09000015258789,34.189998626708984,22.777156829833984,49160800
2016-09-14,34.150001525878906,34.560001373291016,33.70000076293945,33.78499984741211,22.507347106933594,52940400
2016-09-15,33.91999816894531,34.45500183105469,33.8650016784668,34.20500183105469,22.787145614624023,32954800
2016-09-16,33.505001068115234,33.849998474121094,33.505001068115234,33.724998474121094,22.603168487548828,34788800
2016-09-19,34.0,34.095001220703125,33.70000076293945,33.70500183105469,22.589771270751953,23595000
2016-09-20,33.665000915527344,33.89500045776367,33.435001373291016,33.459999084472656,22.425569534301758,28265800
2016-09-21,33.75,34.25,33.709999084472656,34.23500061035156,22.94498634338379,40521800
2016-09-22,34.60499954223633,34.72999954223633,34.244998931884766,34.275001525878906,22.971797943115234,26631800
2016-09-23,34.11000061035156,34.41999816894531,33.625,33.81999969482422,22.666841506958008,46150400
2016-09-26,33.935001373291016,34.1150016784668,33.60499954223633,33.66999816894531,22.56631088256836,26480400
2016-09-27,33.334999084472656,33.53499984741211,33.06999969482422,33.44499969482422,22.415515899658203,38820400
2016-09-28,33.63999938964844,34.939998626708984,33.35499954223633,34.88999938964844,23.38397789001465,82286800
2016-09-29,34.8650016784668,35.224998474121094,34.51499938964844,34.83000183105469,23.343772888183594,54003200
2016-09-30,35.07500076293945,35.4900016784668,34.849998474121094,35.30500030517578,23.662120819091797,29429000
2016-10-03,35.3650016784668,35.41999816894531,34.98500061035156,35.279998779296875,23.645362854003906,26309800
2016-10-04,35.310001373291016,35.39500045776367,34.779998779296875,34.91999816894531,23.404088973999023,23705600
2016-10-05,35.275001525878906,35.619998931884766,35.2400016784668,35.45500183105469,23.76265525817871,26702400
2016-10-06,35.560001373291016,35.67499923706055,35.189998626708984,35.5099983215332,23.799514770507812,22351600
2016-10-07,35.51499938964844,35.665000915527344,35.20000076293945,35.30500030517578,23.662120819091797,23488800
2016-10-10,35.30500030517578,35.9900016784668,35.30500030517578,35.86000061035156,24.03409194946289,23069000
2016-10-11,35.73500061035156,35.79499816894531,35.255001068115234,35.45000076293945,23.75930404663086,27424400
2016-10-12,35.29999923706055,35.42499923706055,35.0,35.29999923706055,23.65876579284668,20878200
2016-10-13,35.08000183105469,35.28499984741211,34.64500045776367,35.10499954223633,23.5280818939209,27086800
2016-10-14,35.28499984741211,35.400001525878906,34.875,34.900001525878906,23.39068603515625,22744800
2016-10-17,34.90999984741211,35.02000045776367,34.540000915527344,34.72999954223633,23.276744842529297,14850000
2016-10-18,35.07500076293945,35.150001525878906,34.71500015258789,34.869998931884766,23.370574951171875,13890200
2016-10-19,35.13999938964844,35.6349983215332,35.10499954223633,35.3650016784668,23.702327728271484,28631800
2016-10-20,35.154998779296875,35.470001220703125,34.959999084472656,35.32500076293945,23.67552375793457,24989000
2016-10-21,35.095001220703125,35.154998779296875,34.88999938964844,35.095001220703125,23.521371841430664,28477000
2016-10-24,35.095001220703125,35.21500015258789,34.60499954223633,34.9900016784668,23.45100212097168,21336800
2016-10-25,34.97999954223633,35.35499954223633,34.77000045776367,34.83000183105469,23.343772888183594,26454200
2016-10-26,34.52000045776367,35.05500030517578,34.459999084472656,34.90999984741211,23.397380828857422,35735600
2016-10-27,35.060001373291016,35.11000061035156,34.77000045776367,34.779998779296875,23.31026268005371,28412600
2016-10-28,34.720001220703125,35.21500015258789,34.46500015258789,34.685001373291016,23.246585845947266,37116800
2016-10-31,34.560001373291016,34.744998931884766,34.25,34.310001373291016,22.995256423950195,25947600
2016-11-01,34.564998626708984,34.685001373291016,33.939998626708984,34.314998626708984,22.99860191345215,37649600
2016-11-02,33.9900016784668,34.11000061035156,33.5,33.935001373291016,22.743921279907227,45966000
2016-11-03,33.935001373291016,34.130001068115234,33.75,34.06999969482422,22.834400177001953,25496200
2016-11-04,33.900001525878906,34.22999954223633,33.68000030517578,33.8849983215332,22.710411071777344,35108200
2016-11-07,34.27000045776367,34.6349983215332,34.27000045776367,34.6150016784668,23.199670791625977,29599000
2016-11-08,34.44499969482422,34.85499954223633,34.39500045776367,34.65999984741211,23.22983169555664,22417400
2016-11-09,34.779998779296875,35.48500061035156,34.375,35.224998474121094,23.608505249023438,51987600
2016-11-10,35.20000076293945,35.63999938964844,35.08000183105469,35.375,23.709043502807617,41269600
2016-11-11,35.165000915527344,35.23500061035156,34.44499969482422,34.72999954223633,23.276744842529297,35319400
2016-11-14,34.60499954223633,34.959999084472656,34.415000915527344,34.92499923706055,23.407434463500977,25144000
2016-11-15,35.22999954223633,35.93000030517578,35.20000076293945,35.90999984741211,24.067607879638672,38457400
2016-11-16,35.83000183105469,36.06999969482422,35.54999923706055,35.65999984741211,23.900049209594727,33218200
2016-11-17,35.959999084472656,36.19499969482422,35.33000183105469,35.41999816894531,23.739198684692383,20676000
2016-11-18,35.54499816894531,35.76499938964844,35.3650016784668,35.564998626708984,23.836376190185547,23924600
2016-11-21,36.064998626708984,36.45000076293945,36.064998626708984,36.40999984741211,24.402713775634766,33750800
2016-11-22,36.41999816894531,36.599998474121094,35.95000076293945,36.38999938964844,24.389305114746094,32026400
2016-11-23,36.21500015258789,36.654998779296875,36.17499923706055,36.540000915527344,24.489845275878906,22924000
2016-11-25,36.3849983215332,36.46500015258789,36.18000030517578,36.36000061035156,24.369205474853516,17583600
2016-11-28,36.53499984741211,36.54499816894531,35.790000915527344,35.85499954223633,24.030738830566406,37580200
2016-11-29,35.310001373291016,35.630001068115234,35.03499984741211,35.415000915527344,23.735837936401367,36723400
2016-11-30,36.64500045776367,37.560001373291016,36.64500045776367,37.21500015258789,24.942241668701172,89709600
2016-12-01,37.904998779296875,38.029998779296875,37.275001525878906,37.30500030517578,25.0025634765625,54764800
2016-12-02,37.28499984741211,37.59000015258789,37.18000030517578,37.415000915527344,25.076290130615234,36677600
2016-12-05,37.755001068115234,38.04999923706055,37.595001220703125,37.744998931884766,25.297460556030273,45070200
2016-12-06,37.51499938964844,37.82500076293945,37.290000915527344,37.67499923706055,25.250537872314453,33927000
2016-12-07,37.59000015258789,38.029998779296875,37.59000015258789,37.974998474121094,25.451608657836914,32016600
2016-12-08,38.07500076293945,38.22999954223633,37.779998779296875,38.18000030517578,25.589000701904297,29200400
2016-12-09,38.380001068115234,38.380001068115234,38.08000183105469,38.29999923706055,25.669431686401367,17949600
2016-12-12,39.150001525878906,39.224998474121094,38.31999969482422,38.47999954223633,25.79006576538086,32260400
2016-12-13,38.77000045776367,39.19499969482422,38.415000915527344,38.915000915527344,26.08161163330078,32057200
2016-12-14,38.72999954223633,38.8849983215332,38.029998779296875,38.1349983215332,25.558847427368164,39702800
2016-12-15,37.974998474121094,38.36000061035156,37.7599983215332,38.220001220703125,25.615812301635742,40503600
2016-12-16,38.290000915527344,38.290000915527344,38.060001373291016,38.255001068115234,25.774818420410156,35729800
2016-12-19,38.21500015258789,38.28499984741211,38.005001068115234,38.08000183105469,25.65690803527832,14226400
2016-12-20,38.275001525878906,38.32500076293945,37.88999938964844,37.994998931884766,25.599639892578125,17964200
2016-12-21,38.07500076293945,38.22999954223633,37.8650016784668,38.05500030517578,25.64006996154785,16205400
2016-12-22,38.08000183105469,38.310001373291016,38.005001068115234,38.209999084472656,25.74449920654297,21940800
2016-12-23,38.150001525878906,38.255001068115234,38.09000015258789,38.17499923706055,25.720914840698242,12796200
2016-12-27,38.23500061035156,38.38999938964844,38.20000076293945,38.2599983215332,25.778186798095703,20017800
2016-12-28,38.345001220703125,38.36000061035156,37.814998626708984,37.845001220703125,25.498577117919922,16187400
2016-12-29,37.790000915527344,37.900001525878906,37.6349983215332,37.77000045776367,25.448047637939453,13394800
2016-12-30,37.73500061035156,37.94499969482422,37.540000915527344,37.65999984741211,25.37393569946289,17706600
2017-01-03,38.05500030517578,38.404998779296875,37.68000030517578,38.084999084472656,25.6602840423584,49246200
2017-01-04,38.1150016784668,38.185001373291016,37.880001068115234,38.005001068115234,25.60638427734375,22371000
2017-01-05,38.029998779296875,38.16999816894531,37.72999954223633,37.90999984741211,25.54237174987793,22282400
2017-01-06,38.029998779296875,38.07500076293945,37.69499969482422,37.94499969482422,25.565956115722656,14821000
2017-01-09,37.69499969482422,37.72999954223633,37.34000015258789,37.39500045776367,25.19538688659668,21921800
2017-01-10,37.3650016784668,37.45000076293945,37.025001525878906,37.05500030517578,24.966306686401367,19321600
2017-01-11,37.185001373291016,37.525001525878906,37.029998779296875,37.45500183105469,25.235815048217773,26254000
2017-01-12,37.665000915527344,37.70500183105469,37.150001525878906,37.29999923706055,25.13137435913086,21791200
2017-01-13,37.25,37.33000183105469,37.095001220703125,37.189998626708984,25.057262420654297,19813400
2017-01-17,37.30500030517578,37.5099983215332,37.275001525878906,37.41999816894531,25.212221145629883,19566000
2017-01-18,37.21500015258789,37.435001373291016,37.16999816894531,37.334999084472656,25.154958724975586,17450400
2017-01-19,37.334999084472656,37.349998474121094,37.040000915527344,37.130001068115234,25.0168399810791,18001800
2017-01-20,37.369998931884766,37.494998931884766,37.14500045776367,37.27000045776367,25.111169815063477,18364400
2017-01-23,37.099998474121094,37.17499923706055,36.69499969482422,36.875,24.84503173828125,30414000
2017-01-24,37.02000045776367,37.439998626708984,36.95000076293945,37.279998779296875,25.11789894104004,23714400
2017-01-25,37.290000915527344,37.59000015258789,37.279998779296875,37.474998474121094,25.249284744262695,18820600
2017-01-26,37.595001220703125,37.654998779296875,37.42499923706055,37.505001068115234,25.269498825073242,17303400
2017-01-27,37.275001525878906,37.314998626708984,37.005001068115234,37.1150016784668,25.00673484802246,19901800
2017-01-30,36.94499969482422,36.96500015258789,36.18000030517578,36.435001373291016,24.54857635498047,26572800
2017-01-31,36.45500183105469,36.5099983215332,36.064998626708984,36.45000076293945,24.55867576599121,28014800
2017-02-01,36.64500045776367,36.69499969482422,35.95500183105469,36.18000030517578,24.37676239013672,36848600
2017-02-02,36.2400016784668,36.45000076293945,35.95000076293945,36.3849983215332,24.514881134033203,25760200
2017-02-03,36.529998779296875,36.88999938964844,36.314998626708984,36.70000076293945,24.727123260498047,23657200
2017-02-06,36.70000076293945,36.82500076293945,36.28499984741211,36.38999938964844,24.518251419067383,21043400
2017-02-07,36.22999954223633,36.400001525878906,35.685001373291016,35.875,24.171266555786133,28315600
2017-02-08,35.875,36.040000915527344,35.32500076293945,35.959999084472656,24.228532791137695,32296800
2017-02-09,36.17499923706055,36.474998474121094,36.17499923706055,36.3650016784668,24.50141143798828,18523200
2017-02-10,36.654998779296875,36.845001220703125,36.529998779296875,36.63999938964844,24.68669319152832,20810800
2017-02-13,36.564998626708984,36.724998474121094,36.494998931884766,36.709999084472656,24.733854293823242,15969800
2017-02-14,36.814998626708984,36.845001220703125,36.369998931884766,36.83000183105469,24.814706802368164,21543400
2017-02-15,36.720001220703125,36.880001068115234,36.564998626708984,36.685001373291016,24.717018127441406,17853200
2017-02-16,36.720001220703125,36.77000045776367,36.130001068115234,36.185001373291016,24.3801326751709,22750800
2017-02-17,36.0,36.10499954223633,35.869998931884766,35.98500061035156,24.245380401611328,23290000
2017-02-21,36.32500076293945,36.42499923706055,36.17499923706055,36.22999954223633,24.410446166992188,23605000
2017-02-22,36.060001373291016,36.099998474121094,35.654998779296875,35.68000030517578,24.03987693786621,23078800
2017-02-23,36.08000183105469,36.13999938964844,35.60499954223633,35.83000183105469,24.140949249267578,34780200
2017-02-24,35.56999969482422,35.70500183105469,35.314998626708984,35.494998931884766,23.915233612060547,27995200
2017-02-27,35.529998779296875,35.95500183105469,35.470001220703125,35.79999923706055,24.12073516845703,47372800
2017-02-28,35.69499969482422,35.86000061035156,35.59000015258789,35.689998626708984,24.04661750793457,28036800
2017-03-01,36.02000045776367,36.56999969482422,35.994998931884766,36.404998779296875,24.52836036682129,37995200
2017-03-02,36.224998474121094,36.404998779296875,36.04499816894531,36.060001373291016,24.29590606689453,21540600
2017-03-03,36.119998931884766,36.255001068115234,35.915000915527344,35.994998931884766,24.252113342285156,22333000
2017-03-06,35.935001373291016,36.125,35.79499816894531,36.07500076293945,24.306018829345703,16749400
2017-03-07,36.20500183105469,36.21500015258789,35.709999084472656,35.755001068115234,24.09041404724121,22923600
2017-03-08,35.61000061035156,35.81999969482422,34.810001373291016,34.82500076293945,23.463817596435547,51132400
2017-03-09,34.650001525878906,35.07500076293945,34.44499969482422,35.05500030517578,23.618783950805664,55541400
2017-03-10,35.279998779296875,35.32500076293945,34.79999923706055,35.005001068115234,23.585094451904297,34958600
2017-03-13,34.970001220703125,35.18000030517578,34.88999938964844,35.0099983215332,23.588457107543945,26157600
2017-03-14,34.7400016784668,34.744998931884766,34.310001373291016,34.6150016784668,23.32231903076172,52769600
2017-03-15,34.90999984741211,35.46500015258789,34.7400016784668,35.3849983215332,23.841115951538086,46410000
2017-03-16,35.459999084472656,35.459999084472656,35.03499984741211,35.1349983215332,23.672679901123047,32555000
2017-03-17,35.06999969482422,35.14500045776367,34.900001525878906,34.900001525878906,23.65540313720703,28487800
2017-03-20,34.78499984741211,34.92499923706055,34.57500076293945,34.849998474121094,23.621501922607422,24437400
2017-03-21,35.01499938964844,35.040000915527344,34.474998474121094,34.60499954223633,23.455442428588867,33434400
2017-03-22,34.5,34.71500015258789,34.36000061035156,34.55500030517578,23.421550750732422,24839200
2017-03-23,34.45500183105469,34.709999084472656,34.380001068115234,34.415000915527344,23.3266658782959,23600800
2017-03-24,34.46500015258789,34.540000915527344,34.21500015258789,34.279998779296875,23.23515510559082,20885000
2017-03-27,33.95500183105469,34.21500015258789,33.93000030517578,34.119998931884766,23.126707077026367,22982600
2017-03-28,34.16999816894531,34.689998626708984,34.09000015258789,34.60499954223633,23.455442428588867,55845200
2017-03-29,34.599998474121094,35.13999938964844,34.505001068115234,35.08000183105469,23.777400970458984,37150400
2017-03-30,35.29999923706055,35.3849983215332,34.97999954223633,35.06999969482422,23.77062225341797,31824600
2017-03-31,34.95500183105469,35.16999816894531,34.790000915527344,34.95000076293945,23.689287185668945,39722400
2017-04-03,35.005001068115234,35.029998779296875,34.540000915527344,34.88999938964844,23.648624420166016,26266600
2017-04-04,34.96500015258789,35.17499923706055,34.630001068115234,35.14500045776367,23.821462631225586,25948000
2017-04-05,35.439998626708984,35.744998931884766,34.98500061035156,35.03499984741211,23.74690055847168,45467400
2017-04-06,35.17499923706055,35.415000915527344,35.08000183105469,35.314998626708984,23.936683654785156,26249400
2017-04-07,35.334999084472656,35.43000030517578,35.125,35.18000030517578,23.84518051147461,25160600
2017-04-10,35.375,35.60499954223633,35.29999923706055,35.44499969482422,24.024803161621094,21641800
2017-04-11,35.5,35.51499938964844,35.06999969482422,35.45000076293945,24.028188705444336,27783000
2017-04-12,35.48500061035156,35.709999084472656,35.189998626708984,35.29999923706055,23.926517486572266,22907200
2017-04-13,35.27000045776367,35.29499816894531,34.57500076293945,34.654998779296875,23.48933982849121,35312000
2017-04-17,34.64500045776367,34.76499938964844,34.560001373291016,34.72999954223633,23.54017448425293,16024400
2017-04-18,34.57500076293945,34.80500030517578,34.334999084472656,34.404998779296875,23.31987953186035,29500600
2017-04-19,34.4900016784668,34.55500030517578,33.810001373291016,33.900001525878906,22.97759246826172,36250800
2017-04-20,34.0,34.314998626708984,33.96500015258789,34.064998626708984,23.089426040649414,32470800
2017-04-21,33.91999816894531,34.064998626708984,33.724998474121094,33.89500045776367,22.97420883178711,28232200
2017-04-24,34.14500045776367,34.23500061035156,33.9900016784668,34.095001220703125,23.109766006469727,26701400
2017-04-25,34.18000030517578,34.46500015258789,34.07500076293945,34.3849983215332,23.306331634521484,31182000
2017-04-26,34.224998474121094,34.73500061035156,34.209999084472656,34.27000045776367,23.228374481201172,37475200
2017-04-27,34.005001068115234,34.040000915527344,33.55500030517578,33.89500045776367,22.97420883178711,41095400
2017-04-28,34.185001373291016,34.244998931884766,33.869998931884766,33.91999816894531,22.99114418029785,28852000
2017-05-01,33.90999984741211,34.005001068115234,33.75,33.82500076293945,22.9267635345459,18838800
2017-05-02,33.89500045776367,34.005001068115234,33.51499938964844,33.654998779296875,22.8115291595459,32871200
2017-05-03,33.58000183105469,33.90999984741211,33.48500061035156,33.75,22.87591552734375,33869600
2017-05-04,33.51499938964844,33.55500030517578,32.915000915527344,33.130001068115234,22.455677032470703,67889000
2017-05-05,33.150001525878906,33.709999084472656,33.1349983215332,33.654998779296875,22.8115291595459,37487600
2017-05-08,33.650001525878906,33.95500183105469,33.619998931884766,33.89500045776367,22.97420883178711,37897400
2017-05-09,33.96500015258789,33.96500015258789,33.51499938964844,33.6150016784668,22.784425735473633,21439400
2017-05-10,33.810001373291016,34.220001220703125,33.779998779296875,34.060001373291016,23.086036682128906,36518400
2017-05-11,34.18000030517578,34.2400016784668,33.939998626708984,33.9900016784668,23.038591384887695,23937400
2017-05-12,33.96500015258789,34.029998779296875,33.775001525878906,33.875,22.960641860961914,21417200
2017-05-15,34.380001068115234,34.435001373291016,34.029998779296875,34.13999938964844,23.1402587890625,26413800
2017-05-16,34.29999923706055,34.29999923706055,33.849998474121094,33.970001220703125,23.025033950805664,23386800
2017-05-17,33.77000045776367,34.060001373291016,33.619998931884766,33.6349983215332,22.797971725463867,31213600
2017-05-18,33.48500061035156,33.790000915527344,33.36000061035156,33.625,22.791194915771484,28230000
2017-05-19,33.790000915527344,34.11000061035156,33.709999084472656,34.040000915527344,23.072484970092773,31249000
2017-05-22,34.220001220703125,34.2400016784668,33.845001220703125,33.96500015258789,23.021652221679688,20678400
2017-05-23,34.05500030517578,34.09000015258789,33.8650016784668,34.04499816894531,23.075870513916016,18173600
2017-05-24,34.005001068115234,34.11000061035156,33.709999084472656,33.8650016784668,22.9538631439209,26961400
2017-05-25,33.779998779296875,34.1150016784668,33.130001068115234,33.25,22.537019729614258,46658400
2017-05-26,33.25,33.334999084472656,33.09000015258789,33.30500030517578,22.574298858642578,26398200
2017-05-30,33.130001068115234,33.130001068115234,32.845001220703125,32.86000061035156,22.272668838500977,29058200
2017-05-31,32.599998474121094,32.81999969482422,32.54999923706055,32.720001220703125,22.177776336669922,32186000
2017-06-01,32.73500061035156,33.04499816894531,32.630001068115234,32.92499923706055,22.31673240661621,35967400
2017-06-02,32.775001525878906,32.78499984741211,32.404998779296875,32.54499816894531,22.059165954589844,33085000
2017-06-05,32.44499969482422,32.724998474121094,32.435001373291016,32.60499954223633,22.099834442138672,25105000
2017-06-06,32.584999084472656,33.04499816894531,32.5099983215332,32.9900016784668,22.36079216003418,29670600
2017-06-07,32.85499954223633,33.01499938964844,32.29999923706055,32.525001525878906,22.045610427856445,45884200
2017-06-08,32.369998931884766,32.66999816894531,32.36000061035156,32.43000030517578,21.981218338012695,39138600
2017-06-09,32.505001068115234,33.31999969482422,32.5,33.209999084472656,22.509910583496094,46368400
2017-06-12,33.505001068115234,33.775001525878906,33.375,33.44499969482422,22.669185638427734,45848800
2017-06-13,33.54499816894531,33.7400016784668,33.3849983215332,33.69499969482422,22.838642120361328,31615800
2017-06-14,33.60499954223633,33.60499954223633,32.83000183105469,33.084999084472656,22.425174713134766,60560400
2017-06-15,32.935001373291016,33.099998474121094,32.689998626708984,32.834999084472656,22.25572395324707,38517800
2017-06-16,32.80500030517578,33.165000915527344,32.595001220703125,33.150001525878906,22.62392234802246,49242000
2017-06-19,33.07500076293945,33.14500045776367,32.85499954223633,32.939998626708984,22.480602264404297,31356800
2017-06-20,32.560001373291016,32.61000061035156,32.154998779296875,32.52000045776367,22.1939697265625,32126800
2017-06-21,32.41999816894531,32.61000061035156,31.81999969482422,31.9950008392334,21.835668563842773,54611000
2017-06-22,32.0099983215332,32.25,31.844999313354492,31.975000381469727,21.822017669677734,30863200
2017-06-23,31.979999542236328,32.224998474121094,31.889999389648438,32.189998626708984,21.968751907348633,29111000
2017-06-26,32.290000915527344,32.349998474121094,31.989999771118164,32.119998931884766,21.92098045349121,27206800
2017-06-27,32.23500061035156,32.380001068115234,32.064998626708984,32.06999969482422,21.88684844970703,28455000
2017-06-28,32.11000061035156,32.439998626708984,32.09000015258789,32.244998931884766,22.00628662109375,33719800
2017-06-29,32.34000015258789,32.66999816894531,32.244998931884766,32.314998626708984,22.05405616760254,38044800
2017-06-30,32.54999923706055,32.61000061035156,32.25,32.459999084472656,22.15300941467285,39286400
2017-07-03,32.57500076293945,33.2400016784668,32.540000915527344,33.084999084472656,22.579551696777344,36805600
2017-07-05,32.91999816894531,32.95000076293945,32.290000915527344,32.415000915527344,22.122304916381836,41976400
2017-07-06,32.470001220703125,32.564998626708984,31.985000610351562,32.05500030517578,21.876611709594727,41367200
2017-07-07,31.950000762939453,32.04999923706055,31.645000457763672,32.005001068115234,21.84248924255371,32073400
2017-07-10,31.959999084472656,32.185001373291016,31.889999389648438,32.11000061035156,21.91415786743164,28307600
2017-07-11,32.165000915527344,32.400001525878906,31.96500015258789,32.28499984741211,22.033584594726562,23799600
2017-07-12,32.60499954223633,32.685001373291016,32.23500061035156,32.375,22.095003128051758,29637200
2017-07-13,32.400001525878906,32.529998779296875,32.220001220703125,32.505001068115234,22.183727264404297,20113600
2017-07-14,32.525001525878906,32.7599983215332,32.494998931884766,32.70000076293945,22.316808700561523,20545000
2017-07-17,32.63999938964844,32.8849983215332,32.61000061035156,32.65999984741211,22.289512634277344,24429800
2017-07-18,32.82500076293945,32.834999084472656,32.369998931884766,32.505001068115234,22.183727264404297,29913600
2017-07-19,32.470001220703125,33.0099983215332,32.44499969482422,32.97999954223633,22.507902145385742,49605400
2017-07-20,33.165000915527344,33.28499984741211,32.790000915527344,32.880001068115234,22.439651489257812,34318600
2017-07-21,32.77000045776367,32.92499923706055,32.5099983215332,32.55500030517578,22.217853546142578,26095200
2017-07-24,32.625,32.67499923706055,32.41999816894531,32.494998931884766,22.176904678344727,20866800
2017-07-25,32.8849983215332,33.13999938964844,32.810001373291016,32.904998779296875,22.456714630126953,30958600
2017-07-26,33.09000015258789,33.31999969482422,32.849998474121094,32.939998626708984,22.480602264404297,42422800
2017-07-27,32.95000076293945,33.290000915527344,32.79999923706055,33.275001525878906,22.7092342376709,31631800
2017-07-28,33.165000915527344,33.564998626708984,33.11000061035156,33.23500061035156,22.681930541992188,29530000
2017-07-31,33.244998931884766,33.5,33.154998779296875,33.310001373291016,22.733116149902344,27039000
2017-08-01,33.33000183105469,33.494998931884766,33.15999984741211,33.30500030517578,22.72970199584961,25337400
2017-08-02,33.1349983215332,33.314998626708984,32.84000015258789,33.18000030517578,22.644397735595703,30237000
2017-08-03,33.125,33.18000030517578,32.56999969482422,32.71500015258789,22.327041625976562,30655600
2017-08-04,32.72999954223633,32.90999984741211,32.654998779296875,32.81999969482422,22.398704528808594,18742000
2017-08-07,32.68000030517578,32.7400016784668,32.470001220703125,32.56999969482422,22.22808837890625,22874600
2017-08-08,32.474998474121094,32.779998779296875,32.400001525878906,32.494998931884766,22.176904678344727,20858200
2017-08-09,32.54499816894531,32.72999954223633,32.404998779296875,32.525001525878906,22.197376251220703,20875800
2017-08-10,32.58000183105469,32.6349983215332,32.125,32.18000030517578,21.961925506591797,30524200
2017-08-11,32.08000183105469,32.2599983215332,31.940000534057617,31.969999313354492,21.818605422973633,31981800
2017-08-14,32.029998779296875,32.16999816894531,31.834999084472656,31.875,21.75377082824707,22813400
2017-08-15,31.924999237060547,31.924999237060547,31.56999969482422,31.7549991607666,21.671875,25451200
2017-08-16,31.764999389648438,31.854999542236328,31.385000228881836,31.450000762939453,21.463722229003906,33166600
2017-08-17,31.325000762939453,31.44499969482422,30.9950008392334,31.0049991607666,21.16002082824707,29593800
2017-08-18,30.924999237060547,31.3700008392334,30.905000686645508,31.15999984741211,21.265804290771484,37265400
2017-08-21,31.114999771118164,31.1299991607666,30.899999618530273,31.0,21.156606674194336,20750400
2017-08-22,31.084999084472656,31.274999618530273,31.065000534057617,31.204999923706055,21.29651641845703,30343600
2017-08-23,31.139999389648438,31.5,31.110000610351562,31.34000015258789,21.38865089416504,23052000
2017-08-24,31.229999542236328,31.434999465942383,31.219999313354492,31.360000610351562,21.402299880981445,20781000
2017-08-25,31.420000076293945,31.625,31.40999984741211,31.5,21.497844696044922,16440400
2017-08-28,31.514999389648438,31.6200008392334,31.190000534057617,31.360000610351562,21.402299880981445,19912000
2017-08-29,31.209999084472656,31.360000610351562,31.09000015258789,31.31999969482422,21.375001907348633,17454200
2017-08-30,31.200000762939453,31.43000030517578,31.110000610351562,31.334999084472656,21.385238647460938,17328800
2017-08-31,31.469999313354492,31.565000534057617,31.364999771118164,31.485000610351562,21.48760223388672,20667400
2017-09-01,31.53499984741211,31.895000457763672,31.454999923706055,31.790000915527344,21.695756912231445,23191000
2017-09-05,31.920000076293945,32.119998931884766,31.739999771118164,31.96500015258789,21.81519317626953,36229600
2017-09-06,32.125,32.57500076293945,32.11000061035156,32.48500061035156,22.170082092285156,34104200
2017-09-07,32.5,32.625,32.33000183105469,32.54499816894531,22.211023330688477,17280600
2017-09-08,32.474998474121094,32.494998931884766,32.04999923706055,32.20000076293945,21.975576400756836,20529400
2017-09-11,32.32500076293945,32.54999923706055,32.25,32.505001068115234,22.183727264404297,27102200
2017-09-12,32.599998474121094,32.775001525878906,32.51499938964844,32.70500183105469,22.320222854614258,18819400
2017-09-13,32.775001525878906,33.1349983215332,32.7400016784668,33.1150016784668,22.60003662109375,31786600
2017-09-14,33.18000030517578,33.5,33.17499923706055,33.275001525878906,22.7092342376709,29166800
2017-09-15,32.90999984741211,32.91999816894531,32.70000076293945,32.91999816894531,22.762815475463867,26136200
2017-09-18,32.845001220703125,33.08000183105469,32.81999969482422,33.060001373291016,22.85962677001953,25167000
2017-09-19,33.130001068115234,33.244998931884766,33.064998626708984,33.19499969482422,22.952974319458008,21008600
2017-09-20,33.290000915527344,33.5099983215332,33.2599983215332,33.41999816894531,23.10854148864746,36547600
2017-09-21,33.375,33.51499938964844,33.279998779296875,33.43000030517578,23.11546516418457,17748200
2017-09-22,33.400001525878906,33.69499969482422,33.3650016784668,33.599998474121094,23.23300552368164,29295800
2017-09-25,33.755001068115234,34.185001373291016,33.720001220703125,34.084999084472656,23.56836700439453,29667600
2017-09-26,34.0,34.1349983215332,33.904998779296875,34.06999969482422,23.557994842529297,21421400
2017-09-27,34.099998474121094,34.224998474121094,33.90999984741211,34.21500015258789,23.658260345458984,21836400
2017-09-28,34.290000915527344,34.45000076293945,34.150001525878906,34.244998931884766,23.67900276184082,23599800
2017-09-29,34.125,34.244998931884766,34.01499938964844,34.2400016784668,23.675546646118164,28575000
2017-10-02,33.875,34.2400016784668,33.744998931884766,34.22999954223633,23.66863441467285,24833600
2017-10-03,34.185001373291016,34.310001373291016,34.119998931884766,34.19499969482422,23.64443016052246,14479600
2017-10-04,34.19499969482422,34.29499816894531,34.04999923706055,34.16999816894531,23.627138137817383,20395200
2017-10-05,34.19499969482422,34.380001068115234,34.17499923706055,34.32500076293945,23.734317779541016,20323600
2017-10-06,34.0,34.189998626708984,33.91999816894531,34.03499984741211,23.533798217773438,23926600
2017-10-09,34.07500076293945,34.209999084472656,34.03499984741211,34.10499954223633,23.58220100402832,11528200
2017-10-10,34.345001220703125,34.46500015258789,34.099998474121094,34.1349983215332,23.602933883666992,15527400
2017-10-11,34.095001220703125,34.23500061035156,33.95500183105469,34.21500015258789,23.658260345458984,20574000
2017-10-12,33.95500183105469,34.1349983215332,33.900001525878906,34.09000015258789,23.571826934814453,20362200
2017-10-13,34.290000915527344,34.38999938964844,34.04999923706055,34.06999969482422,23.557994842529297,17787400
2017-10-16,34.17499923706055,34.345001220703125,34.07500076293945,34.14500045776367,23.6098575592041,15333800
2017-10-17,34.1349983215332,34.23500061035156,33.97999954223633,34.165000915527344,23.623689651489258,16754200
2017-10-18,34.13999938964844,34.279998779296875,33.8849983215332,33.92499923706055,23.457731246948242,15412600
2017-10-19,33.689998626708984,33.959999084472656,33.67499923706055,33.81999969482422,23.385135650634766,15183800
2017-10-20,33.89500045776367,33.904998779296875,33.65999984741211,33.8849983215332,23.43007469177246,19640400
2017-10-23,33.90999984741211,34.02000045776367,33.68000030517578,33.709999084472656,23.309078216552734,17310600
2017-10-24,33.83000183105469,33.92499923706055,33.70500183105469,33.775001525878906,23.35401725769043,19640400
2017-10-25,33.71500015258789,33.814998626708984,33.435001373291016,33.540000915527344,23.19152069091797,27045400
2017-10-26,33.55500030517578,33.720001220703125,33.40999984741211,33.61000061035156,23.239927291870117,18724400
2017-10-27,33.435001373291016,33.849998474121094,33.16999816894531,33.66999816894531,23.281414031982422,32376000
2017-10-30,33.435001373291016,33.939998626708984,33.435001373291016,33.845001220703125,23.402421951293945,23229600
2017-10-31,33.86000061035156,34.08000183105469,33.709999084472656,33.95500183105469,23.478479385375977,19298000
2017-11-01,34.15999984741211,34.5,34.14500045776367,34.34000015258789,23.744686126708984,34612600
2017-11-02,34.34000015258789,34.435001373291016,34.03499984741211,34.2400016784668,23.675546646118164,22656600
2017-11-03,34.224998474121094,34.474998474121094,34.189998626708984,34.34000015258789,23.744686126708984,22223800
2017-11-06,34.494998931884766,35.16999816894531,34.435001373291016,35.125,24.2874813079834,38200000
2017-11-07,35.185001373291016,35.23500061035156,34.89500045776367,35.08000183105469,24.25636863708496,26820600
2017-11-08,34.994998931884766,35.084999084472656,34.71500015258789,34.90999984741211,24.138813018798828,28493200
2017-11-09,34.775001525878906,35.07500076293945,34.724998474121094,35.01499938964844,24.21141815185547,25977800
2017-11-10,34.95500183105469,34.98500061035156,34.564998626708984,34.83000183105469,24.08350944519043,21068400
2017-11-13,34.73500061035156,34.8650016784668,34.59000015258789,34.630001068115234,23.945213317871094,14979600
2017-11-14,34.5,34.5,34.029998779296875,34.06999969482422,23.557994842529297,33055400
2017-11-15,33.76499938964844,33.834999084472656,33.54499816894531,33.685001373291016,23.291784286499023,35386200
2017-11-16,33.58000183105469,33.70000076293945,33.45500183105469,33.54999923706055,23.198436737060547,25028000
2017-11-17,33.6150016784668,33.78499984741211,33.529998779296875,33.71500015258789,23.312528610229492,18344800
2017-11-20,33.67499923706055,33.70500183105469,33.48500061035156,33.6349983215332,23.257217407226562,15570600
2017-11-21,33.76499938964844,33.900001525878906,33.63999938964844,33.709999084472656,23.309078216552734,16928800
2017-11-22,33.90999984741211,33.97999954223633,33.82500076293945,33.845001220703125,23.402421951293945,18615000
2017-11-24,33.97999954223633,34.04999923706055,33.935001373291016,33.939998626708984,23.468109130859375,9981400
2017-11-27,33.79499816894531,33.834999084472656,33.525001525878906,33.595001220703125,23.22955322265625,21191600
2017-11-28,33.630001068115234,33.904998779296875,33.59000015258789,33.85499954223633,23.40933609008789,24226600
2017-11-29,33.84000015258789,34.10499954223633,33.77000045776367,34.040000915527344,23.537250518798828,27198600
2017-11-30,34.119998931884766,34.6150016784668,34.119998931884766,34.54999923706055,23.889892578125,44607200
2017-12-01,34.79499816894531,35.08000183105469,34.470001220703125,34.84000015258789,24.090425491333008,42376600
2017-12-04,35.1349983215332,35.375,34.71500015258789,34.82500076293945,24.08005142211914,27151800
2017-12-05,34.82500076293945,34.95000076293945,34.6349983215332,34.67499923706055,23.9763240814209,21379600
2017-12-06,34.57500076293945,34.6349983215332,34.17499923706055,34.224998474121094,23.6651668548584,24122400
2017-12-07,34.189998626708984,34.3849983215332,34.15999984741211,34.32500076293945,23.734317779541016,17280000
2017-12-08,34.5,34.654998779296875,33.345001220703125,34.63999938964844,23.952123641967773,21393400
2017-12-11,34.70500183105469,35.06999969482422,34.685001373291016,34.88999938964844,24.1249942779541,22633400
2017-12-12,34.79499816894531,35.064998626708984,34.75,34.79499816894531,24.059295654296875,23516400
2017-12-13,34.79499816894531,34.875,34.64500045776367,34.744998931884766,24.024730682373047,18432000
2017-12-14,34.6150016784668,34.8650016784668,34.60499954223633,34.619998931884766,23.938297271728516,23565600
2017-12-15,34.6349983215332,34.6349983215332,34.314998626708984,34.36000061035156,23.916723251342773,20306800
2017-12-18,34.44499969482422,34.79999923706055,34.435001373291016,34.625,24.101173400878906,19321400
2017-12-19,34.78499984741211,34.875,34.595001220703125,34.67499923706055,24.13597869873047,13528400
2017-12-20,34.790000915527344,35.224998474121094,34.685001373291016,35.165000915527344,24.477048873901367,24509000
2017-12-21,35.18000030517578,36.01499938964844,35.14500045776367,35.90999984741211,24.995615005493164,33606200
2017-12-22,35.95000076293945,36.130001068115234,35.79999923706055,35.98500061035156,25.04782485961914,21321600
2017-12-26,36.1150016784668,36.36000061035156,36.040000915527344,36.29999923706055,25.267078399658203,17262200
2017-12-27,36.30500030517578,36.31999969482422,36.10499954223633,36.18000030517578,25.183557510375977,21710600
2017-12-28,36.17499923706055,36.23500061035156,36.11000061035156,36.23500061035156,25.221837997436523,15933600
2017-12-29,36.33000183105469,36.349998474121094,36.06999969482422,36.130001068115234,25.148754119873047,14712800
2018-01-02,36.310001373291016,36.76499938964844,36.19499969482422,36.724998474121094,25.562908172607422,29782800
2018-01-03,36.79999923706055,37.369998931884766,36.7599983215332,37.275001525878906,25.945743560791016,38599200
2018-01-04,37.25,37.525001525878906,37.1150016784668,37.5,26.102352142333984,28613600
2018-01-05,37.45000076293945,37.51499938964844,37.17499923706055,37.48500061035156,26.0919189453125,28408800
2018-01-08,37.470001220703125,37.72999954223633,37.369998931884766,37.709999084472656,26.24852752685547,19558400
2018-01-09,37.78499984741211,37.79499816894531,37.55500030517578,37.6150016784668,26.18241310119629,18469000
2018-01-10,37.724998474121094,37.75,37.540000915527344,37.56999969482422,26.151079177856445,21644000
2018-01-11,37.70000076293945,38.474998474121094,37.564998626708984,38.34000015258789,26.68705177307129,36179000
2018-01-12,38.349998474121094,38.810001373291016,38.349998474121094,38.709999084472656,26.944595336914062,39638400
2018-01-16,38.79999923706055,38.82500076293945,38.150001525878906,38.220001220703125,26.603530883789062,33789800
2018-01-17,38.33000183105469,38.720001220703125,38.08000183105469,38.55500030517578,26.836708068847656,28014800
2018-01-18,38.40999984741211,38.505001068115234,38.16999816894531,38.2400016784668,26.61743927001953,23029200
2018-01-19,38.154998779296875,38.20500183105469,37.939998626708984,38.189998626708984,26.582645416259766,25925400
2018-01-22,38.2400016784668,39.029998779296875,38.22999954223633,39.01499938964844,27.156892776489258,34033400
2018-01-23,39.09000015258789,39.130001068115234,38.7599983215332,38.95500183105469,27.115129470825195,20369800
2018-01-24,39.0,39.19499969482422,38.71500015258789,38.849998474121094,27.042041778564453,25839400
2018-01-25,39.04499816894531,39.04499816894531,38.474998474121094,38.54499816894531,26.829740524291992,23436800
2018-01-26,38.630001068115234,38.81999969482422,38.54999923706055,38.755001068115234,26.975921630859375,15570600
2018-01-29,38.599998474121094,38.73500061035156,38.11000061035156,38.16999816894531,26.5687255859375,25294400
2018-01-30,37.849998474121094,37.95500183105469,37.369998931884766,37.400001525878906,26.03275489807129,45503600
2018-01-31,37.5,37.564998626708984,37.165000915527344,37.42499923706055,26.050155639648438,31450600
2018-02-01,37.474998474121094,37.834999084472656,37.26499938964844,37.810001373291016,26.318138122558594,36023200
2018-02-02,37.1150016784668,37.20500183105469,36.029998779296875,36.22999954223633,25.218355178833008,62010800
2018-02-05,35.744998931884766,36.20000076293945,34.13999938964844,34.709999084472656,24.160343170166016,69535200
2018-02-06,34.1150016784668,35.23500061035156,33.95000076293945,34.98500061035156,24.351762771606445,65630400
2018-02-07,35.095001220703125,35.53499984741211,34.39500045776367,34.400001525878906,23.944564819335938,49207400
2018-02-08,34.435001373291016,34.57500076293945,33.345001220703125,33.36000061035156,23.220661163330078,55542200
2018-02-09,33.755001068115234,33.790000915527344,32.224998474121094,33.334999084472656,23.20326042175293,70348200
2018-02-12,33.76499938964844,34.255001068115234,33.60499954223633,33.880001068115234,23.582605361938477,49913800
2018-02-13,33.70500183105469,33.8849983215332,33.505001068115234,33.7400016784668,23.48516845703125,24570000
2018-02-14,33.40999984741211,34.33000183105469,33.33000183105469,34.22999954223633,23.826234817504883,39513800
2018-02-15,34.29999923706055,34.32500076293945,33.595001220703125,34.14500045776367,23.767066955566406,32938800
2018-02-16,34.0,34.380001068115234,33.85499954223633,34.060001373291016,23.707904815673828,27582200
2018-02-20,34.130001068115234,34.380001068115234,33.720001220703125,33.875,23.57912826538086,35616200
2018-02-21,33.775001525878906,34.09000015258789,33.30500030517578,33.30500030517578,23.182373046875,25090800
2018-02-22,33.54499816894531,34.165000915527344,33.459999084472656,33.66999816894531,23.43643569946289,30660600
2018-02-23,33.834999084472656,34.42499923706055,33.775001525878906,34.400001525878906,23.944564819335938,31369600
2018-02-26,34.57500076293945,34.67499923706055,34.404998779296875,34.60499954223633,24.087255477905273,24312800
2018-02-27,34.67499923706055,34.95000076293945,34.150001525878906,34.154998779296875,23.774024963378906,26931400
2018-02-28,34.334999084472656,34.459999084472656,33.35499954223633,33.369998931884766,23.227619171142578,35244000
2018-03-01,33.334999084472656,33.845001220703125,33.08000183105469,33.31999969482422,23.192811965942383,45950000
2018-03-02,33.09000015258789,33.595001220703125,32.82500076293945,33.474998474121094,23.30069923400879,29157800
2018-03-05,33.31999969482422,33.935001373291016,33.2599983215332,33.83000183105469,23.54780387878418,25663000
2018-03-06,34.040000915527344,34.165000915527344,33.68000030517578,33.849998474121094,23.56173324584961,31355800
2018-03-07,33.48500061035156,33.84000015258789,33.279998779296875,33.595001220703125,23.38422966003418,24725200
2018-03-08,33.66999816894531,33.77000045776367,33.345001220703125,33.584999084472656,23.37727165222168,16026600
2018-03-09,33.845001220703125,34.255001068115234,33.814998626708984,34.224998474121094,23.822750091552734,22786200
2018-03-12,34.244998931884766,34.46500015258789,34.04499816894531,34.21500015258789,23.815793991088867,18972000
2018-03-13,34.31999969482422,34.474998474121094,33.83000183105469,33.970001220703125,23.645254135131836,21461800
2018-03-14,34.099998474121094,34.19499969482422,33.70000076293945,33.77000045776367,23.50604820251465,22696400
2018-03-15,33.89500045776367,34.040000915527344,33.34000015258789,33.595001220703125,23.38422966003418,24817000
2018-03-16,33.375,33.80500030517578,33.310001373291016,33.654998779296875,23.592782974243164,28685200
2018-03-19,33.54999923706055,33.595001220703125,32.94499969482422,33.1349983215332,23.228246688842773,29050000
2018-03-20,33.314998626708984,33.63999938964844,33.27000045776367,33.415000915527344,23.424541473388672,22518200
2018-03-21,33.6150016784668,34.5099983215332,33.5099983215332,34.290000915527344,24.037933349609375,32879200
2018-03-22,33.90999984741211,34.09000015258789,33.525001525878906,33.59000015258789,23.54722023010254,36967600
2018-03-23,33.7599983215332,34.150001525878906,33.310001373291016,33.3849983215332,23.40350341796875,38428600
2018-03-26,33.77000045776367,34.03499984741211,33.380001068115234,33.98500061035156,23.82412338256836,31906000
2018-03-27,34.130001068115234,34.27000045776367,33.470001220703125,33.665000915527344,23.599796295166016,27846200
2018-03-28,33.685001373291016,33.79999923706055,32.95500183105469,33.0099983215332,23.14063262939453,36457400
2018-03-29,33.154998779296875,33.84000015258789,33.150001525878906,33.70500183105469,23.627843856811523,27936200
2018-04-02,33.57500076293945,33.6349983215332,32.46500015258789,33.029998779296875,23.15464973449707,37986200
2018-04-03,33.154998779296875,33.76499938964844,32.84000015258789,33.73500061035156,23.648868560791016,28228600
2018-04-04,33.220001220703125,33.76499938964844,32.9900016784668,33.689998626708984,23.61731719970703,24981600
2018-04-05,33.775001525878906,34.5099983215332,33.775001525878906,34.29499816894531,24.041440963745117,27056800
2018-04-06,34.08000183105469,34.244998931884766,33.22999954223633,33.67499923706055,23.60680389404297,37767800
2018-04-09,33.834999084472656,34.26499938964844,33.70000076293945,33.834999084472656,23.718969345092773,21639600
2018-04-10,34.369998931884766,35.22999954223633,34.36000061035156,34.95500183105469,24.50411033630371,43684400
2018-04-11,34.900001525878906,35.400001525878906,34.85499954223633,35.31999969482422,24.759981155395508,42381800
2018-04-12,35.439998626708984,35.595001220703125,35.189998626708984,35.314998626708984,24.75647735595703,28623200
2018-04-13,35.505001068115234,35.849998474121094,35.45500183105469,35.70500183105469,25.02987289428711,26660800
2018-04-16,35.78499984741211,36.23500061035156,35.595001220703125,36.06999969482422,25.285743713378906,28048600
2018-04-17,36.165000915527344,36.375,35.959999084472656,36.209999084472656,25.38388442993164,32210600
2018-04-18,36.525001525878906,37.11000061035156,36.51499938964844,36.779998779296875,25.783472061157227,34623000
2018-04-19,36.810001373291016,37.099998474121094,36.599998474121094,36.82500076293945,25.81501579284668,36300600
2018-04-20,36.75,36.779998779296875,36.415000915527344,36.650001525878906,25.69233512878418,27380800
2018-04-23,36.53499984741211,36.880001068115234,36.334999084472656,36.875,25.850069046020508,29689200
2018-04-24,36.974998474121094,37.22999954223633,36.279998779296875,36.47999954223633,25.57316780090332,45575000
2018-04-25,36.3650016784668,36.81999969482422,36.1349983215332,36.77000045776367,25.776460647583008,26326600
2018-04-26,36.904998779296875,37.334999084472656,36.790000915527344,37.30500030517578,26.151504516601562,24433800
2018-04-27,36.92499923706055,37.095001220703125,36.76499938964844,36.90999984741211,25.874603271484375,21078600
2018-04-30,36.849998474121094,37.31999969482422,36.84000015258789,36.904998779296875,25.87109375,25926400
2018-05-01,36.720001220703125,36.744998931884766,36.21500015258789,36.68000030517578,25.713363647460938,27601800
2018-05-02,36.56999969482422,37.119998931884766,36.52000045776367,36.83000183105469,25.818517684936523,26869400
2018-05-03,36.65999984741211,36.80500030517578,36.25,36.744998931884766,25.75893211364746,30659200
2018-05-04,36.64500045776367,37.05500030517578,36.494998931884766,36.92499923706055,25.885120391845703,27171000
2018-05-07,37.21500015258789,37.78499984741211,36.900001525878906,36.974998474121094,25.920169830322266,35947400
2018-05-08,36.9900016784668,37.28499984741211,36.31999969482422,37.26499938964844,26.12346649169922,57548200
2018-05-09,37.720001220703125,38.44499969482422,37.71500015258789,38.025001525878906,26.656238555908203,49807800
2018-05-10,38.17499923706055,38.400001525878906,38.0,38.310001373291016,26.85602378845215,27780200
2018-05-11,38.39500045776367,38.625,38.279998779296875,38.3650016784668,26.89458465576172,24021400
2018-05-14,38.48500061035156,38.80500030517578,38.48500061035156,38.630001068115234,27.080358505249023,20452600
2018-05-15,38.54499816894531,38.70000076293945,38.345001220703125,38.63999938964844,27.08736228942871,20965400
2018-05-16,38.584999084472656,38.79999923706055,38.38999938964844,38.775001525878906,27.1820125579834,23994400
2018-05-17,38.900001525878906,39.415000915527344,38.880001068115234,39.36000061035156,27.592098236083984,32542600
2018-05-18,39.290000915527344,39.33000183105469,39.025001525878906,39.05500030517578,27.3782901763916,28185400
2018-05-21,39.275001525878906,39.45500183105469,39.07500076293945,39.45500183105469,27.658695220947266,23026200
2018-05-22,39.45000076293945,39.709999084472656,38.81999969482422,38.93000030517578,27.29065704345703,33166800
2018-05-23,38.70500183105469,38.95500183105469,38.3849983215332,38.92499923706055,27.287153244018555,33211600
2018-05-24,38.474998474121094,38.53499984741211,38.11000061035156,38.28499984741211,26.838502883911133,38309600
2018-05-25,37.61000061035156,37.65999984741211,36.91999816894531,37.290000915527344,26.1409912109375,64907000
2018-05-29,37.0,37.404998779296875,36.83000183105469,37.17499923706055,26.060365676879883,38655000
2018-05-30,37.494998931884766,38.470001220703125,37.47999954223633,38.29999923706055,26.849014282226562,46044400
2018-05-31,38.02000045776367,38.46500015258789,37.93000030517578,38.0099983215332,26.645719528198242,26517400
2018-06-01,38.13999938964844,38.44499969482422,37.98500061035156,38.189998626708984,26.771909713745117,28205000
2018-06-04,38.31999969482422,38.599998474121094,37.7599983215332,37.86000061035156,26.540571212768555,27378400
2018-06-05,37.67499923706055,38.060001373291016,37.59000015258789,37.77000045776367,26.477476119995117,27415800
2018-06-06,37.90999984741211,38.04999923706055,37.6150016784668,37.95000076293945,26.60366439819336,26958400
2018-06-07,38.150001525878906,38.744998931884766,38.13999938964844,38.525001525878906,27.006746292114258,30357800
2018-06-08,38.56999969482422,38.67499923706055,38.209999084472656,38.45000076293945,26.954172134399414,22473200
2018-06-11,38.439998626708984,38.82500076293945,38.36000061035156,38.650001525878906,27.094377517700195,21435600
2018-06-12,38.650001525878906,38.7400016784668,38.25,38.35499954223633,26.8875789642334,31414400
2018-06-13,38.23500061035156,38.435001373291016,38.05500030517578,38.209999084472656,26.785924911499023,25004200
2018-06-14,38.31999969482422,38.43000030517578,38.064998626708984,38.154998779296875,26.747371673583984,20582200
2018-06-15,37.68000030517578,37.755001068115234,37.005001068115234,37.084999084472656,26.172893524169922,32178800
2018-06-18,36.9900016784668,37.70500183105469,36.9900016784668,37.45500183105469,26.43401336669922,26368800
2018-06-19,37.005001068115234,37.5099983215332,36.900001525878906,37.369998931884766,26.37403678894043,25215200
2018-06-20,37.595001220703125,37.67499923706055,37.23500061035156,37.53499984741211,26.490476608276367,23311800
2018-06-21,37.27000045776367,37.290000915527344,36.665000915527344,36.84000015258789,25.999977111816406,30019600
2018-06-22,37.75,37.98500061035156,37.56999969482422,37.57500076293945,26.518705368041992,56072600
2018-06-25,37.46500015258789,37.52000045776367,36.56999969482422,36.81999969482422,25.985864639282227,36760600
2018-06-26,36.915000915527344,37.43000030517578,36.78499984741211,37.28499984741211,26.31403923034668,27047200
2018-06-27,37.595001220703125,38.255001068115234,37.58000183105469,37.78499984741211,26.666915893554688,41167800
2018-06-28,37.84000015258789,37.97999954223633,37.44499969482422,37.73500061035156,26.631628036499023,28570800
2018-06-29,37.84000015258789,38.369998931884766,37.84000015258789,37.970001220703125,26.797481536865234,26335800
2018-07-02,37.70500183105469,37.71500015258789,37.20500183105469,37.40999984741211,26.40225601196289,30593200
2018-07-03,37.79999923706055,38.22999954223633,37.55500030517578,37.64500045776367,26.568105697631836,18616400
2018-07-05,37.875,37.994998931884766,37.494998931884766,37.60499954223633,26.539880752563477,19939000
2018-07-06,37.4900016784668,37.95500183105469,37.314998626708984,37.834999084472656,26.70220184326172,18620600
2018-07-09,38.064998626708984,38.45500183105469,38.04499816894531,38.400001525878906,27.100955963134766,22118400
2018-07-10,38.6349983215332,39.0,38.59000015258789,38.685001373291016,27.302099227905273,22007200
2018-07-11,38.32500076293945,38.560001373291016,37.6150016784668,37.8650016784668,26.723379135131836,38725600
2018-07-12,37.96500015258789,38.17499923706055,37.65999984741211,37.93000030517578,26.769250869750977,25136000
2018-07-13,37.96500015258789,38.36000061035156,37.8650016784668,38.130001068115234,26.910400390625,22846200
2018-07-16,37.755001068115234,37.939998626708984,37.369998931884766,37.689998626708984,26.599868774414062,22781200
2018-07-17,37.564998626708984,37.75,37.33000183105469,37.540000915527344,26.49400520324707,19506400
2018-07-18,37.36000061035156,37.619998931884766,36.9900016784668,37.564998626708984,26.511638641357422,30703000
2018-07-19,37.46500015258789,37.73500061035156,37.42499923706055,37.57500076293945,26.518705368041992,32463600
2018-07-20,37.57500076293945,37.65999984741211,37.32500076293945,37.44499969482422,26.426952362060547,21722400
2018-07-23,37.54999923706055,37.57500076293945,37.21500015258789,37.279998779296875,26.310503005981445,15247600
2018-07-24,37.44499969482422,37.970001220703125,37.39500045776367,37.75,26.642213821411133,20337000
2018-07-25,37.79999923706055,38.15999984741211,37.6150016784668,38.064998626708984,26.864530563354492,22070600
2018-07-26,38.14500045776367,38.54999923706055,38.06999969482422,38.47999954223633,27.15740966796875,24374800
2018-07-27,38.04999923706055,38.51499938964844,38.0,38.314998626708984,27.04096221923828,25281800
2018-07-30,38.619998931884766,38.779998779296875,38.4900016784668,38.630001068115234,27.263280868530273,22790000
2018-07-31,38.70000076293945,38.80500030517578,38.470001220703125,38.560001373291016,27.21387481689453,22581000
2018-08-01,38.224998474121094,38.2400016784668,37.81999969482422,38.025001525878906,26.8362979888916,22345000
2018-08-02,37.744998931884766,37.88999938964844,37.5,37.814998626708984,26.68808937072754,19379400
2018-08-03,37.744998931884766,37.814998626708984,37.43000030517578,37.619998931884766,26.55047035217285,15326600
2018-08-06,37.72999954223633,37.939998626708984,37.505001068115234,37.7599983215332,26.64927101135254,16400200
2018-08-07,38.14500045776367,38.25,37.91999816894531,38.040000915527344,26.846881866455078,23596600
2018-08-08,37.775001525878906,37.904998779296875,37.540000915527344,37.76499938964844,26.65280532836914,18797600
2018-08-09,37.79499816894531,37.8650016784668,37.35499954223633,37.415000915527344,26.405780792236328,30465000
2018-08-10,37.33000183105469,37.64500045776367,37.255001068115234,37.64500045776367,26.568105697631836,33955400
2018-08-13,37.57500076293945,37.70500183105469,37.14500045776367,37.165000915527344,26.229345321655273,19634000
2018-08-14,37.45000076293945,37.505001068115234,37.099998474121094,37.255001068115234,26.292861938476562,20875800
2018-08-15,36.900001525878906,36.959999084472656,35.849998474121094,35.95500183105469,25.375383377075195,52800800
2018-08-16,36.130001068115234,36.41999816894531,36.11000061035156,36.21500015258789,25.558879852294922,50026600
2018-08-17,36.310001373291016,36.400001525878906,36.17499923706055,36.30500030517578,25.62239646911621,23065400
2018-08-20,36.314998626708984,36.68000030517578,36.29999923706055,36.54999923706055,25.79530143737793,16691400
2018-08-21,36.85499954223633,37.029998779296875,36.69499969482422,36.73500061035156,25.925872802734375,19018200
2018-08-22,36.96500015258789,37.290000915527344,36.939998626708984,37.17499923706055,26.236406326293945,18690800
2018-08-23,37.0,37.064998626708984,36.86000061035156,37.0,26.112899780273438,12937800
2018-08-24,37.22999954223633,37.4900016784668,37.19499969482422,37.27000045776367,26.303451538085938,15506600
2018-08-27,37.39500045776367,37.595001220703125,37.34000015258789,37.54499816894531,26.497533798217773,13969800
2018-08-28,37.6150016784668,37.77000045776367,37.36000061035156,37.3849983215332,26.384618759155273,16787000
2018-08-29,37.505001068115234,37.77000045776367,37.38999938964844,37.6150016784668,26.54693031311035,15520800
2018-08-30,37.599998474121094,37.67499923706055,37.314998626708984,37.5099983215332,26.47283172607422,18500400
2018-08-31,37.39500045776367,37.404998779296875,37.064998626708984,37.220001220703125,26.26816749572754,17819200
2018-09-04,37.38999938964844,37.41999816894531,36.9900016784668,37.13999938964844,26.211698532104492,30189400
2018-09-05,36.970001220703125,37.11000061035156,36.595001220703125,37.09000015258789,26.17641830444336,19196200
2018-09-06,36.95000076293945,37.07500076293945,36.30500030517578,36.404998779296875,25.692974090576172,28812800
2018-09-07,36.27000045776367,36.46500015258789,35.88999938964844,36.400001525878906,25.6894474029541,20268800
2018-09-10,36.584999084472656,36.73500061035156,36.375,36.3849983215332,25.67885971069336,17823400
2018-09-11,36.349998474121094,36.939998626708984,36.25,36.72999954223633,25.922346115112305,28563200
2018-09-12,37.029998779296875,37.28499984741211,36.90999984741211,36.91999816894531,26.056434631347656,25378800
2018-09-13,36.86000061035156,37.005001068115234,36.6150016784668,36.935001373291016,26.067026138305664,22074800
2018-09-14,36.939998626708984,37.27000045776367,36.92499923706055,37.130001068115234,26.204648971557617,18988600
2018-09-17,37.224998474121094,37.439998626708984,37.099998474121094,37.189998626708984,26.246992111206055,29457800
2018-09-18,37.45500183105469,37.689998626708984,37.43000030517578,37.435001373291016,26.419906616210938,20447000
2018-09-19,37.44499969482422,37.70500183105469,37.40999984741211,37.54999923706055,26.501062393188477,21823000
2018-09-20,37.709999084472656,37.85499954223633,37.51499938964844,37.560001373291016,26.508119583129883,25024800
2018-09-21,37.505001068115234,37.67499923706055,37.25,37.54999923706055,26.683284759521484,27420200
2018-09-24,37.880001068115234,38.26499938964844,37.849998474121094,38.099998474121094,27.074111938476562,25569000
2018-09-25,38.34000015258789,38.505001068115234,38.290000915527344,38.345001220703125,27.248214721679688,26055200
2018-09-26,38.11000061035156,38.310001373291016,37.90999984741211,37.974998474121094,26.985292434692383,25457200
2018-09-27,38.125,38.17499923706055,37.875,37.974998474121094,26.985292434692383,21344200
2018-09-28,37.79499816894531,38.27000045776367,37.775001525878906,37.869998931884766,26.91067886352539,29666200
2018-10-01,38.0099983215332,38.55500030517578,38.0099983215332,38.39500045776367,27.283748626708984,25425200
2018-10-02,38.4900016784668,38.564998626708984,38.16999816894531,38.435001373291016,27.312170028686523,18936800
2018-10-03,38.599998474121094,38.86000061035156,38.4900016784668,38.744998931884766,27.532455444335938,26489600
2018-10-04,38.619998931884766,38.85499954223633,38.36000061035156,38.584999084472656,27.41876792907715,30385400
2018-10-05,38.54499816894531,38.70500183105469,38.345001220703125,38.58000183105469,27.41520881652832,23966400
2018-10-08,38.29499816894531,38.61000061035156,38.14500045776367,38.54999923706055,27.393890380859375,23157200
2018-10-09,38.685001373291016,39.18000030517578,38.52000045776367,38.89500045776367,27.639057159423828,33633400
2018-10-10,38.959999084472656,39.025001525878906,37.5,37.67499923706055,26.772106170654297,52810600
2018-10-11,37.310001373291016,37.334999084472656,36.125,36.400001525878906,25.866086959838867,71184200
2018-10-12,36.7599983215332,36.869998931884766,35.94499969482422,36.5,25.93714714050293,47158000
2018-10-15,36.494998931884766,36.64500045776367,36.185001373291016,36.19499969482422,25.720413208007812,23180800
2018-10-16,36.29499816894531,36.560001373291016,36.14500045776367,36.494998931884766,25.9335880279541,29142200
2018-10-17,36.42499923706055,36.53499984741211,35.95500183105469,36.26499938964844,25.770156860351562,31608400
2018-10-18,35.93000030517578,36.41999816894531,35.85499954223633,36.084999084472656,25.64224624633789,33173400
2018-10-19,35.904998779296875,36.290000915527344,35.7400016784668,35.76499938964844,25.414840698242188,27136200
2018-10-22,35.7400016784668,35.814998626708984,35.154998779296875,35.369998931884766,25.134157180786133,24589000
2018-10-23,34.849998474121094,34.86000061035156,33.95500183105469,34.44499969482422,24.476848602294922,52955400
2018-10-24,34.61000061035156,34.619998931884766,33.07500076293945,33.084999084472656,23.510421752929688,56200400
2018-10-25,33.4900016784668,33.834999084472656,33.26499938964844,33.4900016784668,23.7982234954834,50666600
2018-10-26,33.21500015258789,33.650001525878906,32.689998626708984,33.2400016784668,23.620567321777344,51159800
2018-10-29,33.48500061035156,33.529998779296875,32.185001373291016,32.619998931884766,23.179990768432617,48919600
2018-10-30,32.599998474121094,33.45500183105469,32.45000076293945,33.375,23.71650505065918,52794800
2018-10-31,33.70000076293945,34.14500045776367,33.53499984741211,33.58000183105469,23.8621768951416,34575600
2018-11-01,33.650001525878906,34.025001525878906,33.30500030517578,33.8650016784668,24.064697265625,42951600
2018-11-02,34.2400016784668,34.4900016784668,33.439998626708984,33.779998779296875,24.00429344177246,42425000
2018-11-05,34.189998626708984,34.47999954223633,34.11000061035156,34.345001220703125,24.40578842163086,26463200
2018-11-06,34.43000030517578,34.58000183105469,34.095001220703125,34.505001068115234,24.519489288330078,26144200
2018-11-07,34.95000076293945,35.18000030517578,34.54999923706055,35.06999969482422,24.920974731445312,33325800
2018-11-08,34.90999984741211,35.185001373291016,34.185001373291016,34.310001373291016,24.38092041015625,30289800
2018-11-09,33.85499954223633,34.470001220703125,33.66999816894531,34.25,24.33827781677246,45835600
2018-11-12,34.48500061035156,34.630001068115234,33.470001220703125,33.540000915527344,23.833751678466797,36083200
2018-11-13,33.44499969482422,33.625,32.595001220703125,32.77000045776367,23.286584854125977,65463800
2018-11-14,33.279998779296875,33.404998779296875,32.415000915527344,32.71500015258789,23.247501373291016,45084200
2018-11-15,32.505001068115234,33.23500061035156,32.505001068115234,33.19499969482422,23.588590621948242,40613600
2018-11-16,33.400001525878906,33.70500183105469,33.23500061035156,33.59000015258789,23.869279861450195,39511000
2018-11-19,33.3849983215332,33.71500015258789,33.279998779296875,33.58000183105469,23.8621768951416,31167600
2018-11-20,33.13999938964844,33.220001220703125,32.22999954223633,32.47999954223633,23.080509185791016,52648800
2018-11-21,32.73500061035156,33.34000015258789,32.65999984741211,32.9900016784668,23.442920684814453,34661800
2018-11-23,32.16999816894531,32.28499984741211,31.719999313354492,31.954999923706055,22.70743751525879,28843600
2018-11-26,32.189998626708984,32.650001525878906,32.185001373291016,32.435001373291016,23.048534393310547,33365400
2018-11-27,32.27000045776367,32.58000183105469,32.15999984741211,32.345001220703125,22.984573364257812,44528600
2018-11-28,32.314998626708984,32.92499923706055,32.11000061035156,32.900001525878906,23.37896156311035,42296400
2018-11-29,32.92499923706055,33.380001068115234,32.880001068115234,33.1150016784668,23.53173828125,28828400
2018-11-30,32.82500076293945,33.150001525878906,32.65999984741211,33.05500030517578,23.489105224609375,36258000
2018-12-03,33.810001373291016,33.994998931884766,33.39500045776367,33.790000915527344,24.011404037475586,43990800
2018-12-04,33.80500030517578,33.915000915527344,32.7599983215332,32.81999969482422,23.322113037109375,36592600
2018-12-06,32.099998474121094,32.26499938964844,31.53499984741211,32.21500015258789,22.892196655273438,70712200
2018-12-07,32.83000183105469,33.314998626708984,31.979999542236328,32.03499984741211,22.76428985595703,54891400
2018-12-10,31.809999465942383,31.96500015258789,30.809999465942383,31.53499984741211,22.408985137939453,46765600
2018-12-11,32.02000045776367,32.08000183105469,31.21500015258789,31.545000076293945,22.416091918945312,34483200
2018-12-12,32.060001373291016,32.275001525878906,31.649999618530273,31.670000076293945,22.504915237426758,38534800
2018-12-13,31.594999313354492,31.969999313354492,31.454999923706055,31.770000457763672,22.575977325439453,30598000
2018-12-14,31.575000762939453,31.704999923706055,30.895000457763672,31.045000076293945,22.06078338623047,45787200
2018-12-17,30.96500015258789,31.225000381469727,30.260000228881836,30.479999542236328,21.659290313720703,41464600
2018-12-18,30.424999237060547,30.53499984741211,29.594999313354492,29.760000228881836,21.147655487060547,53234000
2018-12-19,29.915000915527344,30.479999542236328,29.165000915527344,29.40999984741211,20.898942947387695,91097800
2018-12-20,29.049999237060547,29.4950008392334,28.420000076293945,28.594999313354492,20.319807052612305,77008800
2018-12-21,28.334999084472656,28.80500030517578,27.81999969482422,28.05500030517578,20.122554779052734,74787400
2018-12-24,27.725000381469727,27.860000610351562,26.895000457763672,26.920000076293945,19.3084716796875,31211800
2018-12-26,27.18000030517578,28.600000381469727,26.68000030517578,28.594999313354492,20.509872436523438,58194000
2018-12-27,28.020000457763672,28.780000686645508,27.639999389648438,28.7450008392334,20.617456436157227,48754600
2018-12-28,28.875,29.0049991607666,28.350000381469727,28.524999618530273,20.45966339111328,38874800
2018-12-31,28.780000686645508,28.885000228881836,28.34000015258789,28.674999237060547,20.567251205444336,37410400
2019-01-02,28.219999313354492,29.434999465942383,28.075000762939453,29.239999771118164,20.972497940063477,49785200
2019-01-03,29.325000762939453,29.43000030517578,28.6200008392334,28.950000762939453,20.764495849609375,36048200
2019-01-04,29.450000762939453,30.024999618530273,29.280000686645508,29.934999465942383,21.470993041992188,42703000
2019-01-07,30.15999984741211,30.600000381469727,29.760000228881836,30.3799991607666,21.7901668548584,36113400
2019-01-08,30.80500030517578,30.875,30.450000762939453,30.614999771118164,21.958723068237305,37384600
2019-01-09,31.024999618530273,31.204999923706055,30.704999923706055,31.100000381469727,22.306589126586914,37513600
2019-01-10,30.864999771118164,31.229999542236328,30.690000534057617,31.190000534057617,22.371143341064453,38335200
2019-01-11,31.030000686645508,31.204999923706055,30.729999542236328,31.0049991607666,22.238452911376953,28211800
2019-01-14,30.709999084472656,31.05500030517578,30.665000915527344,30.93000030517578,22.184663772583008,26383400
2019-01-15,31.100000381469727,31.334999084472656,30.885000228881836,31.040000915527344,22.263559341430664,19642400
2019-01-16,31.0049991607666,31.2549991607666,30.895000457763672,31.0,22.234867095947266,25082200
2019-01-17,30.764999389648438,31.420000076293945,30.69499969482422,31.28499984741211,22.439285278320312,20349600
2019-01-18,31.655000686645508,31.94499969482422,31.469999313354492,31.920000076293945,22.894742965698242,29063600
2019-01-22,31.56999969482422,31.639999389648438,31.139999389648438,31.225000381469727,22.396255493164062,39726400
2019-01-23,31.334999084472656,31.375,30.649999618530273,30.905000686645508,22.166725158691406,46735400
2019-01-24,30.84000015258789,31.350000381469727,30.71500015258789,31.06999969482422,22.28507423400879,26098400
2019-01-25,31.334999084472656,31.65999984741211,31.28499984741211,31.46500015258789,22.568389892578125,20467200
2019-01-28,31.049999237060547,31.165000915527344,30.809999465942383,31.149999618530273,22.34245491027832,24044800
2019-01-29,31.329999923706055,31.454999923706055,31.219999313354492,31.2450008392334,22.410598754882812,23768200
2019-01-30,31.440000534057617,31.78499984741211,31.270000457763672,31.684999465942383,22.726186752319336,24233000
2019-01-31,31.735000610351562,32.040000915527344,31.649999618530273,31.889999389648438,22.873220443725586,35688400
2019-02-01,32.23500061035156,32.6349983215332,32.130001068115234,32.44499969482422,23.271297454833984,29544800
2019-02-04,32.224998474121094,32.529998779296875,31.985000610351562,32.52000045776367,23.325092315673828,20215800
2019-02-05,32.494998931884766,32.625,32.38999938964844,32.56999969482422,23.360958099365234,15705400
2019-02-06,32.415000915527344,32.505001068115234,32.29999923706055,32.33000183105469,23.18881607055664,13607600
2019-02-07,32.130001068115234,32.2400016784668,31.31999969482422,31.614999771118164,22.67598533630371,29200200
2019-02-08,31.530000686645508,31.604999542236328,30.934999465942383,31.469999313354492,22.57198143005371,21268800
2019-02-11,31.31999969482422,31.670000076293945,31.229999542236328,31.6200008392334,22.679561614990234,24994800
2019-02-12,32.04499816894531,32.20500183105469,31.649999618530273,32.02000045776367,22.966468811035156,21354600
2019-02-13,32.150001525878906,32.67499923706055,32.1150016784668,32.41999816894531,23.253358840942383,26123400
2019-02-14,32.30500030517578,32.779998779296875,32.244998931884766,32.53499984741211,23.335851669311523,20426400
2019-02-15,32.875,33.084999084472656,32.79999923706055,33.060001373291016,23.7124080657959,20367600
2019-02-19,32.89500045776367,33.28499984741211,32.845001220703125,33.15999984741211,23.784133911132812,17443200
2019-02-20,33.11000061035156,33.46500015258789,33.10499954223633,33.29999923706055,23.884552001953125,19871400
2019-02-21,33.19499969482422,33.279998779296875,32.665000915527344,32.78499984741211,23.515165328979492,23732200
2019-02-22,33.029998779296875,33.130001068115234,32.71500015258789,32.880001068115234,23.583303451538086,19896600
2019-02-25,32.775001525878906,33.04499816894531,32.744998931884766,32.935001373291016,23.622753143310547,31808800
2019-02-26,32.904998779296875,33.130001068115234,32.81999969482422,32.83000183105469,23.547439575195312,21101400
2019-02-27,32.9900016784668,33.29499816894531,32.79999923706055,32.95500183105469,23.637100219726562,20588000
2019-02-28,32.959999084472656,33.005001068115234,32.41999816894531,32.625,23.400405883789062,22498800
2019-03-01,32.79999923706055,33.22999954223633,32.79999923706055,33.224998474121094,23.830751419067383,40655800
2019-03-04,33.345001220703125,33.42499923706055,32.78499984741211,33.28499984741211,23.873794555664062,39560000
2019-03-05,33.33000183105469,33.345001220703125,32.939998626708984,33.17499923706055,23.794893264770508,31615000
2019-03-06,32.904998779296875,32.974998474121094,32.59000015258789,32.755001068115234,23.4936466217041,45381000
2019-03-07,32.775001525878906,32.79999923706055,32.43000030517578,32.560001373291016,23.35378074645996,46892400
2019-03-08,32.03499984741211,32.099998474121094,31.655000686645508,31.950000762939453,22.916255950927734,31243000
2019-03-11,32.185001373291016,32.525001525878906,32.154998779296875,32.45000076293945,23.274887084960938,26424200
2019-03-12,32.505001068115234,32.82500076293945,32.494998931884766,32.65999984741211,23.42551040649414,22026200
2019-03-13,32.8650016784668,33.005001068115234,32.72999954223633,32.9900016784668,23.66220474243164,26413600
2019-03-14,33.02000045776367,33.189998626708984,32.98500061035156,33.025001525878906,23.68731117248535,24640800
2019-03-15,32.7400016784668,32.85499954223633,32.630001068115234,32.755001068115234,23.677913665771484,24854800
2019-03-18,32.79499816894531,33.26499938964844,32.779998779296875,33.209999084472656,24.006820678710938,20135800
2019-03-19,33.375,33.54499816894531,32.98500061035156,33.119998931884766,23.941761016845703,25052000
2019-03-20,33.09000015258789,33.709999084472656,32.9900016784668,33.40999984741211,24.15139389038086,27325800
2019-03-21,33.310001373291016,33.70000076293945,33.2400016784668,33.64500045776367,24.321269989013672,35755800
2019-03-22,33.34000015258789,33.39500045776367,32.61000061035156,32.73500061035156,23.663454055786133,39949600
2019-03-25,32.595001220703125,32.80500030517578,32.435001373291016,32.75,23.67429542541504,24692600
2019-03-26,33.130001068115234,33.44499969482422,33.040000915527344,33.220001220703125,24.014047622680664,23033000
2019-03-27,33.19499969482422,33.345001220703125,32.73500061035156,32.98500061035156,23.84417724609375,19165200
2019-03-28,32.845001220703125,33.150001525878906,32.779998779296875,33.11000061035156,23.93453025817871,18298400
2019-03-29,33.43000030517578,33.5099983215332,32.95000076293945,33.060001373291016,23.898387908935547,20075200
2019-04-01,33.279998779296875,33.564998626708984,33.23500061035156,33.494998931884766,24.212844848632812,24823400
2019-04-02,33.58000183105469,33.61000061035156,33.185001373291016,33.26499938964844,24.046579360961914,22304800
2019-04-03,33.36000061035156,33.42499923706055,32.83000183105469,32.94499969482422,23.815258026123047,23979600
2019-04-04,32.96500015258789,33.244998931884766,32.80500030517578,33.220001220703125,24.014047622680664,21008600
2019-04-05,33.310001373291016,33.845001220703125,33.29499816894531,33.80500030517578,24.43692398071289,34538400
2019-04-08,33.85499954223633,34.125,33.814998626708984,33.95500183105469,24.545366287231445,21204200
2019-04-09,33.85499954223633,33.85499954223633,33.435001373291016,33.540000915527344,24.24536895751953,29083800
2019-04-10,33.6150016784668,33.81999969482422,33.57500076293945,33.665000915527344,24.335729598999023,18751200
2019-04-11,33.6349983215332,33.92499923706055,33.43000030517578,33.689998626708984,24.353801727294922,21828400
2019-04-12,34.17499923706055,34.20000076293945,33.69499969482422,33.779998779296875,24.41885757446289,30853600
2019-04-15,33.7400016784668,33.81999969482422,33.525001525878906,33.58000183105469,24.2742862701416,16601400
2019-04-16,33.70000076293945,33.849998474121094,33.58000183105469,33.79999923706055,24.43332290649414,16260400
2019-04-17,34.005001068115234,34.08000183105469,33.709999084472656,33.755001068115234,24.400789260864258,21869200
2019-04-18,33.849998474121094,33.89500045776367,33.5099983215332,33.595001220703125,24.28512191772461,19519000
2019-04-22,33.904998779296875,34.33000183105469,33.810001373291016,34.30500030517578,24.798372268676758,28329400
2019-04-23,34.33000183105469,34.404998779296875,34.025001525878906,34.25,24.75861167907715,20424400
2019-04-24,34.279998779296875,34.29999923706055,33.6349983215332,33.650001525878906,24.324888229370117,22038200
2019-04-25,33.64500045776367,33.81999969482422,33.470001220703125,33.54499816894531,24.248981475830078,24121800
2019-04-26,33.29999923706055,33.310001373291016,32.81999969482422,33.11000061035156,23.93453025817871,33676800
2019-04-29,33.119998931884766,33.2599983215332,33.01499938964844,33.08000183105469,23.9128475189209,25949000
2019-04-30,33.400001525878906,33.42499923706055,33.01499938964844,33.05500030517578,23.894773483276367,28654000
2019-05-01,33.064998626708984,33.165000915527344,32.369998931884766,32.39500045776367,23.417673110961914,44311400
2019-05-02,32.189998626708984,32.3849983215332,31.815000534057617,31.829999923706055,23.009244918823242,56066000
2019-05-03,32.130001068115234,32.380001068115234,32.05500030517578,32.125,23.222497940063477,39249000
2019-05-06,31.8799991607666,32.2599983215332,31.850000381469727,32.154998779296875,23.24418067932129,40689400
2019-05-07,31.774999618530273,31.899999618530273,31.469999313354492,31.875,23.04177474975586,30129000
2019-05-08,31.860000610351562,32.13999938964844,31.790000915527344,31.875,23.04177474975586,19647400
2019-05-09,31.725000381469727,31.9950008392334,31.454999923706055,31.875,23.04177474975586,28819000
2019-05-10,31.875,32.10499954223633,31.424999237060547,32.025001525878906,23.150205612182617,26150000
2019-05-13,31.735000610351562,31.889999389648438,31.325000762939453,31.475000381469727,22.75262451171875,28139600
2019-05-14,31.645000457763672,32.130001068115234,31.614999771118164,31.860000610351562,23.030933380126953,18484000
2019-05-15,31.68000030517578,32.095001220703125,31.594999313354492,32.025001525878906,23.150205612182617,20184600
2019-05-16,32.10499954223633,32.31999969482422,32.10499954223633,32.20000076293945,23.276708602905273,18753000
2019-05-17,31.985000610351562,32.15999984741211,31.834999084472656,31.875,23.04177474975586,21111400
2019-05-20,31.8799991607666,32.040000915527344,31.825000762939453,31.889999389648438,23.05261993408203,16372200
2019-05-21,32.025001525878906,32.349998474121094,31.985000610351562,32.2599983215332,23.320083618164062,36761000
2019-05-22,32.064998626708984,32.13999938964844,31.655000686645508,31.760000228881836,22.958646774291992,19274000
2019-05-23,31.229999542236328,31.2549991607666,30.510000228881836,30.69499969482422,22.188777923583984,47927200
2019-05-24,30.940000534057617,31.059999465942383,30.545000076293945,30.809999465942383,22.27190589904785,20306800
2019-05-28,30.829999923706055,30.885000228881836,30.44499969482422,30.489999771118164,22.040586471557617,25861200
2019-05-29,30.06999969482422,30.315000534057617,29.889999389648438,30.295000076293945,21.899625778198242,33903200
2019-05-30,30.2450008392334,30.299999237060547,29.815000534057617,29.90999984741211,21.621318817138672,30347800
2019-05-31,29.5,29.770000457763672,29.385000228881836,29.385000228881836,21.241804122924805,43797000
2019-06-03,29.584999084472656,29.905000686645508,29.540000915527344,29.760000228881836,21.51288604736328,36049400
2019-06-04,30.040000915527344,30.344999313354492,29.959999084472656,30.274999618530273,21.88516616821289,29486800
2019-06-05,30.334999084472656,30.344999313354492,29.760000228881836,29.940000534057617,21.643003463745117,31763800
2019-06-06,30.0,30.610000610351562,30.0,30.4950008392334,22.044200897216797,64787800
2019-06-07,30.59000015258789,30.829999923706055,30.514999389648438,30.635000228881836,22.145408630371094,31548200
2019-06-10,30.799999237060547,31.0,30.68000030517578,30.725000381469727,22.21046257019043,19675600
2019-06-11,30.9950008392334,31.094999313354492,30.774999618530273,30.78499984741211,22.25383758544922,19045200
2019-06-12,30.584999084472656,30.655000686645508,30.2549991607666,30.350000381469727,21.939382553100586,27633000
2019-06-13,30.700000762939453,30.844999313354492,30.34000015258789,30.704999923706055,22.196006774902344,24383000
2019-06-14,30.780000686645508,30.78499984741211,30.43000030517578,30.5049991607666,22.051433563232422,15832600
2019-06-17,30.440000534057617,30.844999313354492,30.344999313354492,30.760000228881836,22.23576545715332,17590400
2019-06-18,30.959999084472656,31.3700008392334,30.905000686645508,31.184999465942383,22.542980194091797,34444200
2019-06-19,31.139999389648438,31.329999923706055,30.985000610351562,31.149999618530273,22.51768684387207,17655400
2019-06-20,31.649999618530273,31.889999389648438,31.614999771118164,31.84000015258789,23.0164737701416,51908000
2019-06-21,31.600000381469727,31.895000457763672,31.600000381469727,31.780000686645508,23.18279457092285,32712600
2019-06-24,31.770000457763672,31.860000610351562,31.44499969482422,31.4950008392334,22.97489356994629,20793200
2019-06-25,31.475000381469727,31.5049991607666,31.209999084472656,31.2450008392334,22.792518615722656,23774600
2019-06-26,31.559999465942383,31.96500015258789,31.479999542236328,31.725000381469727,23.142677307128906,28653600
2019-06-27,31.725000381469727,31.81999969482422,31.424999237060547,31.489999771118164,22.97124481201172,21217400
2019-06-28,31.565000534057617,31.885000228881836,31.565000534057617,31.854999542236328,23.237504959106445,34739200
2019-07-01,32.25,32.35499954223633,31.80500030517578,31.885000228881836,23.25939178466797,29772600
2019-07-02,31.790000915527344,31.854999542236328,31.235000610351562,31.375,22.887353897094727,24190800
2019-07-03,31.420000076293945,31.524999618530273,31.229999542236328,31.5,22.978544235229492,13974600
2019-07-05,31.385000228881836,31.575000762939453,31.315000534057617,31.545000076293945,23.011369705200195,14726400
2019-07-08,31.4950008392334,31.764999389648438,31.405000686645508,31.59000015258789,23.044191360473633,17256400
2019-07-09,31.540000915527344,31.635000228881836,31.329999923706055,31.614999771118164,23.06243324279785,14976200
2019-07-10,31.815000534057617,32.130001068115234,31.604999542236328,32.02000045776367,23.357868194580078,23534800
2019-07-11,32.1150016784668,32.119998931884766,31.885000228881836,32.084999084472656,23.405284881591797,25362600
2019-07-12,32.10499954223633,32.33000183105469,32.10499954223633,32.220001220703125,23.503765106201172,16162800
2019-07-15,32.275001525878906,32.29499816894531,31.860000610351562,31.93000030517578,23.29221534729004,19077800
2019-07-16,31.864999771118164,31.920000076293945,31.46500015258789,31.59000015258789,23.044191360473633,21174200
2019-07-17,31.565000534057617,31.665000915527344,31.209999084472656,31.229999542236328,22.78158187866211,27329400
2019-07-18,31.079999923706055,31.235000610351562,30.899999618530273,31.235000610351562,22.78523063659668,25509000
2019-07-19,31.264999389648438,31.485000610351562,31.1200008392334,31.3799991607666,22.891006469726562,19930600
2019-07-22,31.5,31.6299991607666,31.274999618530273,31.524999618530273,22.99677848815918,15686200
2019-07-23,31.524999618530273,31.69499969482422,31.43000030517578,31.610000610351562,23.05879020690918,14537600
2019-07-24,31.56999969482422,31.950000762939453,31.53499984741211,31.7450008392334,23.157264709472656,19815400
2019-07-25,31.864999771118164,31.905000686645508,31.290000915527344,31.385000228881836,22.894649505615234,20140800
2019-07-26,31.385000228881836,31.389999389648438,31.09000015258789,31.225000381469727,22.77794075012207,19307600
2019-07-29,31.200000762939453,31.225000381469727,30.8700008392334,31.100000381469727,22.686748504638672,16569800
2019-07-30,30.975000381469727,31.524999618530273,30.915000915527344,31.450000762939453,22.94207000732422,21602600
2019-07-31,31.450000762939453,31.719999313354492,31.09000015258789,31.350000381469727,22.869121551513672,30556000
2019-08-01,31.0049991607666,31.149999618530273,30.44499969482422,30.639999389648438,22.3511905670166,50380400
2019-08-02,30.764999389648438,30.94499969482422,29.889999389648438,30.200000762939453,22.03022003173828,43399800
2019-08-05,29.639999389648438,29.719999313354492,29.09000015258789,29.299999237060547,21.373685836791992,55153800
2019-08-06,29.375,29.545000076293945,28.950000762939453,29.264999389648438,21.348159790039062,33995000
2019-08-07,28.729999542236328,29.184999465942383,28.579999923706055,29.045000076293945,21.18767547607422,49604400
2019-08-08,29.239999771118164,29.895000457763672,29.104999542236328,29.8799991607666,21.79678726196289,46535600
2019-08-09,29.905000686645508,29.969999313354492,29.424999237060547,29.549999237060547,21.556062698364258,29186400
2019-08-12,29.479999542236328,29.524999618530273,29.06999969482422,29.200000762939453,21.300748825073242,43838000
2019-08-13,29.06999969482422,29.7450008392334,28.915000915527344,29.469999313354492,21.49770164489746,28695200
2019-08-14,28.84000015258789,28.90999984741211,28.270000457763672,28.315000534057617,20.6551513671875,47299400
2019-08-15,28.165000915527344,28.299999237060547,27.834999084472656,28.139999389648438,20.527498245239258,28575800
2019-08-16,28.290000915527344,28.594999313354492,28.19499969482422,28.510000228881836,20.797407150268555,42798600
2019-08-19,28.90999984741211,29.2450008392334,28.854999542236328,29.139999389648438,21.256975173950195,27763200
2019-08-20,29.0,29.03499984741211,28.78499984741211,28.895000457763672,21.078256607055664,19042600
2019-08-21,29.19499969482422,29.2450008392334,28.975000381469727,29.079999923706055,21.213207244873047,24074800
2019-08-22,29.18000030517578,29.295000076293945,28.934999465942383,28.950000762939453,21.118371963500977,18706200
2019-08-23,28.604999542236328,28.875,27.81999969482422,27.979999542236328,20.410778045654297,48817800
2019-08-26,28.225000381469727,28.375,27.979999542236328,28.100000381469727,20.49831771850586,21610600
2019-08-27,28.25,28.364999771118164,27.774999618530273,27.924999237060547,20.37066078186035,23662600
2019-08-28,28.06999969482422,28.46500015258789,27.93000030517578,28.325000762939453,20.662450790405273,31388800
2019-08-29,28.545000076293945,28.860000610351562,28.514999389648438,28.739999771118164,20.965181350708008,24663400
2019-08-30,28.850000381469727,29.100000381469727,28.56999969482422,28.739999771118164,20.965181350708008,26044600
2019-09-03,28.274999618530273,28.65999984741211,28.190000534057617,28.600000381469727,20.863061904907227,27929600
2019-09-04,29.0,29.125,28.915000915527344,29.0,21.15484619140625,22381800
2019-09-05,29.2549991607666,29.684999465942383,29.209999084472656,29.360000610351562,21.417461395263672,29077000
2019-09-06,29.299999237060547,29.549999237060547,29.135000228881836,29.514999389648438,21.53052520751953,24468600
2019-09-09,29.7549991607666,30.174999237060547,29.69499969482422,30.104999542236328,21.960920333862305,49514200
2019-09-10,30.290000915527344,30.899999618530273,30.229999542236328,30.459999084472656,22.219884872436523,51436000
2019-09-11,30.6299991607666,30.8700008392334,30.325000762939453,30.489999771118164,22.241764068603516,45504000
2019-09-12,30.104999542236328,30.520000457763672,29.854999542236328,30.299999237060547,22.10317039489746,38119000
2019-09-13,30.5,30.700000762939453,30.3700008392334,30.540000915527344,22.278244018554688,28123200
2019-09-16,31.81999969482422,31.825000762939453,31.200000762939453,31.565000534057617,23.025962829589844,61355600
2019-09-17,31.584999084472656,31.594999313354492,30.915000915527344,31.125,22.704984664916992,52900000
2019-09-18,30.899999618530273,31.100000381469727,30.760000228881836,30.975000381469727,22.595563888549805,23209000
2019-09-19,31.15999984741211,31.229999542236328,30.799999237060547,30.895000457763672,22.537208557128906,28037000
2019-09-20,30.635000228881836,30.760000228881836,30.489999771118164,30.639999389648438,22.555612564086914,40300200
2019-09-23,30.434999465942383,30.729999542236328,30.399999618530273,30.649999618530273,22.562976837158203,18660800
2019-09-24,30.55500030517578,30.584999084472656,29.985000610351562,30.165000915527344,22.20594024658203,41101000
2019-09-25,30.024999618530273,30.25,29.954999923706055,30.21500015258789,22.242752075195312,20248400
2019-09-26,30.079999923706055,30.149999618530273,29.670000076293945,29.81999969482422,21.95197105407715,28011000
2019-09-27,29.655000686645508,30.045000076293945,29.600000381469727,29.815000534057617,21.948287963867188,31263200
2019-09-30,29.674999237060547,29.795000076293945,29.56999969482422,29.600000381469727,21.790014266967773,39616800
2019-10-01,29.700000762939453,29.809999465942383,28.90999984741211,28.915000915527344,21.285755157470703,32749400
2019-10-02,28.7450008392334,28.815000534057617,28.125,28.204999923706055,20.76308822631836,37824600
2019-10-03,28.049999237060547,28.540000915527344,27.81999969482422,28.510000228881836,20.98761558532715,40914200
2019-10-04,28.6299991607666,28.729999542236328,28.34000015258789,28.690000534057617,21.12012481689453,20275800
2019-10-07,28.735000610351562,28.844999313354492,28.420000076293945,28.434999465942383,20.93239974975586,23284800
2019-10-08,28.145000457763672,28.364999771118164,27.90999984741211,27.950000762939453,20.575366973876953,40038400
2019-10-09,28.200000762939453,28.360000610351562,28.149999618530273,28.204999923706055,20.76308822631836,17833800
2019-10-10,28.299999237060547,28.635000228881836,28.2549991607666,28.559999465942383,21.024423599243164,20111400
2019-10-11,28.854999542236328,29.21500015258789,28.80500030517578,28.94499969482422,21.30784034729004,45127800
2019-10-14,28.735000610351562,29.03499984741211,28.625,28.93000030517578,21.296796798706055,24321200
2019-10-15,28.8700008392334,29.34000015258789,28.834999084472656,29.049999237060547,21.3851318359375,22170000
2019-10-16,28.950000762939453,29.155000686645508,28.635000228881836,28.645000457763672,21.086997985839844,23910600
2019-10-17,28.764999389648438,28.854999542236328,28.575000762939453,28.665000915527344,21.101716995239258,22616200
2019-10-18,28.59000015258789,28.81999969482422,28.510000228881836,28.514999389648438,20.991294860839844,20555600
2019-10-21,28.56999969482422,29.049999237060547,28.53499984741211,29.024999618530273,21.366731643676758,20948000
2019-10-22,29.114999771118164,29.735000610351562,29.024999618530273,29.399999618530273,21.642786026000977,39393800
2019-10-23,29.350000381469727,29.704999923706055,29.225000381469727,29.645000457763672,21.823143005371094,23640800
2019-10-24,29.815000534057617,29.834999084472656,29.364999771118164,29.520000457763672,21.731121063232422,24233600
2019-10-25,29.530000686645508,29.844999313354492,29.489999771118164,29.760000228881836,21.907800674438477,23750000
2019-10-28,29.860000610351562,30.030000686645508,29.540000915527344,29.59000015258789,21.78265380859375,23513200
2019-10-29,29.479999542236328,29.959999084472656,29.3799991607666,29.709999084472656,21.870988845825195,26936800
2019-10-30,29.780000686645508,29.795000076293945,28.989999771118164,29.104999542236328,21.425621032714844,31013400
2019-10-31,28.985000610351562,29.030000686645508,28.69499969482422,28.979999542236328,21.333602905273438,30064800
2019-11-01,29.125,29.69499969482422,29.100000381469727,29.639999389648438,21.819461822509766,26620200
2019-11-04,29.979999542236328,30.69499969482422,29.975000381469727,30.604999542236328,22.529842376708984,43060400
2019-11-05,30.690000534057617,30.915000915527344,30.545000076293945,30.645000457763672,22.559295654296875,35110200
2019-11-06,30.600000381469727,30.665000915527344,29.934999465942383,30.020000457763672,22.099199295043945,35655800
2019-11-07,30.325000762939453,30.565000534057617,30.2450008392334,30.469999313354492,22.430461883544922,26483400
2019-11-08,30.28499984741211,30.385000228881836,30.0,30.344999313354492,22.338443756103516,20779600
2019-11-11,30.059999465942383,30.315000534057617,29.94499969482422,30.174999237060547,22.213306427001953,28961000
2019-11-12,30.264999389648438,30.43000030517578,29.864999771118164,30.020000457763672,22.099199295043945,25082400
2019-11-13,29.864999771118164,29.9950008392334,29.764999389648438,29.889999389648438,22.003496170043945,21151200
2019-11-14,29.8799991607666,30.045000076293945,29.670000076293945,29.809999465942383,21.94460678100586,16233600
2019-11-15,29.934999465942383,30.155000686645508,29.899999618530273,30.040000915527344,22.11392593383789,18363600
2019-11-18,29.850000381469727,29.885000228881836,29.549999237060547,29.674999237060547,21.845224380493164,25508200
2019-11-19,29.579999923706055,29.604999542236328,29.200000762939453,29.235000610351562,21.521326065063477,30758200
2019-11-20,29.225000381469727,29.7450008392334,29.045000076293945,29.530000686645508,21.73848533630371,34290000
2019-11-21,29.6299991607666,30.040000915527344,29.53499984741211,30.014999389648438,22.095521926879883,31283400
2019-11-22,30.040000915527344,30.184999465942383,29.854999542236328,29.915000915527344,22.02190399169922,22984000
2019-11-25,29.8799991607666,29.9950008392334,29.764999389648438,29.94499969482422,22.043987274169922,24672000
2019-11-26,29.985000610351562,29.9950008392334,29.559999465942383,29.670000076293945,21.8415470123291,26804000
2019-11-27,29.704999923706055,29.80500030517578,29.5,29.7450008392334,21.896759033203125,19336600
2019-11-29,29.5,29.604999542236328,29.334999084472656,29.44499969482422,21.67591094970703,15660400
2019-12-02,29.545000076293945,29.735000610351562,29.40999984741211,29.44499969482422,21.67591094970703,30779000
2019-12-03,29.184999465942383,29.235000610351562,28.899999618530273,29.0049991607666,21.352006912231445,33891000
2019-12-04,29.260000228881836,29.530000686645508,29.165000915527344,29.440000534057617,21.672229766845703,34853000
2019-12-05,29.565000534057617,29.600000381469727,29.200000762939453,29.299999237060547,21.56916618347168,21784800
2019-12-06,29.424999237060547,29.950000762939453,29.420000076293945,29.860000610351562,21.98141860961914,33459200
2019-12-09,29.6299991607666,29.96500015258789,29.6299991607666,29.825000762939453,21.955646514892578,16812600
2019-12-10,29.924999237060547,29.9950008392334,29.7549991607666,29.885000228881836,21.999818801879883,17570200
2019-12-11,29.84000015258789,30.040000915527344,29.774999618530273,29.834999084472656,21.96300506591797,24872400
2019-12-12,29.8799991607666,30.489999771118164,29.844999313354492,30.385000228881836,22.367895126342773,44981600
2019-12-13,30.489999771118164,30.684999465942383,30.135000228881836,30.155000686645508,22.19858169555664,22743000
2019-12-16,30.3700008392334,30.68000030517578,30.354999542236328,30.559999465942383,22.49671745300293,22271800
2019-12-17,30.690000534057617,30.854999542236328,30.46500015258789,30.579999923706055,22.511444091796875,46292400
2019-12-18,30.545000076293945,30.889999389648438,30.5049991607666,30.69499969482422,22.596099853515625,25881400
2019-12-19,30.700000762939453,30.78499984741211,30.6299991607666,30.684999465942383,22.588735580444336,25534800
2019-12-20,30.479999542236328,30.71500015258789,30.424999237060547,30.68000030517578,22.805423736572266,34839600
2019-12-23,30.645000457763672,31.014999389648438,30.610000610351562,30.9950008392334,23.039569854736328,26944400
2019-12-24,31.065000534057617,31.110000610351562,30.924999237060547,30.979999542236328,23.028417587280273,10074800
2019-12-26,31.114999771118164,31.219999313354492,30.93000030517578,30.969999313354492,23.020986557006836,20312400
2019-12-27,31.084999084472656,31.114999771118164,30.81999969482422,30.84000015258789,22.92435073852539,21436600
2019-12-30,30.059999465942383,30.114999771118164,29.80500030517578,29.850000381469727,22.852008819580078,29259000
2019-12-31,29.700000762939453,30.049999237060547,29.614999771118164,30.020000457763672,22.982152938842773,21444800
2020-01-02,30.219999313354492,30.334999084472656,30.114999771118164,30.290000915527344,23.188858032226562,23889400
2020-01-03,30.565000534057617,30.655000686645508,30.049999237060547,30.200000762939453,23.119951248168945,59005800
2020-01-06,30.30500030517578,30.59000015258789,30.200000762939453,30.434999465942383,23.29985809326172,44916200
2020-01-07,30.350000381469727,30.385000228881836,30.0,30.354999542236328,23.238611221313477,22925000
2020-01-08,30.325000762939453,30.360000610351562,29.815000534057617,29.854999542236328,22.855831146240234,38042800
2020-01-09,29.84000015258789,30.104999542236328,29.489999771118164,30.075000762939453,23.024259567260742,30733600
2020-01-10,30.059999465942383,30.084999084472656,29.8700008392334,29.905000686645508,22.89410972595215,18302400
2020-01-13,29.860000610351562,30.010000228881836,29.704999923706055,29.915000915527344,22.901771545410156,17557000
2020-01-14,29.850000381469727,29.954999923706055,29.655000686645508,29.920000076293945,22.905593872070312,34678000
2020-01-15,29.790000915527344,29.8799991607666,29.614999771118164,29.700000762939453,22.737173080444336,21661600
2020-01-16,29.875,29.975000381469727,29.735000610351562,29.75,22.775447845458984,16449000
2020-01-17,29.829999923706055,29.844999313354492,29.510000228881836,29.559999465942383,22.629993438720703,23818200
2020-01-21,29.395000457763672,29.399999618530273,28.979999542236328,29.030000686645508,22.224246978759766,34709200
2020-01-22,28.975000381469727,28.9950008392334,28.670000076293945,28.75,22.0098876953125,29355400
2020-01-23,28.450000762939453,28.729999542236328,28.229999542236328,28.639999389648438,21.92568016052246,26556000
2020-01-24,28.510000228881836,28.639999389648438,28.09000015258789,28.309999465942383,21.67304229736328,40781200
2020-01-27,27.739999771118164,27.850000381469727,27.489999771118164,27.524999618530273,21.07207679748535,43365000
2020-01-28,27.68000030517578,27.81999969482422,27.540000915527344,27.649999618530273,21.167770385742188,28600200
2020-01-29,27.80500030517578,27.905000686645508,27.325000762939453,27.360000610351562,20.945764541625977,27490800
2020-01-30,27.075000762939453,27.610000610351562,27.0049991607666,27.579999923706055,21.11418342590332,48861000
2020-01-31,27.114999771118164,27.190000534057617,26.579999923706055,26.719999313354492,20.455795288085938,66861000
2020-02-03,26.684999465942383,26.725000381469727,26.274999618530273,26.3700008392334,20.187854766845703,42578400
2020-02-04,26.75,26.959999084472656,26.415000915527344,26.46500015258789,20.260578155517578,39639600
2020-02-05,26.905000686645508,27.55500030517578,26.889999389648438,27.459999084472656,21.022314071655273,68764000
2020-02-06,27.59000015258789,27.59000015258789,27.135000228881836,27.18000030517578,20.80796241760254,30801200
2020-02-07,26.975000381469727,27.104999542236328,26.850000381469727,26.989999771118164,20.66250228881836,27386600
2020-02-10,26.850000381469727,26.915000915527344,26.690000534057617,26.854999542236328,20.559146881103516,29281200
2020-02-11,27.219999313354492,27.260000228881836,27.03499984741211,27.155000686645508,20.7888126373291,27689200
2020-02-12,27.559999465942383,27.674999237060547,27.295000076293945,27.520000457763672,21.068246841430664,34399600
2020-02-13,27.44499969482422,27.59000015258789,27.274999618530273,27.434999465942383,21.003170013427734,23949800
2020-02-14,27.530000686645508,27.549999237060547,27.1200008392334,27.290000915527344,20.892169952392578,25040000
2020-02-18,27.049999237060547,27.28499984741211,26.815000534057617,27.065000534057617,20.71991729736328,32629400
2020-02-19,27.2450008392334,27.53499984741211,27.094999313354492,27.424999237060547,20.995515823364258,24910800
2020-02-20,27.4950008392334,27.700000762939453,27.325000762939453,27.395000457763672,20.972557067871094,26101600
2020-02-21,27.135000228881836,27.15999984741211,26.844999313354492,27.06999969482422,20.72374725341797,27616400
2020-02-24,26.049999237060547,26.200000762939453,25.739999771118164,25.81999969482422,19.766794204711914,66075000
2020-02-25,25.889999389648438,25.90999984741211,24.520000457763672,24.68000030517578,18.89405059814453,85674600
2020-02-26,24.770000457763672,24.889999389648438,23.924999237060547,23.934999465942383,18.32370948791504,97656600
2020-02-27,23.315000534057617,23.764999389648438,22.645000457763672,22.655000686645508,17.34379768371582,122557400
2020-02-28,21.940000534057617,22.920000076293945,21.760000228881836,22.635000228881836,17.328481674194336,137511600
2020-03-02,23.139999389648438,23.579999923706055,22.46500015258789,23.549999237060547,18.028966903686523,73285400
2020-03-03,23.684999465942383,23.9950008392334,22.575000762939453,22.829999923706055,17.477767944335938,97190600
2020-03-04,23.31999969482422,23.375,22.834999084472656,23.3700008392334,17.89116859436035,48969000
2020-03-05,22.700000762939453,22.80500030517578,22.139999389648438,22.514999389648438,17.236618041992188,58774600
2020-03-06,21.75,21.94499969482422,20.93000030517578,21.25,16.268177032470703,123034800
2020-03-09,17.53499984741211,18.21500015258789,16.864999771118164,16.969999313354492,12.991576194763184,133113800
2020-03-10,18.334999084472656,18.40999984741211,16.68000030517578,17.774999618530273,13.607851028442383,96862200
2020-03-11,17.225000381469727,17.524999618530273,16.565000534057617,16.834999084472656,12.888224601745605,86954600
2020-03-12,15.595000267028809,16.0,14.6899995803833,14.734999656677246,11.280546188354492,77658200
2020-03-13,15.979999542236328,16.110000610351562,14.399999618530273,16.094999313354492,12.321710586547852,68196800
2020-03-16,13.975000381469727,15.5600004196167,13.835000038146973,13.904999732971191,10.645130157470703,80467200
2020-03-17,14.039999961853027,14.59000015258789,13.475000381469727,14.0,10.717857360839844,90887200
2020-03-18,13.020000457763672,13.289999961853027,11.4399995803833,11.989999771118164,9.179080963134766,104271600
2020-03-19,12.164999961853027,12.854999542236328,11.489999771118164,12.805000305175781,9.803011894226074,104453000
2020-03-20,13.130000114440918,13.420000076293945,12.380000114440918,12.930000305175781,9.898709297180176,116714400
2020-03-23,12.5649995803833,12.645000457763672,11.574999809265137,11.78499984741211,9.224027633666992,96520400
2020-03-24,12.699999809265137,13.744999885559082,12.699999809265137,13.675000190734863,10.703316688537598,89022200
2020-03-25,13.975000381469727,15.0,13.369999885559082,14.319999694824219,11.208152770996094,104869800
2020-03-26,14.46500015258789,15.5,14.28499984741211,15.194999694824219,11.89300537109375,93836200
2020-03-27,14.5600004196167,14.604999542236328,14.079999923706055,14.164999961853027,11.086834907531738,73056800
2020-03-30,13.975000381469727,14.4350004196167,13.545000076293945,14.3100004196167,11.200325965881348,84254800
2020-03-31,14.710000038146973,15.0,14.239999771118164,14.529999732971191,11.372517585754395,68701200
2020-04-01,14.0600004196167,14.239999771118164,13.614999771118164,13.8100004196167,10.808979034423828,47653000
2020-04-02,14.505000114440918,15.880000114440918,14.130000114440918,15.074999809265137,11.799084663391113,146256200
2020-04-03,15.550000190734863,15.654999732971191,14.489999771118164,14.914999961853027,11.673852920532227,127668600
2020-04-06,15.25,15.8100004196167,15.045000076293945,15.704999923706055,12.292182922363281,76041400
2020-04-07,16.479999542236328,16.934999465942383,16.010000228881836,16.040000915527344,12.55438232421875,103019000
2020-04-08,16.3799991607666,17.165000915527344,16.2450008392334,17.110000610351562,13.391863822937012,83811600
2020-04-09,17.770000457763672,18.229999542236328,16.309999465942383,16.954999923706055,13.270547866821289,182655200
2020-04-13,17.545000076293945,17.610000610351562,16.6299991607666,16.899999618530273,13.227499961853027,67685600
2020-04-14,16.985000610351562,17.190000534057617,16.709999084472656,16.81999969482422,13.16488265991211,72648200
2020-04-15,16.149999618530273,16.190000534057617,15.529999732971191,16.030000686645508,12.546557426452637,73421000
2020-04-16,15.989999771118164,16.040000915527344,15.324999809265137,15.345000267028809,12.010411262512207,64605800
2020-04-17,15.664999961853027,16.9950008392334,15.654999732971191,16.975000381469727,13.286197662353516,91706800
2020-04-20,15.975000381469727,17.049999237060547,15.890000343322754,16.44499969482422,12.871374130249023,112790000
2020-04-21,15.970000267028809,16.450000762939453,15.694999694824219,16.155000686645508,12.644392967224121,120861600
2020-04-22,16.885000228881836,16.9950008392334,16.5049991607666,16.729999542236328,13.094440460205078,73753200
2020-04-23,17.239999771118164,17.674999237060547,17.06999969482422,17.270000457763672,13.51709270477295,83207200
2020-04-24,17.614999771118164,17.770000457763672,17.03499984741211,17.309999465942383,13.548398971557617,64859200
2020-04-27,17.18000030517578,17.809999465942383,16.790000915527344,17.684999465942383,13.841910362243652,46576000
2020-04-28,17.950000762939453,18.200000762939453,17.65999984741211,18.09000015258789,14.158900260925293,59138000
2020-04-29,18.684999465942383,19.4950008392334,18.670000076293945,19.43000030517578,15.207709312438965,71075000
2020-04-30,19.540000915527344,19.540000915527344,18.719999313354492,19.0,14.871149063110352,84040200
2020-05-01,18.610000610351562,18.75,17.704999923706055,17.924999237060547,14.029757499694824,58531800
2020-05-04,17.594999313354492,18.559999465942383,17.510000228881836,18.545000076293945,14.515026092529297,52780400
2020-05-05,19.30500030517578,19.459999084472656,18.4950008392334,18.559999465942383,14.526766777038574,68733400
2020-05-06,18.649999618530273,18.809999465942383,18.059999465942383,18.075000762939453,14.147161483764648,47350200
2020-05-07,18.584999084472656,18.895000457763672,18.415000915527344,18.545000076293945,14.515026092529297,48469400
2020-05-08,18.979999542236328,19.399999618530273,18.8700008392334,19.389999389648438,15.17640209197998,49646200
2020-05-11,19.260000228881836,19.315000534057617,18.959999084472656,19.049999237060547,14.910279273986816,46531400
2020-05-12,19.239999771118164,19.264999389648438,18.690000534057617,18.71500015258789,14.64808464050293,56129000
2020-05-13,18.59000015258789,18.614999771118164,17.735000610351562,17.864999771118164,13.982794761657715,68994800
2020-05-14,17.549999237060547,18.235000610351562,17.149999618530273,18.065000534057617,14.139334678649902,61968400
2020-05-15,18.06999969482422,18.44499969482422,17.834999084472656,17.9950008392334,14.084549903869629,54427800
2020-05-18,19.024999618530273,19.59000015258789,18.975000381469727,19.46500015258789,15.235103607177734,73139600
2020-05-19,19.489999771118164,19.549999237060547,18.905000686645508,18.920000076293945,14.808534622192383,53940600
2020-05-20,19.309999465942383,19.709999084472656,19.209999084472656,19.674999237060547,15.399471282958984,54521200
2020-05-21,19.735000610351562,19.815000534057617,19.204999923706055,19.360000610351562,15.152918815612793,56241800
2020-05-22,19.204999923706055,19.260000228881836,18.844999313354492,19.239999771118164,15.058998107910156,38495000
2020-05-26,19.854999542236328,19.979999542236328,19.725000381469727,19.774999618530273,15.477740287780762,74888600
2020-05-27,20.065000534057617,20.18000030517578,19.469999313354492,20.030000686645508,15.677324295043945,71225600
2020-05-28,20.079999923706055,20.079999923706055,19.375,19.469999313354492,15.239014625549316,54356800
2020-05-29,19.299999237060547,19.524999618530273,18.975000381469727,19.3799991607666,15.168577194213867,71500400
2020-06-01,19.350000381469727,19.829999923706055,19.09000015258789,19.719999313354492,15.434686660766602,47680000
2020-06-02,19.934999465942383,20.290000915527344,19.90999984741211,20.270000457763672,15.8651704788208,50318400
2020-06-03,20.59000015258789,20.959999084472656,20.549999237060547,20.864999771118164,16.330873489379883,54601800
2020-06-04,20.75,20.950000762939453,20.450000762939453,20.8700008392334,16.33478355407715,54849400
2020-06-05,21.915000915527344,22.625,21.895000457763672,22.420000076293945,17.547958374023438,100393400
2020-06-08,23.235000610351562,23.440000534057617,22.71500015258789,23.43000030517578,18.33847999572754,95069400
2020-06-09,22.68000030517578,22.7450008392334,22.239999771118164,22.549999237060547,17.649709701538086,87399000
2020-06-10,22.34000015258789,22.360000610351562,21.43000030517578,21.440000534057617,16.780916213989258,80977000
2020-06-11,19.94499969482422,20.520000457763672,19.354999542236328,19.420000076293945,15.199883460998535,96304400
2020-06-12,20.274999618530273,20.420000076293945,19.3700008392334,19.90999984741211,15.583402633666992,85635000
2020-06-15,19.059999465942383,20.174999237060547,18.850000381469727,19.969999313354492,15.630362510681152,65694800
2020-06-16,20.920000076293945,20.950000762939453,19.959999084472656,20.545000076293945,16.080413818359375,64083800
2020-06-17,20.46500015258789,20.469999313354492,19.84000015258789,19.844999313354492,15.532526969909668,46736000
2020-06-18,19.645000457763672,20.309999465942383,19.524999618530273,20.09000015258789,15.724284172058105,36937800
2020-06-19,20.71500015258789,20.719999313354492,19.764999389648438,19.78499984741211,15.485560417175293,53934200
2020-06-22,19.440000534057617,19.690000534057617,19.209999084472656,19.625,15.557305335998535,38896400
2020-06-23,19.920000076293945,19.969999313354492,19.584999084472656,19.645000457763672,15.573161125183105,29611600
2020-06-24,19.34000015258789,19.344999313354492,18.43000030517578,18.55500030517578,14.709083557128906,64726000
2020-06-25,18.3799991607666,18.979999542236328,18.28499984741211,18.90999984741211,14.990509986877441,48034400
2020-06-26,18.774999618530273,18.774999618530273,18.170000076293945,18.2549991607666,14.471266746520996,67722200
2020-06-29,18.299999237060547,18.65999984741211,18.219999313354492,18.5,14.665487289428711,38905600
2020-06-30,18.350000381469727,19.03499984741211,18.15999984741211,18.924999237060547,15.002396583557129,41886800
2020-07-01,19.0,19.2549991607666,18.440000534057617,18.46500015258789,14.637741088867188,49146800
2020-07-02,18.844999313354492,19.104999542236328,18.6299991607666,18.670000076293945,14.800253868103027,41558400
2020-07-06,19.0,19.135000228881836,18.489999771118164,18.725000381469727,14.843851089477539,45084400
2020-07-07,18.489999771118164,18.514999389648438,18.100000381469727,18.1299991607666,14.372177124023438,41821800
2020-07-08,18.1299991607666,18.40999984741211,17.96500015258789,18.114999771118164,14.360285758972168,41301800
2020-07-09,18.03499984741211,18.084999084472656,17.200000762939453,17.219999313354492,13.650793075561523,61087200
2020-07-10,17.1200008392334,17.790000915527344,17.1200008392334,17.770000457763672,14.086795806884766,50456000
2020-07-13,17.934999465942383,18.0049991607666,17.540000915527344,17.674999237060547,14.01148509979248,74447600
2020-07-14,17.55500030517578,18.329999923706055,17.5049991607666,18.295000076293945,14.502978324890137,68442200
2020-07-15,18.760000228881836,18.809999465942383,18.415000915527344,18.690000534057617,14.81610107421875,51805000
2020-07-16,18.565000534057617,18.844999313354492,18.329999923706055,18.604999542236328,14.748722076416016,37645600
2020-07-17,18.665000915527344,18.8700008392334,18.264999389648438,18.344999313354492,14.542614936828613,35433800
2020-07-20,18.280000686645508,18.489999771118164,18.024999618530273,18.040000915527344,14.30083179473877,40153000
2020-07-21,18.350000381469727,19.274999618530273,18.325000762939453,19.1299991607666,15.164904594421387,72340400
2020-07-22,18.924999237060547,18.924999237060547,18.6200008392334,18.895000457763672,14.97861385345459,39243400
2020-07-23,18.829999923706055,18.954999923706055,18.6200008392334,18.860000610351562,14.950868606567383,42087800
2020-07-24,18.860000610351562,19.139999389648438,18.684999465942383,18.7549991607666,14.867630958557129,39901200
2020-07-27,18.729999542236328,18.860000610351562,18.4950008392334,18.774999618530273,14.883488655090332,36462000
2020-07-28,18.665000915527344,18.844999313354492,18.405000686645508,18.454999923706055,14.629817008972168,35553800
2020-07-29,18.5049991607666,18.854999542236328,18.3799991607666,18.84000015258789,14.935012817382812,34430000
2020-07-30,18.44499969482422,18.454999923706055,17.940000534057617,18.100000381469727,14.348397254943848,65667400
2020-07-31,17.825000762939453,18.03499984741211,17.649999618530273,18.014999389648438,14.281013488769531,49548200
2020-08-03,18.010000228881836,18.18000030517578,17.860000610351562,18.079999923706055,14.332538604736328,42206800
2020-08-04,18.020000457763672,18.559999465942383,18.0049991607666,18.520000457763672,14.681340217590332,45144200
2020-08-05,18.885000228881836,18.950000762939453,18.545000076293945,18.71500015258789,14.835923194885254,61517400
2020-08-06,18.610000610351562,18.780000686645508,18.4950008392334,18.565000534057617,14.71701431274414,38381400
2020-08-07,18.399999618530273,18.635000228881836,18.184999465942383,18.59000015258789,14.736828804016113,36753200
2020-08-10,18.729999542236328,19.174999237060547,18.684999465942383,19.165000915527344,15.192646026611328,52616200
2020-08-11,19.540000915527344,19.764999389648438,19.010000228881836,19.100000381469727,15.141127586364746,53026200
2020-08-12,19.389999389648438,19.514999389648438,19.084999084472656,19.290000915527344,15.291742324829102,51065400
2020-08-13,19.135000228881836,19.295000076293945,18.8700008392334,18.915000915527344,14.994468688964844,31522000
2020-08-14,18.764999389648438,19.125,18.69499969482422,19.094999313354492,15.137158393859863,26559400
2020-08-17,19.100000381469727,19.110000610351562,18.8799991607666,18.985000610351562,15.049959182739258,28511600
2020-08-18,18.915000915527344,19.100000381469727,18.690000534057617,18.7450008392334,14.859704971313477,28697600
2020-08-19,18.729999542236328,18.815000534057617,18.469999313354492,18.530000686645508,14.68927001953125,29587800
2020-08-20,18.2549991607666,18.375,18.125,18.1299991607666,14.372177124023438,38215400
2020-08-21,18.059999465942383,18.094999313354492,17.844999313354492,18.014999389648438,14.281013488769531,34695600
2020-08-24,18.125,18.639999389648438,18.014999389648438,18.510000228881836,14.67341136932373,49654000
2020-08-25,18.610000610351562,18.635000228881836,18.15999984741211,18.25,14.46730899810791,40237000
2020-08-26,18.225000381469727,18.225000381469727,17.84000015258789,17.864999771118164,14.162102699279785,36002400
2020-08-27,17.8700008392334,18.020000457763672,17.68000030517578,17.899999618530273,14.189848899841309,44519400
2020-08-28,17.969999313354492,18.274999618530273,17.8799991607666,18.219999313354492,14.44351863861084,29150200
2020-08-31,18.2450008392334,18.270000457763672,17.825000762939453,17.825000762939453,14.13039493560791,37583000
2020-09-01,17.7450008392334,17.78499984741211,17.485000610351562,17.704999923706055,14.03526496887207,36521000
2020-09-02,17.700000762939453,17.80500030517578,17.510000228881836,17.6200008392334,13.967885971069336,47700400
2020-09-03,17.584999084472656,17.950000762939453,17.385000228881836,17.489999771118164,13.864830017089844,78884600
2020-09-04,17.670000076293945,17.790000915527344,17.219999313354492,17.434999465942383,13.8212308883667,68682000
2020-09-08,17.104999542236328,17.184999465942383,16.610000610351562,16.799999237060547,13.31784725189209,98437600
2020-09-09,16.989999771118164,17.084999084472656,16.854999542236328,16.915000915527344,13.409010887145996,49955200
2020-09-10,16.96500015258789,16.985000610351562,16.264999389648438,16.295000076293945,12.917518615722656,74006600
2020-09-11,16.329999923706055,16.415000915527344,16.174999237060547,16.309999465942383,12.929407119750977,50794600
2020-09-14,16.354999542236328,16.584999084472656,16.239999771118164,16.434999465942383,13.028499603271484,38888400
2020-09-15,16.545000076293945,16.69499969482422,16.264999389648438,16.315000534057617,12.93337345123291,51220800
2020-09-16,16.459999084472656,17.190000534057617,16.31999969482422,16.969999313354492,13.452611923217773,71772200
2020-09-17,16.700000762939453,17.010000228881836,16.53499984741211,16.9950008392334,13.472430229187012,44713400
2020-09-18,16.985000610351562,16.9950008392334,16.635000228881836,16.80500030517578,13.32181167602539,52812800
2020-09-21,16.1299991607666,16.170000076293945,15.71500015258789,15.984999656677246,12.880249977111816,61439200
2020-09-22,15.994999885559082,16.25,15.789999961853027,15.819999694824219,12.747295379638672,44697400
2020-09-23,15.880000114440918,15.9399995803833,15.085000038146973,15.104999542236328,12.17116928100586,52969200
2020-09-24,15.050000190734863,15.375,14.770000457763672,15.100000381469727,12.167140007019043,70487600
2020-09-25,14.944999694824219,15.204999923706055,14.850000381469727,15.09000015258789,12.159082412719727,55116800
2020-09-28,15.364999771118164,15.614999771118164,15.345000267028809,15.444999694824219,12.4451322555542,52752000
2020-09-29,15.399999618530273,15.4350004196167,14.869999885559082,15.020000457763672,12.102679252624512,47601800
2020-09-30,15.114999771118164,15.289999961853027,14.904999732971191,14.975000381469727,12.06641960144043,49149000
2020-10-01,14.8100004196167,14.875,14.425000190734863,14.515000343322754,11.69576358795166,56730400
2020-10-02,14.125,14.779999732971191,14.100000381469727,14.654999732971191,11.808574676513672,57410400
2020-10-05,14.78499984741211,15.104999542236328,14.75,15.095000267028809,12.16311264038086,63144400
2020-10-06,15.3149995803833,15.399999618530273,14.829999923706055,14.869999885559082,11.981812477111816,62223200
2020-10-07,14.954999923706055,15.119999885559082,14.78499984741211,15.079999923706055,12.151025772094727,42086000
2020-10-08,15.204999923706055,15.654999732971191,15.135000228881836,15.645000457763672,12.606287002563477,61126200
2020-10-09,15.78499984741211,15.824999809265137,15.369999885559082,15.395000457763672,12.404844284057617,51035800
2020-10-12,15.345000267028809,15.489999771118164,15.1850004196167,15.4350004196167,12.437074661254883,33369200
2020-10-13,15.4350004196167,15.524999618530273,15.149999618530273,15.194999694824219,12.243687629699707,50767600
2020-10-14,15.229999542236328,15.614999771118164,15.199999809265137,15.260000228881836,12.296066284179688,54488000
2020-10-15,15.0,15.449999809265137,14.864999771118164,15.444999694824219,12.4451322555542,40707800
2020-10-16,15.414999961853027,15.4350004196167,15.069999694824219,15.095000267028809,12.16311264038086,37423000
2020-10-19,15.149999618530273,15.225000381469727,14.760000228881836,14.774999618530273,11.905263900756836,50372000
2020-10-20,14.859999656677246,15.079999923706055,14.760000228881836,14.949999809265137,12.04627513885498,45980600
2020-10-21,14.864999771118164,14.949999809265137,14.65999984741211,14.664999961853027,11.816631317138672,49315200
2020-10-22,14.6899995803833,15.289999961853027,14.595000267028809,15.270000457763672,12.304121971130371,65648400
2020-10-23,15.350000381469727,15.4399995803833,15.005000114440918,15.194999694824219,12.243687629699707,49975400
2020-10-26,14.9350004196167,14.954999923706055,14.505000114440918,14.649999618530273,11.804542541503906,60802000
2020-10-27,14.635000228881836,14.640000343322754,14.425000190734863,14.460000038146973,11.651448249816895,43193600
2020-10-28,14.104999542236328,14.194999694824219,13.774999618530273,13.854999542236328,11.163954734802246,81098200
2020-10-29,13.675000190734863,14.324999809265137,13.489999771118164,14.279999732971191,11.506409645080566,74504200
2020-10-30,14.180000305175781,14.369999885559082,14.015000343322754,14.359999656677246,11.570868492126465,75799400
2020-11-02,14.555000305175781,15.045000076293945,14.28499984741211,14.850000381469727,11.965697288513184,83786200
2020-11-03,15.100000381469727,15.109999656677246,14.630000114440918,14.765000343322754,11.897208213806152,69755000
2020-11-04,14.78499984741211,15.140000343322754,14.385000228881836,14.78499984741211,11.913322448730469,87227400
2020-11-05,14.805000305175781,15.079999923706055,14.755000114440918,14.78499984741211,11.913322448730469,63591600
2020-11-06,14.78499984741211,15.005000114440918,14.404999732971191,14.46500015258789,11.655477523803711,66446400
2020-11-09,16.200000762939453,16.895000457763672,16.149999618530273,16.530000686645508,13.319392204284668,198713400
2020-11-10,16.84000015258789,17.065000534057617,16.489999771118164,17.065000534057617,13.750480651855469,146676200
2020-11-11,17.25,17.28499984741211,16.729999542236328,16.889999389648438,13.609469413757324,93085000
2020-11-12,16.594999313354492,16.829999923706055,16.170000076293945,16.344999313354492,13.170324325561523,77169600
2020-11-13,16.469999313354492,17.024999618530273,16.450000762939453,16.940000534057617,13.649759292602539,78865400
2020-11-16,17.65999984741211,18.094999313354492,17.44499969482422,18.05500030517578,14.548192977905273,95865400
2020-11-17,17.81999969482422,18.25,17.584999084472656,18.239999771118164,14.697260856628418,78020200
2020-11-18,18.395000457763672,18.46500015258789,17.709999084472656,17.709999084472656,14.27020263671875,82000400
2020-11-19,17.584999084472656,18.03499984741211,17.405000686645508,18.0,14.503878593444824,65872400
2020-11-20,17.954999923706055,18.03499984741211,17.780000686645508,17.905000686645508,14.427328109741211,39506400
2020-11-23,18.184999465942383,19.19499969482422,18.165000915527344,19.170000076293945,15.446632385253906,76324600
2020-11-24,19.815000534057617,20.209999084472656,19.639999389648438,20.155000686645508,16.240312576293945,106932000
2020-11-25,20.024999618530273,20.024999618530273,19.575000762939453,19.684999465942383,15.86159610748291,71352400
2020-11-27,19.575000762939453,19.735000610351562,19.299999237060547,19.454999923706055,15.676270484924316,37510800
2020-11-30,19.239999771118164,19.264999389648438,18.350000381469727,18.3799991607666,14.810070991516113,83087200
2020-12-01,18.889999389648438,18.9950008392334,18.434999465942383,18.46500015258789,14.87856388092041,68935600
2020-12-02,18.405000686645508,19.354999542236328,18.344999313354492,19.065000534057617,15.362021446228027,75483600
2020-12-03,19.149999618530273,19.5,18.954999923706055,19.264999389648438,15.523175239562988,72975400
2020-12-04,19.614999771118164,20.329999923706055,19.614999771118164,20.315000534057617,16.369237899780273,103700400
2020-12-07,20.075000762939453,20.1200008392334,19.649999618530273,19.84000015258789,15.98649787902832,69313200
2020-12-08,19.594999313354492,20.334999084472656,19.59000015258789,20.135000228881836,16.224197387695312,57854600
2020-12-09,20.34000015258789,20.670000076293945,19.934999465942383,20.18000030517578,16.26045799255371,86691800
2020-12-10,20.204999923706055,21.040000915527344,20.149999618530273,20.799999237060547,16.760038375854492,77604400
2020-12-11,20.65999984741211,20.665000915527344,20.270000457763672,20.559999465942383,16.566652297973633,56152200
2020-12-14,20.875,20.8799991607666,19.764999389648438,19.84000015258789,15.98649787902832,79884400
2020-12-15,19.950000762939453,20.329999923706055,19.764999389648438,20.229999542236328,16.300745010375977,58671800
2020-12-16,20.280000686645508,20.354999542236328,19.989999771118164,20.1299991607666,16.22016716003418,47628800
2020-12-17,20.309999465942383,20.315000534057617,19.915000915527344,20.03499984741211,16.143617630004883,46363400
2020-12-18,19.9950008392334,20.104999542236328,19.545000076293945,19.700000762939453,15.873686790466309,73140400
2020-12-21,18.704999923706055,19.229999542236328,18.510000228881836,19.065000534057617,15.567480087280273,80158800
2020-12-22,19.024999618530273,19.09000015258789,18.725000381469727,18.7450008392334,15.306184768676758,50185800
2020-12-23,18.905000686645508,19.424999237060547,18.899999618530273,19.15999984741211,15.645055770874023,53931800
2020-12-24,19.184999465942383,19.184999465942383,18.8700008392334,19.059999465942383,15.563400268554688,22903000
2020-12-28,19.1299991607666,19.3700008392334,18.885000228881836,18.940000534057617,15.465414047241211,37824600
2020-12-29,19.05500030517578,19.110000610351562,18.725000381469727,18.815000534057617,15.363343238830566,37968600
2020-12-30,18.829999923706055,19.290000915527344,18.78499984741211,19.110000610351562,15.604223251342773,56436600
2020-12-31,19.024999618530273,19.104999542236328,18.864999771118164,18.950000762939453,15.473576545715332,36309800
2021-01-04,19.170000076293945,19.329999923706055,18.7549991607666,18.979999542236328,15.498077392578125,67717600
2021-01-05,19.184999465942383,20.350000381469727,19.170000076293945,19.829999923706055,16.1921443939209,95473400
2021-01-06,20.219999313354492,20.625,19.959999084472656,20.434999465942383,16.686153411865234,86262800
2021-01-07,20.614999771118164,20.94499969482422,20.399999618530273,20.735000610351562,16.93111801147461,51457200
2021-01-08,21.0,21.0,20.545000076293945,20.709999084472656,16.910703659057617,62744000
2021-01-11,20.260000228881836,21.1200008392334,20.145000457763672,21.03499984741211,17.176082611083984,46890400
2021-01-12,21.290000915527344,21.885000228881836,21.1299991607666,21.770000457763672,17.776241302490234,87947200
2021-01-13,21.844999313354492,21.854999542236328,21.434999465942383,21.600000381469727,17.637432098388672,54764400
2021-01-14,21.735000610351562,22.5,21.71500015258789,22.239999771118164,18.160017013549805,83314600
2021-01-15,21.844999313354492,21.850000381469727,21.165000915527344,21.375,17.45370864868164,95497000
2021-01-19,21.635000228881836,21.954999923706055,21.565000534057617,21.80500030517578,17.804819107055664,55619400
2021-01-20,21.989999771118164,22.045000076293945,21.670000076293945,21.885000228881836,17.870145797729492,50725600
2021-01-21,21.764999389648438,21.875,20.950000762939453,21.145000457763672,17.26590347290039,59968000
2021-01-22,20.68000030517578,21.094999313354492,20.510000228881836,21.03499984741211,17.176082611083984,50444600
2021-01-25,20.80500030517578,20.885000228881836,20.440000534057617,20.81999969482422,17.00052261352539,81823200
2021-01-26,21.0049991607666,21.31999969482422,20.364999771118164,20.375,16.637157440185547,54999600
2021-01-27,20.040000915527344,20.65999984741211,19.7549991607666,20.100000381469727,16.412607192993164,99867200
2021-01-28,20.264999389648438,20.579999923706055,20.079999923706055,20.334999084472656,16.604501724243164,57248200
2021-01-29,20.049999237060547,20.309999465942383,19.584999084472656,19.65999984741211,16.05332374572754,63069000
2021-02-01,19.899999618530273,20.0,19.469999313354492,19.799999237060547,16.16764259338379,61021400
2021-02-02,20.274999618530273,20.4950008392334,20.014999389648438,20.014999389648438,16.343196868896484,63929000
2021-02-03,20.1200008392334,20.924999237060547,20.045000076293945,20.8700008392334,17.041349411010742,74385600
2021-02-04,21.024999618530273,21.104999542236328,20.655000686645508,21.100000381469727,17.22916030883789,48327800
2021-02-05,21.43000030517578,21.5,21.219999313354492,21.280000686645508,17.376136779785156,48196400
2021-02-08,21.59000015258789,22.274999618530273,21.56999969482422,22.170000076293945,18.102859497070312,62368200
2021-02-09,21.9950008392334,22.065000534057617,21.645000457763672,21.934999465942383,17.910974502563477,64798800
2021-02-10,22.010000228881836,22.375,21.8700008392334,22.354999542236328,18.253925323486328,58451000
2021-02-11,22.28499984741211,22.290000915527344,21.545000076293945,22.010000228881836,17.972213745117188,49632600
2021-02-12,21.854999542236328,22.354999542236328,21.815000534057617,22.334999084472656,18.23758888244629,47400800
2021-02-16,22.850000381469727,23.15999984741211,22.735000610351562,22.895000457763672,18.694860458374023,76593400
2021-02-17,23.1299991607666,23.385000228881836,22.795000076293945,23.235000610351562,18.972488403320312,68964400
2021-02-18,23.135000228881836,23.18000030517578,22.639999389648438,22.709999084472656,18.543800354003906,61360200
2021-02-19,22.739999771118164,23.18000030517578,22.71500015258789,23.09000015258789,18.85408592224121,54404200
2021-02-22,23.2450008392334,24.235000610351562,23.204999923706055,23.889999389648438,19.507320404052734,75644600
2021-02-23,24.174999237060547,24.354999542236328,23.2549991607666,24.28499984741211,19.82986068725586,98370800
2021-02-24,24.44499969482422,25.290000915527344,24.239999771118164,25.145000457763672,20.53209114074707,77748800
2021-02-25,25.405000686645508,25.405000686645508,24.489999771118164,24.65999984741211,20.13606834411621,75887800
2021-02-26,24.329999923706055,24.399999618530273,23.364999771118164,24.075000762939453,19.65838623046875,90308800
2021-03-01,24.709999084472656,25.040000915527344,24.530000686645508,24.700000762939453,20.168729782104492,69391600
2021-03-02,24.790000915527344,24.989999771118164,24.549999237060547,24.565000534057617,20.058496475219727,74468200
2021-03-03,24.7450008392334,25.489999771118164,24.739999771118164,24.924999237060547,20.352449417114258,82574400
2021-03-04,25.149999618530273,25.979999542236328,24.915000915527344,25.520000457763672,20.83829689025879,107573800
2021-03-05,26.2450008392334,26.53499984741211,25.59000015258789,26.475000381469727,21.61810302734375,112395800
2021-03-08,26.735000610351562,26.875,26.139999389648438,26.524999618530273,21.65892791748047,100610000
2021-03-09,26.375,26.7549991607666,25.875,26.059999465942383,21.279233932495117,118889600
2021-03-10,26.100000381469727,26.809999465942383,25.975000381469727,26.719999313354492,21.818151473999023,78416600
2021-03-11,26.774999618530273,27.184999465942383,26.670000076293945,26.729999542236328,21.82632064819336,50797400
2021-03-12,26.780000686645508,27.024999618530273,26.584999084472656,26.78499984741211,21.871231079101562,59786800
2021-03-15,26.725000381469727,26.799999237060547,26.15999984741211,26.479999542236328,21.62218475341797,60452600
2021-03-16,26.040000915527344,26.065000534057617,25.565000534057617,25.725000381469727,21.005691528320312,77287000
2021-03-17,25.649999618530273,26.049999237060547,25.43000030517578,25.924999237060547,21.168996810913086,64552200
2021-03-18,25.69499969482422,25.809999465942383,24.655000686645508,24.760000228881836,20.217721939086914,87207200
2021-03-19,24.75,25.174999237060547,24.43000030517578,24.764999389648438,20.221805572509766,81158600
2021-03-22,24.450000762939453,24.545000076293945,24.219999313354492,24.270000457763672,20.02787971496582,59561800
2021-03-23,23.780000686645508,24.450000762939453,23.6299991607666,23.915000915527344,19.73493003845215,103196200
2021-03-24,24.280000686645508,24.844999313354492,24.280000686645508,24.514999389648438,20.23005485534668,81630800
2021-03-25,24.104999542236328,24.674999237060547,23.71500015258789,24.604999542236328,20.304325103759766,80670200
2021-03-26,25.049999237060547,25.25,24.764999389648438,25.21500015258789,20.80769920349121,72348600
2021-03-29,25.0,25.1299991607666,24.610000610351562,24.915000915527344,20.560138702392578,47286200
2021-03-30,24.65999984741211,24.96500015258789,24.514999389648438,24.700000762939453,20.382720947265625,53392200
2021-03-31,24.649999618530273,24.760000228881836,24.434999465942383,24.530000686645508,20.2424373626709,48097400
2021-04-01,24.639999389648438,25.165000915527344,24.510000228881836,25.155000686645508,20.758193969726562,65039600
2021-04-05,25.104999542236328,25.110000610351562,24.40999984741211,24.55500030517578,20.2630615234375,53372200
2021-04-06,24.674999237060547,25.0049991607666,24.450000762939453,24.489999771118164,20.209426879882812,53257800
2021-04-07,24.5,24.700000762939453,24.40999984741211,24.575000762939453,20.279571533203125,49888600
2021-04-08,24.399999618530273,24.405000686645508,23.975000381469727,24.2549991607666,20.015499114990234,63766600
2021-04-09,24.25,24.459999084472656,23.985000610351562,24.094999313354492,19.883464813232422,44373400
2021-04-12,24.30500030517578,24.479999542236328,23.81999969482422,23.905000686645508,19.726675033569336,39196200
2021-04-13,23.864999771118164,24.059999465942383,23.690000534057617,23.93000030517578,19.74730682373047,44825400
2021-04-14,24.139999389648438,24.920000076293945,24.114999771118164,24.594999313354492,20.296072006225586,66767800
2021-04-15,24.625,24.625,24.295000076293945,24.395000457763672,20.131031036376953,49686200
2021-04-16,24.575000762939453,24.635000228881836,24.100000381469727,24.200000762939453,19.970111846923828,57189000
2021-04-19,24.25,24.43000030517578,23.940000534057617,24.174999237060547,19.949481964111328,40827800
2021-04-20,24.09000015258789,24.125,23.295000076293945,23.53499984741211,19.421344757080078,72574000
2021-04-21,23.235000610351562,23.920000076293945,23.125,23.834999084472656,19.668909072875977,56991000
2021-04-22,23.950000762939453,23.959999084472656,23.475000381469727,23.55500030517578,19.43785285949707,50062800
2021-04-23,23.575000762939453,23.875,23.434999465942383,23.770000457763672,19.61527442932129,33897800
2021-04-26,23.68000030517578,24.110000610351562,23.68000030517578,23.93000030517578,19.74730682373047,35891800
2021-04-27,24.020000457763672,24.30500030517578,23.90999984741211,24.219999313354492,19.986618041992188,42268800
2021-04-28,24.399999618530273,25.149999618530273,24.3799991607666,25.05500030517578,20.67567253112793,65874000
2021-04-29,25.415000915527344,25.645000457763672,25.024999618530273,25.334999084472656,20.906728744506836,66042400
2021-04-30,24.975000381469727,25.31999969482422,24.639999389648438,24.69499969482422,20.378591537475586,58519000
2021-05-03,24.979999542236328,25.440000534057617,24.899999618530273,25.375,20.939739227294922,45740000
2021-05-04,25.424999237060547,25.614999771118164,25.100000381469727,25.389999389648438,20.952116012573242,53917600
2021-05-05,25.704999923706055,26.290000915527344,25.704999923706055,26.209999084472656,21.62879180908203,79621200
2021-05-06,26.204999923706055,26.344999313354492,25.719999313354492,26.344999313354492,21.74019432067871,58710400
2021-05-07,26.075000762939453,26.860000610351562,25.979999542236328,26.815000534057617,22.12803840637207,63196200
2021-05-10,27.149999618530273,27.56999969482422,26.80500030517578,26.825000762939453,22.13629722595215,68998000
2021-05-11,26.264999389648438,26.639999389648438,25.905000686645508,26.135000228881836,21.56690216064453,113531800
2021-05-12,26.270000457763672,27.03499984741211,26.139999389648438,26.260000228881836,21.670047760009766,82195600
2021-05-13,25.94499969482422,26.424999237060547,25.59000015258789,25.940000534057617,21.40598487854004,79698200
2021-05-14,26.225000381469727,26.844999313354492,26.225000381469727,26.7450008392334,22.070274353027344,57183600
2021-05-17,26.649999618530273,27.375,26.610000610351562,27.364999771118164,22.5819091796875,67404200
2021-05-18,27.325000762939453,27.424999237060547,26.68000030517578,26.729999542236328,22.05790138244629,70435400
2021-05-19,26.104999542236328,26.360000610351562,25.700000762939453,26.065000534057617,21.509132385253906,87969600
2021-05-20,26.05500030517578,26.145000457763672,25.655000686645508,26.024999618530273,21.476123809814453,56522600
2021-05-21,26.28499984741211,26.469999313354492,26.059999465942383,26.079999923706055,21.521514892578125,50539800
2021-05-24,26.260000228881836,26.399999618530273,25.96500015258789,26.34000015258789,21.736068725585938,48020400
2021-05-25,26.274999618530273,26.344999313354492,25.764999389648438,25.80500030517578,21.294580459594727,48558600
2021-05-26,25.829999923706055,26.1299991607666,25.709999084472656,26.03499984741211,21.48438262939453,39554400
2021-05-27,26.139999389648438,26.375,25.90999984741211,26.05500030517578,21.50088119506836,39053600
2021-05-28,26.200000762939453,26.235000610351562,25.96500015258789,26.104999542236328,21.542139053344727,37125400
2021-06-01,26.6200008392334,27.170000076293945,26.604999542236328,27.110000610351562,22.37148094177246,72570200
2021-06-02,27.274999618530273,27.7450008392334,26.954999923706055,27.614999771118164,22.788209915161133,67893400
2021-06-03,27.5,27.844999313354492,27.325000762939453,27.690000534057617,22.850101470947266,58761600
2021-06-04,27.8700008392334,27.989999771118164,27.46500015258789,27.875,23.002763748168945,52658800
2021-06-07,27.8700008392334,28.040000915527344,27.71500015258789,27.7549991607666,22.90373992919922,40070400
2021-06-08,27.65999984741211,28.045000076293945,27.329999923706055,27.9950008392334,23.10179328918457,57553000
2021-06-09,28.075000762939453,28.19499969482422,27.80500030517578,27.81999969482422,22.95737648010254,56052200
2021-06-10,28.19499969482422,28.325000762939453,27.489999771118164,27.78499984741211,22.928495407104492,57353800
2021-06-11,27.885000228881836,28.040000915527344,27.655000686645508,27.690000534057617,22.850101470947266,38091400
2021-06-14,27.790000915527344,27.959999084472656,27.344999313354492,27.56999969482422,22.75107192993164,37745000
2021-06-15,27.7450008392334,28.170000076293945,27.674999237060547,28.094999313354492,23.184314727783203,64285000
2021-06-16,28.049999237060547,28.274999618530273,27.700000762939453,27.94499969482422,23.060527801513672,60786400
2021-06-17,27.875,28.110000610351562,26.6299991607666,26.9950008392334,22.276575088500977,106941800
2021-06-18,26.43000030517578,26.764999389648438,26.174999237060547,26.19499969482422,21.616411209106445,113812200
2021-06-21,26.145000457763672,27.084999084472656,26.145000457763672,27.03499984741211,22.537588119506836,84366800
2021-06-22,26.969999313354492,27.31999969482422,26.674999237060547,27.21500015258789,22.68764305114746,48344400
2021-06-23,27.46500015258789,27.774999618530273,27.239999771118164,27.290000915527344,22.75016975402832,40553000
2021-06-24,27.415000915527344,27.545000076293945,27.149999618530273,27.524999618530273,22.946073532104492,41756800
2021-06-25,27.600000381469727,27.684999465942383,27.44499969482422,27.670000076293945,23.06695556640625,38330000
2021-06-28,27.549999237060547,27.565000534057617,26.625,26.735000610351562,22.287498474121094,65702800
2021-06-29,26.895000457763672,27.045000076293945,26.56999969482422,26.604999542236328,22.179121017456055,31911000
2021-06-30,26.684999465942383,27.014999389648438,26.65999984741211,26.934999465942383,22.4542236328125,47034000
2021-07-01,27.549999237060547,27.635000228881836,27.149999618530273,27.405000686645508,22.846040725708008,47251600
2021-07-02,27.290000915527344,27.434999465942383,27.05500030517578,27.344999313354492,22.7960147857666,30471800
2021-07-06,27.2549991607666,27.30500030517578,26.344999313354492,26.454999923706055,22.054073333740234,68446200
2021-07-07,26.415000915527344,26.65999984741211,25.735000610351562,26.024999618530273,21.695606231689453,60823800
2021-07-08,25.565000534057617,26.1200008392334,25.475000381469727,25.875,21.57056427001953,49379800
2021-07-09,26.204999923706055,26.44499969482422,25.899999618530273,26.424999237060547,22.029069900512695,51206000
2021-07-12,26.125,26.545000076293945,25.940000534057617,26.385000228881836,21.995718002319336,41353000
2021-07-13,26.2549991607666,26.420000076293945,26.030000686645508,26.184999465942383,21.82899284362793,49786800
2021-07-14,26.264999389648438,26.56999969482422,25.30500030517578,25.405000686645508,21.17875099182129,66999400
2021-07-15,25.1299991607666,25.434999465942383,24.93000030517578,25.049999237060547,20.8828067779541,59670800
2021-07-16,25.239999771118164,25.25,24.295000076293945,24.34000015258789,20.290918350219727,74253800
2021-07-19,23.510000228881836,23.815000534057617,23.149999618530273,23.479999542236328,19.57398223876953,114994800
2021-07-20,23.489999771118164,24.045000076293945,23.290000915527344,23.795000076293945,19.83658218383789,83342000
2021-07-21,24.264999389648438,24.825000762939453,24.209999084472656,24.625,20.528507232666016,82042600
2021-07-22,24.600000381469727,24.600000381469727,24.139999389648438,24.350000381469727,20.29924964904785,47270000
2021-07-23,24.43000030517578,24.440000534057617,24.014999389648438,24.260000228881836,20.224224090576172,46951800
2021-07-26,24.31999969482422,24.959999084472656,24.274999618530273,24.860000610351562,20.724411010742188,47266200
2021-07-27,24.665000915527344,24.704999923706055,24.34000015258789,24.6299991607666,20.532672882080078,46888400
2021-07-28,24.69499969482422,25.059999465942383,24.469999313354492,24.854999542236328,20.720247268676758,39169200
2021-07-29,25.174999237060547,25.28499984741211,24.94499969482422,25.094999313354492,20.92031478881836,43794000
2021-07-30,25.045000076293945,25.149999618530273,24.545000076293945,24.69499969482422,20.58685874938965,49600600
2021-08-02,24.709999084472656,25.309999465942383,24.469999313354492,24.510000228881836,20.432634353637695,57810800
2021-08-03,24.43000030517578,24.979999542236328,24.200000762939453,24.93000030517578,20.782764434814453,64302000
2021-08-04,24.479999542236328,24.78499984741211,24.219999313354492,24.2549991607666,20.220054626464844,64523800
2021-08-05,24.405000686645508,24.829999923706055,24.299999237060547,24.530000686645508,20.449312210083008,45800000
2021-08-06,24.739999771118164,24.950000762939453,24.6200008392334,24.7549991607666,20.636877059936523,36214800
2021-08-09,24.424999237060547,24.600000381469727,24.239999771118164,24.405000686645508,20.3450984954834,42193400
2021-08-10,24.53499984741211,24.899999618530273,24.5049991607666,24.834999084472656,20.703571319580078,53283000
2021-08-11,24.770000457763672,25.075000762939453,24.614999771118164,25.030000686645508,20.86612892150879,47686200
2021-08-12,25.010000228881836,25.145000457763672,24.700000762939453,25.0049991607666,20.84528923034668,36517200
2021-08-13,25.020000457763672,25.020000457763672,24.649999618530273,24.709999084472656,20.599367141723633,33050800
2021-08-16,24.375,24.385000228881836,24.040000915527344,24.2549991607666,20.220054626464844,48258400
2021-08-17,24.020000457763672,24.395000457763672,23.790000915527344,24.0049991607666,20.01164436340332,51108200
2021-08-18,24.0,24.190000534057617,23.475000381469727,23.5049991607666,19.594823837280273,56305800
2021-08-19,23.100000381469727,23.25,22.56999969482422,22.895000457763672,19.086299896240234,99256200
2021-08-20,22.684999465942383,23.09000015258789,22.584999084472656,22.94499969482422,19.127979278564453,61587600
2021-08-23,23.5,23.8700008392334,23.450000762939453,23.80500030517578,19.844919204711914,58704400
2021-08-24,24.0049991607666,24.325000762939453,23.96500015258789,24.200000762939453,20.174203872680664,45382200
2021-08-25,24.149999618530273,24.520000457763672,23.989999771118164,24.385000228881836,20.328426361083984,39817600
2021-08-26,24.2450008392334,24.3799991607666,23.975000381469727,24.014999389648438,20.019981384277344,41465400
2021-08-27,24.315000534057617,24.81999969482422,24.260000228881836,24.655000686645508,20.553516387939453,46202600
2021-08-30,24.75,24.844999313354492,24.354999542236328,24.364999771118164,20.311758041381836,31817800
2021-08-31,24.2450008392334,24.46500015258789,24.139999389648438,24.200000762939453,20.174203872680664,53873200
2021-09-01,24.174999237060547,24.315000534057617,23.7549991607666,23.844999313354492,19.878263473510742,63459800
2021-09-02,24.065000534057617,24.645000457763672,24.065000534057617,24.450000762939453,20.38261604309082,61635400
2021-09-03,24.399999618530273,24.579999923706055,24.19499969482422,24.309999465942383,20.265907287597656,39162800
2021-09-07,24.19499969482422,24.5,24.075000762939453,24.165000915527344,20.145030975341797,42472800
2021-09-08,24.299999237060547,24.459999084472656,23.84000015258789,23.854999542236328,19.886598587036133,43798400
2021-09-09,23.69499969482422,24.280000686645508,23.56999969482422,23.905000686645508,19.92827796936035,50529600
2021-09-10,24.274999618530273,24.325000762939453,23.81999969482422,23.895000457763672,19.919944763183594,37513000
2021-09-13,24.204999923706055,24.7450008392334,24.204999923706055,24.579999923706055,20.49098777770996,68499600
2021-09-14,24.799999237060547,24.844999313354492,24.1200008392334,24.225000381469727,20.19504737854004,58935800
2021-09-15,24.56999969482422,25.149999618530273,24.530000686645508,25.1299991607666,20.949493408203125,76695000
2021-09-16,25.104999542236328,25.110000610351562,24.709999084472656,24.844999313354492,20.711904525756836,60643800
2021-09-17,24.719999313354492,25.110000610351562,24.594999313354492,24.65999984741211,20.55768394470215,64459000
2021-09-20,23.774999618530273,23.905000686645508,23.235000610351562,23.6200008392334,19.929916381835938,85660000
2021-09-21,23.899999618530273,24.024999618530273,23.424999237060547,23.674999237060547,19.9763240814209,51323400
2021-09-22,24.075000762939453,24.690000534057617,24.075000762939453,24.405000686645508,20.592275619506836,79252200
2021-09-23,24.540000915527344,25.334999084472656,24.424999237060547,25.260000228881836,21.313701629638672,49734200
2021-09-24,25.125,25.579999923706055,25.075000762939453,25.450000762939453,21.474023818969727,55503000
2021-09-27,26.010000228881836,26.459999084472656,25.975000381469727,26.354999542236328,22.23763084411621,81697400
2021-09-28,26.604999542236328,26.915000915527344,26.385000228881836,26.44499969482422,22.31357192993164,132975200
2021-09-29,26.420000076293945,26.610000610351562,26.094999313354492,26.44499969482422,22.31357192993164,69894400
2021-09-30,26.3700008392334,26.514999389648438,26.045000076293945,26.045000076293945,21.97606086730957,89198800
2021-10-01,26.235000610351562,26.94499969482422,26.235000610351562,26.920000076293945,22.714365005493164,83312000
2021-10-04,27.209999084472656,27.65999984741211,27.084999084472656,27.360000610351562,23.08562469482422,114815800
2021-10-05,27.75,28.024999618530273,27.235000610351562,27.520000457763672,23.220626831054688,98029600
2021-10-06,27.065000534057617,27.3799991607666,26.75,27.229999542236328,22.975940704345703,100174800
2021-10-07,27.299999237060547,27.59000015258789,27.165000915527344,27.440000534057617,23.153127670288086,77596200
2021-10-08,27.729999542236328,28.350000381469727,27.665000915527344,28.28499984741211,23.866117477416992,86200400
2021-10-11,28.709999084472656,28.795000076293945,28.155000686645508,28.18000030517578,23.77752113342285,86021400
2021-10-12,28.125,28.475000381469727,28.010000228881836,28.204999923706055,23.798614501953125,71038200
2021-10-13,28.0,28.325000762939453,27.684999465942383,28.18000030517578,23.77752113342285,57902600
2021-10-14,28.5,28.645000457763672,28.239999771118164,28.524999618530273,24.06862449645996,46786600
2021-10-15,28.844999313354492,28.954999923706055,28.649999618530273,28.665000915527344,24.18674659729004,45354800
2021-10-18,28.94499969482422,29.104999542236328,28.524999618530273,28.684999465942383,24.203624725341797,65257600
2021-10-19,28.80500030517578,29.110000610351562,28.649999618530273,29.010000228881836,24.47785186767578,44552600
2021-10-20,28.790000915527344,29.25,28.674999237060547,29.2450008392334,24.67613983154297,50212600
2021-10-21,29.020000457763672,29.125,28.469999313354492,28.704999923706055,24.220500946044922,64241800
2021-10-22,28.809999465942383,29.0,28.540000915527344,28.975000381469727,24.448320388793945,43005000
2021-10-25,29.329999923706055,29.559999465942383,29.174999237060547,29.399999618530273,24.80692481994629,50112200
2021-10-26,29.5,29.704999923706055,29.389999389648438,29.56999969482422,24.950366973876953,45503200
2021-10-27,29.25,29.40999984741211,28.655000686645508,28.719999313354492,24.2331600189209,68007600
2021-10-28,28.565000534057617,28.950000762939453,28.559999465942383,28.924999237060547,24.4061279296875,46735000
2021-10-29,29.06999969482422,29.135000228881836,28.614999771118164,28.735000610351562,24.24581527709961,43997800
2021-11-01,29.020000457763672,29.309999465942383,28.940000534057617,29.229999542236328,24.663476943969727,49656800
2021-11-02,29.059999465942383,29.28499984741211,28.860000610351562,28.954999923706055,24.431442260742188,34125400
2021-11-03,28.604999542236328,29.014999389648438,28.485000610351562,28.71500015258789,24.228940963745117,46674800
2021-11-04,29.139999389648438,29.21500015258789,28.4950008392334,28.7549991607666,24.2626895904541,76363200
2021-11-05,29.149999618530273,29.260000228881836,28.889999389648438,29.1299991607666,24.579103469848633,45207000
2021-11-08,29.375,29.700000762939453,29.235000610351562,29.395000457763672,24.802705764770508,40022400
2021-11-09,29.43000030517578,29.524999618530273,29.010000228881836,29.514999389648438,24.903953552246094,39378000
2021-11-10,29.389999389648438,29.485000610351562,28.565000534057617,28.735000610351562,24.24581527709961,72033000
2021-11-11,28.7549991607666,29.040000915527344,28.7549991607666,28.844999313354492,24.338624954223633,48996600
2021-11-12,28.725000381469727,28.889999389648438,28.600000381469727,28.774999618530273,24.279563903808594,34190000
2021-11-15,28.75,29.184999465942383,28.5049991607666,29.014999389648438,24.48206901550293,42751400
2021-11-16,29.100000381469727,29.295000076293945,28.920000076293945,29.059999465942383,24.520042419433594,40958800
2021-11-17,28.774999618530273,29.190000534057617,28.514999389648438,28.614999771118164,24.144559860229492,47339000
2021-11-18,28.549999237060547,28.774999618530273,28.100000381469727,28.44499969482422,24.001123428344727,57911000
2021-11-19,27.829999923706055,27.905000686645508,27.274999618530273,27.334999084472656,23.06452751159668,91379600
2021-11-22,27.295000076293945,28.239999771118164,27.290000915527344,27.81999969482422,23.4737606048584,67785800
2021-11-23,28.184999465942383,28.770000457763672,28.15999984741211,28.674999237060547,24.195186614990234,67724600
2021-11-24,28.524999618530273,29.1200008392334,28.485000610351562,28.954999923706055,24.431442260742188,42868600
2021-11-26,27.520000457763672,27.8799991607666,27.06999969482422,27.790000915527344,23.448448181152344,89454400
2021-11-29,28.395000457763672,28.68000030517578,27.860000610351562,27.950000762939453,23.583450317382812,70882400
2021-11-30,27.424999237060547,27.84000015258789,27.15999984741211,27.295000076293945,23.030778884887695,92524000
2021-12-01,27.934999465942383,28.190000534057617,26.989999771118164,27.0049991607666,22.786088943481445,89549600
2021-12-02,27.020000457763672,27.889999389648438,26.700000762939453,27.790000915527344,23.448448181152344,100743800
2021-12-03,28.165000915527344,28.290000915527344,27.30500030517578,27.56999969482422,23.262815475463867,75880200
2021-12-06,27.9950008392334,28.309999465942383,27.649999618530273,27.979999542236328,23.608766555786133,63939000
2021-12-07,28.3700008392334,28.905000686645508,28.334999084472656,28.635000228881836,24.161434173583984,73686600
2021-12-08,28.795000076293945,28.934999465942383,28.56999969482422,28.6299991607666,24.157211303710938,47030000
2021-12-09,28.450000762939453,28.524999618530273,28.235000610351562,28.40999984741211,23.97158432006836,46798800
2021-12-10,28.71500015258789,28.735000610351562,28.110000610351562,28.6200008392334,24.14878273010254,39051200
2021-12-13,28.364999771118164,28.450000762939453,27.690000534057617,27.825000762939453,23.477981567382812,57208000
2021-12-14,27.655000686645508,28.135000228881836,27.614999771118164,27.709999084472656,23.38094139099121,57597600
2021-12-15,27.670000076293945,27.739999771118164,26.959999084472656,27.575000762939453,23.26703643798828,67716200
2021-12-16,27.815000534057617,28.31999969482422,27.704999923706055,27.75,23.414697647094727,53731800
2021-12-17,27.549999237060547,27.674999237060547,26.940000534057617,27.184999465942383,22.937963485717773,69270200
2021-12-20,26.114999771118164,26.524999618530273,25.829999923706055,26.5049991607666,22.653772354125977,72661600
2021-12-21,26.774999618530273,27.360000610351562,26.764999389648438,27.260000228881836,23.299074172973633,50319400
2021-12-22,27.290000915527344,27.6200008392334,26.959999084472656,27.434999465942383,23.448646545410156,42206200
2021-12-23,27.55500030517578,27.829999923706055,27.440000534057617,27.450000762939453,23.461467742919922,33370600
2021-12-27,27.360000610351562,28.075000762939453,27.1299991607666,28.049999237060547,23.974287033081055,43484400
2021-12-28,28.1200008392334,28.30500030517578,27.875,28.030000686645508,23.957197189331055,35877000
2021-12-29,27.985000610351562,28.1200008392334,27.71500015258789,27.850000381469727,23.8033504486084,30218200
2021-12-30,27.860000610351562,28.079999923706055,27.655000686645508,27.68000030517578,23.658048629760742,27180000
2021-12-31,27.610000610351562,27.895000457763672,27.565000534057617,27.75,23.717880249023438,26482400
2022-01-03,27.790000915527344,28.655000686645508,27.774999618530273,28.610000610351562,24.452919006347656,65054200
2022-01-04,29.0,29.71500015258789,28.905000686645508,29.600000381469727,25.299068450927734,79957600
2022-01-05,29.889999389648438,30.219999313354492,29.549999237060547,29.594999313354492,25.294795989990234,90804000
2022-01-06,30.290000915527344,30.424999237060547,29.829999923706055,30.2549991607666,25.858898162841797,74681400
2022-01-07,30.3700008392334,30.75,30.15999984741211,30.670000076293945,26.213598251342773,71169200
2022-01-10,30.739999771118164,30.799999237060547,30.174999237060547,30.575000762939453,26.132404327392578,66473000
2022-01-11,30.84000015258789,31.670000076293945,30.579999923706055,31.614999771118164,27.021286010742188,76887800
2022-01-12,31.78499984741211,31.8700008392334,31.44499969482422,31.674999237060547,27.07257080078125,60496800
2022-01-13,31.674999237060547,31.93000030517578,31.385000228881836,31.514999389648438,26.935819625854492,59554000
2022-01-14,31.545000076293945,32.30500030517578,31.524999618530273,32.255001068115234,27.568296432495117,64801000
2022-01-18,32.599998474121094,32.76499938964844,31.889999389648438,32.3849983215332,27.67940330505371,82133400
2022-01-19,32.6349983215332,32.66999816894531,31.895000457763672,32.150001525878906,27.47854995727539,65978000
2022-01-20,31.940000534057617,32.709999084472656,31.790000915527344,31.854999542236328,27.226415634155273,83980800
2022-01-21,31.4950008392334,31.69499969482422,30.895000457763672,31.225000381469727,26.687957763671875,114539600
2022-01-24,30.485000610351562,31.545000076293945,29.920000076293945,31.434999465942383,26.867443084716797,124505600
2022-01-25,31.315000534057617,32.775001525878906,30.735000610351562,32.654998779296875,27.910173416137695,118434400
2022-01-26,33.0,33.26499938964844,32.244998931884766,32.599998474121094,27.863161087036133,130725400
2022-01-27,33.17499923706055,33.529998779296875,32.40999984741211,32.95500183105469,28.166584014892578,108901400
2022-01-28,32.73500061035156,33.1349983215332,32.130001068115234,32.814998626708984,28.04692268371582,105302400
2022-01-31,32.7400016784668,33.16999816894531,32.220001220703125,32.959999084472656,28.170854568481445,63298400
2022-02-01,32.76499938964844,34.21500015258789,32.689998626708984,34.1349983215332,29.175121307373047,90444600
2022-02-02,33.959999084472656,34.310001373291016,33.540000915527344,34.244998931884766,29.269145965576172,65197000
2022-02-03,34.10499954223633,34.17499923706055,33.54999923706055,33.91999816894531,28.991369247436523,61962600
2022-02-04,34.349998474121094,35.0,34.27000045776367,34.45000076293945,29.444355010986328,81733400
2022-02-07,34.28499984741211,35.21500015258789,34.025001525878906,34.88999938964844,29.820423126220703,65165000
2022-02-08,34.78499984741211,34.85499954223633,33.900001525878906,34.13999938964844,29.179397583007812,75764200
2022-02-09,34.220001220703125,34.689998626708984,34.1349983215332,34.42499923706055,29.422988891601562,70791400
2022-02-10,34.255001068115234,34.869998931884766,33.98500061035156,34.209999084472656,29.239229202270508,75643200
2022-02-11,34.439998626708984,35.25,34.224998474121094,35.20500183105469,30.089658737182617,93034000
2022-02-14,34.9900016784668,35.029998779296875,33.96500015258789,34.375,29.3802547454834,99633000
2022-02-15,33.529998779296875,34.095001220703125,33.34000015258789,34.01499938964844,29.072559356689453,86092200
2022-02-16,34.28499984741211,34.8849983215332,34.08000183105469,34.290000915527344,29.307600021362305,73444200
2022-02-17,34.2599983215332,34.595001220703125,33.970001220703125,34.23500061035156,29.260597229003906,67622800
2022-02-18,33.75,34.29499816894531,33.69499969482422,34.025001525878906,29.08111000061035,63291600
2022-02-22,35.05500030517578,35.05500030517578,32.970001220703125,33.474998474121094,28.611024856567383,93002800
2022-02-23,33.66999816894531,34.08000183105469,33.474998474121094,33.81999969482422,28.905895233154297,67958000
2022-02-24,34.540000915527344,34.58000183105469,32.68000030517578,33.55500030517578,28.679405212402344,123485800
2022-02-25,33.630001068115234,34.474998474121094,33.630001068115234,34.439998626708984,29.435810089111328,78423000
2022-02-28,34.19499969482422,35.33000183105469,34.005001068115234,35.290000915527344,30.16230010986328,96394200
2022-03-01,35.60499954223633,36.244998931884766,35.14500045776367,35.64500045776367,30.465723037719727,124231000
2022-03-02,36.189998626708984,36.75,36.01499938964844,36.459999084472656,31.16229820251465,90908200
2022-03-03,36.10499954223633,36.810001373291016,36.029998779296875,36.560001373291016,31.247764587402344,89119800
2022-03-04,36.55500030517578,37.6349983215332,36.459999084472656,37.6150016784668,32.149478912353516,105216800
2022-03-07,38.005001068115234,38.779998779296875,37.31999969482422,38.16999816894531,32.623836517333984,131214800
2022-03-08,39.040000915527344,40.11000061035156,37.665000915527344,38.77000045776367,33.13665771484375,196054400
2022-03-09,37.349998474121094,38.470001220703125,36.75,37.584999084472656,32.12384033203125,174036400
2022-03-10,38.029998779296875,38.834999084472656,37.7599983215332,38.73500061035156,33.10673904418945,137802600
2022-03-11,38.1150016784668,38.904998779296875,38.05500030517578,38.42499923706055,32.8417854309082,91837800
2022-03-14,37.60499954223633,37.869998931884766,36.775001525878906,37.275001525878906,31.858882904052734,101490000
2022-03-15,35.83000183105469,36.32500076293945,35.220001220703125,35.90999984741211,30.692218780517578,124724400
2022-03-16,36.04499816894531,36.36000061035156,35.369998931884766,35.744998931884766,30.551183700561523,107536200
2022-03-17,36.380001068115234,37.06999969482422,36.154998779296875,36.974998474121094,31.60247230529785,76956400
2022-03-18,36.90999984741211,37.189998626708984,36.65999984741211,36.939998626708984,31.572547912597656,58550800
2022-03-21,37.33000183105469,38.185001373291016,37.310001373291016,38.064998626708984,32.845298767089844,68714800
2022-03-22,37.904998779296875,38.1150016784668,37.35499954223633,37.78499984741211,32.60368347167969,66462200
2022-03-23,38.494998931884766,38.790000915527344,38.310001373291016,38.435001373291016,33.1645622253418,58663000
2022-03-24,38.58000183105469,38.90999984741211,38.275001525878906,38.529998779296875,33.24653244018555,52700600
2022-03-25,38.29999923706055,39.42499923706055,38.27000045776367,39.375,33.97565841674805,56083600
2022-03-28,38.564998626708984,38.58000183105469,38.154998779296875,38.400001525878906,33.13436508178711,69760400
2022-03-29,37.540000915527344,38.31999969482422,37.095001220703125,38.29999923706055,33.048065185546875,73274000
2022-03-30,38.66999816894531,39.02000045776367,38.43000030517578,38.744998931884766,33.43204879760742,49736400
2022-03-31,38.380001068115234,39.10499954223633,38.21500015258789,38.220001220703125,32.979042053222656,65606600
2022-04-01,38.16999816894531,38.88999938964844,38.14500045776367,38.529998779296875,33.24653244018555,49612600
2022-04-04,38.779998779296875,38.904998779296875,38.16999816894531,38.58000183105469,33.28968048095703,46007400
2022-04-05,38.650001525878906,39.244998931884766,37.93000030517578,37.974998474121094,32.76763153076172,54577200
2022-04-06,38.38999938964844,38.73500061035156,37.98500061035156,38.20000076293945,32.9617805480957,64328400
2022-04-07,38.380001068115234,38.83000183105469,37.66999816894531,38.70000076293945,33.393218994140625,54097400
2022-04-08,38.80500030517578,39.875,38.80500030517578,39.76499938964844,34.31217956542969,53426200
2022-04-11,39.34000015258789,39.349998474121094,38.48500061035156,38.56999969482422,33.281044006347656,52461000
2022-04-12,39.349998474121094,39.92499923706055,39.1349983215332,39.209999084472656,33.83328628540039,63929400
2022-04-13,39.689998626708984,39.904998779296875,39.03499984741211,39.79499816894531,34.33806610107422,49295800
2022-04-14,39.60499954223633,40.2400016784668,39.54499816894531,39.92499923706055,34.45022964477539,51869400
2022-04-18,40.255001068115234,40.75,40.005001068115234,40.5099983215332,34.95502471923828,60913200
2022-04-19,40.29999923706055,40.69499969482422,39.94499969482422,40.18000030517578,34.67027282714844,45727800
2022-04-20,40.28499984741211,40.54999923706055,39.89500045776367,40.334999084472656,34.80401611328125,52079400
2022-04-21,40.57500076293945,40.755001068115234,38.904998779296875,39.05500030517578,33.69953536987305,65157800
2022-04-22,38.900001525878906,39.459999084472656,38.084999084472656,38.099998474121094,32.87548828125,71499200
2022-04-25,36.900001525878906,37.040000915527344,35.5,36.84000015258789,31.78827476501465,110724400
2022-04-26,37.1150016784668,37.900001525878906,36.79499816894531,36.88999938964844,31.83140754699707,89168600
2022-04-27,37.125,37.79499816894531,36.459999084472656,37.43000030517578,32.2973747253418,89132600
2022-04-28,37.68000030517578,38.880001068115234,36.939998626708984,38.564998626708984,33.2767333984375,87469600
2022-04-29,38.650001525878906,38.869998931884766,37.439998626708984,37.57500076293945,32.422481536865234,79416200
2022-05-02,37.345001220703125,38.189998626708984,37.22999954223633,38.17499923706055,32.940216064453125,104141200
2022-05-03,38.244998931884766,39.42499923706055,38.220001220703125,39.244998931884766,33.86349105834961,83298800
2022-05-04,40.0,40.959999084472656,39.4900016784668,40.875,35.269962310791016,90767400
2022-05-05,41.165000915527344,41.20500183105469,39.439998626708984,40.2599983215332,34.73929977416992,93194000
2022-05-06,40.779998779296875,41.46500015258789,39.96500015258789,41.459999084472656,35.774749755859375,94245600
2022-05-09,40.56999969482422,40.60499954223633,37.875,38.029998779296875,32.81509780883789,106044000
2022-05-10,38.6150016784668,39.345001220703125,37.564998626708984,38.375,33.11278533935547,113727800
2022-05-11,39.01499938964844,40.165000915527344,38.82500076293945,38.88999938964844,33.557167053222656,99705000
2022-05-12,38.875,39.07500076293945,37.84000015258789,39.05500030517578,33.69953536987305,90043600
2022-05-13,39.6349983215332,40.54999923706055,39.564998626708984,40.38999938964844,34.85147476196289,59437400
2022-05-16,40.53499984741211,41.880001068115234,40.5099983215332,41.45500183105469,35.77043533325195,56518800
2022-05-17,42.01499938964844,42.189998626708984,41.560001373291016,41.935001373291016,36.18461608886719,56329400
2022-05-18,42.23500061035156,42.28499984741211,40.369998931884766,40.86000061035156,35.25703430175781,66461400
2022-05-19,39.93000030517578,41.39500045776367,39.93000030517578,40.709999084472656,35.127593994140625,71441000
2022-05-20,41.209999084472656,41.69499969482422,40.064998626708984,40.8849983215332,35.27859878540039,63840000
2022-05-23,41.369998931884766,42.11000061035156,41.1150016784668,41.96500015258789,36.21049880981445,53289400
2022-05-24,41.5,42.29999923706055,41.18000030517578,42.125,36.34856033325195,53127600
2022-05-25,42.27000045776367,43.05500030517578,42.209999084472656,42.994998931884766,37.09925842285156,52648000
2022-05-26,43.255001068115234,43.79499816894531,43.224998474121094,43.470001220703125,37.509124755859375,42678200
2022-05-27,43.275001525878906,44.3849983215332,43.16999816894531,44.26499938964844,38.19510269165039,37334400
2022-05-31,44.994998931884766,45.22999954223633,43.3650016784668,43.599998474121094,37.621299743652344,78681200
2022-06-01,44.150001525878906,44.6349983215332,43.665000915527344,44.310001373291016,38.23393630981445,59297200
2022-06-02,44.0,44.47999954223633,43.72999954223633,44.16999816894531,38.11314010620117,52605400
2022-06-03,44.224998474121094,44.89500045776367,44.17499923706055,44.755001068115234,38.61792755126953,41050600
2022-06-06,44.970001220703125,45.0,44.46500015258789,44.70500183105469,38.57477569580078,33384600
2022-06-07,44.67499923706055,46.099998474121094,44.63999938964844,46.040000915527344,39.72671890258789,51378800
2022-06-08,46.26499938964844,46.654998779296875,45.85499954223633,46.13999938964844,39.81299591064453,56985400
2022-06-09,45.744998931884766,46.03499984741211,45.06999969482422,45.119998931884766,38.932865142822266,49176200
2022-06-10,44.599998474121094,45.27000045776367,43.84000015258789,44.35499954223633,38.272769927978516,62543600
2022-06-13,43.0099983215332,43.05500030517578,41.20500183105469,42.040000915527344,36.27522659301758,89462600
2022-06-14,42.8849983215332,43.435001373291016,41.56999969482422,42.119998931884766,36.34424591064453,69512800
2022-06-15,42.025001525878906,42.23500061035156,40.494998931884766,41.189998626708984,35.541778564453125,86446400
2022-06-16,40.095001220703125,40.314998626708984,38.53499984741211,38.869998931884766,33.5399055480957,115958200
2022-06-17,38.599998474121094,38.8849983215332,36.29999923706055,36.744998931884766,31.706295013427734,128468400
2022-06-21,37.30500030517578,38.47999954223633,37.2400016784668,38.220001220703125,33.348876953125,70013400
2022-06-22,36.380001068115234,37.334999084472656,36.18000030517578,36.689998626708984,32.01387023925781,82425200
2022-06-23,36.8650016784668,37.130001068115234,34.73500061035156,35.33000183105469,30.827213287353516,113842200
2022-06-24,35.935001373291016,36.55500030517578,35.415000915527344,35.79499816894531,31.232938766479492,94797000
2022-06-27,36.209999084472656,37.095001220703125,36.165000915527344,36.845001220703125,32.14912033081055,67958800
2022-06-28,37.720001220703125,38.45000076293945,37.27000045776367,37.84000015258789,33.017303466796875,79568000
2022-06-29,38.3650016784668,38.494998931884766,36.41999816894531,36.525001525878906,31.869905471801758,71184000
2022-06-30,35.7400016784668,36.68000030517578,35.435001373291016,35.755001068115234,31.198041915893555,75533400
2022-07-01,36.189998626708984,36.44499969482422,35.064998626708984,36.290000915527344,31.66485595703125,69204000
2022-07-05,35.540000915527344,35.709999084472656,34.095001220703125,34.849998474121094,30.408382415771484,89865800
2022-07-06,34.474998474121094,35.095001220703125,33.224998474121094,34.255001068115234,29.889219284057617,96419000
2022-07-07,35.185001373291016,35.77000045776367,35.099998474121094,35.4900016784668,30.966815948486328,67587200
2022-07-08,35.91999816894531,36.06999969482422,34.97999954223633,35.474998474121094,30.95372200012207,43940600
2022-07-11,35.029998779296875,35.43000030517578,34.665000915527344,35.1349983215332,30.65705108642578,45508200
2022-07-12,34.21500015258789,34.654998779296875,33.83000183105469,34.45000076293945,30.059358596801758,64690200
2022-07-13,33.95000076293945,35.1150016784668,33.95000076293945,34.39500045776367,30.011367797851562,58978000
2022-07-14,33.189998626708984,33.78499984741211,32.7400016784668,33.744998931884766,29.444211959838867,73273600
2022-07-15,34.47999954223633,34.51499938964844,33.78499984741211,34.29499816894531,29.924114227294922,59920600
2022-07-18,35.209999084472656,35.65999984741211,34.915000915527344,35.08000183105469,30.60906982421875,51453600
2022-07-19,35.029998779296875,36.25,35.02000045776367,36.15999984741211,31.55142593383789,48776400
2022-07-20,35.7599983215332,36.67499923706055,35.61000061035156,36.5099983215332,31.85681915283203,41849400
2022-07-21,35.5099983215332,35.904998779296875,34.83000183105469,35.869998931884766,31.29837417602539,43159200
2022-07-22,36.0099983215332,36.3650016784668,35.369998931884766,35.57500076293945,31.04098129272461,40836400
2022-07-25,36.064998626708984,36.915000915527344,35.6349983215332,36.880001068115234,32.179664611816406,39112000
2022-07-26,37.31999969482422,37.48500061035156,36.29999923706055,36.54499816894531,31.887351989746094,37228800
2022-07-27,36.779998779296875,37.55500030517578,36.404998779296875,37.369998931884766,32.60721206665039,44810800
2022-07-28,37.70500183105469,37.96500015258789,36.8849983215332,37.58000183105469,32.79045104980469,46665400
2022-07-29,38.26499938964844,39.33000183105469,38.189998626708984,39.209999084472656,34.212703704833984,51667600
2022-08-01,38.540000915527344,38.63999938964844,37.8849983215332,38.400001525878906,33.505943298339844,51331000
2022-08-02,38.404998779296875,38.69499969482422,37.970001220703125,38.310001373291016,33.427406311035156,39864400
2022-08-03,38.470001220703125,38.584999084472656,36.97999954223633,37.209999084472656,32.467594146728516,57013200
2022-08-04,36.95500183105469,37.060001373291016,35.69499969482422,35.83000183105469,31.263479232788086,55991000
2022-08-05,35.345001220703125,36.85499954223633,35.345001220703125,36.540000915527344,31.882991790771484,45179600
2022-08-08,36.5,37.060001373291016,36.44499969482422,36.72999954223633,32.04877471923828,37756600
2022-08-09,37.25,37.849998474121094,37.185001373291016,37.375,32.611572265625,34683000
2022-08-10,37.459999084472656,37.86000061035156,36.720001220703125,37.64500045776367,32.8471565246582,34788400
2022-08-11,38.349998474121094,39.27000045776367,38.23500061035156,38.939998626708984,33.97712326049805,60531600
2022-08-12,38.685001373291016,39.255001068115234,38.52000045776367,39.23500061035156,34.234519958496094,38381000
2022-08-15,37.814998626708984,38.68000030517578,37.470001220703125,38.470001220703125,33.5670166015625,42024400
2022-08-16,38.525001525878906,38.93000030517578,38.13999938964844,38.380001068115234,33.48848342895508,39357600
2022-08-17,38.20500183105469,39.099998474121094,38.10499954223633,38.70000076293945,33.767704010009766,45472400
2022-08-18,39.130001068115234,39.779998779296875,39.060001373291016,39.7400016784668,34.675148010253906,46866000
2022-08-19,39.63999938964844,40.005001068115234,39.40999984741211,39.72999954223633,34.66642379760742,39488400
2022-08-22,39.38999938964844,39.900001525878906,38.7400016784668,39.654998779296875,34.600982666015625,45696200
2022-08-23,40.30500030517578,41.39500045776367,40.275001525878906,41.084999084472656,35.84872817993164,54367000
2022-08-24,41.09000015258789,41.650001525878906,40.904998779296875,41.59000015258789,36.28937530517578,49093200
2022-08-25,41.83000183105469,42.119998931884766,41.505001068115234,41.90999984741211,36.56858825683594,39798600
2022-08-26,41.82500076293945,42.279998779296875,41.23500061035156,41.41999816894531,36.14104080200195,38635200
2022-08-29,41.400001525878906,42.59000015258789,41.29499816894531,42.04499816894531,36.686370849609375,52125000
2022-08-30,41.32500076293945,41.334999084472656,40.28499984741211,40.619998931884766,35.44300079345703,57641800
2022-08-31,39.6150016784668,40.91999816894531,39.470001220703125,40.25,35.120147705078125,58304600
2022-09-01,39.654998779296875,39.80500030517578,38.709999084472656,39.2599983215332,34.256324768066406,56604200
2022-09-02,40.224998474121094,40.5099983215332,39.76499938964844,39.97999954223633,34.88456726074219,57188200
2022-09-06,40.35499954223633,40.4900016784668,39.44499969482422,39.61000061035156,34.56172180175781,45568200
2022-09-07,38.744998931884766,39.31999969482422,38.38999938964844,39.150001525878906,34.16035079956055,60541400
2022-09-08,39.32500076293945,39.51499938964844,38.845001220703125,39.31999969482422,34.308685302734375,53681600
2022-09-09,40.025001525878906,40.494998931884766,39.72999954223633,40.29999923706055,35.16377639770508,38678800
2022-09-12,40.88999938964844,41.48500061035156,40.540000915527344,41.040000915527344,35.80946731567383,41731800
2022-09-13,40.400001525878906,41.09000015258789,39.82500076293945,40.005001068115234,34.9063720703125,61146000
2022-09-14,40.380001068115234,41.42499923706055,40.380001068115234,41.1349983215332,35.892356872558594,54384200
2022-09-15,40.404998779296875,40.57500076293945,39.880001068115234,40.07500076293945,34.96745681762695,55886400
2022-09-16,39.95000076293945,39.97999954223633,38.650001525878906,39.220001220703125,34.22142791748047,70403600
2022-09-19,37.72999954223633,38.845001220703125,37.63999938964844,38.81999969482422,34.24171447753906,37625800
2022-09-20,38.54999923706055,38.775001525878906,38.095001220703125,38.54999923706055,34.00355911254883,42299600
2022-09-21,39.275001525878906,39.33000183105469,37.970001220703125,37.98500061035156,33.50518798828125,68705800
2022-09-22,38.67499923706055,38.79999923706055,37.81999969482422,37.849998474121094,33.386112213134766,57748000
2022-09-23,36.380001068115234,36.45000076293945,34.970001220703125,35.2400016784668,31.08392906188965,105475600
2022-09-26,35.02000045776367,35.459999084472656,34.33000183105469,34.375,30.320941925048828,72159600
2022-09-27,34.970001220703125,35.404998779296875,34.564998626708984,34.7599983215332,30.66053581237793,67671200
2022-09-28,35.11000061035156,36.5,34.900001525878906,36.29999923706055,32.0189094543457,63147600
2022-09-29,36.03499984741211,36.375,35.400001525878906,36.29999923706055,32.0189094543457,48563000
2022-09-30,36.0099983215332,36.5099983215332,35.65999984741211,36.0099983215332,31.76311683654785,43369400
2022-10-03,37.30500030517578,38.244998931884766,37.244998931884766,38.04499816894531,33.5581169128418,69550600
2022-10-04,38.814998626708984,39.71500015258789,38.5099983215332,39.68000030517578,35.00028991699219,66330800
2022-10-05,39.665000915527344,40.814998626708984,39.32500076293945,40.5,35.72357940673828,61273600
2022-10-06,40.16999816894531,41.345001220703125,40.13999938964844,41.220001220703125,36.35866928100586,52670200
2022-10-07,41.30500030517578,41.77000045776367,40.60499954223633,40.900001525878906,36.076412200927734,56915400
2022-10-10,41.060001373291016,41.40999984741211,39.93000030517578,40.060001373291016,35.33546829223633,46331600
2022-10-11,39.310001373291016,40.42499923706055,39.14500045776367,39.7400016784668,35.0532112121582,53842200
2022-10-12,39.47999954223633,40.34000015258789,39.220001220703125,40.060001373291016,35.33546829223633,41102400
2022-10-13,39.53499984741211,41.85499954223633,39.525001525878906,41.69499969482422,36.77764892578125,70134800
2022-10-14,41.2400016784668,41.834999084472656,40.060001373291016,40.13999938964844,35.406036376953125,53494600
2022-10-17,40.77000045776367,41.310001373291016,40.525001525878906,40.63999938964844,35.84706497192383,37988400
2022-10-18,40.974998474121094,41.375,40.20500183105469,40.994998931884766,36.16020584106445,50375800
2022-10-19,41.1150016784668,42.36000061035156,41.099998474121094,42.20500183105469,37.22750473022461,62527600
2022-10-20,42.525001525878906,42.915000915527344,41.9900016784668,42.244998931884766,37.262786865234375,50523600
2022-10-21,42.47999954223633,43.54999923706055,42.369998931884766,43.46500015258789,38.33890151977539,50548400
2022-10-24,43.439998626708984,43.974998474121094,43.20500183105469,43.66999816894531,38.51972198486328,44992000
2022-10-25,43.5,43.915000915527344,43.26499938964844,43.71500015258789,38.55942153930664,37683600
2022-10-26,43.880001068115234,44.65999984741211,43.849998474121094,44.310001373291016,39.08424758911133,45413000
2022-10-27,44.91999816894531,45.220001220703125,44.334999084472656,44.470001220703125,39.22537612915039,50021200
2022-10-28,44.95000076293945,45.314998626708984,43.82500076293945,44.625,39.362091064453125,49328000
2022-10-31,44.185001373291016,45.59000015258789,44.1349983215332,45.0,39.69287109375,59520800
2022-11-01,45.755001068115234,45.775001525878906,45.15999984741211,45.435001373291016,40.07657241821289,43510800
2022-11-02,45.290000915527344,45.525001525878906,44.23500061035156,44.34000015258789,39.1107063293457,56499200
2022-11-03,44.06999969482422,45.415000915527344,43.94499969482422,45.15999984741211,39.83399963378906,53634400
2022-11-04,46.165000915527344,46.5099983215332,45.06999969482422,45.709999084472656,40.319129943847656,60590600
2022-11-07,45.80500030517578,46.63999938964844,45.724998474121094,46.494998931884766,41.01155471801758,38775400
2022-11-08,46.404998779296875,46.7400016784668,45.970001220703125,46.540000915527344,41.05124282836914,43718600
2022-11-09,45.90999984741211,46.05500030517578,44.165000915527344,44.26499938964844,39.04454040527344,63028000
2022-11-10,45.18000030517578,45.29999923706055,44.25,45.25,39.913387298583984,58488200
2022-11-11,46.1150016784668,46.80500030517578,46.005001068115234,46.564998626708984,41.07329559326172,51082600
2022-11-14,46.43000030517578,47.35499954223633,46.42499923706055,46.54999923706055,41.0600700378418,46245200
2022-11-15,46.724998474121094,47.15999984741211,46.41999816894531,47.040000915527344,41.492286682128906,51542200
2022-11-16,46.619998931884766,46.904998779296875,45.84000015258789,46.08000183105469,40.64550018310547,47277200
2022-11-17,45.375,46.220001220703125,45.13999938964844,46.18000030517578,40.73370361328125,42859800
2022-11-18,45.32500076293945,45.939998626708984,44.755001068115234,45.814998626708984,40.4117546081543,47366200
2022-11-21,44.81999969482422,45.314998626708984,43.64500045776367,45.19499969482422,39.8648681640625,85153600
2022-11-22,45.7599983215332,46.71500015258789,45.54999923706055,46.61000061035156,41.11299514770508,53755000
2022-11-23,45.76499938964844,46.400001525878906,45.595001220703125,46.10499954223633,40.66755294799805,41197400
2022-11-25,46.1349983215332,46.459999084472656,45.85499954223633,45.935001373291016,40.51759719848633,15182600
2022-11-28,44.810001373291016,45.375,44.525001525878906,44.67499923706055,39.40620422363281,58262400
2022-11-29,45.16999816894531,45.6150016784668,45.005001068115234,45.349998474121094,40.0015869140625,38048400
2022-11-30,45.85499954223633,45.94499969482422,44.86000061035156,45.57500076293945,40.20005416870117,43830200
2022-12-01,45.89500045776367,46.125,45.27000045776367,45.42499923706055,40.06774139404297,38902000
2022-12-02,45.11000061035156,45.689998626708984,44.88999938964844,45.154998779296875,39.82958221435547,36770000
2022-12-05,45.599998474121094,45.779998779296875,43.439998626708984,43.814998626708984,38.64762878417969,51753800
2022-12-06,43.540000915527344,44.064998626708984,42.3650016784668,42.65999984741211,37.62883758544922,64930200
2022-12-07,42.650001525878906,43.209999084472656,42.185001373291016,42.560001373291016,37.54063415527344,48894200
2022-12-08,43.51499938964844,43.61000061035156,42.1349983215332,42.369998931884766,37.37303924560547,51280800
2022-12-09,42.23500061035156,42.70000076293945,41.32500076293945,41.34000015258789,36.46451950073242,48097800
2022-12-12,41.57500076293945,42.525001525878906,41.415000915527344,42.42499923706055,37.42155456542969,42184800
2022-12-13,43.25,43.59000015258789,42.88999938964844,43.22999954223633,38.131614685058594,54557400
2022-12-14,43.525001525878906,43.68000030517578,42.58000183105469,42.96500015258789,37.89787673950195,52675600
2022-12-15,42.59000015258789,42.80500030517578,41.97999954223633,42.70500183105469,37.66853713989258,40406600
2022-12-16,41.900001525878906,42.380001068115234,41.60499954223633,42.18000030517578,37.20545196533203,59101000
2022-12-19,42.189998626708984,42.32500076293945,41.439998626708984,41.744998931884766,37.200992584228516,36836600
2022-12-20,41.875,42.64500045776367,41.71500015258789,42.375,37.762413024902344,28593000
2022-12-21,43.2400016784668,43.375,42.60499954223633,43.18000030517578,38.479793548583984,34058200
2022-12-22,43.224998474121094,43.25,41.34000015258789,42.185001373291016,37.593101501464844,37359400
2022-12-23,42.744998931884766,43.540000915527344,42.525001525878906,43.529998779296875,38.79168701171875,29630000
2022-12-27,43.720001220703125,44.18000030517578,43.560001373291016,43.994998931884766,39.20607376098633,32749200
2022-12-28,43.935001373291016,43.935001373291016,42.875,43.0099983215332,38.32829284667969,31838000
2022-12-29,42.83000183105469,43.654998779296875,42.810001373291016,43.459999084472656,38.72931671142578,26915800
2022-12-30,43.22999954223633,43.81999969482422,43.224998474121094,43.73500061035156,38.97438430786133,22661800
2023-01-03,43.459999084472656,43.68000030517578,41.67499923706055,42.20000076293945,37.606468200683594,53082800
2023-01-04,41.57500076293945,42.439998626708984,41.415000915527344,42.19499969482422,37.60200881958008,45705200
2023-01-05,42.125,43.20000076293945,42.005001068115234,42.96500015258789,38.28820037841797,38723800
2023-01-06,43.52000045776367,44.314998626708984,43.40999984741211,43.779998779296875,39.01447677612305,44422400
2023-01-09,44.439998626708984,44.5099983215332,43.48500061035156,43.625,38.8763542175293,46003200
2023-01-10,43.90999984741211,44.025001525878906,43.244998931884766,43.935001373291016,39.152610778808594,31599000
2023-01-11,44.31999969482422,44.43000030517578,43.595001220703125,44.06999969482422,39.27291488647461,32903000
2023-01-12,44.334999084472656,45.20000076293945,44.25,44.90999984741211,40.021480560302734,36716000
2023-01-13,44.875,45.084999084472656,44.400001525878906,44.974998474121094,40.07939529418945,31808400
2023-01-17,45.08000183105469,45.540000915527344,44.8849983215332,45.06999969482422,40.164058685302734,33933200
2023-01-18,45.279998779296875,45.78499984741211,44.20000076293945,44.244998931884766,39.428863525390625,38075200
2023-01-19,43.9900016784668,44.974998474121094,43.89500045776367,44.79499816894531,39.91899490356445,34293800
2023-01-20,44.88999938964844,45.39500045776367,44.435001373291016,45.2400016784668,40.3155632019043,28560000
2023-01-23,45.56999969482422,45.79499816894531,45.154998779296875,45.29999923706055,40.3690299987793,29305000
2023-01-24,45.150001525878906,45.22999954223633,44.22999954223633,45.125,40.213077545166016,30755200
2023-01-25,44.904998779296875,45.130001068115234,44.189998626708984,45.130001068115234,40.217533111572266,26861200
2023-01-26,45.86000061035156,46.57500076293945,45.29999923706055,46.55500030517578,41.48741912841797,36663000
2023-01-27,46.30500030517578,46.53499984741211,45.540000915527344,45.6150016784668,40.64973831176758,34841000
2023-01-30,45.28499984741211,45.349998474121094,44.5099983215332,44.56999969482422,39.71848678588867,27525000
2023-01-31,44.41999816894531,45.03499984741211,43.96500015258789,44.96500015258789,40.07048797607422,27848200
2023-02-01,44.755001068115234,44.94499969482422,43.5,44.08000183105469,39.281829833984375,46967200
2023-02-02,43.90999984741211,43.994998931884766,42.599998474121094,43.07500076293945,38.38622283935547,49803000
2023-02-03,43.255001068115234,43.95500183105469,42.935001373291016,42.97999954223633,38.30155563354492,45454800
2023-02-06,43.02000045776367,43.345001220703125,42.2599983215332,42.78499984741211,38.1277961730957,31714400
2023-02-07,43.05500030517578,44.2400016784668,42.83000183105469,44.17499923706055,39.36648178100586,41014000
2023-02-08,44.13999938964844,44.3650016784668,43.529998779296875,43.779998779296875,39.01447677612305,26967200
2023-02-09,43.78499984741211,43.92499923706055,43.375,43.404998779296875,38.68030548095703,32150400
2023-02-10,44.125,45.19499969482422,44.084999084472656,45.10499954223633,40.195255279541016,40003200
2023-02-13,44.875,45.165000915527344,44.40999984741211,44.9900016784668,40.0927734375,24744800
2023-02-14,44.6349983215332,45.334999084472656,44.5099983215332,45.005001068115234,40.10614776611328,27022600
2023-02-15,44.5,44.595001220703125,43.67499923706055,44.2400016784668,39.42441177368164,31939600
2023-02-16,44.0,44.380001068115234,43.7599983215332,43.80500030517578,39.03675079345703,25314200
2023-02-17,43.125,43.154998779296875,42.060001373291016,42.244998931884766,37.646568298339844,44680400
2023-02-21,42.060001373291016,42.52000045776367,41.95500183105469,42.03499984741211,37.45942687988281,33622600
2023-02-22,41.91999816894531,42.314998626708984,41.39500045776367,41.755001068115234,37.20990753173828,40270400
2023-02-23,42.3849983215332,42.630001068115234,41.849998474121094,42.3849983215332,37.77132797241211,35023400
2023-02-24,41.7599983215332,42.38999938964844,41.52000045776367,42.33000183105469,37.722320556640625,37496800
2023-02-27,42.415000915527344,42.63999938964844,42.10499954223633,42.45500183105469,37.833709716796875,30676400
2023-02-28,42.8849983215332,42.900001525878906,41.810001373291016,41.845001220703125,37.29010772705078,38007600
2023-03-01,41.880001068115234,42.8849983215332,41.724998474121094,42.66999816894531,38.02531433105469,37094000
2023-03-02,42.595001220703125,43.20500183105469,42.459999084472656,43.04499816894531,38.3594856262207,32798600
2023-03-03,42.529998779296875,43.845001220703125,42.5,43.630001068115234,38.88080978393555,50675200
2023-03-06,43.38999938964844,43.720001220703125,43.21500015258789,43.650001525878906,38.89863204956055,33898400
2023-03-07,43.38999938964844,43.5,42.779998779296875,42.88999938964844,38.22136306762695,37000400
2023-03-08,42.70000076293945,43.244998931884766,42.040000915527344,42.45000076293945,37.829254150390625,39399000
2023-03-09,42.69499969482422,43.29499816894531,41.84000015258789,41.849998474121094,37.294559478759766,37888200
2023-03-10,41.849998474121094,42.439998626708984,41.07500076293945,41.314998626708984,36.81779861450195,56624800
2023-03-13,40.2599983215332,41.20000076293945,39.55500030517578,40.474998474121094,36.06923294067383,83327000
2023-03-14,40.470001220703125,41.78499984741211,40.154998779296875,40.875,36.42569351196289,61066400
2023-03-15,39.375,39.67499923706055,38.119998931884766,38.68000030517578,34.46961975097656,115347000
2023-03-16,37.83000183105469,39.20000076293945,37.68000030517578,39.099998474121094,34.84390640258789,88790400
2023-03-17,38.875,39.20000076293945,38.16999816894531,38.48500061035156,34.29584884643555,67351600
2023-03-20,38.04999923706055,39.099998474121094,38.04999923706055,38.849998474121094,34.98243713378906,52288800
2023-03-21,39.650001525878906,40.31999969482422,39.529998779296875,40.19499969482422,36.193546295166016,59712400
2023-03-22,40.220001220703125,40.404998779296875,39.310001373291016,39.34000015258789,35.42366409301758,49209400
2023-03-23,39.55500030517578,39.900001525878906,38.41999816894531,38.79499816894531,34.932918548583984,49486200
2023-03-24,38.025001525878906,39.095001220703125,37.904998779296875,38.94499969482422,35.0679817199707,41298000
2023-03-27,39.35499954223633,40.0,39.040000915527344,39.775001525878906,35.81536102294922,40223800
2023-03-28,39.54999923706055,40.564998626708984,39.53499984741211,40.38999938964844,36.36913299560547,32596800
2023-03-29,40.790000915527344,40.994998931884766,40.525001525878906,40.95000076293945,36.873382568359375,36204600
2023-03-30,41.290000915527344,41.349998474121094,40.88999938964844,41.130001068115234,37.03546142578125,27460800
2023-03-31,41.23500061035156,41.48500061035156,41.084999084472656,41.415000915527344,37.29209518432617,32294600
2023-04-03,43.15999984741211,43.56999969482422,42.935001373291016,43.290000915527344,38.980438232421875,62452200
2023-04-04,43.41999816894531,43.474998474121094,42.125,42.505001068115234,38.273590087890625,49363000
2023-04-05,42.61000061035156,43.14500045776367,42.255001068115234,43.14500045776367,38.84986877441406,40552200
2023-04-06,43.08000183105469,43.125,42.404998779296875,42.4900016784668,38.260074615478516,33378600
2023-04-10,42.650001525878906,43.31999969482422,42.650001525878906,42.83000183105469,38.56623077392578,26977200
2023-04-11,43.06999969482422,43.505001068115234,42.82500076293945,43.23500061035156,38.930908203125,25575200
2023-04-12,43.53499984741211,43.625,43.1349983215332,43.26499938964844,38.95793151855469,33334400
2023-04-13,43.20000076293945,43.64500045776367,43.095001220703125,43.53499984741211,39.2010498046875,31384600
2023-04-14,43.595001220703125,43.869998931884766,43.36000061035156,43.6150016784668,39.2730827331543,23560200
2023-04-17,43.470001220703125,43.650001525878906,42.95000076293945,43.099998474121094,38.809356689453125,23762000
2023-04-18,43.0,43.380001068115234,42.78499984741211,43.27000045776367,38.96242904663086,24493600
2023-04-19,42.880001068115234,43.154998779296875,42.64500045776367,43.119998931884766,38.82735824584961,34246200
2023-04-20,42.52000045776367,42.75,42.220001220703125,42.7400016784668,38.48518753051758,30396200
2023-04-21,42.89500045776367,42.915000915527344,42.29999923706055,42.4900016784668,38.260074615478516,33757600
2023-04-24,42.35499954223633,43.34000015258789,42.34000015258789,43.13999938964844,38.845367431640625,25251800
2023-04-25,42.720001220703125,42.79499816894531,42.08000183105469,42.33000183105469,38.11600875854492,30665200
2023-04-26,42.029998779296875,42.41999816894531,41.5099983215332,41.76499938964844,37.60725402832031,40070000
2023-04-27,41.7400016784668,42.02000045776367,41.345001220703125,41.915000915527344,37.74231719970703,34114600
2023-04-28,41.76499938964844,42.79499816894531,41.619998931884766,42.564998626708984,38.32761001586914,38228600
2023-05-01,42.029998779296875,42.540000915527344,41.86000061035156,42.084999084472656,37.895389556884766,27821400
2023-05-02,41.58000183105469,41.64500045776367,39.869998931884766,40.255001068115234,36.24757385253906,67648000
2023-05-03,39.7400016784668,40.20500183105469,39.47999954223633,39.494998931884766,35.563232421875,59367600
2023-05-04,39.5099983215332,39.90999984741211,38.935001373291016,39.05500030517578,35.16703414916992,52861000
2023-05-05,40.1349983215332,40.43000030517578,39.89500045776367,40.1150016784668,36.12150192260742,39073400
2023-05-08,40.70000076293945,40.875,40.11000061035156,40.1150016784668,36.12150192260742,32711800
2023-05-09,39.79999923706055,40.5099983215332,39.71500015258789,40.130001068115234,36.1350212097168,41421200
2023-05-10,40.33000183105469,40.40999984741211,39.375,39.67499923706055,35.725311279296875,36052000
2023-05-11,39.1150016784668,39.404998779296875,38.900001525878906,39.20000076293945,35.297603607177734,38168200
2023-05-12,39.39500045776367,39.65999984741211,38.974998474121094,39.2599983215332,35.351627349853516,37913200
2023-05-15,39.404998779296875,39.685001373291016,39.095001220703125,39.459999084472656,35.53171920776367,32544600
2023-05-16,39.275001525878906,39.44499969482422,38.43000030517578,38.4900016784668,34.65828323364258,44511200
2023-05-17,38.8849983215332,39.439998626708984,38.599998474121094,39.22999954223633,35.324615478515625,46200600
2023-05-18,38.994998931884766,39.564998626708984,38.75,39.51499938964844,35.58123779296875,33154200
2023-05-19,39.880001068115234,40.130001068115234,39.595001220703125,39.81999969482422,35.85588836669922,36122200
2023-05-22,39.66999816894531,40.060001373291016,39.595001220703125,39.654998779296875,35.707305908203125,26943600
2023-05-23,40.03499984741211,40.53499984741211,39.93000030517578,40.08000183105469,36.08999252319336,42803800
2023-05-24,40.39500045776367,40.564998626708984,39.915000915527344,40.255001068115234,36.24757385253906,33474200
2023-05-25,39.67499923706055,39.7599983215332,39.16999816894531,39.540000915527344,35.6037483215332,38251000
2023-05-26,39.779998779296875,39.88999938964844,39.18000030517578,39.3849983215332,35.46418380737305,28785800
2023-05-30,38.70000076293945,39.025001525878906,38.54999923706055,38.97999954223633,35.0994987487793,40331600
2023-05-31,38.369998931884766,38.665000915527344,38.165000915527344,38.29499816894531,34.482688903808594,44797600
2023-06-01,38.3849983215332,39.20500183105469,38.125,38.77000045776367,34.9104118347168,51623600
2023-06-02,39.494998931884766,40.13999938964844,39.224998474121094,39.95000076293945,35.97293472290039,55278800
2023-06-05,40.53499984741211,40.53499984741211,39.6150016784668,39.685001373291016,35.734310150146484,37826200
2023-06-06,39.15999984741211,40.040000915527344,39.119998931884766,40.005001068115234,36.0224609375,34750800
2023-06-07,40.20000076293945,41.1150016784668,40.17499923706055,41.064998626708984,36.97693634033203,60654200
2023-06-08,41.119998931884766,41.2599983215332,40.209999084472656,40.88999938964844,36.819358825683594,46155200
2023-06-09,40.869998931884766,41.06999969482422,40.55500030517578,40.665000915527344,36.616756439208984,38387000
2023-06-12,40.05500030517578,40.68000030517578,40.0,40.275001525878906,36.26557922363281,36387000
2023-06-13,40.720001220703125,41.2599983215332,40.44499969482422,40.46500015258789,36.436668395996094,40136400
2023-06-14,40.8650016784668,41.04499816894531,39.75,40.04999923706055,36.0629768371582,47605400
2023-06-15,40.119998931884766,40.79499816894531,40.11000061035156,40.4900016784668,36.45918273925781,46777000
2023-06-16,40.63999938964844,40.755001068115234,40.314998626708984,40.43000030517578,36.405147552490234,47461800
2023-06-20,39.810001373291016,39.85499954223633,38.8849983215332,39.18000030517578,35.590335845947266,42552000
2023-06-21,39.02000045776367,39.82500076293945,38.959999084472656,39.4900016784668,35.87193298339844,34473800
2023-06-22,39.130001068115234,39.17499923706055,38.814998626708984,38.959999084472656,35.3904914855957,33507400
2023-06-23,38.540000915527344,38.78499984741211,38.36000061035156,38.68000030517578,35.136146545410156,34905200
2023-06-26,38.75,39.595001220703125,38.65999984741211,39.375,35.76747131347656,32488600
2023-06-27,39.334999084472656,39.6349983215332,39.10499954223633,39.46500015258789,35.84922409057617,28388400
2023-06-28,39.42499923706055,39.915000915527344,39.07500076293945,39.8650016784668,36.21257781982422,32903200
2023-06-29,40.01499938964844,40.32500076293945,39.79999923706055,40.32500076293945,36.63043212890625,28435800
2023-06-30,40.599998474121094,40.790000915527344,40.29999923706055,40.584999084472656,36.866607666015625,35970600
2023-07-03,40.685001373291016,40.98500061035156,40.529998779296875,40.68000030517578,36.952903747558594,19539800
2023-07-05,40.849998474121094,40.86000061035156,40.224998474121094,40.45500183105469,36.7485237121582,32557400
2023-07-06,40.01499938964844,40.29499816894531,39.244998931884766,39.54499816894531,35.92189407348633,41967800
2023-07-07,39.349998474121094,40.77000045776367,39.31999969482422,40.39500045776367,36.69401550292969,48916000
2023-07-10,40.290000915527344,40.790000915527344,40.2599983215332,40.709999084472656,36.980159759521484,30925000
2023-07-11,40.89500045776367,41.66999816894531,40.814998626708984,41.60499954223633,37.793155670166016,39642000
2023-07-12,41.94499969482422,42.224998474121094,41.72999954223633,41.9900016784668,38.142887115478516,43077600
2023-07-13,41.9900016784668,42.25,41.439998626708984,41.83000183105469,37.997535705566406,53226400
2023-07-14,41.560001373291016,41.599998474121094,40.625,40.724998474121094,36.99378204345703,43988200
2023-07-17,40.58000183105469,40.81999969482422,40.459999084472656,40.64500045776367,36.92110824584961,32445800
2023-07-18,40.54999923706055,41.47999954223633,40.48500061035156,41.05500030517578,37.29354476928711,43209400
2023-07-19,41.05500030517578,41.57500076293945,40.96500015258789,41.29499816894531,37.511558532714844,37521000
2023-07-20,41.6349983215332,41.8650016784668,41.43000030517578,41.779998779296875,37.95212173461914,35449800
2023-07-21,41.935001373291016,42.16999816894531,41.665000915527344,42.150001525878906,38.28822708129883,31529000
2023-07-24,42.3650016784668,43.13999938964844,42.349998474121094,42.83000183105469,38.90592575073242,44539600
2023-07-25,42.810001373291016,43.30500030517578,42.54999923706055,43.05500030517578,39.11030578613281,33606600
2023-07-26,42.70000076293945,43.2400016784668,42.63999938964844,43.06999969482422,39.123931884765625,32788000
2023-07-27,43.30500030517578,43.47999954223633,42.67499923706055,42.79499816894531,38.874122619628906,35550600
2023-07-28,42.76499938964844,42.935001373291016,42.29999923706055,42.92499923706055,38.992225646972656,34627800
2023-07-31,43.29999923706055,43.8650016784668,43.17499923706055,43.7400016784668,39.732547760009766,36266400
2023-08-01,43.564998626708984,43.65999984741211,43.064998626708984,43.53499984741211,39.54633331298828,35766000
2023-08-02,43.2400016784668,43.459999084472656,42.599998474121094,42.96500015258789,39.0285530090332,45920000
2023-08-03,43.08000183105469,43.790000915527344,42.845001220703125,43.400001525878906,39.42369842529297,41630600
2023-08-04,43.709999084472656,44.119998931884766,43.40999984741211,43.459999084472656,39.47819900512695,43208200
2023-08-07,43.70500183105469,43.79499816894531,43.380001068115234,43.5099983215332,39.52361297607422,26821600
2023-08-08,42.80500030517578,43.744998931884766,42.48500061035156,43.724998474121094,39.71892547607422,37237200
2023-08-09,44.150001525878906,44.68000030517578,43.875,44.275001525878906,40.218528747558594,52085600
2023-08-10,44.34000015258789,44.845001220703125,43.970001220703125,44.27000045776367,40.2139892578125,39226600
2023-08-11,44.25,45.0,44.2400016784668,44.95000076293945,40.831687927246094,46689200
2023-08-14,44.82500076293945,44.94499969482422,44.459999084472656,44.7599983215332,40.659095764160156,30189400
2023-08-15,44.45000076293945,44.5,43.75,43.83000183105469,39.814300537109375,44982400
2023-08-16,43.875,44.349998474121094,43.41999816894531,43.45000076293945,39.469120025634766,37995400
2023-08-17,44.060001373291016,44.56999969482422,43.904998779296875,43.970001220703125,39.94147491455078,40464200
2023-08-18,43.71500015258789,44.459999084472656,43.57500076293945,44.404998779296875,40.33662414550781,35307200
2023-08-21,44.584999084472656,44.76499938964844,43.81999969482422,44.125,40.082271575927734,30488400
2023-08-22,44.18000030517578,44.334999084472656,43.7599983215332,43.78499984741211,39.77342987060547,25732800
2023-08-23,43.310001373291016,43.71500015258789,42.935001373291016,43.67499923706055,39.67350769042969,38798600
2023-08-24,43.279998779296875,43.834999084472656,43.25,43.375,39.4009895324707,33455000
2023-08-25,43.6349983215332,44.01499938964844,43.255001068115234,43.79499816894531,39.782508850097656,38036800
2023-08-28,43.90999984741211,44.41999816894531,43.834999084472656,44.09000015258789,40.05048370361328,25718200
2023-08-29,44.25,44.255001068115234,43.77000045776367,44.209999084472656,40.159488677978516,27019400
2023-08-30,44.40999984741211,44.5099983215332,44.23500061035156,44.43000030517578,40.35933303833008,27890200
2023-08-31,44.595001220703125,44.66999816894531,44.13999938964844,44.459999084472656,40.3865852355957,29617400
2023-09-01,44.95000076293945,45.41999816894531,44.939998626708984,45.369998931884766,41.21321105957031,35764200
2023-09-05,45.625,46.07500076293945,45.58000183105469,45.61000061035156,41.431217193603516,48737400
2023-09-06,45.52000045776367,45.875,45.29499816894531,45.630001068115234,41.44938659667969,40324200
2023-09-07,45.720001220703125,45.95500183105469,45.505001068115234,45.584999084472656,41.408512115478516,30729200
2023-09-08,45.79999923706055,46.35499954223633,45.775001525878906,46.025001525878906,41.808197021484375,34739000
2023-09-11,46.36000061035156,46.5,45.23500061035156,45.41999816894531,41.25862503051758,44095000
2023-09-12,45.90999984741211,46.540000915527344,45.82500076293945,46.4900016784668,42.230594635009766,53599400
2023-09-13,46.53499984741211,46.630001068115234,45.900001525878906,46.13999938964844,41.91265869140625,36315400
2023-09-14,46.619998931884766,46.845001220703125,46.47999954223633,46.68000030517578,42.40318298339844,37099800
2023-09-15,46.25,46.70500183105469,46.005001068115234,46.005001068115234,41.79003143310547,49612800
2023-09-18,46.13999938964844,46.275001525878906,45.71500015258789,46.05500030517578,42.144168853759766,33746600
2023-09-19,46.400001525878906,46.46500015258789,45.35499954223633,45.625,41.75068664550781,36264400
2023-09-20,45.400001525878906,45.915000915527344,45.16999816894531,45.20000076293945,41.361778259277344,35930400
2023-09-21,45.5099983215332,45.6150016784668,44.505001068115234,44.58000183105469,40.79441833496094,43446200
2023-09-22,44.915000915527344,45.21500015258789,44.6150016784668,44.654998779296875,40.8630485534668,42067400
2023-09-25,44.53499984741211,45.28499984741211,44.53499984741211,45.21500015258789,41.375492095947266,35073800
2023-09-26,44.82500076293945,45.224998474121094,44.755001068115234,44.95500183105469,41.137577056884766,33460000
2023-09-27,45.51499938964844,46.20500183105469,45.314998626708984,46.07500076293945,42.16246795654297,46289400
2023-09-28,45.875,46.39500045776367,45.77000045776367,46.125,42.208221435546875,48462800
2023-09-29,46.05500030517578,46.23500061035156,45.025001525878906,45.19499969482422,41.35719299316406,48369200
2023-10-02,45.1349983215332,45.255001068115234,43.9900016784668,44.29499816894531,40.53362274169922,50599800
2023-10-03,44.189998626708984,44.349998474121094,43.83000183105469,44.26499938964844,40.506168365478516,41466600
2023-10-04,43.60499954223633,43.68000030517578,42.45500183105469,42.875,39.23419952392578,59572400
2023-10-05,42.2599983215332,42.98500061035156,42.2599983215332,42.61000061035156,38.9917106628418,47037000
2023-10-06,42.61000061035156,43.255001068115234,42.130001068115234,42.8650016784668,39.22505187988281,51481000
2023-10-09,44.01499938964844,44.47999954223633,43.70000076293945,44.29499816894531,40.53362274169922,61489000
2023-10-10,44.334999084472656,44.64500045776367,44.084999084472656,44.349998474121094,40.583953857421875,41700600
2023-10-11,43.89500045776367,43.939998626708984,43.275001525878906,43.779998779296875,40.062347412109375,47145400
2023-10-12,44.244998931884766,44.28499984741211,43.625,43.83000183105469,40.10810470581055,39986400
2023-10-13,44.54499816894531,45.0099983215332,44.35499954223633,44.79499816894531,40.99116134643555,48511800
2023-10-16,45.084999084472656,45.22999954223633,44.665000915527344,45.095001220703125,41.265682220458984,38365200
2023-10-17,44.994998931884766,45.70500183105469,44.93000030517578,45.564998626708984,41.695777893066406,40424000
2023-10-18,45.75,46.16999816894531,45.64500045776367,45.97999954223633,42.075538635253906,47616800
2023-10-19,45.81999969482422,46.279998779296875,45.3849983215332,45.900001525878906,42.00233459472656,63297000
2023-10-20,45.81999969482422,45.9900016784668,44.974998474121094,45.130001068115234,41.2977180480957,46549600
2023-10-23,44.869998931884766,44.875,44.19499969482422,44.400001525878906,40.629703521728516,51888200
2023-10-24,44.5099983215332,44.54499816894531,43.7599983215332,43.775001525878906,40.05778121948242,44271600
2023-10-25,43.80500030517578,44.029998779296875,43.474998474121094,43.69499969482422,39.98456954956055,41412600
2023-10-26,43.29499816894531,43.55500030517578,42.92499923706055,43.35499954223633,39.67344284057617,44770400
2023-10-27,43.310001373291016,43.474998474121094,42.16999816894531,42.314998626708984,38.72175216674805,53809400
2023-10-30,42.46500015258789,42.77000045776367,42.04499816894531,42.45500183105469,38.84986877441406,45530600
2023-10-31,42.505001068115234,42.685001373291016,42.08000183105469,42.595001220703125,38.97798156738281,37205600
2023-11-01,42.8650016784668,43.095001220703125,42.435001373291016,42.494998931884766,38.88646697998047,46082600
2023-11-02,42.599998474121094,43.81999969482422,42.35499954223633,43.779998779296875,40.062347412109375,45323000
2023-11-03,43.70000076293945,43.84000015258789,43.07500076293945,43.34000015258789,39.65971755981445,47235000
2023-11-06,43.685001373291016,43.685001373291016,42.724998474121094,42.849998474121094,39.21131896972656,41035400
2023-11-07,42.290000915527344,42.3650016784668,41.71500015258789,41.900001525878906,38.34199905395508,47550200
2023-11-08,41.7400016784668,42.01499938964844,41.36000061035156,41.375,37.861576080322266,50742000
2023-11-09,41.68000030517578,41.775001525878906,41.224998474121094,41.25,37.7471923828125,38232200
2023-11-10,41.71500015258789,41.80500030517578,41.310001373291016,41.70500183105469,38.16355514526367,34565600
2023-11-13,41.77000045776367,42.09000015258789,41.63999938964844,42.005001068115234,38.43808364868164,28447400
2023-11-14,42.165000915527344,42.5,42.095001220703125,42.380001068115234,38.78123474121094,34724000
2023-11-15,42.314998626708984,42.834999084472656,42.2400016784668,42.29999923706055,38.70802688598633,33043600
2023-11-16,41.900001525878906,42.060001373291016,41.05500030517578,41.474998474121094,37.95308303833008,53166000
2023-11-17,41.83000183105469,42.625,41.72999954223633,42.345001220703125,38.74921417236328,48850800
2023-11-20,42.52000045776367,42.77000045776367,42.39500045776367,42.404998779296875,38.80410385131836,29093800
2023-11-21,42.20500183105469,42.3849983215332,41.904998779296875,42.310001373291016,38.71717834472656,26973800
2023-11-22,41.46500015258789,42.32500076293945,41.22999954223633,42.290000915527344,38.698883056640625,36547200
2023-11-24,42.275001525878906,42.779998779296875,42.25,42.46500015258789,38.859012603759766,19152600
2023-11-27,42.244998931884766,42.38999938964844,41.91999816894531,42.314998626708984,38.72175216674805,24501800
2023-11-28,42.400001525878906,42.71500015258789,42.244998931884766,42.32500076293945,38.73091125488281,28921800
2023-11-29,42.59000015258789,42.64500045776367,41.875,42.0099983215332,38.442657470703125,45268000
2023-11-30,42.369998931884766,42.89500045776367,41.78499984741211,42.290000915527344,38.698883056640625,58364600
2023-12-01,42.2400016784668,43.01499938964844,42.04999923706055,42.5099983215332,38.90019607543945,43048000
2023-12-04,42.20000076293945,42.58000183105469,42.005001068115234,42.314998626708984,38.72175216674805,37070200
2023-12-05,42.290000915527344,42.369998931884766,41.54999923706055,41.57500076293945,38.04459762573242,37747200
2023-12-06,41.30500030517578,41.595001220703125,40.79499816894531,40.95500183105469,37.47724533081055,62306600
2023-12-07,41.14500045776367,41.349998474121094,40.529998779296875,40.67499923706055,37.22101974487305,40908800
2023-12-08,40.94499969482422,41.2400016784668,40.86000061035156,41.1150016784668,37.62364959716797,34127200
2023-12-11,41.150001525878906,41.29999923706055,40.959999084472656,41.165000915527344,37.66940689086914,29344200
2023-12-12,40.78499984741211,40.83000183105469,40.369998931884766,40.599998474121094,37.15238952636719,45386600
2023-12-13,40.625,41.18000030517578,40.435001373291016,41.165000915527344,37.66940689086914,46445600
2023-12-14,41.58000183105469,42.43000030517578,41.58000183105469,42.375,38.77666091918945,60717400
2023-12-15,41.994998931884766,42.22999954223633,41.79999923706055,42.150001525878906,38.57075881958008,46366400
2023-12-18,42.4900016784668,42.70500183105469,42.04999923706055,42.09000015258789,38.885799407958984,42447200
2023-12-19,42.16999816894531,42.63999938964844,42.07500076293945,42.595001220703125,39.35236358642578,36862400
2023-12-20,42.744998931884766,42.994998931884766,42.150001525878906,42.20000076293945,38.98743438720703,39818200
2023-12-21,42.28499984741211,42.43000030517578,41.970001220703125,42.3650016784668,39.139869689941406,26062800
2023-12-22,42.66999816894531,42.86000061035156,42.42499923706055,42.4900016784668,39.25535583496094,25037800
2023-12-26,42.849998474121094,43.084999084472656,42.720001220703125,42.85499954223633,39.59256362915039,25983400
2023-12-27,42.85499954223633,43.0,42.5099983215332,42.665000915527344,39.41703414916992,20238200
2023-12-28,42.44499969482422,42.61000061035156,42.0,42.01499938964844,38.8165168762207,26198000
2023-12-29,42.15999984741211,42.20000076293945,41.79499816894531,41.91999816894531,38.72874450683594,24345400
2024-01-02,42.21500015258789,42.7599983215332,42.154998779296875,42.369998931884766,39.14448547363281,39301800
2024-01-03,42.435001373291016,43.21500015258789,42.220001220703125,43.060001373291016,39.7819709777832,37936000
2024-01-04,43.369998931884766,43.55500030517578,42.279998779296875,42.30500030517578,39.084434509277344,42049000
2024-01-05,42.709999084472656,42.72999954223633,42.14500045776367,42.34000015258789,39.11677551269531,34029200
2024-01-08,41.619998931884766,41.900001525878906,41.04999923706055,41.849998474121094,38.66407775878906,47218600
2024-01-09,41.904998779296875,41.95000076293945,41.09000015258789,41.18000030517578,38.045082092285156,33750400
2024-01-10,41.2599983215332,41.275001525878906,40.61000061035156,40.775001525878906,37.67091751098633,33159800
2024-01-11,40.994998931884766,41.099998474121094,40.71500015258789,40.880001068115234,37.76791763305664,38588600
2024-01-12,41.5099983215332,41.67499923706055,41.09000015258789,41.34000015258789,38.192901611328125,38769200
2024-01-16,41.25,41.30500030517578,40.33000183105469,40.35499954223633,37.28288650512695,36031200
2024-01-17,39.939998626708984,40.41999816894531,39.849998474121094,40.02000045776367,36.973388671875,39284200
2024-01-18,40.029998779296875,40.064998626708984,39.4900016784668,39.95500183105469,36.913333892822266,35705600
2024-01-19,39.935001373291016,40.09000015258789,39.79499816894531,40.084999084472656,37.033443450927734,39940200
2024-01-22,40.0,40.32500076293945,39.7400016784668,40.23500061035156,37.172027587890625,30136800
2024-01-23,40.16999816894531,40.64500045776367,40.11000061035156,40.31999969482422,37.250553131103516,24709200
2024-01-24,40.529998779296875,40.915000915527344,40.34000015258789,40.89500045776367,37.78178024291992,33841000
2024-01-25,41.185001373291016,41.83000183105469,40.939998626708984,41.814998626708984,38.631736755371094,37609400
2024-01-26,41.77000045776367,42.13999938964844,41.46500015258789,42.125,38.91814041137695,36469600
2024-01-29,42.060001373291016,42.125,41.625,42.064998626708984,38.86271286010742,29680600
2024-01-30,41.650001525878906,42.5099983215332,41.4900016784668,42.5,39.26459503173828,35341200
2024-01-31,42.5,42.58000183105469,41.685001373291016,41.70500183105469,38.53011703491211,38580800
2024-02-01,41.95500183105469,42.150001525878906,41.314998626708984,41.70000076293945,38.52549743652344,51101400
2024-02-02,42.04999923706055,42.09000015258789,41.40999984741211,41.7599983215332,38.580928802490234,38075000
2024-02-05,41.505001068115234,41.904998779296875,41.20500183105469,41.654998779296875,38.48392105102539,31593600
2024-02-06,41.86000061035156,42.20000076293945,41.6150016784668,41.790000915527344,38.6086540222168,28056200
2024-02-07,41.90999984741211,42.09000015258789,41.53499984741211,41.875,38.68717575073242,26920400
2024-02-08,41.849998474121094,42.459999084472656,41.84000015258789,42.30500030517578,39.084434509277344,36201000
2024-02-09,42.3849983215332,42.564998626708984,41.61000061035156,41.654998779296875,38.48392105102539,38073400
2024-02-12,41.79999923706055,42.23500061035156,41.79999923706055,42.1150016784668,38.908905029296875,25893800
2024-02-13,42.154998779296875,42.29999923706055,41.41999816894531,41.689998626708984,38.51625442504883,41156800
2024-02-14,41.994998931884766,42.125,41.43000030517578,41.650001525878906,38.47930145263672,40894600
2024-02-15,41.63999938964844,42.93000030517578,41.60499954223633,42.810001373291016,39.550987243652344,43364400
2024-02-16,42.98500061035156,43.125,42.65999984741211,42.78499984741211,39.527896881103516,26960800
2024-02-20,42.83000183105469,42.85499954223633,42.34000015258789,42.39500045776367,39.1675910949707,28995600
2024-02-21,42.57500076293945,43.22999954223633,42.54499816894531,43.189998626708984,39.902061462402344,28745800
2024-02-22,42.915000915527344,43.44499969482422,42.709999084472656,43.26499938964844,39.97136306762695,35206800
2024-02-23,42.845001220703125,43.119998931884766,42.56999969482422,42.97999954223633,39.708045959472656,28952400
2024-02-26,42.93000030517578,43.415000915527344,42.71500015258789,43.130001068115234,39.84663009643555,23376400
2024-02-27,43.16999816894531,43.35499954223633,42.724998474121094,42.94499969482422,39.675716400146484,26317400
2024-02-28,43.0,43.32500076293945,42.689998626708984,42.86000061035156,39.59718322753906,26679600
2024-02-29,42.95000076293945,43.209999084472656,42.83000183105469,43.06999969482422,39.791202545166016,27335400
2024-03-01,43.380001068115234,43.77000045776367,43.30500030517578,43.56999969482422,40.25313949584961,32459600
2024-03-04,43.54499816894531,43.65999984741211,43.064998626708984,43.10499954223633,39.82352828979492,33198000
2024-03-05,43.040000915527344,43.70500183105469,42.98500061035156,43.42499923706055,40.119171142578125,32174200
2024-03-06,43.790000915527344,44.02000045776367,43.46500015258789,43.560001373291016,40.243900299072266,28008800
2024-03-07,43.619998931884766,44.17499923706055,43.584999084472656,43.93000030517578,40.585731506347656,24569200
2024-03-08,43.869998931884766,44.095001220703125,43.7599983215332,44.084999084472656,40.72893142700195,28252000
2024-03-11,44.095001220703125,44.55500030517578,43.76499938964844,44.540000915527344,41.149295806884766,24983800
2024-03-12,44.53499984741211,44.65999984741211,44.23500061035156,44.470001220703125,41.084617614746094,23780600
2024-03-13,44.935001373291016,45.42499923706055,44.86000061035156,45.18000030517578,41.740577697753906,42725200
2024-03-14,45.36000061035156,45.665000915527344,45.185001373291016,45.64500045776367,42.1701774597168,35946000
2024-03-15,45.61000061035156,46.11000061035156,45.505001068115234,45.779998779296875,42.29489517211914,37753400
2024-03-18,45.595001220703125,45.72999954223633,45.21500015258789,45.56999969482422,42.44111633300781,30496800
2024-03-19,45.564998626708984,46.125,45.53499984741211,46.09000015258789,42.9254150390625,28545800
2024-03-20,45.82500076293945,46.189998626708984,45.755001068115234,46.025001525878906,42.8648796081543,32659400
2024-03-21,46.10499954223633,46.39500045776367,45.959999084472656,46.29999923706055,43.12099075317383,23334200
2024-03-22,46.31999969482422,46.435001373291016,46.084999084472656,46.20000076293945,43.02785873413086,17948800
2024-03-25,46.36000061035156,46.939998626708984,46.349998474121094,46.630001068115234,43.4283332824707,35074400
2024-03-26,46.67499923706055,46.779998779296875,46.18000030517578,46.27000045776367,43.09305191040039,35373800
2024-03-27,46.16999816894531,46.709999084472656,46.09000015258789,46.70000076293945,43.493534088134766,33960000
2024-03-28,46.974998474121094,47.290000915527344,46.75,47.20500183105469,43.9638557434082,34615200
2024-04-01,47.345001220703125,47.69499969482422,46.880001068115234,47.55500030517578,44.289817810058594,42899000
2024-04-02,47.7599983215332,48.27000045776367,47.54999923706055,48.220001220703125,44.90916442871094,38671200
2024-04-03,48.400001525878906,48.6150016784668,48.2400016784668,48.54999923706055,45.21650695800781,29148800
2024-04-04,48.625,48.79999923706055,48.33000183105469,48.52000045776367,45.18856430053711,36941200
2024-04-05,48.720001220703125,49.23500061035156,48.42499923706055,49.040000915527344,45.67285919189453,31194600
2024-04-08,49.064998626708984,49.20500183105469,48.64500045776367,48.72999954223633,45.38414764404297,34034600
2024-04-09,48.939998626708984,49.06999969482422,48.38999938964844,48.744998931884766,45.39811706542969,35322800
2024-04-10,48.61000061035156,49.07500076293945,48.400001525878906,48.89500045776367,45.53781509399414,39199600
2024-04-11,49.04999923706055,49.06999969482422,48.16999816894531,48.86000061035156,45.505226135253906,39204600
2024-04-12,49.16999816894531,49.48500061035156,47.834999084472656,48.064998626708984,44.764801025390625,46572400
2024-04-15,48.29499816894531,48.525001525878906,47.55500030517578,47.6150016784668,44.345706939697266,48690800
2024-04-16,47.525001525878906,47.744998931884766,46.8650016784668,47.20000076293945,43.959197998046875,36497600
2024-04-17,47.099998474121094,47.56999969482422,46.72999954223633,47.064998626708984,43.833465576171875,27421000
2024-04-18,47.224998474121094,47.36000061035156,46.755001068115234,46.91999816894531,43.69841766357422,25555600
2024-04-19,47.0099983215332,47.80500030517578,46.939998626708984,47.48500061035156,44.224632263183594,35451400
2024-04-22,47.23500061035156,48.119998931884766,46.86000061035156,47.79499816894531,44.513343811035156,30244400
2024-04-23,47.57500076293945,48.060001373291016,47.345001220703125,48.060001373291016,44.76015853881836,28657400
2024-04-24,47.7599983215332,48.150001525878906,47.529998779296875,48.095001220703125,44.792747497558594,21303800
2024-04-25,48.040000915527344,48.459999084472656,47.625,48.314998626708984,44.997642517089844,26500200
2024-04-26,47.880001068115234,48.060001373291016,47.380001068115234,47.869998931884766,44.58320236206055,32366600
2024-04-29,47.72999954223633,48.29999923706055,47.70000076293945,48.19499969482422,44.8858757019043,22236400
2024-04-30,48.0,48.084999084472656,46.7400016784668,46.7599983215332,43.549407958984375,35399000
2024-05-01,46.69499969482422,46.845001220703125,45.76499938964844,46.01499938964844,42.85556411743164,50943800
2024-05-02,46.32500076293945,46.595001220703125,46.060001373291016,46.279998779296875,43.10236740112305,34616800
2024-05-03,46.31999969482422,46.369998931884766,45.67499923706055,46.28499984741211,43.10702133178711,38087800
2024-05-06,46.43000030517578,47.119998931884766,46.43000030517578,46.650001525878906,43.446964263916016,33445600
2024-05-07,46.71500015258789,46.95000076293945,46.59000015258789,46.60499954223633,43.405052185058594,20942200
2024-05-08,46.334999084472656,46.775001525878906,46.26499938964844,46.54999923706055,43.353824615478516,19811800
2024-05-09,46.599998474121094,47.17499923706055,46.599998474121094,47.17499923706055,43.9359130859375,22489400
2024-05-10,47.275001525878906,47.43000030517578,46.790000915527344,46.915000915527344,43.69377517700195,20568400
2024-05-13,47.025001525878906,47.20000076293945,46.59000015258789,46.790000915527344,43.577354431152344,20978000
2024-05-14,46.70000076293945,46.8849983215332,46.5099983215332,46.849998474121094,43.63323974609375,24911600
2024-05-15,46.75,47.040000915527344,46.060001373291016,46.95500183105469,43.731021881103516,38792200
2024-05-16,46.849998474121094,47.189998626708984,46.70000076293945,46.82500076293945,43.609947204589844,24580200
2024-05-17,46.90999984741211,47.55500030517578,46.89500045776367,47.47999954223633,44.219970703125,29001600
2024-05-20,47.5,47.60499954223633,47.05500030517578,47.16999816894531,43.9312629699707,20134600
2024-05-21,47.04999923706055,47.435001373291016,46.904998779296875,46.939998626708984,43.71704864501953,22467600
2024-05-22,46.75,46.77000045776367,45.85499954223633,46.040000915527344,42.87884521484375,34868000
2024-05-23,46.27000045776367,46.43000030517578,45.540000915527344,45.619998931884766,42.48768615722656,26931400
2024-05-24,45.974998474121094,46.095001220703125,45.55500030517578,45.685001373291016,42.548221588134766,19041400
2024-05-28,45.845001220703125,46.275001525878906,45.72999954223633,46.154998779296875,42.9859504699707,28904200
2024-05-29,46.025001525878906,46.064998626708984,45.1349983215332,45.34000015258789,42.22690963745117,30053600
2024-05-30,45.2400016784668,45.6349983215332,45.224998474121094,45.470001220703125,42.34798049926758,22731400
2024-05-31,45.54999923706055,46.6349983215332,45.505001068115234,46.599998474121094,43.40039825439453,32503000
2024-06-03,46.44499969482422,46.459999084472656,45.04499816894531,45.380001068115234,42.264163970947266,40796600
2024-06-04,44.90999984741211,44.98500061035156,44.349998474121094,44.94499969482422,41.859031677246094,34721400
2024-06-05,45.0,45.06999969482422,44.665000915527344,44.939998626708984,41.854373931884766,21040200
2024-06-06,44.78499984741211,45.189998626708984,44.6150016784668,45.17499923706055,42.073238372802734,25506600
2024-06-07,45.09000015258789,45.52000045776367,44.775001525878906,44.994998931884766,41.90559387207031,20089800
2024-06-10,45.165000915527344,45.60499954223633,44.994998931884766,45.334999084472656,42.22224807739258,22543800
2024-06-11,45.1349983215332,45.29499816894531,44.720001220703125,45.244998931884766,42.138431549072266,18591200
2024-06-12,45.619998931884766,45.6349983215332,44.53499984741211,44.7599983215332,41.68672561645508,32560600
2024-06-13,44.63999938964844,44.76499938964844,44.125,44.349998474121094,41.30488204956055,28495600
2024-06-14,44.29999923706055,44.349998474121094,43.834999084472656,44.02000045776367,40.9975471496582,25811400
2024-06-17,43.959999084472656,44.334999084472656,43.79999923706055,44.1349983215332,41.104644775390625,29547800
2024-06-18,44.41999816894531,44.880001068115234,44.209999084472656,44.31999969482422,41.27693557739258,29285800
2024-06-20,44.45000076293945,45.3650016784668,44.310001373291016,45.1349983215332,42.035980224609375,34073800
2024-06-21,45.255001068115234,45.380001068115234,44.810001373291016,44.875,41.7938346862793,39972600
2024-06-24,44.76499938964844,45.814998626708984,44.689998626708984,45.63999938964844,42.847660064697266,31188200
2024-06-25,45.599998474121094,45.75,45.349998474121094,45.744998931884766,42.946231842041016,27666600
2024-06-26,45.79499816894531,45.79499816894531,45.08000183105469,45.29499816894531,42.523765563964844,23127400
2024-06-27,45.53499984741211,45.584999084472656,45.14500045776367,45.400001525878906,42.62234115600586,15631600
2024-06-28,45.75,45.90999984741211,45.40999984741211,45.57500076293945,42.7866325378418,25670000
2024-07-01,45.939998626708984,46.09000015258789,45.33000183105469,45.599998474121094,42.81010055541992,24563200
2024-07-02,46.040000915527344,46.04999923706055,45.275001525878906,45.564998626708984,42.777244567871094,25226800
2024-07-03,45.60499954223633,45.974998474121094,45.525001525878906,45.76499938964844,42.96501541137695,16280000
2024-07-05,45.67499923706055,45.709999084472656,44.849998474121094,45.04999923706055,42.29375457763672,23450400
2024-07-08,44.724998474121094,45.189998626708984,44.599998474121094,44.775001525878906,42.03558349609375,19595000
2024-07-09,44.33000183105469,44.869998931884766,44.20000076293945,44.380001068115234,41.66474914550781,19086600
2024-07-10,44.33000183105469,44.69499969482422,44.19499969482422,44.68000030517578,41.94639587402344,19320800
2024-07-11,44.564998626708984,45.2400016784668,44.40999984741211,45.14500045776367,42.38294219970703,22684800
2024-07-12,45.400001525878906,45.46500015258789,44.92499923706055,45.2599983215332,42.490909576416016,18117200
2024-07-15,45.58000183105469,46.36000061035156,45.404998779296875,45.94499969482422,43.13399887084961,30792000
2024-07-16,45.75,46.19499969482422,45.51499938964844,46.150001525878906,43.326454162597656,24129400
2024-07-17,46.255001068115234,46.90999984741211,46.244998931884766,46.61000061035156,43.7583122253418,29435400
2024-07-18,46.560001373291016,47.255001068115234,46.39500045776367,46.69499969482422,43.838111877441406,32867600
2024-07-19,46.619998931884766,46.939998626708984,46.064998626708984,46.185001373291016,43.35931396484375,26500200
2024-07-22,45.939998626708984,46.15999984741211,45.6349983215332,45.89500045776367,43.08706283569336,21527600
2024-07-23,45.76499938964844,45.80500030517578,45.11000061035156,45.165000915527344,42.40171813964844,33103800
2024-07-24,45.28499984741211,45.57500076293945,44.86000061035156,45.16999816894531,42.406410217285156,29328600
2024-07-25,45.20000076293945,46.095001220703125,44.98500061035156,45.95000076293945,43.13869094848633,36437400
2024-07-26,45.83000183105469,46.290000915527344,45.665000915527344,46.095001220703125,43.274818420410156,23730800
2024-07-29,46.099998474121094,46.1349983215332,45.27000045776367,45.70000076293945,42.90399169921875,27156600
2024-07-30,45.69499969482422,46.55500030517578,45.63999938964844,46.40999984741211,43.5705451965332,25673200
2024-07-31,47.040000915527344,47.06999969482422,46.56999969482422,46.60499954223633,43.75362014770508,36173800
2024-08-01,46.5,46.73500061035156,45.1349983215332,45.369998931884766,42.59417724609375,42558400
2024-08-02,44.849998474121094,45.095001220703125,43.755001068115234,44.20000076293945,41.49576187133789,45836200
2024-08-05,43.25,43.59000015258789,42.73500061035156,43.224998474121094,40.58041000366211,50039200
2024-08-06,43.3849983215332,43.97999954223633,43.21500015258789,43.4900016784668,40.82919692993164,31418600
2024-08-07,44.02000045776367,44.470001220703125,43.63999938964844,43.665000915527344,40.99349594116211,26126000
2024-08-08,43.790000915527344,44.665000915527344,43.790000915527344,44.60499954223633,41.87598419189453,21596800
2024-08-09,44.540000915527344,44.89500045776367,44.255001068115234,44.70500183105469,41.96986389160156,22345600
2024-08-12,44.96500015258789,45.21500015258789,43.75,44.92499923706055,42.17640686035156,28785800
2024-08-13,44.584999084472656,44.625,44.27000045776367,44.4900016784668,41.76802062988281,31386400
2024-08-14,44.57500076293945,44.95000076293945,44.400001525878906,44.75,42.012115478515625,21657600
2024-08-15,45.005001068115234,45.43000030517578,44.96500015258789,45.28499984741211,42.514373779296875,18335200
2024-08-16,45.005001068115234,45.345001220703125,44.970001220703125,45.23500061035156,42.467437744140625,17753000
2024-08-19,45.310001373291016,45.92499923706055,45.310001373291016,45.540000915527344,42.75377655029297,21762600
2024-08-20,45.439998626708984,45.47999954223633,44.31999969482422,44.34000015258789,41.627197265625,33866400
2024-08-21,44.619998931884766,44.845001220703125,44.290000915527344,44.415000915527344,41.69760513305664,22737800
2024-08-22,44.44499969482422,44.72999954223633,44.35499954223633,44.529998779296875,41.80556869506836,19595400
2024-08-23,44.7400016784668,45.27000045776367,44.685001373291016,45.19499969482422,42.42988586425781,20734600
2024-08-26,45.69499969482422,46.0,45.26499938964844,45.599998474121094,42.81010055541992,19514800
2024-08-27,45.599998474121094,45.724998474121094,45.095001220703125,45.17499923706055,42.411109924316406,16627200
2024-08-28,44.900001525878906,45.165000915527344,44.685001373291016,44.8849983215332,42.13884735107422,17049000
2024-08-29,45.150001525878906,45.63999938964844,44.724998474121094,45.470001220703125,42.68805694580078,22498800
2024-08-30,45.0099983215332,45.654998779296875,44.904998779296875,45.63999938964844,42.847660064697266,28085000
2024-09-03,44.89500045776367,44.96500015258789,44.224998474121094,44.505001068115234,41.78209686279297,38194200
2024-09-04,44.54999923706055,44.834999084472656,43.80500030517578,43.88999938964844,41.2047233581543,30114000
2024-09-05,44.20500183105469,44.2400016784668,43.5099983215332,43.54999923706055,40.88552474975586,24991200
2024-09-06,43.64500045776367,43.90999984741211,42.83000183105469,43.005001068115234,40.37387466430664,35912000
2024-09-09,43.1349983215332,43.71500015258789,43.06999969482422,43.314998626708984,40.6649055480957,32824400
2024-09-10,43.380001068115234,43.435001373291016,42.20500183105469,42.56999969482422,39.96548843383789,49326800
2024-09-11,42.564998626708984,42.584999084472656,41.5099983215332,42.17499923706055,39.59465026855469,48125800
2024-09-12,42.34000015258789,42.720001220703125,42.025001525878906,42.55500030517578,39.9514045715332,31762000
2024-09-13,42.77000045776367,43.1150016784668,42.66999816894531,42.79499816894531,40.17671585083008,26195400
2024-09-16,43.154998779296875,43.55500030517578,42.959999084472656,43.28499984741211,40.636741638183594,26875000
2024-09-17,43.29999923706055,43.900001525878906,43.20500183105469,43.869998931884766,41.185951232910156,25034600
2024-09-18,43.80500030517578,44.494998931884766,43.744998931884766,43.95500183105469,41.2657470703125,28209600
2024-09-19,44.70000076293945,44.97999954223633,44.23500061035156,44.47999954223633,41.75863265991211,37806800
2024-09-20,44.29499816894531,44.48500061035156,43.88999938964844,44.380001068115234,41.66474914550781,27961600
2024-09-23,44.099998474121094,44.779998779296875,43.95000076293945,44.560001373291016,42.17921447753906,26630200
2024-09-24,45.06999969482422,45.06999969482422,44.3849983215332,44.45000076293945,42.0750846862793,34627400
2024-09-25,44.334999084472656,44.470001220703125,43.4900016784668,43.58000183105469,41.25156784057617,27633600
2024-09-26,42.71500015258789,43.290000915527344,42.584999084472656,42.724998474121094,40.4422492980957,46896400
2024-09-27,42.95500183105469,43.65999984741211,42.93000030517578,43.595001220703125,41.26576614379883,30489600
2024-09-30,43.51499938964844,43.97999954223633,43.26499938964844,43.900001525878906,41.55447769165039,22806600
2024-10-01,43.505001068115234,45.08000183105469,43.45000076293945,44.900001525878906,42.50104522705078,66114200
2024-10-02,45.529998779296875,45.64500045776367,44.85499954223633,45.36000061035156,42.93647003173828,41925200
2024-10-03,45.52000045776367,46.220001220703125,45.17499923706055,46.15999984741211,43.693721771240234,44726000
2024-10-04,46.54999923706055,46.73500061035156,46.125,46.59000015258789,44.10074996948242,35945600
2024-10-07,46.755001068115234,47.10499954223633,46.599998474121094,46.755001068115234,44.256935119628906,32519400
2024-10-08,46.150001525878906,46.20000076293945,45.314998626708984,45.53499984741211,43.10211944580078,39759800
2024-10-09,45.19499969482422,45.93000030517578,45.10499954223633,45.810001373291016,43.362422943115234,31519600
2024-10-10,46.064998626708984,46.375,45.72999954223633,46.119998931884766,43.65585708618164,26047400
2024-10-11,46.10499954223633,46.56999969482422,46.01499938964844,46.404998779296875,43.925636291503906,26414600
2024-10-14,46.08000183105469,46.459999084472656,46.0099983215332,46.3849983215332,43.90670394897461,22198600
2024-10-15,45.150001525878906,45.45000076293945,44.8650016784668,44.88999938964844,42.4915771484375,37839200
2024-10-16,45.14500045776367,45.255001068115234,44.98500061035156,45.10499954223633,42.69508743286133,19877000
2024-10-17,45.099998474121094,45.470001220703125,45.04999923706055,45.31999969482422,42.89860534667969,21433400
2024-10-18,45.23500061035156,45.3650016784668,44.849998474121094,45.16999816894531,42.756614685058594,24015200
2024-10-21,45.470001220703125,45.6150016784668,44.95500183105469,45.03499984741211,42.62882614135742,21162000
2024-10-22,45.20000076293945,45.349998474121094,44.974998474121094,45.13999938964844,42.728214263916016,17956400
2024-10-23,45.01499938964844,45.189998626708984,44.64500045776367,44.904998779296875,42.50577163696289,19813200
2024-10-24,45.0,45.1349983215332,44.599998474121094,44.900001525878906,42.50104522705078,17046600
2024-10-25,45.13999938964844,45.2599983215332,44.755001068115234,44.8849983215332,42.48684310913086,19104600
2024-10-28,43.93000030517578,44.630001068115234,43.88999938964844,44.599998474121094,42.217071533203125,24228000
2024-10-29,44.5,44.53499984741211,43.82500076293945,43.91999816894531,41.573402404785156,23791600
2024-10-30,44.07500076293945,44.3650016784668,43.904998779296875,44.02000045776367,41.668067932128906,19364200
2024-10-31,44.29999923706055,44.630001068115234,44.18000030517578,44.29499816894531,41.92836380004883,31623200
2024-11-01,44.89500045776367,45.05500030517578,43.92499923706055,44.01499938964844,41.663330078125,26304600
2024-11-04,44.314998626708984,44.85499954223633,44.255001068115234,44.78499984741211,42.39218521118164,25811800
2024-11-05,45.005001068115234,45.20000076293945,44.80500030517578,45.084999084472656,42.6761589050293,20876600
2024-11-06,46.32500076293945,47.1349983215332,46.025001525878906,46.779998779296875,44.28059768676758,50053200
2024-11-07,46.75,46.75,46.209999084472656,46.564998626708984,44.07707977294922,26138000
2024-11-08,46.56999969482422,46.94499969482422,46.3849983215332,46.875,44.370521545410156,22336800
2024-11-11,46.8849983215332,47.29999923706055,46.665000915527344,47.13999938964844,44.62136459350586,20909400
2024-11-12,47.275001525878906,47.42499923706055,46.84000015258789,46.88999938964844,44.38471984863281,18500400
2024-11-13,47.029998779296875,47.45000076293945,46.46500015258789,47.255001068115234,44.730224609375,23676200
2024-11-14,47.56999969482422,47.59000015258789,47.1349983215332,47.435001373291016,44.900604248046875,18011000
2024-11-15,47.38999938964844,47.845001220703125,47.19499969482422,47.3650016784668,44.8343391418457,28080400
2024-11-18,47.7400016784668,48.09000015258789,47.529998779296875,47.994998931884766,45.43068313598633,23892600
2024-11-19,47.61000061035156,47.974998474121094,47.46500015258789,47.689998626708984,45.14197540283203,23796400
2024-11-20,47.8650016784668,48.20500183105469,47.71500015258789,48.16999816894531,45.59632873535156,17917600
2024-11-21,48.38999938964844,48.92499923706055,48.27000045776367,48.560001373291016,45.96549606323242,33541000
2024-11-22,48.494998931884766,48.959999084472656,48.45000076293945,48.6349983215332,46.03647994995117,21555600
2024-11-25,48.625,48.869998931884766,47.560001373291016,47.67499923706055,45.127777099609375,32950600
2024-11-26,47.7400016784668,47.84000015258789,47.38999938964844,47.61000061035156,45.066253662109375,24932800
2024-11-27,47.564998626708984,47.96500015258789,47.5,47.560001373291016,45.0189208984375,15595600
2024-11-29,47.665000915527344,47.845001220703125,47.58000183105469,47.76499938964844,45.21297073364258,13636400
2024-12-02,47.75,47.83000183105469,46.834999084472656,47.2599983215332,44.73494338989258,22190000
2024-12-03,47.564998626708984,47.650001525878906,47.04999923706055,47.255001068115234,44.730224609375,17886600
2024-12-04,47.23500061035156,47.23500061035156,45.84000015258789,46.1150016784668,43.651126861572266,32518000
2024-12-05,46.28499984741211,46.599998474121094,46.099998474121094,46.29499816894531,43.82150650024414,22662400
2024-12-06,46.20000076293945,46.20500183105469,45.42499923706055,45.5099983215332,43.078453063964844,26206600
2024-12-09,45.88999938964844,46.1349983215332,45.39500045776367,45.435001373291016,43.00746536254883,23627800
2024-12-10,45.69499969482422,45.7599983215332,45.060001373291016,45.125,42.71402359008789,23299800
2024-12-11,45.220001220703125,45.369998931884766,44.97999954223633,45.20000076293945,42.78501510620117,23147600
2024-12-12,45.119998931884766,45.20000076293945,44.790000915527344,44.834999084472656,42.439517974853516,21746200
2024-12-13,44.94499969482422,44.959999084472656,44.48500061035156,44.61000061035156,42.22653579711914,22346000
2024-12-16,44.48500061035156,44.48500061035156,43.595001220703125,43.630001068115234,41.29889678955078,25036200
2024-12-17,43.29999923706055,43.3849983215332,42.900001525878906,43.30500030517578,40.99126052856445,32011600
2024-12-18,43.185001373291016,43.38999938964844,42.025001525878906,42.025001525878906,39.77964782714844,39241200
2024-12-19,42.470001220703125,42.60499954223633,41.630001068115234,41.65999984741211,39.43415451049805,49981400
2024-12-20,41.654998779296875,42.21500015258789,41.54499816894531,42.06999969482422,39.82224655151367,35704800
2024-12-23,41.654998779296875,42.10499954223633,41.375,41.96500015258789,40.05609893798828,34445400
2024-12-24,42.084999084472656,42.400001525878906,41.810001373291016,42.31999969482422,40.394954681396484,15024200
2024-12-26,42.334999084472656,42.36000061035156,42.025001525878906,42.28499984741211,40.36155319213867,15386400
2024-12-27,42.25,42.7400016784668,42.06999969482422,42.279998779296875,40.356773376464844,20369800
2024-12-30,42.28499984741211,42.51499938964844,41.92499923706055,42.275001525878906,40.35199737548828,23545400
2024-12-31,42.375,42.95000076293945,42.290000915527344,42.83000183105469,40.88175964355469,21165000
2025-01-02,43.18000030517578,43.650001525878906,43.040000915527344,43.33000183105469,41.35901641845703,34887000
2025-01-03,43.584999084472656,43.880001068115234,43.40999984741211,43.73500061035156,41.74559020996094,22120800
2025-01-06,43.935001373291016,44.28499984741211,43.42499923706055,43.53499984741211,41.5546875,22835200
2025-01-07,43.85499954223633,44.30500030517578,43.59000015258789,43.970001220703125,41.96990203857422,25035800
2025-01-08,43.70000076293945,44.03499984741211,43.54499816894531,44.01499938964844,42.012855529785156,28483800
2025-01-10,44.584999084472656,45.099998474121094,43.959999084472656,44.19499969482422,42.184661865234375,34075800
2025-01-13,44.39500045776367,45.38999938964844,44.39500045776367,45.125,43.072364807128906,48896200
2025-01-14,45.04499816894531,45.650001525878906,44.97999954223633,45.61000061035156,43.535301208496094,31173000
2025-01-15,45.88999938964844,46.404998779296875,45.70000076293945,46.28499984741211,44.179595947265625,34657800
2025-01-16,46.130001068115234,46.665000915527344,46.07500076293945,46.619998931884766,44.499359130859375,25230600
2025-01-17,46.619998931884766,47.14500045776367,46.45500183105469,46.97999954223633,44.84298324584961,23899600
2025-01-21,46.86000061035156,47.0,46.494998931884766,46.7400016784668,44.6139030456543,49302000
2025-01-22,46.595001220703125,46.650001525878906,45.86000061035156,45.88999938964844,43.80256652832031,35880200
2025-01-23,46.2400016784668,46.40999984741211,45.775001525878906,46.099998474121094,44.00300979614258,29359200
2025-01-24,46.165000915527344,46.35499954223633,45.599998474121094,45.654998779296875,43.578250885009766,29156800
2025-01-27,45.5,45.58000183105469,44.8650016784668,45.18000030517578,43.12486267089844,31993400
2025-01-28,45.314998626708984,45.474998474121094,44.525001525878906,44.75,42.714420318603516,37401800
2025-01-29,44.63999938964844,45.08000183105469,44.57500076293945,44.849998474121094,42.809871673583984,20681800
2025-01-30,45.125,45.314998626708984,44.79999923706055,45.08000183105469,43.0294075012207,39092600
2025-01-31,44.95500183105469,45.05500030517578,43.71500015258789,43.81999969482422,41.826725006103516,44537400
2025-02-03,43.814998626708984,44.275001525878906,43.415000915527344,44.095001220703125,42.08921813964844,39816400
2025-02-04,43.88999938964844,45.1150016784668,43.814998626708984,45.02000045776367,42.97213363647461,40279800
2025-02-05,45.005001068115234,45.18000030517578,44.755001068115234,45.1150016784668,43.06282043457031,21772000
2025-02-06,45.31999969482422,45.43000030517578,44.04499816894531,44.28499984741211,42.270572662353516,41309600
2025-02-07,44.45000076293945,44.685001373291016,44.220001220703125,44.279998779296875,42.26579666137695,22568400
2025-02-10,44.67499923706055,45.33000183105469,44.67499923706055,45.255001068115234,43.19645309448242,25871400
2025-02-11,45.470001220703125,45.92499923706055,45.18000030517578,45.619998931884766,43.54484176635742,26226800
2025-02-12,45.244998931884766,45.55500030517578,44.439998626708984,44.52000045776367,42.49488067626953,38798800
2025-02-13,44.45000076293945,44.95500183105469,44.15999984741211,44.85499954223633,42.814640045166016,31550400
2025-02-14,45.025001525878906,45.665000915527344,45.025001525878906,45.03499984741211,42.986454010009766,25885800
2025-02-18,45.25,45.95000076293945,44.9900016784668,45.650001525878906,43.573486328125,29574800
2025-02-19,45.84000015258789,46.439998626708984,45.814998626708984,46.0099983215332,43.91710662841797,24531200
2025-02-20,45.915000915527344,46.5099983215332,45.720001220703125,46.43000030517578,44.3180046081543,28332200
2025-02-21,46.150001525878906,46.275001525878906,45.439998626708984,45.46500015258789,43.39689636230469,31276600
2025-02-24,45.54499816894531,45.720001220703125,45.23500061035156,45.474998474121094,43.40644073486328,26295200
2025-02-25,45.46500015258789,45.67499923706055,44.45500183105469,44.81999969482422,42.78123474121094,26608600
2025-02-26,44.875,44.994998931884766,44.36000061035156,44.564998626708984,42.5378303527832,24305600
2025-02-27,44.875,45.35499954223633,44.4900016784668,44.80500030517578,42.76692199707031,30048000
2025-02-28,44.65999984741211,45.53499984741211,44.380001068115234,45.5,43.43030548095703,26627200
2025-03-03,45.67499923706055,45.935001373291016,43.505001068115234,43.90999984741211,41.91263198852539,49501800
2025-03-04,43.26499938964844,44.189998626708984,42.71500015258789,43.48500061035156,41.506961822509766,50677000
2025-03-05,42.85499954223633,43.07500076293945,42.01499938964844,42.849998474121094,40.90084457397461,56510800
2025-03-06,42.64500045776367,43.244998931884766,42.310001373291016,42.97999954223633,41.02492904663086,47104200
2025-03-07,43.17499923706055,44.029998779296875,43.17499923706055,43.71500015258789,41.72650146484375,44849200
2025-03-10,43.95500183105469,44.64500045776367,43.630001068115234,44.040000915527344,42.03671646118164,40045400
2025-03-11,44.220001220703125,44.40999984741211,43.45500183105469,43.689998626708984,41.70263671875,30230200
2025-03-12,43.720001220703125,44.29499816894531,43.55500030517578,43.88999938964844,41.89353942871094,32240400
2025-03-13,43.73500061035156,44.3650016784668,43.32500076293945,43.59000015258789,41.60718536376953,30742000
2025-03-14,43.83000183105469,44.939998626708984,43.630001068115234,44.880001068115234,42.8385124206543,32023200
2025-03-17,44.845001220703125,45.80500030517578,44.845001220703125,45.595001220703125,43.52098083496094,29761600
2025-03-18,45.849998474121094,45.95500183105469,45.310001373291016,45.66999816894531,43.59257125854492,30806600
2025-03-19,45.72999954223633,46.619998931884766,45.720001220703125,46.415000915527344,44.303680419921875,31742600
2025-03-20,46.15999984741211,46.7400016784668,45.96500015258789,46.584999084472656,44.46595001220703,33163600
2025-03-21,46.43000030517578,46.540000915527344,45.970001220703125,46.2599983215332,44.155731201171875,36975600
2025-03-24,46.11000061035156,46.70000076293945,46.03499984741211,46.42499923706055,44.658836364746094,23824600
2025-03-25,46.630001068115234,47.02000045776367,46.474998474121094,46.6150016784668,44.84161376953125,22292000
2025-03-26,47.04999923706055,47.40999984741211,46.775001525878906,46.88999938964844,45.10614776611328,25564600
2025-03-27,46.75,46.92499923706055,46.25,46.435001373291016,44.668460845947266,19147800
2025-03-28,46.40999984741211,46.584999084472656,45.98500061035156,46.21500015258789,44.45682907104492,22248800
2025-03-31,46.1150016784668,47.0,46.04999923706055,46.724998474121094,44.94742202758789,28813800
2025-04-01,46.75,47.04499816894531,46.244998931884766,47.0,45.21195983886719,27121200
2025-04-02,46.599998474121094,47.10499954223633,46.4900016784668,47.064998626708984,45.27448654174805,33960600
2025-04-03,44.82500076293945,45.16999816894531,43.35499954223633,43.369998931884766,41.72005844116211,75657800
2025-04-04,41.82500076293945,42.29499816894531,39.380001068115234,39.380001068115234,37.88185501098633,100752000
2025-04-07,38.10499954223633,40.790000915527344,37.4900016784668,39.125,37.636558532714844,113906800
2025-04-08,40.33000183105469,40.540000915527344,37.61000061035156,38.220001220703125,36.76598358154297,90538400
2025-04-09,37.474998474121094,41.60499954223633,37.244998931884766,41.18000030517578,39.613372802734375,118962400
2025-04-10,40.11000061035156,40.11000061035156,37.7400016784668,38.4900016784668,37.02571105957031,79046600
2025-04-11,38.66999816894531,39.7400016784668,37.90999984741211,39.44499969482422,37.94437789916992,41916800
2025-04-14,40.380001068115234,40.380001068115234,39.189998626708984,39.584999084472656,38.07905578613281,32748200
2025-04-15,39.54999923706055,40.2599983215332,39.505001068115234,39.525001525878906,38.02133560180664,22167000
2025-04-16,39.77000045776367,40.525001525878906,39.66999816894531,39.849998474121094,38.3339729309082,27331400
2025-04-17,40.17499923706055,41.380001068115234,40.154998779296875,40.75,39.199729919433594,47908800
2025-04-21,40.10499954223633,40.20500183105469,39.244998931884766,39.685001373291016,38.17525100708008,31012000
2025-04-22,40.20000076293945,40.994998931884766,40.025001525878906,40.69499969482422,39.14682388305664,22097400
2025-04-23,41.04999923706055,41.4900016784668,40.369998931884766,40.619998931884766,39.074676513671875,43216200
2025-04-24,41.0,41.38999938964844,40.64500045776367,41.27000045776367,39.699954986572266,21219000
2025-04-25,40.900001525878906,41.22999954223633,40.7400016784668,41.19499969482422,39.627803802490234,17664800
2025-04-28,41.150001525878906,41.599998474121094,41.095001220703125,41.48500061035156,39.90677261352539,16436800
2025-04-29,41.02000045776367,41.51499938964844,40.939998626708984,41.3650016784668,39.79133987426758,19843400
2025-04-30,40.70000076293945,40.7599983215332,39.755001068115234,40.25,38.718753814697266,37814200
2025-05-01,39.91999816894531,40.93000030517578,39.91999816894531,40.400001525878906,38.86305236816406,36314400
2025-05-02,40.88999938964844,41.19499969482422,40.15999984741211,40.9900016784668,39.430606842041016,32038800
2025-05-05,40.474998474121094,40.529998779296875,40.025001525878906,40.25,38.718753814697266,29530200
2025-05-06,40.43000030517578,40.61000061035156,40.03499984741211,40.2599983215332,38.728370666503906,22995400
2025-05-07,40.349998474121094,40.47999954223633,39.970001220703125,40.275001525878906,38.7428092956543,22446200
2025-05-08,40.64500045776367,41.36000061035156,40.58000183105469,40.80500030517578,39.25264358520508,30565800
2025-05-09,41.29999923706055,41.41999816894531,40.880001068115234,41.21500015258789,39.64704513549805,19993200
2025-05-12,42.7400016784668,42.935001373291016,41.97999954223633,42.290000915527344,40.681148529052734,32610000
2025-05-13,42.5,43.224998474121094,42.33000183105469,42.8849983215332,41.253509521484375,29031600
2025-05-14,42.599998474121094,42.790000915527344,42.459999084472656,42.625,41.00340270996094,21332600
2025-05-15,42.084999084472656,42.83000183105469,41.97999954223633,42.80500030517578,41.17655563354492,29721600
2025-05-16,42.900001525878906,42.92499923706055,42.30500030517578,42.7400016784668,41.11402893066406,21725800
2025-05-19,42.3849983215332,42.43000030517578,41.875,42.185001373291016,40.58014678955078,24787000
2025-05-20,42.154998779296875,42.25,41.755001068115234,41.79499816894531,40.20498275756836,22782200
2025-05-21,41.54499816894531,41.625,41.02000045776367,41.025001525878906,39.46427536010742,25698400
2025-05-22,40.810001373291016,41.099998474121094,40.36000061035156,40.8650016784668,39.310359954833984,23732200
2025-05-23,40.505001068115234,41.099998474121094,40.4900016784668,40.994998931884766,39.4354133605957,23511000
2025-05-27,41.279998779296875,41.415000915527344,40.974998474121094,41.349998474121094,39.77690887451172,19028000
2025-05-28,41.54999923706055,41.67499923706055,40.720001220703125,40.82500076293945,39.27188491821289,29552600
2025-05-29,40.88999938964844,41.130001068115234,40.630001068115234,41.130001068115234,39.565277099609375,23792800
2025-05-30,40.814998626708984,40.97999954223633,40.439998626708984,40.76499938964844,39.21416473388672,31038600
2025-06-02,41.529998779296875,41.584999084472656,40.82500076293945,41.29999923706055,39.72880935668945,32031000
2025-06-03,41.33000183105469,42.04999923706055,40.939998626708984,41.790000915527344,40.20016860961914,30352600
2025-06-04,41.77000045776367,42.095001220703125,40.92499923706055,40.974998474121094,39.416175842285156,44939200
2025-06-05,41.279998779296875,41.29999923706055,40.83000183105469,40.935001373291016,39.3776969909668,27655000
2025-06-06,41.30500030517578,41.83000183105469,41.30500030517578,41.70500183105469,40.11840057373047,28556800
2025-06-09,41.869998931884766,42.220001220703125,41.540000915527344,41.78499984741211,40.19535446166992,28680400
2025-06-10,42.22999954223633,42.80500030517578,42.209999084472656,42.529998779296875,40.912017822265625,46092200
2025-06-11,42.81999969482422,43.21500015258789,42.400001525878906,43.14500045776367,41.50362014770508,48996600
2025-06-12,42.94499969482422,43.310001373291016,42.630001068115234,43.29499816894531,41.647911071777344,34028200
2025-06-13,44.10499954223633,44.28499984741211,43.474998474121094,44.04999923706055,42.37419128417969,84194800
2025-06-16,43.93000030517578,44.375,43.59000015258789,43.91999816894531,42.24913787841797,69406600
2025-06-17,44.28499984741211,44.65999984741211,44.0099983215332,44.33000183105469,42.64353942871094,67884200
2025-06-18,44.4900016784668,44.71500015258789,43.939998626708984,44.040000915527344,42.36457061767578,70473000
2025-06-20,44.21500015258789,44.6150016784668,44.084999084472656,44.4900016784668,42.797454833984375,56744800
2025-06-23,44.685001373291016,44.71500015258789,42.83000183105469,43.01499938964844,41.71517562866211,105688200
2025-06-24,42.38999938964844,42.900001525878906,42.29499816894531,42.45500183105469,41.172096252441406,65358800
2025-06-25,42.404998779296875,42.560001373291016,42.130001068115234,42.27000045776367,40.9926872253418,43723000
2025-06-26,42.3650016784668,42.959999084472656,42.2599983215332,42.875,41.579402923583984,33565600
2025-06-27,42.849998474121094,42.849998474121094,42.39500045776367,42.650001525878906,41.361209869384766,35411800
2025-06-30,42.48500061035156,42.66999816894531,42.279998779296875,42.404998779296875,41.12360763549805,26247600
2025-07-01,42.470001220703125,42.93000030517578,42.08000183105469,42.72999954223633,41.438785552978516,40772800
2025-07-02,43.09000015258789,43.53499984741211,42.6150016784668,43.46500015258789,42.15157699584961,42468800
2025-07-03,43.404998779296875,43.654998779296875,43.30500030517578,43.51499938964844,42.20006561279297,22266200
2025-07-07,43.25,43.47999954223633,42.650001525878906,43.095001220703125,41.79275894165039,35673000
2025-07-08,43.04499816894531,44.415000915527344,43.03499984741211,44.255001068115234,42.91770553588867,47472400
2025-07-09,44.14500045776367,44.31999969482422,43.900001525878906,44.029998779296875,42.699501037597656,28672400
2025-07-10,43.93000030517578,44.38999938964844,43.6150016784668,44.3650016784668,43.024383544921875,28823800
2025-07-11,44.290000915527344,44.720001220703125,44.154998779296875,44.564998626708984,43.21833419799805,30171600
2025-07-14,44.47999954223633,44.47999954223633,43.84000015258789,44.07500076293945,42.74314498901367,33441600
2025-07-15,43.9900016784668,44.18000030517578,43.3849983215332,43.439998626708984,42.12732696533203,33859000
2025-07-16,43.380001068115234,43.630001068115234,42.90999984741211,43.064998626708984,41.7636604309082,35501600
2025-07-17,42.845001220703125,43.39500045776367,42.7400016784668,43.33000183105469,42.020660400390625,36085600
2025-07-18,43.67499923706055,43.875,42.810001373291016,42.97999954223633,41.68122863769531,60975600
2025-07-21,43.0099983215332,43.084999084472656,42.45000076293945,42.53499984741211,41.24967956542969,30434400
2025-07-22,42.48500061035156,42.970001220703125,42.44499969482422,42.73500061035156,41.443634033203125,32444000
2025-07-23,42.90999984741211,43.43000030517578,42.79999923706055,43.404998779296875,42.09339141845703,28046000
2025-07-24,43.290000915527344,43.77000045776367,43.095001220703125,43.71500015258789,42.39402389526367,24022200
2025-07-25,43.7599983215332,43.834999084472656,43.32500076293945,43.54999923706055,42.234004974365234,20143200
2025-07-28,43.84000015258789,44.119998931884766,43.775001525878906,44.04499816894531,42.714046478271484,23705200
2025-07-29,44.1150016784668,44.4900016784668,43.970001220703125,44.474998474121094,43.13105392456055,24552000
2025-07-30,44.20000076293945,44.224998474121094,43.564998626708984,43.84000015258789,42.5152473449707,26552400
2025-07-31,43.380001068115234,44.11000061035156,43.380001068115234,43.60499954223633,42.28734588623047,24960800
2025-08-01,43.439998626708984,43.595001220703125,42.560001373291016,42.79499816894531,41.5018196105957,42329400
2025-08-04,42.720001220703125,43.040000915527344,42.47999954223633,42.70000076293945,41.40969467163086,26509600
2025-08-05,42.689998626708984,42.814998626708984,42.17499923706055,42.755001068115234,41.46303176879883,31413600
2025-08-06,43.025001525878906,43.275001525878906,42.23500061035156,42.36000061035156,41.0799674987793,38249400
2025-08-07,42.61000061035156,43.084999084472656,42.13999938964844,42.19499969482422,40.919952392578125,35042000
2025-08-08,42.39500045776367,42.85499954223633,42.18000030517578,42.46500015258789,41.18179702758789,40736200
2025-08-11,42.54999923706055,42.73500061035156,42.04999923706055,42.125,40.85206985473633,28828800
2025-08-12,42.209999084472656,42.70000076293945,42.084999084472656,42.33000183105469,41.05087661743164,34522600
2025-08-13,42.36000061035156,42.82500076293945,42.209999084472656,42.81999969482422,41.526065826416016,25601200
2025-08-14,42.790000915527344,42.845001220703125,42.32500076293945,42.779998779296875,41.48727798461914,24944600
2025-08-15,42.79999923706055,43.26499938964844,42.64500045776367,42.779998779296875,41.48727798461914,27297800
2025-08-18,42.55500030517578,42.724998474121094,42.279998779296875,42.525001525878906,41.23998260498047,26428400
2025-08-19,42.404998779296875,42.790000915527344,42.29499816894531,42.540000915527344,41.2545280456543,25693800
2025-08-20,42.61000061035156,43.06999969482422,42.56999969482422,42.89500045776367,41.59880447387695,27967200
2025-08-21,42.81999969482422,43.28499984741211,42.70500183105469,43.189998626708984,41.884883880615234,22088000
2025-08-22,43.334999084472656,44.17499923706055,43.26499938964844,44.06999969482422,42.7382926940918,30936400
2025-08-25,43.959999084472656,44.2400016784668,43.814998626708984,44.185001373291016,42.84981918334961,23412800
2025-08-26,44.0099983215332,44.154998779296875,43.70500183105469,44.1150016784668,42.78194046020508,22855600
2025-08-27,44.04999923706055,44.77000045776367,44.0,44.61000061035156,43.26197814941406,26877400
2025-08-28,44.625,45.01499938964844,44.33000183105469,44.95000076293945,43.59170150756836,24086200
2025-08-29,44.970001220703125,45.310001373291016,44.90999984741211,45.19499969482422,43.82929992675781,23745000
2025-09-02,45.07500076293945,45.34000015258789,44.73500061035156,45.2599983215332,43.892333984375,25964400
2025-09-03,44.900001525878906,45.275001525878906,44.095001220703125,44.244998931884766,42.90800857543945,36018200
2025-09-04,44.25,44.724998474121094,44.060001373291016,44.540000915527344,43.194095611572266,25895400
2025-09-05,44.17499923706055,44.31999969482422,43.459999084472656,43.68000030517578,42.360076904296875,48182200
2025-09-08,43.82500076293945,44.01499938964844,43.19499969482422,43.58000183105469,42.26310348510742,34931800
2025-09-09,43.814998626708984,44.40999984741211,43.76499938964844,43.790000915527344,42.466758728027344,41193400
2025-09-10,43.88999938964844,44.58000183105469,43.790000915527344,44.55500030517578,43.208641052246094,29932800
2025-09-11,44.20000076293945,44.65999984741211,44.064998626708984,44.564998626708984,43.21833419799805,25176800
2025-09-12,44.75,44.95000076293945,44.290000915527344,44.29999923706055,42.96134567260742,22297800
2025-09-15,44.3849983215332,44.5,44.07500076293945,44.150001525878906,42.815879821777344,23287800
2025-09-16,44.345001220703125,45.029998779296875,44.334999084472656,44.88999938964844,43.533512115478516,41593000
2025-09-17,44.83000183105469,45.310001373291016,44.6349983215332,44.994998931884766,43.635345458984375,26044800
2025-09-18,45.03499984741211,45.125,44.51499938964844,44.85499954223633,43.49957275390625,28713000
2025-09-19,44.814998626708984,44.849998474121094,44.10499954223633,44.2599983215332,42.922550201416016,29979200
2025-09-22,43.72999954223633,44.04999923706055,43.55500030517578,43.834999084472656,42.87316131591797,22502400
2025-09-23,44.0099983215332,45.06999969482422,44.0099983215332,44.59000015258789,43.611595153808594,44214800
2025-09-24,44.904998779296875,45.59000015258789,44.85499954223633,45.16999816894531,44.17886734008789,35406200
2025-09-25,45.165000915527344,45.619998931884766,45.040000915527344,45.57500076293945,44.574981689453125,31887200
2025-09-26,45.650001525878906,46.45500183105469,45.63999938964844,45.994998931884766,44.98576736450195,40161600
2025-09-29,45.67499923706055,45.7400016784668,44.915000915527344,45.150001525878906,44.159305572509766,37674400
2025-09-30,44.755001068115234,44.849998474121094,44.31999969482422,44.66999816894531,43.68983840942383,47544800
2025-10-01,44.45000076293945,44.81999969482422,44.400001525878906,44.66999816894531,43.68983840942383,27661200
2025-10-02,44.56999969482422,44.96500015258789,44.17499923706055,44.220001220703125,43.24971389770508,31793600
2025-10-03,44.44499969482422,44.71500015258789,44.38999938964844,44.45500183105469,43.479557037353516,24048000
2025-10-06,44.73500061035156,44.93000030517578,44.494998931884766,44.67499923706055,43.69472885131836,21488400
2025-10-07,44.6349983215332,44.779998779296875,43.95500183105469,44.744998931884766,43.7631950378418,25324000
2025-10-08,44.744998931884766,44.744998931884766,44.150001525878906,44.48500061035156,43.5088996887207,20024200
2025-10-09,44.58000183105469,44.959999084472656,43.834999084472656,43.880001068115234,42.91717529296875,23397800
2025-10-10,43.55500030517578,43.775001525878906,42.595001220703125,42.61000061035156,41.67504119873047,44892200
2025-10-13,42.935001373291016,43.244998931884766,42.79499816894531,43.189998626708984,42.2423095703125,22889600
2025-10-14,42.57500076293945,43.43000030517578,42.52000045776367,43.185001373291016,42.2374267578125,25084600
2025-10-15,43.459999084472656,43.70500183105469,42.84000015258789,43.15999984741211,42.212974548339844,24267000
2025-10-16,43.23500061035156,43.3650016784668,42.349998474121094,42.63999938964844,41.704383850097656,29193800
2025-10-17,42.81999969482422,43.08000183105469,42.64500045776367,42.9900016784668,42.04669952392578,24071800
2025-10-20,43.064998626708984,43.54499816894531,43.064998626708984,43.44499969482422,42.49171829223633,25352400
2025-10-21,43.564998626708984,43.665000915527344,43.125,43.345001220703125,42.393917083740234,25885200
2025-10-22,43.6349983215332,44.09000015258789,43.27000045776367,43.900001525878906,42.936737060546875,32814000
2025-10-23,44.685001373291016,44.779998779296875,44.21500015258789,44.48500061035156,43.5088996887207,47308800
2025-10-24,44.685001373291016,44.70000076293945,44.005001068115234,44.03499984741211,43.06877517700195,21191000
2025-10-27,44.17499923706055,44.31999969482422,43.94499969482422,44.13999938964844,43.17146682739258,19597200
2025-10-28,43.974998474121094,44.1150016784668,43.654998779296875,43.68000030517578,42.721561431884766,22474600
2025-10-29,43.72999954223633,44.22999954223633,43.63999938964844,44.005001068115234,43.0394287109375,26807800
2025-10-30,43.9900016784668,44.310001373291016,43.685001373291016,43.744998931884766,42.785133361816406,20663400
2025-10-31,43.849998474121094,44.314998626708984,43.65999984741211,44.064998626708984,43.098114013671875,26985400
2025-11-03,44.07500076293945,44.189998626708984,43.564998626708984,44.06999969482422,43.10300064086914,22232000
2025-11-04,43.529998779296875,43.71500015258789,43.185001373291016,43.595001220703125,42.638427734375,29477600
2025-11-05,43.599998474121094,44.19499969482422,43.54499816894531,43.709999084472656,42.75090026855469,23857200
2025-11-06,43.775001525878906,44.54999923706055,43.775001525878906,44.1349983215332,43.16657257080078,32154800
2025-11-07,44.290000915527344,44.875,44.16999816894531,44.77000045776367,43.78764724731445,35458400
2025-11-10,44.8849983215332,45.279998779296875,44.30500030517578,45.17499923706055,44.18375778198242,31264600
2025-11-11,45.44499969482422,46.084999084472656,45.40999984741211,45.76499938964844,44.76081466674805,38752800
2025-11-12,45.45500183105469,45.665000915527344,45.060001373291016,45.125,44.134857177734375,29863200
2025-11-13,45.27000045776367,45.650001525878906,45.040000915527344,45.2400016784668,44.24733352661133,32243800
2025-11-14,45.47999954223633,46.11000061035156,44.90999984741211,46.0099983215332,45.00043487548828,34179400
2025-11-17,45.95500183105469,45.970001220703125,44.9900016784668,45.16999816894531,44.17886734008789,37447400
2025-11-18,44.974998474121094,45.650001525878906,44.849998474121094,45.529998779296875,44.530967712402344,34839400
2025-11-19,44.724998474121094,45.084999084472656,44.40999984741211,44.939998626708984,43.953914642333984,41062800
2025-11-20,45.16999816894531,45.78499984741211,44.39500045776367,44.43000030517578,43.45510482788086,41630000
2025-11-21,44.505001068115234,44.904998779296875,44.03499984741211,44.709999084472656,43.72895812988281,39317200
2025-11-24,44.65999984741211,44.724998474121094,43.89500045776367,44.584999084472656,43.60670471191406,33681800
2025-11-25,44.23500061035156,44.47999954223633,43.939998626708984,44.30500030517578,43.33285140991211,29299000
2025-11-26,44.29499816894531,44.959999084472656,44.255001068115234,44.63999938964844,43.66049575805664,26611000
2025-11-28,44.665000915527344,45.41999816894531,44.599998474121094,45.224998474121094,44.23265838623047,16666600
2025-12-01,45.290000915527344,45.90999984741211,45.255001068115234,45.65999984741211,44.65811538696289,31150000
2025-12-02,45.59000015258789,45.59000015258789,44.845001220703125,45.06999969482422,44.08106231689453,33305000
2025-12-03,45.375,45.994998931884766,45.310001373291016,45.915000915527344,44.90752410888672,30174000
2025-12-04,45.88999938964844,46.185001373291016,45.755001068115234,46.11000061035156,45.098243713378906,23799600
2025-12-05,46.029998779296875,46.65999984741211,45.90999984741211,45.91999816894531,44.91240692138672,22164400
2025-12-08,45.65999984741211,45.91999816894531,45.27000045776367,45.41999816894531,44.42338180541992,27891900
2025-12-09,45.5,46.08000183105469,45.459999084472656,45.70000076293945,44.697242736816406,20917400
2025-12-10,45.84000015258789,46.27000045776367,45.630001068115234,46.18000030517578,45.16670608520508,26255100
2025-12-11,45.900001525878906,46.25,45.84000015258789,45.959999084472656,44.951534271240234,25827200
2025-12-12,46.04999923706055,46.2400016784668,45.38999938964844,45.5099983215332,44.51140594482422,33161200
2025-12-15,45.61000061035156,45.61000061035156,44.81999969482422,45.189998626708984,44.198429107666016,27521600
2025-12-16,44.83000183105469,44.849998474121094,43.77000045776367,43.810001373291016,42.84870910644531,49312400
2025-12-17,44.130001068115234,44.880001068115234,44.060001373291016,44.779998779296875,43.79742431640625,43375300
2025-12-18,44.650001525878906,44.709999084472656,43.97999954223633,44.130001068115234,43.16168975830078,29920200
2025-12-19,44.25,44.529998779296875,44.029998779296875,44.130001068115234,43.16168975830078,31959600
2025-12-22,44.13999938964844,44.4900016784668,44.09000015258789,44.209999084472656,43.608524322509766,23707400
2025-12-23,44.369998931884766,44.54999923706055,44.220001220703125,44.5,43.89457702636719,19137500
2025-12-24,44.41999816894531,44.560001373291016,44.310001373291016,44.369998931884766,43.7663459777832,11293900
2025-12-26,44.31999969482422,44.439998626708984,43.9900016784668,44.20000076293945,43.59865951538086,17884500
2025-12-29,44.5099983215332,44.7400016784668,44.290000915527344,44.619998931884766,44.01294708251953,31352100
2025-12-30,44.79999923706055,45.09000015258789,44.79999923706055,44.959999084472656,44.34832000732422,18654700
2025-12-31,44.93000030517578,45.02000045776367,44.56999969482422,44.709999084472656,44.101722717285156,16965900
2026-01-02,44.720001220703125,45.779998779296875,44.4900016784668,45.650001525878906,45.02893829345703,31935500
2026-01-05,47.15999984741211,47.31999969482422,45.75,46.88999938964844,46.2520637512207,94961000
2026-01-06,47.0,47.060001373291016,45.529998779296875,45.63999938964844,45.019065856933594,69568200
2026-01-07,45.81999969482422,45.81999969482422,45.08000183105469,45.130001068115234,44.51601028442383,42739200
2026-01-08,45.31999969482422,46.849998474121094,45.220001220703125,46.54999923706055,45.91668701171875,51451000
2026-01-09,46.75,46.880001068115234,46.5099983215332,46.66999816894531,46.03505325317383,38839900
2026-01-12,46.75,46.810001373291016,46.099998474121094,46.34000015258789,45.70954895019531,28264400
2026-01-13,46.72999954223633,47.38999938964844,46.68000030517578,47.0,46.36056900024414,50469200
2026-01-14,47.25,48.650001525878906,47.18000030517578,48.060001373291016,47.40614700317383,80750200
2026-01-15,47.630001068115234,48.06999969482422,47.27000045776367,47.61000061035156,46.9622688293457,49328800
2026-01-16,47.560001373291016,47.810001373291016,47.4900016784668,47.689998626708984,47.04117965698242,30796300
2026-01-20,48.09000015258789,48.310001373291016,47.5,47.599998474121094,46.9524040222168,50178700
2026-01-21,48.290000915527344,49.04999923706055,48.290000915527344,48.75,48.08675765991211,58996000
2026-01-22,48.619998931884766,49.0,48.41999816894531,48.90999984741211,48.24458312988281,50869500
2026-01-23,49.52000045776367,49.88999938964844,49.09000015258789,49.189998626708984,48.52077102661133,51431200
2026-01-26,49.869998931884766,49.88999938964844,48.95000076293945,49.220001220703125,48.55036544799805,40122600
2026-01-27,49.38999938964844,49.81999969482422,49.15999984741211,49.66999816894531,48.994239807128906,39840300
2026-01-28,49.970001220703125,50.13999938964844,49.560001373291016,50.04999923706055,49.36907196044922,41890400
2026-01-29,51.150001525878906,51.72999954223633,50.47999954223633,50.5099983215332,49.82281494140625,77520700
2026-01-30,50.36000061035156,51.09000015258789,49.880001068115234,51.04999923706055,50.355464935302734,74039400
2026-02-02,50.099998474121094,50.5099983215332,49.77000045776367,50.04999923706055,49.36907196044922,61479900
2026-02-03,50.2400016784668,51.779998779296875,50.02000045776367,51.66999816894531,50.9670295715332,83754100
2026-02-04,51.81999969482422,52.959999084472656,51.81999969482422,52.83000183105469,52.11125183105469,78149900
2026-02-05,52.2599983215332,52.4900016784668,51.439998626708984,52.209999084472656,51.49968719482422,54235600
2026-02-06,52.5,53.41999816894531,52.36000061035156,53.25,52.52553939819336,41669600
2026-02-09,53.209999084472656,53.720001220703125,52.97999954223633,53.63999938964844,52.91023254394531,38798500
2026-02-10,53.77000045776367,53.790000915527344,53.2400016784668,53.58000183105469,52.85104751586914,32146000
2026-02-11,54.279998779296875,55.11000061035156,54.25,54.97999954223633,54.231998443603516,57349700
2026-02-12,54.939998626708984,55.2400016784668,53.7599983215332,53.97999954223633,53.245601654052734,67427800
2026-02-13,53.939998626708984,54.58000183105469,53.810001373291016,54.349998474121094,53.61056900024414,48392100
2026-02-17,54.560001373291016,54.90999984741211,53.18000030517578,53.75,53.018733978271484,50499600
2026-02-18,54.529998779296875,54.86000061035156,54.220001220703125,54.779998779296875,54.03472137451172,59196100
2026-02-19,55.459999084472656,55.880001068115234,54.93000030517578,55.18000030517578,54.42927932739258,62513500
2026-02-20,55.0,55.290000915527344,54.5099983215332,54.880001068115234,54.13336181640625,50833500
2026-02-23,55.040000915527344,55.93000030517578,54.869998931884766,55.150001525878906,54.399688720703125,44013500
2026-02-24,55.11000061035156,55.220001220703125,54.400001525878906,55.099998474121094,54.350364685058594,42921700
2026-02-25,55.29999923706055,55.369998931884766,54.189998626708984,54.869998931884766,54.123497009277344,36207500
2026-02-26,54.369998931884766,55.66999816894531,54.119998931884766,55.04999923706055,54.301048278808594,47033500
2026-02-27,55.63999938964844,56.150001525878906,54.93000030517578,55.91999816894531,55.159210205078125,59071500
2026-03-02,57.77000045776367,57.880001068115234,56.27000045776367,57.040000915527344,56.26397705078125,135633300
2026-03-03,57.38999938964844,57.720001220703125,56.04999923706055,56.52000045776367,55.75104904174805,154770800
2026-03-04,56.060001373291016,56.43000030517578,55.33000183105469,56.189998626708984,55.425537109375,70732700
2026-03-05,56.529998779296875,57.060001373291016,56.08000183105469,56.47999954223633,55.71159362792969,85177800
2026-03-06,57.150001525878906,57.34000015258789,56.16999816894531,56.56999969482422,55.80036926269531,68219000
2026-03-09,56.84000015258789,57.150001525878906,55.939998626708984,56.31999969482422,55.553768157958984,88747400
2026-03-10,56.060001373291016,56.459999084472656,55.369998931884766,55.599998474121094,54.843563079833984,88817900
2026-03-11,55.630001068115234,57.040000915527344,55.540000915527344,56.97999954223633,56.20478820800781,48743700
2026-03-12,57.130001068115234,58.220001220703125,57.060001373291016,57.5099983215332,56.727577209472656,69358700
2026-03-13,57.5,57.93000030517578,57.099998474121094,57.70000076293945,56.91499328613281,43374600
2026-03-16,57.7599983215332,58.099998474121094,57.27000045776367,57.900001525878906,57.11227798461914,39474300
2026-03-17,58.22999954223633,59.04999923706055,57.97999954223633,58.5099983215332,57.71397399902344,40137700
2026-03-18,58.7400016784668,58.970001220703125,58.43000030517578,58.43000030517578,57.63506317138672,42908000
2026-03-19,58.869998931884766,59.720001220703125,58.52000045776367,59.36000061035156,58.55241012573242,69231400
2026-03-20,59.560001373291016,60.31999969482422,59.279998779296875,59.310001373291016,58.503089904785156,73003400
2026-03-23,57.88999938964844,59.84000015258789,57.65999984741211,59.630001068115234,59.203041076660156,71027200
2026-03-24,59.79999923706055,61.470001220703125,59.77000045776367,60.84000015258789,60.40437698364258,51207500
2026-03-25,60.31999969482422,61.0,60.2599983215332,60.56999969482422,60.13631057739258,42680700
2026-03-26,60.66999816894531,61.86000061035156,60.59000015258789,61.52000045776367,61.07950973510742,54967600
2026-03-27,61.529998779296875,62.790000915527344,61.2599983215332,62.560001373291016,62.112064361572266,59553200
2026-03-30,63.130001068115234,63.459999084472656,61.779998779296875,61.959999084472656,61.516357421875,49750100
2026-03-31,62.040000915527344,62.83000183105469,60.040000915527344,61.2599983215332,60.82136917114258,94766900
2026-04-01,59.720001220703125,60.619998931884766,58.36000061035156,58.970001220703125,58.547767639160156,96652900
2026-04-02,60.529998779296875,61.0099983215332,58.97999954223633,59.25,58.82576370239258,60400500
2026-04-06,59.11000061035156,59.689998626708984,58.88999938964844,59.68000030517578,59.252685546875,25474200
2026-04-07,59.810001373291016,60.77000045776367,59.790000915527344,60.15999984741211,59.729248046875,38811700
2026-04-08,56.68000030517578,58.189998626708984,56.18000030517578,58.04999923706055,57.63435363769531,88023600
2026-04-09,58.20000076293945,59.02000045776367,57.11000061035156,57.33000183105469,56.91950988769531,55088500
2026-04-10,57.16999816894531,57.47999954223633,56.400001525878906,56.939998626708984,56.53230285644531,42561700
2026-04-13,57.619998931884766,57.720001220703125,56.650001525878906,57.11000061035156,56.70108413696289,43100900
2026-04-14,56.5,56.5,55.40999984741211,55.95000076293945,55.54939270019531,58830100
2026-04-15,55.599998474121094,56.209999084472656,55.27000045776367,55.7599983215332,55.360748291015625,39551500
2026-04-16,55.84000015258789,56.880001068115234,55.77000045776367,56.58000183105469,56.17488098144531,31282600
2026-04-17,54.40999984741211,55.15999984741211,53.40999984741211,55.02000045776367,54.62604904174805,90913300
2026-04-20,55.099998474121094,55.720001220703125,54.79999923706055,55.06999969482422,54.675689697265625,35150000
2026-04-21,55.31999969482422,55.959999084472656,54.91999816894531,55.869998931884766,55.46996307373047,41299800
2026-04-22,56.36000061035156,56.779998779296875,56.130001068115234,56.540000915527344,56.13516616821289,40565500
2026-04-23,56.88999938964844,57.189998626708984,56.470001220703125,56.97999954223633,56.57201385498047,34707200
2026-04-24,56.77000045776367,56.91999816894531,56.16999816894531,56.869998931884766,56.46280288696289,36426700
2026-04-27,57.099998474121094,57.68000030517578,56.630001068115234,56.77000045776367,56.363521575927734,33070600
2026-04-28,57.720001220703125,58.04999923706055,57.380001068115234,57.709999084472656,57.29678726196289,39151300
2026-04-29,58.279998779296875,59.11000061035156,58.060001373291016,59.029998779296875,58.607337951660156,40616700
2026-04-30,58.20000076293945,59.84000015258789,57.939998626708984,59.650001525878906,59.222900390625,35896800
2026-05-01,59.060001373291016,59.599998474121094,58.2599983215332,58.849998474121094,58.42862319946289,35828400
2026-05-04,58.72999954223633,59.630001068115234,58.220001220703125,59.38999938964844,58.964759826660156,36883000
2026-05-05,59.22999954223633,59.7599983215332,58.88999938964844,59.45000076293945,59.024330139160156,27041400
2026-05-06,57.290000915527344,57.88999938964844,56.65999984741211,57.0,56.59187316894531,57907500
2026-05-07,55.869998931884766,56.150001525878906,55.130001068115234,55.95000076293945,55.54939270019531,52909900
2026-05-08,55.849998474121094,56.22999954223633,55.459999084472656,55.70000076293945,55.30118179321289,30573500
2026-05-11,56.2599983215332,57.220001220703125,56.2400016784668,57.16999816894531,56.76065444946289,31943300
2026-05-12,57.72999954223633,57.84000015258789,57.13999938964844,57.56999969482422,57.15779113769531,36814500
2026-05-13,57.470001220703125,57.709999084472656,56.959999084472656,57.630001068115234,57.21736145019531,22707200
2026-05-14,57.650001525878906,58.18000030517578,57.5099983215332,58.06999969482422,57.654212951660156,23487000
2026-05-15,58.70000076293945,59.470001220703125,58.47999954223633,59.439998626708984,59.014400482177734,33565500
2026-05-18,59.130001068115234,60.70000076293945,58.720001220703125,60.58000183105469,60.146240234375,41516600
2026-05-19,60.810001373291016,61.4900016784668,60.29999923706055,61.290000915527344,60.851158142089844,31111000
2026-05-20,60.810001373291016,61.70000076293945,59.68000030517578,59.79999923706055,59.371822357177734,61776800
2026-05-21,60.47999954223633,60.59000015258789,58.720001220703125,59.130001068115234,58.70662307739258,45851100
2026-05-22,58.9900016784668,59.61000061035156,58.83000183105469,59.4900016784668,59.06404495239258,42428900
2026-05-26,58.869998931884766,59.56999969482422,57.84000015258789,57.849998474121094,57.43578338623047,38819900
2026-05-27,57.0099983215332,57.5,56.47999954223633,56.9900016784668,56.581947326660156,48329800
2026-05-28,57.54999923706055,57.68000030517578,56.68000030517578,56.95000076293945,56.542232513427734,46554100
2026-05-29,56.68000030517578,56.790000915527344,55.9900016784668,56.290000915527344,55.886959075927734,32389600
2026-06-01,57.029998779296875,57.810001373291016,56.849998474121094,57.29999923706055,56.88972473144531,55879400
2026-06-02,57.189998626708984,58.16999816894531,57.08000183105469,57.959999084472656,57.54499816894531,23842600
2026-06-03,58.2400016784668,59.380001068115234,58.0099983215332,58.709999084472656,58.28962707519531,46312800
2026-06-04,58.5,59.029998779296875,58.16999816894531,58.75,58.329341888427734,23916300
2026-06-05,58.66999816894531,58.779998779296875,57.630001068115234,57.66999816894531,57.25707244873047,28213000
2026-06-08,58.08000183105469,58.959999084472656,57.970001220703125,58.33000183105469,57.912349700927734,25717800
2026-06-09,58.08000183105469,58.209999084472656,56.810001373291016,57.38999938964844,56.97908020019531,46026300
2026-06-10,57.939998626708984,59.040000915527344,57.779998779296875,58.25,57.832923889160156,36515300
2026-06-11,58.779998779296875,58.9900016784668,57.060001373291016,57.119998931884766,56.71101379394531,40863500
2026-06-12,56.790000915527344,58.150001525878906,56.630001068115234,57.54999923706055,57.137935638427734,31964700
2026-06-15,55.20000076293945,56.04999923706055,55.02000045776367,55.54999923706055,55.15225601196289,44319100
2026-06-16,55.0,55.47999954223633,54.95000076293945,55.36000061035156,54.96361541748047,42008400
2026-06-17,55.2599983215332,55.36000061035156,54.540000915527344,54.66999816894531,54.2785530090332,38553000
2026-06-18,54.13999938964844,54.25,53.25,53.77000045776367,53.38500213623047,39645700
2026-06-22,53.529998779296875,54.130001068115234,53.16999816894531,54.060001373291016,54.060001373291016,30765600
2026-06-23,54.13999938964844,54.560001373291016,53.869998931884766,54.459999084472656,54.459999084472656,38690400
2026-06-24,53.5,53.77000045776367,52.939998626708984,53.56999969482422,53.56999969482422,43034600
2026-06-25,53.20000076293945,54.31999969482422,53.0,54.09000015258789,54.09000015258789,28221700
2026-06-26,54.0,54.150001525878906,53.68000030517578,53.84000015258789,53.84000015258789,19025200
2026-06-29,53.97999954223633,54.279998779296875,53.470001220703125,53.58000183105469,53.58000183105469,25142300
2026-06-30,53.619998931884766,54.119998931884766,53.08000183105469,53.11000061035156,53.11000061035156,28284000
2026-07-01,53.04999923706055,53.439998626708984,52.619998931884766,52.810001373291016,52.810001373291016,33662700
2026-07-02,53.2400016784668,53.650001525878906,52.90999984741211,53.220001220703125,53.220001220703125,28525600
2026-07-06,53.060001373291016,53.54999923706055,53.0,53.130001068115234,53.130001068115234,24735300
2026-07-07,53.61000061035156,54.81999969482422,53.599998474121094,54.63999938964844,54.63999938964844,41833600
2026-07-08,55.459999084472656,56.040000915527344,54.869998931884766,55.599998474121094,55.599998474121094,39741400
2026-07-09,55.279998779296875,55.47999954223633,54.72999954223633,54.81999969482422,54.81999969482422,21770700
2026-07-10,55.08000183105469,55.2400016784668,54.36000061035156,55.08000183105469,55.08000183105469,22974700
2026-07-13,55.86000061035156,56.970001220703125,55.86000061035156,56.7400016784668,56.7400016784668,41200900
2026-07-14,57.0,57.220001220703125,56.290000915527344,56.95000076293945,56.95000076293945,32579000
2026-07-15,56.939998626708984,57.040000915527344,55.7599983215332,56.5,56.5,33184200
2026-07-16,56.65999984741211,57.29999923706055,56.599998474121094,57.02000045776367,57.02000045776367,27477000
2026-07-17,57.95000076293945,58.119998931884766,57.279998779296875,57.68000030517578,57.68000030517578,31379600
2026-07-20,57.55500030517578,58.3849983215332,57.415000915527344,58.185001373291016,58.185001373291016,19037066
