price_date,open,high,low,close,adj_close,volume
2010-01-04,30.6200008392334,31.100000381469727,30.59000015258789,30.950000762939453,23.027509689331055,38409100
2010-01-05,30.850000381469727,31.100000381469727,30.639999389648438,30.959999084472656,23.034948348999023,49749600
2010-01-06,30.8799991607666,31.079999923706055,30.520000457763672,30.770000457763672,22.893579483032227,58182400
2010-01-07,30.6299991607666,30.700000762939453,30.190000534057617,30.450000762939453,22.65549659729004,50559700
2010-01-08,30.280000686645508,30.8799991607666,30.239999771118164,30.65999984741211,22.81173324584961,51197400
2010-01-11,30.709999084472656,30.760000228881836,30.1200008392334,30.270000457763672,22.521568298339844,68754700
2010-01-12,30.149999618530273,30.399999618530273,29.90999984741211,30.06999969482422,22.372766494750977,65912100
2010-01-13,30.260000228881836,30.520000457763672,30.010000228881836,30.350000381469727,22.58109474182129,51863500
2010-01-14,30.309999465942383,31.100000381469727,30.260000228881836,30.959999084472656,23.034948348999023,63228100
2010-01-15,31.079999923706055,31.239999771118164,30.709999084472656,30.860000610351562,22.96054458618164,79913200
2010-01-19,30.75,31.239999771118164,30.68000030517578,31.100000381469727,23.139116287231445,46575700
2010-01-20,30.809999465942383,30.940000534057617,30.309999465942383,30.59000015258789,22.75965690612793,54849500
2010-01-21,30.610000610351562,30.719999313354492,30.0,30.010000228881836,22.3281192779541,73086700
2010-01-22,30.0,30.200000762939453,28.84000015258789,28.959999084472656,21.546899795532227,102004600
2010-01-25,29.239999771118164,29.65999984741211,29.100000381469727,29.31999969482422,21.814748764038086,63373000
2010-01-26,29.200000762939453,29.850000381469727,29.09000015258789,29.5,21.948671340942383,66639900
2010-01-27,29.350000381469727,29.81999969482422,29.020000457763672,29.670000076293945,22.07515525817871,63949500
2010-01-28,29.84000015258789,29.8700008392334,28.889999389648438,29.15999984741211,21.69570541381836,117513700
2010-01-29,29.899999618530273,29.920000076293945,27.65999984741211,28.18000030517578,20.966562271118164,193888500
2010-02-01,28.389999389648438,28.479999542236328,27.920000076293945,28.40999984741211,21.1376953125,85931100
2010-02-02,28.3700008392334,28.5,28.139999389648438,28.459999084472656,21.17489242553711,54413700
2010-02-03,28.260000228881836,28.790000915527344,28.1200008392334,28.6299991607666,21.301372528076172,61397900
2010-02-04,28.3799991607666,28.5,27.809999465942383,27.84000015258789,20.71359634399414,77850000
2010-02-05,28.0,28.280000686645508,27.56999969482422,28.020000457763672,20.847518920898438,80960100
2010-02-08,28.010000228881836,28.079999923706055,27.56999969482422,27.719999313354492,20.624309539794922,52820600
2010-02-09,27.969999313354492,28.34000015258789,27.75,28.010000228881836,20.8400821685791,59195800
2010-02-10,28.030000686645508,28.239999771118164,27.84000015258789,27.989999771118164,20.8251953125,48591300
2010-02-11,27.93000030517578,28.399999618530273,27.700000762939453,28.1200008392334,20.92193031311035,65993700
2010-02-12,27.809999465942383,28.059999465942383,27.579999923706055,27.93000030517578,20.780555725097656,81117200
2010-02-16,28.1299991607666,28.3700008392334,28.020000457763672,28.350000381469727,21.191680908203125,51935600
2010-02-17,28.530000686645508,28.649999618530273,28.360000610351562,28.59000015258789,21.371084213256836,45882900
2010-02-18,28.59000015258789,29.030000686645508,28.510000228881836,28.969999313354492,21.655136108398438,42856500
2010-02-19,28.790000915527344,28.920000076293945,28.690000534057617,28.770000457763672,21.505634307861328,44451800
2010-02-22,28.84000015258789,28.940000534057617,28.649999618530273,28.729999542236328,21.47572898864746,36707100
2010-02-23,28.68000030517578,28.829999923706055,28.09000015258789,28.329999923706055,21.176727294921875,52266200
2010-02-24,28.520000457763672,28.790000915527344,28.3799991607666,28.6299991607666,21.400981903076172,43165900
2010-02-25,28.270000457763672,28.649999618530273,28.020000457763672,28.600000381469727,21.378564834594727,48735300
2010-02-26,28.649999618530273,28.850000381469727,28.510000228881836,28.670000076293945,21.430875778198242,40370600
2010-03-01,28.770000457763672,29.049999237060547,28.530000686645508,29.020000457763672,21.692506790161133,43805400
2010-03-02,29.079999923706055,29.299999237060547,28.239999771118164,28.459999084472656,21.27391242980957,93123900
2010-03-03,28.510000228881836,28.610000610351562,28.350000381469727,28.459999084472656,21.27391242980957,48442100
2010-03-04,28.459999084472656,28.649999618530273,28.270000457763672,28.6299991607666,21.400981903076172,42890600
2010-03-05,28.65999984741211,28.68000030517578,28.420000076293945,28.59000015258789,21.371084213256836,56001800
2010-03-08,28.520000457763672,28.93000030517578,28.5,28.6299991607666,21.400981903076172,39414500
2010-03-09,28.559999465942383,29.110000610351562,28.549999237060547,28.799999237060547,21.52806282043457,50271600
2010-03-10,28.860000610351562,29.110000610351562,28.799999237060547,28.969999313354492,21.655136108398438,44891400
2010-03-11,28.889999389648438,29.190000534057617,28.850000381469727,29.18000030517578,21.812110900878906,35349700
2010-03-12,29.31999969482422,29.3799991607666,29.040000915527344,29.270000457763672,21.879383087158203,31700200
2010-03-15,29.18000030517578,29.3700008392334,29.010000228881836,29.290000915527344,21.894330978393555,37512000
2010-03-16,29.420000076293945,29.489999771118164,29.200000762939453,29.3700008392334,21.954139709472656,36723500
2010-03-17,29.5,29.8700008392334,29.399999618530273,29.6299991607666,22.148483276367188,50385700
2010-03-18,29.6299991607666,29.719999313354492,29.5,29.610000610351562,22.13353729248047,43845200
2010-03-19,29.760000228881836,29.899999618530273,29.350000381469727,29.59000015258789,22.11858558654785,81332100
2010-03-22,29.5,29.700000762939453,29.389999389648438,29.600000381469727,22.12605857849121,37718200
2010-03-23,29.59000015258789,29.899999618530273,29.40999984741211,29.8799991607666,22.33536148071289,42026600
2010-03-24,29.719999313354492,29.850000381469727,29.600000381469727,29.649999618530273,22.163442611694336,33987700
2010-03-25,29.829999923706055,30.56999969482422,29.799999237060547,30.010000228881836,22.432531356811523,73168700
2010-03-26,30.09000015258789,30.200000762939453,29.59000015258789,29.65999984741211,22.170907974243164,55595500
2010-03-29,29.709999084472656,29.81999969482422,29.549999237060547,29.59000015258789,22.11858558654785,33336000
2010-03-30,29.6299991607666,29.860000610351562,29.5,29.770000457763672,22.25313949584961,34954800
2010-03-31,29.639999389648438,29.719999313354492,29.170000076293945,29.290000915527344,21.894330978393555,63760000
2010-04-01,29.350000381469727,29.540000915527344,28.6200008392334,29.15999984741211,21.797161102294922,74768100
2010-04-05,29.1299991607666,29.43000030517578,29.030000686645508,29.270000457763672,21.879383087158203,34331200
2010-04-06,29.149999618530273,29.579999923706055,28.979999542236328,29.31999969482422,21.916757583618164,47366800
2010-04-07,29.15999984741211,29.559999465942383,29.139999389648438,29.350000381469727,21.939180374145508,58318800
2010-04-08,29.31999969482422,29.979999542236328,29.299999237060547,29.920000076293945,22.36526107788086,63713800
2010-04-09,29.950000762939453,30.40999984741211,29.899999618530273,30.34000015258789,22.679218292236328,54752500
2010-04-12,30.25,30.489999771118164,30.209999084472656,30.31999969482422,22.664264678955078,37068800
2010-04-13,30.149999618530273,30.5,30.1299991607666,30.450000762939453,22.761438369750977,41374600
2010-04-14,30.790000915527344,31.0,30.65999984741211,30.81999969482422,23.03801727294922,68941200
2010-04-15,30.81999969482422,30.950000762939453,30.709999084472656,30.8700008392334,23.075389862060547,52745400
2010-04-16,30.790000915527344,30.979999542236328,30.600000381469727,30.670000076293945,22.925884246826172,88703100
2010-04-19,30.770000457763672,31.25,30.760000228881836,31.040000915527344,23.202463150024414,64970300
2010-04-20,31.219999313354492,31.440000534057617,31.1299991607666,31.360000610351562,23.4416561126709,52199500
2010-04-21,31.329999923706055,31.5,31.229999542236328,31.329999923706055,23.419239044189453,55343100
2010-04-22,31.040000915527344,31.530000686645508,30.899999618530273,31.389999389648438,23.464096069335938,84847600
2010-04-23,31.1200008392334,31.579999923706055,30.649999618530273,30.959999084472656,23.142663955688477,126766600
2010-04-26,31.0,31.280000686645508,30.860000610351562,31.110000610351562,23.25478744506836,63649300
2010-04-27,30.950000762939453,31.25,30.75,30.850000381469727,23.060441970825195,68730900
2010-04-28,30.920000076293945,31.0,30.6200008392334,30.90999984741211,23.10529136657715,64557900
2010-04-29,30.93000030517578,31.43000030517578,30.670000076293945,31.0,23.172557830810547,52665200
2010-04-30,31.06999969482422,31.079999923706055,30.520000457763672,30.540000915527344,22.828716278076172,63214800
2010-05-03,30.670000076293945,31.059999465942383,30.579999923706055,30.860000610351562,23.067914962768555,43989500
2010-05-04,30.520000457763672,30.549999237060547,29.75,30.1299991607666,22.52223777770996,82085600
2010-05-05,29.770000457763672,30.09000015258789,29.690000534057617,29.850000381469727,22.31294059753418,66833800
2010-05-06,29.59000015258789,29.8799991607666,27.90999984741211,28.979999542236328,21.66261100769043,128613000
2010-05-07,28.93000030517578,28.950000762939453,27.31999969482422,28.209999084472656,21.087038040161133,173718100
2010-05-10,29.010000228881836,29.479999542236328,28.709999084472656,28.940000534057617,21.632707595825195,86653300
2010-05-11,28.68000030517578,29.649999618530273,28.56999969482422,28.8799991607666,21.587858200073242,63789400
2010-05-12,28.979999542236328,29.579999923706055,28.920000076293945,29.440000534057617,22.00646209716797,47146800
2010-05-13,29.260000228881836,29.729999542236328,29.18000030517578,29.239999771118164,21.856956481933594,45188800
2010-05-14,29.200000762939453,29.209999084472656,28.639999389648438,28.93000030517578,21.625234603881836,63334000
2010-05-17,29.1200008392334,29.229999542236328,28.450000762939453,28.940000534057617,21.632707595825195,46053300
2010-05-18,28.8700008392334,29.0,28.399999618530273,28.600000381469727,21.47502899169922,52690600
2010-05-19,28.520000457763672,28.690000534057617,27.790000915527344,28.239999771118164,21.204710006713867,61746700
2010-05-20,27.649999618530273,27.84000015258789,27.040000915527344,27.110000610351562,20.356225967407227,87991100
2010-05-21,26.6299991607666,27.110000610351562,26.440000534057617,26.84000015258789,20.153491973876953,117596300
2010-05-24,26.850000381469727,26.860000610351562,26.260000228881836,26.270000457763672,19.725488662719727,73711700
2010-05-25,25.649999618530273,26.329999923706055,25.3799991607666,26.06999969482422,19.575313568115234,98373600
2010-05-26,26.229999542236328,26.610000610351562,24.559999465942383,25.010000228881836,18.779388427734375,176684100
2010-05-27,25.729999542236328,26.360000610351562,25.729999542236328,26.0,19.52275276184082,136433600
2010-05-28,25.84000015258789,26.1200008392334,25.65999984741211,25.799999237060547,19.372570037841797,67496900
2010-06-01,25.530000686645508,26.309999465942383,25.520000457763672,25.889999389648438,19.440149307250977,76152400
2010-06-02,26.059999465942383,26.479999542236328,25.729999542236328,26.459999084472656,19.868148803710938,65718800
2010-06-03,26.549999237060547,26.93000030517578,26.40999984741211,26.860000610351562,20.16850471496582,67837000
2010-06-04,26.100000381469727,26.56999969482422,25.6200008392334,25.790000915527344,19.365066528320312,89832200
2010-06-07,25.81999969482422,25.829999923706055,25.239999771118164,25.290000915527344,18.989633560180664,80456200
2010-06-08,25.25,25.260000228881836,24.649999618530273,25.110000610351562,18.854475021362305,87355000
2010-06-09,25.219999313354492,25.520000457763672,24.75,24.790000915527344,18.614192962646484,87794000
2010-06-10,25.1299991607666,25.149999618530273,24.780000686645508,25.0,18.77187728881836,78930900
2010-06-11,25.040000915527344,25.719999313354492,24.770000457763672,25.65999984741211,19.267454147338867,68057700
2010-06-14,25.860000610351562,25.959999084472656,25.469999313354492,25.5,19.147308349609375,50972400
2010-06-15,25.75,26.649999618530273,25.739999771118164,26.579999923706055,19.9582576751709,81641500
2010-06-16,26.469999313354492,26.579999923706055,26.229999542236328,26.31999969482422,19.76303482055664,48698000
2010-06-17,26.559999465942383,26.670000076293945,26.040000915527344,26.3700008392334,19.800573348999023,47995500
2010-06-18,26.3700008392334,26.530000686645508,26.170000076293945,26.440000534057617,19.85313606262207,52075600
2010-06-21,26.780000686645508,26.889999389648438,25.889999389648438,25.950000762939453,19.485212326049805,54625300
2010-06-22,26.15999984741211,26.450000762939453,25.760000228881836,25.770000457763672,19.35004997253418,55985400
2010-06-23,25.780000686645508,25.780000686645508,25.219999313354492,25.309999465942383,19.0046443939209,61466200
2010-06-24,25.459999084472656,25.719999313354492,24.93000030517578,25.0,18.77187728881836,85243400
2010-06-25,25.049999237060547,25.110000610351562,24.309999465942383,24.530000686645508,18.418964385986328,156256700
2010-06-28,24.510000228881836,24.610000610351562,24.1200008392334,24.309999465942383,18.253774642944336,73784800
2010-06-29,24.1299991607666,24.200000762939453,23.110000610351562,23.309999465942383,17.50289535522461,119882100
2010-06-30,23.299999237060547,23.68000030517578,22.950000762939453,23.010000228881836,17.277639389038086,81050500
2010-07-01,23.09000015258789,23.31999969482422,22.729999542236328,23.15999984741211,17.390262603759766,92239400
2010-07-02,23.360000610351562,23.479999542236328,23.049999237060547,23.270000457763672,17.472858428955078,62485100
2010-07-06,23.700000762939453,24.09000015258789,23.579999923706055,23.81999969482422,17.885848999023438,73592000
2010-07-07,23.81999969482422,24.31999969482422,23.610000610351562,24.299999237060547,18.24626350402832,79965300
2010-07-08,24.600000381469727,24.6200008392334,23.969999313354492,24.40999984741211,18.328861236572266,50758100
2010-07-09,24.329999923706055,24.40999984741211,24.149999618530273,24.270000457763672,18.223739624023438,53806100
2010-07-12,24.43000030517578,24.889999389648438,24.420000076293945,24.829999923706055,18.64422607421875,49854200
2010-07-13,25.139999389648438,25.299999237060547,24.899999618530273,25.1299991607666,18.86948585510254,61928700
2010-07-14,25.5,25.610000610351562,25.1200008392334,25.440000534057617,19.102256774902344,72808100
2010-07-15,25.5,25.59000015258789,24.979999542236328,25.510000228881836,19.15482521057129,56934700
2010-07-16,25.510000228881836,25.639999389648438,24.8799991607666,24.889999389648438,18.689279556274414,65064800
2010-07-19,24.959999084472656,25.299999237060547,24.90999984741211,25.229999542236328,18.9445743560791,38181800
2010-07-20,24.860000610351562,25.479999542236328,24.700000762939453,25.479999542236328,19.132293701171875,45530700
2010-07-21,25.600000381469727,25.649999618530273,24.979999542236328,25.1200008392334,18.861982345581055,73297300
2010-07-22,25.510000228881836,25.989999771118164,25.469999313354492,25.84000015258789,19.402610778808594,73016400
2010-07-23,25.84000015258789,26.020000457763672,25.25,25.809999465942383,19.380084991455078,108520100
2010-07-26,25.860000610351562,26.200000762939453,25.799999237060547,26.100000381469727,19.59783363342285,67249900
2010-07-27,26.139999389648438,26.239999771118164,25.959999084472656,26.15999984741211,19.642885208129883,60672100
2010-07-28,26.06999969482422,26.190000534057617,25.829999923706055,25.950000762939453,19.485212326049805,69704800
2010-07-29,26.1299991607666,26.40999984741211,25.600000381469727,26.030000686645508,19.545278549194336,69446200
2010-07-30,25.75,25.84000015258789,25.350000381469727,25.809999465942383,19.380084991455078,83534800
2010-08-02,25.989999771118164,26.3799991607666,25.75,26.329999923706055,19.770544052124023,55044600
2010-08-03,26.200000762939453,26.350000381469727,25.969999313354492,26.15999984741211,19.642885208129883,56877700
2010-08-04,26.149999618530273,26.239999771118164,25.440000534057617,25.729999542236328,19.32002067565918,78531900
2010-08-05,25.489999771118164,25.579999923706055,25.209999084472656,25.3700008392334,19.04970359802246,64922100
2010-08-06,25.18000030517578,25.559999465942383,25.020000457763672,25.549999237060547,19.184852600097656,55982100
2010-08-09,25.549999237060547,25.729999542236328,25.3700008392334,25.610000610351562,19.229909896850586,57096500
2010-08-10,25.329999923706055,25.34000015258789,24.8799991607666,25.06999969482422,18.824445724487305,87257700
2010-08-11,24.68000030517578,24.899999618530273,24.559999465942383,24.860000610351562,18.6667537689209,76746900
2010-08-12,24.420000076293945,24.68000030517578,24.360000610351562,24.489999771118164,18.388931274414062,70240500
2010-08-13,24.350000381469727,24.670000076293945,24.239999771118164,24.399999618530273,18.32135772705078,45263500
2010-08-16,24.360000610351562,24.610000610351562,24.299999237060547,24.5,18.396427154541016,40909700
2010-08-17,24.709999084472656,24.959999084472656,24.600000381469727,24.709999084472656,18.65309715270996,52912600
2010-08-18,24.68000030517578,24.950000762939453,24.40999984741211,24.81999969482422,18.73613929748535,46818900
2010-08-19,24.6200008392334,24.739999771118164,24.209999084472656,24.440000534057617,18.44927406311035,54064600
2010-08-20,24.309999465942383,24.399999618530273,24.200000762939453,24.229999542236328,18.290746688842773,49560100
2010-08-23,24.440000534057617,24.639999389648438,24.239999771118164,24.280000686645508,18.3284969329834,51643000
2010-08-24,24.09000015258789,24.350000381469727,24.0,24.040000915527344,18.147329330444336,66522500
2010-08-25,24.0,24.219999313354492,23.8700008392334,24.100000381469727,18.19261932373047,47404800
2010-08-26,24.09000015258789,24.190000534057617,23.790000915527344,23.81999969482422,17.981260299682617,49105300
2010-08-27,23.8799991607666,24.020000457763672,23.510000228881836,23.93000030517578,18.064287185668945,60939400
2010-08-30,23.739999771118164,23.81999969482422,23.600000381469727,23.639999389648438,17.845378875732422,45453100
2010-08-31,23.600000381469727,23.729999542236328,23.31999969482422,23.469999313354492,17.71704864501953,66074600
2010-09-01,23.670000076293945,23.950000762939453,23.540000915527344,23.899999618530273,18.041643142700195,65235900
2010-09-02,23.8799991607666,23.950000762939453,23.709999084472656,23.940000534057617,18.07183837890625,48837100
2010-09-03,24.239999771118164,24.450000762939453,24.200000762939453,24.290000915527344,18.336050033569336,64189100
2010-09-07,24.100000381469727,24.299999237060547,23.920000076293945,23.959999084472656,18.08693504333496,51928700
2010-09-08,24.06999969482422,24.200000762939453,23.739999771118164,23.93000030517578,18.064287185668945,65512400
2010-09-09,24.190000534057617,24.209999084472656,23.989999771118164,24.010000228881836,18.12468147277832,46028900
2010-09-10,23.979999542236328,24.030000686645508,23.790000915527344,23.850000381469727,18.003904342651367,58284300
2010-09-13,24.200000762939453,25.290000915527344,24.09000015258789,25.110000610351562,18.955055236816406,114680400
2010-09-14,25.040000915527344,25.350000381469727,24.889999389648438,25.030000686645508,18.8946590423584,87160400
2010-09-15,25.100000381469727,25.219999313354492,24.920000076293945,25.1200008392334,18.96259880065918,56201900
2010-09-16,25.059999465942383,25.3700008392334,25.049999237060547,25.329999923706055,19.121124267578125,44548300
2010-09-17,25.399999618530273,25.530000686645508,25.079999923706055,25.219999313354492,19.038082122802734,70341600
2010-09-20,25.280000686645508,25.520000457763672,25.110000610351562,25.43000030517578,19.196613311767578,49838700
2010-09-21,25.420000076293945,25.420000076293945,25.079999923706055,25.149999618530273,18.985244750976562,52675700
2010-09-22,24.889999389648438,24.969999313354492,24.360000610351562,24.610000610351562,18.577611923217773,94299400
2010-09-23,24.510000228881836,24.59000015258789,24.360000610351562,24.43000030517578,18.441730499267578,46201800
2010-09-24,24.639999389648438,24.799999237060547,24.579999923706055,24.780000686645508,18.705936431884766,51948800
2010-09-27,24.850000381469727,24.989999771118164,24.59000015258789,24.729999542236328,18.668193817138672,43603300
2010-09-28,24.799999237060547,24.899999618530273,24.350000381469727,24.68000030517578,18.630449295043945,56041200
2010-09-29,24.6299991607666,24.65999984741211,24.399999618530273,24.5,18.49456214904785,44318900
2010-09-30,24.610000610351562,24.829999923706055,24.360000610351562,24.489999771118164,18.487024307250977,61262700
2010-10-01,24.770000457763672,24.81999969482422,24.299999237060547,24.3799991607666,18.40398597717285,62672300
2010-10-04,23.959999084472656,23.989999771118164,23.780000686645508,23.90999984741211,18.0491943359375,98143400
2010-10-05,24.059999465942383,24.450000762939453,23.90999984741211,24.350000381469727,18.381345748901367,78152900
2010-10-06,24.31999969482422,24.540000915527344,24.1299991607666,24.43000030517578,18.441730499267578,50489700
2010-10-07,24.6200008392334,24.75,24.280000686645508,24.530000686645508,18.51721954345703,50096100
2010-10-08,24.6200008392334,24.649999618530273,24.3700008392334,24.56999969482422,18.54741859436035,41327800
2010-10-11,24.739999771118164,24.739999771118164,24.5,24.59000015258789,18.562515258789062,27587800
2010-10-12,24.649999618530273,24.93000030517578,24.43000030517578,24.829999923706055,18.743680953979492,50141500
2010-10-13,25.020000457763672,25.540000915527344,24.889999389648438,25.34000015258789,19.12866973876953,75336500
2010-10-14,25.290000915527344,25.34000015258789,25.0,25.229999542236328,19.04563331604004,51949100
2010-10-15,25.360000610351562,25.549999237060547,25.229999542236328,25.540000915527344,19.279647827148438,68954800
2010-10-18,25.59000015258789,25.950000762939453,25.450000762939453,25.81999969482422,19.49101448059082,48330500
2010-10-19,25.270000457763672,25.3700008392334,24.950000762939453,25.100000381469727,18.94750213623047,66150900
2010-10-20,25.260000228881836,25.399999618530273,25.100000381469727,25.309999465942383,19.106027603149414,56283600
2010-10-21,25.399999618530273,25.540000915527344,25.049999237060547,25.420000076293945,19.189062118530273,50032400
2010-10-22,25.520000457763672,25.540000915527344,25.270000457763672,25.3799991607666,19.158863067626953,25837900
2010-10-25,25.239999771118164,25.350000381469727,25.170000076293945,25.190000534057617,19.015438079833984,50912400
2010-10-26,25.1200008392334,25.969999313354492,25.059999465942383,25.899999618530273,19.551406860351562,69304200
2010-10-27,25.790000915527344,26.110000610351562,25.6200008392334,26.049999237060547,19.664628982543945,64805500
2010-10-28,26.209999084472656,26.3799991607666,25.920000076293945,26.280000686645508,19.8382625579834,80730300
2010-10-29,27.149999618530273,27.200000762939453,26.479999542236328,26.670000076293945,20.132667541503906,114193200
2010-11-01,26.8799991607666,27.219999313354492,26.700000762939453,26.950000762939453,20.344032287597656,61912100
2010-11-02,27.059999465942383,27.420000076293945,27.020000457763672,27.389999389648438,20.676164627075195,54402100
2010-11-03,27.459999084472656,27.489999771118164,26.959999084472656,27.030000686645508,20.404417037963867,110255300
2010-11-04,27.40999984741211,27.43000030517578,27.010000228881836,27.139999389648438,20.487457275390625,93599300
2010-11-05,27.170000076293945,27.190000534057617,26.530000686645508,26.850000381469727,20.268543243408203,110953700
2010-11-08,26.68000030517578,28.8700008392334,26.579999923706055,26.809999465942383,20.23834800720215,71670800
2010-11-09,26.809999465942383,27.110000610351562,26.709999084472656,26.950000762939453,20.344032287597656,58538600
2010-11-10,27.010000228881836,27.079999923706055,26.809999465942383,26.940000534057617,20.33648109436035,52277300
2010-11-11,26.68000030517578,26.719999313354492,26.280000686645508,26.68000030517578,20.14021110534668,62073100
2010-11-12,26.469999313354492,26.520000457763672,26.100000381469727,26.270000457763672,19.830718994140625,64962200
2010-11-15,26.329999923706055,26.5,26.170000076293945,26.200000762939453,19.77786636352539,51794600
2010-11-16,26.040000915527344,26.040000915527344,25.649999618530273,25.809999465942383,19.603178024291992,65339200
2010-11-17,25.899999618530273,25.90999984741211,25.549999237060547,25.56999969482422,19.42089080810547,58299700
2010-11-18,25.709999084472656,26.079999923706055,25.610000610351562,25.84000015258789,19.625957489013672,59514000
2010-11-19,25.799999237060547,25.829999923706055,25.600000381469727,25.690000534057617,19.51204490661621,52423200
2010-11-22,25.649999618530273,25.739999771118164,25.440000534057617,25.729999542236328,19.542409896850586,53350500
2010-11-23,25.56999969482422,25.600000381469727,25.09000015258789,25.1200008392334,19.07910919189453,69742500
2010-11-24,25.200000762939453,25.459999084472656,25.15999984741211,25.3700008392334,19.268991470336914,56825900
2010-11-26,25.209999084472656,25.40999984741211,25.170000076293945,25.25,19.17784309387207,21356500
2010-11-29,25.190000534057617,25.420000076293945,24.93000030517578,25.309999465942383,19.223417282104492,56603600
2010-11-30,25.049999237060547,25.469999313354492,25.0,25.260000228881836,19.185443878173828,75282100
2010-12-01,25.56999969482422,26.25,25.559999465942383,26.040000915527344,19.777868270874023,74123500
2010-12-02,26.239999771118164,26.979999542236328,26.200000762939453,26.889999389648438,20.42345428466797,91759200
2010-12-03,26.809999465942383,27.059999465942383,26.780000686645508,27.020000457763672,20.522193908691406,52622000
2010-12-06,26.93000030517578,26.979999542236328,26.760000228881836,26.84000015258789,20.38549041748047,36264200
2010-12-07,27.079999923706055,27.1299991607666,26.850000381469727,26.8700008392334,20.408279418945312,57860500
2010-12-08,26.829999923706055,27.239999771118164,26.799999237060547,27.229999542236328,20.68169403076172,41666800
2010-12-09,27.280000686645508,27.34000015258789,27.010000228881836,27.079999923706055,20.567771911621094,47148300
2010-12-10,27.190000534057617,27.399999618530273,27.110000610351562,27.34000015258789,20.765243530273438,37625800
2010-12-13,27.270000457763672,27.450000762939453,27.170000076293945,27.25,20.696887969970703,47943900
2010-12-14,27.309999465942383,27.75,27.260000228881836,27.6200008392334,20.977909088134766,64070500
2010-12-15,27.530000686645508,27.989999771118164,27.530000686645508,27.850000381469727,21.15260124206543,69634200
2010-12-16,27.760000228881836,27.989999771118164,27.65999984741211,27.989999771118164,21.258928298950195,57680200
2010-12-17,27.920000076293945,28.09000015258789,27.75,27.899999618530273,21.19057273864746,87456500
2010-12-20,27.950000762939453,27.989999771118164,27.68000030517578,27.809999465942383,21.122215270996094,52811000
2010-12-21,27.850000381469727,28.139999389648438,27.760000228881836,28.06999969482422,21.319684982299805,38153000
2010-12-22,28.010000228881836,28.399999618530273,27.979999542236328,28.190000534057617,21.41083335876465,42252300
2010-12-23,27.969999313354492,28.31999969482422,27.959999084472656,28.299999237060547,21.494382858276367,24902500
2010-12-27,28.1200008392334,28.200000762939453,27.8799991607666,28.06999969482422,21.319684982299805,21652800
2010-12-28,27.969999313354492,28.170000076293945,27.959999084472656,28.010000228881836,21.274120330810547,23042200
2010-12-29,27.940000534057617,28.1200008392334,27.8799991607666,27.969999313354492,21.243743896484375,19502500
2010-12-30,27.920000076293945,28.0,27.780000686645508,27.850000381469727,21.15260124206543,20786100
2010-12-31,27.799999237060547,27.920000076293945,27.6299991607666,27.90999984741211,21.19817543029785,24752000
2011-01-03,28.049999237060547,28.18000030517578,27.920000076293945,27.979999542236328,21.25132942199707,53443800
2011-01-04,27.940000534057617,28.170000076293945,27.850000381469727,28.09000015258789,21.334875106811523,54405600
2011-01-05,27.899999618530273,28.010000228881836,27.770000457763672,28.0,21.266521453857422,58998700
2011-01-06,28.040000915527344,28.850000381469727,27.860000610351562,28.81999969482422,21.88932991027832,88026300
2011-01-07,28.639999389648438,28.739999771118164,28.25,28.600000381469727,21.72223663330078,73762000
2011-01-10,28.260000228881836,28.399999618530273,28.040000915527344,28.219999313354492,21.433616638183594,57573600
2011-01-11,28.200000762939453,28.25,28.049999237060547,28.110000610351562,21.35007667541504,50298900
2011-01-12,28.1200008392334,28.59000015258789,28.06999969482422,28.549999237060547,21.684263229370117,52631100
2011-01-13,28.329999923706055,28.389999389648438,28.010000228881836,28.190000534057617,21.41083335876465,67077600
2011-01-14,28.079999923706055,28.3799991607666,27.90999984741211,28.299999237060547,21.494382858276367,62688400
2011-01-18,28.15999984741211,28.739999771118164,28.139999389648438,28.65999984741211,21.767805099487305,53322700
2011-01-19,28.459999084472656,28.68000030517578,28.270000457763672,28.469999313354492,21.62350082397461,50005900
2011-01-20,28.5,28.549999237060547,28.1299991607666,28.350000381469727,21.53236198425293,58613600
2011-01-21,28.399999618530273,28.43000030517578,28.020000457763672,28.020000457763672,21.281713485717773,58080300
2011-01-24,28.020000457763672,28.559999465942383,27.989999771118164,28.3799991607666,21.555139541625977,52047800
2011-01-25,28.139999389648438,28.450000762939453,28.1200008392334,28.450000762939453,21.60831069946289,42436600
2011-01-26,28.510000228881836,28.989999771118164,28.5,28.780000686645508,21.858951568603516,74628800
2011-01-27,28.75,29.459999084472656,28.489999771118164,28.8700008392334,21.92730712890625,146938600
2011-01-28,28.899999618530273,28.93000030517578,27.450000762939453,27.75,21.07664680480957,141249400
2011-01-31,27.770000457763672,27.899999618530273,27.420000076293945,27.729999542236328,21.06145668029785,65029000
2011-02-01,27.799999237060547,28.059999465942383,27.610000610351562,27.989999771118164,21.258928298950195,62810700
2011-02-02,27.93000030517578,28.110000610351562,27.8799991607666,27.940000534057617,21.220958709716797,45824000
2011-02-03,27.969999313354492,27.969999313354492,27.540000915527344,27.649999618530273,21.00069236755371,60340100
2011-02-04,27.700000762939453,27.84000015258789,27.510000228881836,27.770000457763672,21.09183120727539,40412200
2011-02-07,27.799999237060547,28.34000015258789,27.790000915527344,28.200000762939453,21.41843032836914,68980900
2011-02-08,28.100000381469727,28.34000015258789,28.049999237060547,28.280000686645508,21.47919464111328,34904200
2011-02-09,28.190000534057617,28.260000228881836,27.90999984741211,27.969999313354492,21.243743896484375,52905100
2011-02-10,27.93000030517578,27.940000534057617,27.290000915527344,27.5,20.886760711669922,76672400
2011-02-11,27.760000228881836,27.809999465942383,27.06999969482422,27.25,20.696887969970703,83939700
2011-02-14,27.209999084472656,27.270000457763672,26.950000762939453,27.229999542236328,20.68169403076172,56766200
2011-02-15,27.040000915527344,27.329999923706055,26.950000762939453,26.959999084472656,20.597660064697266,44116500
2011-02-16,27.049999237060547,27.06999969482422,26.600000381469727,27.020000457763672,20.643491744995117,70817900
2011-02-17,26.969999313354492,27.3700008392334,26.90999984741211,27.209999084472656,20.788665771484375,57207300
2011-02-18,27.1299991607666,27.209999084472656,26.989999771118164,27.059999465942383,20.674062728881836,68667800
2011-02-22,26.780000686645508,27.100000381469727,26.520000457763672,26.59000015258789,20.314973831176758,60889000
2011-02-23,26.530000686645508,26.860000610351562,26.43000030517578,26.59000015258789,20.314973831176758,60234100
2011-02-24,26.639999389648438,27.059999465942383,26.5,26.770000457763672,20.452499389648438,64494200
2011-02-25,26.90999984741211,26.950000762939453,26.5,26.549999237060547,20.284412384033203,53006300
2011-02-28,26.690000534057617,26.860000610351562,26.510000228881836,26.579999923706055,20.307334899902344,51379900
2011-03-01,26.600000381469727,26.780000686645508,26.149999618530273,26.15999984741211,19.9864444732666,60055000
2011-03-02,26.110000610351562,26.3700008392334,26.040000915527344,26.079999923706055,19.92532730102539,48658200
2011-03-03,26.260000228881836,26.399999618530273,26.18000030517578,26.200000762939453,20.01700782775879,68271500
2011-03-04,26.219999313354492,26.239999771118164,25.799999237060547,25.950000762939453,19.82600975036621,70437200
2011-03-07,26.1299991607666,26.270000457763672,25.549999237060547,25.719999313354492,19.650285720825195,64980400
2011-03-08,25.770000457763672,26.020000457763672,25.649999618530273,25.90999984741211,19.795446395874023,50549800
2011-03-09,25.809999465942383,25.979999542236328,25.65999984741211,25.889999389648438,19.78016471862793,39789100
2011-03-10,25.6200008392334,25.709999084472656,25.350000381469727,25.40999984741211,19.413442611694336,66549500
2011-03-11,25.40999984741211,25.850000381469727,25.360000610351562,25.68000030517578,19.619728088378906,49905800
2011-03-14,25.489999771118164,25.760000228881836,25.350000381469727,25.690000534057617,19.627370834350586,54473400
2011-03-15,25.079999923706055,25.469999313354492,25.0,25.389999389648438,19.39815902709961,76067300
2011-03-16,25.219999313354492,25.280000686645508,24.68000030517578,24.790000915527344,18.93975830078125,100725400
2011-03-17,25.059999465942383,25.219999313354492,24.75,24.780000686645508,18.932117462158203,62497000
2011-03-18,25.059999465942383,25.18000030517578,24.799999237060547,24.799999237060547,18.94740104675293,85486700
2011-03-21,25.18000030517578,25.579999923706055,25.149999618530273,25.329999923706055,19.35232162475586,46878100
2011-03-22,25.299999237060547,25.459999084472656,25.229999542236328,25.299999237060547,19.32940673828125,30895600
2011-03-23,25.229999542236328,25.610000610351562,25.18000030517578,25.540000915527344,19.51276206970215,43969000
2011-03-24,25.600000381469727,25.8700008392334,25.5,25.809999465942383,19.71904754638672,38696700
2011-03-25,25.93000030517578,25.950000762939453,25.59000015258789,25.6200008392334,19.57388687133789,57029800
2011-03-28,25.65999984741211,25.719999313354492,25.3799991607666,25.40999984741211,19.413442611694336,48973200
2011-03-29,25.34000015258789,25.520000457763672,25.299999237060547,25.489999771118164,19.474559783935547,40763500
2011-03-30,25.600000381469727,25.719999313354492,25.5,25.610000610351562,19.566255569458008,41999300
2011-03-31,25.600000381469727,25.68000030517578,25.34000015258789,25.389999389648438,19.39815902709961,63233700
2011-04-01,25.530000686645508,25.530000686645508,25.309999465942383,25.479999542236328,19.466920852661133,63114200
2011-04-04,25.450000762939453,25.65999984741211,25.40999984741211,25.549999237060547,19.52039909362793,35433700
2011-04-05,25.81999969482422,26.18000030517578,25.739999771118164,25.780000686645508,19.696123123168945,73651100
2011-04-06,25.979999542236328,26.309999465942383,25.860000610351562,26.149999618530273,19.97880744934082,65581400
2011-04-07,26.190000534057617,26.260000228881836,25.969999313354492,26.200000762939453,20.01700782775879,46134700
2011-04-08,26.170000076293945,26.280000686645508,25.959999084472656,26.06999969482422,19.91768455505371,39887600
2011-04-11,26.190000534057617,26.25,25.799999237060547,25.979999542236328,19.84891700744629,34286300
2011-04-12,25.829999923706055,25.850000381469727,25.549999237060547,25.639999389648438,19.589168548583984,36920400
2011-04-13,25.649999618530273,25.8700008392334,25.559999465942383,25.6299991607666,19.581525802612305,38144700
2011-04-14,25.420000076293945,25.440000534057617,25.09000015258789,25.420000076293945,19.421077728271484,55239900
2011-04-15,25.459999084472656,25.559999465942383,25.18000030517578,25.3700008392334,19.382883071899414,65080400
2011-04-18,25.100000381469727,25.280000686645508,24.719999313354492,25.079999923706055,19.161325454711914,58045100
2011-04-19,25.0,25.170000076293945,24.8700008392334,25.149999618530273,19.214799880981445,38892400
2011-04-20,25.540000915527344,26.0,25.510000228881836,25.760000228881836,19.680843353271484,61608600
2011-04-21,25.790000915527344,25.889999389648438,25.360000610351562,25.520000457763672,19.497480392456055,46892300
2011-04-25,25.559999465942383,25.6200008392334,25.34000015258789,25.610000610351562,19.566255569458008,33525100
2011-04-26,25.739999771118164,26.440000534057617,25.670000076293945,26.190000534057617,20.00936508178711,69200000
2011-04-27,26.299999237060547,26.389999389648438,26.1299991607666,26.3799991607666,20.154525756835938,52689000
2011-04-28,26.459999084472656,26.8700008392334,26.399999618530273,26.709999084472656,20.406660079956055,80200000
2011-04-29,26.549999237060547,26.639999389648438,25.360000610351562,25.920000076293945,19.803081512451172,319317900
2011-05-02,25.940000534057617,26.0,25.479999542236328,25.65999984741211,19.604440689086914,89825600
2011-05-03,25.600000381469727,25.850000381469727,25.489999771118164,25.809999465942383,19.71904754638672,71892900
2011-05-04,25.850000381469727,26.25,25.790000915527344,26.059999465942383,19.91004753112793,73292300
2011-05-05,26.049999237060547,26.079999923706055,25.68000030517578,25.790000915527344,19.703767776489258,55600000
2011-05-06,26.06999969482422,26.219999313354492,25.75,25.8700008392334,19.76488494873047,55993000
2011-05-09,25.799999237060547,25.959999084472656,25.670000076293945,25.829999923706055,19.734331130981445,38696400
2011-05-10,25.3799991607666,25.850000381469727,25.25,25.670000076293945,19.61208152770996,120798700
2011-05-11,25.649999618530273,25.65999984741211,25.209999084472656,25.360000610351562,19.3752498626709,78600000
2011-05-12,25.350000381469727,25.389999389648438,25.100000381469727,25.31999969482422,19.344684600830078,77400000
2011-05-13,25.280000686645508,25.31999969482422,24.950000762939453,25.030000686645508,19.123119354248047,66812300
2011-05-16,24.959999084472656,25.06999969482422,24.5,24.56999969482422,18.771677017211914,91350900
2011-05-17,24.399999618530273,24.700000762939453,24.270000457763672,24.520000457763672,18.85627555847168,82882100
2011-05-18,24.530000686645508,24.739999771118164,24.25,24.690000534057617,18.98699951171875,53931100
2011-05-19,24.850000381469727,24.8799991607666,24.5,24.719999313354492,19.010072708129883,37783600
2011-05-20,24.719999313354492,24.8700008392334,24.440000534057617,24.489999771118164,18.833194732666016,45451500
2011-05-23,24.209999084472656,24.25,24.030000686645508,24.170000076293945,18.587114334106445,52692500
2011-05-24,24.200000762939453,24.290000915527344,24.040000915527344,24.149999618530273,18.571731567382812,47691800
2011-05-25,24.170000076293945,24.309999465942383,24.15999984741211,24.190000534057617,18.602489471435547,34904200
2011-05-26,24.350000381469727,25.030000686645508,24.31999969482422,24.670000076293945,18.971620559692383,78016600
2011-05-27,24.68000030517578,24.899999618530273,24.649999618530273,24.760000228881836,19.040830612182617,50251000
2011-05-31,24.959999084472656,25.059999465942383,24.700000762939453,25.010000228881836,19.233083724975586,60196300
2011-06-01,24.989999771118164,25.100000381469727,24.3700008392334,24.43000030517578,18.787057876586914,74033500
2011-06-02,24.489999771118164,24.649999618530273,24.18000030517578,24.219999313354492,18.625560760498047,51487800
2011-06-03,24.049999237060547,24.139999389648438,23.84000015258789,23.90999984741211,18.387165069580078,60697700
2011-06-06,23.889999389648438,24.25,23.770000457763672,24.010000228881836,18.464065551757812,54778700
2011-06-07,24.09000015258789,24.170000076293945,23.899999618530273,24.059999465942383,18.502517700195312,41112600
2011-06-08,23.899999618530273,24.020000457763672,23.860000610351562,23.940000534057617,18.410245895385742,42205000
2011-06-09,24.010000228881836,24.040000915527344,23.81999969482422,23.959999084472656,18.42561912536621,42878700
2011-06-10,24.020000457763672,24.020000457763672,23.690000534057617,23.709999084472656,18.233362197875977,49327200
2011-06-13,23.790000915527344,24.190000534057617,23.700000762939453,24.040000915527344,18.487140655517578,47572500
2011-06-14,24.299999237060547,24.450000762939453,24.190000534057617,24.219999313354492,18.625560760498047,42894500
2011-06-15,24.0,24.010000228881836,23.670000076293945,23.739999771118164,18.25642967224121,49410200
2011-06-16,23.75,24.100000381469727,23.649999618530273,24.0,18.45638084411621,57184100
2011-06-17,24.219999313354492,24.299999237060547,23.979999542236328,24.260000228881836,18.65632438659668,83320400
2011-06-20,24.170000076293945,24.65999984741211,24.15999984741211,24.469999313354492,18.81781768798828,54338400
2011-06-21,24.520000457763672,24.860000610351562,24.399999618530273,24.760000228881836,19.040830612182617,49708700
2011-06-22,24.600000381469727,24.809999465942383,24.59000015258789,24.649999618530273,18.95623779296875,44287300
2011-06-23,24.440000534057617,24.649999618530273,24.200000762939453,24.6299991607666,18.940860748291016,59470400
2011-06-24,24.510000228881836,24.540000915527344,24.190000534057617,24.299999237060547,18.687084197998047,101387200
2011-06-27,24.229999542236328,25.459999084472656,24.229999542236328,25.200000762939453,19.379199981689453,92044200
2011-06-28,25.299999237060547,25.920000076293945,25.15999984741211,25.799999237060547,19.84061050415039,81032100
2011-06-29,25.709999084472656,25.709999084472656,25.360000610351562,25.6200008392334,19.702186584472656,66051000
2011-06-30,25.739999771118164,26.0,25.65999984741211,26.0,19.994415283203125,52535400
2011-07-01,25.93000030517578,26.170000076293945,25.84000015258789,26.020000457763672,20.00979232788086,52906200
2011-07-05,26.100000381469727,26.149999618530273,25.899999618530273,26.030000686645508,20.017484664916992,37805300
2011-07-06,25.969999313354492,26.3700008392334,25.959999084472656,26.329999923706055,20.24818229675293,48744200
2011-07-07,26.489999771118164,26.8799991607666,26.360000610351562,26.770000457763672,20.5865535736084,51946500
2011-07-08,26.540000915527344,26.979999542236328,26.510000228881836,26.920000076293945,20.701904296875,58320700
2011-07-11,26.6200008392334,26.799999237060547,26.489999771118164,26.6299991607666,20.478885650634766,43999800
2011-07-12,26.549999237060547,26.790000915527344,26.34000015258789,26.540000915527344,20.409683227539062,47319300
2011-07-13,26.600000381469727,26.959999084472656,26.510000228881836,26.6299991607666,20.478885650634766,40861800
2011-07-14,26.6200008392334,27.010000228881836,26.360000610351562,26.469999313354492,20.355850219726562,46382300
2011-07-15,26.469999313354492,26.93000030517578,26.469999313354492,26.780000686645508,20.59425163269043,49132400
2011-07-18,26.6299991607666,26.899999618530273,26.260000228881836,26.59000015258789,20.448129653930664,44501900
2011-07-19,26.809999465942383,27.639999389648438,26.780000686645508,27.540000915527344,21.178701400756836,86730600
2011-07-20,27.280000686645508,27.350000381469727,26.979999542236328,27.059999465942383,20.8095760345459,49795400
2011-07-21,27.040000915527344,27.309999465942383,26.649999618530273,27.100000381469727,20.840322494506836,81737400
2011-07-22,26.860000610351562,27.549999237060547,26.68000030517578,27.530000686645508,21.17100715637207,76380600
2011-07-25,27.260000228881836,28.09000015258789,27.190000534057617,27.90999984741211,21.463232040405273,108482400
2011-07-26,27.81999969482422,28.149999618530273,27.780000686645508,28.079999923706055,21.59395980834961,74636500
2011-07-27,27.8799991607666,27.989999771118164,27.200000762939453,27.329999923706055,21.017202377319336,71488700
2011-07-28,27.290000915527344,28.06999969482422,27.209999084472656,27.719999313354492,21.317115783691406,83761400
2011-07-29,27.520000457763672,27.709999084472656,27.260000228881836,27.399999618530273,21.071035385131836,104394800
2011-08-01,27.510000228881836,27.690000534057617,26.75,27.270000457763672,20.971057891845703,61838400
2011-08-02,26.979999542236328,27.450000762939453,26.760000228881836,26.799999237060547,20.6096248626709,63883100
2011-08-03,26.829999923706055,27.0,26.479999542236328,26.920000076293945,20.701904296875,64581200
2011-08-04,26.530000686645508,26.8700008392334,25.93000030517578,25.940000534057617,19.948265075683594,92949500
2011-08-05,25.969999313354492,26.100000381469727,25.229999542236328,25.68000030517578,19.748321533203125,112071700
2011-08-08,25.020000457763672,25.600000381469727,24.389999389648438,24.479999542236328,18.82550621032715,134257200
2011-08-09,24.709999084472656,25.6200008392334,24.030000686645508,25.579999923706055,19.671422958374023,126268900
2011-08-10,24.950000762939453,25.09000015258789,24.100000381469727,24.200000762939453,18.610187530517578,127819900
2011-08-11,24.5,25.3799991607666,24.399999618530273,25.190000534057617,19.371509552001953,90690100
2011-08-12,25.1299991607666,25.34000015258789,24.649999618530273,25.100000381469727,19.302297592163086,64787100
2011-08-15,25.239999771118164,25.579999923706055,25.149999618530273,25.510000228881836,19.61758804321289,56529400
2011-08-16,25.219999313354492,25.59000015258789,25.049999237060547,25.350000381469727,19.617591857910156,54251500
2011-08-17,25.25,25.700000762939453,24.93000030517578,25.25,19.540205001831055,50923700
2011-08-18,24.56999969482422,25.09000015258789,24.030000686645508,24.670000076293945,19.091367721557617,105714200
2011-08-19,24.40999984741211,24.6200008392334,23.90999984741211,24.049999237060547,18.611555099487305,77397900
2011-08-22,24.420000076293945,24.489999771118164,23.790000915527344,23.979999542236328,18.55739402770996,54721000
2011-08-23,24.030000686645508,24.75,24.030000686645508,24.719999313354492,19.130050659179688,59670600
2011-08-24,24.649999618530273,24.93000030517578,24.420000076293945,24.899999618530273,19.269351959228516,45329700
2011-08-25,25.079999923706055,25.15999984741211,24.5,24.56999969482422,19.013975143432617,48192000
2011-08-26,24.510000228881836,25.34000015258789,24.420000076293945,25.25,19.540205001831055,71957000
2011-08-29,25.530000686645508,25.860000610351562,25.3700008392334,25.84000015258789,19.996789932250977,38863200
2011-08-30,25.729999542236328,26.43000030517578,25.700000762939453,26.229999542236328,20.298595428466797,57341400
2011-08-31,26.290000915527344,26.709999084472656,26.260000228881836,26.600000381469727,20.584924697875977,59300800
2011-09-01,26.459999084472656,26.860000610351562,26.209999084472656,26.209999084472656,20.283124923706055,60510800
2011-09-02,25.780000686645508,26.0,25.65999984741211,25.799999237060547,19.96583366394043,43894400
2011-09-06,25.200000762939453,25.59000015258789,25.110000610351562,25.510000228881836,19.74140739440918,54929300
2011-09-07,25.690000534057617,26.0,25.56999969482422,26.0,20.1206111907959,41961000
2011-09-08,26.0,26.65999984741211,25.950000762939453,26.219999313354492,20.29085922241211,65811900
2011-09-09,26.0,26.18000030517578,25.5,25.739999771118164,19.91940689086914,64529200
2011-09-12,25.440000534057617,25.93000030517578,25.270000457763672,25.889999389648438,20.035478591918945,55046100
2011-09-13,25.920000076293945,26.190000534057617,25.809999465942383,26.040000915527344,20.151567459106445,48792300
2011-09-14,26.170000076293945,26.799999237060547,25.889999389648438,26.5,20.50754737854004,66739200
2011-09-15,26.729999542236328,27.030000686645508,26.309999465942383,26.989999771118164,20.88673973083496,67808300
2011-09-16,27.049999237060547,27.270000457763672,26.829999923706055,27.1200008392334,20.98734474182129,89681500
2011-09-19,26.799999237060547,27.309999465942383,26.600000381469727,27.209999084472656,21.056995391845703,52324900
2011-09-20,27.309999465942383,27.5,26.93000030517578,26.979999542236328,20.879005432128906,49211900
2011-09-21,27.049999237060547,27.059999465942383,25.969999313354492,25.989999771118164,20.112871170043945,72750700
2011-09-22,25.299999237060547,25.649999618530273,24.600000381469727,25.059999465942383,19.393159866333008,96278300
2011-09-23,24.899999618530273,25.149999618530273,24.690000534057617,25.059999465942383,19.393159866333008,64768100
2011-09-26,25.190000534057617,25.520000457763672,24.729999542236328,25.440000534057617,19.687244415283203,51057600
2011-09-27,25.65999984741211,25.920000076293945,25.450000762939453,25.670000076293945,19.865238189697266,55620700
2011-09-28,25.93000030517578,26.3700008392334,25.510000228881836,25.579999923706055,19.79558753967285,60736200
2011-09-29,25.979999542236328,26.170000076293945,25.09000015258789,25.450000762939453,19.69498634338379,63407300
2011-09-30,25.200000762939453,25.5,24.8799991607666,24.889999389648438,19.261611938476562,54060500
2011-10-03,24.719999313354492,25.34000015258789,24.520000457763672,24.530000686645508,18.983020782470703,64592500
2011-10-04,24.299999237060547,25.389999389648438,24.260000228881836,25.34000015258789,19.609851837158203,83485400
2011-10-05,25.420000076293945,26.15999984741211,25.15999984741211,25.889999389648438,20.035478591918945,94061300
2011-10-06,25.899999618530273,26.399999618530273,25.700000762939453,26.34000015258789,20.383729934692383,55111400
2011-10-07,26.34000015258789,26.510000228881836,26.200000762939453,26.25,20.3140811920166,52741600
2011-10-10,26.579999923706055,26.969999313354492,26.469999313354492,26.940000534057617,20.848051071166992,41815300
2011-10-11,26.860000610351562,27.06999969482422,26.719999313354492,27.0,20.89447593688965,38826200
2011-10-12,27.18000030517578,27.309999465942383,26.899999618530273,26.959999084472656,20.863527297973633,52489800
2011-10-13,26.760000228881836,27.200000762939453,26.6200008392334,27.18000030517578,21.03377914428711,43823500
2011-10-14,27.309999465942383,27.5,27.020000457763672,27.270000457763672,21.10341453552246,50947700
2011-10-17,27.110000610351562,27.420000076293945,26.850000381469727,26.979999542236328,20.879005432128906,39453300
2011-10-18,26.940000534057617,27.399999618530273,26.799999237060547,27.309999465942383,21.13437843322754,52487900
2011-10-19,27.3700008392334,27.469999313354492,27.010000228881836,27.1299991607666,20.99507713317871,42880000
2011-10-20,27.260000228881836,27.34000015258789,26.399999618530273,27.040000915527344,20.925437927246094,76300200
2011-10-21,27.149999618530273,27.190000534057617,26.799999237060547,27.15999984741211,21.018293380737305,76620600
2011-10-24,27.059999465942383,27.399999618530273,27.040000915527344,27.190000534057617,21.041513442993164,56897800
2011-10-25,27.079999923706055,27.229999542236328,26.719999313354492,26.809999465942383,20.7474422454834,53554600
2011-10-26,27.030000686645508,27.059999465942383,26.100000381469727,26.59000015258789,20.577194213867188,63029900
2011-10-27,27.1299991607666,27.399999618530273,26.649999618530273,27.25,21.08794593811035,74512400
2011-10-28,27.139999389648438,27.190000534057617,26.790000915527344,26.979999542236328,20.879005432128906,57712100
2011-10-31,26.760000228881836,27.0,26.6200008392334,26.6299991607666,20.608144760131836,46799000
2011-11-01,26.190000534057617,26.31999969482422,25.860000610351562,25.989999771118164,20.112871170043945,61182600
2011-11-02,26.100000381469727,26.200000762939453,25.700000762939453,26.010000228881836,20.128347396850586,53533100
2011-11-03,26.239999771118164,26.59000015258789,25.979999542236328,26.530000686645508,20.530759811401367,65836100
2011-11-04,26.3799991607666,26.399999618530273,26.0,26.25,20.3140811920166,36549200
2011-11-07,26.209999084472656,26.81999969482422,26.1299991607666,26.799999237060547,20.739704132080078,42589700
2011-11-08,27.010000228881836,27.200000762939453,26.690000534057617,27.15999984741211,21.018293380737305,47822500
2011-11-09,26.59000015258789,26.75,26.059999465942383,26.200000762939453,20.275386810302734,62950900
2011-11-10,26.469999313354492,26.5,26.1200008392334,26.280000686645508,20.33729362487793,32514400
2011-11-11,26.579999923706055,27.079999923706055,26.56999969482422,26.90999984741211,20.8248291015625,37903000
2011-11-14,26.8799991607666,27.0,26.649999618530273,26.760000228881836,20.708749771118164,34199200
2011-11-15,26.559999465942383,26.940000534057617,26.399999618530273,26.739999771118164,20.849092483520508,43874200
2011-11-16,26.469999313354492,26.510000228881836,26.040000915527344,26.06999969482422,20.32669448852539,53262800
2011-11-17,26.010000228881836,26.040000915527344,25.440000534057617,25.540000915527344,19.913454055786133,70977500
2011-11-18,25.479999542236328,25.5,25.149999618530273,25.299999237060547,19.72633171081543,47626200
2011-11-21,25.239999771118164,25.25,24.899999618530273,25.0,19.492422103881836,61882500
2011-11-22,24.889999389648438,24.959999084472656,24.649999618530273,24.790000915527344,19.32868766784668,49204500
2011-11-23,24.610000610351562,24.790000915527344,24.469999313354492,24.469999313354492,19.079177856445312,49099700
2011-11-25,24.3799991607666,24.670000076293945,24.299999237060547,24.299999237060547,18.94663429260254,26164600
2011-11-28,24.940000534057617,24.969999313354492,24.690000534057617,24.8700008392334,19.39106559753418,46766700
2011-11-29,24.81999969482422,25.040000915527344,24.75,24.84000015258789,19.3676700592041,40917100
2011-11-30,25.3700008392334,25.59000015258789,25.139999389648438,25.579999923706055,19.944644927978516,81350900
2011-12-01,25.559999465942383,25.6299991607666,25.200000762939453,25.280000686645508,19.710737228393555,48545400
2011-12-02,25.59000015258789,25.6200008392334,25.15999984741211,25.219999313354492,19.663955688476562,52293800
2011-12-05,25.780000686645508,25.799999237060547,25.5,25.700000762939453,20.038209915161133,56818400
2011-12-06,25.809999465942383,25.8700008392334,25.610000610351562,25.65999984741211,20.007017135620117,46175300
2011-12-07,25.670000076293945,25.760000228881836,25.34000015258789,25.600000381469727,19.960241317749023,62667000
2011-12-08,25.479999542236328,25.719999313354492,25.3700008392334,25.399999618530273,19.80429458618164,60522200
2011-12-09,25.520000457763672,25.8700008392334,25.5,25.700000762939453,20.038209915161133,53788500
2011-12-12,25.40999984741211,25.56999969482422,25.290000915527344,25.510000228881836,19.89006233215332,38945900
2011-12-13,25.75,26.100000381469727,25.649999618530273,25.760000228881836,20.084991455078125,54581100
2011-12-14,25.719999313354492,25.860000610351562,25.56999969482422,25.59000015258789,19.95244026184082,47926400
2011-12-15,25.719999313354492,25.8799991607666,25.540000915527344,25.559999465942383,19.92905044555664,46213900
2011-12-16,25.670000076293945,26.170000076293945,25.6299991607666,26.0,20.272123336791992,101408100
2011-12-19,26.020000457763672,26.1200008392334,25.459999084472656,25.530000686645508,19.905662536621094,52258300
2011-12-20,25.860000610351562,26.100000381469727,25.809999465942383,26.030000686645508,20.29551124572754,60767600
2011-12-21,26.010000228881836,26.190000534057617,25.440000534057617,25.760000228881836,20.084991455078125,64132500
2011-12-22,25.81999969482422,25.860000610351562,25.479999542236328,25.809999465942383,20.123981475830078,35794100
2011-12-23,25.90999984741211,26.040000915527344,25.729999542236328,26.030000686645508,20.29551124572754,23205800
2011-12-27,25.959999084472656,26.139999389648438,25.93000030517578,26.040000915527344,20.303302764892578,21287200
2011-12-28,26.110000610351562,26.149999618530273,25.760000228881836,25.81999969482422,20.131772994995117,29822500
2011-12-29,25.950000762939453,26.049999237060547,25.860000610351562,26.020000457763672,20.287717819213867,22616900
2011-12-30,26.0,26.1200008392334,25.90999984741211,25.959999084472656,20.240934371948242,27395700
2012-01-03,26.549999237060547,26.959999084472656,26.389999389648438,26.770000457763672,20.872482299804688,64731500
2012-01-04,26.81999969482422,27.469999313354492,26.780000686645508,27.399999618530273,21.363691329956055,80516100
2012-01-05,27.3799991607666,27.729999542236328,27.290000915527344,27.68000030517578,21.582015991210938,56081400
2012-01-06,27.530000686645508,28.190000534057617,27.530000686645508,28.110000610351562,21.917274475097656,99455500
2012-01-09,28.049999237060547,28.100000381469727,27.719999313354492,27.739999771118164,21.628793716430664,59706800
2012-01-10,27.93000030517578,28.149999618530273,27.75,27.84000015258789,21.70676612854004,60014400
2012-01-11,27.43000030517578,27.979999542236328,27.3700008392334,27.719999313354492,21.61319923400879,65582400
2012-01-12,27.8700008392334,28.020000457763672,27.649999618530273,28.0,21.83151626586914,49370800
2012-01-13,27.93000030517578,28.25,27.790000915527344,28.25,22.02643394470215,60196100
2012-01-17,28.399999618530273,28.649999618530273,28.170000076293945,28.260000228881836,22.03423309326172,72395300
2012-01-18,28.309999465942383,28.399999618530273,27.969999313354492,28.229999542236328,22.010841369628906,64860600
2012-01-19,28.15999984741211,28.440000534057617,28.030000686645508,28.1200008392334,21.925077438354492,74053500
2012-01-20,28.81999969482422,29.739999771118164,28.75,29.709999084472656,23.164785385131836,165902900
2012-01-23,29.549999237060547,29.950000762939453,29.350000381469727,29.729999542236328,23.180381774902344,76078100
2012-01-24,29.469999313354492,29.56999969482422,29.18000030517578,29.34000015258789,22.876310348510742,51703300
2012-01-25,29.06999969482422,29.649999618530273,29.06999969482422,29.559999465942383,23.047842025756836,59231700
2012-01-26,29.610000610351562,29.700000762939453,29.399999618530273,29.5,23.001056671142578,49102800
2012-01-27,29.450000762939453,29.530000686645508,29.170000076293945,29.229999542236328,22.790536880493164,44187700
2012-01-30,28.969999313354492,29.6200008392334,28.829999923706055,29.610000610351562,23.08682632446289,51114800
2012-01-31,29.65999984741211,29.700000762939453,29.229999542236328,29.530000686645508,23.024456024169922,50572400
2012-02-01,29.790000915527344,30.049999237060547,29.760000228881836,29.889999389648438,23.30514144897461,67409900
2012-02-02,29.899999618530273,30.170000076293945,29.709999084472656,29.950000762939453,23.351917266845703,52223300
2012-02-03,30.139999389648438,30.399999618530273,30.09000015258789,30.239999771118164,23.57803726196289,41838500
2012-02-06,30.040000915527344,30.219999313354492,29.969999313354492,30.200000762939453,23.546846389770508,28039700
2012-02-07,30.149999618530273,30.489999771118164,30.049999237060547,30.350000381469727,23.663806915283203,39242400
2012-02-08,30.260000228881836,30.670000076293945,30.219999313354492,30.65999984741211,23.905506134033203,49659100
2012-02-09,30.68000030517578,30.799999237060547,30.479999542236328,30.770000457763672,23.991273880004883,50481600
2012-02-10,30.639999389648438,30.799999237060547,30.360000610351562,30.5,23.780759811401367,44605300
2012-02-13,30.6299991607666,30.770000457763672,30.43000030517578,30.579999923706055,23.84313201904297,33319800
2012-02-14,30.329999923706055,30.459999084472656,29.850000381469727,30.25,23.74110221862793,59644000
2012-02-15,30.329999923706055,30.389999389648438,30.030000686645508,30.049999237060547,23.584135055541992,43311300
2012-02-16,30.309999465942383,31.549999237060547,30.299999237060547,31.290000915527344,24.55732536315918,94705100
2012-02-17,31.200000762939453,31.31999969482422,30.950000762939453,31.25,24.52593421936035,70036500
2012-02-21,31.18000030517578,31.610000610351562,31.149999618530273,31.440000534057617,24.675052642822266,50829900
2012-02-22,31.450000762939453,31.68000030517578,31.18000030517578,31.270000457763672,24.5416316986084,49253200
2012-02-23,31.200000762939453,31.59000015258789,31.0,31.3700008392334,24.620115280151367,35034700
2012-02-24,31.479999542236328,31.5,31.239999771118164,31.479999542236328,24.706443786621094,35575400
2012-02-27,31.239999771118164,31.5,31.100000381469727,31.350000381469727,24.604413986206055,34568400
2012-02-28,31.40999984741211,31.93000030517578,31.3799991607666,31.8700008392334,25.012523651123047,45230600
2012-02-29,31.889999389648438,32.0,31.610000610351562,31.739999771118164,24.910499572753906,59323600
2012-03-01,31.93000030517578,32.38999938964844,31.850000381469727,32.290000915527344,25.34215545654297,77344100
2012-03-02,32.310001373291016,32.439998626708984,32.0,32.08000183105469,25.177343368530273,47314200
2012-03-05,32.0099983215332,32.04999923706055,31.6200008392334,31.799999237060547,24.95759391784668,45240000
2012-03-06,31.540000915527344,31.979999542236328,31.489999771118164,31.559999465942383,24.76923370361328,51932900
2012-03-07,31.670000076293945,31.920000076293945,31.530000686645508,31.84000015258789,24.988981246948242,34340400
2012-03-08,32.040000915527344,32.209999084472656,31.899999618530273,32.0099983215332,25.12240219116211,36747400
2012-03-09,32.099998474121094,32.15999984741211,31.920000076293945,31.989999771118164,25.106706619262695,34628400
2012-03-12,31.969999313354492,32.20000076293945,31.81999969482422,32.040000915527344,25.145946502685547,34073600
2012-03-13,32.2400016784668,32.689998626708984,32.150001525878906,32.66999816894531,25.64039421081543,48951700
2012-03-14,32.529998779296875,32.880001068115234,32.4900016784668,32.77000045776367,25.7188777923584,41986900
2012-03-15,32.790000915527344,32.939998626708984,32.58000183105469,32.849998474121094,25.78166389465332,49068300
2012-03-16,32.90999984741211,32.95000076293945,32.5,32.599998474121094,25.585453033447266,65626400
2012-03-19,32.540000915527344,32.61000061035156,32.150001525878906,32.20000076293945,25.27152442932129,44789200
2012-03-20,32.099998474121094,32.150001525878906,31.739999771118164,31.989999771118164,25.106706619262695,41566800
2012-03-21,31.959999084472656,32.150001525878906,31.81999969482422,31.90999984741211,25.043920516967773,37928600
2012-03-22,31.809999465942383,32.09000015258789,31.790000915527344,32.0,25.114547729492188,31749500
2012-03-23,32.099998474121094,32.11000061035156,31.719999313354492,32.0099983215332,25.12240219116211,35912200
2012-03-26,32.189998626708984,32.61000061035156,32.150001525878906,32.59000015258789,25.577606201171875,36758300
2012-03-27,32.650001525878906,32.70000076293945,32.400001525878906,32.52000045776367,25.52267074584961,36274900
2012-03-28,32.52000045776367,32.70000076293945,32.040000915527344,32.189998626708984,25.263671875,41344800
2012-03-29,32.060001373291016,32.189998626708984,31.809999465942383,32.119998931884766,25.208736419677734,37038500
2012-03-30,32.400001525878906,32.40999984741211,32.040000915527344,32.2599983215332,25.3186092376709,31749400
2012-04-02,32.220001220703125,32.459999084472656,31.950000762939453,32.290000915527344,25.34215545654297,35853600
2012-04-03,32.15999984741211,32.189998626708984,31.65999984741211,31.940000534057617,25.067462921142578,42752100
2012-04-04,31.65999984741211,31.690000534057617,31.049999237060547,31.209999084472656,24.494531631469727,49455900
2012-04-05,31.149999618530273,31.6299991607666,31.049999237060547,31.520000457763672,24.737842559814453,50368600
2012-04-09,31.219999313354492,31.399999618530273,30.969999313354492,31.100000381469727,24.40821075439453,31056400
2012-04-10,31.059999465942383,31.190000534057617,30.299999237060547,30.469999313354492,23.91376304626465,54131300
2012-04-11,30.43000030517578,30.530000686645508,30.229999542236328,30.350000381469727,23.81958770751953,43014000
2012-04-12,30.479999542236328,31.040000915527344,30.420000076293945,30.979999542236328,24.31402587890625,38304000
2012-04-13,30.889999389648438,31.15999984741211,30.719999313354492,30.809999465942383,24.18061637878418,39749200
2012-04-16,30.989999771118164,31.190000534057617,30.770000457763672,31.079999923706055,24.392505645751953,38124800
2012-04-17,31.270000457763672,31.610000610351562,31.200000762939453,31.440000534057617,24.675052642822266,34361500
2012-04-18,31.280000686645508,31.309999465942383,31.040000915527344,31.139999389648438,24.439603805541992,40552900
2012-04-19,31.1299991607666,31.68000030517578,30.940000534057617,31.010000228881836,24.337575912475586,54781200
2012-04-20,32.150001525878906,32.88999938964844,32.04999923706055,32.41999816894531,25.44417381286621,106045000
2012-04-23,32.310001373291016,32.5,32.029998779296875,32.119998931884766,25.208736419677734,61398200
2012-04-24,32.209999084472656,32.52000045776367,31.829999923706055,31.920000076293945,25.051776885986328,40871100
2012-04-25,31.920000076293945,32.31999969482422,31.8700008392334,32.20000076293945,25.27152442932129,62495500
2012-04-26,32.119998931884766,32.22999954223633,31.920000076293945,32.11000061035156,25.200885772705078,40308100
2012-04-27,32.119998931884766,32.220001220703125,31.8799991607666,31.979999542236328,25.098857879638672,41419100
2012-04-30,31.979999542236328,32.11000061035156,31.920000076293945,32.02000045776367,25.13025665283203,35697200
2012-05-01,32.04999923706055,32.34000015258789,31.950000762939453,32.0099983215332,25.12240219116211,43832300
2012-05-02,31.850000381469727,31.93000030517578,31.639999389648438,31.799999237060547,24.95759391784668,37385300
2012-05-03,31.8799991607666,31.899999618530273,31.610000610351562,31.760000228881836,24.926197052001953,31501300
2012-05-04,31.450000762939453,31.56999969482422,30.920000076293945,30.979999542236328,24.31402587890625,57927200
2012-05-07,30.700000762939453,30.860000610351562,30.56999969482422,30.649999618530273,24.055038452148438,48641400
2012-05-08,30.479999542236328,30.780000686645508,30.170000076293945,30.5,23.93731117248535,46328300
2012-05-09,30.190000534057617,30.829999923706055,30.100000381469727,30.760000228881836,24.141368865966797,50309300
2012-05-10,30.860000610351562,31.020000457763672,30.450000762939453,30.739999771118164,24.125669479370117,43839200
2012-05-11,30.690000534057617,31.540000915527344,30.690000534057617,31.15999984741211,24.455297470092773,43459300
2012-05-14,30.81999969482422,31.040000915527344,30.639999389648438,30.68000030517578,24.078577041625977,40528900
2012-05-15,30.639999389648438,30.799999237060547,30.149999618530273,30.209999084472656,23.865283966064453,61822800
2012-05-16,30.309999465942383,30.31999969482422,29.739999771118164,29.899999618530273,23.62038803100586,60083700
2012-05-17,29.989999771118164,30.209999084472656,29.709999084472656,29.719999313354492,23.478193283081055,48484000
2012-05-18,29.790000915527344,29.809999465942383,29.170000076293945,29.270000457763672,23.122697830200195,56205300
2012-05-21,29.100000381469727,29.790000915527344,29.059999465942383,29.75,23.501893997192383,38787900
2012-05-22,29.690000534057617,29.8799991607666,29.5,29.760000228881836,23.509796142578125,39504900
2012-05-23,29.350000381469727,29.399999618530273,28.639999389648438,29.110000610351562,22.996307373046875,65171000
2012-05-24,29.15999984741211,29.299999237060547,28.760000228881836,29.06999969482422,22.96471405029297,52575000
2012-05-25,29.200000762939453,29.360000610351562,29.010000228881836,29.059999465942383,22.95680046081543,29507200
2012-05-29,29.3799991607666,29.719999313354492,29.219999313354492,29.559999465942383,23.351795196533203,37758800
2012-05-30,29.350000381469727,29.479999542236328,29.1200008392334,29.34000015258789,23.17799949645996,41585500
2012-05-31,29.299999237060547,29.420000076293945,28.940000534057617,29.190000534057617,23.059513092041016,39134000
2012-06-01,28.760000228881836,28.959999084472656,28.440000534057617,28.450000762939453,22.474918365478516,56634300
2012-06-04,28.6200008392334,28.780000686645508,28.31999969482422,28.549999237060547,22.55392074584961,47926300
2012-06-05,28.510000228881836,28.75,28.389999389648438,28.510000228881836,22.52231788635254,45715400
2012-06-06,28.8799991607666,29.3700008392334,28.809999465942383,29.350000381469727,23.185903549194336,46860500
2012-06-07,29.639999389648438,29.700000762939453,29.170000076293945,29.229999542236328,23.091108322143555,37792800
2012-06-08,29.209999084472656,29.68000030517578,29.049999237060547,29.649999618530273,23.422889709472656,42551100
2012-06-11,29.729999542236328,29.809999465942383,28.81999969482422,28.899999618530273,22.830411911010742,46361900
2012-06-12,29.100000381469727,29.299999237060547,28.84000015258789,29.290000915527344,23.138504028320312,35337900
2012-06-13,29.219999313354492,29.440000534057617,29.049999237060547,29.1299991607666,23.01211166381836,32984600
2012-06-14,29.329999923706055,29.459999084472656,28.8799991607666,29.34000015258789,23.17799949645996,39458900
2012-06-15,29.59000015258789,30.079999923706055,29.489999771118164,30.020000457763672,23.715192794799805,62314400
2012-06-18,29.989999771118164,30.030000686645508,29.709999084472656,29.84000015258789,23.572986602783203,58679900
2012-06-19,30.190000534057617,31.110000610351562,30.049999237060547,30.700000762939453,24.25238037109375,75725800
2012-06-20,30.93000030517578,31.049999237060547,30.639999389648438,30.93000030517578,24.434070587158203,36257100
2012-06-21,30.959999084472656,31.139999389648438,30.059999465942383,30.139999389648438,23.809986114501953,48456600
2012-06-22,30.299999237060547,30.729999542236328,30.030000686645508,30.700000762939453,24.25238037109375,45098100
2012-06-25,30.299999237060547,30.31999969482422,29.6200008392334,29.8700008392334,23.596691131591797,42217200
2012-06-26,30.0,30.270000457763672,29.940000534057617,30.020000457763672,23.715192794799805,38421300
2012-06-27,30.190000534057617,30.5,30.030000686645508,30.170000076293945,23.833688735961914,33781700
2012-06-28,29.979999542236328,30.049999237060547,29.420000076293945,29.90999984741211,23.628284454345703,45328400
2012-06-29,30.450000762939453,30.690000534057617,30.139999389648438,30.59000015258789,24.165475845336914,55227200
2012-07-02,30.6200008392334,30.6200008392334,30.209999084472656,30.559999465942383,24.14177131652832,30589100
2012-07-03,30.229999542236328,30.760000228881836,30.170000076293945,30.760000228881836,24.299776077270508,20938100
2012-07-05,30.59000015258789,30.780000686645508,30.3799991607666,30.700000762939453,24.25238037109375,28801900
2012-07-06,30.610000610351562,30.700000762939453,29.950000762939453,30.190000534057617,23.84947967529297,38294800
2012-07-09,30.1200008392334,30.229999542236328,29.780000686645508,30.0,23.699390411376953,30680800
2012-07-10,30.079999923706055,30.219999313354492,29.510000228881836,29.739999771118164,23.493993759155273,37534100
2012-07-11,29.709999084472656,29.739999771118164,29.110000610351562,29.299999237060547,23.146400451660156,39184900
2012-07-12,29.149999618530273,29.18000030517578,28.540000915527344,28.6299991607666,22.61711311340332,63523600
2012-07-13,28.760000228881836,29.479999542236328,28.719999313354492,29.389999389648438,23.217500686645508,39085000
2012-07-16,29.479999542236328,29.530000686645508,29.040000915527344,29.440000534057617,23.257007598876953,27900600
2012-07-17,29.639999389648438,29.860000610351562,29.200000762939453,29.65999984741211,23.430789947509766,33771300
2012-07-18,29.600000381469727,30.450000762939453,29.459999084472656,30.450000762939453,24.054882049560547,41090400
2012-07-19,30.510000228881836,30.799999237060547,30.3799991607666,30.670000076293945,24.228683471679688,46663200
2012-07-20,31.0,31.049999237060547,30.049999237060547,30.1200008392334,23.794193267822266,64021700
2012-07-23,29.56999969482422,29.579999923706055,29.010000228881836,29.280000686645508,23.130605697631836,55151900
2012-07-24,29.239999771118164,29.360000610351562,28.899999618530273,29.149999618530273,23.02790641784668,47723300
2012-07-25,29.239999771118164,29.329999923706055,28.780000686645508,28.829999923706055,22.775121688842773,45579500
2012-07-26,29.229999542236328,29.5,29.09000015258789,29.15999984741211,23.035802841186523,45301400
2012-07-27,29.479999542236328,29.850000381469727,29.18000030517578,29.760000228881836,23.509796142578125,44242600
2012-07-30,29.75,29.81999969482422,29.459999084472656,29.639999389648438,23.415000915527344,28905000
2012-07-31,29.479999542236328,29.709999084472656,29.329999923706055,29.469999313354492,23.280702590942383,37620900
2012-08-01,29.59000015258789,29.649999618530273,29.209999084472656,29.40999984741211,23.233306884765625,31721800
2012-08-02,29.209999084472656,29.530000686645508,28.969999313354492,29.190000534057617,23.059513092041016,39520500
2012-08-03,29.530000686645508,29.940000534057617,29.479999542236328,29.75,23.501893997192383,35859400
2012-08-06,30.0,30.110000610351562,29.809999465942383,29.950000762939453,23.65989112854004,27471800
2012-08-07,30.06999969482422,30.350000381469727,29.8700008392334,30.260000228881836,23.904781341552734,28002900
2012-08-08,30.209999084472656,30.469999313354492,30.110000610351562,30.329999923706055,23.9600830078125,26257600
2012-08-09,30.389999389648438,30.649999618530273,30.299999237060547,30.5,24.094379425048828,24920800
2012-08-10,30.5,30.6200008392334,30.25,30.420000076293945,24.03118133544922,27810300
2012-08-13,30.350000381469727,30.459999084472656,30.15999984741211,30.389999389648438,24.007476806640625,23049100
2012-08-14,30.299999237060547,30.389999389648438,30.010000228881836,30.1299991607666,23.959768295288086,34551400
2012-08-15,30.110000610351562,30.280000686645508,30.020000457763672,30.200000762939453,24.01543426513672,24351000
2012-08-16,30.360000610351562,30.940000534057617,30.260000228881836,30.780000686645508,24.47665786743164,35787200
2012-08-17,30.920000076293945,30.920000076293945,30.59000015258789,30.899999618530273,24.57208251953125,32589900
2012-08-20,30.81999969482422,30.850000381469727,30.579999923706055,30.739999771118164,24.444854736328125,23737700
2012-08-21,30.760000228881836,30.959999084472656,30.610000610351562,30.799999237060547,24.4925594329834,28822700
2012-08-22,30.59000015258789,30.760000228881836,30.469999313354492,30.540000915527344,24.285810470581055,33437400
2012-08-23,30.389999389648438,30.399999618530273,30.079999923706055,30.260000228881836,24.063146591186523,28355600
2012-08-24,30.25,30.6299991607666,30.18000030517578,30.559999465942383,24.301719665527344,22943300
2012-08-27,30.93000030517578,30.959999084472656,30.59000015258789,30.690000534057617,24.405088424682617,34691100
2012-08-28,30.700000762939453,30.799999237060547,30.520000457763672,30.6299991607666,24.357379913330078,23947900
2012-08-29,30.649999618530273,30.75,30.440000534057617,30.649999618530273,24.37328338623047,23346800
2012-08-30,30.530000686645508,30.610000610351562,30.219999313354492,30.31999969482422,24.110857009887695,23982100
2012-08-31,30.600000381469727,30.959999084472656,30.3799991607666,30.81999969482422,24.508464813232422,36590100
2012-09-04,30.450000762939453,30.65999984741211,30.149999618530273,30.389999389648438,24.166519165039062,48556700
2012-09-05,30.219999313354492,30.530000686645508,30.209999084472656,30.389999389648438,24.166519165039062,33650000
2012-09-06,30.5,31.360000610351562,30.459999084472656,31.350000381469727,24.929931640625,48371700
2012-09-07,31.040000915527344,31.06999969482422,30.729999542236328,30.950000762939453,24.611848831176758,42649100
2012-09-10,30.829999923706055,30.899999618530273,30.510000228881836,30.719999313354492,24.428951263427734,40524000
2012-09-11,30.690000534057617,30.90999984741211,30.610000610351562,30.790000915527344,24.484609603881836,25191800
2012-09-12,30.940000534057617,31.18000030517578,30.729999542236328,30.780000686645508,24.47665786743164,32775800
2012-09-13,30.889999389648438,31.18000030517578,30.399999618530273,30.940000534057617,24.603891372680664,45047300
2012-09-14,31.010000228881836,31.25,30.809999465942383,31.209999084472656,24.818599700927734,51422800
2012-09-17,31.190000534057617,31.260000228881836,31.040000915527344,31.209999084472656,24.818599700927734,36488500
2012-09-18,31.100000381469727,31.209999084472656,31.030000686645508,31.18000030517578,24.79474449157715,34542700
2012-09-19,31.09000015258789,31.190000534057617,31.040000915527344,31.049999237060547,24.69136619567871,48871900
2012-09-20,30.950000762939453,31.479999542236328,30.90999984741211,31.450000762939453,25.009450912475586,45543000
2012-09-21,31.43000030517578,31.610000610351562,31.09000015258789,31.190000534057617,24.80269432067871,102348900
2012-09-24,31.0,31.06999969482422,30.639999389648438,30.780000686645508,24.47665786743164,46825900
2012-09-25,30.950000762939453,31.0,30.360000610351562,30.389999389648438,24.166519165039062,54266400
2012-09-26,30.280000686645508,30.600000381469727,30.040000915527344,30.170000076293945,23.991575241088867,54672000
2012-09-27,30.170000076293945,30.399999618530273,29.889999389648438,30.15999984741211,23.983627319335938,47129900
2012-09-28,30.18000030517578,30.260000228881836,29.739999771118164,29.760000228881836,23.66553497314453,54229300
2012-10-01,29.809999465942383,29.979999542236328,29.420000076293945,29.489999771118164,23.450834274291992,54042700
2012-10-02,29.68000030517578,29.889999389648438,29.5,29.65999984741211,23.58601188659668,43338900
2012-10-03,29.75,29.989999771118164,29.670000076293945,29.860000610351562,23.74506378173828,46655900
2012-10-04,29.969999313354492,30.030000686645508,29.56999969482422,30.030000686645508,23.8802490234375,43634900
2012-10-05,30.229999542236328,30.25,29.739999771118164,29.850000381469727,23.73711395263672,41133900
2012-10-08,29.639999389648438,29.920000076293945,29.549999237060547,29.780000686645508,23.681440353393555,29752000
2012-10-09,29.68000030517578,29.739999771118164,29.18000030517578,29.280000686645508,23.283842086791992,45121100
2012-10-10,29.149999618530273,29.309999465942383,28.950000762939453,28.979999542236328,23.04527473449707,47227100
2012-10-11,29.219999313354492,29.25,28.8700008392334,28.950000762939453,23.02141571044922,41488500
2012-10-12,28.969999313354492,29.31999969482422,28.799999237060547,29.200000762939453,23.220224380493164,46464700
2012-10-15,29.3700008392334,29.719999313354492,29.25,29.510000228881836,23.46673583984375,42440200
2012-10-16,29.450000762939453,29.739999771118164,29.31999969482422,29.489999771118164,23.450834274291992,47739400
2012-10-17,29.299999237060547,29.639999389648438,29.09000015258789,29.59000015258789,23.530359268188477,44206100
2012-10-18,29.649999618530273,29.729999542236328,29.260000228881836,29.5,23.458791732788086,59238500
2012-10-19,29.049999237060547,29.079999923706055,28.5,28.639999389648438,22.77490234375,90470800
2012-10-22,28.729999542236328,28.829999923706055,27.829999923706055,28.0,22.265962600708008,83374000
2012-10-23,27.770000457763672,28.200000762939453,27.760000228881836,28.049999237060547,22.305721282958984,64414800
2012-10-24,28.15999984741211,28.200000762939453,27.8700008392334,27.899999618530273,22.186447143554688,53320400
2012-10-25,28.190000534057617,28.200000762939453,27.860000610351562,27.8799991607666,22.1705379486084,54084300
2012-10-26,27.860000610351562,28.34000015258789,27.84000015258789,28.209999084472656,22.43296241760254,57790000
2012-10-31,28.549999237060547,28.8799991607666,28.5,28.540000915527344,22.69538116455078,69464100
2012-11-01,28.84000015258789,29.559999465942383,28.81999969482422,29.520000457763672,23.474687576293945,72047900
2012-11-02,29.59000015258789,29.770000457763672,29.329999923706055,29.5,23.458791732788086,57131600
2012-11-05,29.6200008392334,29.739999771118164,29.329999923706055,29.6299991607666,23.56216049194336,38070800
2012-11-06,29.81999969482422,30.200000762939453,29.610000610351562,29.860000610351562,23.74506378173828,43401500
2012-11-07,29.530000686645508,29.829999923706055,29.049999237060547,29.079999923706055,23.124797821044922,57871800
2012-11-08,29.1200008392334,29.3700008392334,28.799999237060547,28.809999465942383,22.910083770751953,49841800
2012-11-09,28.8799991607666,29.190000534057617,28.809999465942383,28.829999923706055,22.925996780395508,43291200
2012-11-12,28.940000534057617,29.010000228881836,28.209999084472656,28.219999313354492,22.44091796875,61112300
2012-11-13,27.020000457763672,27.299999237060547,26.75,27.09000015258789,21.719341278076172,131689200
2012-11-14,27.239999771118164,27.290000915527344,26.799999237060547,26.84000015258789,21.518905639648438,76086100
2012-11-15,26.8799991607666,26.969999313354492,26.6299991607666,26.65999984741211,21.374589920043945,50955600
2012-11-16,26.670000076293945,26.700000762939453,26.34000015258789,26.520000457763672,21.262344360351562,64083300
2012-11-19,26.799999237060547,26.799999237060547,26.469999313354492,26.729999542236328,21.430706024169922,57179300
2012-11-20,26.760000228881836,26.799999237060547,26.459999084472656,26.709999084472656,21.414670944213867,47070400
2012-11-21,26.709999084472656,27.170000076293945,26.670000076293945,26.950000762939453,21.60709571838379,66360300
2012-11-23,27.229999542236328,27.770000457763672,27.200000762939453,27.700000762939453,22.208410263061523,57845700
2012-11-26,27.540000915527344,27.579999923706055,27.170000076293945,27.389999389648438,21.959861755371094,85198700
2012-11-27,27.360000610351562,27.3799991607666,27.040000915527344,27.079999923706055,21.711322784423828,45018600
2012-11-28,27.010000228881836,27.389999389648438,26.770000457763672,27.360000610351562,21.935810089111328,53018400
2012-11-29,27.110000610351562,27.360000610351562,26.860000610351562,26.950000762939453,21.60709571838379,69551400
2012-11-30,27.049999237060547,27.1299991607666,26.489999771118164,26.6200008392334,21.34251594543457,83690200
2012-12-03,26.780000686645508,26.81999969482422,26.399999618530273,26.43000030517578,21.1901912689209,53173800
2012-12-04,26.5,26.6299991607666,26.34000015258789,26.3700008392334,21.142080307006836,49777500
2012-12-05,26.3799991607666,26.93000030517578,26.260000228881836,26.670000076293945,21.382604598999023,68283800
2012-12-06,26.809999465942383,26.979999542236328,26.610000610351562,26.729999542236328,21.430706024169922,39182300
2012-12-07,26.81999969482422,26.81999969482422,26.3700008392334,26.459999084472656,21.2142391204834,46162100
2012-12-10,26.559999465942383,26.969999313354492,26.520000457763672,26.940000534057617,21.599082946777344,47031100
2012-12-11,27.049999237060547,27.489999771118164,27.049999237060547,27.31999969482422,21.90374755859375,52282800
2012-12-12,27.530000686645508,27.6200008392334,27.079999923706055,27.239999771118164,21.839601516723633,43966300
2012-12-13,27.31999969482422,27.520000457763672,26.950000762939453,27.110000610351562,21.735374450683594,45080100
2012-12-14,27.110000610351562,27.1299991607666,26.700000762939453,26.809999465942383,21.494844436645508,42077500
2012-12-17,26.790000915527344,27.219999313354492,26.68000030517578,27.100000381469727,21.72735595703125,42046100
2012-12-18,27.25,27.6299991607666,27.139999389648438,27.559999465942383,22.09616470336914,50486900
2012-12-19,27.690000534057617,27.729999542236328,27.25,27.309999465942383,21.895727157592773,53519900
2012-12-20,27.360000610351562,27.68000030517578,27.149999618530273,27.68000030517578,22.192378997802734,52607300
2012-12-21,27.450000762939453,27.489999771118164,27.0,27.450000762939453,22.00797462463379,98776500
2012-12-24,27.200000762939453,27.25,27.0,27.059999465942383,21.695283889770508,20842400
2012-12-26,27.030000686645508,27.200000762939453,26.700000762939453,26.860000610351562,21.53493309020996,31631100
2012-12-27,26.889999389648438,27.09000015258789,26.56999969482422,26.959999084472656,21.615108489990234,39394000
2012-12-28,26.709999084472656,26.899999618530273,26.549999237060547,26.549999237060547,21.286392211914062,28239900
2012-12-31,26.59000015258789,26.770000457763672,26.3700008392334,26.709999084472656,21.414670944213867,42749500
2013-01-02,27.25,27.729999542236328,27.149999618530273,27.6200008392334,22.14426612854004,52899300
2013-01-03,27.6299991607666,27.649999618530273,27.15999984741211,27.25,21.847623825073242,48294400
2013-01-04,27.270000457763672,27.34000015258789,26.729999542236328,26.739999771118164,21.438730239868164,52521100
2013-01-07,26.770000457763672,26.8799991607666,26.639999389648438,26.690000534057617,21.398639678955078,37110400
2013-01-08,26.75,26.790000915527344,26.459999084472656,26.549999237060547,21.286392211914062,44703100
2013-01-09,26.719999313354492,26.75,26.559999465942383,26.700000762939453,21.406654357910156,49047900
2013-01-10,26.649999618530273,26.979999542236328,26.290000915527344,26.459999084472656,21.2142391204834,71431300
2013-01-11,26.489999771118164,26.93000030517578,26.280000686645508,26.829999923706055,21.510881423950195,55512100
2013-01-14,26.899999618530273,27.079999923706055,26.760000228881836,26.889999389648438,21.558988571166992,48324400
2013-01-15,26.829999923706055,27.290000915527344,26.829999923706055,27.209999084472656,21.815549850463867,48244500
2013-01-16,27.149999618530273,27.229999542236328,27.010000228881836,27.040000915527344,21.67925262451172,41077400
2013-01-17,27.190000534057617,27.469999313354492,27.059999465942383,27.25,21.847623825073242,51685900
2013-01-18,27.100000381469727,27.290000915527344,27.040000915527344,27.25,21.847623825073242,52167700
2013-01-22,27.299999237060547,27.450000762939453,27.0,27.149999618530273,21.767438888549805,58650600
2013-01-23,27.200000762939453,27.639999389648438,27.200000762939453,27.610000610351562,22.13625144958496,50387700
2013-01-24,27.700000762939453,28.06999969482422,27.469999313354492,27.6299991607666,22.152284622192383,101739300
2013-01-25,27.579999923706055,28.229999542236328,27.389999389648438,27.8799991607666,22.352720260620117,81847700
2013-01-28,28.010000228881836,28.229999542236328,27.760000228881836,27.90999984741211,22.376773834228516,56056500
2013-01-29,27.81999969482422,28.1299991607666,27.600000381469727,28.010000228881836,22.456954956054688,49242600
2013-01-30,28.010000228881836,28.190000534057617,27.760000228881836,27.850000381469727,22.32866668701172,43580500
2013-01-31,27.790000915527344,27.969999313354492,27.399999618530273,27.450000762939453,22.00797462463379,50530000
2013-02-01,27.670000076293945,28.049999237060547,27.549999237060547,27.93000030517578,22.39280891418457,55565900
2013-02-04,27.8700008392334,28.020000457763672,27.420000076293945,27.440000534057617,21.999950408935547,50540000
2013-02-05,27.6200008392334,27.65999984741211,27.360000610351562,27.5,22.048063278198242,35410400
2013-02-06,27.3799991607666,27.540000915527344,27.25,27.34000015258789,21.91977310180664,41889600
2013-02-07,27.350000381469727,27.389999389648438,27.100000381469727,27.280000686645508,21.871671676635742,38028300
2013-02-08,27.350000381469727,27.709999084472656,27.309999465942383,27.549999237060547,22.08814239501953,33318500
2013-02-11,27.649999618530273,27.920000076293945,27.5,27.860000610351562,22.336688995361328,32247700
2013-02-12,27.8799991607666,28.0,27.75,27.8799991607666,22.352720260620117,35990900
2013-02-13,27.93000030517578,28.110000610351562,27.8799991607666,28.030000686645508,22.472980499267578,41715600
2013-02-14,27.920000076293945,28.059999465942383,27.8700008392334,28.040000915527344,22.48099708557129,32663200
2013-02-15,28.040000915527344,28.15999984741211,27.8799991607666,28.010000228881836,22.456954956054688,49650900
2013-02-19,27.8799991607666,28.09000015258789,27.799999237060547,28.049999237060547,22.67521095275879,38781400
2013-02-20,28.1299991607666,28.200000762939453,27.829999923706055,27.8700008392334,22.52970314025879,44110200
2013-02-21,27.739999771118164,27.739999771118164,27.229999542236328,27.489999771118164,22.222515106201172,49078500
2013-02-22,27.68000030517578,27.760000228881836,27.479999542236328,27.760000228881836,22.440778732299805,31425900
2013-02-25,27.969999313354492,28.049999237060547,27.3700008392334,27.3700008392334,22.12550926208496,48011800
2013-02-26,27.3799991607666,27.600000381469727,27.34000015258789,27.3700008392334,22.12550926208496,49923300
2013-02-27,27.420000076293945,28.0,27.329999923706055,27.809999465942383,22.481201171875,36394700
2013-02-28,27.8799991607666,27.969999313354492,27.739999771118164,27.799999237060547,22.473115921020508,35840200
2013-03-01,27.719999313354492,27.979999542236328,27.520000457763672,27.950000762939453,22.59437370300293,34849700
2013-03-04,27.850000381469727,28.149999618530273,27.700000762939453,28.149999618530273,22.75604820251465,38157500
2013-03-05,28.290000915527344,28.540000915527344,28.15999984741211,28.350000381469727,22.917728424072266,41432200
2013-03-06,28.209999084472656,28.229999542236328,27.780000686645508,28.09000015258789,22.707542419433594,51448500
2013-03-07,28.110000610351562,28.280000686645508,28.010000228881836,28.139999389648438,22.747968673706055,29196700
2013-03-08,28.25,28.329999923706055,27.959999084472656,28.0,22.634788513183594,37667800
2013-03-11,27.940000534057617,27.969999313354492,27.670000076293945,27.8700008392334,22.52970314025879,36627500
2013-03-12,27.84000015258789,27.950000762939453,27.639999389648438,27.90999984741211,22.562042236328125,39255200
2013-03-13,27.8700008392334,28.020000457763672,27.75,27.920000076293945,22.570117950439453,29093400
2013-03-14,28.0,28.15999984741211,27.93000030517578,28.139999389648438,22.747968673706055,55914800
2013-03-15,28.030000686645508,28.15999984741211,27.979999542236328,28.040000915527344,22.667125701904297,92710300
2013-03-18,27.8799991607666,28.280000686645508,27.809999465942383,28.100000381469727,22.71563720703125,44809400
2013-03-19,28.1200008392334,28.219999313354492,28.030000686645508,28.18000030517578,22.78030014038086,51901600
2013-03-20,28.34000015258789,28.489999771118164,28.18000030517578,28.31999969482422,22.893470764160156,35447800
2013-03-21,28.110000610351562,28.360000610351562,28.049999237060547,28.110000610351562,22.723712921142578,34233200
2013-03-22,28.190000534057617,28.34000015258789,28.100000381469727,28.25,22.836891174316406,28720900
2013-03-25,28.299999237060547,28.350000381469727,27.959999084472656,28.15999984741211,22.764131546020508,44154000
2013-03-26,28.239999771118164,28.34000015258789,28.110000610351562,28.15999984741211,22.764131546020508,27824300
2013-03-27,28.139999389648438,28.450000762939453,28.079999923706055,28.3700008392334,22.933895111083984,36047400
2013-03-28,28.31999969482422,28.65999984741211,28.260000228881836,28.610000610351562,23.12791633605957,55453800
2013-04-01,28.639999389648438,28.65999984741211,28.360000610351562,28.610000610351562,23.12791633605957,29201100
2013-04-02,28.59000015258789,28.850000381469727,28.520000457763672,28.799999237060547,23.28150749206543,28456500
2013-04-03,28.75,28.950000762939453,28.540000915527344,28.559999465942383,23.087491989135742,35062800
2013-04-04,28.389999389648438,28.610000610351562,28.270000457763672,28.600000381469727,23.11982536315918,45263200
2013-04-05,28.219999313354492,28.780000686645508,28.110000610351562,28.700000762939453,23.200664520263672,50927300
2013-04-08,28.729999542236328,28.729999542236328,28.469999313354492,28.59000015258789,23.11174201965332,34759500
2013-04-09,28.729999542236328,29.81999969482422,28.68000030517578,29.610000610351562,23.93629264831543,77733800
2013-04-10,29.56999969482422,30.31999969482422,29.520000457763672,30.280000686645508,24.47791290283203,71116700
2013-04-11,29.100000381469727,29.200000762939453,28.729999542236328,28.940000534057617,23.39468002319336,130923200
2013-04-12,28.850000381469727,29.020000457763672,28.65999984741211,28.790000915527344,23.27341079711914,62886300
2013-04-15,28.649999618530273,28.979999542236328,28.510000228881836,28.690000534057617,23.19257926940918,56332900
2013-04-16,28.899999618530273,29.139999389648438,28.700000762939453,28.969999313354492,23.418928146362305,52797300
2013-04-17,28.850000381469727,29.040000915527344,28.600000381469727,28.829999923706055,23.30575180053711,52840700
2013-04-18,28.950000762939453,28.979999542236328,28.5,28.790000915527344,23.27341079711914,56906600
2013-04-19,29.6200008392334,30.239999771118164,29.610000610351562,29.770000457763672,24.06563949584961,99790700
2013-04-22,30.299999237060547,31.18000030517578,30.270000457763672,30.829999923706055,24.92251968383789,137904000
2013-04-23,30.700000762939453,30.899999618530273,30.3799991607666,30.600000381469727,24.73659324645996,59126900
2013-04-24,30.6200008392334,31.920000076293945,30.600000381469727,31.760000228881836,25.674325942993164,90946600
2013-04-25,31.709999084472656,32.84000015258789,31.540000915527344,31.940000534057617,25.81983757019043,110700200
2013-04-26,31.899999618530273,31.979999542236328,31.450000762939453,31.790000915527344,25.69856834411621,47799300
2013-04-29,31.799999237060547,32.68000030517578,31.770000457763672,32.61000061035156,26.3614501953125,59116400
2013-04-30,32.560001373291016,33.11000061035156,32.279998779296875,33.099998474121094,26.757558822631836,75165200
2013-05-01,32.93000030517578,33.08000183105469,32.599998474121094,32.720001220703125,26.45036506652832,54330900
2013-05-02,32.630001068115234,33.16999816894531,32.38999938964844,33.15999984741211,26.806068420410156,46059500
2013-05-03,33.22999954223633,33.52000045776367,33.08000183105469,33.4900016784668,27.072832107543945,46784600
2013-05-06,33.41999816894531,33.90999984741211,33.25,33.75,27.283002853393555,40978300
2013-05-07,33.650001525878906,33.790000915527344,33.2400016784668,33.310001373291016,26.927326202392578,43078300
2013-05-08,33.06999969482422,33.2400016784668,32.650001525878906,32.9900016784668,26.668630599975586,51595700
2013-05-09,32.849998474121094,33.0,32.59000015258789,32.65999984741211,26.401870727539062,46417800
2013-05-10,32.66999816894531,32.720001220703125,32.31999969482422,32.689998626708984,26.42611312866211,36394900
2013-05-13,32.61000061035156,33.06999969482422,32.54999923706055,33.029998779296875,26.700969696044922,36027600
2013-05-14,32.86000061035156,33.529998779296875,32.79999923706055,33.529998779296875,27.295228958129883,56870100
2013-05-15,33.45000076293945,33.900001525878906,33.43000030517578,33.849998474121094,27.555734634399414,46303900
2013-05-16,33.63999938964844,34.150001525878906,33.54999923706055,34.08000183105469,27.742956161499023,59382900
2013-05-17,34.130001068115234,34.869998931884766,34.099998474121094,34.869998931884766,28.386058807373047,60666700
2013-05-20,34.72999954223633,35.099998474121094,34.68000030517578,35.08000183105469,28.557010650634766,54020800
2013-05-21,35.099998474121094,35.27000045776367,34.720001220703125,34.849998474121094,28.369775772094727,48702400
2013-05-22,34.790000915527344,34.84000015258789,34.36000061035156,34.61000061035156,28.17441749572754,66047500
2013-05-23,34.22999954223633,34.54999923706055,33.900001525878906,34.150001525878906,27.79995346069336,51102700
2013-05-24,33.91999816894531,34.279998779296875,33.900001525878906,34.27000045776367,27.897624969482422,33174400
2013-05-28,34.41999816894531,35.18000030517578,34.40999984741211,35.02000045776367,28.5081729888916,48212100
2013-05-29,34.7400016784668,35.02000045776367,34.56999969482422,34.880001068115234,28.394208908081055,38412200
2013-05-30,34.849998474121094,35.25,34.810001373291016,35.029998779296875,28.516319274902344,51131000
2013-05-31,34.81999969482422,35.279998779296875,34.790000915527344,34.900001525878906,28.41048240661621,56165700
2013-06-03,34.91999816894531,35.630001068115234,34.83000183105469,35.59000015258789,28.972183227539062,51252600
2013-06-04,35.619998931884766,35.7400016784668,34.77000045776367,34.9900016784668,28.48374366760254,65529500
2013-06-05,34.599998474121094,34.88999938964844,34.43000030517578,34.779998779296875,28.31279945373535,46025100
2013-06-06,34.84000015258789,35.11000061035156,34.4900016784668,34.959999084472656,28.459325790405273,37618500
2013-06-07,35.25,35.779998779296875,35.060001373291016,35.66999816894531,29.03730583190918,40757300
2013-06-10,35.5099983215332,35.650001525878906,35.13999938964844,35.470001220703125,28.87449073791504,35994500
2013-06-11,35.04999923706055,35.18000030517578,34.68000030517578,34.84000015258789,28.361635208129883,39435900
2013-06-12,35.13999938964844,35.27000045776367,34.849998474121094,35.0,28.491891860961914,37372700
2013-06-13,34.9900016784668,35.02000045776367,34.59000015258789,34.720001220703125,28.263954162597656,45654900
2013-06-14,34.54999923706055,34.689998626708984,34.25,34.400001525878906,28.003456115722656,53192600
2013-06-17,34.689998626708984,35.15999984741211,34.630001068115234,35.0,28.491891860961914,49670100
2013-06-18,34.970001220703125,35.16999816894531,34.900001525878906,34.97999954223633,28.475608825683594,28616500
2013-06-19,34.959999084472656,35.09000015258789,34.59000015258789,34.59000015258789,28.158124923706055,30816200
2013-06-20,34.2599983215332,34.33000183105469,33.369998931884766,33.4900016784668,27.26266860961914,54493700
2013-06-21,33.65999984741211,33.72999954223633,33.04999923706055,33.27000045776367,27.083576202392578,85338500
2013-06-24,32.939998626708984,34.20000076293945,32.56999969482422,33.720001220703125,27.44990348815918,56109000
2013-06-25,34.08000183105469,34.380001068115234,33.459999084472656,33.66999816894531,27.409204483032227,44073400
2013-06-26,34.119998931884766,34.47999954223633,33.88999938964844,34.349998474121094,27.962745666503906,48665900
2013-06-27,34.52000045776367,34.779998779296875,34.5,34.619998931884766,28.182546615600586,28993100
2013-06-28,34.380001068115234,34.790000915527344,34.34000015258789,34.540000915527344,28.117427825927734,65545500
2013-07-01,34.75,34.9900016784668,34.33000183105469,34.36000061035156,27.970897674560547,31055400
2013-07-02,34.40999984741211,34.439998626708984,33.630001068115234,33.939998626708984,27.62898826599121,37630000
2013-07-03,33.65999984741211,34.369998931884766,33.599998474121094,34.0099983215332,27.685964584350586,15994400
2013-07-05,34.09000015258789,34.2400016784668,33.58000183105469,34.209999084472656,27.848791122436523,26085900
2013-07-08,34.349998474121094,34.59000015258789,33.97999954223633,34.33000183105469,27.946475982666016,32396900
2013-07-09,34.58000183105469,34.599998474121094,34.13999938964844,34.349998474121094,27.962745666503906,25318500
2013-07-10,34.34000015258789,34.810001373291016,34.31999969482422,34.70000076293945,28.247678756713867,29658800
2013-07-11,35.0,35.77000045776367,34.900001525878906,35.689998626708984,29.053590774536133,53638300
2013-07-12,35.58000183105469,35.72999954223633,35.279998779296875,35.66999816894531,29.03730583190918,35501200
2013-07-15,35.65999984741211,36.220001220703125,35.58000183105469,36.16999816894531,29.444324493408203,34142600
2013-07-16,36.0099983215332,36.43000030517578,35.959999084472656,36.27000045776367,29.525745391845703,36378500
2013-07-17,36.34000015258789,36.38999938964844,35.4900016784668,35.7400016784668,29.094289779663086,37285100
2013-07-18,35.720001220703125,35.88999938964844,35.220001220703125,35.439998626708984,28.850069046020508,49547100
2013-07-19,32.400001525878906,32.66999816894531,31.020000457763672,31.399999618530273,25.561296463012695,248428500
2013-07-22,31.700000762939453,32.0099983215332,31.600000381469727,32.0099983215332,26.057870864868164,79040700
2013-07-23,31.90999984741211,32.040000915527344,31.709999084472656,31.81999969482422,25.903200149536133,65810400
2013-07-24,32.040000915527344,32.189998626708984,31.889999389648438,31.959999084472656,26.01717185974121,52803100
2013-07-25,31.6200008392334,31.649999618530273,31.25,31.389999389648438,25.553157806396484,63213000
2013-07-26,31.260000228881836,31.6200008392334,31.209999084472656,31.6200008392334,25.740385055541992,38633600
2013-07-29,31.469999313354492,31.600000381469727,31.399999618530273,31.540000915527344,25.675260543823242,28870700
2013-07-30,31.780000686645508,32.119998931884766,31.549999237060547,31.850000381469727,25.927621841430664,45799500
2013-07-31,31.969999313354492,32.04999923706055,31.709999084472656,31.84000015258789,25.91948127746582,43898400
2013-08-01,32.060001373291016,32.09000015258789,31.600000381469727,31.670000076293945,25.781091690063477,42557900
2013-08-02,31.690000534057617,31.899999618530273,31.56999969482422,31.889999389648438,25.960182189941406,29199900
2013-08-05,31.899999618530273,32.0,31.639999389648438,31.700000762939453,25.805513381958008,30984000
2013-08-06,31.549999237060547,31.670000076293945,31.3799991607666,31.579999923706055,25.707822799682617,36331500
2013-08-07,31.540000915527344,32.099998474121094,31.25,32.060001373291016,26.098575592041016,38078600
2013-08-08,32.2400016784668,33.06999969482422,32.04999923706055,32.88999938964844,26.774232864379883,59034400
2013-08-09,32.77000045776367,32.900001525878906,32.470001220703125,32.70000076293945,26.619571685791016,26800700
2013-08-12,32.459999084472656,32.970001220703125,32.459999084472656,32.869998931884766,26.757949829101562,25493700
2013-08-13,32.5099983215332,32.54999923706055,32.209999084472656,32.22999954223633,26.421838760375977,39464100
2013-08-14,32.13999938964844,33.36000061035156,31.700000762939453,32.349998474121094,26.520221710205078,48519600
2013-08-15,32.0,32.18000030517578,30.84000015258789,31.790000915527344,26.061126708984375,33338000
2013-08-16,31.790000915527344,31.989999771118164,31.65999984741211,31.799999237060547,26.069334030151367,32866300
2013-08-19,31.760000228881836,31.969999313354492,31.3799991607666,31.389999389648438,25.733219146728516,27902500
2013-08-20,31.440000534057617,31.899999618530273,31.3700008392334,31.6200008392334,25.92176628112793,22979600
2013-08-21,31.610000610351562,32.0099983215332,31.540000915527344,31.610000610351562,25.9135684967041,37409100
2013-08-22,32.189998626708984,32.4900016784668,32.099998474121094,32.38999938964844,26.553010940551758,31169900
2013-08-23,35.16999816894531,35.20000076293945,34.0,34.75,28.487720489501953,225493800
2013-08-26,34.400001525878906,34.66999816894531,34.029998779296875,34.150001525878906,27.995845794677734,72786800
2013-08-27,33.52000045776367,34.099998474121094,33.150001525878906,33.2599983215332,27.266220092773438,58522300
2013-08-28,33.38999938964844,33.599998474121094,33.0,33.02000045776367,27.069473266601562,44257400
2013-08-29,32.93000030517578,33.599998474121094,32.79999923706055,33.54999923706055,27.503963470458984,45284700
2013-08-30,33.369998931884766,33.47999954223633,33.09000015258789,33.400001525878906,27.380996704101562,42790200
2013-09-03,31.75,32.06999969482422,31.290000915527344,31.8799991607666,26.134920120239258,154507000
2013-09-04,31.389999389648438,31.469999313354492,31.110000610351562,31.200000762939453,25.57745361328125,142320600
2013-09-05,31.100000381469727,31.440000534057617,30.950000762939453,31.229999542236328,25.602048873901367,71644900
2013-09-06,31.309999465942383,31.389999389648438,31.1299991607666,31.149999618530273,25.536470413208008,75434900
2013-09-09,31.219999313354492,31.790000915527344,31.200000762939453,31.65999984741211,25.95456886291504,49628500
2013-09-10,31.899999618530273,32.400001525878906,31.790000915527344,32.38999938964844,26.553010940551758,56881200
2013-09-11,32.56999969482422,32.93000030517578,32.529998779296875,32.7400016784668,26.83993911743164,39087500
2013-09-12,32.720001220703125,32.779998779296875,32.59000015258789,32.689998626708984,26.7989444732666,32860200
2013-09-13,32.77000045776367,33.06999969482422,32.5099983215332,33.029998779296875,27.077672958374023,40899000
2013-09-16,33.380001068115234,33.5,32.72999954223633,32.79999923706055,26.889122009277344,52839700
2013-09-17,33.41999816894531,33.470001220703125,32.900001525878906,32.93000030517578,26.995695114135742,84716500
2013-09-18,32.9900016784668,33.400001525878906,32.83000183105469,33.31999969482422,27.31541633605957,64099900
2013-09-19,33.47999954223633,33.68000030517578,33.31999969482422,33.63999938964844,27.577739715576172,42026600
2013-09-20,33.40999984741211,33.47999954223633,32.689998626708984,32.790000915527344,26.880931854248047,102904900
2013-09-23,32.540000915527344,32.970001220703125,32.5,32.7400016784668,26.83993911743164,39826100
2013-09-24,32.869998931884766,32.869998931884766,32.150001525878906,32.45000076293945,26.602188110351562,40685000
2013-09-25,32.4900016784668,32.79999923706055,32.400001525878906,32.5099983215332,26.651384353637695,28907500
2013-09-26,32.63999938964844,33.0,32.59000015258789,32.77000045776367,26.864526748657227,28504000
2013-09-27,32.880001068115234,33.75,32.869998931884766,33.27000045776367,27.274412155151367,55348000
2013-09-30,33.0,33.310001373291016,32.70000076293945,33.279998779296875,27.282625198364258,39839500
2013-10-01,33.349998474121094,33.61000061035156,33.29999923706055,33.58000183105469,27.528564453125,36718700
2013-10-02,33.36000061035156,34.029998779296875,33.290000915527344,33.91999816894531,27.807287216186523,46946800
2013-10-03,33.880001068115234,34.0,33.41999816894531,33.86000061035156,27.75810432434082,38703800
2013-10-04,33.689998626708984,33.9900016784668,33.619998931884766,33.880001068115234,27.77449607849121,33008100
2013-10-07,33.599998474121094,33.709999084472656,33.20000076293945,33.29999923706055,27.29901695251465,35069300
2013-10-08,33.310001373291016,33.33000183105469,32.79999923706055,33.0099983215332,27.061279296875,41017600
2013-10-09,33.06999969482422,33.349998474121094,32.959999084472656,33.06999969482422,27.110458374023438,35878600
2013-10-10,33.310001373291016,33.88999938964844,33.2599983215332,33.7599983215332,27.676116943359375,42875100
2013-10-11,33.68000030517578,34.13999938964844,33.68000030517578,34.130001068115234,27.97944450378418,30033300
2013-10-14,33.900001525878906,34.5,33.779998779296875,34.45000076293945,28.241779327392578,27757900
2013-10-15,34.66999816894531,34.9900016784668,34.470001220703125,34.4900016784668,28.274572372436523,47097800
2013-10-16,34.599998474121094,34.900001525878906,34.560001373291016,34.63999938964844,28.39752769470215,35111600
2013-10-17,34.45000076293945,34.9900016784668,34.369998931884766,34.91999816894531,28.627071380615234,31359200
2013-10-18,34.81999969482422,34.9900016784668,34.33000183105469,34.959999084472656,28.65986442565918,41811700
2013-10-21,34.97999954223633,35.20000076293945,34.90999984741211,34.9900016784668,28.684459686279297,27433500
2013-10-22,35.02000045776367,35.099998474121094,34.52000045776367,34.58000183105469,28.348342895507812,40438500
2013-10-23,34.349998474121094,34.4900016784668,33.66999816894531,33.7599983215332,27.676116943359375,58600500
2013-10-24,33.81999969482422,34.099998474121094,33.56999969482422,33.720001220703125,27.643329620361328,53209700
2013-10-25,35.880001068115234,36.290000915527344,35.470001220703125,35.72999954223633,29.291112899780273,113494000
2013-10-28,35.61000061035156,35.72999954223633,35.27000045776367,35.56999969482422,29.159950256347656,38383600
2013-10-29,35.630001068115234,35.720001220703125,35.2599983215332,35.52000045776367,29.118959426879883,31702200
2013-10-30,35.529998779296875,35.790000915527344,35.43000030517578,35.540000915527344,29.135356903076172,36997700
2013-10-31,35.65999984741211,35.689998626708984,35.34000015258789,35.40999984741211,29.028776168823242,41682300
2013-11-01,35.66999816894531,35.689998626708984,35.38999938964844,35.529998779296875,29.12716293334961,40264600
2013-11-04,35.59000015258789,35.97999954223633,35.54999923706055,35.939998626708984,29.463272094726562,28060700
2013-11-05,35.790000915527344,36.709999084472656,35.77000045776367,36.63999938964844,30.037118911743164,51681900
2013-11-06,37.2400016784668,38.220001220703125,37.060001373291016,38.18000030517578,31.299592971801758,88948800
2013-11-07,37.959999084472656,38.0099983215332,37.43000030517578,37.5,30.74213981628418,60437400
2013-11-08,37.66999816894531,37.779998779296875,37.34000015258789,37.779998779296875,30.971664428710938,36737800
2013-11-11,37.689998626708984,37.779998779296875,37.349998474121094,37.59000015258789,30.815927505493164,26872500
2013-11-12,37.380001068115234,37.599998474121094,37.20000076293945,37.36000061035156,30.627370834350586,31651600
2013-11-13,36.97999954223633,38.15999984741211,36.900001525878906,38.15999984741211,31.283199310302734,44957600
2013-11-14,37.869998931884766,38.130001068115234,37.720001220703125,38.02000045776367,31.168426513671875,46183700
2013-11-15,37.95000076293945,38.02000045776367,37.720001220703125,37.84000015258789,31.0208683013916,50601300
2013-11-18,37.349998474121094,37.58000183105469,37.06999969482422,37.20000076293945,30.496200561523438,53277500
2013-11-19,36.849998474121094,37.22999954223633,36.66999816894531,36.7400016784668,30.34750747680664,44275000
2013-11-20,36.91999816894531,37.40999984741211,36.86000061035156,37.08000183105469,30.628358840942383,32229900
2013-11-21,37.27000045776367,37.529998779296875,37.2599983215332,37.400001525878906,30.892675399780273,23064700
2013-11-22,37.529998779296875,37.68000030517578,37.33000183105469,37.56999969482422,31.03311538696289,27982000
2013-11-25,37.93000030517578,37.95000076293945,37.56999969482422,37.63999938964844,31.09092140197754,30646800
2013-11-26,37.56999969482422,37.650001525878906,37.349998474121094,37.349998474121094,30.851388931274414,34465300
2013-11-27,37.56999969482422,37.7599983215332,37.4900016784668,37.599998474121094,31.05788230895996,26002100
2013-11-29,37.81999969482422,38.290000915527344,37.81999969482422,38.130001068115234,31.495685577392578,22090400
2013-12-02,38.09000015258789,38.779998779296875,38.060001373291016,38.45000076293945,31.759998321533203,42950400
2013-12-03,38.13999938964844,38.4900016784668,38.08000183105469,38.310001373291016,31.64436149597168,52109800
2013-12-04,38.209999084472656,38.97999954223633,38.119998931884766,38.939998626708984,32.16473388671875,51983600
2013-12-05,38.849998474121094,38.880001068115234,37.18000030517578,38.0,31.388290405273438,116305000
2013-12-06,38.41999816894531,38.54999923706055,37.9900016784668,38.36000061035156,31.685657501220703,36457300
2013-12-09,38.560001373291016,38.869998931884766,38.369998931884766,38.709999084472656,31.974746704101562,30286000
2013-12-10,38.61000061035156,38.900001525878906,38.02000045776367,38.11000061035156,31.47915267944336,37828600
2013-12-11,38.060001373291016,38.29999923706055,37.38999938964844,37.61000061035156,31.0661563873291,39853400
2013-12-12,37.63999938964844,37.63999938964844,37.18000030517578,37.220001220703125,30.744001388549805,36012800
2013-12-13,37.41999816894531,37.45000076293945,36.619998931884766,36.689998626708984,30.30621910095215,40066100
2013-12-16,36.72999954223633,37.0,36.540000915527344,36.88999938964844,30.471420288085938,31734200
2013-12-17,36.939998626708984,37.11000061035156,36.33000183105469,36.52000045776367,30.16580581665039,45687700
2013-12-18,36.36000061035156,36.599998474121094,35.529998779296875,36.58000183105469,30.21535301208496,63192100
2013-12-19,36.5099983215332,36.54999923706055,36.08000183105469,36.25,29.94277572631836,34160100
2013-12-20,36.20000076293945,36.93000030517578,36.189998626708984,36.79999923706055,30.397075653076172,62649100
2013-12-23,36.810001373291016,36.88999938964844,36.54999923706055,36.619998931884766,30.248390197753906,25128700
2013-12-24,36.720001220703125,37.16999816894531,36.63999938964844,37.08000183105469,30.628358840942383,14243000
2013-12-26,37.20000076293945,37.4900016784668,37.16999816894531,37.439998626708984,30.92572593688965,17612800
2013-12-27,37.58000183105469,37.619998931884766,37.16999816894531,37.290000915527344,30.801834106445312,14563000
2013-12-30,37.220001220703125,37.380001068115234,36.900001525878906,37.290000915527344,30.801834106445312,16290500
2013-12-31,37.400001525878906,37.58000183105469,37.220001220703125,37.40999984741211,30.900938034057617,17503500
2014-01-02,37.349998474121094,37.400001525878906,37.099998474121094,37.15999984741211,30.694440841674805,30632200
2014-01-03,37.20000076293945,37.220001220703125,36.599998474121094,36.90999984741211,30.48793601989746,31134800
2014-01-06,36.849998474121094,36.88999938964844,36.11000061035156,36.130001068115234,29.843650817871094,43603700
2014-01-07,36.33000183105469,36.4900016784668,36.209999084472656,36.40999984741211,30.074941635131836,35802800
2014-01-08,36.0,36.13999938964844,35.58000183105469,35.7599983215332,29.53803825378418,59971700
2014-01-09,35.880001068115234,35.90999984741211,35.400001525878906,35.529998779296875,29.348060607910156,36516300
2014-01-10,35.900001525878906,36.150001525878906,35.75,36.040000915527344,29.76931381225586,40548800
2014-01-13,35.9900016784668,36.02000045776367,34.83000183105469,34.97999954223633,28.89374542236328,45901900
2014-01-14,34.72999954223633,35.880001068115234,34.630001068115234,35.779998779296875,29.554548263549805,41623300
2014-01-15,35.900001525878906,36.790000915527344,35.849998474121094,36.7599983215332,30.364036560058594,44812600
2014-01-16,36.689998626708984,37.0,36.310001373291016,36.88999938964844,30.471420288085938,38018700
2014-01-17,36.83000183105469,36.83000183105469,36.150001525878906,36.380001068115234,30.050155639648438,46267500
2014-01-21,36.81999969482422,36.81999969482422,36.060001373291016,36.16999816894531,29.87668228149414,31567300
2014-01-22,36.2599983215332,36.31999969482422,35.75,35.93000030517578,29.678457260131836,21904300
2014-01-23,36.09000015258789,36.130001068115234,35.52000045776367,36.060001373291016,29.785837173461914,43954000
2014-01-24,37.45000076293945,37.54999923706055,36.529998779296875,36.810001373291016,30.405330657958984,76395500
2014-01-27,36.869998931884766,36.88999938964844,35.97999954223633,36.029998779296875,29.761043548583984,44420800
2014-01-28,36.119998931884766,36.38999938964844,35.75,36.27000045776367,29.959293365478516,36205500
2014-01-29,35.97999954223633,36.880001068115234,35.900001525878906,36.65999984741211,30.281435012817383,52745900
2014-01-30,36.790000915527344,36.880001068115234,36.22999954223633,36.86000061035156,30.446619033813477,35036300
2014-01-31,36.95000076293945,37.88999938964844,36.560001373291016,37.84000015258789,31.25612449645996,93162300
2014-02-03,37.7400016784668,37.9900016784668,36.43000030517578,36.47999954223633,30.13275718688965,64063100
2014-02-04,36.970001220703125,37.189998626708984,36.25,36.349998474121094,30.025373458862305,54697900
2014-02-05,36.290000915527344,36.470001220703125,35.79999923706055,35.81999969482422,29.587583541870117,55814400
2014-02-06,35.79999923706055,36.25,35.689998626708984,36.18000030517578,29.884960174560547,35351800
2014-02-07,36.31999969482422,36.59000015258789,36.0099983215332,36.560001373291016,30.19882583618164,33260500
2014-02-10,36.630001068115234,36.79999923706055,36.290000915527344,36.79999923706055,30.397075653076172,26767000
2014-02-11,36.880001068115234,37.2599983215332,36.86000061035156,37.16999816894531,30.702714920043945,32141400
2014-02-12,37.349998474121094,37.599998474121094,37.29999923706055,37.470001220703125,30.95050811767578,27051800
2014-02-13,37.33000183105469,37.86000061035156,37.33000183105469,37.61000061035156,31.0661563873291,37635500
2014-02-14,37.38999938964844,37.779998779296875,37.33000183105469,37.619998931884766,31.07440948486328,31407500
2014-02-18,37.630001068115234,37.779998779296875,37.40999984741211,37.41999816894531,31.14098358154297,32834000
2014-02-19,37.220001220703125,37.75,37.209999084472656,37.5099983215332,31.21587562561035,29750400
2014-02-20,37.56999969482422,37.869998931884766,37.400001525878906,37.75,31.41561508178711,27526100
2014-02-21,37.939998626708984,38.349998474121094,37.86000061035156,37.97999954223633,31.60701560974121,38021300
2014-02-24,37.689998626708984,37.97999954223633,37.540000915527344,37.689998626708984,31.36566925048828,32085100
2014-02-25,37.61000061035156,37.849998474121094,37.349998474121094,37.540000915527344,31.240842819213867,30736500
2014-02-26,37.58000183105469,37.7400016784668,37.189998626708984,37.470001220703125,31.18259620666504,41041800
2014-02-27,37.45000076293945,37.88999938964844,37.22999954223633,37.86000061035156,31.507158279418945,33903400
2014-02-28,37.97999954223633,38.459999084472656,37.81999969482422,38.310001373291016,31.88164520263672,41215000
2014-03-03,37.91999816894531,38.130001068115234,37.4900016784668,37.779998779296875,31.440561294555664,29717500
2014-03-04,38.20000076293945,38.47999954223633,38.06999969482422,38.40999984741211,31.96485710144043,26802400
2014-03-05,38.25,38.27000045776367,37.93000030517578,38.11000061035156,31.7152042388916,20520100
2014-03-06,38.13999938964844,38.2400016784668,37.88999938964844,38.150001525878906,31.74848747253418,23582200
2014-03-07,38.279998779296875,38.36000061035156,37.689998626708984,37.900001525878906,31.540433883666992,26591600
2014-03-10,37.9900016784668,38.0099983215332,37.720001220703125,37.81999969482422,31.47385025024414,19006600
2014-03-11,37.869998931884766,38.22999954223633,37.720001220703125,38.02000045776367,31.640302658081055,25216400
2014-03-12,37.79999923706055,38.43000030517578,37.790000915527344,38.27000045776367,31.848358154296875,30494100
2014-03-13,38.41999816894531,38.45000076293945,37.63999938964844,37.88999938964844,31.53211212158203,32169700
2014-03-14,37.650001525878906,38.13999938964844,37.5099983215332,37.70000076293945,31.374008178710938,27195600
2014-03-17,37.900001525878906,38.40999984741211,37.790000915527344,38.04999923706055,31.665273666381836,20479600
2014-03-18,38.2599983215332,39.900001525878906,38.220001220703125,39.54999923706055,32.91355895996094,64063900
2014-03-19,39.470001220703125,39.54999923706055,38.90999984741211,39.27000045776367,32.680538177490234,35597200
2014-03-20,39.25,40.650001525878906,39.2400016784668,40.33000183105469,33.56268310546875,59269800
2014-03-21,40.720001220703125,40.939998626708984,40.0099983215332,40.15999984741211,33.42123031616211,80721800
2014-03-24,40.34000015258789,40.63999938964844,39.86000061035156,40.5,33.704158782958984,46098400
2014-03-25,40.65999984741211,40.9900016784668,39.959999084472656,40.34000015258789,33.571022033691406,43193100
2014-03-26,40.47999954223633,40.709999084472656,39.599998474121094,39.790000915527344,33.113311767578125,41977500
2014-03-27,39.7400016784668,39.970001220703125,39.34000015258789,39.36000061035156,32.755455017089844,35369200
2014-03-28,39.790000915527344,40.63999938964844,39.68000030517578,40.29999923706055,33.5377311706543,43472700
2014-03-31,40.43000030517578,41.5,40.400001525878906,40.9900016784668,34.1119384765625,46886300
2014-04-01,41.150001525878906,41.59000015258789,41.06999969482422,41.41999816894531,34.469783782958984,32605000
2014-04-02,41.439998626708984,41.65999984741211,41.16999816894531,41.349998474121094,34.41151809692383,28666700
2014-04-03,41.290000915527344,41.290000915527344,40.709999084472656,41.0099983215332,34.128578186035156,30139600
2014-04-04,41.25,41.38999938964844,39.63999938964844,39.869998931884766,33.17987823486328,51409600
2014-04-07,39.959999084472656,40.27000045776367,39.7400016784668,39.79999923706055,33.12162399291992,37559600
2014-04-08,39.75,39.93000030517578,39.20000076293945,39.81999969482422,33.13825988769531,35918600
2014-04-09,39.93000030517578,40.54999923706055,39.880001068115234,40.470001220703125,33.6792106628418,27398700
2014-04-10,40.439998626708984,40.689998626708984,39.09000015258789,39.36000061035156,32.755455017089844,45960800
2014-04-11,39.0,39.790000915527344,39.0,39.209999084472656,32.63062286376953,34330200
2014-04-14,39.11000061035156,39.40999984741211,38.900001525878906,39.18000030517578,32.60565185546875,32006600
2014-04-15,39.34000015258789,39.959999084472656,39.04999923706055,39.75,33.08000946044922,33968700
2014-04-16,40.060001373291016,40.41999816894531,39.90999984741211,40.400001525878906,33.620941162109375,30615800
2014-04-17,40.0099983215332,40.20000076293945,39.5099983215332,40.0099983215332,33.296382904052734,36688400
2014-04-21,40.130001068115234,40.150001525878906,39.790000915527344,39.939998626708984,33.23812484741211,22221200
2014-04-22,39.959999084472656,40.13999938964844,39.83000183105469,39.9900016784668,33.27973937988281,27056700
2014-04-23,39.9900016784668,39.9900016784668,39.470001220703125,39.689998626708984,33.030067443847656,24602800
2014-04-24,39.7400016784668,39.970001220703125,39.29999923706055,39.86000061035156,33.17154312133789,42381600
2014-04-25,40.290000915527344,40.68000030517578,39.75,39.90999984741211,33.213157653808594,56876800
2014-04-28,40.13999938964844,41.290000915527344,40.09000015258789,40.869998931884766,34.01206970214844,50610200
2014-04-29,41.099998474121094,41.189998626708984,40.38999938964844,40.5099983215332,33.71247482299805,29636200
2014-04-30,40.400001525878906,40.5,40.16999816894531,40.400001525878906,33.620941162109375,35458700
2014-05-01,40.2400016784668,40.36000061035156,39.95000076293945,40.0,33.28806686401367,28787400
2014-05-02,40.310001373291016,40.34000015258789,39.65999984741211,39.689998626708984,33.030067443847656,43416600
2014-05-05,39.52000045776367,39.63999938964844,39.29999923706055,39.43000030517578,32.81370544433594,22460900
2014-05-06,39.290000915527344,39.349998474121094,38.95000076293945,39.060001373291016,32.50578689575195,27112400
2014-05-07,39.220001220703125,39.5099983215332,38.5099983215332,39.41999816894531,32.80538558959961,41744500
2014-05-08,39.34000015258789,39.900001525878906,38.970001220703125,39.63999938964844,32.988468170166016,32120400
2014-05-09,39.540000915527344,39.849998474121094,39.369998931884766,39.540000915527344,32.90523910522461,29647600
2014-05-12,39.7400016784668,40.02000045776367,39.650001525878906,39.970001220703125,33.263092041015625,22782600
2014-05-13,39.91999816894531,40.5,39.849998474121094,40.41999816894531,33.87488555908203,27004800
2014-05-14,40.29999923706055,40.45000076293945,40.04999923706055,40.2400016784668,33.72404098510742,18818700
2014-05-15,40.09000015258789,40.400001525878906,39.5099983215332,39.599998474121094,33.18766784667969,37793200
2014-05-16,39.66999816894531,39.84000015258789,39.27000045776367,39.83000183105469,33.38042449951172,29867100
2014-05-19,39.61000061035156,39.81999969482422,39.459999084472656,39.75,33.313377380371094,24537400
2014-05-20,39.68000030517578,39.939998626708984,39.459999084472656,39.68000030517578,33.25470733642578,21320900
2014-05-21,39.79999923706055,40.349998474121094,39.7400016784668,40.349998474121094,33.81623077392578,22398700
2014-05-22,40.290000915527344,40.349998474121094,39.849998474121094,40.099998474121094,33.6067008972168,20201800
2014-05-23,40.369998931884766,40.369998931884766,40.0,40.119998931884766,33.62347412109375,18020000
2014-05-27,40.2599983215332,40.2599983215332,39.810001373291016,40.189998626708984,33.68212127685547,26160600
2014-05-28,40.13999938964844,40.189998626708984,39.81999969482422,40.0099983215332,33.53127670288086,25711500
2014-05-29,40.150001525878906,40.349998474121094,39.90999984741211,40.34000015258789,33.80785369873047,19888200
2014-05-30,40.45000076293945,40.970001220703125,40.25,40.939998626708984,34.31068801879883,34567600
2014-06-02,40.95000076293945,41.09000015258789,40.68000030517578,40.790000915527344,34.18496322631836,18504300
2014-06-03,40.599998474121094,40.68000030517578,40.25,40.290000915527344,33.765933990478516,18068900
2014-06-04,40.209999084472656,40.369998931884766,39.86000061035156,40.31999969482422,33.79108428955078,23209000
2014-06-05,40.59000015258789,41.25,40.400001525878906,41.209999084472656,34.53696060180664,31865200
2014-06-06,41.47999954223633,41.65999984741211,41.2400016784668,41.47999954223633,34.763248443603516,24060500
2014-06-09,41.38999938964844,41.47999954223633,41.02000045776367,41.27000045776367,34.58725357055664,15019200
2014-06-10,41.029998779296875,41.15999984741211,40.86000061035156,41.11000061035156,34.45314407348633,15117700
2014-06-11,40.93000030517578,41.06999969482422,40.77000045776367,40.86000061035156,34.243648529052734,18040000
2014-06-12,40.810001373291016,40.880001068115234,40.290000915527344,40.58000183105469,34.00898742675781,29818900
2014-06-13,41.099998474121094,41.56999969482422,40.86000061035156,41.22999954223633,34.55373764038086,26310000
2014-06-16,41.040000915527344,41.61000061035156,41.040000915527344,41.5,34.78000259399414,24205300
2014-06-17,41.290000915527344,41.90999984741211,40.34000015258789,41.68000030517578,34.930870056152344,22518600
2014-06-18,41.61000061035156,41.7400016784668,41.18000030517578,41.650001525878906,34.905704498291016,27097000
2014-06-19,41.56999969482422,41.77000045776367,41.33000183105469,41.5099983215332,34.788387298583984,19828200
2014-06-20,41.45000076293945,41.83000183105469,41.380001068115234,41.68000030517578,34.930870056152344,47764900
2014-06-23,41.72999954223633,42.0,41.689998626708984,41.9900016784668,35.19066619873047,18743900
2014-06-24,41.83000183105469,41.939998626708984,41.560001373291016,41.75,34.9895133972168,26509100
2014-06-25,41.70000076293945,42.04999923706055,41.459999084472656,42.029998779296875,35.224178314208984,20049100
2014-06-26,41.93000030517578,41.939998626708984,41.43000030517578,41.720001220703125,34.96438217163086,23604400
2014-06-27,41.61000061035156,42.290000915527344,41.5099983215332,42.25,35.408573150634766,74640000
2014-06-30,42.16999816894531,42.209999084472656,41.70000076293945,41.70000076293945,34.9476203918457,30793100
2014-07-01,41.86000061035156,42.150001525878906,41.689998626708984,41.869998931884766,35.090091705322266,26917000
2014-07-02,41.72999954223633,41.900001525878906,41.529998779296875,41.900001525878906,35.115230560302734,20208100
2014-07-03,41.90999984741211,41.9900016784668,41.560001373291016,41.79999923706055,35.03143310546875,15969300
2014-07-07,41.75,42.119998931884766,41.709999084472656,41.9900016784668,35.19066619873047,21952400
2014-07-08,41.869998931884766,42.0,41.61000061035156,41.779998779296875,35.014671325683594,31218200
2014-07-09,41.97999954223633,41.9900016784668,41.529998779296875,41.66999816894531,34.92247009277344,18445900
2014-07-10,41.369998931884766,42.0,41.04999923706055,41.689998626708984,34.939239501953125,21854700
2014-07-11,41.70000076293945,42.09000015258789,41.47999954223633,42.09000015258789,35.27446746826172,24083000
2014-07-14,42.220001220703125,42.45000076293945,42.040000915527344,42.13999938964844,35.31635665893555,21881100
2014-07-15,42.33000183105469,42.470001220703125,42.029998779296875,42.45000076293945,35.576168060302734,28748700
2014-07-16,42.5099983215332,44.310001373291016,42.47999954223633,44.08000183105469,36.942230224609375,63318000
2014-07-17,45.45000076293945,45.709999084472656,44.25,44.529998779296875,37.31937026977539,82180300
2014-07-18,44.650001525878906,44.84000015258789,44.25,44.689998626708984,37.453468322753906,43407500
2014-07-21,44.560001373291016,45.15999984741211,44.220001220703125,44.84000015258789,37.579166412353516,37604400
2014-07-22,45.0,45.150001525878906,44.59000015258789,44.83000183105469,37.57078170776367,43095800
2014-07-23,45.45000076293945,45.45000076293945,44.619998931884766,44.869998931884766,37.60430145263672,52362900
2014-07-24,44.93000030517578,45.0,44.31999969482422,44.400001525878906,37.210426330566406,30725300
2014-07-25,44.29999923706055,44.65999984741211,44.29999923706055,44.5,37.29423141479492,26737700
2014-07-28,44.36000061035156,44.5099983215332,43.93000030517578,43.970001220703125,36.85003662109375,29684200
2014-07-29,43.90999984741211,44.09000015258789,43.63999938964844,43.88999938964844,36.78299331665039,27763100
2014-07-30,44.06999969482422,44.099998474121094,43.290000915527344,43.58000183105469,36.5232048034668,31921400
2014-07-31,43.380001068115234,43.689998626708984,43.08000183105469,43.15999984741211,36.17120361328125,31537500
2014-08-01,43.209999084472656,43.25,42.599998474121094,42.86000061035156,35.91977310180664,31170300
2014-08-04,42.970001220703125,43.470001220703125,42.810001373291016,43.369998931884766,36.34720230102539,34277400
2014-08-05,43.310001373291016,43.459999084472656,42.83000183105469,43.08000183105469,36.104164123535156,26266400
2014-08-06,42.7400016784668,43.16999816894531,42.209999084472656,42.7400016784668,35.819210052490234,24634000
2014-08-07,42.84000015258789,43.45000076293945,42.650001525878906,43.22999954223633,36.22986602783203,30314900
2014-08-08,43.22999954223633,43.31999969482422,42.90999984741211,43.20000076293945,36.20473098754883,28942700
2014-08-11,43.2599983215332,43.45000076293945,43.02000045776367,43.20000076293945,36.20473098754883,20351600
2014-08-12,43.040000915527344,43.59000015258789,43.0,43.52000045776367,36.4729118347168,21431100
2014-08-13,43.68000030517578,44.18000030517578,43.52000045776367,44.08000183105469,36.942230224609375,22889500
2014-08-14,44.08000183105469,44.41999816894531,44.0099983215332,44.27000045776367,37.1014518737793,19313200
2014-08-15,44.58000183105469,44.900001525878906,44.400001525878906,44.790000915527344,37.53726577758789,41611300
2014-08-18,44.939998626708984,45.11000061035156,44.68000030517578,45.11000061035156,37.805442810058594,26891100
2014-08-19,44.970001220703125,45.34000015258789,44.83000183105469,45.33000183105469,38.22709274291992,28139500
2014-08-20,45.34000015258789,45.400001525878906,44.900001525878906,44.95000076293945,37.90665817260742,24770500
2014-08-21,44.84000015258789,45.25,44.83000183105469,45.220001220703125,38.134342193603516,22285500
2014-08-22,45.349998474121094,45.470001220703125,45.06999969482422,45.150001525878906,38.075313568115234,18294500
2014-08-25,45.400001525878906,45.439998626708984,45.040000915527344,45.16999816894531,38.092166900634766,16910000
2014-08-26,45.310001373291016,45.400001525878906,44.939998626708984,45.0099983215332,37.957237243652344,14873100
2014-08-27,44.900001525878906,45.0,44.7599983215332,44.869998931884766,37.83917236328125,21287900
2014-08-28,44.75,44.97999954223633,44.61000061035156,44.880001068115234,37.84762191772461,17657600
2014-08-29,45.09000015258789,45.439998626708984,44.86000061035156,45.43000030517578,38.31142807006836,21607600
2014-09-02,45.43000030517578,45.459999084472656,44.849998474121094,45.09000015258789,38.02470779418945,22976800
2014-09-03,44.529998779296875,45.11000061035156,44.529998779296875,44.959999084472656,37.91508483886719,33684500
2014-09-04,44.7400016784668,45.27000045776367,44.720001220703125,45.2599983215332,38.168060302734375,26475500
2014-09-05,45.11000061035156,45.93000030517578,45.11000061035156,45.90999984741211,38.71621322631836,36939400
2014-09-08,46.02000045776367,46.79999923706055,45.9900016784668,46.470001220703125,39.188472747802734,45736700
2014-09-09,46.470001220703125,46.970001220703125,46.41999816894531,46.7599983215332,39.433040618896484,40302400
2014-09-10,46.81999969482422,46.939998626708984,46.279998779296875,46.84000015258789,39.50050354003906,27302400
2014-09-11,46.7400016784668,47.0,46.470001220703125,47.0,39.63542175292969,29216400
2014-09-12,46.90999984741211,47.02000045776367,46.599998474121094,46.70000076293945,39.38243865966797,38244700
2014-09-15,46.540000915527344,46.709999084472656,46.099998474121094,46.2400016784668,38.99452209472656,37667600
2014-09-16,46.38999938964844,46.849998474121094,46.290000915527344,46.7599983215332,39.433040618896484,27910600
2014-09-17,46.2599983215332,46.689998626708984,46.22999954223633,46.52000045776367,39.23064041137695,38311900
2014-09-18,46.59000015258789,46.83000183105469,46.459999084472656,46.68000030517578,39.365570068359375,35556600
2014-09-19,46.810001373291016,47.56999969482422,46.599998474121094,47.52000045776367,40.073944091796875,202522400
2014-09-22,47.29999923706055,47.380001068115234,46.97999954223633,47.060001373291016,39.686038970947266,38686100
2014-09-23,46.849998474121094,46.97999954223633,46.470001220703125,46.560001373291016,39.26437759399414,33430300
2014-09-24,46.630001068115234,47.11000061035156,46.34000015258789,47.08000183105469,39.702880859375,26582700
2014-09-25,46.880001068115234,47.09000015258789,46.029998779296875,46.040000915527344,38.82585525512695,33077400
2014-09-26,45.93000030517578,46.619998931884766,45.7599983215332,46.40999984741211,39.13787841796875,27078800
2014-09-29,45.97999954223633,46.560001373291016,45.7599983215332,46.439998626708984,39.16316604614258,26091000
2014-09-30,46.369998931884766,46.47999954223633,46.0099983215332,46.36000061035156,39.09571838378906,33033100
2014-10-01,46.27000045776367,46.529998779296875,45.849998474121094,45.900001525878906,38.707786560058594,38088400
2014-10-02,45.83000183105469,46.099998474121094,45.63999938964844,45.7599983215332,38.589717864990234,25119400
2014-10-03,45.97999954223633,46.29999923706055,45.61000061035156,46.09000015258789,38.86802291870117,32453200
2014-10-06,46.119998931884766,46.29999923706055,45.91999816894531,46.09000015258789,38.86802291870117,20604000
2014-10-07,45.86000061035156,45.93000030517578,45.41999816894531,45.529998779296875,38.39575958251953,25723700
2014-10-08,45.47999954223633,46.88999938964844,45.34000015258789,46.779998779296875,39.44989776611328,33031000
2014-10-09,46.5,46.79999923706055,45.7400016784668,45.849998474121094,38.665618896484375,34422800
2014-10-10,45.599998474121094,46.119998931884766,43.95000076293945,44.029998779296875,37.13080596923828,51978100
2014-10-13,43.81999969482422,44.560001373291016,43.4900016784668,43.650001525878906,36.81034469604492,37100200
2014-10-14,43.869998931884766,44.380001068115234,43.560001373291016,43.72999954223633,36.8778076171875,38115700
2014-10-15,43.0,43.38999938964844,42.099998474121094,43.220001220703125,36.447731018066406,60218700
2014-10-16,42.529998779296875,43.08000183105469,42.220001220703125,42.7400016784668,36.04293441772461,49040400
2014-10-17,43.20000076293945,43.939998626708984,42.790000915527344,43.630001068115234,36.79348373413086,40683300
2014-10-20,43.060001373291016,44.13999938964844,42.810001373291016,44.08000183105469,37.17296600341797,34527900
2014-10-21,44.36000061035156,44.97999954223633,44.189998626708984,44.880001068115234,37.84762191772461,36433800
2014-10-22,45.0,45.06999969482422,44.22999954223633,44.380001068115234,37.425960540771484,33570900
2014-10-23,44.619998931884766,45.45000076293945,44.529998779296875,45.02000045776367,37.96567153930664,45451900
2014-10-24,46.83000183105469,46.900001525878906,45.18000030517578,46.130001068115234,38.90174102783203,61076700
2014-10-27,45.709999084472656,46.099998474121094,45.709999084472656,45.90999984741211,38.71621322631836,30371300
2014-10-28,45.86000061035156,46.5,45.77000045776367,46.4900016784668,39.205345153808594,29049800
2014-10-29,46.439998626708984,46.70000076293945,46.34000015258789,46.619998931884766,39.314964294433594,30276100
2014-10-30,46.31999969482422,46.31999969482422,45.77000045776367,46.04999923706055,38.83428192138672,30073900
2014-10-31,46.939998626708984,46.970001220703125,46.47999954223633,46.95000076293945,39.593257904052734,35849700
2014-11-03,46.88999938964844,47.459999084472656,46.72999954223633,47.439998626708984,40.0064811706543,23130400
2014-11-04,47.29999923706055,47.72999954223633,47.25,47.56999969482422,40.11610794067383,21530800
2014-11-05,47.79999923706055,47.900001525878906,47.2599983215332,47.86000061035156,40.36065673828125,22449600
2014-11-06,47.86000061035156,48.86000061035156,47.790000915527344,48.70000076293945,41.06904602050781,33037800
2014-11-07,48.91999816894531,48.91999816894531,48.290000915527344,48.68000030517578,41.052181243896484,28000600
2014-11-10,48.650001525878906,49.150001525878906,48.54999923706055,48.88999938964844,41.229270935058594,36370100
2014-11-11,48.849998474121094,48.95000076293945,48.650001525878906,48.869998931884766,41.21241760253906,23445200
2014-11-12,48.560001373291016,48.91999816894531,48.52000045776367,48.779998779296875,41.136497497558594,22722100
2014-11-13,48.810001373291016,49.650001525878906,48.709999084472656,49.61000061035156,41.836456298828125,26210400
2014-11-14,49.7400016784668,50.04999923706055,49.38999938964844,49.58000183105469,41.81117248535156,29081700
2014-11-17,49.40999984741211,49.709999084472656,49.13999938964844,49.459999084472656,41.7099494934082,30318600
2014-11-18,49.130001068115234,49.33000183105469,48.70000076293945,48.7400016784668,41.362022399902344,23995500
2014-11-19,48.65999984741211,48.75,47.93000030517578,48.220001220703125,40.92073440551758,26177500
2014-11-20,48.0,48.70000076293945,47.869998931884766,48.70000076293945,41.32807540893555,21510600
2014-11-21,49.02000045776367,49.04999923706055,47.56999969482422,47.97999954223633,40.71706008911133,42884800
2014-11-24,47.9900016784668,48.0,47.38999938964844,47.59000015258789,40.38610076904297,35434200
2014-11-25,47.65999984741211,47.970001220703125,47.45000076293945,47.470001220703125,40.284263610839844,28008000
2014-11-26,47.4900016784668,47.9900016784668,47.279998779296875,47.75,40.521888732910156,27163600
2014-11-28,47.95000076293945,48.20000076293945,47.61000061035156,47.810001373291016,40.572811126708984,21534400
2014-12-01,47.880001068115234,48.779998779296875,47.709999084472656,48.619998931884766,41.26019287109375,31191600
2014-12-02,48.84000015258789,49.04999923706055,48.20000076293945,48.459999084472656,41.12439727783203,25773500
2014-12-03,48.439998626708984,48.5,47.810001373291016,48.08000183105469,40.80193328857422,23534800
2014-12-04,48.38999938964844,49.060001373291016,48.20000076293945,48.84000015258789,41.44688415527344,30320400
2014-12-05,48.81999969482422,48.970001220703125,48.380001068115234,48.41999816894531,41.0904541015625,27313400
2014-12-08,48.2599983215332,48.349998474121094,47.45000076293945,47.70000076293945,40.47944259643555,26663100
2014-12-09,47.11000061035156,47.91999816894531,47.04999923706055,47.59000015258789,40.38610076904297,24330500
2014-12-10,47.58000183105469,47.65999984741211,46.70000076293945,46.900001525878906,39.80055618286133,30431800
2014-12-11,47.08000183105469,47.7400016784668,46.68000030517578,47.16999816894531,40.02967834472656,29060400
2014-12-12,46.779998779296875,47.72999954223633,46.66999816894531,46.95000076293945,39.842979431152344,34248400
2014-12-15,47.20000076293945,47.66999816894531,46.54999923706055,46.66999816894531,39.6053581237793,29247800
2014-12-16,45.900001525878906,46.34000015258789,45.130001068115234,45.15999984741211,38.32393264770508,47801400
2014-12-17,45.04999923706055,45.95000076293945,44.900001525878906,45.7400016784668,38.816162109375,34970900
2014-12-18,46.58000183105469,47.52000045776367,46.34000015258789,47.52000045776367,40.326698303222656,40105600
2014-12-19,47.630001068115234,48.099998474121094,47.16999816894531,47.65999984741211,40.44551086425781,64551200
2014-12-22,47.779998779296875,48.119998931884766,47.709999084472656,47.97999954223633,40.71706008911133,26566000
2014-12-23,48.369998931884766,48.79999923706055,48.130001068115234,48.45000076293945,41.11591720581055,23648100
2014-12-24,48.63999938964844,48.63999938964844,48.08000183105469,48.13999938964844,40.852848052978516,11437800
2014-12-26,48.40999984741211,48.40999984741211,47.81999969482422,47.880001068115234,40.63218688964844,13197800
2014-12-29,47.70000076293945,47.779998779296875,47.2599983215332,47.45000076293945,40.267295837402344,14439500
2014-12-30,47.439998626708984,47.619998931884766,46.84000015258789,47.02000045776367,39.90237045288086,16384700
2014-12-31,46.72999954223633,47.439998626708984,46.45000076293945,46.45000076293945,39.418663024902344,21552500
2015-01-02,46.65999984741211,47.41999816894531,46.540000915527344,46.7599983215332,39.6817512512207,27913900
2015-01-05,46.369998931884766,46.72999954223633,46.25,46.33000183105469,39.31684494018555,39673900
2015-01-06,46.380001068115234,46.75,45.540000915527344,45.650001525878906,38.739768981933594,36447900
2015-01-07,45.97999954223633,46.459999084472656,45.4900016784668,46.22999954223633,39.231971740722656,29114100
2015-01-08,46.75,47.75,46.720001220703125,47.59000015258789,40.38610076904297,29645200
2015-01-09,47.61000061035156,47.81999969482422,46.900001525878906,47.189998626708984,40.046634674072266,23944200
2015-01-12,47.41999816894531,47.540000915527344,46.36000061035156,46.599998474121094,39.54596710205078,23651900
2015-01-13,46.970001220703125,47.90999984741211,46.060001373291016,46.36000061035156,39.34230422973633,35270600
2015-01-14,45.959999084472656,46.2400016784668,45.619998931884766,45.959999084472656,39.002830505371094,29719600
2015-01-15,46.220001220703125,46.380001068115234,45.40999984741211,45.47999954223633,38.595497131347656,32750800
2015-01-16,45.310001373291016,46.279998779296875,45.16999816894531,46.2400016784668,39.2404670715332,35695300
2015-01-20,46.29999923706055,46.650001525878906,45.56999969482422,46.38999938964844,39.36775207519531,36161900
2015-01-21,45.939998626708984,46.13999938964844,45.47999954223633,45.91999816894531,38.968894958496094,39081100
2015-01-22,46.380001068115234,47.13999938964844,46.08000183105469,47.130001068115234,39.9957275390625,35898000
2015-01-23,47.36000061035156,47.38999938964844,46.79999923706055,47.18000030517578,40.03816604614258,26211600
2015-01-26,47.0,47.130001068115234,46.2400016784668,47.0099983215332,39.89387893676758,42525500
2015-01-27,42.95000076293945,43.20000076293945,42.11000061035156,42.65999984741211,36.20237731933594,169164000
2015-01-28,42.7400016784668,42.790000915527344,41.15999984741211,41.189998626708984,34.95488739013672,84507100
2015-01-29,40.93000030517578,42.119998931884766,40.790000915527344,42.0099983215332,35.65077590942383,63585300
2015-01-30,41.54999923706055,41.58000183105469,40.349998474121094,40.400001525878906,34.28448486328125,78004900
2015-02-02,40.59000015258789,41.369998931884766,40.22999954223633,41.279998779296875,35.031280517578125,50352500
2015-02-03,41.630001068115234,41.93000030517578,41.04999923706055,41.599998474121094,35.302833557128906,52082400
2015-02-04,41.939998626708984,42.209999084472656,41.36000061035156,41.84000015258789,35.50649642944336,41614800
2015-02-05,42.220001220703125,42.63999938964844,41.86000061035156,42.45000076293945,36.0241584777832,36548200
2015-02-06,42.68000030517578,42.790000915527344,42.150001525878906,42.40999984741211,35.9902229309082,34616600
2015-02-09,42.2400016784668,42.7400016784668,42.209999084472656,42.36000061035156,35.947792053222656,31381100
2015-02-10,42.7400016784668,42.77000045776367,42.18000030517578,42.599998474121094,36.151458740234375,29670700
2015-02-11,42.650001525878906,42.650001525878906,42.209999084472656,42.380001068115234,35.964759826660156,38262500
2015-02-12,42.65999984741211,43.09000015258789,42.5099983215332,43.09000015258789,36.567291259765625,33268800
2015-02-13,43.380001068115234,43.869998931884766,43.150001525878906,43.869998931884766,37.22921371459961,40264900
2015-02-17,43.970001220703125,44.0,43.189998626708984,43.58000183105469,37.246299743652344,33695700
2015-02-18,43.630001068115234,43.70000076293945,43.38999938964844,43.529998779296875,37.20356369018555,27111700
2015-02-19,43.18000030517578,43.529998779296875,43.04999923706055,43.5,37.17793655395508,27603400
2015-02-20,43.5099983215332,43.880001068115234,43.290000915527344,43.86000061035156,37.48561096191406,29721100
2015-02-23,43.70000076293945,44.189998626708984,43.650001525878906,44.150001525878906,37.73347854614258,32518800
2015-02-24,44.150001525878906,44.29999923706055,43.91999816894531,44.09000015258789,37.682186126708984,25271700
2015-02-25,43.95000076293945,44.09000015258789,43.79999923706055,43.9900016784668,37.59672164916992,29759800
2015-02-26,43.9900016784668,44.22999954223633,43.88999938964844,44.060001373291016,37.65653991699219,28957300
2015-02-27,44.130001068115234,44.20000076293945,43.65999984741211,43.849998474121094,37.47705841064453,33807700
2015-03-02,43.66999816894531,44.189998626708984,43.54999923706055,43.880001068115234,37.5026969909668,31924000
2015-03-03,43.560001373291016,43.83000183105469,43.09000015258789,43.279998779296875,36.989898681640625,31748600
2015-03-04,43.0099983215332,43.209999084472656,42.880001068115234,43.060001373291016,36.801876068115234,25748700
2015-03-05,43.06999969482422,43.2400016784668,42.81999969482422,43.11000061035156,36.84461212158203,23193500
2015-03-06,43.0,43.11000061035156,42.150001525878906,42.36000061035156,36.20360565185547,36248800
2015-03-09,42.189998626708984,43.130001068115234,42.189998626708984,42.849998474121094,36.62240219116211,32108000
2015-03-10,42.349998474121094,42.709999084472656,42.029998779296875,42.029998779296875,35.92156219482422,39159700
2015-03-11,42.310001373291016,42.369998931884766,41.84000015258789,41.97999954223633,35.878849029541016,32215300
2015-03-12,41.33000183105469,41.650001525878906,40.86000061035156,41.02000045776367,35.05836486816406,59992500
2015-03-13,40.70000076293945,41.470001220703125,40.61000061035156,41.380001068115234,35.366050720214844,58007700
2015-03-16,41.470001220703125,41.63999938964844,41.279998779296875,41.560001373291016,35.519893646240234,35273500
2015-03-17,41.369998931884766,41.83000183105469,41.150001525878906,41.70000076293945,35.63954162597656,31673400
2015-03-18,41.43000030517578,42.83000183105469,41.33000183105469,42.5,36.32326126098633,44194800
2015-03-19,42.2599983215332,42.59000015258789,42.220001220703125,42.290000915527344,36.143795013427734,33879100
2015-03-20,42.560001373291016,42.97999954223633,42.4900016784668,42.880001068115234,36.64803695678711,71904500
2015-03-23,42.880001068115234,43.130001068115234,42.779998779296875,42.86000061035156,36.630943298339844,26246100
2015-03-24,42.779998779296875,43.16999816894531,42.75,42.900001525878906,36.665130615234375,25513300
2015-03-25,42.91999816894531,42.93000030517578,41.439998626708984,41.459999084472656,35.434417724609375,43469900
2015-03-26,41.220001220703125,41.61000061035156,40.91999816894531,41.209999084472656,35.220741271972656,37495600
2015-03-27,41.119998931884766,41.43000030517578,40.83000183105469,40.970001220703125,35.01563262939453,34401400
2015-03-30,41.099998474121094,41.540000915527344,40.90999984741211,40.959999084472656,35.007080078125,35049700
2015-03-31,40.779998779296875,41.029998779296875,40.540000915527344,40.65999984741211,34.75070571899414,34887200
2015-04-01,40.599998474121094,40.7599983215332,40.310001373291016,40.720001220703125,34.80195617675781,36865300
2015-04-02,40.65999984741211,40.7400016784668,40.119998931884766,40.290000915527344,34.434444427490234,37487500
2015-04-06,40.34000015258789,41.779998779296875,40.18000030517578,41.54999923706055,35.5113410949707,39223700
2015-04-07,41.61000061035156,41.90999984741211,41.310001373291016,41.529998779296875,35.49424362182617,28809400
2015-04-08,41.459999084472656,41.689998626708984,41.040000915527344,41.41999816894531,35.40022277832031,24753400
2015-04-09,41.25,41.619998931884766,41.25,41.47999954223633,35.451515197753906,25723900
2015-04-10,41.630001068115234,41.95000076293945,41.40999984741211,41.720001220703125,35.65663146972656,28022000
2015-04-13,41.400001525878906,42.060001373291016,41.38999938964844,41.7599983215332,35.69082260131836,30276700
2015-04-14,41.79999923706055,42.029998779296875,41.38999938964844,41.650001525878906,35.5968017578125,24244400
2015-04-15,41.7599983215332,42.459999084472656,41.68000030517578,42.2599983215332,36.118133544921875,27343600
2015-04-16,41.95000076293945,42.34000015258789,41.81999969482422,42.15999984741211,36.032684326171875,22509700
2015-04-17,41.66999816894531,41.7400016784668,41.15999984741211,41.619998931884766,35.57115936279297,42387600
2015-04-20,41.72999954223633,43.16999816894531,41.68000030517578,42.90999984741211,36.67367935180664,46057700
2015-04-21,43.0,43.150001525878906,42.529998779296875,42.63999938964844,36.44291687011719,26013800
2015-04-22,42.66999816894531,43.130001068115234,42.54999923706055,42.9900016784668,36.742069244384766,25064300
2015-04-23,42.88999938964844,43.61000061035156,42.79999923706055,43.34000015258789,37.04117202758789,46309500
2015-04-24,45.65999984741211,48.13999938964844,45.650001525878906,47.869998931884766,40.91282272338867,130933700
2015-04-27,47.22999954223633,48.130001068115234,47.220001220703125,48.029998779296875,41.049556732177734,59248200
2015-04-28,47.779998779296875,49.209999084472656,47.70000076293945,49.15999984741211,42.01533126831055,60730800
2015-04-29,48.720001220703125,49.310001373291016,48.5,49.060001373291016,41.92987823486328,47804600
2015-04-30,48.70000076293945,49.540000915527344,48.599998474121094,48.63999938964844,41.5709228515625,64725500
2015-05-01,48.58000183105469,48.880001068115234,48.400001525878906,48.65999984741211,41.5880012512207,38937300
2015-05-04,48.369998931884766,48.869998931884766,48.18000030517578,48.2400016784668,41.22904968261719,34039500
2015-05-05,47.81999969482422,48.15999984741211,47.310001373291016,47.599998474121094,40.68204879760742,50369200
2015-05-06,47.56999969482422,47.77000045776367,46.02000045776367,46.279998779296875,39.55390930175781,52433000
2015-05-07,46.27000045776367,47.09000015258789,46.15999984741211,46.70000076293945,39.91285705566406,32971700
2015-05-08,47.54999923706055,47.97999954223633,47.52000045776367,47.75,40.810272216796875,35364900
2015-05-11,47.54999923706055,47.90999984741211,47.369998931884766,47.369998931884766,40.485496520996094,24609400
2015-05-12,46.849998474121094,47.68000030517578,46.41999816894531,47.349998474121094,40.46840286254883,29928300
2015-05-13,48.189998626708984,48.31999969482422,47.56999969482422,47.630001068115234,40.70769119262695,34184600
2015-05-14,48.029998779296875,48.81999969482422,48.029998779296875,48.720001220703125,41.639286041259766,32980900
2015-05-15,48.869998931884766,48.90999984741211,48.04999923706055,48.29999923706055,41.28032302856445,28642700
2015-05-18,47.97999954223633,48.220001220703125,47.61000061035156,48.0099983215332,41.032474517822266,24136500
2015-05-19,47.560001373291016,47.810001373291016,47.18000030517578,47.58000183105469,40.92925262451172,28574800
2015-05-20,47.38999938964844,47.93000030517578,47.27000045776367,47.58000183105469,40.92925262451172,25047900
2015-05-21,47.279998779296875,47.599998474121094,47.0099983215332,47.41999816894531,40.79160690307617,22410700
2015-05-22,47.29999923706055,47.349998474121094,46.81999969482422,46.900001525878906,40.344303131103516,25720600
2015-05-26,46.83000183105469,46.880001068115234,46.189998626708984,46.59000015258789,40.07762908935547,29581900
2015-05-27,46.81999969482422,47.77000045776367,46.619998931884766,47.61000061035156,40.95503234863281,27335600
2015-05-28,47.5,48.02000045776367,47.38999938964844,47.45000076293945,40.817413330078125,19283700
2015-05-29,47.43000030517578,47.56999969482422,46.59000015258789,46.86000061035156,40.30989456176758,36519600
2015-06-01,47.060001373291016,47.77000045776367,46.619998931884766,47.22999954223633,40.62816619873047,28837300
2015-06-02,46.93000030517578,47.349998474121094,46.619998931884766,46.91999816894531,40.36149978637695,21498300
2015-06-03,47.369998931884766,47.7400016784668,46.81999969482422,46.849998474121094,40.3012809753418,28002200
2015-06-04,46.790000915527344,47.15999984741211,46.20000076293945,46.36000061035156,39.879783630371094,27745500
2015-06-05,46.310001373291016,46.52000045776367,45.84000015258789,46.13999938964844,39.69053649902344,25438100
2015-06-08,46.29999923706055,46.43000030517578,45.66999816894531,45.72999954223633,39.33782958984375,22121600
2015-06-09,45.7599983215332,45.939998626708984,45.459999084472656,45.650001525878906,39.26902389526367,24406100
2015-06-10,45.790000915527344,46.83000183105469,45.689998626708984,46.61000061035156,40.09482955932617,28417400
2015-06-11,46.65999984741211,46.91999816894531,46.130001068115234,46.439998626708984,39.94858932495117,27347800
2015-06-12,46.220001220703125,46.470001220703125,45.900001525878906,45.970001220703125,39.54429244995117,23931000
2015-06-15,45.45000076293945,45.650001525878906,45.02000045776367,45.47999954223633,39.12277603149414,33254500
2015-06-16,45.349998474121094,46.2400016784668,45.29999923706055,45.83000183105469,39.423851013183594,27070300
2015-06-17,45.72999954223633,46.06999969482422,45.36000061035156,45.970001220703125,39.54429244995117,28704100
2015-06-18,46.220001220703125,46.79999923706055,46.16999816894531,46.720001220703125,40.189453125,32658300
2015-06-19,46.790000915527344,46.83000183105469,45.9900016784668,46.099998474121094,39.65612030029297,63837000
2015-06-22,46.33000183105469,46.720001220703125,46.15999984741211,46.22999954223633,39.76795959472656,20318100
2015-06-23,46.130001068115234,46.279998779296875,45.619998931884766,45.90999984741211,39.49266815185547,25896500
2015-06-24,45.66999816894531,46.25,45.54999923706055,45.63999938964844,39.26041030883789,34890900
2015-06-25,46.029998779296875,46.060001373291016,45.5,45.650001525878906,39.26902389526367,20616000
2015-06-26,45.650001525878906,46.279998779296875,45.029998779296875,45.2599983215332,38.933536529541016,49835300
2015-06-29,45.040000915527344,45.22999954223633,44.36000061035156,44.369998931884766,38.167945861816406,34081700
2015-06-30,44.709999084472656,44.720001220703125,43.939998626708984,44.150001525878906,37.97871398925781,35945400
2015-07-01,44.459999084472656,45.22999954223633,44.099998474121094,44.45000076293945,38.23676300048828,28343900
2015-07-02,44.47999954223633,44.75,44.060001373291016,44.400001525878906,38.1937370300293,21752000
2015-07-06,43.959999084472656,44.47999954223633,43.95000076293945,44.38999938964844,38.185150146484375,23034000
2015-07-07,44.34000015258789,44.4900016784668,43.31999969482422,44.29999923706055,38.107730865478516,36435800
2015-07-08,44.439998626708984,44.900001525878906,44.029998779296875,44.2400016784668,38.05610275268555,39785900
2015-07-09,44.75,45.220001220703125,44.5,44.52000045776367,38.296966552734375,32424700
2015-07-10,45.0099983215332,45.13999938964844,44.56999969482422,44.61000061035156,38.37439727783203,25465800
2015-07-13,44.97999954223633,45.619998931884766,44.95000076293945,45.540000915527344,39.17440414428711,28178300
2015-07-14,45.45000076293945,45.959999084472656,45.310001373291016,45.619998931884766,39.24320602416992,22880300
2015-07-15,45.68000030517578,45.88999938964844,45.43000030517578,45.7599983215332,39.363643646240234,26629600
2015-07-16,46.0099983215332,46.689998626708984,45.970001220703125,46.65999984741211,40.137840270996094,26271700
2015-07-17,46.54999923706055,46.779998779296875,46.2599983215332,46.619998931884766,40.103431701660156,29467100
2015-07-20,46.650001525878906,47.130001068115234,46.439998626708984,46.91999816894531,40.36149978637695,30631900
2015-07-21,46.779998779296875,47.33000183105469,46.47999954223633,47.279998779296875,40.67117691040039,42781900
2015-07-22,45.439998626708984,46.93000030517578,45.20000076293945,45.540000915527344,39.17440414428711,59152400
2015-07-23,45.27000045776367,46.22999954223633,45.099998474121094,46.11000061035156,39.66472244262695,33934000
2015-07-24,45.90999984741211,46.31999969482422,45.79999923706055,45.939998626708984,39.51848602294922,32333200
2015-07-27,45.939998626708984,46.0099983215332,45.25,45.349998474121094,39.01095199584961,39701400
2015-07-28,45.58000183105469,45.63999938964844,44.790000915527344,45.34000015258789,39.00235366821289,34328900
2015-07-29,45.400001525878906,46.779998779296875,45.2599983215332,46.290000915527344,39.81955337524414,40945900
2015-07-30,46.2599983215332,47.400001525878906,45.93000030517578,46.880001068115234,40.327083587646484,39777900
2015-07-31,47.290000915527344,47.369998931884766,46.5,46.70000076293945,40.17226028442383,31201500
2015-08-03,46.97999954223633,47.0,46.45000076293945,46.810001373291016,40.266876220703125,24125900
2015-08-04,46.75,47.709999084472656,46.68000030517578,47.540000915527344,40.894840240478516,33403900
2015-08-05,47.97999954223633,48.40999984741211,47.540000915527344,47.58000183105469,40.92925262451172,26959700
2015-08-06,47.709999084472656,47.77000045776367,46.33000183105469,46.619998931884766,40.103431701660156,27368000
2015-08-07,46.38999938964844,46.779998779296875,46.2599983215332,46.7400016784668,40.20667266845703,19163000
2015-08-10,46.95000076293945,47.4900016784668,46.84000015258789,47.33000183105469,40.71418380737305,23079900
2015-08-11,46.81999969482422,46.939998626708984,45.900001525878906,46.40999984741211,39.92279052734375,29237400
2015-08-12,46.189998626708984,46.900001525878906,45.709999084472656,46.7400016784668,40.20667266845703,30181400
2015-08-13,47.060001373291016,47.099998474121094,46.4900016784668,46.72999954223633,40.198055267333984,22627200
2015-08-14,46.529998779296875,47.099998474121094,46.52000045776367,47.0,40.43032455444336,21473400
2015-08-17,46.810001373291016,47.45000076293945,46.56999969482422,47.31999969482422,40.705589294433594,21099700
2015-08-18,46.84000015258789,47.43000030517578,46.70000076293945,47.27000045776367,40.93071746826172,23574100
2015-08-19,46.779998779296875,47.08000183105469,46.29999923706055,46.61000061035156,40.3592414855957,31485500
2015-08-20,46.06999969482422,46.470001220703125,45.65999984741211,45.65999984741211,39.536624908447266,36238200
2015-08-21,45.29999923706055,45.47999954223633,43.06999969482422,43.06999969482422,37.293983459472656,70053100
2015-08-24,40.45000076293945,42.689998626708984,39.720001220703125,41.68000030517578,36.09038162231445,88753700
2015-08-25,42.56999969482422,43.2400016784668,40.38999938964844,40.470001220703125,35.04266357421875,70616600
2015-08-26,42.0099983215332,42.84000015258789,41.060001373291016,42.709999084472656,36.98225402832031,63408000
2015-08-27,43.22999954223633,43.95000076293945,42.93000030517578,43.900001525878906,38.012657165527344,50943200
2015-08-28,43.400001525878906,44.150001525878906,43.38999938964844,43.93000030517578,38.038639068603516,28246700
2015-08-31,43.560001373291016,43.93000030517578,43.099998474121094,43.52000045776367,37.68362045288086,34441700
2015-09-01,42.16999816894531,42.59000015258789,41.65999984741211,41.81999969482422,36.211605072021484,49688900
2015-09-02,42.36000061035156,43.380001068115234,41.880001068115234,43.36000061035156,37.54509735107422,37671500
2015-09-03,43.40999984741211,43.97999954223633,43.279998779296875,43.5,37.66630935668945,28285200
2015-09-04,42.810001373291016,43.040000915527344,42.20000076293945,42.61000061035156,36.895660400390625,37138800
2015-09-08,43.29999923706055,44.0,43.20000076293945,43.88999938964844,38.004005432128906,32469800
2015-09-09,44.209999084472656,44.400001525878906,42.90999984741211,43.06999969482422,37.293983459472656,33469500
2015-09-10,43.119998931884766,43.790000915527344,42.75,43.290000915527344,37.484466552734375,31366600
2015-09-11,43.13999938964844,43.59000015258789,42.939998626708984,43.47999954223633,37.64898681640625,27132500
2015-09-14,43.43000030517578,43.439998626708984,42.86000061035156,43.040000915527344,37.26799774169922,23656000
2015-09-15,43.189998626708984,44.290000915527344,43.08000183105469,43.97999954223633,38.081932067871094,28882200
2015-09-16,43.970001220703125,44.380001068115234,43.84000015258789,44.29999923706055,38.359012603759766,23372200
2015-09-17,44.290000915527344,45.0,44.08000183105469,44.25,38.31572723388672,32768200
2015-09-18,43.5,43.9900016784668,43.33000183105469,43.47999954223633,37.64898681640625,63143700
2015-09-21,43.619998931884766,44.470001220703125,43.599998474121094,44.11000061035156,38.19450759887695,26177200
2015-09-22,43.380001068115234,44.04999923706055,43.310001373291016,43.900001525878906,38.012657165527344,28085900
2015-09-23,43.93000030517578,44.16999816894531,43.5099983215332,43.869998931884766,37.9866828918457,17145200
2015-09-24,43.45000076293945,44.130001068115234,43.27000045776367,43.90999984741211,38.02132034301758,27905600
2015-09-25,44.47999954223633,44.72999954223633,43.7599983215332,43.939998626708984,38.047298431396484,29384600
2015-09-28,43.83000183105469,44.09000015258789,43.209999084472656,43.290000915527344,37.484466552734375,27613800
2015-09-29,43.369998931884766,43.56999969482422,43.04999923706055,43.439998626708984,37.614341735839844,32763600
2015-09-30,43.880001068115234,44.29999923706055,43.65999984741211,44.2599983215332,38.32439422607422,34958900
2015-10-01,44.75,44.75,43.75,44.61000061035156,38.62745666503906,28657900
2015-10-02,44.27000045776367,45.56999969482422,43.91999816894531,45.56999969482422,39.458709716796875,41839000
2015-10-05,45.75,46.88999938964844,45.70000076293945,46.630001068115234,40.376548767089844,34369300
2015-10-06,46.33000183105469,47.18000030517578,46.220001220703125,46.75,40.48046875,27017200
2015-10-07,47.099998474121094,47.349998474121094,45.95000076293945,46.79999923706055,40.52375030517578,27711500
2015-10-08,46.560001373291016,47.52000045776367,46.5,47.45000076293945,41.08657455444336,33772700
2015-10-09,47.45000076293945,47.540000915527344,46.91999816894531,47.11000061035156,40.79217529296875,28600600
2015-10-12,46.97999954223633,47.06999969482422,46.5,47.0,40.696929931640625,19769100
2015-10-13,46.560001373291016,47.130001068115234,46.560001373291016,46.88999938964844,40.6016845703125,19987800
2015-10-14,46.650001525878906,47.099998474121094,46.529998779296875,46.68000030517578,40.419857025146484,24697800
2015-10-15,47.0099983215332,47.029998779296875,46.529998779296875,47.0099983215332,40.70558547973633,27189400
2015-10-16,47.02000045776367,47.540000915527344,46.900001525878906,47.5099983215332,41.138545989990234,26450300
2015-10-19,47.41999816894531,47.880001068115234,47.02000045776367,47.619998931884766,41.233787536621094,29387600
2015-10-20,47.439998626708984,47.810001373291016,47.02000045776367,47.77000045776367,41.36366271972656,30802200
2015-10-21,47.91999816894531,47.9900016784668,47.11000061035156,47.20000076293945,40.87010955810547,25144300
2015-10-22,47.529998779296875,48.95000076293945,47.09000015258789,48.029998779296875,41.58879089355469,56637100
2015-10-23,52.29999923706055,54.06999969482422,52.25,52.869998931884766,45.77972412109375,135227100
2015-10-26,52.529998779296875,54.31999969482422,52.5,54.25,46.97465896606445,64633300
2015-10-27,53.9900016784668,54.369998931884766,53.58000183105469,53.689998626708984,46.4897575378418,50999900
2015-10-28,53.540000915527344,53.97999954223633,52.86000061035156,53.97999954223633,46.74085998535156,47000800
2015-10-29,53.540000915527344,53.83000183105469,53.220001220703125,53.36000061035156,46.203983306884766,30202100
2015-10-30,53.31999969482422,53.9900016784668,52.619998931884766,52.63999938964844,45.580562591552734,46619800
2015-11-02,52.849998474121094,53.36000061035156,52.619998931884766,53.2400016784668,46.10010528564453,30285000
2015-11-03,52.93000030517578,54.38999938964844,52.900001525878906,54.150001525878906,46.88806915283203,36596900
2015-11-04,54.18000030517578,54.880001068115234,54.060001373291016,54.400001525878906,47.104530334472656,37087800
2015-11-05,54.4900016784668,54.70000076293945,54.0,54.380001068115234,47.08721160888672,31468500
2015-11-06,54.09000015258789,54.97999954223633,53.959999084472656,54.91999816894531,47.55479049682617,32851200
2015-11-09,54.54999923706055,54.869998931884766,53.560001373291016,54.15999984741211,46.896724700927734,32513100
2015-11-10,54.06999969482422,54.130001068115234,53.27000045776367,53.5099983215332,46.33388137817383,55283700
2015-11-11,53.70000076293945,54.20000076293945,53.459999084472656,53.650001525878906,46.45510482788086,36516300
2015-11-12,53.47999954223633,53.97999954223633,53.189998626708984,53.31999969482422,46.16938018798828,35361100
2015-11-13,53.06999969482422,53.290000915527344,52.529998779296875,52.84000015258789,45.75374221801758,36848200
2015-11-16,53.08000183105469,53.88999938964844,52.849998474121094,53.77000045776367,46.55902099609375,32165200
2015-11-17,53.16999816894531,53.529998779296875,52.849998474121094,52.970001220703125,46.17546081542969,31551300
2015-11-18,53.0,53.97999954223633,52.97999954223633,53.849998474121094,46.94257354736328,29710000
2015-11-19,53.9900016784668,54.65999984741211,53.779998779296875,53.939998626708984,47.02103805541992,28149200
2015-11-20,54.25,54.29999923706055,53.27000045776367,54.189998626708984,47.23896408081055,37147600
2015-11-23,54.25,54.459999084472656,53.75,54.189998626708984,47.23896408081055,28235900
2015-11-24,53.91999816894531,54.439998626708984,53.58000183105469,54.25,47.29127883911133,24600000
2015-11-25,54.09000015258789,54.22999954223633,53.689998626708984,53.689998626708984,46.8031120300293,21005100
2015-11-27,53.79999923706055,54.08000183105469,53.790000915527344,53.93000030517578,47.01232147216797,9009100
2015-11-30,54.540000915527344,54.959999084472656,54.0,54.349998474121094,47.37844467163086,56241400
2015-12-01,54.40999984741211,55.22999954223633,54.29999923706055,55.220001220703125,48.13686752319336,39952800
2015-12-02,55.31999969482422,55.959999084472656,55.060001373291016,55.209999084472656,48.12812805175781,47274900
2015-12-03,55.4900016784668,55.77000045776367,53.93000030517578,54.20000076293945,47.2476692199707,38627800
2015-12-04,54.119998931884766,56.22999954223633,54.099998474121094,55.90999984741211,48.73834228515625,43963700
2015-12-07,55.790000915527344,55.970001220703125,55.290000915527344,55.810001373291016,48.65116882324219,30709800
2015-12-08,55.470001220703125,56.099998474121094,54.9900016784668,55.790000915527344,48.63373565673828,32878000
2015-12-09,55.369998931884766,55.869998931884766,54.5099983215332,54.97999954223633,47.92763900756836,36373200
2015-12-10,55.38999938964844,55.65999984741211,55.0099983215332,55.27000045776367,48.180442810058594,31775800
2015-12-11,54.709999084472656,55.099998474121094,54.0099983215332,54.060001373291016,47.125648498535156,39549500
2015-12-14,54.33000183105469,55.209999084472656,53.68000030517578,55.13999938964844,48.067108154296875,46768900
2015-12-15,55.65999984741211,55.900001525878906,55.09000015258789,55.20000076293945,48.119407653808594,39843000
2015-12-16,55.540000915527344,56.25,54.7599983215332,56.130001068115234,48.93012619018555,37503300
2015-12-17,56.36000061035156,56.790000915527344,55.529998779296875,55.70000076293945,48.55527114868164,41280900
2015-12-18,55.77000045776367,56.0,54.029998779296875,54.130001068115234,47.18666458129883,84684200
2015-12-21,54.880001068115234,55.349998474121094,54.22999954223633,54.83000183105469,47.796878814697266,37246300
2015-12-22,54.9900016784668,55.47999954223633,54.5,55.349998474121094,48.25016784667969,28322200
2015-12-23,55.70000076293945,55.880001068115234,55.439998626708984,55.81999969482422,48.65988540649414,27279800
2015-12-24,55.86000061035156,55.959999084472656,55.43000030517578,55.66999816894531,48.52912139892578,9558500
2015-12-28,55.349998474121094,55.95000076293945,54.97999954223633,55.95000076293945,48.77321243286133,22458300
2015-12-29,56.290000915527344,56.849998474121094,56.060001373291016,56.54999923706055,49.29624938964844,27731400
2015-12-30,56.470001220703125,56.779998779296875,56.290000915527344,56.310001373291016,49.0870361328125,21704500
2015-12-31,56.040000915527344,56.189998626708984,55.41999816894531,55.47999954223633,48.363494873046875,27334100
2016-01-04,54.31999969482422,54.79999923706055,53.38999938964844,54.79999923706055,47.77071762084961,53778000
2016-01-05,54.93000030517578,55.38999938964844,54.540000915527344,55.04999923706055,47.98865509033203,34079700
2016-01-06,54.31999969482422,54.400001525878906,53.63999938964844,54.04999923706055,47.11692428588867,39518900
2016-01-07,52.70000076293945,53.4900016784668,52.06999969482422,52.16999816894531,45.47807312011719,56564900
2016-01-08,52.369998931884766,53.279998779296875,52.150001525878906,52.33000183105469,45.617549896240234,48754000
2016-01-11,52.5099983215332,52.849998474121094,51.459999084472656,52.29999923706055,45.59138870239258,36943800
2016-01-12,52.7599983215332,53.099998474121094,52.060001373291016,52.779998779296875,46.00983810424805,36095500
2016-01-13,53.79999923706055,54.06999969482422,51.29999923706055,51.63999938964844,45.01605224609375,66883600
2016-01-14,52.0,53.41999816894531,51.56999969482422,53.11000061035156,46.2974967956543,52381900
2016-01-15,51.310001373291016,51.970001220703125,50.34000015258789,50.9900016784668,44.449432373046875,71820700
2016-01-19,51.47999954223633,51.68000030517578,50.060001373291016,50.560001373291016,44.07460021972656,43564500
2016-01-20,49.97999954223633,51.380001068115234,49.099998474121094,50.790000915527344,44.27510070800781,63273000
2016-01-21,51.0,51.58000183105469,50.29999923706055,50.47999954223633,44.00485610961914,40191200
2016-01-22,51.40999984741211,52.33000183105469,51.2599983215332,52.290000915527344,45.58268356323242,37555800
2016-01-25,51.939998626708984,52.650001525878906,51.650001525878906,51.790000915527344,45.1468391418457,34707700
2016-01-26,51.790000915527344,52.439998626708984,51.54999923706055,52.16999816894531,45.47807312011719,28900800
2016-01-27,52.0099983215332,52.20000076293945,51.02000045776367,51.220001220703125,44.649925231933594,36775200
2016-01-28,51.86000061035156,52.209999084472656,51.25,52.060001373291016,45.38218688964844,62513800
2016-01-29,54.72999954223633,55.09000015258789,54.0,55.09000015258789,48.02351760864258,83611700
2016-02-01,54.880001068115234,55.09000015258789,54.5,54.709999084472656,47.6922721862793,44208500
2016-02-02,54.16999816894531,54.2599983215332,52.650001525878906,53.0,46.20161437988281,56313800
2016-02-03,53.25,53.38999938964844,51.2599983215332,52.15999984741211,45.469364166259766,57559800
2016-02-04,52.099998474121094,52.810001373291016,51.369998931884766,52.0,45.32989501953125,46987100
2016-02-05,51.939998626708984,52.0,49.560001373291016,50.15999984741211,43.72589874267578,62009000
2016-02-08,49.54999923706055,49.56999969482422,48.189998626708984,49.40999984741211,43.07210159301758,59290500
2016-02-09,49.02000045776367,50.2400016784668,48.66999816894531,49.279998779296875,42.958770751953125,46740500
2016-02-10,49.88999938964844,50.38999938964844,49.52000045776367,49.709999084472656,43.333621978759766,38237000
2016-02-11,48.68000030517578,50.11000061035156,48.5099983215332,49.689998626708984,43.31618118286133,48878600
2016-02-12,50.25,50.68000030517578,49.75,50.5,44.02228927612305,34243300
2016-02-16,50.900001525878906,51.09000015258789,50.130001068115234,51.09000015258789,44.85637664794922,37291200
2016-02-17,51.4900016784668,52.77000045776367,51.45000076293945,52.41999816894531,46.02409744262695,40789000
2016-02-18,52.33000183105469,52.95000076293945,52.099998474121094,52.189998626708984,45.82215118408203,27176000
2016-02-19,51.970001220703125,52.279998779296875,51.529998779296875,51.81999969482422,45.49729919433594,33559100
2016-02-22,52.279998779296875,53.0,52.279998779296875,52.650001525878906,46.22603225708008,25008300
2016-02-23,52.34000015258789,52.369998931884766,50.97999954223633,51.18000030517578,44.935394287109375,28895300
2016-02-24,50.689998626708984,51.5,50.20000076293945,51.36000061035156,45.09342956542969,33014500
2016-02-25,51.72999954223633,52.099998474121094,50.61000061035156,52.099998474121094,45.743141174316406,26939500
2016-02-26,52.599998474121094,52.68000030517578,51.099998474121094,51.29999923706055,45.0407600402832,35975900
2016-02-29,51.349998474121094,51.650001525878906,50.65999984741211,50.880001068115234,44.6720085144043,31654000
2016-03-01,50.970001220703125,52.59000015258789,50.91999816894531,52.58000183105469,46.164588928222656,33024500
2016-03-02,52.40999984741211,52.959999084472656,52.15999984741211,52.95000076293945,46.48944091796875,29289900
2016-03-03,52.970001220703125,52.970001220703125,51.779998779296875,52.349998474121094,45.96265411376953,24427800
2016-03-04,52.400001525878906,52.45000076293945,51.709999084472656,52.029998779296875,45.68168640136719,33034200
2016-03-07,51.560001373291016,51.79999923706055,50.58000183105469,51.029998779296875,44.803707122802734,38407800
2016-03-08,50.79999923706055,52.130001068115234,50.599998474121094,51.650001525878906,45.34804153442383,33835100
2016-03-09,51.88999938964844,52.849998474121094,51.86000061035156,52.84000015258789,46.39285659790039,28251600
2016-03-10,52.93000030517578,52.939998626708984,51.15999984741211,52.04999923706055,45.69923782348633,38387800
2016-03-11,53.0,53.06999969482422,52.380001068115234,53.06999969482422,46.59477996826172,32275700
2016-03-14,52.709999084472656,53.59000015258789,52.630001068115234,53.16999816894531,46.68259048461914,24083600
2016-03-15,52.75,53.59000015258789,52.7400016784668,53.59000015258789,47.05134582519531,21104800
2016-03-16,53.45000076293945,54.599998474121094,53.400001525878906,54.349998474121094,47.71860885620117,31691700
2016-03-17,54.209999084472656,55.0,54.0,54.65999984741211,47.99079895019531,28223900
2016-03-18,54.91999816894531,54.970001220703125,53.45000076293945,53.4900016784668,46.96354675292969,67625500
2016-03-21,53.25,53.93000030517578,52.93000030517578,53.86000061035156,47.28839111328125,23925700
2016-03-22,53.61000061035156,54.25,53.459999084472656,54.06999969482422,47.472774505615234,23124100
2016-03-23,54.11000061035156,54.2400016784668,53.7400016784668,53.970001220703125,47.38498306274414,20129000
2016-03-24,53.84000015258789,54.33000183105469,53.72999954223633,54.209999084472656,47.5956916809082,19950000
2016-03-28,54.209999084472656,54.290000915527344,53.33000183105469,53.540000915527344,47.0074462890625,17025100
2016-03-29,53.65999984741211,54.86000061035156,53.45000076293945,54.709999084472656,48.03469467163086,23924300
2016-03-30,54.93000030517578,55.63999938964844,54.900001525878906,55.04999923706055,48.33321762084961,23008300
2016-03-31,54.95000076293945,55.59000015258789,54.86000061035156,55.22999954223633,48.491241455078125,26360500
2016-04-01,55.04999923706055,55.61000061035156,54.56999969482422,55.56999969482422,48.78975296020508,24399200
2016-04-04,55.43000030517578,55.65999984741211,55.0,55.43000030517578,48.66685485839844,18928800
2016-04-05,55.189998626708984,55.29999923706055,54.459999084472656,54.560001373291016,47.902992248535156,19272300
2016-04-06,54.36000061035156,55.20000076293945,54.209999084472656,55.119998931884766,48.3946647644043,21188700
2016-04-07,54.869998931884766,54.90999984741211,54.22999954223633,54.459999084472656,47.815189361572266,19225100
2016-04-08,54.66999816894531,55.279998779296875,54.31999969482422,54.41999816894531,47.78006362915039,22167200
2016-04-11,54.4900016784668,55.150001525878906,54.29999923706055,54.310001373291016,47.683509826660156,21414200
2016-04-12,54.369998931884766,54.779998779296875,53.7599983215332,54.650001525878906,47.98201370239258,24944300
2016-04-13,55.119998931884766,55.439998626708984,54.88999938964844,55.349998474121094,48.596595764160156,20818000
2016-04-14,55.220001220703125,55.58000183105469,55.06999969482422,55.36000061035156,48.60539627075195,20877100
2016-04-15,55.29999923706055,55.91999816894531,55.11000061035156,55.650001525878906,48.86001205444336,28793800
2016-04-18,55.4900016784668,56.59000015258789,55.209999084472656,56.459999084472656,49.5711669921875,23786000
2016-04-19,56.630001068115234,56.77000045776367,55.68000030517578,56.38999938964844,49.50970458984375,29596800
2016-04-20,56.290000915527344,56.5,55.4900016784668,55.59000015258789,48.80732727050781,36195700
2016-04-21,55.79999923706055,56.22999954223633,55.41999816894531,55.779998779296875,48.974151611328125,38909100
2016-04-22,51.90999984741211,52.43000030517578,50.77000045776367,51.779998779296875,45.462181091308594,126834100
2016-04-25,51.779998779296875,52.130001068115234,51.630001068115234,52.11000061035156,45.75191879272461,33226900
2016-04-26,52.2599983215332,52.349998474121094,51.09000015258789,51.439998626708984,45.1636848449707,33532600
2016-04-27,51.47999954223633,51.5,50.54999923706055,50.939998626708984,44.72468185424805,43369300
2016-04-28,50.619998931884766,50.77000045776367,49.560001373291016,49.900001525878906,43.81156921386719,43134800
2016-04-29,49.349998474121094,50.25,49.349998474121094,49.869998931884766,43.78522491455078,48411700
2016-05-02,50.0,50.75,49.779998779296875,50.61000061035156,44.4349479675293,33114500
2016-05-03,50.34000015258789,50.40999984741211,49.599998474121094,49.779998779296875,43.706214904785156,26460200
2016-05-04,49.84000015258789,50.060001373291016,49.459999084472656,49.869998931884766,43.78522491455078,24257600
2016-05-05,49.869998931884766,50.29999923706055,49.72999954223633,49.939998626708984,43.846683502197266,25390700
2016-05-06,49.91999816894531,50.38999938964844,49.65999984741211,50.38999938964844,44.24178695678711,24787300
2016-05-09,50.4900016784668,50.59000015258789,50.0,50.06999969482422,43.96083450317383,17951600
2016-05-10,50.33000183105469,51.099998474121094,50.189998626708984,51.02000045776367,44.79490661621094,22891000
2016-05-11,51.130001068115234,51.779998779296875,51.0,51.04999923706055,44.82126235961914,24039100
2016-05-12,51.20000076293945,51.810001373291016,50.91999816894531,51.5099983215332,45.22513198852539,24102800
2016-05-13,51.439998626708984,51.900001525878906,51.040000915527344,51.08000183105469,44.847591400146484,22592300
2016-05-16,50.79999923706055,51.959999084472656,50.75,51.83000183105469,45.506080627441406,20032000
2016-05-17,51.720001220703125,51.72999954223633,50.36000061035156,50.5099983215332,44.65732955932617,27803500
2016-05-18,50.47999954223633,51.13999938964844,50.29999923706055,50.810001373291016,44.92256546020508,24907500
2016-05-19,50.470001220703125,50.619998931884766,49.81999969482422,50.31999969482422,44.48933029174805,23842400
2016-05-20,50.47999954223633,51.220001220703125,50.400001525878906,50.619998931884766,44.75458908081055,23905800
2016-05-23,50.599998474121094,50.68000030517578,49.97999954223633,50.029998779296875,44.23294448852539,26118700
2016-05-24,50.70000076293945,51.709999084472656,50.400001525878906,51.59000015258789,45.6121826171875,34757900
2016-05-25,51.91999816894531,52.4900016784668,51.790000915527344,52.119998931884766,46.080772399902344,24040200
2016-05-26,51.93000030517578,51.97999954223633,51.36000061035156,51.88999938964844,45.87741470336914,24335200
2016-05-27,51.91999816894531,52.31999969482422,51.77000045776367,52.31999969482422,46.257598876953125,17721400
2016-05-31,52.2599983215332,53.0,52.08000183105469,53.0,46.85880661010742,37653100
2016-06-01,52.439998626708984,52.95000076293945,52.439998626708984,52.849998474121094,46.7261848449707,25324800
2016-06-02,52.63999938964844,52.7400016784668,51.84000015258789,52.47999954223633,46.399051666259766,22840800
2016-06-03,52.380001068115234,52.41999816894531,51.599998474121094,51.790000915527344,45.789024353027344,23368300
2016-06-06,51.9900016784668,52.349998474121094,51.88999938964844,52.130001068115234,46.0896110534668,18243300
2016-06-07,52.2400016784668,52.72999954223633,52.099998474121094,52.099998474121094,46.06309509277344,20866800
2016-06-08,52.02000045776367,52.439998626708984,51.869998931884766,52.040000915527344,46.010040283203125,21149400
2016-06-09,52.0,52.0,51.4900016784668,51.619998931884766,45.63869857788086,20305700
2016-06-10,51.04999923706055,52.04999923706055,51.040000915527344,51.47999954223633,45.514923095703125,25833200
2016-06-13,49.58000183105469,50.720001220703125,49.060001373291016,50.13999938964844,44.3302001953125,83217800
2016-06-14,49.900001525878906,50.099998474121094,49.56999969482422,49.83000183105469,44.05611038208008,42577100
2016-06-15,49.779998779296875,50.119998931884766,49.689998626708984,49.689998626708984,43.93233871459961,33757600
2016-06-16,49.52000045776367,50.470001220703125,49.5099983215332,50.38999938964844,44.55122756958008,31188600
2016-06-17,50.40999984741211,50.43000030517578,49.81999969482422,50.130001068115234,44.321346282958984,45710500
2016-06-20,50.63999938964844,50.83000183105469,50.029998779296875,50.06999969482422,44.268310546875,35607900
2016-06-21,50.20000076293945,51.43000030517578,50.15999984741211,51.189998626708984,45.25852966308594,34097800
2016-06-22,51.08000183105469,51.459999084472656,50.95000076293945,50.9900016784668,45.08171463012695,28816800
2016-06-23,51.279998779296875,52.060001373291016,51.150001525878906,51.90999984741211,45.89509963989258,29028800
2016-06-24,49.810001373291016,50.939998626708984,49.52000045776367,49.83000183105469,44.05611038208008,133503000
2016-06-27,49.099998474121094,49.150001525878906,48.040000915527344,48.43000030517578,42.81834411621094,50216300
2016-06-28,48.91999816894531,49.470001220703125,48.66999816894531,49.439998626708984,43.71131134033203,38140700
2016-06-29,49.90999984741211,50.720001220703125,49.79999923706055,50.540000915527344,44.683860778808594,31304000
2016-06-30,50.720001220703125,51.29999923706055,50.5,51.16999816894531,45.2408561706543,28527800
2016-07-01,51.130001068115234,51.720001220703125,51.06999969482422,51.15999984741211,45.23200607299805,21400400
2016-07-05,50.83000183105469,51.279998779296875,50.7400016784668,51.16999816894531,45.2408561706543,24806400
2016-07-06,50.779998779296875,51.540000915527344,50.38999938964844,51.380001068115234,45.42652130126953,28167500
2016-07-07,51.41999816894531,51.61000061035156,51.06999969482422,51.380001068115234,45.42652130126953,19585200
2016-07-08,51.72999954223633,52.36000061035156,51.54999923706055,52.29999923706055,46.239906311035156,28391000
2016-07-11,52.5,52.83000183105469,52.470001220703125,52.59000015258789,46.49632263183594,22269200
2016-07-12,52.939998626708984,53.400001525878906,52.790000915527344,53.209999084472656,47.044464111328125,27317600
2016-07-13,53.560001373291016,53.86000061035156,53.18000030517578,53.5099983215332,47.30970764160156,25356800
2016-07-14,53.84000015258789,53.9900016784668,53.58000183105469,53.7400016784668,47.513065338134766,24545500
2016-07-15,53.95000076293945,54.0,53.209999084472656,53.70000076293945,47.477699279785156,32024400
2016-07-18,53.70000076293945,54.34000015258789,53.54999923706055,53.959999084472656,47.707576751708984,31433900
2016-07-19,53.709999084472656,53.900001525878906,52.93000030517578,53.09000015258789,46.938377380371094,53336500
2016-07-20,56.150001525878906,56.84000015258789,55.529998779296875,55.90999984741211,49.43162155151367,89893300
2016-07-21,55.97999954223633,56.22999954223633,55.7599983215332,55.79999923706055,49.33436965942383,32776700
2016-07-22,56.08000183105469,56.630001068115234,55.779998779296875,56.56999969482422,50.01515197753906,32157200
2016-07-25,56.470001220703125,56.7400016784668,56.2599983215332,56.72999954223633,50.15659713745117,25610600
2016-07-26,56.52000045776367,57.290000915527344,56.5099983215332,56.7599983215332,50.18312454223633,28079000
2016-07-27,56.61000061035156,56.79999923706055,56.11000061035156,56.189998626708984,49.67917251586914,32327500
2016-07-28,56.0,56.369998931884766,55.720001220703125,56.209999084472656,49.69685745239258,37550400
2016-07-29,56.2599983215332,56.7599983215332,56.04999923706055,56.68000030517578,50.112396240234375,30558700
2016-08-01,56.599998474121094,56.75,56.13999938964844,56.58000183105469,50.023990631103516,26003400
2016-08-02,56.849998474121094,56.900001525878906,56.310001373291016,56.58000183105469,50.023990631103516,35122000
2016-08-03,56.68000030517578,57.11000061035156,56.4900016784668,56.970001220703125,50.3687858581543,22075600
2016-08-04,56.79999923706055,57.52000045776367,56.66999816894531,57.38999938964844,50.74013137817383,26587700
2016-08-05,57.650001525878906,58.209999084472656,57.45000076293945,57.959999084472656,51.24407958984375,29335200
2016-08-08,58.060001373291016,58.09000015258789,57.779998779296875,58.060001373291016,51.332496643066406,19473500
2016-08-09,58.16999816894531,58.5,58.02000045776367,58.20000076293945,51.45627212524414,16920700
2016-08-10,58.15999984741211,58.31999969482422,57.81999969482422,58.02000045776367,51.29713439941406,15756900
2016-08-11,58.029998779296875,58.45000076293945,58.029998779296875,58.29999923706055,51.544681549072266,18162300
2016-08-12,58.029998779296875,58.189998626708984,57.619998931884766,57.939998626708984,51.226402282714844,21655200
2016-08-15,58.0099983215332,58.5,57.959999084472656,58.119998931884766,51.38554000854492,19283900
2016-08-16,57.61000061035156,57.619998931884766,57.27000045776367,57.439998626708984,51.10085678100586,20523500
2016-08-17,57.540000915527344,57.68000030517578,57.22999954223633,57.560001373291016,51.207618713378906,18856400
2016-08-18,57.41999816894531,57.70000076293945,57.27000045776367,57.599998474121094,51.24320602416992,14214300
2016-08-19,57.43000030517578,57.72999954223633,57.20000076293945,57.619998931884766,51.26099395751953,17271000
2016-08-22,57.599998474121094,57.75,57.2599983215332,57.66999816894531,51.30547332763672,15221900
2016-08-23,57.900001525878906,58.18000030517578,57.849998474121094,57.88999938964844,51.501190185546875,18732400
2016-08-24,57.79999923706055,58.040000915527344,57.720001220703125,57.95000076293945,51.55457305908203,18151500
2016-08-25,57.880001068115234,58.290000915527344,57.779998779296875,58.16999816894531,51.75029373168945,18552600
2016-08-26,58.279998779296875,58.70000076293945,57.689998626708984,58.029998779296875,51.62574005126953,20971200
2016-08-29,58.18000030517578,58.599998474121094,58.099998474121094,58.099998474121094,51.688026428222656,16417200
2016-08-30,57.97999954223633,58.189998626708984,57.61000061035156,57.88999938964844,51.501190185546875,16930200
2016-08-31,57.650001525878906,57.79999923706055,57.29999923706055,57.459999084472656,51.11864471435547,20860300
2016-09-01,57.0099983215332,57.81999969482422,57.0099983215332,57.59000015258789,51.23429489135742,26075400
2016-09-02,57.66999816894531,58.189998626708984,57.41999816894531,57.66999816894531,51.30547332763672,18900500
2016-09-06,57.779998779296875,57.79999923706055,57.209999084472656,57.61000061035156,51.252098083496094,16278400
2016-09-07,57.470001220703125,57.84000015258789,57.40999984741211,57.65999984741211,51.296573638916016,17493400
2016-09-08,57.630001068115234,57.790000915527344,57.18000030517578,57.43000030517578,51.091949462890625,20146100
2016-09-09,56.790000915527344,57.52000045776367,56.209999084472656,56.209999084472656,50.006595611572266,35113900
2016-09-12,56.0,57.209999084472656,55.61000061035156,57.04999923706055,50.753902435302734,29303000
2016-09-13,56.5,56.650001525878906,56.04999923706055,56.529998779296875,50.29128646850586,30130200
2016-09-14,56.38999938964844,56.630001068115234,56.029998779296875,56.2599983215332,50.05107879638672,24062500
2016-09-15,56.150001525878906,57.349998474121094,55.97999954223633,57.189998626708984,50.87844467163086,26847000
2016-09-16,57.630001068115234,57.630001068115234,56.75,57.25,50.931819915771484,44607000
2016-09-19,57.27000045776367,57.75,56.849998474121094,56.93000030517578,50.64714431762695,20937100
2016-09-20,57.349998474121094,57.349998474121094,56.75,56.810001373291016,50.54038619995117,17384000
2016-09-21,57.5099983215332,57.849998474121094,57.08000183105469,57.7599983215332,51.38554382324219,33707300
2016-09-22,57.91999816894531,58.0,57.630001068115234,57.81999969482422,51.43892288208008,19822200
2016-09-23,57.869998931884766,57.90999984741211,57.380001068115234,57.43000030517578,51.091949462890625,19955300
2016-09-26,57.08000183105469,57.13999938964844,56.83000183105469,56.900001525878906,50.620460510253906,21688700
2016-09-27,56.93000030517578,58.060001373291016,56.68000030517578,57.95000076293945,51.55457305908203,28065100
2016-09-28,57.880001068115234,58.060001373291016,57.66999816894531,58.029998779296875,51.62574005126953,20536400
2016-09-29,57.810001373291016,58.16999816894531,57.209999084472656,57.400001525878906,51.06527328491211,25463500
2016-09-30,57.56999969482422,57.77000045776367,57.34000015258789,57.599998474121094,51.24320602416992,29910800
2016-10-03,57.40999984741211,57.54999923706055,57.060001373291016,57.41999816894531,51.08306121826172,19189500
2016-10-04,57.27000045776367,57.599998474121094,56.970001220703125,57.2400016784668,50.92293167114258,20085900
2016-10-05,57.290000915527344,57.959999084472656,57.2599983215332,57.63999938964844,51.27879333496094,16726400
2016-10-06,57.7400016784668,57.86000061035156,57.279998779296875,57.7400016784668,51.36774444580078,16212600
2016-10-07,57.849998474121094,57.97999954223633,57.41999816894531,57.79999923706055,51.42112731933594,20089000
2016-10-10,57.90999984741211,58.38999938964844,57.869998931884766,58.040000915527344,51.634639739990234,18196500
2016-10-11,57.88999938964844,58.02000045776367,56.88999938964844,57.189998626708984,50.87844467163086,26497400
2016-10-12,57.11000061035156,57.27000045776367,56.400001525878906,57.11000061035156,50.80727767944336,22177500
2016-10-13,56.70000076293945,57.29999923706055,56.31999969482422,56.91999816894531,50.63825225830078,25313700
2016-10-14,57.119998931884766,57.7400016784668,57.119998931884766,57.41999816894531,51.08306121826172,27402500
2016-10-17,57.36000061035156,57.459999084472656,56.869998931884766,57.220001220703125,50.90514373779297,23830000
2016-10-18,57.529998779296875,57.95000076293945,57.40999984741211,57.65999984741211,51.296573638916016,19149500
2016-10-19,57.470001220703125,57.84000015258789,57.400001525878906,57.529998779296875,51.18093490600586,22878400
2016-10-20,57.5,57.52000045776367,56.65999984741211,57.25,50.931819915771484,49455600
2016-10-21,60.279998779296875,60.45000076293945,59.4900016784668,59.65999984741211,53.075862884521484,80032200
2016-10-24,59.939998626708984,61.0,59.93000030517578,61.0,54.267967224121094,54067000
2016-10-25,60.849998474121094,61.369998931884766,60.79999923706055,60.9900016784668,54.25907897949219,35137200
2016-10-26,60.810001373291016,61.20000076293945,60.470001220703125,60.630001068115234,53.93878936767578,29911600
2016-10-27,60.61000061035156,60.83000183105469,60.09000015258789,60.099998474121094,53.4672966003418,28479900
2016-10-28,60.0099983215332,60.52000045776367,59.58000183105469,59.869998931884766,53.2626838684082,33574700
2016-10-31,60.15999984741211,60.41999816894531,59.91999816894531,59.91999816894531,53.30715560913086,26434700
2016-11-01,59.970001220703125,60.02000045776367,59.25,59.79999923706055,53.200401306152344,24533000
2016-11-02,59.81999969482422,59.93000030517578,59.29999923706055,59.43000030517578,52.87123489379883,22147000
2016-11-03,59.529998779296875,59.63999938964844,59.11000061035156,59.209999084472656,52.675514221191406,21600400
2016-11-04,58.650001525878906,59.279998779296875,58.52000045776367,58.709999084472656,52.23069381713867,28697000
2016-11-07,59.779998779296875,60.52000045776367,59.779998779296875,60.41999816894531,53.751983642578125,31664800
2016-11-08,60.54999923706055,60.779998779296875,60.150001525878906,60.470001220703125,53.79646301269531,22935400
2016-11-09,60.0,60.59000015258789,59.20000076293945,60.16999816894531,53.52957534790039,49632500
2016-11-10,60.47999954223633,60.4900016784668,57.630001068115234,58.70000076293945,52.221805572509766,57822400
2016-11-11,58.22999954223633,59.119998931884766,58.0099983215332,59.02000045776367,52.50648880004883,38767800
2016-11-14,59.02000045776367,59.08000183105469,57.279998779296875,58.119998931884766,51.705810546875,41328400
2016-11-15,58.33000183105469,59.4900016784668,58.31999969482422,58.869998931884766,52.726844787597656,35904100
2016-11-16,58.939998626708984,59.65999984741211,58.810001373291016,59.650001525878906,53.42545700073242,27332500
2016-11-17,60.40999984741211,60.95000076293945,59.970001220703125,60.63999938964844,54.31214141845703,32132700
2016-11-18,60.779998779296875,61.13999938964844,60.29999923706055,60.349998474121094,54.05240249633789,27686300
2016-11-21,60.5,60.970001220703125,60.41999816894531,60.86000061035156,54.50918960571289,19652600
2016-11-22,60.97999954223633,61.2599983215332,60.810001373291016,61.119998931884766,54.7420654296875,23206700
2016-11-23,61.0099983215332,61.099998474121094,60.25,60.400001525878906,54.09719467163086,21848900
2016-11-25,60.29999923706055,60.529998779296875,60.130001068115234,60.529998779296875,54.213623046875,8409600
2016-11-28,60.34000015258789,61.02000045776367,60.209999084472656,60.61000061035156,54.285282135009766,20732600
2016-11-29,60.650001525878906,61.40999984741211,60.52000045776367,61.09000015258789,54.7151985168457,22366700
2016-11-30,60.86000061035156,61.18000030517578,60.220001220703125,60.2599983215332,53.9718017578125,34655400
2016-12-01,60.11000061035156,60.150001525878906,58.939998626708984,59.20000076293945,53.02241134643555,34542100
2016-12-02,59.08000183105469,59.470001220703125,58.79999923706055,59.25,53.067195892333984,25515700
2016-12-05,59.70000076293945,60.59000015258789,59.560001373291016,60.220001220703125,53.93598556518555,23552700
2016-12-06,60.43000030517578,60.459999084472656,59.79999923706055,59.95000076293945,53.694156646728516,19907000
2016-12-07,60.0099983215332,61.380001068115234,59.79999923706055,61.369998931884766,54.96597671508789,30809000
2016-12-08,61.29999923706055,61.58000183105469,60.84000015258789,61.0099983215332,54.6435432434082,21220800
2016-12-09,61.18000030517578,61.9900016784668,61.130001068115234,61.970001220703125,55.503360748291016,27349400
2016-12-12,61.81999969482422,62.29999923706055,61.720001220703125,62.16999816894531,55.6824951171875,20198100
2016-12-13,62.5,63.41999816894531,62.2400016784668,62.97999954223633,56.407958984375,35718900
2016-12-14,63.0,63.45000076293945,62.529998779296875,62.68000030517578,56.139278411865234,30352700
2016-12-15,62.70000076293945,63.150001525878906,62.29999923706055,62.58000183105469,56.04970932006836,27669900
2016-12-16,62.95000076293945,62.95000076293945,62.119998931884766,62.29999923706055,55.79893112182617,42453100
2016-12-19,62.560001373291016,63.77000045776367,62.41999816894531,63.619998931884766,56.98118209838867,34338200
2016-12-20,63.689998626708984,63.79999923706055,63.029998779296875,63.540000915527344,56.9095344543457,26028400
2016-12-21,63.43000030517578,63.70000076293945,63.119998931884766,63.540000915527344,56.9095344543457,17096300
2016-12-22,63.84000015258789,64.0999984741211,63.40999984741211,63.54999923706055,56.91848373413086,22176600
2016-12-23,63.45000076293945,63.540000915527344,62.79999923706055,63.2400016784668,56.64083480834961,12403800
2016-12-27,63.209999084472656,64.06999969482422,63.209999084472656,63.279998779296875,56.67666244506836,11763200
2016-12-28,63.400001525878906,63.400001525878906,62.83000183105469,62.9900016784668,56.416927337646484,14653300
2016-12-29,62.86000061035156,63.20000076293945,62.72999954223633,62.900001525878906,56.33631134033203,10250600
2016-12-30,62.959999084472656,62.9900016784668,62.029998779296875,62.13999938964844,55.65562438964844,25579900
2017-01-03,62.790000915527344,62.84000015258789,62.130001068115234,62.58000183105469,56.04970932006836,20694100
2017-01-04,62.47999954223633,62.75,62.119998931884766,62.29999923706055,55.79893112182617,21340000
2017-01-05,62.189998626708984,62.65999984741211,62.029998779296875,62.29999923706055,55.79893112182617,24876000
2017-01-06,62.29999923706055,63.150001525878906,62.040000915527344,62.84000015258789,56.282562255859375,19922900
2017-01-09,62.7599983215332,63.08000183105469,62.540000915527344,62.63999938964844,56.10343933105469,20382700
2017-01-10,62.72999954223633,63.06999969482422,62.279998779296875,62.619998931884766,56.08552932739258,18593000
2017-01-11,62.61000061035156,63.22999954223633,62.43000030517578,63.189998626708984,56.59605026245117,21517300
2017-01-12,63.060001373291016,63.400001525878906,61.95000076293945,62.61000061035156,56.07659149169922,20968200
2017-01-13,62.619998931884766,62.869998931884766,62.349998474121094,62.70000076293945,56.15717315673828,19422300
2017-01-17,62.68000030517578,62.70000076293945,62.029998779296875,62.529998779296875,56.00492858886719,20664000
2017-01-18,62.66999816894531,62.70000076293945,62.119998931884766,62.5,55.97806167602539,19670100
2017-01-19,62.2400016784668,62.97999954223633,62.20000076293945,62.29999923706055,55.79893112182617,18451700
2017-01-20,62.66999816894531,62.81999969482422,62.369998931884766,62.7400016784668,56.19301986694336,30213500
2017-01-23,62.70000076293945,63.119998931884766,62.56999969482422,62.959999084472656,56.390052795410156,23097600
2017-01-24,63.20000076293945,63.7400016784668,62.939998626708984,63.52000045776367,56.891624450683594,24672900
2017-01-25,63.95000076293945,64.0999984741211,63.45000076293945,63.68000030517578,57.034908294677734,23672700
2017-01-26,64.12000274658203,64.54000091552734,63.54999923706055,64.2699966430664,57.563350677490234,43554600
2017-01-27,65.38999938964844,65.91000366210938,64.88999938964844,65.77999877929688,58.915775299072266,44818000
2017-01-30,65.69000244140625,65.79000091552734,64.80000305175781,65.12999725341797,58.333621978759766,31651400
2017-01-31,64.86000061035156,65.1500015258789,64.26000213623047,64.6500015258789,57.90371322631836,25270500
2017-02-01,64.36000061035156,64.62000274658203,63.470001220703125,63.58000183105469,56.945350646972656,39671500
2017-02-02,63.25,63.40999984741211,62.75,63.16999816894531,56.57813262939453,45827000
2017-02-03,63.5,63.70000076293945,63.06999969482422,63.68000030517578,57.034908294677734,30301800
2017-02-06,63.5,63.650001525878906,63.13999938964844,63.63999938964844,56.99909210205078,19796400
2017-02-07,63.7400016784668,63.779998779296875,63.22999954223633,63.43000030517578,56.81101608276367,20277200
2017-02-08,63.56999969482422,63.810001373291016,63.220001220703125,63.34000015258789,56.73040008544922,18096400
2017-02-09,63.52000045776367,64.44000244140625,63.31999969482422,64.05999755859375,57.375267028808594,22644400
2017-02-10,64.25,64.30000305175781,63.97999954223633,64.0,57.321529388427734,18170700
2017-02-13,64.23999786376953,64.86000061035156,64.12999725341797,64.72000122070312,57.966392517089844,22920100
2017-02-14,64.41000366210938,64.72000122070312,64.0199966430664,64.56999969482422,58.182655334472656,23108400
2017-02-15,64.5,64.56999969482422,64.16000366210938,64.52999877929688,58.146610260009766,17005200
2017-02-16,64.73999786376953,65.23999786376953,64.44000244140625,64.5199966430664,58.137596130371094,20546300
2017-02-17,64.47000122070312,64.69000244140625,64.30000305175781,64.62000274658203,58.22772216796875,21248800
2017-02-21,64.61000061035156,64.94999694824219,64.44999694824219,64.48999786376953,58.11056900024414,20655900
2017-02-22,64.33000183105469,64.38999938964844,64.05000305175781,64.36000061035156,57.9934196472168,19292700
2017-02-23,64.41999816894531,64.7300033569336,64.19000244140625,64.62000274658203,58.22772216796875,20273100
2017-02-24,64.52999877929688,64.80000305175781,64.13999938964844,64.62000274658203,58.22772216796875,21796800
2017-02-27,64.54000091552734,64.54000091552734,64.05000305175781,64.2300033569336,57.87629318237305,15871500
2017-02-28,64.08000183105469,64.19999694824219,63.7599983215332,63.97999954223633,57.65101623535156,23239800
2017-03-01,64.12999725341797,64.98999786376953,64.0199966430664,64.94000244140625,58.51606369018555,26937500
2017-03-02,64.69000244140625,64.75,63.880001068115234,64.01000213623047,57.67805480957031,24539600
2017-03-03,63.9900016784668,64.27999877929688,63.619998931884766,64.25,57.894317626953125,18135900
2017-03-06,63.970001220703125,64.55999755859375,63.810001373291016,64.2699966430664,57.91233444213867,18750300
2017-03-07,64.19000244140625,64.77999877929688,64.19000244140625,64.4000015258789,58.02946090698242,18521000
2017-03-08,64.26000213623047,65.08000183105469,64.25,64.98999786376953,58.56111145019531,21510900
2017-03-09,65.19000244140625,65.19999694824219,64.4800033569336,64.7300033569336,58.32682418823242,19846800
2017-03-10,65.11000061035156,65.26000213623047,64.75,64.93000030517578,58.507041931152344,19538200
2017-03-13,65.01000213623047,65.19000244140625,64.56999969482422,64.70999908447266,58.308807373046875,20100000
2017-03-14,64.52999877929688,64.55000305175781,64.1500015258789,64.41000366210938,58.03848648071289,14280200
2017-03-15,64.55000305175781,64.91999816894531,64.25,64.75,58.344852447509766,24833800
2017-03-16,64.75,64.76000213623047,64.30000305175781,64.63999938964844,58.24571990966797,20674300
2017-03-17,64.91000366210938,65.23999786376953,64.68000030517578,64.87000274658203,58.452980041503906,49219700
2017-03-20,64.91000366210938,65.18000030517578,64.72000122070312,64.93000030517578,58.507041931152344,14598100
2017-03-21,65.19000244140625,65.5,64.12999725341797,64.20999908447266,57.85826110839844,26640500
2017-03-22,64.12000274658203,65.13999938964844,64.12000274658203,65.02999877929688,58.597145080566406,20680000
2017-03-23,64.94000244140625,65.23999786376953,64.7699966430664,64.87000274658203,58.452980041503906,19269200
2017-03-24,65.36000061035156,65.44999694824219,64.76000213623047,64.9800033569336,58.55208969116211,22617100
2017-03-27,64.62999725341797,65.22000122070312,64.3499984741211,65.0999984741211,58.66022491455078,18614700
2017-03-28,64.95999908447266,65.47000122070312,64.6500015258789,65.29000091552734,58.83143615722656,20080400
2017-03-29,65.12000274658203,65.5,64.94999694824219,65.47000122070312,58.99363327026367,13618400
2017-03-30,65.41999816894531,65.9800033569336,65.36000061035156,65.70999908447266,59.209896087646484,15122800
2017-03-31,65.6500015258789,66.19000244140625,65.44999694824219,65.86000061035156,59.345027923583984,21040300
2017-04-03,65.80999755859375,65.94000244140625,65.19000244140625,65.55000305175781,59.06571960449219,20400900
2017-04-04,65.38999938964844,65.80999755859375,65.27999877929688,65.7300033569336,59.227909088134766,12997400
2017-04-05,66.30000305175781,66.3499984741211,65.44000244140625,65.55999755859375,59.074729919433594,21448600
2017-04-06,65.5999984741211,66.05999755859375,65.4800033569336,65.7300033569336,59.227909088134766,18103500
2017-04-07,65.8499984741211,65.95999908447266,65.44000244140625,65.68000030517578,59.182857513427734,14108500
2017-04-10,65.61000061035156,65.81999969482422,65.36000061035156,65.52999877929688,59.04768753051758,17952700
2017-04-11,65.5999984741211,65.61000061035156,64.8499984741211,65.4800033569336,59.00265121459961,18791500
2017-04-12,65.41999816894531,65.51000213623047,65.11000061035156,65.2300033569336,58.777374267578125,17108500
2017-04-13,65.29000091552734,65.86000061035156,64.94999694824219,64.94999694824219,58.52506637573242,17896500
2017-04-17,65.04000091552734,65.48999786376953,65.01000213623047,65.4800033569336,59.00265121459961,16689300
2017-04-18,65.33000183105469,65.70999908447266,65.16000366210938,65.38999938964844,58.92155075073242,15155600
2017-04-19,65.6500015258789,65.75,64.88999938964844,65.04000091552734,58.60614776611328,26992800
2017-04-20,65.45999908447266,65.75,65.13999938964844,65.5,59.02066421508789,22299500
2017-04-21,65.66999816894531,66.69999694824219,65.44999694824219,66.4000015258789,59.831626892089844,32522600
2017-04-24,67.4800033569336,67.66000366210938,67.0999984741211,67.52999877929688,60.84986114501953,29770000
2017-04-25,67.9000015258789,68.04000091552734,67.5999984741211,67.91999816894531,61.20126724243164,30242700
2017-04-26,68.08000183105469,68.30999755859375,67.62000274658203,67.83000183105469,61.12018585205078,26190800
2017-04-27,68.1500015258789,68.37999725341797,67.58000183105469,68.2699966430664,61.51664352416992,34971000
2017-04-28,68.91000366210938,69.13999938964844,67.69000244140625,68.45999908447266,61.68785858154297,39548800
2017-05-01,68.68000030517578,69.55000305175781,68.5,69.41000366210938,62.54386901855469,31954400
2017-05-02,69.70999908447266,69.70999908447266,69.12999725341797,69.30000305175781,62.444766998291016,23906100
2017-05-03,69.37999725341797,69.37999725341797,68.70999908447266,69.08000183105469,62.24650955200195,28928000
2017-05-04,69.02999877929688,69.08000183105469,68.63999938964844,68.80999755859375,62.00323486328125,21749400
2017-05-05,68.9000015258789,69.02999877929688,68.48999786376953,69.0,62.174434661865234,19128800
2017-05-08,68.97000122070312,69.05000305175781,68.41999816894531,68.94000244140625,62.120365142822266,18566100
2017-05-09,68.86000061035156,69.27999877929688,68.68000030517578,69.04000091552734,62.21048355102539,22858400
2017-05-10,68.98999786376953,69.55999755859375,68.91999816894531,69.30999755859375,62.45377731323242,17977800
2017-05-11,68.36000061035156,68.7300033569336,68.12000274658203,68.45999908447266,61.68785858154297,28789400
2017-05-12,68.61000061035156,68.61000061035156,68.04000091552734,68.37999725341797,61.615760803222656,18714100
2017-05-15,68.13999938964844,68.4800033569336,67.56999969482422,68.43000030517578,61.66081619262695,31530300
2017-05-16,68.2300033569336,69.44000244140625,68.16000366210938,69.41000366210938,62.90237045288086,34956000
2017-05-17,68.88999938964844,69.0999984741211,67.43000030517578,67.4800033569336,61.15333557128906,30548800
2017-05-18,67.4000015258789,68.12999725341797,67.13999938964844,67.70999908447266,61.361759185791016,25201300
2017-05-19,67.5,68.0999984741211,67.43000030517578,67.69000244140625,61.34362030029297,26961100
2017-05-22,67.88999938964844,68.5,67.5,68.44999694824219,62.03235626220703,16237600
2017-05-23,68.72000122070312,68.75,68.37999725341797,68.68000030517578,62.24082946777344,15425800
2017-05-24,68.87000274658203,68.87999725341797,68.44999694824219,68.7699966430664,62.32238006591797,14593900
2017-05-25,68.97000122070312,69.87999725341797,68.91000366210938,69.62000274658203,63.09267807006836,21854100
2017-05-26,69.80000305175781,70.22000122070312,69.5199966430664,69.95999908447266,63.400821685791016,19827900
2017-05-30,69.79000091552734,70.41000366210938,69.7699966430664,70.41000366210938,63.80862808227539,17072800
2017-05-31,70.52999877929688,70.73999786376953,69.80999755859375,69.83999633789062,63.292057037353516,30436400
2017-06-01,70.23999786376953,70.61000061035156,69.44999694824219,70.0999984741211,63.527679443359375,21603600
2017-06-02,70.44000244140625,71.86000061035156,70.23999786376953,71.76000213623047,65.03204345703125,34770300
2017-06-05,71.97000122070312,72.88999938964844,71.80999755859375,72.27999877929688,65.5032958984375,33316800
2017-06-06,72.30000305175781,72.62000274658203,72.2699966430664,72.5199966430664,65.7208023071289,31511100
2017-06-07,72.63999938964844,72.7699966430664,71.94999694824219,72.38999938964844,65.60299682617188,22301800
2017-06-08,72.51000213623047,72.5199966430664,71.5,71.94999694824219,65.2042236328125,24588300
2017-06-09,72.04000091552734,72.08000183105469,68.58999633789062,70.31999969482422,63.72704315185547,49187400
2017-06-12,69.25,69.94000244140625,68.12999725341797,69.77999877929688,63.23768615722656,47761700
2017-06-13,70.0199966430664,70.81999969482422,69.95999908447266,70.6500015258789,64.02611541748047,25258600
2017-06-14,70.91000366210938,71.0999984741211,69.43000030517578,70.2699966430664,63.681732177734375,25510700
2017-06-15,69.2699966430664,70.20999908447266,68.80000305175781,69.9000015258789,63.34644317626953,26068700
2017-06-16,69.7300033569336,70.02999877929688,69.22000122070312,70.0,63.43706130981445,48345100
2017-06-19,70.5,70.94000244140625,70.3499984741211,70.87000274658203,64.22549438476562,23798300
2017-06-20,70.81999969482422,70.87000274658203,69.87000274658203,69.91000366210938,63.355525970458984,21512200
2017-06-21,70.20999908447266,70.62000274658203,69.94000244140625,70.2699966430664,63.681732177734375,19891100
2017-06-22,70.54000091552734,70.58999633789062,69.70999908447266,70.26000213623047,63.67268753051758,22965700
2017-06-23,70.08999633789062,71.25,69.91999816894531,71.20999908447266,64.53362274169922,27617300
2017-06-26,71.4000015258789,71.70999908447266,70.44000244140625,70.52999877929688,63.91737365722656,19607000
2017-06-27,70.11000061035156,70.18000030517578,69.18000030517578,69.20999908447266,62.72111892700195,25215100
2017-06-28,69.20999908447266,69.83999633789062,68.79000091552734,69.80000305175781,63.255794525146484,25806200
2017-06-29,69.37999725341797,69.48999786376953,68.08999633789062,68.48999786376953,62.06863021850586,28918700
2017-06-30,68.77999877929688,69.37999725341797,68.73999786376953,68.93000030517578,62.46736145019531,24161100
2017-07-03,69.33000183105469,69.5999984741211,68.0199966430664,68.16999816894531,61.77861785888672,16165500
2017-07-05,68.26000213623047,69.44000244140625,68.22000122070312,69.08000183105469,62.60330581665039,21176300
2017-07-06,68.2699966430664,68.77999877929688,68.12000274658203,68.56999969482422,62.1411247253418,21117600
2017-07-07,68.69999694824219,69.83999633789062,68.69999694824219,69.45999908447266,62.94767761230469,16878300
2017-07-10,69.45999908447266,70.25,69.19999694824219,69.9800033569336,63.41893005371094,15014500
2017-07-11,70.0,70.68000030517578,69.75,69.98999786376953,63.42799758911133,17460000
2017-07-12,70.69000244140625,71.27999877929688,70.55000305175781,71.1500015258789,64.47926330566406,17750900
2017-07-13,71.5,72.04000091552734,71.30999755859375,71.7699966430664,65.04112243652344,20269800
2017-07-14,72.23999786376953,73.2699966430664,71.95999908447266,72.77999877929688,65.9564208984375,25868100
2017-07-17,72.80000305175781,73.44999694824219,72.72000122070312,73.3499984741211,66.47297668457031,21803900
2017-07-18,73.08999633789062,73.38999938964844,72.66000366210938,73.30000305175781,66.42765045166016,26435300
2017-07-19,73.5,74.04000091552734,73.44999694824219,73.86000061035156,66.93513488769531,22416200
2017-07-20,74.18000030517578,74.30000305175781,73.27999877929688,74.22000122070312,67.26141357421875,42361000
2017-07-21,73.44999694824219,74.29000091552734,73.16999816894531,73.79000091552734,66.87175750732422,46717100
2017-07-24,73.52999877929688,73.75,73.12999725341797,73.5999984741211,66.69952392578125,21394800
2017-07-25,73.80000305175781,74.30999755859375,73.5,74.19000244140625,67.23419952392578,22018700
2017-07-26,74.33999633789062,74.37999725341797,73.80999755859375,74.05000305175781,67.10736083984375,16252200
2017-07-27,73.76000213623047,74.41999816894531,72.31999969482422,73.16000366210938,66.30078125,36844200
2017-07-28,72.66999816894531,73.30999755859375,72.54000091552734,73.04000091552734,66.19205474853516,18306700
2017-07-31,73.30000305175781,73.44000244140625,72.41000366210938,72.69999694824219,65.88391876220703,23600100
2017-08-01,73.0999984741211,73.41999816894531,72.48999786376953,72.58000183105469,65.77517700195312,22132300
2017-08-02,72.55000305175781,72.55999755859375,71.44000244140625,72.26000213623047,65.48516845703125,26499200
2017-08-03,72.19000244140625,72.44000244140625,71.8499984741211,72.1500015258789,65.38549041748047,18214400
2017-08-04,72.4000015258789,73.04000091552734,72.23999786376953,72.68000030517578,65.86579132080078,22579000
2017-08-07,72.80000305175781,72.9000015258789,72.26000213623047,72.4000015258789,65.61204528808594,18705700
2017-08-08,72.08999633789062,73.12999725341797,71.75,72.79000091552734,65.96549987792969,22044600
2017-08-09,72.25,72.51000213623047,72.05000305175781,72.47000122070312,65.67546081542969,22213400
2017-08-10,71.9000015258789,72.19000244140625,71.3499984741211,71.41000366210938,64.71484375,24734500
2017-08-11,71.61000061035156,72.69999694824219,71.27999877929688,72.5,65.70266723632812,21443700
2017-08-14,73.05999755859375,73.72000122070312,72.94999694824219,73.58999633789062,66.69049072265625,20096600
2017-08-15,73.58999633789062,73.58999633789062,73.04000091552734,73.22000122070312,66.70869445800781,19181400
2017-08-16,73.33999633789062,74.0999984741211,73.16999816894531,73.6500015258789,67.1004638671875,18150400
2017-08-17,73.58000183105469,73.87000274658203,72.4000015258789,72.4000015258789,65.96161651611328,22977500
2017-08-18,72.2699966430664,72.83999633789062,71.93000030517578,72.48999786376953,66.04360961914062,18761500
2017-08-21,72.47000122070312,72.4800033569336,71.69999694824219,72.1500015258789,65.7338638305664,17734800
2017-08-22,72.3499984741211,73.23999786376953,72.3499984741211,73.16000366210938,66.65402221679688,14343700
2017-08-23,72.95999908447266,73.1500015258789,72.52999877929688,72.72000122070312,66.2531509399414,13766500
2017-08-24,72.73999786376953,72.86000061035156,72.06999969482422,72.69000244140625,66.22583770751953,17098300
2017-08-25,72.86000061035156,73.3499984741211,72.4800033569336,72.81999969482422,66.34428405761719,12794300
2017-08-28,73.05999755859375,73.08999633789062,72.55000305175781,72.83000183105469,66.35338592529297,14569700
2017-08-29,72.25,73.16000366210938,72.05000305175781,73.05000305175781,66.55382537841797,11478400
2017-08-30,73.01000213623047,74.20999908447266,72.83000183105469,74.01000213623047,67.4284439086914,16897800
2017-08-31,74.02999877929688,74.95999908447266,73.80000305175781,74.7699966430664,68.12086486816406,27652800
2017-09-01,74.70999908447266,74.73999786376953,73.63999938964844,73.94000244140625,67.36466979980469,21736200
2017-09-05,73.33999633789062,73.88999938964844,72.9800033569336,73.61000061035156,67.0639877319336,21556000
2017-09-06,73.73999786376953,74.04000091552734,73.3499984741211,73.4000015258789,66.87269592285156,16535800
2017-09-07,73.68000030517578,74.5999984741211,73.5999984741211,74.33999633789062,67.72908782958984,17471200
2017-09-08,74.33000183105469,74.44000244140625,73.83999633789062,73.9800033569336,67.40111541748047,14703800
2017-09-11,74.30999755859375,74.94000244140625,74.30999755859375,74.76000213623047,68.11177062988281,17910400
2017-09-12,74.76000213623047,75.23999786376953,74.37000274658203,74.68000030517578,68.03885650634766,14394900
2017-09-13,74.93000030517578,75.2300033569336,74.55000305175781,75.20999908447266,68.52173614501953,13380800
2017-09-14,75.0,75.48999786376953,74.5199966430664,74.7699966430664,68.12086486816406,15733900
2017-09-15,74.83000183105469,75.38999938964844,74.06999969482422,75.30999755859375,68.61283874511719,38578400
2017-09-18,75.2300033569336,75.97000122070312,75.04000091552734,75.16000366210938,68.47618865966797,23307000
2017-09-19,75.20999908447266,75.70999908447266,75.01000213623047,75.44000244140625,68.73126983642578,16093300
2017-09-20,75.3499984741211,75.55000305175781,74.30999755859375,74.94000244140625,68.2757568359375,21587900
2017-09-21,75.11000061035156,75.23999786376953,74.11000061035156,74.20999908447266,67.61066436767578,19186100
2017-09-22,73.98999786376953,74.51000213623047,73.8499984741211,74.41000366210938,67.7928695678711,14111400
2017-09-25,74.08999633789062,74.25,72.91999816894531,73.26000213623047,66.74512481689453,24149200
2017-09-26,73.66999816894531,73.80999755859375,72.98999786376953,73.26000213623047,66.74512481689453,18019600
2017-09-27,73.55000305175781,74.16999816894531,73.16999816894531,73.8499984741211,67.28264617919922,19565100
2017-09-28,73.54000091552734,73.97000122070312,73.30999755859375,73.87000274658203,67.30089569091797,10883800
2017-09-29,73.94000244140625,74.54000091552734,73.87999725341797,74.48999786376953,67.86576080322266,17079100
2017-10-02,74.70999908447266,75.01000213623047,74.30000305175781,74.61000061035156,67.97508239746094,15304800
2017-10-03,74.66999816894531,74.87999725341797,74.19000244140625,74.26000213623047,67.65621185302734,12190400
2017-10-04,74.08999633789062,74.72000122070312,73.70999908447266,74.69000244140625,68.04798889160156,13317700
2017-10-05,75.22000122070312,76.12000274658203,74.95999908447266,75.97000122070312,69.2141342163086,21195300
2017-10-06,75.66999816894531,76.02999877929688,75.54000091552734,76.0,69.24149322509766,13959800
2017-10-09,75.97000122070312,76.55000305175781,75.86000061035156,76.29000091552734,69.50566864013672,11386500
2017-10-10,76.33000183105469,76.62999725341797,76.13999938964844,76.29000091552734,69.50566864013672,13944500
2017-10-11,76.36000061035156,76.45999908447266,75.94999694824219,76.41999816894531,69.62411499023438,15388900
2017-10-12,76.48999786376953,77.29000091552734,76.37000274658203,77.12000274658203,70.2618408203125,16876500
2017-10-13,77.58999633789062,77.87000274658203,77.29000091552734,77.48999786376953,70.5989761352539,15335700
2017-10-16,77.41999816894531,77.80999755859375,77.3499984741211,77.6500015258789,70.7447509765625,12380100
2017-10-17,77.47000122070312,77.62000274658203,77.25,77.58999633789062,70.69005584716797,16824000
2017-10-18,77.66999816894531,77.8499984741211,77.37000274658203,77.61000061035156,70.70829772949219,13300700
2017-10-19,77.56999969482422,77.93000030517578,77.3499984741211,77.91000366210938,70.98160552978516,15092800
2017-10-20,78.31999969482422,78.97000122070312,78.22000122070312,78.80999755859375,71.80157470703125,22866400
2017-10-23,78.98999786376953,79.33999633789062,78.76000213623047,78.83000183105469,71.81979370117188,20627200
2017-10-24,78.9000015258789,79.19999694824219,78.45999908447266,78.86000061035156,71.84712219238281,17517200
2017-10-25,78.58000183105469,79.0999984741211,78.01000213623047,78.62999725341797,71.63760375976562,20410800
2017-10-26,79.19999694824219,79.41999816894531,78.75,78.76000213623047,71.75601959228516,32120700
2017-10-27,84.37000274658203,86.19999694824219,83.61000061035156,83.80999755859375,76.35692596435547,71066700
2017-10-30,83.69999694824219,84.33000183105469,83.11000061035156,83.88999938964844,76.42982482910156,31756700
2017-10-31,84.36000061035156,84.36000061035156,83.11000061035156,83.18000030517578,75.78298950195312,27086600
2017-11-01,83.68000030517578,83.76000213623047,82.87999725341797,83.18000030517578,75.78298950195312,22307400
2017-11-02,83.3499984741211,84.45999908447266,83.12000274658203,84.05000305175781,76.57559967041016,23992900
2017-11-03,84.08000183105469,84.54000091552734,83.4000015258789,84.13999938964844,76.65760040283203,17633500
2017-11-06,84.19999694824219,84.69999694824219,84.08000183105469,84.47000122070312,76.95824432373047,19860900
2017-11-07,84.7699966430664,84.9000015258789,83.93000030517578,84.2699966430664,76.77603149414062,17939700
2017-11-08,84.13999938964844,84.61000061035156,83.83000183105469,84.55999755859375,77.04023742675781,18034200
2017-11-09,84.11000061035156,84.2699966430664,82.9000015258789,84.08999633789062,76.6120376586914,21178400
2017-11-10,83.79000091552734,84.0999984741211,83.2300033569336,83.87000274658203,76.41161346435547,19397800
2017-11-13,83.66000366210938,83.94000244140625,83.45999908447266,83.93000030517578,76.4662857055664,14196900
2017-11-14,83.5,84.0999984741211,82.9800033569336,84.05000305175781,76.57559967041016,18801300
2017-11-15,83.47000122070312,83.69000244140625,82.69000244140625,82.9800033569336,75.9804458618164,19383100
2017-11-16,83.0999984741211,83.41999816894531,82.94000244140625,83.19999694824219,76.18186950683594,20962800
2017-11-17,83.12000274658203,83.12000274658203,82.23999786376953,82.4000015258789,75.44935607910156,22079000
2017-11-20,82.4000015258789,82.58999633789062,82.25,82.52999877929688,75.56836700439453,16315000
2017-11-21,82.73999786376953,83.83999633789062,82.73999786376953,83.72000122070312,76.65802001953125,21237500
2017-11-22,83.83000183105469,83.9000015258789,83.04000091552734,83.11000061035156,76.09944915771484,20553100
2017-11-24,83.01000213623047,83.43000030517578,82.77999877929688,83.26000213623047,76.23682403564453,7425600
2017-11-27,83.30999755859375,83.9800033569336,83.30000305175781,83.87000274658203,76.79536437988281,18265200
2017-11-28,84.06999969482422,85.05999755859375,84.0199966430664,84.87999725341797,77.72016906738281,21926000
2017-11-29,84.70999908447266,84.91999816894531,83.18000030517578,83.33999633789062,76.31005096435547,27381100
2017-11-30,83.51000213623047,84.5199966430664,83.33999633789062,84.16999816894531,77.07005310058594,33054600
2017-12-01,83.5999984741211,84.80999755859375,83.22000122070312,84.26000213623047,77.15245819091797,29532100
2017-12-04,84.41999816894531,84.43000030517578,80.69999694824219,81.08000183105469,74.24072265625,39094900
2017-12-05,81.33999633789062,82.68000030517578,80.9800033569336,81.58999633789062,74.70768737792969,26152300
2017-12-06,81.55000305175781,83.13999938964844,81.43000030517578,82.77999877929688,75.79731750488281,26162100
2017-12-07,82.54000091552734,82.80000305175781,82.0,82.48999786376953,75.53178405761719,23184500
2017-12-08,83.62999725341797,84.58000183105469,83.33000183105469,84.16000366210938,77.0608901977539,24489100
2017-12-11,84.29000091552734,85.37000274658203,84.12000274658203,85.2300033569336,78.04065704345703,22857900
2017-12-12,85.30999755859375,86.05000305175781,85.08000183105469,85.58000183105469,78.36111450195312,23924100
2017-12-13,85.73999786376953,86.0,85.16999816894531,85.3499984741211,78.1505126953125,22062700
2017-12-14,85.43000030517578,85.87000274658203,84.52999877929688,84.69000244140625,77.54617309570312,19306000
2017-12-15,85.26000213623047,87.08999633789062,84.87999725341797,86.8499984741211,79.52400207519531,53936700
2017-12-18,87.12000274658203,87.5,86.2300033569336,86.37999725341797,79.09361267089844,22283800
2017-12-19,86.3499984741211,86.3499984741211,85.2699966430664,85.83000183105469,78.59001159667969,23524800
2017-12-20,86.19999694824219,86.30000305175781,84.70999908447266,85.5199966430664,78.30615997314453,23674900
2017-12-21,86.05000305175781,86.0999984741211,85.4000015258789,85.5,78.28787231445312,17990700
2017-12-22,85.4000015258789,85.62999725341797,84.91999816894531,85.51000213623047,78.29702758789062,14145800
2017-12-26,85.30999755859375,85.52999877929688,85.02999877929688,85.4000015258789,78.1963119506836,9891200
2017-12-27,85.6500015258789,85.9800033569336,85.22000122070312,85.70999908447266,78.48015594482422,14678000
2017-12-28,85.9000015258789,85.93000030517578,85.55000305175781,85.72000122070312,78.48929595947266,10594300
2017-12-29,85.62999725341797,86.05000305175781,85.5,85.54000091552734,78.32447814941406,18717400
2018-01-02,86.12999725341797,86.30999755859375,85.5,85.94999694824219,78.69989776611328,22483800
2018-01-03,86.05999755859375,86.51000213623047,85.97000122070312,86.3499984741211,79.06615447998047,26061400
2018-01-04,86.58999633789062,87.66000366210938,86.56999969482422,87.11000061035156,79.76204681396484,21912000
2018-01-05,87.66000366210938,88.41000366210938,87.43000030517578,88.19000244140625,80.75093841552734,23407100
2018-01-08,88.19999694824219,88.58000183105469,87.5999984741211,88.27999877929688,80.83335876464844,22113000
2018-01-09,88.6500015258789,88.7300033569336,87.86000061035156,88.22000122070312,80.77843475341797,19484300
2018-01-10,87.86000061035156,88.19000244140625,87.41000366210938,87.81999969482422,80.41217041015625,18652200
2018-01-11,88.12999725341797,88.12999725341797,87.23999786376953,88.08000183105469,80.65022277832031,17808900
2018-01-12,88.66999816894531,89.77999877929688,88.44999694824219,89.5999984741211,82.04203796386719,24271500
2018-01-16,90.0999984741211,90.79000091552734,88.01000213623047,88.3499984741211,80.8974380493164,36599700
2018-01-17,89.08000183105469,90.27999877929688,88.75,90.13999938964844,82.5364761352539,25621200
2018-01-18,89.80000305175781,90.66999816894531,89.66000366210938,90.0999984741211,82.4998550415039,24159700
2018-01-19,90.13999938964844,90.61000061035156,89.66000366210938,90.0,82.40827178955078,36875000
2018-01-22,90.0,91.62000274658203,89.73999786376953,91.61000061035156,83.88247680664062,23601600
2018-01-23,91.9000015258789,92.30000305175781,91.54000091552734,91.9000015258789,84.14800262451172,23412800
2018-01-24,92.55000305175781,93.43000030517578,91.58000183105469,91.81999969482422,84.07474517822266,33277500
2018-01-25,92.47000122070312,93.23999786376953,91.93000030517578,92.33000183105469,84.54175567626953,26383200
2018-01-26,93.12000274658203,94.05999755859375,92.58000183105469,94.05999755859375,86.12580108642578,29172200
2018-01-29,95.13999938964844,95.44999694824219,93.72000122070312,93.91999816894531,85.99761962890625,31569900
2018-01-30,93.30000305175781,93.66000366210938,92.0999984741211,92.73999786376953,84.91718292236328,38635100
2018-01-31,93.75,95.4000015258789,93.51000213623047,95.01000213623047,86.99569702148438,48756300
2018-02-01,94.79000091552734,96.06999969482422,93.58000183105469,94.26000213623047,86.30894470214844,47227900
2018-02-02,93.63999938964844,93.97000122070312,91.5,91.77999877929688,84.03814697265625,47867800
2018-02-05,90.55999755859375,93.23999786376953,88.0,88.0,80.57699584960938,51031500
2018-02-06,86.88999938964844,91.4800033569336,85.25,91.33000183105469,83.62610626220703,67998600
2018-02-07,90.48999786376953,91.7699966430664,89.19999694824219,89.61000061035156,82.0511703491211,41107600
2018-02-08,89.70999908447266,89.87999725341797,84.76000213623047,85.01000213623047,77.83918762207031,55628700
2018-02-09,86.30000305175781,88.93000030517578,83.83000183105469,88.18000030517578,80.7417984008789,63499100
2018-02-12,88.73999786376953,89.77999877929688,87.93000030517578,89.12999725341797,81.61164855957031,35720300
2018-02-13,88.93000030517578,90.0,87.80000305175781,89.83000183105469,82.25262451171875,26407700
2018-02-14,88.51000213623047,90.98999786376953,88.41000366210938,90.80999755859375,83.54053497314453,34960900
2018-02-15,91.20999908447266,92.72000122070312,90.62000274658203,92.66000366210938,85.24246215820312,27823900
2018-02-16,92.44999694824219,93.5,91.80000305175781,92.0,84.63531494140625,30596900
2018-02-20,91.4800033569336,93.05999755859375,91.01000213623047,92.72000122070312,85.29764556884766,30911700
2018-02-21,92.9800033569336,93.36000061035156,91.48999786376953,91.48999786376953,84.16607666015625,26922500
2018-02-22,92.05000305175781,92.7300033569336,91.36000061035156,91.7300033569336,84.38687896728516,24392800
2018-02-23,93.5999984741211,94.06999969482422,92.36000061035156,94.05999755859375,86.5303955078125,26329200
2018-02-26,94.4000015258789,95.44999694824219,94.25,95.41999816894531,87.78150939941406,30199800
2018-02-27,95.73999786376953,95.83999633789062,94.19999694824219,94.19999694824219,86.6591796875,25869100
2018-02-28,94.83999633789062,95.70999908447266,93.62999725341797,93.7699966430664,86.26360321044922,31167300
2018-03-01,93.98999786376953,94.56999969482422,91.83999633789062,92.8499984741211,85.417236328125,37135600
2018-03-02,91.58000183105469,93.1500015258789,90.86000061035156,93.05000305175781,85.60123443603516,32830400
2018-03-05,92.33999633789062,94.2699966430664,92.26000213623047,93.63999938964844,86.14401245117188,23901600
2018-03-06,94.33999633789062,94.48999786376953,92.94000244140625,93.31999969482422,85.84960174560547,22175800
2018-03-07,93.16000366210938,93.94000244140625,92.43000030517578,93.86000061035156,86.34639739990234,26716100
2018-03-08,94.2699966430664,95.0999984741211,93.7699966430664,94.43000030517578,86.87078094482422,25887800
2018-03-09,95.29000091552734,96.54000091552734,95.0,96.54000091552734,88.81185150146484,36937300
2018-03-12,96.5,97.20999908447266,96.04000091552734,96.7699966430664,89.02342224121094,26073700
2018-03-13,97.0,97.23999786376953,93.97000122070312,94.41000366210938,86.85237121582031,35387800
2018-03-14,95.12000274658203,95.41000366210938,93.5,93.8499984741211,86.3371810913086,32132000
2018-03-15,93.52999877929688,94.58000183105469,92.83000183105469,94.18000030517578,86.64079284667969,27611000
2018-03-16,94.68000030517578,95.37999725341797,93.91999816894531,94.5999984741211,87.02714538574219,49081300
2018-03-19,93.73999786376953,93.9000015258789,92.11000061035156,92.88999938964844,85.45402526855469,33344100
2018-03-20,93.05000305175781,93.7699966430664,93.0,93.12999725341797,85.6748275756836,23075200
2018-03-21,92.93000030517578,94.05000305175781,92.20999908447266,92.4800033569336,85.07686614990234,24457100
2018-03-22,91.2699966430664,91.75,89.66000366210938,89.79000091552734,82.60218811035156,38604700
2018-03-23,89.5,90.45999908447266,87.08000183105469,87.18000030517578,80.20111846923828,44068900
2018-03-26,90.61000061035156,94.0,90.4000015258789,93.77999877929688,86.2728042602539,56396800
2018-03-27,94.94000244140625,95.13999938964844,88.51000213623047,89.47000122070312,82.30783081054688,56569000
2018-03-28,89.81999969482422,91.2300033569336,88.87000274658203,89.38999938964844,82.23421478271484,52501100
2018-03-29,90.18000030517578,92.29000091552734,88.4000015258789,91.2699966430664,83.96372985839844,45867500
2018-04-02,90.47000122070312,90.87999725341797,87.51000213623047,88.5199966430664,81.43386840820312,48515400
2018-04-03,89.58000183105469,90.05000305175781,87.88999938964844,89.70999908447266,82.52861785888672,37213800
2018-04-04,87.8499984741211,92.76000213623047,87.7300033569336,92.33000183105469,84.93887329101562,35560000
2018-04-05,92.44000244140625,93.06999969482422,91.4000015258789,92.37999725341797,84.98486328125,29771900
2018-04-06,91.48999786376953,92.45999908447266,89.4800033569336,90.2300033569336,83.00700378417969,38026000
2018-04-09,91.04000091552734,93.16999816894531,90.62000274658203,90.7699966430664,83.5037612915039,31533900
2018-04-10,92.38999938964844,93.27999877929688,91.63999938964844,92.87999725341797,85.44483947753906,26812000
2018-04-11,92.01000213623047,93.29000091552734,91.4800033569336,91.86000061035156,84.5064926147461,24872100
2018-04-12,92.43000030517578,94.16000366210938,92.43000030517578,93.58000183105469,86.08879852294922,26758900
2018-04-13,94.05000305175781,94.18000030517578,92.44000244140625,93.08000183105469,85.62882232666016,23346100
2018-04-16,94.06999969482422,94.66000366210938,93.41999816894531,94.16999816894531,86.63156127929688,20288100
2018-04-17,95.0,96.54000091552734,94.87999725341797,96.06999969482422,88.37947082519531,26771000
2018-04-18,96.22000122070312,96.72000122070312,95.5199966430664,96.44000244140625,88.7198486328125,21043300
2018-04-19,96.44000244140625,97.06999969482422,95.33999633789062,96.11000061035156,88.4162826538086,23552500
2018-04-20,95.91000366210938,96.11000061035156,94.05000305175781,95.0,87.39513397216797,31154400
2018-04-23,95.73999786376953,96.29000091552734,94.62999725341797,95.3499984741211,87.71711730957031,22331800
2018-04-24,96.23999786376953,96.47000122070312,92.41000366210938,93.12000274658203,85.66561889648438,34524800
2018-04-25,93.30000305175781,93.30000305175781,90.27999877929688,92.30999755859375,84.92047882080078,33729300
2018-04-26,93.55000305175781,95.1500015258789,93.0999984741211,94.26000213623047,86.71440124511719,42529000
2018-04-27,97.5999984741211,97.9000015258789,93.91000366210938,95.81999969482422,88.14948272705078,48272800
2018-04-30,96.33000183105469,96.4000015258789,93.1500015258789,93.5199966430664,86.03359985351562,41523600
2018-05-01,93.20999908447266,95.29000091552734,92.79000091552734,95.0,87.39513397216797,31408900
2018-05-02,94.98999786376953,95.16999816894531,93.19000244140625,93.51000213623047,86.0244140625,27471000
2018-05-03,92.95999908447266,94.93000030517578,92.44999694824219,94.06999969482422,86.5395736694336,31142500
2018-05-04,93.31999969482422,95.37000274658203,92.91999816894531,95.16000366210938,87.54232025146484,22531300
2018-05-07,95.16999816894531,96.70999908447266,95.0999984741211,96.22000122070312,88.51747131347656,24242000
2018-05-08,95.8499984741211,96.16000366210938,95.05999755859375,95.80999755859375,88.14029693603516,23484600
2018-05-09,96.01000213623047,96.97000122070312,95.05000305175781,96.94000244140625,89.17981719970703,27327400
2018-05-10,97.45999908447266,97.94999694824219,97.05000305175781,97.91000366210938,90.07219696044922,22388100
2018-05-11,97.80000305175781,97.87000274658203,97.04000091552734,97.69999694824219,89.87898254394531,16778300
2018-05-14,97.91999816894531,98.69000244140625,97.30999755859375,98.02999877929688,90.18258666992188,19454100
2018-05-15,97.23999786376953,97.8499984741211,96.33999633789062,97.31999969482422,89.52938842773438,24594000
2018-05-16,97.36000061035156,97.4000015258789,96.62000274658203,97.1500015258789,89.76039123535156,17384700
2018-05-17,96.76000213623047,97.54000091552734,95.83000183105469,96.18000030517578,88.86418151855469,17246700
2018-05-18,96.01000213623047,96.93000030517578,96.01000213623047,96.36000061035156,89.0304946899414,17865800
2018-05-21,97.0,98.01000213623047,96.80000305175781,97.5999984741211,90.17618560791016,19422500
2018-05-22,97.68000030517578,98.16999816894531,97.19999694824219,97.5,90.08378601074219,15441200
2018-05-23,96.70999908447266,98.7300033569336,96.31999969482422,98.66000366210938,91.15554809570312,21251200
2018-05-24,98.7300033569336,98.94000244140625,96.80999755859375,98.30999755859375,90.83216094970703,26649300
2018-05-25,98.30000305175781,98.9800033569336,97.86000061035156,98.36000061035156,90.87837982177734,18363900
2018-05-29,97.83999633789062,98.87999725341797,97.2300033569336,98.01000213623047,90.55497741699219,28671000
2018-05-30,98.30999755859375,99.25,97.91000366210938,98.94999694824219,91.42347717285156,22158500
2018-05-31,99.29000091552734,99.98999786376953,98.61000061035156,98.83999633789062,91.32184600830078,34140900
2018-06-01,99.27999877929688,100.86000061035156,99.16999816894531,100.79000091552734,93.12352752685547,28655600
2018-06-04,101.26000213623047,101.86000061035156,100.8499984741211,101.66999816894531,93.93656921386719,27281600
2018-06-05,102.0,102.33000183105469,101.52999877929688,102.19000244140625,94.41703033447266,23514400
2018-06-06,102.4800033569336,102.5999984741211,101.9000015258789,102.48999786376953,94.69422149658203,21122900
2018-06-07,102.6500015258789,102.69000244140625,100.37999725341797,100.87999725341797,93.20667266845703,28232200
2018-06-08,101.08999633789062,101.94999694824219,100.54000091552734,101.62999725341797,93.8996353149414,22165100
2018-06-11,101.01000213623047,101.58999633789062,100.66999816894531,101.05000305175781,93.36373901367188,23490900
2018-06-12,101.0999984741211,101.44999694824219,100.75,101.30999755859375,93.6039810180664,18325200
2018-06-13,101.72000122070312,102.01000213623047,100.55999755859375,100.8499984741211,93.17894744873047,29492900
2018-06-14,101.6500015258789,102.02999877929688,101.0,101.41999816894531,93.70562744140625,25691800
2018-06-15,101.51000213623047,101.52999877929688,100.06999969482422,100.12999725341797,92.51373291015625,65738600
2018-06-18,100.01000213623047,101.11000061035156,99.41999816894531,100.86000061035156,93.18821716308594,23586000
2018-06-19,99.6500015258789,101.0,99.5,100.86000061035156,93.18821716308594,28653100
2018-06-20,101.37000274658203,102.5199966430664,101.12000274658203,101.87000274658203,94.12139892578125,26180800
2018-06-21,102.08000183105469,102.45999908447266,100.87999725341797,101.13999938964844,93.44689178466797,23198200
2018-06-22,100.41000366210938,100.7699966430664,99.62999725341797,100.41000366210938,92.7724380493164,38923100
2018-06-25,100.0,100.11000061035156,97.30000305175781,98.38999938964844,90.90605926513672,35433300
2018-06-26,98.81999969482422,100.08000183105469,98.75,99.08000183105469,91.5436019897461,26897200
2018-06-27,99.58000183105469,100.0199966430664,97.4000015258789,97.54000091552734,90.12074279785156,31298400
2018-06-28,97.37999725341797,99.11000061035156,97.26000213623047,98.62999725341797,91.12783813476562,26650700
2018-06-29,98.93000030517578,99.91000366210938,98.33000183105469,98.61000061035156,91.1093521118164,28053200
2018-07-02,98.0999984741211,100.05999755859375,98.0,100.01000213623047,92.40286254882812,19564500
2018-07-03,100.4800033569336,100.62999725341797,98.94000244140625,99.05000305175781,91.51587677001953,14670300
2018-07-05,99.5,99.91999816894531,99.02999877929688,99.76000213623047,92.17189025878906,18977400
2018-07-06,99.88999938964844,101.43000030517578,99.66999816894531,101.16000366210938,93.46540832519531,19234600
2018-07-09,101.6500015258789,102.25,101.25,101.8499984741211,94.10289001464844,18212000
2018-07-10,102.0,102.51000213623047,101.86000061035156,102.12000274658203,94.35235595703125,19293100
2018-07-11,101.1500015258789,102.33999633789062,101.0999984741211,101.9800033569336,94.2230224609375,19644600
2018-07-12,102.7699966430664,104.41000366210938,102.7300033569336,104.19000244140625,96.2649154663086,24335900
2018-07-13,104.37000274658203,105.5999984741211,104.08999633789062,105.43000030517578,97.41060638427734,24635200
2018-07-16,105.4000015258789,105.81999969482422,104.5199966430664,104.91000366210938,96.93013000488281,21786900
2018-07-17,104.61000061035156,106.5,104.31999969482422,105.94999694824219,97.89104461669922,25901700
2018-07-18,105.94000244140625,106.05000305175781,104.72000122070312,105.12000274658203,97.1241683959961,29493900
2018-07-19,104.93000030517578,105.30999755859375,103.88999938964844,104.4000015258789,96.45893859863281,40171600
2018-07-20,108.08000183105469,108.19999694824219,106.08000183105469,106.2699966430664,98.18669128417969,56004000
2018-07-23,106.30000305175781,108.13999938964844,106.12999725341797,107.97000122070312,99.75739288330078,29707000
2018-07-24,108.56999969482422,108.81999969482422,107.26000213623047,107.66000366210938,99.4709701538086,26316600
2018-07-25,107.95999908447266,111.1500015258789,107.5999984741211,110.83000183105469,102.39984893798828,30702100
2018-07-26,110.73999786376953,111.0,109.5,109.62000274658203,101.28187561035156,31372100
2018-07-27,110.18000030517578,110.18000030517578,106.13999938964844,107.68000030517578,99.4894790649414,37005300
2018-07-30,107.19000244140625,107.52999877929688,104.76000213623047,105.37000274658203,97.35515594482422,34668300
2018-07-31,106.48999786376953,106.72000122070312,105.37999725341797,106.08000183105469,98.01115417480469,27655200
2018-08-01,106.02999877929688,106.44999694824219,105.41999816894531,106.27999877929688,98.19593811035156,23628700
2018-08-02,105.4000015258789,108.08999633789062,104.83999633789062,107.56999969482422,99.38780212402344,26104300
2018-08-03,107.80000305175781,108.05000305175781,106.81999969482422,108.04000091552734,99.82207489013672,18659600
2018-08-06,108.12000274658203,108.41999816894531,107.55999755859375,108.12999725341797,99.90522003173828,20265900
2018-08-07,108.55999755859375,109.0999984741211,108.16999816894531,108.87999725341797,100.59815979003906,16080200
2018-08-08,109.33000183105469,109.75,108.76000213623047,109.48999786376953,101.16178131103516,15487500
2018-08-09,109.70999908447266,110.16000366210938,109.5999984741211,109.66999816894531,101.32809448242188,13677200
2018-08-10,109.41999816894531,109.69000244140625,108.37999725341797,109.0,100.70903778076172,18183700
2018-08-13,109.23999786376953,109.58000183105469,108.0999984741211,108.20999908447266,99.9791259765625,18472500
2018-08-14,108.55999755859375,109.75,108.04000091552734,109.55999755859375,101.2264175415039,16788300
2018-08-15,108.48999786376953,108.98999786376953,106.81999969482422,107.66000366210938,99.853759765625,29982800
2018-08-16,108.30000305175781,108.86000061035156,107.30000305175781,107.63999938964844,99.835205078125,21384300
2018-08-17,107.36000061035156,107.9000015258789,106.69000244140625,107.58000183105469,99.77957153320312,18061500
2018-08-20,107.51000213623047,107.9000015258789,106.4800033569336,106.87000274658203,99.12106323242188,17914200
2018-08-21,106.91999816894531,107.3499984741211,105.8499984741211,105.9800033569336,98.29559326171875,22881900
2018-08-22,105.8499984741211,107.33999633789062,105.77999877929688,107.05999755859375,99.29728698730469,18000600
2018-08-23,107.1500015258789,108.18000030517578,106.87000274658203,107.55999755859375,99.76102447509766,18167700
2018-08-24,107.66999816894531,108.55999755859375,107.55999755859375,108.4000015258789,100.54012298583984,17234000
2018-08-27,109.2699966430664,109.63999938964844,108.51000213623047,109.5999984741211,101.6530990600586,19662300
2018-08-28,109.94000244140625,110.5,109.79000091552734,110.26000213623047,102.2652587890625,19151500
2018-08-29,110.44999694824219,112.02999877929688,110.2699966430664,112.0199966430664,103.89762878417969,20818000
2018-08-30,111.66999816894531,112.61000061035156,111.44000244140625,111.94999694824219,103.83270263671875,22798700
2018-08-31,111.69000244140625,112.77999877929688,111.5199966430664,112.33000183105469,104.18514251708984,23222700
2018-09-04,110.8499984741211,111.95999908447266,110.22000122070312,111.70999908447266,103.6101303100586,22634600
2018-09-05,111.01000213623047,111.41999816894531,108.0999984741211,108.48999786376953,100.62358856201172,32872400
2018-09-06,108.25,108.98999786376953,107.51000213623047,108.73999786376953,100.85545349121094,23477600
2018-09-07,108.2300033569336,108.72000122070312,107.2300033569336,108.20999908447266,100.36387634277344,22498600
2018-09-10,108.83999633789062,109.63999938964844,108.36000061035156,109.37999725341797,101.44906616210938,20727900
2018-09-11,108.9000015258789,111.58999633789062,108.88999938964844,111.23999786376953,103.17420196533203,24301800
2018-09-12,111.43000030517578,111.8499984741211,110.51000213623047,111.70999908447266,103.6101303100586,18891100
2018-09-13,112.12000274658203,113.7300033569336,112.12000274658203,112.91000366210938,104.72310638427734,26055600
2018-09-14,113.36000061035156,113.7300033569336,112.44000244140625,113.37000274658203,105.14974212646484,19122300
2018-09-17,113.69000244140625,113.69999694824219,111.86000061035156,112.13999938964844,104.00892639160156,20736500
2018-09-18,112.19000244140625,113.69999694824219,111.72000122070312,113.20999908447266,105.0013427734375,22170900
2018-09-19,113.05000305175781,113.31999969482422,111.04000091552734,111.69999694824219,103.60081481933594,21728400
2018-09-20,112.27999877929688,113.80000305175781,111.93000030517578,113.56999969482422,105.33524322509766,23714500
2018-09-21,114.0,115.29000091552734,113.51000213623047,114.26000213623047,105.97521209716797,71229700
2018-09-24,113.02999877929688,114.9000015258789,112.22000122070312,114.66999816894531,106.35547637939453,27334500
2018-09-25,114.80000305175781,115.0999984741211,113.75,114.44999694824219,106.15143585205078,22668000
2018-09-26,114.47000122070312,115.05999755859375,113.73999786376953,113.9800033569336,105.71550750732422,19352000
2018-09-27,114.77999877929688,114.91000366210938,114.19999694824219,114.41000366210938,106.11433410644531,19091300
2018-09-28,114.19000244140625,114.56999969482422,113.68000030517578,114.37000274658203,106.07723236083984,21647800
2018-10-01,114.75,115.68000030517578,114.7300033569336,115.61000061035156,107.22730255126953,18883100
2018-10-02,115.30000305175781,115.83999633789062,114.44000244140625,115.1500015258789,106.80065155029297,20787200
2018-10-03,115.41999816894531,116.18000030517578,114.93000030517578,115.16999816894531,106.8192138671875,16648000
2018-10-04,114.61000061035156,114.76000213623047,111.62999725341797,112.79000091552734,104.6117935180664,34821700
2018-10-05,112.62999725341797,113.16999816894531,110.63999938964844,112.12999725341797,103.99964141845703,29068900
2018-10-08,111.66000366210938,112.02999877929688,109.33999633789062,110.8499984741211,102.81246948242188,29640600
2018-10-09,111.13999938964844,113.08000183105469,110.80000305175781,112.26000213623047,104.12020111083984,26198600
2018-10-10,111.23999786376953,111.5,105.79000091552734,106.16000366210938,98.46253204345703,61376300
2018-10-11,105.3499984741211,108.93000030517578,104.19999694824219,105.91000366210938,98.23064422607422,63904300
2018-10-12,109.01000213623047,111.23999786376953,107.12000274658203,109.56999969482422,101.6252670288086,47742100
2018-10-15,108.91000366210938,109.4800033569336,106.94999694824219,107.5999984741211,99.79814147949219,32068100
2018-10-16,109.54000091552734,111.41000366210938,108.94999694824219,111.0,102.9515609741211,31610200
2018-10-17,111.68000030517578,111.80999755859375,109.55000305175781,110.70999908447266,102.68258666992188,26548200
2018-10-18,110.0999984741211,110.52999877929688,107.83000183105469,108.5,100.63284301757812,32506200
2018-10-19,108.93000030517578,110.86000061035156,108.20999908447266,108.66000366210938,100.78125762939453,32785500
2018-10-22,109.31999969482422,110.54000091552734,108.23999786376953,109.62999725341797,101.6809310913086,26545600
2018-10-23,107.7699966430664,108.97000122070312,105.11000061035156,108.0999984741211,100.26184844970703,43770400
2018-10-24,108.41000366210938,108.48999786376953,101.58999633789062,102.31999969482422,94.90094757080078,63897800
2018-10-25,106.55000305175781,109.2699966430664,106.1500015258789,108.30000305175781,100.44737243652344,61646800
2018-10-26,105.69000244140625,108.75,104.76000213623047,106.95999908447266,99.20451354980469,55523100
2018-10-29,108.11000061035156,108.69999694824219,101.62999725341797,103.8499984741211,96.32002258300781,55162000
2018-10-30,103.66000366210938,104.37999725341797,100.11000061035156,103.7300033569336,96.20870971679688,65350900
2018-10-31,105.44000244140625,108.13999938964844,105.38999938964844,106.80999755859375,99.06539916992188,51062400
2018-11-01,107.05000305175781,107.31999969482422,105.52999877929688,105.91999816894531,98.23992156982422,33384200
2018-11-02,106.4800033569336,107.31999969482422,104.9800033569336,106.16000366210938,98.46253204345703,37680200
2018-11-05,106.37000274658203,107.73999786376953,105.9000015258789,107.51000213623047,99.71465301513672,27922100
2018-11-06,107.37999725341797,108.83999633789062,106.27999877929688,107.72000122070312,99.90941619873047,24340200
2018-11-07,109.44000244140625,112.23999786376953,109.4000015258789,111.95999908447266,103.84197998046875,37901700
2018-11-08,111.80000305175781,112.20999908447266,110.91000366210938,111.75,103.6471939086914,25644100
2018-11-09,110.8499984741211,111.44999694824219,108.76000213623047,109.56999969482422,101.6252670288086,32039200
2018-11-12,109.41999816894531,109.95999908447266,106.0999984741211,106.87000274658203,99.12106323242188,33621800
2018-11-13,107.55000305175781,108.73999786376953,106.63999938964844,106.94000244140625,99.18595123291016,35374600
2018-11-14,108.0999984741211,108.26000213623047,104.47000122070312,104.97000122070312,97.7794189453125,39495100
2018-11-15,104.98999786376953,107.80000305175781,103.91000366210938,107.27999877929688,99.93115997314453,38505200
2018-11-16,107.08000183105469,108.87999725341797,106.80000305175781,108.29000091552734,100.87196350097656,33502100
2018-11-19,108.2699966430664,108.55999755859375,103.55000305175781,104.62000274658203,97.45338439941406,44773900
2018-11-20,101.80000305175781,102.97000122070312,99.3499984741211,101.70999908447266,94.74273681640625,64052500
2018-11-21,103.5999984741211,104.43000030517578,102.23999786376953,103.11000061035156,96.04680633544922,28130600
2018-11-23,102.16999816894531,103.80999755859375,102.0,103.06999969482422,96.00955200195312,13823100
2018-11-26,104.79000091552734,106.62999725341797,104.58000183105469,106.47000122070312,99.17664337158203,32336200
2018-11-27,106.2699966430664,107.33000183105469,105.36000061035156,107.13999938964844,99.8007583618164,29124500
2018-11-28,107.88999938964844,111.33000183105469,107.86000061035156,111.12000274658203,103.50813293457031,46788500
2018-11-29,110.33000183105469,111.12000274658203,109.02999877929688,110.19000244140625,102.64180755615234,28123200
2018-11-30,110.69999694824219,110.97000122070312,109.36000061035156,110.88999938964844,103.29386901855469,33665600
2018-12-03,113.0,113.41999816894531,110.7300033569336,112.08999633789062,104.41165924072266,34732800
2018-12-04,111.94000244140625,112.63999938964844,108.20999908447266,108.5199966430664,101.08622741699219,45197000
2018-12-06,105.81999969482422,109.23999786376953,105.0,109.19000244140625,101.71034240722656,49107400
2018-12-07,108.37999725341797,109.44999694824219,104.30000305175781,104.81999969482422,97.63968658447266,45044900
2018-12-10,104.80000305175781,107.9800033569336,103.88999938964844,107.58999633789062,100.21994018554688,40801500
2018-12-11,109.80000305175781,110.94999694824219,107.44000244140625,108.58999633789062,101.15142822265625,42381900
2018-12-12,110.88999938964844,111.2699966430664,109.04000091552734,109.08000183105469,101.60787200927734,36183000
2018-12-13,109.58000183105469,110.87000274658203,108.62999725341797,109.44999694824219,101.95250701904297,31333400
2018-12-14,108.25,109.26000213623047,105.5,106.02999877929688,98.76679992675781,47043100
2018-12-17,105.41000366210938,105.80000305175781,101.70999908447266,102.88999938964844,95.84188079833984,56957300
2018-12-18,103.75,104.51000213623047,102.5199966430664,103.97000122070312,96.847900390625,49319200
2018-12-19,103.6500015258789,106.87999725341797,101.3499984741211,103.69000244140625,96.58708190917969,68198200
2018-12-20,103.05000305175781,104.30999755859375,98.77999877929688,101.51000213623047,94.55643463134766,70334200
2018-12-21,101.62999725341797,103.0,97.45999908447266,98.2300033569336,91.50111389160156,111242100
2018-12-24,97.68000030517578,97.97000122070312,93.9800033569336,94.12999725341797,87.68196868896484,43935200
2018-12-26,95.13999938964844,100.69000244140625,93.95999908447266,100.55999755859375,93.6714859008789,51634800
2018-12-27,99.30000305175781,101.19000244140625,96.4000015258789,101.18000030517578,94.24900817871094,49498500
2018-12-28,102.08999633789062,102.41000366210938,99.5199966430664,100.38999938964844,93.51313018798828,38196300
2018-12-31,101.29000091552734,102.4000015258789,100.44000244140625,101.56999969482422,94.61231231689453,33173800
2019-01-02,99.55000305175781,101.75,98.94000244140625,101.12000274658203,94.19313049316406,35329300
2019-01-03,100.0999984741211,100.19000244140625,97.19999694824219,97.4000015258789,90.72798156738281,42579100
2019-01-04,99.72000122070312,102.51000213623047,98.93000030517578,101.93000030517578,94.94766235351562,44060600
2019-01-07,101.63999938964844,103.2699966430664,100.9800033569336,102.05999755859375,95.06875610351562,35656100
2019-01-08,103.04000091552734,103.97000122070312,101.70999908447266,102.80000305175781,95.75807189941406,31514400
2019-01-09,103.86000061035156,104.87999725341797,103.23999786376953,104.2699966430664,97.12736511230469,32280800
2019-01-10,103.22000122070312,103.75,102.37999725341797,103.5999984741211,96.50326538085938,30067600
2019-01-11,103.19000244140625,103.44000244140625,101.63999938964844,102.80000305175781,95.75807189941406,28314200
2019-01-14,101.9000015258789,102.87000274658203,101.26000213623047,102.05000305175781,95.0594253540039,28437100
2019-01-15,102.51000213623047,105.05000305175781,101.87999725341797,105.01000213623047,97.81666564941406,31587600
2019-01-16,105.26000213623047,106.26000213623047,104.95999908447266,105.37999725341797,98.16130065917969,29853900
2019-01-17,105.0,106.62999725341797,104.76000213623047,106.12000274658203,98.85063171386719,28393000
2019-01-18,107.45999908447266,107.9000015258789,105.91000366210938,107.70999908447266,100.33171081542969,37427600
2019-01-22,106.75,107.0999984741211,104.86000061035156,105.68000030517578,98.44075775146484,32371300
2019-01-23,106.12000274658203,107.04000091552734,105.33999633789062,106.70999908447266,99.40021514892578,25874300
2019-01-24,106.86000061035156,107.0,105.33999633789062,106.19999694824219,98.9251480102539,23164800
2019-01-25,107.23999786376953,107.87999725341797,106.19999694824219,107.16999816894531,99.82872009277344,31225600
2019-01-28,106.26000213623047,106.4800033569336,104.66000366210938,105.08000183105469,97.8818588256836,29476700
2019-01-29,104.87999725341797,104.97000122070312,102.16999816894531,102.94000244140625,95.88848114013672,31490500
2019-01-30,104.62000274658203,106.37999725341797,104.33000183105469,106.37999725341797,99.09281158447266,49471900
2019-01-31,103.80000305175781,105.22000122070312,103.18000030517578,104.43000030517578,97.27639770507812,55636400
2019-02-01,103.77999877929688,104.0999984741211,102.3499984741211,102.77999877929688,95.73941040039062,35535700
2019-02-04,102.87000274658203,105.80000305175781,102.7699966430664,105.73999786376953,98.49665832519531,31315100
2019-02-05,106.05999755859375,107.2699966430664,105.95999908447266,107.22000122070312,99.87527465820312,27325400
2019-02-06,107.0,107.0,105.52999877929688,106.02999877929688,98.76679992675781,20609800
2019-02-07,105.19000244140625,105.58999633789062,104.29000091552734,105.2699966430664,98.0588607788086,29760700
2019-02-08,104.38999938964844,105.77999877929688,104.26000213623047,105.66999816894531,98.43144989013672,21461100
2019-02-11,106.19999694824219,106.58000183105469,104.97000122070312,105.25,98.04020690917969,18914100
2019-02-12,106.13999938964844,107.13999938964844,105.4800033569336,106.88999938964844,99.56785583496094,25056600
2019-02-13,107.5,107.77999877929688,106.70999908447266,106.80999755859375,99.49336242675781,18394900
2019-02-14,106.30999755859375,107.29000091552734,105.66000366210938,106.9000015258789,99.57720947265625,21784700
2019-02-15,107.91000366210938,108.30000305175781,107.36000061035156,108.22000122070312,100.8067855834961,26606900
2019-02-19,107.79000091552734,108.66000366210938,107.77999877929688,108.16999816894531,100.76020050048828,18038500
2019-02-20,107.86000061035156,107.94000244140625,106.29000091552734,107.1500015258789,100.236328125,21607700
2019-02-21,106.9000015258789,109.4800033569336,106.87000274658203,109.41000366210938,102.35053253173828,29063200
2019-02-22,110.05000305175781,111.19999694824219,109.81999969482422,110.97000122070312,103.80987548828125,27763200
2019-02-25,111.76000213623047,112.18000030517578,111.26000213623047,111.58999633789062,104.38984680175781,23750600
2019-02-26,111.26000213623047,113.23999786376953,111.16999816894531,112.36000061035156,105.11016082763672,21536700
2019-02-27,111.69000244140625,112.36000061035156,110.87999725341797,112.16999816894531,104.93244171142578,21487100
2019-02-28,112.04000091552734,112.87999725341797,111.7300033569336,112.02999877929688,104.80145263671875,29083900
2019-03-01,112.88999938964844,113.0199966430664,111.66999816894531,112.52999877929688,105.26920318603516,23501200
2019-03-04,113.0199966430664,113.25,110.80000305175781,112.26000213623047,105.0166244506836,26608000
2019-03-05,112.25,112.38999938964844,111.2300033569336,111.69999694824219,104.49275970458984,19538300
2019-03-06,111.87000274658203,112.66000366210938,111.43000030517578,111.75,104.53951263427734,17687000
2019-03-07,111.4000015258789,111.55000305175781,109.87000274658203,110.38999938964844,103.26728057861328,25339000
2019-03-08,109.16000366210938,110.70999908447266,108.80000305175781,110.51000213623047,103.37953186035156,22818400
2019-03-11,110.98999786376953,112.94999694824219,110.9800033569336,112.83000183105469,105.54983520507812,26491600
2019-03-12,112.81999969482422,113.98999786376953,112.6500015258789,113.62000274658203,106.28887176513672,26132700
2019-03-13,114.12999725341797,115.0,113.77999877929688,114.5,107.1120834350586,35513800
2019-03-14,114.54000091552734,115.19999694824219,114.33000183105469,114.58999633789062,107.19630432128906,30763400
2019-03-15,115.33999633789062,117.25,114.58999633789062,115.91000366210938,108.43111419677734,54681100
2019-03-18,116.16999816894531,117.61000061035156,116.05000305175781,117.56999969482422,109.9839859008789,31207600
2019-03-19,118.08999633789062,118.44000244140625,116.98999786376953,117.6500015258789,110.05883026123047,37588700
2019-03-20,117.38999938964844,118.75,116.70999908447266,117.5199966430664,109.93721771240234,28113300
2019-03-21,117.13999938964844,120.81999969482422,117.08999633789062,120.22000122070312,112.46300506591797,29854400
2019-03-22,119.5,119.58999633789062,117.04000091552734,117.05000305175781,109.49756622314453,33624500
2019-03-25,116.55999755859375,118.01000213623047,116.31999969482422,117.66000366210938,110.0682144165039,27067100
2019-03-26,118.62000274658203,118.70999908447266,116.8499984741211,117.91000366210938,110.30208587646484,26097700
2019-03-27,117.87999725341797,118.20999908447266,115.5199966430664,116.7699966430664,109.23561096191406,22733400
2019-03-28,117.44000244140625,117.58000183105469,116.12999725341797,116.93000030517578,109.3852767944336,18334800
2019-03-29,118.06999969482422,118.31999969482422,116.95999908447266,117.94000244140625,110.33012390136719,25399800
2019-04-01,118.94999694824219,119.11000061035156,118.0999984741211,119.0199966430664,111.3404312133789,22789100
2019-04-02,119.05999755859375,119.4800033569336,118.5199966430664,119.19000244140625,111.49947357177734,18142300
2019-04-03,119.86000061035156,120.43000030517578,119.1500015258789,119.97000122070312,112.2291488647461,22860700
2019-04-04,120.0999984741211,120.2300033569336,118.37999725341797,119.36000061035156,111.65850830078125,20112800
2019-04-05,119.38999938964844,120.2300033569336,119.37000274658203,119.88999938964844,112.15428924560547,15826200
2019-04-08,119.80999755859375,120.0199966430664,118.63999938964844,119.93000030517578,112.19174194335938,15116200
2019-04-09,118.62999725341797,119.54000091552734,118.58000183105469,119.27999877929688,111.58367156982422,17612000
2019-04-10,119.76000213623047,120.3499984741211,119.54000091552734,120.19000244140625,112.43495178222656,16477200
2019-04-11,120.54000091552734,120.8499984741211,119.91999816894531,120.33000183105469,112.56591796875,14209100
2019-04-12,120.63999938964844,120.9800033569336,120.37000274658203,120.94999694824219,113.14591217041016,19745100
2019-04-15,120.94000244140625,121.58000183105469,120.56999969482422,121.05000305175781,113.23946380615234,15792600
2019-04-16,121.63999938964844,121.6500015258789,120.0999984741211,120.7699966430664,112.97753143310547,14071800
2019-04-17,121.23999786376953,121.8499984741211,120.54000091552734,121.7699966430664,113.91300201416016,19300900
2019-04-18,122.19000244140625,123.5199966430664,121.30000305175781,123.37000274658203,115.4097671508789,27991000
2019-04-22,122.62000274658203,124.0,122.56999969482422,123.76000213623047,115.77458953857422,15648700
2019-04-23,124.0999984741211,125.58000183105469,123.83000183105469,125.44000244140625,117.34620666503906,24025500
2019-04-24,125.79000091552734,125.8499984741211,124.5199966430664,125.01000213623047,116.94395446777344,31257000
2019-04-25,130.05999755859375,131.3699951171875,128.8300018310547,129.14999389648438,120.81681823730469,38033900
2019-04-26,129.6999969482422,130.52000427246094,129.02000427246094,129.88999938964844,121.50907897949219,23654900
2019-04-29,129.89999389648438,130.17999267578125,129.35000610351562,129.77000427246094,121.39681243896484,16324200
2019-04-30,129.80999755859375,130.6999969482422,129.38999938964844,130.60000610351562,122.17327117919922,24166500
2019-05-01,130.52999877929688,130.64999389648438,127.69999694824219,127.87999725341797,119.62876892089844,26821700
2019-05-02,127.9800033569336,128.0,125.5199966430664,126.20999908447266,118.06652069091797,27350200
2019-05-03,127.36000061035156,129.42999267578125,127.25,128.89999389648438,120.58295440673828,24911100
2019-05-06,126.38999938964844,128.55999755859375,126.11000061035156,128.14999389648438,119.88135528564453,24239800
2019-05-07,126.45999908447266,127.18000030517578,124.22000122070312,125.5199966430664,117.4210433959961,36017700
2019-05-08,125.44000244140625,126.37000274658203,124.75,125.51000213623047,117.41168212890625,28419000
2019-05-09,124.29000091552734,125.79000091552734,123.56999969482422,125.5,117.40232849121094,27235800
2019-05-10,124.91000366210938,127.93000030517578,123.81999969482422,127.12999725341797,118.92715454101562,30915100
2019-05-13,124.11000061035156,125.55000305175781,123.04000091552734,123.3499984741211,115.39106750488281,33944900
2019-05-14,123.87000274658203,125.87999725341797,123.69999694824219,124.7300033569336,116.68203735351562,25266300
2019-05-15,124.26000213623047,126.70999908447266,123.69999694824219,126.0199966430664,118.32514953613281,24722700
2019-05-16,126.75,129.3800048828125,126.45999908447266,128.92999267578125,121.05744934082031,30112200
2019-05-17,128.30999755859375,130.4600067138672,127.91999816894531,128.07000732421875,120.2500228881836,25770500
2019-05-20,126.5199966430664,127.58999633789062,125.76000213623047,126.22000122070312,118.5129623413086,23706900
2019-05-21,127.43000030517578,127.52999877929688,126.58000183105469,126.9000015258789,119.15142822265625,15293300
2019-05-22,126.62000274658203,128.24000549316406,126.5199966430664,127.66999816894531,119.87439727783203,15396500
2019-05-23,126.19999694824219,126.29000091552734,124.73999786376953,126.18000030517578,118.47539520263672,23603800
2019-05-24,126.91000366210938,127.41999816894531,125.97000122070312,126.23999786376953,118.53172302246094,14123400
2019-05-28,126.9800033569336,128.0,126.05000305175781,126.16000366210938,118.45662689208984,23128400
2019-05-29,125.37999725341797,125.38999938964844,124.04000091552734,124.94000244140625,117.31109619140625,22763100
2019-05-30,125.26000213623047,125.76000213623047,124.77999877929688,125.7300033569336,118.05287170410156,16829600
2019-05-31,124.2300033569336,124.62000274658203,123.31999969482422,123.68000030517578,116.12803649902344,26646800
2019-06-03,123.8499984741211,124.37000274658203,119.01000213623047,119.83999633789062,112.52249145507812,37983600
2019-06-04,121.27999877929688,123.27999877929688,120.6500015258789,123.16000366210938,115.6397933959961,29382600
2019-06-05,124.94999694824219,125.87000274658203,124.20999908447266,125.83000183105469,118.14676666259766,24926100
2019-06-06,126.44000244140625,127.97000122070312,125.5999984741211,127.81999969482422,120.01524353027344,21459000
2019-06-07,129.19000244140625,132.25,128.25999450683594,131.39999389648438,123.37664031982422,33885600
2019-06-10,132.39999389648438,134.0800018310547,132.0,132.60000610351562,124.50337219238281,26477100
2019-06-11,133.8800048828125,134.24000549316406,131.27999877929688,132.10000610351562,124.03388977050781,23913700
2019-06-12,131.39999389648438,131.97000122070312,130.7100067138672,131.49000549316406,123.46118927001953,17092500
2019-06-13,131.97999572753906,133.0,131.55999755859375,132.32000732421875,124.24048614501953,17200800
2019-06-14,132.25999450683594,133.7899932861328,131.63999938964844,132.4499969482422,124.36254119873047,17821700
2019-06-17,132.6300048828125,133.72999572753906,132.52999877929688,132.85000610351562,124.73812866210938,14517800
2019-06-18,134.19000244140625,135.24000549316406,133.57000732421875,135.16000366210938,126.9070816040039,25934500
2019-06-19,135.0,135.92999267578125,133.80999755859375,135.69000244140625,127.40472412109375,23744400
2019-06-20,137.4499969482422,137.66000366210938,135.72000122070312,136.9499969482422,128.5877685546875,33042600
2019-06-21,136.5800018310547,137.72999572753906,136.4600067138672,136.97000122070312,128.60653686523438,36727900
2019-06-24,137.0,138.39999389648438,137.0,137.77999877929688,129.36708068847656,20628800
2019-06-25,137.25,137.58999633789062,132.72999572753906,133.42999267578125,125.28270721435547,33327400
2019-06-26,134.35000610351562,135.74000549316406,133.60000610351562,133.92999267578125,125.75215911865234,23657700
2019-06-27,134.13999938964844,134.7100067138672,133.50999450683594,134.14999389648438,125.95869445800781,16557500
2019-06-28,134.57000732421875,134.60000610351562,133.16000366210938,133.9600067138672,125.78038024902344,30043000
2019-07-01,136.6300048828125,136.6999969482422,134.97000122070312,135.67999267578125,127.39530181884766,22613500
2019-07-02,136.1199951171875,136.58999633789062,135.33999633789062,136.5800018310547,128.24034118652344,15237800
2019-07-03,136.8000030517578,137.74000549316406,136.2899932861328,137.4600067138672,129.0666961669922,13629300
2019-07-05,135.94000244140625,137.3300018310547,135.72000122070312,137.05999755859375,128.69105529785156,18141100
2019-07-08,136.39999389648438,137.10000610351562,135.3699951171875,136.9600067138672,128.59713745117188,16779700
2019-07-09,136.0,136.97000122070312,135.8000030517578,136.4600067138672,128.12770080566406,19953100
2019-07-10,137.1300048828125,138.5800018310547,137.02000427246094,137.85000610351562,129.4328155517578,24204400
2019-07-11,138.1999969482422,139.22000122070312,137.8699951171875,138.39999389648438,129.9491729736328,22327900
2019-07-12,138.85000610351562,139.1300048828125,138.00999450683594,138.89999389648438,130.418701171875,18936800
2019-07-15,139.44000244140625,139.5399932861328,138.4600067138672,138.89999389648438,130.418701171875,16651500
2019-07-16,138.9600067138672,139.0500030517578,136.52000427246094,137.0800018310547,128.70985412597656,22726100
2019-07-17,137.6999969482422,137.92999267578125,136.22000122070312,136.27000427246094,127.94931030273438,20211000
2019-07-18,135.5500030517578,136.6199951171875,134.6699981689453,136.4199981689453,128.09014892578125,30381800
2019-07-19,140.22000122070312,140.6699981689453,136.4499969482422,136.6199951171875,128.27793884277344,48992400
2019-07-22,137.41000366210938,139.19000244140625,137.3300018310547,138.42999267578125,129.9774169921875,25074900
2019-07-23,139.75999450683594,139.99000549316406,138.02999877929688,139.2899932861328,130.784912109375,18034600
2019-07-24,138.89999389648438,140.74000549316406,138.85000610351562,140.72000122070312,132.12759399414062,20738300
2019-07-25,140.42999267578125,140.61000061035156,139.32000732421875,140.19000244140625,131.6299285888672,18356900
2019-07-26,140.3699951171875,141.67999267578125,140.3000030517578,141.33999633789062,132.70970153808594,19037600
2019-07-29,141.5,141.50999450683594,139.3699951171875,141.02999877929688,132.41867065429688,16605900
2019-07-30,140.13999938964844,141.22000122070312,139.8000030517578,140.35000610351562,131.7801513671875,16846500
2019-07-31,140.3300018310547,140.49000549316406,135.0800018310547,136.27000427246094,127.94931030273438,38598800
2019-08-01,137.0,140.94000244140625,136.92999267578125,138.05999755859375,129.62997436523438,40557500
2019-08-02,138.08999633789062,138.32000732421875,135.25999450683594,136.89999389648438,128.5408172607422,30791600
2019-08-05,133.3000030517578,133.92999267578125,130.77999877929688,132.2100067138672,124.13722229003906,42749600
2019-08-06,133.8000030517578,135.67999267578125,133.2100067138672,134.69000244140625,126.46578216552734,32696700
2019-08-07,133.7899932861328,135.64999389648438,131.8300018310547,135.27999877929688,127.01972198486328,33414500
2019-08-08,136.60000610351562,138.99000549316406,135.92999267578125,138.88999938964844,130.4093017578125,27496500
2019-08-09,138.61000061035156,139.3800048828125,136.4600067138672,137.7100067138672,129.30136108398438,23466700
2019-08-12,137.07000732421875,137.86000061035156,135.24000549316406,135.7899932861328,127.49861907958984,20484300
2019-08-13,136.0500030517578,138.8000030517578,135.0,138.60000610351562,130.13702392578125,25154600
2019-08-14,136.36000061035156,136.9199981689453,133.6699981689453,133.97999572753906,126.21800994873047,32527300
2019-08-15,134.38999938964844,134.5800018310547,132.25,133.67999267578125,125.93540954589844,28074400
2019-08-16,134.8800048828125,136.4600067138672,134.72000122070312,136.1300048828125,128.24349975585938,24449100
2019-08-19,137.85000610351562,138.5500030517578,136.88999938964844,138.41000366210938,130.391357421875,24355700
2019-08-20,138.2100067138672,138.7100067138672,137.24000549316406,137.25999450683594,129.30801391601562,21170800
2019-08-21,138.5500030517578,139.49000549316406,138.0,138.7899932861328,130.7493896484375,14970300
2019-08-22,138.66000366210938,139.1999969482422,136.2899932861328,137.77999877929688,129.79788208007812,18697000
2019-08-23,137.19000244140625,138.35000610351562,132.8000030517578,133.38999938964844,125.6622314453125,38508600
2019-08-26,134.99000549316406,135.55999755859375,133.89999389648438,135.4499969482422,127.60287475585938,20312600
2019-08-27,136.38999938964844,136.72000122070312,134.66000366210938,135.74000549316406,127.87605285644531,23102100
2019-08-28,134.8800048828125,135.75999450683594,133.5500030517578,135.55999755859375,127.70648956298828,17393300
2019-08-29,137.25,138.44000244140625,136.91000366210938,138.1199951171875,130.11817932128906,20168700
2019-08-30,139.14999389648438,139.17999267578125,136.27000427246094,137.86000061035156,129.8732452392578,23940100
2019-09-03,136.61000061035156,137.1999969482422,135.6999969482422,136.0399932861328,128.1586456298828,18869300
2019-09-04,137.3000030517578,137.69000244140625,136.47999572753906,137.6300048828125,129.65658569335938,17995900
2019-09-05,139.11000061035156,140.3800048828125,138.75999450683594,140.0500030517578,131.9364013671875,26101800
2019-09-06,140.02999877929688,140.17999267578125,138.1999969482422,139.10000610351562,131.0414276123047,20824500
2019-09-09,139.58999633789062,139.75,136.4600067138672,137.52000427246094,129.552978515625,25773900
2019-09-10,136.8000030517578,136.88999938964844,134.50999450683594,136.0800018310547,128.1963653564453,28903400
2019-09-11,135.91000366210938,136.27000427246094,135.08999633789062,136.1199951171875,128.23403930664062,24726100
2019-09-12,137.85000610351562,138.4199981689453,136.8699951171875,137.52000427246094,129.552978515625,27010000
2019-09-13,137.77999877929688,138.05999755859375,136.57000732421875,137.32000732421875,129.3645477294922,23363100
2019-09-16,135.8300018310547,136.6999969482422,135.66000366210938,136.3300018310547,128.431884765625,16731400
2019-09-17,136.9600067138672,137.52000427246094,136.42999267578125,137.38999938964844,129.4304656982422,17814200
2019-09-18,137.36000061035156,138.6699981689453,136.52999877929688,138.52000427246094,130.49505615234375,23982100
2019-09-19,140.3000030517578,142.3699951171875,140.07000732421875,141.07000732421875,132.89724731445312,35772100
2019-09-20,141.00999450683594,141.64999389648438,138.25,139.44000244140625,131.36170959472656,39167300
2019-09-23,139.22999572753906,139.6300048828125,138.44000244140625,139.13999938964844,131.0791015625,17139300
2019-09-24,140.36000061035156,140.69000244140625,136.8800048828125,137.3800048828125,129.4210662841797,29773200
2019-09-25,137.5,139.9600067138672,136.02999877929688,139.36000061035156,131.28634643554688,21382000
2019-09-26,139.44000244140625,140.17999267578125,138.44000244140625,139.5399932861328,131.45590209960938,17456600
2019-09-27,140.14999389648438,140.36000061035156,136.64999389648438,137.72999572753906,129.7507781982422,22477700
2019-09-30,138.0500030517578,139.22000122070312,137.77999877929688,139.02999877929688,130.97543334960938,17280900
2019-10-01,139.66000366210938,140.25,137.0,137.07000732421875,129.12905883789062,21466600
2019-10-02,136.25,136.3699951171875,133.5800018310547,134.64999389648438,126.84923553466797,30521700
2019-10-03,134.9499969482422,136.75,133.22000122070312,136.27999877929688,128.38479614257812,24132900
2019-10-04,136.75,138.25,136.4199981689453,138.1199951171875,130.11817932128906,22897700
2019-10-07,137.13999938964844,138.17999267578125,137.02000427246094,137.1199951171875,129.1761016845703,15303700
2019-10-08,137.0800018310547,137.75999450683594,135.6199951171875,135.6699981689453,127.81011199951172,25550500
2019-10-09,137.4600067138672,138.6999969482422,136.97000122070312,138.24000549316406,130.2312469482422,19749900
2019-10-10,138.49000549316406,139.6699981689453,138.25,139.10000610351562,131.0414276123047,17654600
2019-10-11,140.1199951171875,141.02999877929688,139.5,139.67999267578125,131.58779907226562,25446000
2019-10-14,139.69000244140625,140.2899932861328,139.52000427246094,139.5500030517578,131.46531677246094,13304300
2019-10-15,140.05999755859375,141.7899932861328,139.80999755859375,141.57000732421875,133.36830139160156,19695700
2019-10-16,140.7899932861328,140.99000549316406,139.52999877929688,140.41000366210938,132.27552795410156,20751600
2019-10-17,140.9499969482422,141.4199981689453,139.02000427246094,139.69000244140625,131.59722900390625,21460600
2019-10-18,139.75999450683594,140.0,136.55999755859375,137.41000366210938,129.44932556152344,32273500
2019-10-21,138.4499969482422,138.5,137.00999450683594,138.42999267578125,130.4102020263672,20078200
2019-10-22,138.97000122070312,140.00999450683594,136.25999450683594,136.3699951171875,128.46958923339844,27431000
2019-10-23,136.8800048828125,137.4499969482422,135.61000061035156,137.24000549316406,129.28915405273438,29844600
2019-10-24,139.38999938964844,140.4199981689453,138.6699981689453,139.94000244140625,131.8327178955078,37029300
2019-10-25,139.33999633789062,141.13999938964844,139.1999969482422,140.72999572753906,132.57699584960938,25959700
2019-10-28,144.39999389648438,145.6699981689453,143.50999450683594,144.19000244140625,135.83648681640625,35280100
2019-10-29,144.0800018310547,144.5,142.64999389648438,142.8300018310547,134.55531311035156,20589500
2019-10-30,143.52000427246094,145.0,142.7899932861328,144.61000061035156,136.23219299316406,18496600
2019-10-31,144.89999389648438,144.92999267578125,142.99000549316406,143.3699951171875,135.06398010253906,24605100
2019-11-01,144.25999450683594,144.4199981689453,142.97000122070312,143.72000122070312,135.39376831054688,33128400
2019-11-04,144.8300018310547,145.0,144.16000366210938,144.5500030517578,136.1756591796875,16912000
2019-11-05,144.97000122070312,145.02000427246094,143.91000366210938,144.4600067138672,136.0908660888672,18250200
2019-11-06,144.3699951171875,144.52000427246094,143.1999969482422,144.05999755859375,135.71408081054688,16575800
2019-11-07,143.83999633789062,144.8800048828125,143.77000427246094,144.25999450683594,135.9024658203125,17786700
2019-11-08,143.97999572753906,145.99000549316406,143.75999450683594,145.9600067138672,137.50399780273438,16732700
2019-11-11,145.33999633789062,146.4199981689453,144.72999572753906,146.11000061035156,137.64529418945312,14362600
2019-11-12,146.27999877929688,147.57000732421875,146.05999755859375,147.07000732421875,138.54966735839844,18641600
2019-11-13,146.74000549316406,147.4600067138672,146.27999877929688,147.30999755859375,138.77572631835938,16919200
2019-11-14,147.02000427246094,148.41000366210938,147.0,148.05999755859375,139.4822998046875,19729800
2019-11-15,148.92999267578125,149.99000549316406,148.27000427246094,149.97000122070312,141.2816619873047,23485700
2019-11-18,150.07000732421875,150.5500030517578,148.97999572753906,150.33999633789062,141.6302490234375,21534000
2019-11-19,150.8800048828125,151.3300018310547,150.1999969482422,150.38999938964844,141.67730712890625,23935700
2019-11-20,150.30999755859375,150.83999633789062,148.4600067138672,149.6199951171875,141.43157958984375,25696800
2019-11-21,149.39999389648438,149.8000030517578,148.5,149.47999572753906,141.29922485351562,18576100
2019-11-22,150.07000732421875,150.3000030517578,148.82000732421875,149.58999633789062,141.40321350097656,15901800
2019-11-25,150.0,151.35000610351562,149.9199981689453,151.22999572753906,142.9534454345703,22420900
2019-11-26,151.36000061035156,152.4199981689453,151.32000732421875,152.02999877929688,143.70965576171875,24620100
2019-11-27,152.3300018310547,152.5,151.52000427246094,152.32000732421875,143.9838409423828,15184400
2019-11-29,152.10000610351562,152.3000030517578,151.27999877929688,151.3800048828125,143.0952606201172,11977300
2019-12-02,151.80999755859375,151.8300018310547,148.32000732421875,149.5500030517578,141.36538696289062,27418400
2019-12-03,147.49000549316406,149.42999267578125,146.64999389648438,149.30999755859375,141.13853454589844,24066000
2019-12-04,150.13999938964844,150.17999267578125,149.1999969482422,149.85000610351562,141.64898681640625,17574700
2019-12-05,150.0500030517578,150.32000732421875,149.47999572753906,149.92999267578125,141.7245330810547,17869100
2019-12-06,150.99000549316406,151.8699951171875,150.27000427246094,151.75,143.44496154785156,16403500
2019-12-09,151.07000732421875,152.2100067138672,150.91000366210938,151.36000061035156,143.0763397216797,16687400
2019-12-10,151.2899932861328,151.88999938964844,150.75999450683594,151.1300048828125,142.85891723632812,16476100
2019-12-11,151.5399932861328,151.8699951171875,150.3300018310547,151.6999969482422,143.39772033691406,18856600
2019-12-12,151.64999389648438,153.44000244140625,151.02000427246094,153.24000549316406,144.85345458984375,24612100
2019-12-13,153.0,154.88999938964844,152.8300018310547,154.52999877929688,146.07284545898438,23845400
2019-12-16,155.11000061035156,155.89999389648438,154.82000732421875,155.52999877929688,147.01808166503906,24144200
2019-12-17,155.4499969482422,155.7100067138672,154.4499969482422,154.69000244140625,146.22410583496094,25425600
2019-12-18,154.3000030517578,155.47999572753906,154.17999267578125,154.3699951171875,145.921630859375,24129200
2019-12-19,154.0,155.77000427246094,153.75,155.7100067138672,147.1882781982422,24958900
2019-12-20,157.35000610351562,158.49000549316406,156.2899932861328,157.41000366210938,148.79522705078125,53477500
2019-12-23,158.1199951171875,158.1199951171875,157.27000427246094,157.41000366210938,148.79522705078125,17718200
2019-12-24,157.47999572753906,157.7100067138672,157.1199951171875,157.3800048828125,148.76686096191406,8989200
2019-12-26,157.55999755859375,158.72999572753906,157.39999389648438,158.6699981689453,149.9862823486328,14520600
2019-12-27,159.4499969482422,159.5500030517578,158.22000122070312,158.9600067138672,150.26040649414062,18412800
2019-12-30,158.99000549316406,159.02000427246094,156.72999572753906,157.58999633789062,148.96536254882812,16348400
2019-12-31,156.77000427246094,157.77000427246094,156.4499969482422,157.6999969482422,149.06936645507812,18369400
2020-01-02,158.77999877929688,160.72999572753906,158.3300018310547,160.6199951171875,151.82955932617188,22622100
2020-01-03,158.32000732421875,159.9499969482422,158.05999755859375,158.6199951171875,149.93902587890625,21116200
2020-01-06,157.0800018310547,159.10000610351562,156.50999450683594,159.02999877929688,150.32656860351562,20813700
2020-01-07,159.32000732421875,159.6699981689453,157.32000732421875,157.5800018310547,148.9559326171875,21634100
2020-01-08,158.92999267578125,160.8000030517578,157.9499969482422,160.08999633789062,151.3285369873047,27746500
2020-01-09,161.83999633789062,162.22000122070312,161.02999877929688,162.08999633789062,153.21908569335938,21385000
2020-01-10,162.82000732421875,163.22000122070312,161.17999267578125,161.33999633789062,152.51010131835938,20725900
2020-01-13,161.75999450683594,163.30999755859375,161.25999450683594,163.27999877929688,154.34393310546875,21626500
2020-01-14,163.38999938964844,163.60000610351562,161.72000122070312,162.1300048828125,153.2569122314453,23477400
2020-01-15,162.6199951171875,163.94000244140625,162.57000732421875,163.17999267578125,154.2494354248047,21417900
2020-01-16,164.35000610351562,166.24000549316406,164.02999877929688,166.1699981689453,157.07582092285156,23865400
2020-01-17,167.4199981689453,167.47000122070312,165.42999267578125,167.10000610351562,157.95494079589844,34371700
2020-01-21,166.67999267578125,168.19000244140625,166.42999267578125,166.5,157.38771057128906,29517200
2020-01-22,167.39999389648438,167.49000549316406,165.67999267578125,165.6999969482422,156.6315460205078,24138800
2020-01-23,166.19000244140625,166.8000030517578,165.27000427246094,166.72000122070312,157.59568786621094,19680800
2020-01-24,167.50999450683594,167.52999877929688,164.4499969482422,165.0399932861328,156.00765991210938,24918100
2020-01-27,161.14999389648438,163.3800048828125,160.1999969482422,162.27999877929688,153.39869689941406,32078100
2020-01-28,163.77999877929688,165.75999450683594,163.07000732421875,165.4600067138672,156.4046630859375,24899900
2020-01-29,167.83999633789062,168.75,165.69000244140625,168.0399932861328,158.84344482421875,34754500
2020-01-30,174.0500030517578,174.0500030517578,170.7899932861328,172.77999877929688,163.32408142089844,51597500
2020-01-31,172.2100067138672,172.39999389648438,169.5800018310547,170.22999572753906,160.91360473632812,36142700
2020-02-03,170.42999267578125,174.5,170.39999389648438,174.3800048828125,164.8365020751953,30107000
2020-02-04,177.13999938964844,180.63999938964844,176.30999755859375,180.1199951171875,170.26235961914062,36433300
2020-02-05,184.02999877929688,184.1999969482422,178.41000366210938,179.89999389648438,170.05441284179688,39186300
2020-02-06,180.97000122070312,183.82000732421875,180.05999755859375,183.6300048828125,173.58029174804688,27751400
2020-02-07,182.85000610351562,185.6300048828125,182.47999572753906,183.88999938964844,173.82601928710938,33529100
2020-02-10,183.5800018310547,188.83999633789062,183.25,188.6999969482422,178.37281799316406,35844300
2020-02-11,190.64999389648438,190.6999969482422,183.5,184.44000244140625,174.34588623046875,53159900
2020-02-12,185.5800018310547,185.85000610351562,181.85000610351562,184.7100067138672,174.60116577148438,47062900
2020-02-13,183.0800018310547,186.22999572753906,182.8699951171875,183.7100067138672,173.6558837890625,35295800
2020-02-14,183.25,185.41000366210938,182.64999389648438,185.35000610351562,175.2061309814453,23149500
2020-02-18,185.61000061035156,187.6999969482422,185.5,187.22999572753906,176.98321533203125,27792200
2020-02-19,188.05999755859375,188.17999267578125,186.47000122070312,187.27999877929688,177.5140380859375,29997500
2020-02-20,186.9499969482422,187.25,181.10000610351562,184.4199981689453,174.80316162109375,36862400
2020-02-21,183.1699981689453,183.5,177.25,178.58999633789062,169.27720642089844,48572600
2020-02-24,167.77000427246094,174.5500030517578,163.22999572753906,170.88999938964844,161.97874450683594,68311100
2020-02-25,174.1999969482422,174.83999633789062,167.64999389648438,168.07000732421875,159.3057861328125,68073300
2020-02-26,169.7100067138672,173.25999450683594,168.2100067138672,170.1699981689453,161.29627990722656,56206100
2020-02-27,163.32000732421875,167.02999877929688,157.97999572753906,158.17999267578125,149.9314727783203,93174900
2020-02-28,152.41000366210938,163.7100067138672,152.0,162.00999450683594,153.561767578125,97012700
2020-03-02,165.30999755859375,172.9199981689453,162.30999755859375,172.7899932861328,163.7796630859375,71030800
2020-03-03,173.8000030517578,175.0,162.25999450683594,164.50999450683594,155.93142700195312,71677000
2020-03-04,168.49000549316406,170.6999969482422,165.6199951171875,170.5500030517578,161.6564483642578,49814400
2020-03-05,166.0500030517578,170.8699951171875,165.69000244140625,166.27000427246094,157.59963989257812,47817300
2020-03-06,162.61000061035156,163.11000061035156,156.0,161.57000732421875,153.14474487304688,72821100
2020-03-09,151.0,157.75,150.0,150.6199951171875,142.76571655273438,70419300
2020-03-10,158.16000366210938,161.02999877929688,152.5800018310547,160.9199981689453,152.528564453125,65354400
2020-03-11,157.1300048828125,157.6999969482422,151.14999389648438,153.6300048828125,145.6187744140625,56371600
2020-03-12,145.3000030517578,153.47000122070312,138.5800018310547,139.05999755859375,131.80853271484375,93226400
2020-03-13,147.5,161.91000366210938,140.72999572753906,158.8300018310547,150.54762268066406,92727400
2020-03-16,140.0,149.35000610351562,135.0,135.4199981689453,128.35838317871094,87905900
2020-03-17,140.0,147.5,135.0,146.57000732421875,138.92689514160156,81059800
2020-03-18,138.0,146.0,135.02000427246094,140.39999389648438,133.07864379882812,81593200
2020-03-19,142.77000427246094,150.14999389648438,139.0,142.7100067138672,135.2681884765625,85922700
2020-03-20,146.0,147.10000610351562,135.86000061035156,137.35000610351562,130.1876983642578,84866200
2020-03-23,137.00999450683594,140.57000732421875,132.52000427246094,135.97999572753906,128.88917541503906,78975200
2020-03-24,143.75,149.60000610351562,141.27000427246094,148.33999633789062,140.6046142578125,82516700
2020-03-25,148.91000366210938,154.3300018310547,144.44000244140625,146.9199981689453,139.25868225097656,75638200
2020-03-26,148.39999389648438,156.66000366210938,148.3699951171875,156.11000061035156,147.969482421875,64568100
2020-03-27,151.75,154.88999938964844,149.1999969482422,149.6999969482422,141.89370727539062,57042300
2020-03-30,152.44000244140625,160.60000610351562,150.00999450683594,160.22999572753906,151.87460327148438,63420300
2020-03-31,159.39999389648438,164.77999877929688,156.55999755859375,157.7100067138672,149.48599243164062,77927200
2020-04-01,153.0,157.75,150.82000732421875,152.11000061035156,144.17799377441406,57969900
2020-04-02,151.86000061035156,155.47999572753906,150.36000061035156,155.25999450683594,147.1637725830078,49630700
2020-04-03,155.10000610351562,157.3800048828125,152.19000244140625,153.8300018310547,145.80831909179688,41243300
2020-04-06,160.32000732421875,166.5,157.5800018310547,165.27000427246094,156.65179443359375,67111700
2020-04-07,169.58999633789062,170.0,163.25999450683594,163.49000549316406,154.964599609375,62769000
2020-04-08,165.6699981689453,166.6699981689453,163.5,165.1300048828125,156.51907348632812,48318200
2020-04-09,166.36000061035156,167.3699951171875,163.3300018310547,165.13999938964844,156.52853393554688,51385100
2020-04-13,164.35000610351562,165.57000732421875,162.3000030517578,165.50999450683594,156.8792724609375,41905300
2020-04-14,169.0,173.75,168.0,173.6999969482422,164.6422119140625,52874300
2020-04-15,171.1999969482422,173.57000732421875,169.24000549316406,171.8800048828125,162.91709899902344,40940800
2020-04-16,174.3000030517578,177.27999877929688,172.89999389648438,177.0399932861328,167.8080291748047,50479600
2020-04-17,179.5,180.0,175.8699951171875,178.60000610351562,169.28668212890625,52765600
2020-04-20,176.6300048828125,178.75,174.99000549316406,175.05999755859375,165.93124389648438,36669600
2020-04-21,173.5,173.6699981689453,166.11000061035156,167.82000732421875,159.06878662109375,56203700
2020-04-22,171.38999938964844,174.0,170.82000732421875,173.52000427246094,164.4715576171875,34620200
2020-04-23,174.11000061035156,175.05999755859375,170.91000366210938,171.4199981689453,162.4810333251953,32790800
2020-04-24,172.05999755859375,174.55999755859375,170.7100067138672,174.5500030517578,165.44784545898438,34277600
2020-04-27,176.58999633789062,176.89999389648438,173.3000030517578,174.0500030517578,164.97393798828125,33194400
2020-04-28,175.58999633789062,175.6699981689453,169.38999938964844,169.80999755859375,160.9550323486328,34392700
2020-04-29,173.22000122070312,177.67999267578125,171.8800048828125,177.42999267578125,168.17767333984375,51286600
2020-04-30,180.0,180.39999389648438,176.22999572753906,179.2100067138672,169.86485290527344,53875900
2020-05-01,175.8000030517578,178.63999938964844,174.00999450683594,174.57000732421875,165.4668426513672,39370500
2020-05-04,174.49000549316406,179.0,173.8000030517578,178.83999633789062,169.51412963867188,30372900
2020-05-05,180.6199951171875,183.64999389648438,179.89999389648438,180.75999450683594,171.333984375,36839200
2020-05-06,182.0800018310547,184.1999969482422,181.6300048828125,182.5399932861328,173.02122497558594,32139300
2020-05-07,184.1699981689453,184.5500030517578,182.5800018310547,183.60000610351562,174.0260009765625,28316000
2020-05-08,184.97999572753906,185.0,183.36000061035156,184.67999267578125,175.04959106445312,30877800
2020-05-11,183.14999389648438,187.50999450683594,182.85000610351562,186.74000549316406,177.00222778320312,30892700
2020-05-12,186.8000030517578,187.0399932861328,182.3000030517578,182.50999450683594,172.99278259277344,32038200
2020-05-13,182.5500030517578,184.0500030517578,176.5399932861328,179.75,170.37664794921875,44711500
2020-05-14,177.5399932861328,180.69000244140625,175.67999267578125,180.52999877929688,171.11602783203125,41873900
2020-05-15,179.05999755859375,187.05999755859375,177.0,183.16000366210938,173.60890197753906,46610400
2020-05-18,185.75,186.1999969482422,183.9600067138672,184.91000366210938,175.267578125,35264500
2020-05-19,185.02999877929688,186.60000610351562,183.49000549316406,183.6300048828125,174.0543670654297,26799100
2020-05-20,184.80999755859375,185.85000610351562,183.94000244140625,185.66000366210938,176.4686279296875,31261300
2020-05-21,185.39999389648438,186.6699981689453,183.2899932861328,183.42999267578125,174.34902954101562,29119500
2020-05-22,183.19000244140625,184.4600067138672,182.5399932861328,183.50999450683594,174.42506408691406,20826900
2020-05-26,186.33999633789062,186.5,181.10000610351562,181.57000732421875,172.58106994628906,36073600
2020-05-27,180.1999969482422,181.99000549316406,176.60000610351562,181.80999755859375,172.80923461914062,39517100
2020-05-28,180.74000549316406,184.14999389648438,180.3800048828125,181.39999389648438,172.41949462890625,33810200
2020-05-29,182.72999572753906,184.27000427246094,180.41000366210938,183.25,174.17796325683594,42130400
2020-06-01,182.5399932861328,183.0,181.4600067138672,182.8300018310547,173.77871704101562,22622400
2020-06-02,184.25,185.0,181.35000610351562,184.91000366210938,175.75576782226562,30794600
2020-06-03,184.82000732421875,185.94000244140625,183.5800018310547,185.36000061035156,176.18350219726562,27311000
2020-06-04,184.3000030517578,185.83999633789062,182.3000030517578,182.9199981689453,173.8642578125,28761800
2020-06-05,182.6199951171875,187.72999572753906,182.00999450683594,187.1999969482422,177.93238830566406,39893600
2020-06-08,185.94000244140625,188.5500030517578,184.44000244140625,188.36000061035156,179.0349578857422,33211600
2020-06-09,188.0,190.6999969482422,187.25999450683594,189.8000030517578,180.40370178222656,29783900
2020-06-10,191.1300048828125,198.52000427246094,191.00999450683594,196.83999633789062,187.09515380859375,43872300
2020-06-11,193.1300048828125,195.75999450683594,186.07000732421875,186.27000427246094,177.0484161376953,52854700
2020-06-12,190.5399932861328,191.72000122070312,185.17999267578125,187.74000549316406,178.44564819335938,43373600
2020-06-15,184.5800018310547,190.82000732421875,184.00999450683594,188.94000244140625,179.58627319335938,32770200
2020-06-16,192.88999938964844,195.5800018310547,191.4600067138672,193.57000732421875,183.98703002929688,42556700
2020-06-17,195.02999877929688,196.32000732421875,193.69000244140625,194.24000549316406,184.6238555908203,25687800
2020-06-18,194.0,196.49000549316406,194.0,196.32000732421875,186.60089111328125,23061600
2020-06-19,198.58999633789062,199.2899932861328,194.3699951171875,195.14999389648438,185.48878479003906,44441100
2020-06-22,195.7899932861328,200.75999450683594,195.22999572753906,200.57000732421875,190.6404571533203,32818900
2020-06-23,202.08999633789062,203.9499969482422,201.42999267578125,201.91000366210938,191.91415405273438,30917400
2020-06-24,201.60000610351562,203.25,196.55999755859375,197.83999633789062,188.04563903808594,36740600
2020-06-25,197.8000030517578,200.61000061035156,195.47000122070312,200.33999633789062,190.42190551757812,27803900
2020-06-26,199.72999572753906,199.88999938964844,194.8800048828125,196.3300018310547,186.61041259765625,54675800
2020-06-29,195.77999877929688,198.52999877929688,193.5500030517578,198.44000244140625,188.61593627929688,26701600
2020-06-30,197.8800048828125,204.39999389648438,197.74000549316406,203.50999450683594,193.43490600585938,34310300
2020-07-01,203.13999938964844,206.35000610351562,201.77000427246094,204.6999969482422,194.56602478027344,32061200
2020-07-02,205.67999267578125,208.02000427246094,205.0,206.25999450683594,196.04876708984375,29315800
2020-07-06,208.8300018310547,211.1300048828125,208.08999633789062,210.6999969482422,200.26895141601562,31897600
2020-07-07,210.4499969482422,214.6699981689453,207.99000549316406,208.25,197.94024658203125,33600700
2020-07-08,210.07000732421875,213.25999450683594,208.69000244140625,212.8300018310547,202.29351806640625,33600000
2020-07-09,216.3300018310547,216.3800048828125,211.47000122070312,214.32000732421875,203.70977783203125,33121700
2020-07-10,213.6199951171875,214.0800018310547,211.0800018310547,213.6699981689453,203.09194946289062,26177600
2020-07-13,214.47999572753906,215.8000030517578,206.5,207.07000732421875,196.81871032714844,38135600
2020-07-14,206.1300048828125,208.85000610351562,202.02999877929688,208.35000610351562,198.03533935546875,37591800
2020-07-15,209.55999755859375,211.3300018310547,205.02999877929688,208.0399932861328,197.7406768798828,32179400
2020-07-16,205.39999389648438,205.6999969482422,202.30999755859375,203.9199981689453,193.82464599609375,29940700
2020-07-17,204.47000122070312,205.0399932861328,201.38999938964844,202.8800048828125,192.83612060546875,31635300
2020-07-20,205.0,212.3000030517578,203.00999450683594,211.60000610351562,201.12440490722656,36884800
2020-07-21,213.66000366210938,213.94000244140625,208.02999877929688,208.75,198.41552734375,37990400
2020-07-22,209.1999969482422,212.3000030517578,208.38999938964844,211.75,201.26702880859375,49605700
2020-07-23,207.19000244140625,210.9199981689453,202.14999389648438,202.5399932861328,192.51295471191406,67457000
2020-07-24,200.4199981689453,202.86000061035156,197.50999450683594,201.3000030517578,191.33432006835938,39827000
2020-07-27,201.47000122070312,203.97000122070312,200.86000061035156,203.85000610351562,193.75808715820312,30160900
2020-07-28,203.61000061035156,204.6999969482422,201.74000549316406,202.02000427246094,192.0186767578125,23251400
2020-07-29,202.5,204.64999389648438,202.00999450683594,204.05999755859375,193.95770263671875,19632600
2020-07-30,201.0,204.4600067138672,199.57000732421875,203.89999389648438,193.80560302734375,25079600
2020-07-31,204.39999389648438,205.10000610351562,199.00999450683594,205.00999450683594,194.8606414794922,51044000
2020-08-03,211.52000427246094,217.63999938964844,210.44000244140625,216.5399932861328,205.81983947753906,78983000
2020-08-04,214.1699981689453,214.77000427246094,210.30999755859375,213.2899932861328,202.73074340820312,49280100
2020-08-05,214.89999389648438,215.0,211.57000732421875,212.94000244140625,202.3981170654297,28806400
2020-08-06,212.33999633789062,216.3699951171875,211.5500030517578,216.35000610351562,205.63926696777344,32656800
2020-08-07,214.85000610351562,215.6999969482422,210.92999267578125,212.47999572753906,201.96087646484375,27820400
2020-08-10,211.6699981689453,211.8800048828125,206.35000610351562,208.25,197.94024658203125,36716500
2020-08-11,207.16000366210938,207.64999389648438,203.13999938964844,203.3800048828125,193.3113250732422,36446500
2020-08-12,205.2899932861328,210.27999877929688,204.75,209.19000244140625,198.83372497558594,28013100
2020-08-13,209.44000244140625,211.35000610351562,208.14999389648438,208.6999969482422,198.3679962158203,22588900
2020-08-14,208.75999450683594,209.58999633789062,207.50999450683594,208.89999389648438,198.55807495117188,17958900
2020-08-17,209.60000610351562,211.19000244140625,208.9199981689453,210.27999877929688,199.86981201171875,20184800
2020-08-18,210.52999877929688,212.36000061035156,209.2100067138672,211.49000549316406,201.0198516845703,21336200
2020-08-19,211.49000549316406,212.10000610351562,209.25,209.6999969482422,199.80029296875,27627600
2020-08-20,209.5399932861328,215.0,208.91000366210938,214.5800018310547,204.44992065429688,26981500
2020-08-21,213.86000061035156,216.25,212.85000610351562,213.02000427246094,202.9635772705078,36249300
2020-08-24,214.7899932861328,215.52000427246094,212.42999267578125,213.69000244140625,203.60195922851562,25460100
2020-08-25,213.10000610351562,216.61000061035156,213.10000610351562,216.47000122070312,206.25070190429688,23043700
2020-08-26,217.8800048828125,222.08999633789062,217.36000061035156,221.14999389648438,210.70977783203125,39600800
2020-08-27,222.88999938964844,231.14999389648438,219.39999389648438,226.5800018310547,215.88343811035156,57602200
2020-08-28,228.17999267578125,230.63999938964844,226.5800018310547,228.91000366210938,218.1034393310547,26292900
2020-08-31,227.0,228.6999969482422,224.30999755859375,225.52999877929688,214.8830108642578,28774200
2020-09-01,225.50999450683594,227.4499969482422,224.42999267578125,227.27000427246094,216.5408477783203,25725500
2020-09-02,227.97000122070312,232.86000061035156,227.35000610351562,231.64999389648438,220.71408081054688,34080800
2020-09-03,229.27000427246094,229.30999755859375,214.9600067138672,217.3000030517578,207.04148864746094,58400300
2020-09-04,215.10000610351562,218.36000061035156,205.19000244140625,214.25,204.135498046875,59664100
2020-09-08,206.5,210.02999877929688,202.1999969482422,202.66000366210938,193.09268188476562,52924300
2020-09-09,207.60000610351562,214.83999633789062,206.6999969482422,211.2899932861328,201.31524658203125,45679000
2020-09-10,213.39999389648438,214.74000549316406,204.11000061035156,205.3699951171875,195.6747283935547,35461500
2020-09-11,207.1999969482422,208.6300048828125,201.24000549316406,204.02999877929688,194.39797973632812,33620100
2020-09-14,204.24000549316406,209.1999969482422,204.02999877929688,205.41000366210938,195.71282958984375,30375800
2020-09-15,208.4199981689453,209.77999877929688,206.92999267578125,208.77999877929688,198.92372131347656,21823900
2020-09-16,210.6199951171875,210.64999389648438,204.63999938964844,205.0500030517578,195.36978149414062,26328100
2020-09-17,200.0500030517578,204.3300018310547,199.9600067138672,202.91000366210938,193.33084106445312,34011300
2020-09-18,202.8000030517578,203.64999389648438,196.25,200.38999938964844,190.92979431152344,55225300
2020-09-21,197.19000244140625,202.7100067138672,196.3800048828125,202.5399932861328,192.97833251953125,39839700
2020-09-22,205.05999755859375,208.10000610351562,202.0800018310547,207.4199981689453,197.6279754638672,33517100
2020-09-23,207.89999389648438,208.10000610351562,200.02999877929688,200.58999633789062,191.120361328125,30803800
2020-09-24,199.85000610351562,205.57000732421875,199.1999969482422,203.19000244140625,193.59765625,31202500
2020-09-25,203.5500030517578,209.0399932861328,202.5399932861328,207.82000732421875,198.00906372070312,29437300
2020-09-28,210.8800048828125,212.57000732421875,208.05999755859375,209.44000244140625,199.55258178710938,32004900
2020-09-29,209.35000610351562,210.07000732421875,206.80999755859375,207.25999450683594,197.47547912597656,24221900
2020-09-30,207.72999572753906,211.97999572753906,206.5399932861328,210.3300018310547,200.40057373046875,33829100
2020-10-01,213.49000549316406,213.99000549316406,211.32000732421875,212.4600067138672,202.43002319335938,27158400
2020-10-02,208.0,210.99000549316406,205.5399932861328,206.19000244140625,196.4559783935547,33154800
2020-10-05,207.22000122070312,210.41000366210938,206.97999572753906,210.3800048828125,200.4481658935547,21331600
2020-10-06,208.82000732421875,210.17999267578125,204.82000732421875,205.91000366210938,196.18923950195312,28554300
2020-10-07,207.05999755859375,210.11000061035156,206.72000122070312,209.8300018310547,199.92413330078125,25681100
2020-10-08,210.50999450683594,211.19000244140625,208.32000732421875,210.5800018310547,200.63877868652344,19925800
2020-10-09,211.22999572753906,215.86000061035156,211.22999572753906,215.80999755859375,205.62185668945312,26458000
2020-10-12,218.7899932861328,223.86000061035156,216.80999755859375,221.39999389648438,210.9479522705078,40461400
2020-10-13,222.72000122070312,225.2100067138672,220.42999267578125,222.86000061035156,212.33900451660156,28950800
2020-10-14,223.0,224.22000122070312,219.1300048828125,220.86000061035156,210.43345642089844,23421700
2020-10-15,217.10000610351562,220.36000061035156,216.00999450683594,219.66000366210938,209.2900848388672,22733100
2020-10-16,220.14999389648438,222.2899932861328,219.32000732421875,219.66000366210938,209.2900848388672,26057900
2020-10-19,220.4199981689453,222.3000030517578,213.72000122070312,214.22000122070312,204.10694885253906,27625800
2020-10-20,215.8000030517578,217.3699951171875,213.08999633789062,214.64999389648438,204.51663208007812,22753500
2020-10-21,213.1199951171875,216.9199981689453,213.1199951171875,214.8000030517578,204.6595458984375,22724900
2020-10-22,213.92999267578125,216.05999755859375,211.6999969482422,214.88999938964844,204.74533081054688,22351500
2020-10-23,215.02999877929688,216.27999877929688,213.16000366210938,216.22999572753906,206.0220184326172,18879600
2020-10-26,213.85000610351562,216.33999633789062,208.10000610351562,210.0800018310547,200.16238403320312,37111600
2020-10-27,211.58999633789062,214.6699981689453,210.3300018310547,213.25,203.1826629638672,36700300
2020-10-28,207.6699981689453,208.83999633789062,202.10000610351562,202.67999267578125,193.1116943359375,51195600
2020-10-29,204.07000732421875,207.36000061035156,203.3699951171875,204.72000122070312,195.05535888671875,31432600
2020-10-30,203.5,204.2899932861328,199.6199951171875,202.47000122070312,192.91163635253906,36953700
2020-11-02,204.2899932861328,205.27999877929688,200.1199951171875,202.3300018310547,192.7782440185547,30842200
2020-11-03,203.88999938964844,208.1199951171875,203.1199951171875,206.42999267578125,196.68467712402344,27512000
2020-11-04,214.02000427246094,218.32000732421875,212.4199981689453,216.38999938964844,206.17449951171875,42311800
2020-11-05,222.0399932861328,224.1199951171875,221.14999389648438,223.2899932861328,212.74871826171875,36080100
2020-11-06,222.25999450683594,224.36000061035156,218.02999877929688,223.72000122070312,213.158447265625,25231900
2020-11-09,224.44000244140625,228.1199951171875,217.8800048828125,218.38999938964844,208.08004760742188,44395000
2020-11-10,214.5,216.5,209.72000122070312,211.00999450683594,201.04843139648438,44045100
2020-11-11,212.38999938964844,218.0399932861328,212.1999969482422,216.5500030517578,206.32693481445312,29440800
2020-11-12,217.2100067138672,219.11000061035156,214.4600067138672,215.44000244140625,205.26934814453125,21593900
2020-11-13,216.36000061035156,217.4199981689453,214.16000366210938,216.50999450683594,206.288818359375,18621100
2020-11-16,214.8699951171875,217.74000549316406,214.52000427246094,217.22999572753906,206.9748077392578,24953300
2020-11-17,216.10000610351562,217.67999267578125,214.0800018310547,214.4600067138672,204.33560180664062,24154100
2020-11-18,213.64999389648438,215.1699981689453,210.92999267578125,211.0800018310547,201.64169311523438,28372800
2020-11-19,211.3800048828125,213.02999877929688,209.92999267578125,212.4199981689453,202.9217529296875,24792700
2020-11-20,212.1999969482422,213.2899932861328,210.0,210.38999938964844,200.9825439453125,22843100
2020-11-23,210.9499969482422,212.2899932861328,208.16000366210938,210.11000061035156,200.7150115966797,25683500
2020-11-24,209.58999633789062,214.25,208.86000061035156,213.86000061035156,204.29739379882812,33979700
2020-11-25,215.11000061035156,215.2899932861328,212.4600067138672,213.8699951171875,204.3069305419922,21012900
2020-11-27,214.85000610351562,216.27000427246094,214.0399932861328,215.22999572753906,205.6061248779297,14512200
2020-11-30,214.10000610351562,214.75999450683594,210.83999633789062,214.07000732421875,204.49801635742188,33064800
2020-12-01,214.50999450683594,217.32000732421875,213.35000610351562,216.2100067138672,206.54232788085938,30904500
2020-12-02,214.8800048828125,215.47000122070312,212.8000030517578,215.3699951171875,205.73985290527344,23724500
2020-12-03,214.61000061035156,216.3800048828125,213.64999389648438,214.24000549316406,204.660400390625,25120900
2020-12-04,214.22000122070312,215.3800048828125,213.17999267578125,214.36000061035156,204.77500915527344,24666000
2020-12-07,214.3699951171875,215.5399932861328,212.99000549316406,214.2899932861328,204.7081756591797,24620000
2020-12-08,213.97000122070312,216.9499969482422,212.88999938964844,216.00999450683594,206.35121154785156,23284100
2020-12-09,215.16000366210938,215.22999572753906,211.2100067138672,211.8000030517578,202.3295135498047,32440600
2020-12-10,211.77000427246094,213.0800018310547,210.36000061035156,210.52000427246094,201.1067657470703,26733300
2020-12-11,210.0500030517578,213.32000732421875,209.11000061035156,213.25999450683594,203.72422790527344,30979400
2020-12-14,213.10000610351562,216.2100067138672,212.8800048828125,214.1999969482422,204.6221466064453,28798400
2020-12-15,215.1699981689453,215.4199981689453,212.24000549316406,214.1300048828125,204.55532836914062,27000600
2020-12-16,214.75,220.11000061035156,214.72000122070312,219.27999877929688,209.4750213623047,35023300
2020-12-17,219.8699951171875,220.88999938964844,217.9199981689453,219.4199981689453,209.60874938964844,32515800
2020-12-18,218.58999633789062,219.69000244140625,216.02000427246094,218.58999633789062,208.81588745117188,63354900
2020-12-21,217.5500030517578,224.0,217.27999877929688,222.58999633789062,212.6370086669922,37181900
2020-12-22,222.69000244140625,225.6300048828125,221.85000610351562,223.94000244140625,213.92669677734375,22612200
2020-12-23,223.11000061035156,223.55999755859375,220.8000030517578,221.02000427246094,211.13720703125,18699600
2020-12-24,221.4199981689453,223.61000061035156,221.1999969482422,222.75,212.78985595703125,10550600
2020-12-28,224.4499969482422,226.02999877929688,223.02000427246094,224.9600067138672,214.90106201171875,17933500
2020-12-29,226.30999755859375,227.17999267578125,223.5800018310547,224.14999389648438,214.1272735595703,17403200
2020-12-30,225.22999572753906,225.6300048828125,221.47000122070312,221.67999267578125,211.76771545410156,20272300
2020-12-31,221.6999969482422,223.0,219.67999267578125,222.4199981689453,212.47463989257812,20942100
2021-01-04,222.52999877929688,223.0,214.80999755859375,217.69000244140625,207.9561004638672,37130100
2021-01-05,217.25999450683594,218.52000427246094,215.6999969482422,217.89999389648438,208.15672302246094,23823000
2021-01-06,212.1699981689453,216.49000549316406,211.94000244140625,212.25,202.75938415527344,35930700
2021-01-07,214.0399932861328,219.33999633789062,213.7100067138672,218.2899932861328,208.529296875,27694500
2021-01-08,218.67999267578125,220.5800018310547,217.02999877929688,219.6199951171875,209.7998046875,22956200
2021-01-11,218.47000122070312,218.91000366210938,216.72999572753906,217.49000549316406,207.7650909423828,23031300
2021-01-12,216.5,217.10000610351562,213.32000732421875,214.92999267578125,205.3195037841797,23249300
2021-01-13,214.02000427246094,216.75999450683594,213.92999267578125,216.33999633789062,206.66650390625,20087100
2021-01-14,215.91000366210938,217.4600067138672,212.74000549316406,213.02000427246094,203.4949493408203,29480800
2021-01-15,213.52000427246094,214.50999450683594,212.02999877929688,212.64999389648438,203.14144897460938,31746500
2021-01-19,213.75,216.97999572753906,212.6300048828125,216.44000244140625,206.76202392578125,30480900
2021-01-20,217.6999969482422,225.7899932861328,217.2899932861328,224.33999633789062,214.3087615966797,37777300
2021-01-21,224.6999969482422,226.3000030517578,222.4199981689453,224.97000122070312,214.9105987548828,30709400
2021-01-22,227.0800018310547,230.07000732421875,225.8000030517578,225.9499969482422,215.8467559814453,30172700
2021-01-25,229.1199951171875,229.77999877929688,224.22000122070312,229.52999877929688,219.2667236328125,33152100
2021-01-26,231.86000061035156,234.17999267578125,230.0800018310547,232.3300018310547,221.94151306152344,49169600
2021-01-27,238.0,240.44000244140625,230.13999938964844,232.89999389648438,222.48599243164062,69870600
2021-01-28,235.61000061035156,242.63999938964844,235.08999633789062,238.92999267578125,228.24639892578125,49111200
2021-01-29,235.99000549316406,238.02000427246094,231.35000610351562,231.9600067138672,221.5880889892578,42503100
2021-02-01,235.05999755859375,242.5,232.42999267578125,239.64999389648438,228.9341583251953,33314200
2021-02-02,241.3000030517578,242.30999755859375,238.69000244140625,239.50999450683594,228.80043029785156,25916300
2021-02-03,239.57000732421875,245.08999633789062,239.25999450683594,243.0,232.13438415527344,27158100
2021-02-04,242.66000366210938,243.24000549316406,240.3699951171875,242.00999450683594,231.1886749267578,25296100
2021-02-05,242.22999572753906,243.27999877929688,240.4199981689453,242.1999969482422,231.3701934814453,18054800
2021-02-08,243.14999389648438,243.67999267578125,240.80999755859375,242.47000122070312,231.6281280517578,22211900
2021-02-09,241.8699951171875,244.75999450683594,241.3800048828125,243.77000427246094,232.86997985839844,23565000
2021-02-10,245.0,245.9199981689453,240.88999938964844,242.82000732421875,231.9624481201172,22186700
2021-02-11,244.77999877929688,245.14999389648438,242.14999389648438,244.49000549316406,233.55780029296875,15751100
2021-02-12,243.92999267578125,245.3000030517578,242.72999572753906,244.99000549316406,234.03541564941406,16561100
2021-02-16,245.02999877929688,246.1300048828125,242.9199981689453,243.6999969482422,232.80308532714844,26728500
2021-02-17,241.32000732421875,244.30999755859375,240.94000244140625,244.1999969482422,233.81802368164062,21653500
2021-02-18,241.8000030517578,243.92999267578125,240.86000061035156,243.7899932861328,233.4254608154297,16925600
2021-02-19,243.75,243.86000061035156,240.17999267578125,240.97000122070312,230.72535705566406,25262600
2021-02-22,237.4199981689453,237.92999267578125,232.39999389648438,234.50999450683594,224.54000854492188,36446900
2021-02-23,230.3300018310547,234.8300018310547,228.72999572753906,233.27000427246094,223.3527069091797,30228700
2021-02-24,230.00999450683594,235.1999969482422,229.0,234.5500030517578,224.57827758789062,26339700
2021-02-25,232.0800018310547,234.58999633789062,227.8800048828125,228.99000549316406,219.2546844482422,39542200
2021-02-26,231.52999877929688,235.3699951171875,229.5399932861328,232.3800048828125,222.50050354003906,37819200
2021-03-01,235.89999389648438,237.47000122070312,233.14999389648438,236.94000244140625,226.86666870117188,25324000
2021-03-02,237.00999450683594,237.3000030517578,233.4499969482422,233.8699951171875,223.92721557617188,22812500
2021-03-03,232.16000366210938,233.5800018310547,227.25999450683594,227.55999755859375,217.88546752929688,34029500
2021-03-04,226.74000549316406,232.49000549316406,224.25999450683594,226.72999572753906,217.09072875976562,44727800
2021-03-05,229.52000427246094,233.27000427246094,226.4600067138672,231.60000610351562,221.75375366210938,41872800
2021-03-08,231.3699951171875,233.3699951171875,227.1300048828125,227.38999938964844,217.72267150878906,35267400
2021-03-09,232.8800048828125,235.3800048828125,231.6699981689453,233.77999877929688,223.8410186767578,33080500
2021-03-10,237.0,237.0,232.0399932861328,232.4199981689453,222.53884887695312,29746800
2021-03-11,234.9600067138672,239.1699981689453,234.30999755859375,237.1300048828125,227.04861450195312,29907600
2021-03-12,234.00999450683594,235.82000732421875,233.22999572753906,235.75,225.727294921875,22653700
2021-03-15,234.9600067138672,235.19000244140625,231.80999755859375,234.80999755859375,224.82723999023438,26034900
2021-03-16,236.27999877929688,240.05999755859375,235.94000244140625,237.7100067138672,227.6039581298828,28092200
2021-03-17,236.14999389648438,238.5500030517578,233.22999572753906,237.0399932861328,226.96243286132812,29562100
2021-03-18,232.55999755859375,234.19000244140625,230.3300018310547,230.72000122070312,220.9111328125,34833000
2021-03-19,231.02000427246094,232.47000122070312,229.35000610351562,230.35000610351562,220.55686950683594,46430700
2021-03-22,230.27000427246094,236.89999389648438,230.13999938964844,235.99000549316406,225.95709228515625,30127000
2021-03-23,237.49000549316406,241.0500030517578,237.07000732421875,237.5800018310547,227.4794921875,31638400
2021-03-24,237.85000610351562,238.0,235.32000732421875,235.4600067138672,225.44961547851562,25620100
2021-03-25,235.3000030517578,236.94000244140625,231.57000732421875,232.33999633789062,222.46226501464844,34061900
2021-03-26,231.5500030517578,236.7100067138672,231.5500030517578,236.47999572753906,226.42623901367188,25479900
2021-03-29,236.58999633789062,236.8000030517578,231.8800048828125,235.24000549316406,225.23898315429688,25227500
2021-03-30,233.52999877929688,233.85000610351562,231.10000610351562,231.85000610351562,221.99310302734375,24792000
2021-03-31,232.91000366210938,239.10000610351562,232.38999938964844,235.77000427246094,225.7464141845703,43623500
2021-04-01,238.47000122070312,242.83999633789062,238.0500030517578,242.35000610351562,232.04666137695312,30338000
2021-04-05,242.75999450683594,249.9600067138672,242.6999969482422,249.07000732421875,238.4810028076172,36910600
2021-04-06,247.61000061035156,249.39999389648438,246.8800048828125,247.86000061035156,237.3223876953125,22931900
2021-04-07,247.80999755859375,250.92999267578125,247.19000244140625,249.89999389648438,239.2756805419922,22719800
2021-04-08,252.77000427246094,254.13999938964844,252.0,253.25,242.48329162597656,23625200
2021-04-09,252.8699951171875,255.99000549316406,252.44000244140625,255.85000610351562,244.97274780273438,24326800
2021-04-12,254.7100067138672,257.6700134277344,254.6199951171875,255.91000366210938,245.03016662597656,27148700
2021-04-13,257.260009765625,259.19000244140625,256.8299865722656,258.489990234375,247.50050354003906,23837500
2021-04-14,257.4800109863281,258.8299865722656,255.16000366210938,255.58999633789062,244.72381591796875,23070900
2021-04-15,257.92999267578125,259.92999267578125,257.7300109863281,259.5,248.4675750732422,25627500
2021-04-16,259.4700012207031,261.0,257.6000061035156,260.739990234375,249.65484619140625,24878600
2021-04-19,260.19000244140625,261.4800109863281,257.82000732421875,258.739990234375,247.73983764648438,23209300
2021-04-20,257.82000732421875,260.20001220703125,256.8399963378906,258.260009765625,247.2802734375,19722900
2021-04-21,258.94000244140625,260.67999267578125,257.25,260.5799865722656,249.5016326904297,24030400
2021-04-22,260.2099914550781,261.7799987792969,255.63999938964844,257.1700134277344,246.2366180419922,25606200
2021-04-23,257.8800048828125,261.510009765625,257.2699890136719,261.1499938964844,250.04742431640625,21462600
2021-04-26,261.6600036621094,262.44000244140625,260.1700134277344,261.54998779296875,250.4303741455078,19763300
2021-04-27,261.5799865722656,263.19000244140625,260.1199951171875,261.9700012207031,250.83258056640625,31014200
2021-04-28,256.0799865722656,256.5400085449219,252.9499969482422,254.55999755859375,243.73756408691406,46903100
2021-04-29,255.4600067138672,256.1000061035156,249.0,252.50999450683594,241.77471923828125,40589000
2021-04-30,249.74000549316406,253.0800018310547,249.60000610351562,252.17999267578125,241.45872497558594,30945100
2021-05-03,253.39999389648438,254.35000610351562,251.1199951171875,251.86000061035156,241.15232849121094,19626600
2021-05-04,250.97000122070312,251.2100067138672,245.75999450683594,247.7899932861328,237.2554168701172,32756100
2021-05-05,249.05999755859375,249.5,245.82000732421875,246.47000122070312,235.99151611328125,21901300
2021-05-06,246.4499969482422,249.86000061035156,244.69000244140625,249.72999572753906,239.1129150390625,26491100
2021-05-07,252.14999389648438,254.3000030517578,251.1699981689453,252.4600067138672,241.72686767578125,27032900
2021-05-10,250.8699951171875,251.72999572753906,247.1199951171875,247.17999267578125,236.6713104248047,29299900
2021-05-11,244.5500030517578,246.60000610351562,242.57000732421875,246.22999572753906,235.76170349121094,33641600
2021-05-12,242.1699981689453,244.3800048828125,238.07000732421875,239.0,228.83914184570312,36684400
2021-05-13,241.8000030517578,245.60000610351562,241.4199981689453,243.02999877929688,232.6977996826172,29624300
2021-05-14,245.5800018310547,249.17999267578125,245.49000549316406,248.14999389648438,237.60006713867188,23901100
2021-05-17,246.5500030517578,246.58999633789062,243.52000427246094,245.17999267578125,234.7563934326172,24970200
2021-05-18,246.27000427246094,246.41000366210938,242.89999389648438,243.0800018310547,232.7456512451172,20168000
2021-05-19,239.30999755859375,243.22999572753906,238.60000610351562,243.1199951171875,233.3214569091797,25739800
2021-05-20,243.9600067138672,247.9499969482422,243.86000061035156,246.47999572753906,236.5460205078125,21800700
2021-05-21,247.57000732421875,248.3300018310547,244.74000549316406,245.1699981689453,235.2888641357422,21863100
2021-05-24,247.7899932861328,251.16000366210938,247.50999450683594,250.77999877929688,240.67279052734375,21411500
2021-05-25,251.77000427246094,252.75,250.82000732421875,251.72000122070312,241.5748291015625,17704300
2021-05-26,251.42999267578125,252.94000244140625,250.75,251.49000549316406,241.35414123535156,17771600
2021-05-27,251.1699981689453,251.47999572753906,249.25,249.30999755859375,239.26197814941406,24426200
2021-05-28,251.0,252.0800018310547,249.55999755859375,249.67999267578125,239.6170654296875,18270200
2021-06-01,251.22999572753906,251.2899932861328,246.9600067138672,247.39999389648438,237.4290008544922,23213300
2021-06-02,248.1300048828125,249.27000427246094,245.83999633789062,247.3000030517578,237.3330078125,19406700
2021-06-03,245.22000122070312,246.33999633789062,243.0,245.7100067138672,235.80706787109375,25307700
2021-06-04,247.75999450683594,251.64999389648438,247.50999450683594,250.7899932861328,240.68235778808594,25281100
2021-06-07,249.97999572753906,254.08999633789062,249.80999755859375,253.80999755859375,243.5806121826172,23079200
2021-06-08,255.16000366210938,256.010009765625,252.50999450683594,252.57000732421875,242.39064025878906,22455000
2021-06-09,253.80999755859375,255.52999877929688,253.2100067138672,253.58999633789062,243.3695068359375,17937600
2021-06-10,254.2899932861328,257.4599914550781,253.6699981689453,257.239990234375,246.87237548828125,24563600
2021-06-11,257.989990234375,258.489990234375,256.6099853515625,257.8900146484375,247.49623107910156,18999700
2021-06-14,257.8999938964844,259.95001220703125,256.79998779296875,259.8900146484375,249.4156036376953,19150500
2021-06-15,259.7699890136719,259.989990234375,257.67999267578125,258.3599853515625,247.94720458984375,18038900
2021-06-16,259.3999938964844,260.5799865722656,254.4199981689453,257.3800048828125,247.00672912597656,27220000
2021-06-17,256.07000732421875,261.75,256.010009765625,260.8999938964844,250.38482666015625,27565500
2021-06-18,259.6300048828125,262.29998779296875,258.75,259.42999267578125,248.97413635253906,37202200
2021-06-21,259.82000732421875,263.5199890136719,257.9200134277344,262.6300048828125,252.04515075683594,26696100
2021-06-22,262.7200012207031,265.7900085449219,262.3999938964844,265.510009765625,254.80911254882812,24694100
2021-06-23,265.989990234375,266.8299865722656,264.42999267578125,265.2699890136719,254.57870483398438,19518700
2021-06-24,266.1600036621094,267.8500061035156,265.4700012207031,266.69000244140625,255.9414825439453,21446900
2021-06-25,266.2300109863281,267.25,264.760009765625,265.0199890136719,254.3388214111328,25611100
2021-06-28,266.19000244140625,268.8999938964844,265.9100036621094,268.7200012207031,257.8897399902344,19590000
2021-06-29,268.8699951171875,271.6499938964844,267.9800109863281,271.3999938964844,260.4616394042969,19937800
2021-06-30,270.69000244140625,271.3599853515625,269.6000061035156,270.8999938964844,259.9817810058594,21656500
2021-07-01,269.6099853515625,271.8399963378906,269.6000061035156,271.6000061035156,260.6536560058594,16725300
2021-07-02,272.82000732421875,278.0,272.5,277.6499938964844,266.4597473144531,26458000
2021-07-06,278.0299987792969,279.3699951171875,274.29998779296875,277.6600036621094,266.4693603515625,31565600
2021-07-07,279.3999938964844,280.69000244140625,277.1499938964844,279.92999267578125,268.64794921875,23260000
2021-07-08,276.8999938964844,278.7300109863281,274.8699951171875,277.4200134277344,266.2391052246094,24618600
2021-07-09,275.7200012207031,278.04998779296875,275.32000732421875,277.94000244140625,266.7381286621094,23916700
2021-07-12,279.1600036621094,279.7699890136719,276.5799865722656,277.32000732421875,266.1430358886719,18931700
2021-07-13,277.5199890136719,282.8500061035156,277.3900146484375,280.9800109863281,269.6555480957031,26120100
2021-07-14,282.3500061035156,283.6600036621094,280.54998779296875,282.510009765625,271.12396240234375,23113700
2021-07-15,282.0,282.510009765625,279.8299865722656,281.0299987792969,269.7035827636719,22604200
2021-07-16,282.07000732421875,284.1000061035156,279.4599914550781,280.75,269.43487548828125,26186800
2021-07-19,278.92999267578125,280.3699951171875,274.45001220703125,277.010009765625,265.8456115722656,32935600
2021-07-20,278.0299987792969,280.9700012207031,276.260009765625,279.32000732421875,268.0625,26259700
2021-07-21,278.8999938964844,281.5199890136719,277.2900085449219,281.3999938964844,270.0586853027344,24364300
2021-07-22,283.8399963378906,286.4200134277344,283.4200134277344,286.1400146484375,274.60760498046875,23384100
2021-07-23,287.3699951171875,289.989990234375,286.5,289.6700134277344,277.9953308105469,22768100
2021-07-26,289.0,289.69000244140625,286.6400146484375,289.04998779296875,277.4002685546875,23176100
2021-07-27,289.42999267578125,289.5799865722656,282.95001220703125,286.5400085449219,274.9915466308594,33604100
2021-07-28,288.989990234375,290.1499938964844,283.8299865722656,286.2200012207031,274.684326171875,33566900
2021-07-29,286.239990234375,288.6199951171875,286.0799865722656,286.5,274.9531555175781,18168300
2021-07-30,285.1700134277344,286.6600036621094,283.9100036621094,284.9100036621094,273.4271545410156,20944800
2021-08-02,286.3599853515625,286.7699890136719,283.739990234375,284.82000732421875,273.3408203125,16267400
2021-08-03,285.4200134277344,287.2300109863281,284.0,287.1199951171875,275.54815673828125,17879000
2021-08-04,286.2200012207031,287.5899963378906,284.6499938964844,286.510009765625,274.9627380371094,16191300
2021-08-05,286.8800048828125,289.6300048828125,286.1000061035156,289.5199890136719,277.8513488769531,13900200
2021-08-06,288.510009765625,289.5,287.6199951171875,289.4599914550781,277.7938232421875,16589300
2021-08-09,289.75,291.54998779296875,287.80999755859375,288.3299865722656,276.7093200683594,16117600
2021-08-10,288.79998779296875,289.25,285.20001220703125,286.44000244140625,274.8955078125,18616600
2021-08-11,287.2099914550781,288.6600036621094,285.8599853515625,286.95001220703125,275.385009765625,13955900
2021-08-12,286.6300048828125,289.9700012207031,286.3399963378906,289.80999755859375,278.1296691894531,14561300
2021-08-13,289.4800109863281,292.8999938964844,289.29998779296875,292.8500061035156,281.047119140625,18249000
2021-08-16,293.19000244140625,294.82000732421875,290.0199890136719,294.6000061035156,282.7266540527344,22507600
2021-08-17,292.3900146484375,293.42999267578125,291.0799865722656,293.0799865722656,281.2679138183594,20075300
2021-08-18,292.0400085449219,294.82000732421875,290.2699890136719,290.7300109863281,279.5467529296875,21813000
2021-08-19,288.69000244140625,297.4700012207031,288.6400146484375,296.7699890136719,285.3544616699219,29850500
2021-08-20,299.7200012207031,305.8399963378906,298.05999755859375,304.3599853515625,292.6524353027344,40817600
2021-08-23,303.25,305.3999938964844,301.8500061035156,304.6499938964844,292.9312438964844,22830200
2021-08-24,305.0199890136719,305.6499938964844,302.0,302.6199951171875,290.9795227050781,18175800
2021-08-25,304.29998779296875,304.5899963378906,300.4200134277344,302.010009765625,290.39288330078125,20006100
2021-08-26,300.989990234375,302.42999267578125,298.95001220703125,299.0899963378906,287.5851135253906,17666100
2021-08-27,298.989990234375,300.8699951171875,296.8299865722656,299.7200012207031,288.19097900390625,22605700
2021-08-30,301.1199951171875,304.2200012207031,301.05999755859375,303.5899963378906,291.912109375,16348100
2021-08-31,304.4200134277344,304.5,301.5,301.8800048828125,290.2679138183594,26285300
2021-09-01,302.8699951171875,305.19000244140625,301.489990234375,301.8299865722656,290.2198181152344,18983800
2021-09-02,302.20001220703125,303.3599853515625,300.17999267578125,301.1499938964844,289.56597900390625,16285600
2021-09-03,300.989990234375,302.6000061035156,300.260009765625,301.1400146484375,289.55633544921875,14747900
2021-09-07,301.010009765625,301.0899963378906,298.20001220703125,300.17999267578125,288.63330078125,17180400
2021-09-08,299.7799987792969,300.6099853515625,297.4700012207031,300.2099914550781,288.662109375,15046800
2021-09-09,300.82000732421875,302.1400146484375,297.0,297.25,285.81591796875,19927000
2021-09-10,298.4200134277344,299.9200134277344,295.3800048828125,295.7099914550781,284.3352355957031,19633400
2021-09-13,297.54998779296875,298.5400085449219,294.0799865722656,296.989990234375,285.5660095214844,23652900
2021-09-14,299.55999755859375,301.3900146484375,298.1000061035156,299.7900085449219,288.25830078125,21853400
2021-09-15,303.260009765625,305.32000732421875,301.82000732421875,304.82000732421875,293.0947570800781,28356300
2021-09-16,303.760009765625,305.30999755859375,300.760009765625,305.2200012207031,293.4794006347656,19550800
2021-09-17,304.1700134277344,304.5,299.5299987792969,299.8699951171875,288.335205078125,41372500
2021-09-20,296.3299865722656,298.7200012207031,289.5199890136719,294.29998779296875,282.97943115234375,38278700
2021-09-21,295.69000244140625,297.5400085449219,294.07000732421875,294.79998779296875,283.460205078125,22364100
2021-09-22,296.7300109863281,300.2200012207031,294.510009765625,298.5799865722656,287.09478759765625,26626300
2021-09-23,298.8500061035156,300.8999938964844,297.5299987792969,299.55999755859375,288.0371398925781,18604600
2021-09-24,298.2300109863281,299.79998779296875,296.92999267578125,299.3500061035156,287.835205078125,14999000
2021-09-27,296.1400146484375,296.4700012207031,292.94000244140625,294.1700134277344,282.8544006347656,23571700
2021-09-28,289.79998779296875,290.7799987792969,282.75,283.5199890136719,272.6141052246094,43186200
2021-09-29,285.1000061035156,286.7699890136719,283.010009765625,284.0,273.0756530761719,26353700
2021-09-30,285.7099914550781,287.8299865722656,281.6199951171875,281.9200134277344,271.0756530761719,32343600
2021-10-01,282.1199951171875,289.9800109863281,281.2900085449219,289.1000061035156,277.9794616699219,30086300
2021-10-04,287.3999938964844,287.75,280.25,283.1099853515625,272.21990966796875,31350700
2021-10-05,284.04998779296875,290.3999938964844,284.04998779296875,288.760009765625,277.652587890625,24993000
2021-10-06,285.7799987792969,293.6300048828125,285.510009765625,293.1099853515625,281.835205078125,28002600
2021-10-07,295.17999267578125,296.6400146484375,293.9200134277344,294.8500061035156,283.50830078125,20430500
2021-10-08,296.2200012207031,296.6400146484375,293.760009765625,294.8500061035156,283.50830078125,17685700
2021-10-11,292.9200134277344,297.9700012207031,292.75,294.2300109863281,282.91217041015625,19298600
2021-10-12,295.3399963378906,295.44000244140625,292.3500061035156,292.8800048828125,281.61407470703125,17974100
2021-10-13,294.9100036621094,297.2799987792969,293.489990234375,296.30999755859375,284.91217041015625,23416300
2021-10-14,299.2099914550781,303.2699890136719,297.8299865722656,302.75,291.1044006347656,27262900
2021-10-15,302.3399963378906,304.45001220703125,300.5199890136719,304.2099914550781,292.50823974609375,25384800
2021-10-18,303.57000732421875,308.2099914550781,302.69000244140625,307.2900085449219,295.46978759765625,22729300
2021-10-19,308.3500061035156,309.29998779296875,307.2200012207031,308.2300109863281,296.3736267089844,17682100
2021-10-20,309.2099914550781,309.70001220703125,306.1099853515625,307.4100036621094,295.58514404296875,16537100
2021-10-21,307.1700134277344,311.0199890136719,306.3599853515625,310.760009765625,298.80633544921875,16918100
2021-10-22,310.3999938964844,311.0899963378906,307.79998779296875,309.1600036621094,297.2679443359375,17449300
2021-10-25,309.3599853515625,309.3999938964844,306.4599914550781,308.1300048828125,296.27740478515625,17554500
2021-10-26,311.0,312.3999938964844,308.6000061035156,310.1099853515625,298.1813659667969,28107300
2021-10-27,316.0,326.1000061035156,316.0,323.1700134277344,310.7388916015625,52588700
2021-10-28,324.3299865722656,324.8699951171875,321.3599853515625,324.3500061035156,311.87353515625,26297900
2021-10-29,324.1300048828125,332.0,323.8999938964844,331.6199951171875,318.8638916015625,34766000
2021-11-01,331.3599853515625,331.489990234375,326.3699951171875,329.3699951171875,316.7004699707031,27073200
2021-11-02,330.30999755859375,333.45001220703125,330.0,333.1300048828125,320.31585693359375,26487100
2021-11-03,333.8999938964844,334.8999938964844,330.6499938964844,334.0,321.1523132324219,21500100
2021-11-04,332.8900146484375,336.5400085449219,329.510009765625,336.44000244140625,323.4985046386719,23992200
2021-11-05,338.510009765625,338.7900085449219,334.4200134277344,336.05999755859375,323.133056640625,22570100
2021-11-08,337.29998779296875,337.6499938964844,334.44000244140625,336.989990234375,324.02728271484375,20897000
2021-11-09,337.1099853515625,338.7200012207031,334.5299987792969,335.95001220703125,323.0273742675781,21307400
2021-11-10,334.57000732421875,334.6300048828125,329.9200134277344,330.79998779296875,318.07550048828125,25500900
2021-11-11,331.25,333.7699890136719,330.510009765625,332.42999267578125,319.64276123046875,16849800
2021-11-12,333.9200134277344,337.2300109863281,333.7900085449219,336.7200012207031,323.7676696777344,23831000
2021-11-15,337.5400085449219,337.8800048828125,334.0299987792969,336.07000732421875,323.1427307128906,16723000
2021-11-16,335.67999267578125,340.6700134277344,335.510009765625,339.510009765625,326.4504699707031,20886800
2021-11-17,338.94000244140625,342.19000244140625,338.0,339.1199951171875,326.6719055175781,19053400
2021-11-18,338.17999267578125,342.45001220703125,337.1199951171875,341.2699890136719,328.7430114746094,22463500
2021-11-19,342.6400146484375,345.1000061035156,342.20001220703125,343.1099853515625,330.5155029296875,21963400
2021-11-22,344.6199951171875,349.6700134277344,339.54998779296875,339.8299865722656,327.3558654785156,31031100
2021-11-23,337.04998779296875,339.45001220703125,333.55999755859375,337.67999267578125,325.28485107421875,30427600
2021-11-24,336.2799987792969,338.1600036621094,333.9100036621094,337.9100036621094,325.50634765625,21661300
2021-11-26,334.3500061035156,337.92999267578125,328.1199951171875,329.67999267578125,317.5784606933594,24217200
2021-11-29,334.94000244140625,339.0299987792969,334.739990234375,336.6300048828125,324.2733154296875,28563500
2021-11-30,335.32000732421875,337.7799987792969,328.989990234375,330.5899963378906,318.455078125,42885600
2021-12-01,335.1300048828125,339.2799987792969,329.3900146484375,330.0799865722656,317.9637451171875,33337600
2021-12-02,330.29998779296875,333.489990234375,327.79998779296875,329.489990234375,317.3954162597656,30766000
2021-12-03,331.989990234375,332.70001220703125,318.0299987792969,323.010009765625,311.1532897949219,41779300
2021-12-06,323.95001220703125,327.45001220703125,319.2300109863281,326.19000244140625,314.2165832519531,30032600
2021-12-07,331.6400146484375,335.79998779296875,330.1000061035156,334.9200134277344,322.6261291503906,31021900
2021-12-08,335.30999755859375,335.5,330.79998779296875,334.9700012207031,322.67431640625,24761000
2021-12-09,334.4100036621094,336.489990234375,332.1199951171875,333.1000061035156,320.8729553222656,22214200
2021-12-10,334.9800109863281,343.0,334.7900085449219,342.5400085449219,329.96649169921875,38095700
2021-12-13,340.67999267578125,343.7900085449219,339.0799865722656,339.3999938964844,326.941650390625,28899400
2021-12-14,333.2200012207031,334.6400146484375,324.1099853515625,328.3399963378906,316.2877197265625,44438700
2021-12-15,328.6099853515625,335.19000244140625,324.5,334.6499938964844,322.3660583496094,35381100
2021-12-16,335.7099914550781,336.760009765625,323.0199890136719,324.8999938964844,312.9739074707031,35034800
2021-12-17,320.8800048828125,324.9200134277344,317.25,323.79998779296875,311.9143371582031,47750300
2021-12-20,320.04998779296875,322.79998779296875,317.57000732421875,319.9100036621094,308.1669921875,28326500
2021-12-21,323.2900085449219,327.7300109863281,319.79998779296875,327.2900085449219,315.2762756347656,24740600
2021-12-22,328.29998779296875,333.6099853515625,325.75,333.20001220703125,320.96929931640625,24831500
2021-12-23,332.75,336.3900146484375,332.7300109863281,334.69000244140625,322.4046325683594,19617800
2021-12-27,335.4599914550781,342.4800109863281,335.42999267578125,342.45001220703125,329.8797302246094,19947000
2021-12-28,343.1499938964844,343.80999755859375,340.32000732421875,341.25,328.7237243652344,15661500
2021-12-29,341.29998779296875,344.29998779296875,339.67999267578125,341.95001220703125,329.3980712890625,15042000
2021-12-30,341.9100036621094,343.1300048828125,338.82000732421875,339.32000732421875,326.8646240234375,15994500
2021-12-31,338.510009765625,339.3599853515625,335.8500061035156,336.32000732421875,323.9747619628906,18000800
2022-01-03,335.3500061035156,338.0,329.7799987792969,334.75,322.46234130859375,28865100
2022-01-04,334.8299865722656,335.20001220703125,326.1199951171875,329.010009765625,316.9330749511719,32674300
2022-01-05,325.8599853515625,326.07000732421875,315.9800109863281,316.3800048828125,304.7666931152344,40054300
2022-01-06,313.1499938964844,318.70001220703125,311.489990234375,313.8800048828125,302.3584289550781,39646100
2022-01-07,314.1499938964844,316.5,310.0899963378906,314.0400085449219,302.5125732421875,32720000
2022-01-10,309.489990234375,314.7200012207031,304.69000244140625,314.2699890136719,302.7341613769531,44289500
2022-01-11,313.3800048828125,316.6099853515625,309.8900146484375,314.9800109863281,303.4180908203125,29386800
2022-01-12,319.6700134277344,323.4100036621094,317.0799865722656,318.2699890136719,306.5873107910156,34372200
2022-01-13,320.4700012207031,320.8800048828125,304.0,304.79998779296875,293.6117248535156,45366000
2022-01-14,304.25,310.82000732421875,303.75,310.20001220703125,298.8135986328125,39846400
2022-01-18,304.07000732421875,309.79998779296875,301.739990234375,302.6499938964844,291.5406494140625,42333200
2022-01-19,306.2900085449219,313.9100036621094,302.70001220703125,303.3299865722656,292.1957702636719,45933900
2022-01-20,309.07000732421875,311.6499938964844,301.1400146484375,301.6000061035156,290.52923583984375,35380700
2022-01-21,302.69000244140625,304.1099853515625,295.6099853515625,296.0299987792969,285.1636962890625,57984400
2022-01-24,292.20001220703125,297.1099853515625,276.04998779296875,296.3699951171875,285.4913024902344,85731500
2022-01-25,291.5199890136719,294.989990234375,285.1700134277344,288.489990234375,277.90045166015625,72848600
2022-01-26,307.989990234375,308.5,293.0299987792969,296.7099914550781,285.8186950683594,90428900
2022-01-27,302.6600036621094,307.29998779296875,297.92999267578125,299.8399963378906,288.83380126953125,53481300
2022-01-28,300.2300109863281,308.4800109863281,294.45001220703125,308.260009765625,296.94482421875,49743700
2022-01-31,308.95001220703125,312.3800048828125,306.3699951171875,310.9800109863281,299.5649108886719,46444500
2022-02-01,310.4100036621094,310.6300048828125,305.1300048828125,308.760009765625,297.42633056640625,40950400
2022-02-02,309.6300048828125,315.1199951171875,308.8800048828125,313.4599914550781,301.953857421875,36636000
2022-02-03,309.489990234375,311.2300109863281,299.9599914550781,301.25,290.1920471191406,43730000
2022-02-04,300.2099914550781,308.79998779296875,299.9700012207031,305.94000244140625,294.70989990234375,35096500
2022-02-07,306.1700134277344,307.8399963378906,299.8999938964844,300.95001220703125,289.903076171875,28533300
2022-02-08,301.25,305.55999755859375,299.95001220703125,304.55999755859375,293.380615234375,32421200
2022-02-09,309.8699951171875,311.92999267578125,307.3900146484375,311.2099914550781,299.7864990234375,31284700
2022-02-10,304.0400085449219,309.1199951171875,300.70001220703125,302.3800048828125,291.28057861328125,45386200
2022-02-11,303.19000244140625,304.2900085449219,294.2200012207031,295.0400085449219,284.2099609375,39175600
2022-02-14,293.7699890136719,296.760009765625,291.3500061035156,295.0,284.17144775390625,36359500
2022-02-15,300.010009765625,300.79998779296875,297.0199890136719,300.4700012207031,289.4407043457031,27058300
2022-02-16,298.3699951171875,300.8699951171875,293.67999267578125,299.5,289.1028137207031,29982100
2022-02-17,296.3599853515625,296.79998779296875,290.0,290.7300109863281,280.63726806640625,32461600
2022-02-18,293.04998779296875,293.8599853515625,286.30999755859375,287.92999267578125,277.93450927734375,34264000
2022-02-22,285.0,291.5400085449219,284.5,287.7200012207031,277.7317810058594,41736100
2022-02-23,290.17999267578125,291.70001220703125,280.1000061035156,280.2699890136719,270.5404052734375,37811200
2022-02-24,272.510009765625,295.1600036621094,271.5199890136719,294.5899963378906,284.3633117675781,56989700
2022-02-25,295.1400146484375,297.6300048828125,291.6499938964844,297.30999755859375,286.9888916015625,32546700
2022-02-28,294.30999755859375,299.1400146484375,293.0,298.7900085449219,288.41748046875,34627500
2022-03-01,296.3999938964844,299.9700012207031,292.1499938964844,294.95001220703125,284.7107849121094,31217800
2022-03-02,295.3599853515625,301.4700012207031,293.70001220703125,300.19000244140625,289.7688293457031,31873000
2022-03-03,302.8900146484375,303.1300048828125,294.04998779296875,295.9200134277344,285.6471252441406,27314500
2022-03-04,294.2900085449219,295.6600036621094,287.1700134277344,289.8599853515625,279.7974548339844,32356500
2022-03-07,288.5299987792969,289.69000244140625,278.5299987792969,278.9100036621094,269.2276916503906,43157200
2022-03-08,277.79998779296875,283.9599914550781,270.0,275.8500061035156,266.2738952636719,48159500
2022-03-09,283.44000244140625,289.6000061035156,280.7799987792969,288.5,278.4847106933594,35204500
2022-03-10,283.0199890136719,286.6000061035156,280.5799865722656,285.5899963378906,275.67578125,30628000
2022-03-11,287.9599914550781,289.510009765625,279.42999267578125,280.07000732421875,270.3472900390625,27209300
2022-03-14,280.3399963378906,285.3999938964844,275.82000732421875,276.44000244140625,266.8433837890625,30660700
2022-03-15,280.3500061035156,287.82000732421875,278.7300109863281,287.1499938964844,277.1815490722656,34245100
2022-03-16,289.1099853515625,294.57000732421875,283.20001220703125,294.3900146484375,284.1702575683594,37826300
2022-03-17,293.2900085449219,295.6099853515625,289.3699951171875,295.2200012207031,284.971435546875,30816600
2022-03-18,295.3699951171875,301.0,292.7300109863281,300.42999267578125,290.0005187988281,43390600
2022-03-21,298.8900146484375,300.1400146484375,294.8999938964844,299.1600036621094,288.77459716796875,28351200
2022-03-22,299.79998779296875,305.0,298.7699890136719,304.05999755859375,293.50457763671875,27599700
2022-03-23,300.510009765625,303.2300109863281,297.7200012207031,299.489990234375,289.0931701660156,25715400
2022-03-24,299.1400146484375,304.20001220703125,298.32000732421875,304.1000061035156,293.543212890625,24484500
2022-03-25,305.2300109863281,305.5,299.2900085449219,303.67999267578125,293.1376953125,22566500
2022-03-28,304.3299865722656,310.79998779296875,304.3299865722656,310.70001220703125,299.9140319824219,29578200
2022-03-29,313.9100036621094,315.82000732421875,309.04998779296875,315.4100036621094,304.4604797363281,30393400
2022-03-30,313.760009765625,315.95001220703125,311.5799865722656,313.8599853515625,302.9643249511719,28163600
2022-03-31,313.8999938964844,315.1400146484375,307.8900146484375,308.30999755859375,297.6069641113281,33422100
2022-04-01,309.3699951171875,310.1300048828125,305.5400085449219,309.4200134277344,298.6784973144531,27110500
2022-04-04,310.0899963378906,315.1099853515625,309.7099914550781,314.9700012207031,304.03582763671875,24289600
2022-04-05,313.2699890136719,314.8699951171875,309.8699951171875,310.8800048828125,300.08782958984375,23156700
2022-04-06,305.19000244140625,307.0,296.7099914550781,299.5,289.1028137207031,40110400
2022-04-07,296.6600036621094,303.6499938964844,296.3500061035156,301.3699951171875,290.9079284667969,31411200
2022-04-08,300.44000244140625,301.1199951171875,296.2799987792969,296.9700012207031,286.66070556640625,24361900
2022-04-11,291.7900085449219,292.6099853515625,285.0,285.260009765625,275.3571472167969,34569300
2022-04-12,289.239990234375,290.739990234375,280.489990234375,282.05999755859375,272.268310546875,30966700
2022-04-13,282.7300109863281,288.5799865722656,281.29998779296875,287.6199951171875,277.6352233886719,21907200
2022-04-14,288.0899963378906,288.30999755859375,279.32000732421875,279.8299865722656,270.1156005859375,28221600
2022-04-18,278.9100036621094,282.4599914550781,278.3399963378906,280.5199890136719,270.7817077636719,20778000
2022-04-19,279.3800048828125,286.1700134277344,278.4100036621094,285.29998779296875,275.395751953125,22297700
2022-04-20,289.3999938964844,289.70001220703125,285.3699951171875,286.3599853515625,276.4189453125,22906700
2022-04-21,288.5799865722656,293.29998779296875,280.05999755859375,280.80999755859375,271.0616760253906,29454600
2022-04-22,281.67999267578125,283.20001220703125,273.3800048828125,274.0299987792969,264.51702880859375,29405800
2022-04-25,273.2900085449219,281.1099853515625,270.7699890136719,280.7200012207031,270.9747619628906,35678900
2022-04-26,277.5,278.3599853515625,270.0,270.2200012207031,260.83929443359375,46518400
2022-04-27,282.1000061035156,290.9700012207031,279.1600036621094,283.2200012207031,273.387939453125,63477700
2022-04-28,285.19000244140625,290.9800109863281,281.4599914550781,289.6300048828125,279.575439453125,33646600
2022-04-29,288.6099853515625,289.8800048828125,276.5,277.5199890136719,267.8858947753906,37073900
2022-05-02,277.7099914550781,284.94000244140625,276.2200012207031,284.4700012207031,274.5946350097656,35151100
2022-05-03,283.9599914550781,284.1300048828125,280.1499938964844,281.7799987792969,271.9979248046875,25978600
2022-05-04,282.5899963378906,290.8800048828125,276.7300109863281,289.9800109863281,279.91339111328125,33599300
2022-05-05,285.5400085449219,286.3500061035156,274.3399963378906,277.3500061035156,267.7218322753906,43260400
2022-05-06,274.80999755859375,279.25,271.2699890136719,274.7300109863281,265.1927185058594,37780300
2022-05-09,270.05999755859375,272.3599853515625,263.32000732421875,264.5799865722656,255.3950653076172,47726000
2022-05-10,271.69000244140625,273.75,265.07000732421875,269.5,260.1442565917969,39336400
2022-05-11,265.67999267578125,271.3599853515625,259.29998779296875,260.54998779296875,251.50497436523438,48975900
2022-05-12,257.69000244140625,259.8800048828125,250.02000427246094,255.35000610351562,246.48548889160156,51033800
2022-05-13,257.3500061035156,263.0400085449219,255.35000610351562,261.1199951171875,252.0552215576172,34925100
2022-05-16,259.9599914550781,265.82000732421875,255.77999877929688,261.5,252.42201232910156,32550900
2022-05-17,266.1099853515625,268.3299865722656,262.4599914550781,266.82000732421875,257.55731201171875,28828800
2022-05-18,263.0,263.6000061035156,252.77000427246094,254.0800018310547,245.83084106445312,31356000
2022-05-19,253.89999389648438,257.6700134277344,251.8800048828125,253.13999938964844,244.9213409423828,32692300
2022-05-20,257.239990234375,258.5400085449219,246.44000244140625,252.55999755859375,244.36016845703125,39199300
2022-05-23,255.49000549316406,261.5,253.42999267578125,260.6499938964844,252.1875,33175400
2022-05-24,257.8900146484375,261.3299865722656,253.5,259.6199951171875,251.1909637451172,29043900
2022-05-25,258.1400146484375,264.5799865722656,257.1300048828125,262.5199890136719,253.99676513671875,28547900
2022-05-26,262.2699890136719,267.1099853515625,261.42999267578125,265.8999938964844,257.26708984375,25002100
2022-05-27,268.4800109863281,273.3399963378906,267.55999755859375,273.239990234375,264.36871337890625,26910800
2022-05-31,272.5299987792969,274.7699890136719,268.92999267578125,271.8699951171875,263.04327392578125,37827700
2022-06-01,275.20001220703125,277.69000244140625,270.0400085449219,272.4200134277344,263.5754089355469,25292200
2022-06-02,264.45001220703125,274.6499938964844,261.6000061035156,274.5799865722656,265.66522216796875,44008200
2022-06-03,270.30999755859375,273.45001220703125,268.4100036621094,270.0199890136719,261.2532958984375,28059000
2022-06-06,272.05999755859375,274.17999267578125,267.2200012207031,268.75,260.0245361328125,22400300
2022-06-07,266.6400146484375,273.1300048828125,265.94000244140625,272.5,263.6528015136719,22860700
2022-06-08,271.7099914550781,273.0,269.6099853515625,270.4100036621094,261.6306457519531,17372300
2022-06-09,267.7799987792969,272.7099914550781,264.6300048828125,264.7900085449219,256.1931457519531,26439700
2022-06-10,260.5799865722656,260.5799865722656,252.52999877929688,252.99000549316406,244.77622985839844,31422800
2022-06-13,245.11000061035156,249.02000427246094,241.52999877929688,242.25999450683594,234.3945770263672,46135800
2022-06-14,243.86000061035156,245.74000549316406,241.50999450683594,244.49000549316406,236.55218505859375,28651500
2022-06-15,248.30999755859375,255.3000030517578,246.4199981689453,251.75999450683594,243.58616638183594,33111700
2022-06-16,245.97999572753906,247.4199981689453,243.02000427246094,244.97000122070312,237.0166015625,33169200
2022-06-17,244.6999969482422,250.5,244.02999877929688,247.64999389648438,239.6095733642578,43084800
2022-06-21,250.25999450683594,254.75,249.50999450683594,253.74000549316406,245.50186157226562,29928300
2022-06-22,251.88999938964844,257.1700134277344,250.3699951171875,253.1300048828125,244.9116668701172,25939900
2022-06-23,255.57000732421875,259.3699951171875,253.6300048828125,258.8599853515625,250.4556427001953,25861400
2022-06-24,261.80999755859375,267.9800109863281,261.7200012207031,267.70001220703125,259.0086669921875,33923200
2022-06-27,268.2099914550781,268.29998779296875,263.2799987792969,264.8900146484375,256.2899169921875,24615100
2022-06-28,263.9800109863281,266.9100036621094,256.32000732421875,256.4800109863281,248.1529083251953,27295500
2022-06-29,257.5899963378906,261.9700012207031,255.75999450683594,260.260009765625,251.81015014648438,20069800
2022-06-30,257.04998779296875,259.5299987792969,252.89999389648438,256.8299865722656,248.4915008544922,31730900
2022-07-01,256.3900146484375,259.7699890136719,254.61000061035156,259.5799865722656,251.15228271484375,22837700
2022-07-05,256.1600036621094,262.9800109863281,254.74000549316406,262.8500061035156,254.3161163330078,22941000
2022-07-06,263.75,267.989990234375,262.3999938964844,266.2099914550781,257.56695556640625,23824400
2022-07-07,265.1199951171875,269.05999755859375,265.0199890136719,268.3999938964844,259.6858825683594,20859900
2022-07-08,264.7900085449219,268.1000061035156,263.2900085449219,267.6600036621094,258.969970703125,19658800
2022-07-11,265.6499938964844,266.5299987792969,262.17999267578125,264.510009765625,255.92227172851562,19455200
2022-07-12,265.8800048828125,265.94000244140625,252.0399932861328,253.6699981689453,245.4341278076172,35868500
2022-07-13,250.19000244140625,253.5500030517578,248.11000061035156,252.72000122070312,244.51499938964844,29497400
2022-07-14,250.57000732421875,255.13999938964844,245.94000244140625,254.0800018310547,245.83084106445312,25102800
2022-07-15,255.72000122070312,260.3699951171875,254.77000427246094,256.7200012207031,248.3851318359375,29774100
2022-07-18,259.75,260.8399963378906,253.3000030517578,254.25,245.9952850341797,20975000
2022-07-19,257.5799865722656,259.7200012207031,253.67999267578125,259.5299987792969,251.1039276123047,25012600
2022-07-20,259.8999938964844,264.8699951171875,258.9100036621094,262.2699890136719,253.75489807128906,22788300
2022-07-21,259.7900085449219,264.8900146484375,257.0299987792969,264.8399963378906,256.2414855957031,22404700
2022-07-22,265.239990234375,265.3299865722656,259.07000732421875,260.3599853515625,251.90695190429688,21881300
2022-07-25,261.0,261.5,256.80999755859375,258.8299865722656,250.42660522460938,21056000
2022-07-26,259.8599853515625,259.8800048828125,249.57000732421875,251.89999389648438,243.7216033935547,39348000
2022-07-27,261.1600036621094,270.04998779296875,258.8500061035156,268.739990234375,260.0148010253906,45994000
2022-07-28,269.75,277.8399963378906,267.8699951171875,276.4100036621094,267.435791015625,33459300
2022-07-29,277.70001220703125,282.0,276.6300048828125,280.739990234375,271.625244140625,32152800
2022-08-01,277.82000732421875,281.2799987792969,275.8399963378906,278.010009765625,268.9839782714844,21539600
2022-08-02,276.0,277.8900146484375,272.3800048828125,274.82000732421875,265.8974304199219,22754200
2022-08-03,276.760009765625,283.5,276.6099853515625,282.4700012207031,273.299072265625,23518900
2022-08-04,281.79998779296875,283.79998779296875,280.1700134277344,283.6499938964844,274.44073486328125,18098700
2022-08-05,279.1499938964844,283.6499938964844,278.67999267578125,282.9100036621094,273.72479248046875,16774600
2022-08-08,284.04998779296875,285.9200134277344,279.32000732421875,280.32000732421875,271.2189025878906,18739200
2022-08-09,279.6400146484375,283.0799865722656,277.6099853515625,282.29998779296875,273.1346435546875,23405200
2022-08-10,288.1700134277344,289.80999755859375,286.94000244140625,289.1600036621094,279.7718811035156,24687800
2022-08-11,290.8500061035156,291.2099914550781,286.510009765625,287.0199890136719,277.70135498046875,20065900
2022-08-12,288.4800109863281,291.9100036621094,286.94000244140625,291.9100036621094,282.43255615234375,22619700
2022-08-15,291.0,294.17999267578125,290.1099853515625,293.4700012207031,283.9419250488281,18085700
2022-08-16,291.989990234375,294.0400085449219,290.4200134277344,292.7099914550781,283.2066650390625,18102900
2022-08-17,289.739990234375,293.3500061035156,289.4700012207031,291.32000732421875,282.4600830078125,18253400
2022-08-18,290.19000244140625,291.9100036621094,289.0799865722656,290.1700134277344,281.3450927734375,17186200
2022-08-19,288.8999938964844,289.25,285.55999755859375,286.1499938964844,277.4472351074219,20570000
2022-08-22,282.0799865722656,282.4599914550781,277.2200012207031,277.75,269.302734375,25061100
2022-08-23,276.44000244140625,278.8599853515625,275.3999938964844,276.44000244140625,268.0325927734375,17527400
2022-08-24,275.4100036621094,277.2300109863281,275.1099853515625,275.7900085449219,267.4023742675781,18137000
2022-08-25,277.3299865722656,279.0199890136719,274.5199890136719,278.8500061035156,270.3692932128906,16583400
2022-08-26,279.0799865722656,280.3399963378906,267.9800109863281,268.0899963378906,259.9364929199219,27549300
2022-08-29,265.8500061035156,267.3999938964844,263.8500061035156,265.2300109863281,257.1634826660156,20338500
2022-08-30,266.6700134277344,267.04998779296875,260.6600036621094,262.9700012207031,254.97222900390625,22767100
2022-08-31,265.3900146484375,267.1099853515625,261.3299865722656,261.4700012207031,253.5178985595703,24791800
2022-09-01,258.8699951171875,260.8900146484375,255.41000366210938,260.3999938964844,252.48040771484375,23263400
2022-09-02,261.70001220703125,264.739990234375,254.47000122070312,256.05999755859375,248.27243041992188,22855400
2022-09-06,256.20001220703125,257.8299865722656,251.94000244140625,253.25,245.54786682128906,21328200
2022-09-07,254.6999969482422,258.8299865722656,253.22000122070312,258.0899963378906,250.2406463623047,24126700
2022-09-08,257.510009765625,260.42999267578125,254.7899932861328,258.5199890136719,250.6575927734375,20319900
2022-09-09,260.5,265.2300109863281,260.2900085449219,264.4599914550781,256.4169616699219,22084700
2022-09-12,265.7799987792969,267.45001220703125,265.1600036621094,266.6499938964844,258.5403747558594,18747700
2022-09-13,258.8399963378906,260.3999938964844,251.58999633789062,251.99000549316406,244.32620239257812,33353300
2022-09-14,253.52999877929688,254.22999572753906,249.86000061035156,252.22000122070312,244.54917907714844,23913000
2022-09-15,249.77000427246094,251.39999389648438,244.02000427246094,245.3800048828125,237.917236328125,31530900
2022-09-16,244.25999450683594,245.3000030517578,242.05999755859375,244.74000549316406,237.29669189453125,39791800
2022-09-19,242.47000122070312,245.13999938964844,240.85000610351562,244.52000427246094,237.0833740234375,26826900
2022-09-20,242.07000732421875,243.50999450683594,239.63999938964844,242.4499969482422,235.07632446289062,26660300
2022-09-21,244.27000427246094,247.66000366210938,238.89999389648438,238.9499969482422,231.68275451660156,28625600
2022-09-22,237.8699951171875,243.86000061035156,237.57000732421875,240.97999572753906,233.65103149414062,31061200
2022-09-23,239.5399932861328,241.1300048828125,235.1999969482422,237.9199981689453,230.68409729003906,34176000
2022-09-26,237.0500030517578,241.4499969482422,236.89999389648438,237.4499969482422,230.22840881347656,27694200
2022-09-27,239.97999572753906,241.8000030517578,234.5,236.41000366210938,229.22003173828125,27018700
2022-09-28,236.80999755859375,242.3300018310547,234.72999572753906,241.07000732421875,233.73834228515625,29029700
2022-09-29,238.88999938964844,239.9499969482422,234.41000366210938,237.5,230.27687072753906,27484200
2022-09-30,238.2899932861328,240.5399932861328,232.72999572753906,232.89999389648438,225.8167724609375,35694800
2022-10-03,235.41000366210938,241.61000061035156,234.66000366210938,240.74000549316406,233.41831970214844,28880400
2022-10-04,245.08999633789062,250.36000061035156,244.97999572753906,248.8800048828125,241.310791015625,34888400
2022-10-05,245.99000549316406,250.5800018310547,244.10000610351562,249.1999969482422,241.62103271484375,20347100
2022-10-06,247.92999267578125,250.33999633789062,246.0800018310547,246.7899932861328,239.28431701660156,20239900
2022-10-07,240.89999389648438,241.32000732421875,233.1699981689453,234.24000549316406,227.11602783203125,37769600
2022-10-10,233.0500030517578,234.55999755859375,226.72999572753906,229.25,222.2777862548828,29743600
2022-10-11,227.6199951171875,229.05999755859375,224.11000061035156,225.41000366210938,218.55459594726562,30474000
2022-10-12,225.39999389648438,227.86000061035156,223.9600067138672,225.75,218.88426208496094,21903900
2022-10-13,219.85000610351562,236.10000610351562,219.1300048828125,234.24000549316406,227.11602783203125,42551800
2022-10-14,235.5399932861328,237.24000549316406,228.33999633789062,228.55999755859375,221.60877990722656,30198600
2022-10-17,235.82000732421875,238.9600067138672,235.13999938964844,237.52999877929688,230.3059539794922,28142300
2022-10-18,243.24000549316406,243.92999267578125,235.3699951171875,238.5,231.24649047851562,26329600
2022-10-19,237.0399932861328,239.61000061035156,234.2899932861328,236.47999572753906,229.28793334960938,19985700
2022-10-20,235.77000427246094,241.30999755859375,234.8699951171875,236.14999389648438,228.96792602539062,21811000
2022-10-21,234.74000549316406,243.0,234.5,242.1199951171875,234.75637817382812,26299700
2022-10-24,243.75999450683594,247.83999633789062,241.3000030517578,247.25,239.73036193847656,24911200
2022-10-25,247.25999450683594,251.0399932861328,245.8300018310547,250.66000366210938,243.0366668701172,34775500
2022-10-26,231.1699981689453,238.3000030517578,230.05999755859375,231.32000732421875,224.2848358154297,82543200
2022-10-27,231.0399932861328,233.69000244140625,225.77999877929688,226.75,219.85382080078125,40424600
2022-10-28,226.24000549316406,236.60000610351562,226.0500030517578,235.8699951171875,228.6964569091797,40647700
2022-10-31,233.75999450683594,234.9199981689453,231.14999389648438,232.1300048828125,225.0701904296875,28357300
2022-11-01,234.60000610351562,235.74000549316406,227.3300018310547,228.1699981689453,221.23060607910156,30592300
2022-11-02,229.4600067138672,231.3000030517578,220.0399932861328,220.10000610351562,213.40609741210938,38407000
2022-11-03,220.08999633789062,220.41000366210938,213.97999572753906,214.25,207.7339630126953,36633900
2022-11-04,217.5500030517578,221.58999633789062,213.42999267578125,221.38999938964844,214.65682983398438,36789100
2022-11-07,221.99000549316406,228.41000366210938,221.27999877929688,227.8699951171875,220.9397430419922,33498000
2022-11-08,228.6999969482422,231.64999389648438,225.83999633789062,228.8699951171875,221.90933227539062,28192500
2022-11-09,227.3699951171875,228.6300048828125,224.3300018310547,224.50999450683594,217.68197631835938,27852900
2022-11-10,235.42999267578125,243.3300018310547,235.0,242.97999572753906,235.5902099609375,46268000
2022-11-11,242.99000549316406,247.99000549316406,241.92999267578125,247.11000061035156,239.5946044921875,34620200
2022-11-14,241.99000549316406,243.91000366210938,239.2100067138672,241.5500030517578,234.20372009277344,31123300
2022-11-15,245.66000366210938,247.0,240.02999877929688,241.97000122070312,234.6109161376953,31390100
2022-11-16,242.7899932861328,243.8000030517578,240.4199981689453,241.72999572753906,235.03872680664062,24093300
2022-11-17,237.77999877929688,243.25,237.6300048828125,241.67999267578125,234.99009704589844,23123500
2022-11-18,243.50999450683594,243.74000549316406,239.02999877929688,241.22000122070312,234.54287719726562,27613500
2022-11-21,241.42999267578125,244.6699981689453,241.19000244140625,242.0500030517578,235.34986877441406,26394700
2022-11-22,243.58999633789062,245.30999755859375,240.7100067138672,245.02999877929688,238.24742126464844,19665700
2022-11-23,245.11000061035156,248.27999877929688,244.27000427246094,247.5800018310547,240.72682189941406,19508500
2022-11-25,247.30999755859375,248.6999969482422,246.72999572753906,247.49000549316406,240.63931274414062,9200800
2022-11-28,246.0800018310547,246.64999389648438,240.8000030517578,241.75999450683594,235.0679168701172,24778200
2022-11-29,241.39999389648438,242.7899932861328,238.2100067138672,240.3300018310547,233.67747497558594,17956300
2022-11-30,240.57000732421875,255.3300018310547,239.86000061035156,255.13999938964844,248.0775604248047,47594200
2022-12-01,253.8699951171875,256.1199951171875,250.9199981689453,254.69000244140625,247.6400146484375,26041500
2022-12-02,249.82000732421875,256.05999755859375,249.69000244140625,255.02000427246094,247.96087646484375,21528500
2022-12-05,252.00999450683594,253.82000732421875,248.05999755859375,250.1999969482422,243.27426147460938,23435300
2022-12-06,250.82000732421875,251.86000061035156,243.77999877929688,245.1199951171875,238.33486938476562,22463700
2022-12-07,244.8300018310547,246.16000366210938,242.2100067138672,244.3699951171875,237.60569763183594,20481500
2022-12-08,244.83999633789062,248.74000549316406,243.05999755859375,247.39999389648438,240.55178833007812,22611800
2022-12-09,244.6999969482422,248.30999755859375,244.16000366210938,245.4199981689453,238.62660217285156,20609700
2022-12-12,247.4499969482422,252.5399932861328,247.1699981689453,252.50999450683594,245.5203399658203,30665100
2022-12-13,261.69000244140625,263.9200134277344,253.07000732421875,256.9200134277344,249.8082733154297,42196900
2022-12-14,257.1300048828125,262.5899963378906,254.30999755859375,257.2200012207031,250.09996032714844,35410900
2022-12-15,253.72000122070312,254.1999969482422,247.33999633789062,249.00999450683594,242.11724853515625,35560400
2022-12-16,248.5500030517578,249.83999633789062,243.50999450683594,244.69000244140625,237.91680908203125,86102000
2022-12-19,244.86000061035156,245.2100067138672,238.7100067138672,240.4499969482422,233.79415893554688,29696400
2022-12-20,239.39999389648438,242.91000366210938,238.4199981689453,241.8000030517578,235.1068115234375,25150800
2022-12-21,241.69000244140625,245.6199951171875,240.11000061035156,244.42999267578125,237.66400146484375,23690600
2022-12-22,241.25999450683594,241.99000549316406,233.8699951171875,238.19000244140625,231.59674072265625,28651700
2022-12-23,236.11000061035156,238.8699951171875,233.94000244140625,238.72999572753906,232.1217803955078,21207000
2022-12-27,238.6999969482422,238.92999267578125,235.8300018310547,236.9600067138672,230.4008026123047,16688600
2022-12-28,236.88999938964844,239.72000122070312,234.1699981689453,234.52999877929688,228.0380859375,17457100
2022-12-29,235.64999389648438,241.9199981689453,235.64999389648438,241.00999450683594,234.33868408203125,19770700
2022-12-30,238.2100067138672,239.9600067138672,236.66000366210938,239.82000732421875,233.18161010742188,21938500
2023-01-03,243.0800018310547,245.75,237.39999389648438,239.5800018310547,232.94827270507812,25740000
2023-01-04,232.27999877929688,232.8699951171875,225.9600067138672,229.10000610351562,222.75833129882812,50623400
2023-01-05,227.1999969482422,227.5500030517578,221.75999450683594,222.30999755859375,216.15628051757812,39585600
2023-01-06,223.0,225.75999450683594,219.35000610351562,224.92999267578125,218.70379638671875,43613600
2023-01-09,226.4499969482422,231.24000549316406,226.41000366210938,227.1199951171875,220.8331298828125,27369800
2023-01-10,227.75999450683594,231.30999755859375,227.3300018310547,228.85000610351562,222.51527404785156,27033900
2023-01-11,231.2899932861328,235.9499969482422,231.11000061035156,235.77000427246094,229.24371337890625,28669300
2023-01-12,235.25999450683594,239.89999389648438,233.55999755859375,238.50999450683594,231.90786743164062,27269500
2023-01-13,237.0,239.3699951171875,234.9199981689453,239.22999572753906,232.60792541503906,21333300
2023-01-17,237.97000122070312,240.91000366210938,237.08999633789062,240.35000610351562,233.69696044921875,29831300
2023-01-18,241.57000732421875,242.3800048828125,235.52000427246094,235.80999755859375,229.28262329101562,30028700
2023-01-19,233.77999877929688,235.52000427246094,230.67999267578125,231.92999267578125,225.510009765625,28623000
2023-01-20,234.86000061035156,240.74000549316406,234.50999450683594,240.22000122070312,233.57054138183594,35389800
2023-01-23,241.10000610351562,245.1699981689453,239.64999389648438,242.5800018310547,235.86524963378906,31934000
2023-01-24,242.5,243.9499969482422,240.44000244140625,242.0399932861328,235.3401641845703,40234400
2023-01-25,234.47999572753906,243.3000030517578,230.89999389648438,240.61000061035156,233.9497528076172,66526600
2023-01-26,243.64999389648438,248.30999755859375,242.0,248.0,241.1351776123047,33454500
2023-01-27,248.99000549316406,249.8300018310547,246.8300018310547,248.16000366210938,241.29074096679688,26498900
2023-01-30,244.50999450683594,245.60000610351562,242.1999969482422,242.7100067138672,235.9916534423828,25867400
2023-01-31,243.4499969482422,247.9499969482422,242.9499969482422,247.80999755859375,240.95046997070312,26541100
2023-02-01,248.0,255.17999267578125,245.47000122070312,252.75,245.753662109375,31259900
2023-02-02,258.82000732421875,264.69000244140625,257.25,264.6000061035156,257.27569580078125,39940400
2023-02-03,259.5400085449219,264.20001220703125,257.1000061035156,258.3500061035156,251.19871520996094,29077300
2023-02-06,257.44000244140625,258.29998779296875,254.77999877929688,256.7699890136719,249.66241455078125,22518000
2023-02-07,260.5299987792969,268.7699890136719,260.0799865722656,267.55999755859375,260.15374755859375,50841400
2023-02-08,273.20001220703125,276.760009765625,266.2099914550781,266.7300109863281,259.34674072265625,54686000
2023-02-09,273.79998779296875,273.9800109863281,262.79998779296875,263.6199951171875,256.32281494140625,42375100
2023-02-10,261.5299987792969,264.0899963378906,260.6600036621094,263.1000061035156,255.8172607421875,25818500
2023-02-13,267.6400146484375,274.6000061035156,267.1499938964844,271.32000732421875,263.8096923828125,44630900
2023-02-14,272.6700134277344,274.9700012207031,269.2799987792969,272.1700134277344,264.6361083984375,37047900
2023-02-15,268.32000732421875,270.7300109863281,266.17999267578125,269.32000732421875,262.5208740234375,28922400
2023-02-16,264.0199890136719,266.739990234375,261.8999938964844,262.1499938964844,255.5319366455078,29603600
2023-02-17,259.3900146484375,260.0899963378906,256.0,258.05999755859375,251.5452117919922,30000100
2023-02-21,254.47999572753906,255.49000549316406,251.58999633789062,252.6699981689453,246.291259765625,28397400
2023-02-22,254.08999633789062,254.33999633789062,250.33999633789062,251.50999450683594,245.16053771972656,22491100
2023-02-23,255.55999755859375,256.8399963378906,250.47999572753906,254.77000427246094,248.3382568359375,29219100
2023-02-24,249.9600067138672,251.0,248.10000610351562,249.22000122070312,242.92837524414062,24990900
2023-02-27,252.4600067138672,252.82000732421875,249.38999938964844,250.16000366210938,243.84463500976562,21190000
2023-02-28,249.07000732421875,251.49000549316406,248.72999572753906,249.4199981689453,243.12332153320312,22491000
2023-03-01,250.75999450683594,250.92999267578125,245.7899932861328,246.27000427246094,240.05282592773438,27565300
2023-03-02,246.5500030517578,251.39999389648438,245.61000061035156,251.11000061035156,244.7706298828125,24808200
2023-03-03,252.19000244140625,255.6199951171875,251.38999938964844,255.2899932861328,248.84515380859375,30760100
2023-03-06,256.42999267578125,260.1199951171875,255.97999572753906,256.8699951171875,250.38523864746094,24109800
2023-03-07,256.29998779296875,257.69000244140625,253.38999938964844,254.14999389648438,247.73390197753906,21473200
2023-03-08,254.0399932861328,254.5399932861328,250.80999755859375,253.6999969482422,247.29527282714844,17340200
2023-03-09,255.82000732421875,259.55999755859375,251.5800018310547,252.32000732421875,245.9500732421875,26653400
2023-03-10,251.0800018310547,252.7899932861328,247.60000610351562,248.58999633789062,242.31427001953125,28333900
2023-03-13,247.39999389648438,257.9100036621094,245.72999572753906,253.9199981689453,247.50970458984375,33339700
2023-03-14,256.75,261.07000732421875,255.86000061035156,260.7900085449219,254.206298828125,33620300
2023-03-15,259.9800109863281,266.4800109863281,259.2099914550781,265.44000244140625,258.7389221191406,46028000
2023-03-16,265.2099914550781,276.55999755859375,263.2799987792969,276.20001220703125,269.2273254394531,54768800
2023-03-17,278.260009765625,283.3299865722656,276.32000732421875,279.42999267578125,272.375732421875,69527400
2023-03-20,276.9800109863281,277.4800109863281,269.8500061035156,272.2300109863281,265.35748291015625,43466600
2023-03-21,274.8800048828125,275.0,269.5199890136719,273.7799987792969,266.8683166503906,34558700
2023-03-22,273.3999938964844,281.0400085449219,272.17999267578125,272.2900085449219,265.41595458984375,34873300
2023-03-23,277.94000244140625,281.05999755859375,275.20001220703125,277.6600036621094,270.6504211425781,36610900
2023-03-24,277.239990234375,280.6300048828125,275.2799987792969,280.57000732421875,273.4869384765625,28172000
2023-03-27,280.5,281.4599914550781,275.5199890136719,276.3800048828125,269.4027099609375,26840200
2023-03-28,275.7900085449219,276.1400146484375,272.04998779296875,275.2300109863281,268.2817687988281,21878600
2023-03-29,278.9599914550781,281.1400146484375,278.4100036621094,280.510009765625,273.4284362792969,25087000
2023-03-30,284.2300109863281,284.4599914550781,281.4800109863281,284.04998779296875,276.8789978027344,25053400
2023-03-31,283.7300109863281,289.2699890136719,283.0,288.29998779296875,281.021728515625,32766000
2023-04-03,286.5199890136719,288.2699890136719,283.95001220703125,287.2300109863281,279.9787902832031,24883300
2023-04-04,287.2300109863281,290.45001220703125,285.6700134277344,287.17999267578125,279.9300231933594,25824300
2023-04-05,285.8500061035156,287.1499938964844,282.9200134277344,284.3399963378906,277.1617126464844,22064800
2023-04-06,283.2099914550781,292.0799865722656,282.0299987792969,291.6000061035156,284.2384338378906,29770300
2023-04-10,289.2099914550781,289.6000061035156,284.7099914550781,289.3900146484375,282.0842590332031,23103000
2023-04-11,285.75,285.9800109863281,281.6400146484375,282.8299865722656,275.6898498535156,27276600
2023-04-12,284.7900085449219,287.010009765625,281.9599914550781,283.489990234375,276.333251953125,27403400
2023-04-13,283.5899963378906,289.8999938964844,283.1700134277344,289.8399963378906,282.5228576660156,24222700
2023-04-14,287.0,288.4800109863281,283.69000244140625,286.1400146484375,278.91632080078125,20987900
2023-04-17,289.92999267578125,291.6000061035156,286.1600036621094,288.79998779296875,281.5091552734375,23836200
2023-04-18,291.57000732421875,291.760009765625,287.010009765625,288.3699951171875,281.0899963378906,20161800
2023-04-19,285.989990234375,289.04998779296875,284.5400085449219,288.45001220703125,281.16802978515625,17150300
2023-04-20,285.25,289.0299987792969,285.0799865722656,286.1099853515625,278.8870544433594,23244400
2023-04-21,285.010009765625,286.2699890136719,283.05999755859375,285.760009765625,278.5458068847656,21676400
2023-04-24,282.0899963378906,284.95001220703125,278.7200012207031,281.7699890136719,274.6566162109375,26611000
2023-04-25,279.510009765625,281.6000061035156,275.3699951171875,275.4200134277344,268.4669189453125,45772200
2023-04-26,296.70001220703125,299.57000732421875,292.7300109863281,295.3699951171875,287.9132995605469,64599200
2023-04-27,295.9700012207031,305.20001220703125,295.25,304.8299865722656,297.1344299316406,46462600
2023-04-28,304.010009765625,308.92999267578125,303.30999755859375,307.260009765625,299.50311279296875,36469600
2023-05-01,306.9700012207031,308.6000061035156,305.1499938964844,305.55999755859375,297.8460388183594,21294100
2023-05-02,307.760009765625,309.17999267578125,303.9100036621094,305.4100036621094,297.6998596191406,26404400
2023-05-03,306.6199951171875,308.6099853515625,304.0899963378906,304.3999938964844,296.7153625488281,22360800
2023-05-04,306.239990234375,307.760009765625,303.3999938964844,305.4100036621094,297.6998596191406,22519900
2023-05-05,305.7200012207031,311.9700012207031,304.2699890136719,310.6499938964844,302.8074951171875,28197100
2023-05-08,310.1300048828125,310.20001220703125,306.0899963378906,308.6499938964844,300.8580322265625,21318600
2023-05-09,308.0,310.0400085449219,306.30999755859375,307.0,299.2496337890625,21340800
2023-05-10,308.6199951171875,313.0,307.6700134277344,312.30999755859375,304.4256591796875,30078000
2023-05-11,310.1000061035156,311.1199951171875,306.260009765625,310.1099853515625,302.28118896484375,31680200
2023-05-12,310.54998779296875,310.6499938964844,306.6000061035156,308.9700012207031,301.1699523925781,19774700
2023-05-15,309.1000061035156,309.8999938964844,307.5899963378906,309.4599914550781,301.6475830078125,16336500
2023-05-16,309.8299865722656,313.7099914550781,309.8299865722656,311.739990234375,303.8699951171875,26730300
2023-05-17,312.2900085449219,314.42999267578125,310.739990234375,314.0,306.7420959472656,24315000
2023-05-18,314.5299987792969,319.0400085449219,313.7200012207031,318.5199890136719,311.1575622558594,27276000
2023-05-19,316.739990234375,318.75,316.3699951171875,318.3399963378906,310.98175048828125,27546700
2023-05-22,318.6000061035156,322.5899963378906,318.010009765625,321.17999267578125,313.7560729980469,24115700
2023-05-23,320.0299987792969,322.7200012207031,315.25,315.260009765625,307.97296142578125,30797200
2023-05-24,314.7300109863281,316.5,312.6099853515625,313.8500061035156,306.5955810546875,23384900
2023-05-25,323.239990234375,326.8999938964844,320.0,325.9200134277344,318.38653564453125,43301700
2023-05-26,324.0199890136719,333.3999938964844,323.8800048828125,332.8900146484375,325.1954345703125,36630600
2023-05-30,335.2300109863281,335.739990234375,330.5199890136719,331.2099914550781,323.5542297363281,29503100
2023-05-31,332.2900085449219,335.94000244140625,327.3299865722656,328.3900146484375,320.7995300292969,45950600
2023-06-01,325.92999267578125,333.5299987792969,324.7200012207031,332.5799865722656,324.8926086425781,26773900
2023-06-02,334.25,337.5,332.54998779296875,335.3999938964844,327.6474304199219,25873800
2023-06-05,335.2200012207031,338.55999755859375,334.6600036621094,335.94000244140625,328.1749267578125,21307100
2023-06-06,335.3299865722656,335.3699951171875,332.1700134277344,333.67999267578125,325.9671630859375,20396200
2023-06-07,331.6499938964844,334.489990234375,322.5,323.3800048828125,315.9053039550781,40717100
2023-06-08,323.94000244140625,326.6400146484375,323.3500061035156,325.260009765625,317.7418212890625,23277700
2023-06-09,324.989990234375,329.989990234375,324.4100036621094,326.7900085449219,319.2364196777344,22529000
2023-06-12,328.5799865722656,332.1000061035156,325.1600036621094,331.8500061035156,324.1794738769531,24260300
2023-06-13,334.4700012207031,336.9800109863281,330.3900146484375,334.2900085449219,326.5630187988281,22951300
2023-06-14,334.3399963378906,339.0400085449219,332.80999755859375,337.3399963378906,329.54254150390625,26003800
2023-06-15,337.4800109863281,349.8399963378906,337.20001220703125,348.1000061035156,340.0538635253906,38899100
2023-06-16,351.32000732421875,351.4700012207031,341.95001220703125,342.3299865722656,334.4172058105469,46552000
2023-06-20,339.30999755859375,342.0799865722656,335.8599853515625,338.04998779296875,330.23614501953125,26375400
2023-06-21,336.3699951171875,337.7300109863281,332.07000732421875,333.55999755859375,325.8499450683594,25117800
2023-06-22,334.1199951171875,340.1199951171875,333.3399963378906,339.7099914550781,331.8577880859375,23556800
2023-06-23,334.3599853515625,337.9599914550781,333.45001220703125,335.0199890136719,327.2762451171875,23146900
2023-06-26,333.7200012207031,336.1099853515625,328.489990234375,328.6000061035156,321.00457763671875,21520600
2023-06-27,331.8599853515625,336.1499938964844,329.29998779296875,334.57000732421875,326.83660888671875,24354100
2023-06-28,334.6600036621094,337.9800109863281,333.80999755859375,335.8500061035156,328.08697509765625,20259500
2023-06-29,334.7099914550781,336.1099853515625,332.6199951171875,335.04998779296875,327.30548095703125,16997000
2023-06-30,337.75,342.7300109863281,337.20001220703125,340.5400085449219,332.6686096191406,26832800
2023-07-03,339.19000244140625,340.8999938964844,336.57000732421875,337.989990234375,330.1775817871094,12508700
2023-07-05,335.0899963378906,341.6499938964844,334.7300109863281,338.1499938964844,330.3338623046875,18172400
2023-07-06,337.29998779296875,342.989990234375,335.5,341.2699890136719,333.3817138671875,28161200
2023-07-07,339.32000732421875,341.7900085449219,337.0,337.2200012207031,329.4253845214844,21214800
2023-07-10,334.6000061035156,335.2300109863281,327.5899963378906,331.8299865722656,324.159912109375,32791400
2023-07-11,331.05999755859375,332.8599853515625,327.0,332.4700012207031,324.7851867675781,26698200
2023-07-12,336.6000061035156,341.6499938964844,335.6700134277344,337.20001220703125,329.4058837890625,29995300
2023-07-13,339.55999755859375,343.739990234375,339.0199890136719,342.6600036621094,334.7396545410156,20567200
2023-07-14,347.5899963378906,351.42999267578125,344.30999755859375,345.239990234375,337.2599792480469,28352700
2023-07-17,345.67999267578125,346.989990234375,342.20001220703125,345.7300109863281,337.7386474609375,20363900
2023-07-18,345.8299865722656,366.7799987792969,342.1700134277344,359.489990234375,351.18060302734375,64738600
2023-07-19,361.75,362.4599914550781,352.44000244140625,355.0799865722656,346.87249755859375,39732900
2023-07-20,353.57000732421875,357.9700012207031,345.3699951171875,346.8699951171875,338.852294921875,33778400
2023-07-21,349.1499938964844,350.29998779296875,339.8299865722656,343.7699890136719,335.823974609375,69405400
2023-07-24,345.8500061035156,346.9200134277344,342.30999755859375,345.1099853515625,337.1329650878906,26678100
2023-07-25,347.1099853515625,351.8900146484375,345.07000732421875,350.9800109863281,342.8672790527344,41637700
2023-07-26,341.44000244140625,344.6700134277344,333.1099853515625,337.7699890136719,329.9626159667969,58383700
2023-07-27,340.4800109863281,341.3299865722656,329.04998779296875,330.7200012207031,323.07562255859375,39635300
2023-07-28,333.6700134277344,340.010009765625,333.1700134277344,338.3699951171875,330.5487365722656,28484900
2023-07-31,336.9200134277344,337.70001220703125,333.3599853515625,335.9200134277344,328.1554260253906,25446000
2023-08-01,335.19000244140625,338.5400085449219,333.70001220703125,336.3399963378906,328.565673828125,18311900
2023-08-02,333.6300048828125,333.6300048828125,326.3599853515625,327.5,319.92999267578125,27761300
2023-08-03,326.0,329.8800048828125,325.95001220703125,326.6600036621094,319.1094055175781,18253700
2023-08-04,331.8800048828125,335.1400146484375,327.239990234375,327.7799987792969,320.2034912109375,23741500
2023-08-07,328.3699951171875,331.1099853515625,327.5199890136719,330.1099853515625,322.47967529296875,17741500
2023-08-08,326.9599914550781,328.75,323.0,326.04998779296875,318.5135498046875,22327600
2023-08-09,326.4700012207031,327.1099853515625,321.04998779296875,322.2300109863281,314.7818908691406,22373300
2023-08-10,326.0199890136719,328.260009765625,321.17999267578125,322.92999267578125,315.4656982421875,20113700
2023-08-11,320.260009765625,322.4100036621094,319.2099914550781,321.010009765625,313.59002685546875,24355500
2023-08-14,321.3900146484375,324.05999755859375,320.0799865722656,324.0400085449219,316.54998779296875,18836100
2023-08-15,323.0,325.0899963378906,320.8999938964844,321.8599853515625,314.42034912109375,16966300
2023-08-16,320.79998779296875,324.4200134277344,319.79998779296875,320.3999938964844,313.6568298339844,20698900
2023-08-17,320.5400085449219,321.8699951171875,316.2099914550781,316.8800048828125,310.21087646484375,21257200
2023-08-18,314.489990234375,318.3800048828125,311.54998779296875,316.4800109863281,309.8193054199219,24755000
2023-08-21,317.92999267578125,322.7699890136719,317.0400085449219,321.8800048828125,315.1056823730469,24040000
2023-08-22,325.5,326.0799865722656,321.4599914550781,322.4599914550781,315.6734313964844,16084600
2023-08-23,323.82000732421875,329.20001220703125,323.4599914550781,327.0,320.1178894042969,21166400
2023-08-24,332.8500061035156,332.9800109863281,319.9599914550781,319.9700012207031,313.2358703613281,23281400
2023-08-25,321.4700012207031,325.3599853515625,318.79998779296875,322.9800109863281,316.1825256347656,21684100
2023-08-28,325.6600036621094,326.1499938964844,321.7200012207031,323.70001220703125,316.8873291015625,14808500
2023-08-29,321.8800048828125,328.9800109863281,321.8800048828125,328.4100036621094,321.4982604980469,19284600
2023-08-30,328.6700134277344,329.80999755859375,326.45001220703125,328.7900085449219,321.8702697753906,15222100
2023-08-31,329.20001220703125,330.9100036621094,326.7799987792969,327.760009765625,320.86187744140625,26411000
2023-09-01,331.30999755859375,331.989990234375,326.7799987792969,328.6600036621094,321.74298095703125,14942000
2023-09-05,329.0,334.8500061035156,328.6600036621094,333.54998779296875,326.5301208496094,18553900
2023-09-06,333.3800048828125,334.4599914550781,330.17999267578125,332.8800048828125,325.8741760253906,17535800
2023-09-07,331.2900085449219,333.0799865722656,329.0299987792969,329.9100036621094,322.9666442871094,18381000
2023-09-08,330.0899963378906,336.1600036621094,329.4599914550781,334.2699890136719,327.23492431640625,19530100
2023-09-11,337.239990234375,338.4200134277344,335.42999267578125,337.94000244140625,330.82763671875,16583300
2023-09-12,335.82000732421875,336.7900085449219,331.4800109863281,331.7699890136719,324.78753662109375,17565500
2023-09-13,331.30999755859375,336.8500061035156,331.1700134277344,336.05999755859375,328.9871826171875,16544400
2023-09-14,339.1499938964844,340.8599853515625,336.57000732421875,338.70001220703125,331.5716552734375,20267000
2023-09-15,336.9200134277344,337.3999938964844,329.6499938964844,330.2200012207031,323.2701416015625,37679800
2023-09-18,327.79998779296875,330.3999938964844,326.3599853515625,329.05999755859375,322.13458251953125,16834200
2023-09-19,326.1700134277344,329.3900146484375,324.510009765625,328.6499938964844,321.7331848144531,16505900
2023-09-20,329.510009765625,329.5899963378906,320.510009765625,320.7699890136719,314.0190124511719,21436500
2023-09-21,319.260009765625,325.3500061035156,315.0,319.5299987792969,312.8050537109375,35560400
2023-09-22,321.32000732421875,321.45001220703125,316.1499938964844,317.010009765625,310.33819580078125,21447900
2023-09-25,316.5899963378906,317.6700134277344,315.0,317.5400085449219,310.8570556640625,17836000
2023-09-26,315.1300048828125,315.8800048828125,310.0199890136719,312.1400146484375,305.5706787109375,26297600
2023-09-27,312.29998779296875,314.29998779296875,309.69000244140625,312.7900085449219,306.2070007324219,19410100
2023-09-28,310.989990234375,315.4800109863281,309.45001220703125,313.6400146484375,307.0390930175781,19683600
2023-09-29,317.75,319.4700012207031,314.9800109863281,315.75,309.1047058105469,24147300
2023-10-02,316.2799987792969,321.8900146484375,315.17999267578125,321.79998779296875,315.02734375,20570000
2023-10-03,320.8299865722656,321.3900146484375,311.2099914550781,313.3900146484375,306.79437255859375,21033500
2023-10-04,314.0299987792969,320.0400085449219,314.0,318.9599914550781,312.24713134765625,20720100
2023-10-05,319.0899963378906,319.9800109863281,314.8999938964844,319.3599853515625,312.63861083984375,16965600
2023-10-06,316.54998779296875,329.19000244140625,316.29998779296875,327.260009765625,320.3724060058594,25673600
2023-10-09,324.75,330.29998779296875,323.17999267578125,329.82000732421875,322.8785705566406,19891200
2023-10-10,330.9599914550781,331.1000061035156,327.6700134277344,328.3900146484375,321.47869873046875,20557100
2023-10-11,331.2099914550781,332.82000732421875,329.1400146484375,332.4200134277344,325.423828125,20063200
2023-10-12,330.57000732421875,333.6300048828125,328.7200012207031,331.1600036621094,324.1903381347656,19313100
2023-10-13,332.3800048828125,333.8299865722656,326.3599853515625,327.7300109863281,320.83258056640625,21072400
2023-10-16,331.04998779296875,336.1400146484375,330.6000061035156,332.6400146484375,325.6392822265625,22158000
2023-10-17,329.5899963378906,333.4599914550781,327.4100036621094,332.05999755859375,325.0714111328125,18338500
2023-10-18,332.489990234375,335.5899963378906,328.29998779296875,330.1099853515625,323.1624450683594,23153600
2023-10-19,332.1499938964844,336.8800048828125,330.9100036621094,331.32000732421875,324.3469543457031,25052100
2023-10-20,331.7200012207031,331.9200134277344,325.45001220703125,326.6700134277344,319.7948913574219,25027700
2023-10-23,325.4700012207031,332.7300109863281,324.3900146484375,329.32000732421875,322.38909912109375,24374700
2023-10-24,331.29998779296875,331.8399963378906,327.6000061035156,330.5299987792969,323.57366943359375,31153600
2023-10-25,345.0199890136719,346.20001220703125,337.6199951171875,340.6700134277344,333.5002136230469,55053800
2023-10-26,340.5400085449219,341.6300048828125,326.94000244140625,327.8900146484375,320.98919677734375,37828500
2023-10-27,330.42999267578125,336.7200012207031,328.3999938964844,329.80999755859375,322.8687744140625,29856500
2023-10-30,333.4100036621094,339.45001220703125,331.8299865722656,337.30999755859375,330.21087646484375,22828100
2023-10-31,338.8500061035156,339.0,334.69000244140625,338.1099853515625,330.9940490722656,20265300
2023-11-01,339.7900085449219,347.4200134277344,339.6499938964844,346.07000732421875,338.78656005859375,28158800
2023-11-02,347.239990234375,348.8299865722656,344.7699890136719,348.32000732421875,340.9892578125,24348100
2023-11-03,349.6300048828125,354.3900146484375,347.3299865722656,352.79998779296875,345.37493896484375,23637700
2023-11-06,353.45001220703125,357.5400085449219,353.3500061035156,356.5299987792969,349.02642822265625,23828300
2023-11-07,359.3999938964844,362.4599914550781,357.6300048828125,360.5299987792969,352.9422607421875,25833900
2023-11-08,361.67999267578125,363.8699951171875,360.54998779296875,363.20001220703125,355.5560302734375,26767800
2023-11-09,362.29998779296875,364.7900085449219,360.3599853515625,360.69000244140625,353.0988464355469,24847300
2023-11-10,361.489990234375,370.1000061035156,361.07000732421875,369.6700134277344,361.88983154296875,28042100
2023-11-13,368.2200012207031,368.4700012207031,365.8999938964844,366.67999267578125,358.9627990722656,19986500
2023-11-14,371.010009765625,371.95001220703125,367.3500061035156,370.2699890136719,362.4771728515625,27683900
2023-11-15,371.2799987792969,373.1300048828125,367.1099853515625,369.6700134277344,362.6243591308594,26860100
2023-11-16,370.9599914550781,376.3500061035156,370.17999267578125,376.1700134277344,369.0005187988281,27182300
2023-11-17,373.6099853515625,374.3699951171875,367.0,369.8500061035156,362.80096435546875,40157000
2023-11-20,371.2200012207031,378.8699951171875,371.0,377.44000244140625,370.2462463378906,52465100
2023-11-21,375.6700134277344,376.2200012207031,371.1199951171875,373.07000732421875,365.9595642089844,28423100
2023-11-22,378.0,379.7900085449219,374.9700012207031,377.8500061035156,370.6484680175781,23345300
2023-11-24,377.3299865722656,377.9700012207031,375.1400146484375,377.42999267578125,370.2364807128906,10176600
2023-11-27,376.7799987792969,380.6400146484375,376.20001220703125,378.6099853515625,371.3939208984375,22179200
2023-11-28,378.3500061035156,383.0,378.1600036621094,382.70001220703125,375.406005859375,20453100
2023-11-29,383.760009765625,384.29998779296875,377.44000244140625,378.8500061035156,371.6294250488281,28963400
2023-11-30,378.489990234375,380.0899963378906,375.4700012207031,378.9100036621094,371.6882629394531,30554400
2023-12-01,376.760009765625,378.1600036621094,371.30999755859375,374.510009765625,367.3721618652344,33040500
2023-12-04,369.1000061035156,369.5199890136719,362.8999938964844,369.1400146484375,362.1044616699219,32063300
2023-12-05,366.45001220703125,373.0799865722656,365.6199951171875,372.5199890136719,365.4200744628906,23065000
2023-12-06,373.5400085449219,374.17999267578125,368.0299987792969,368.79998779296875,361.7709045410156,21182100
2023-12-07,368.2300109863281,371.45001220703125,366.32000732421875,370.95001220703125,363.88006591796875,23118900
2023-12-08,369.20001220703125,374.4599914550781,368.2300109863281,374.2300109863281,367.0975036621094,20154400
2023-12-11,368.4800109863281,371.6000061035156,366.1000061035156,371.29998779296875,364.2232971191406,27708800
2023-12-12,370.8500061035156,374.4200134277344,370.4599914550781,374.3800048828125,367.24462890625,24838300
2023-12-13,376.0199890136719,377.6400146484375,370.7699890136719,374.3699951171875,367.2347412109375,30955500
2023-12-14,373.30999755859375,373.760009765625,364.1300048828125,365.92999267578125,358.95562744140625,43277500
2023-12-15,366.8500061035156,372.3999938964844,366.2799987792969,370.7300109863281,363.6642150878906,78502300
2023-12-18,369.45001220703125,373.0,368.67999267578125,372.6499938964844,365.54754638671875,21802900
2023-12-19,371.489990234375,373.260009765625,369.8399963378906,373.260009765625,366.1460266113281,20603700
2023-12-20,375.0,376.0299987792969,370.5299987792969,370.6199951171875,363.5562438964844,26316700
2023-12-21,372.55999755859375,374.4100036621094,370.0400085449219,373.5400085449219,366.420654296875,17708000
2023-12-22,373.67999267578125,375.17999267578125,372.7099914550781,374.5799865722656,367.4407958984375,17107500
2023-12-26,375.0,376.94000244140625,373.5,374.6600036621094,367.519287109375,12673100
2023-12-27,373.69000244140625,375.05999755859375,372.80999755859375,374.07000732421875,366.94049072265625,14905400
2023-12-28,375.3699951171875,376.4599914550781,374.1600036621094,375.2799987792969,368.12744140625,14327000
2023-12-29,376.0,377.1600036621094,373.4800109863281,376.0400085449219,368.87298583984375,18730800
2024-01-02,373.8599853515625,375.8999938964844,366.7699890136719,370.8699951171875,363.80145263671875,25258600
2024-01-03,369.010009765625,373.260009765625,368.510009765625,370.6000061035156,363.53662109375,23083500
2024-01-04,370.6700134277344,373.1000061035156,367.1700134277344,367.94000244140625,360.92730712890625,20901500
2024-01-05,368.9700012207031,372.05999755859375,366.5,367.75,360.7409973144531,21004600
2024-01-08,369.29998779296875,375.20001220703125,369.010009765625,374.69000244140625,367.5487060546875,23134000
2024-01-09,372.010009765625,375.989990234375,371.19000244140625,375.7900085449219,368.62774658203125,20830000
2024-01-10,376.3699951171875,384.1700134277344,376.32000732421875,382.7699890136719,375.47467041015625,25514200
2024-01-11,386.0,390.67999267578125,380.3800048828125,384.6300048828125,377.2992858886719,27850800
2024-01-12,385.489990234375,388.67999267578125,384.6499938964844,388.4700012207031,381.0660705566406,21661200
2024-01-16,393.6600036621094,394.0299987792969,387.6199951171875,390.2699890136719,382.83172607421875,27202300
2024-01-17,387.9800109863281,390.1099853515625,384.80999755859375,389.4700012207031,382.0469665527344,22234100
2024-01-18,391.7200012207031,393.989990234375,390.1199951171875,393.8699951171875,386.3631286621094,23392100
2024-01-19,395.760009765625,398.6700134277344,393.5,398.6700134277344,391.07171630859375,29331100
2024-01-22,400.0199890136719,400.6199951171875,393.5899963378906,396.510009765625,388.9528503417969,27016900
2024-01-23,395.75,399.3800048828125,393.92999267578125,398.8999938964844,391.2972717285156,20525900
2024-01-24,401.5400085449219,405.6300048828125,400.45001220703125,402.55999755859375,394.88751220703125,24867000
2024-01-25,404.32000732421875,407.010009765625,402.5299987792969,404.8699951171875,397.15350341796875,21021200
2024-01-26,404.3699951171875,406.1700134277344,402.42999267578125,403.92999267578125,396.2314147949219,17803300
2024-01-29,406.05999755859375,409.9800109863281,404.3299865722656,409.7200012207031,401.9110412597656,24510200
2024-01-30,412.260009765625,413.04998779296875,406.45001220703125,408.5899963378906,400.8025817871094,33477600
2024-01-31,406.9599914550781,415.32000732421875,397.2099914550781,397.5799865722656,390.00244140625,47871100
2024-02-01,401.8299865722656,408.0,401.79998779296875,403.7799987792969,396.0843200683594,30657700
2024-02-02,403.80999755859375,412.6499938964844,403.55999755859375,411.2200012207031,403.3824768066406,28256700
2024-02-05,409.8999938964844,411.1600036621094,403.989990234375,405.6499938964844,397.91864013671875,25352300
2024-02-06,405.8800048828125,407.9700012207031,402.9100036621094,405.489990234375,397.7616882324219,18382600
2024-02-07,407.44000244140625,414.29998779296875,407.3999938964844,414.04998779296875,406.1585388183594,22340500
2024-02-08,414.04998779296875,415.55999755859375,412.5299987792969,414.1099853515625,406.2174072265625,21225300
2024-02-09,415.25,420.82000732421875,415.0899963378906,420.54998779296875,412.53460693359375,22032800
2024-02-12,420.55999755859375,420.739990234375,414.75,415.260009765625,407.345458984375,21202900
2024-02-13,404.94000244140625,410.07000732421875,403.3900146484375,406.32000732421875,398.5758972167969,27824900
2024-02-14,408.07000732421875,409.8399963378906,404.57000732421875,409.489990234375,402.42828369140625,20401200
2024-02-15,408.1400146484375,409.1300048828125,404.2900085449219,406.55999755859375,399.5487976074219,21825500
2024-02-16,407.9599914550781,408.2900085449219,403.44000244140625,404.05999755859375,397.0918884277344,22296500
2024-02-20,403.239990234375,404.489990234375,398.010009765625,402.7900085449219,395.84381103515625,24307900
2024-02-21,400.1700134277344,402.2900085449219,397.2200012207031,402.17999267578125,395.24432373046875,18518900
2024-02-22,410.19000244140625,412.8299865722656,408.57000732421875,411.6499938964844,404.551025390625,27009900
2024-02-23,415.6700134277344,415.8599853515625,408.9700012207031,410.3399963378906,403.26361083984375,16295900
2024-02-26,411.4599914550781,412.1600036621094,407.3599853515625,407.5400085449219,400.5118713378906,16193500
2024-02-27,407.989990234375,408.32000732421875,403.8500061035156,407.4800109863281,400.45294189453125,14835800
2024-02-28,408.17999267578125,409.29998779296875,405.32000732421875,407.7200012207031,400.6887512207031,13183100
2024-02-29,408.6400146484375,414.20001220703125,405.9200134277344,413.6400146484375,406.5067443847656,31947300
2024-03-01,411.2699890136719,415.8699951171875,410.8800048828125,415.5,408.3346252441406,17823400
2024-03-04,413.44000244140625,417.3500061035156,412.32000732421875,414.9200134277344,407.7646179199219,17596000
2024-03-05,413.9599914550781,414.25,400.6400146484375,402.6499938964844,395.7062072753906,26919200
2024-03-06,402.9700012207031,405.1600036621094,398.3900146484375,402.0899963378906,395.1558837890625,22344100
2024-03-07,406.1199951171875,409.7799987792969,402.239990234375,409.1400146484375,402.0842590332031,18718500
2024-03-08,407.9599914550781,410.4200134277344,404.3299865722656,406.2200012207031,399.2146301269531,18002200
2024-03-11,403.760009765625,405.67999267578125,401.260009765625,404.5199890136719,397.5439758300781,16120800
2024-03-12,407.6199951171875,415.57000732421875,406.7900085449219,415.2799987792969,408.1184387207031,22457000
2024-03-13,418.1000061035156,418.17999267578125,411.45001220703125,415.1000061035156,407.94146728515625,17115900
2024-03-14,420.239990234375,427.82000732421875,417.989990234375,425.2200012207031,417.886962890625,34157300
2024-03-15,419.2900085449219,422.6000061035156,412.7900085449219,416.4200134277344,409.23876953125,45079900
2024-03-18,414.25,420.7300109863281,413.7799987792969,417.32000732421875,410.12322998046875,20106000
2024-03-19,417.8299865722656,421.6700134277344,415.54998779296875,421.4100036621094,414.1426696777344,19837900
2024-03-20,422.0,425.9599914550781,420.6600036621094,425.2300109863281,417.8968200683594,17860100
2024-03-21,429.8299865722656,430.82000732421875,427.1600036621094,429.3699951171875,421.9654235839844,21296200
2024-03-22,429.70001220703125,429.8599853515625,426.07000732421875,428.739990234375,421.34625244140625,17648500
2024-03-25,425.239990234375,427.4100036621094,421.6099853515625,422.8599853515625,415.56768798828125,18060500
2024-03-26,425.6099853515625,425.989990234375,421.3500061035156,421.6499938964844,414.3785705566406,16725600
2024-03-27,424.44000244140625,424.45001220703125,419.010009765625,421.42999267578125,414.162353515625,16705000
2024-03-28,420.9599914550781,421.8699951171875,419.1199951171875,420.7200012207031,413.464599609375,21871200
2024-04-01,423.95001220703125,427.8900146484375,422.2200012207031,424.57000732421875,417.2481994628906,16316000
2024-04-02,420.1099853515625,422.3800048828125,417.8399963378906,421.44000244140625,414.1721496582031,17912000
2024-04-03,419.7300109863281,423.260009765625,419.0899963378906,420.45001220703125,413.19921875,16502300
2024-04-04,424.989990234375,428.6700134277344,417.57000732421875,417.8800048828125,410.673583984375,19370900
2024-04-05,420.010009765625,426.510009765625,418.32000732421875,425.5199890136719,418.1817932128906,16554800
2024-04-08,425.1700134277344,427.2799987792969,423.29998779296875,424.5899963378906,417.2678527832031,14272400
2024-04-09,426.44000244140625,427.739990234375,421.6199951171875,426.2799987792969,418.9287109375,12496900
2024-04-10,422.19000244140625,424.0299987792969,419.70001220703125,423.260009765625,415.9607849121094,16216600
2024-04-11,425.82000732421875,429.3699951171875,422.3599853515625,427.92999267578125,420.5502624511719,17966400
2024-04-12,424.04998779296875,425.17999267578125,419.7699890136719,421.8999938964844,414.624267578125,19253800
2024-04-15,426.6000061035156,426.82000732421875,413.42999267578125,413.6400146484375,406.5067443847656,20273500
2024-04-16,414.57000732421875,418.3999938964844,413.7300109863281,414.5799865722656,407.43048095703125,16765600
2024-04-17,417.25,418.8800048828125,410.3299865722656,411.8399963378906,404.7377014160156,15855500
2024-04-18,410.6300048828125,411.8900146484375,403.95001220703125,404.2699890136719,397.29827880859375,21029900
2024-04-19,404.0299987792969,405.4800109863281,397.7699890136719,399.1199951171875,392.23712158203125,30565800
2024-04-22,400.0799865722656,402.8500061035156,395.75,400.9599914550781,394.0453796386719,20286900
2024-04-23,404.239990234375,408.20001220703125,403.05999755859375,407.57000732421875,400.5413818359375,15734500
2024-04-24,409.55999755859375,412.4700012207031,406.7799987792969,409.05999755859375,402.0057067871094,15065300
2024-04-25,394.0299987792969,399.8900146484375,388.0299987792969,399.0400085449219,392.15850830078125,40586500
2024-04-26,412.1700134277344,413.0,405.760009765625,406.32000732421875,399.31298828125,29694700
2024-04-29,405.25,406.32000732421875,399.19000244140625,402.25,395.3131103515625,19582100
2024-04-30,401.489990234375,402.1600036621094,389.1700134277344,389.3299865722656,382.61590576171875,28781400
2024-05-01,392.6099853515625,401.7200012207031,390.30999755859375,394.94000244140625,388.129150390625,23562500
2024-05-02,397.6600036621094,399.92999267578125,394.6499938964844,397.8399963378906,390.9791564941406,17709400
2024-05-03,402.2799987792969,407.1499938964844,401.8599853515625,406.6600036621094,399.6470947265625,17446700
2024-05-06,408.760009765625,413.92999267578125,406.3699951171875,413.5400085449219,406.40838623046875,16996600
2024-05-07,414.6600036621094,414.6700134277344,409.0899963378906,409.3399963378906,402.2808837890625,20018200
2024-05-08,408.1700134277344,412.2300109863281,406.7099914550781,410.5400085449219,403.46014404296875,11792300
2024-05-09,410.57000732421875,412.7200012207031,409.1000061035156,412.32000732421875,405.2095031738281,14689700
2024-05-10,412.94000244140625,415.3800048828125,411.79998779296875,414.739990234375,407.58770751953125,13402300
2024-05-13,418.010009765625,418.3500061035156,410.82000732421875,413.7200012207031,406.5853271484375,15440200
2024-05-14,412.0199890136719,417.489990234375,411.54998779296875,416.55999755859375,409.37628173828125,15109300
2024-05-15,417.8999938964844,423.80999755859375,417.2699890136719,423.0799865722656,416.5338134765625,22239500
2024-05-16,421.79998779296875,425.4200134277344,420.3500061035156,420.989990234375,414.4761657714844,17530100
2024-05-17,422.5400085449219,422.9200134277344,418.0299987792969,420.2099914550781,413.708251953125,15352200
2024-05-20,420.2099914550781,426.7699890136719,419.989990234375,425.3399963378906,418.7588806152344,16272100
2024-05-21,426.8299865722656,432.9700012207031,424.8500061035156,429.0400085449219,422.4016418457031,21453300
2024-05-22,430.0899963378906,432.4100036621094,427.1300048828125,430.5199890136719,423.85870361328125,18073700
2024-05-23,432.9700012207031,433.6000061035156,425.4200134277344,427.0,420.3932189941406,17211700
2024-05-24,427.19000244140625,431.05999755859375,424.4100036621094,430.1600036621094,423.5043029785156,11855300
2024-05-28,429.6300048828125,430.82000732421875,426.6000061035156,430.32000732421875,423.6618347167969,15718000
2024-05-29,425.69000244140625,430.94000244140625,425.69000244140625,429.1700134277344,422.5296325683594,15517100
2024-05-30,424.29998779296875,424.29998779296875,414.239990234375,414.6700134277344,408.25396728515625,28394500
2024-05-31,416.75,416.75,404.510009765625,415.1300048828125,408.70684814453125,47995300
2024-06-03,415.5299987792969,416.42999267578125,408.9200134277344,413.5199890136719,407.1217956542969,17484700
2024-06-04,412.42999267578125,416.44000244140625,409.67999267578125,416.07000732421875,409.6323547363281,14348900
2024-06-05,417.80999755859375,424.0799865722656,416.29998779296875,424.010009765625,417.449462890625,16988000
2024-06-06,424.010009765625,425.30999755859375,420.5799865722656,424.5199890136719,417.9515380859375,14861300
2024-06-07,426.20001220703125,426.2799987792969,423.0,423.8500061035156,417.2919616699219,13621700
2024-06-10,424.70001220703125,428.0799865722656,423.8900146484375,427.8699951171875,421.249755859375,13982900
2024-06-11,425.4800109863281,432.82000732421875,425.25,432.67999267578125,425.98529052734375,14551100
2024-06-12,435.32000732421875,443.3999938964844,433.25,441.05999755859375,434.23565673828125,22366200
2024-06-13,440.8500061035156,443.3900146484375,439.3699951171875,441.5799865722656,434.74755859375,15960600
2024-06-14,438.2799987792969,443.1400146484375,436.7200012207031,442.57000732421875,435.7222595214844,13582000
2024-06-17,442.5899963378906,450.94000244140625,440.7200012207031,448.3699951171875,441.4325256347656,20790000
2024-06-18,449.7099914550781,450.1400146484375,444.8900146484375,446.3399963378906,439.4339599609375,17112500
2024-06-20,446.29998779296875,446.5299987792969,441.2699890136719,445.70001220703125,438.8038330078125,19877400
2024-06-21,447.3800048828125,450.5799865722656,446.510009765625,449.7799987792969,442.8206787109375,34187100
2024-06-24,449.79998779296875,452.75,446.4100036621094,447.6700134277344,440.743408203125,15913700
2024-06-25,448.25,451.4200134277344,446.75,450.95001220703125,443.9726257324219,16413400
2024-06-26,449.0,453.6000061035156,448.19000244140625,452.1600036621094,445.1639404296875,16507000
2024-06-27,452.17999267578125,456.1700134277344,451.7699890136719,452.8500061035156,445.84326171875,14806300
2024-06-28,453.07000732421875,455.3800048828125,446.4100036621094,446.95001220703125,440.0345153808594,28362300
2024-07-01,448.6600036621094,457.3699951171875,445.6600036621094,456.7300109863281,449.6632080078125,17662800
2024-07-02,453.20001220703125,459.5899963378906,453.1099853515625,459.2799987792969,452.1737365722656,13979800
2024-07-03,458.19000244140625,461.0199890136719,457.8800048828125,460.7699890136719,453.64068603515625,9932800
2024-07-05,459.6099853515625,468.3500061035156,458.9700012207031,467.55999755859375,460.32562255859375,16000300
2024-07-08,466.54998779296875,467.70001220703125,464.4599914550781,466.239990234375,459.02606201171875,12962300
2024-07-09,467.0,467.3299865722656,458.0,459.5400085449219,452.4297180175781,17207200
2024-07-10,461.2200012207031,466.4599914550781,458.8599853515625,466.25,459.0359191894531,18196100
2024-07-11,462.9800109863281,464.7799987792969,451.54998779296875,454.70001220703125,447.6645812988281,23111200
2024-07-12,454.3299865722656,456.3599853515625,450.6499938964844,453.54998779296875,446.5323486328125,16324300
2024-07-15,453.29998779296875,457.260009765625,451.42999267578125,453.9599914550781,446.93603515625,14429400
2024-07-16,454.2200012207031,454.29998779296875,446.6600036621094,449.5199890136719,442.56475830078125,17175700
2024-07-17,442.5899963378906,444.8500061035156,439.17999267578125,443.5199890136719,436.6575927734375,21778000
2024-07-18,444.3399963378906,444.6499938964844,434.3999938964844,440.3699951171875,433.5563659667969,20794800
2024-07-19,433.1000061035156,441.1400146484375,432.0,437.1099853515625,430.34674072265625,20940400
2024-07-22,441.7900085449219,444.6000061035156,438.9100036621094,442.94000244140625,436.0865783691406,15808800
2024-07-23,443.8999938964844,448.3900146484375,443.1000061035156,444.8500061035156,437.96697998046875,13107100
2024-07-24,440.45001220703125,441.4800109863281,427.5899963378906,428.8999938964844,422.2638244628906,26805800
2024-07-25,428.79998779296875,429.79998779296875,417.510009765625,418.3999938964844,411.9263000488281,29943800
2024-07-26,418.20001220703125,428.9200134277344,417.2699890136719,425.2699890136719,418.6899719238281,23583800
2024-07-29,431.5799865722656,432.1499938964844,424.70001220703125,426.7300109863281,420.12738037109375,15125800
2024-07-30,427.7200012207031,429.04998779296875,417.3599853515625,422.9200134277344,416.3763427734375,32687600
2024-07-31,420.5,421.7799987792969,412.2099914550781,418.3500061035156,411.8770446777344,42891400
2024-08-01,420.7900085449219,427.4599914550781,413.0899963378906,417.1099853515625,410.65625,30296400
2024-08-02,412.489990234375,415.0,404.3399963378906,408.489990234375,402.1695556640625,29437900
2024-08-05,389.1700134277344,401.0400085449219,385.5799865722656,395.1499938964844,389.0359802246094,40709200
2024-08-06,400.0,405.6700134277344,398.5,399.6099853515625,393.4269714355469,24946500
2024-08-07,408.6400146484375,410.0799865722656,397.4700012207031,398.42999267578125,392.2652587890625,20650900
2024-08-08,402.44000244140625,405.8599853515625,399.94000244140625,402.69000244140625,396.4593505859375,20203000
2024-08-09,404.0299987792969,408.04998779296875,402.260009765625,406.0199890136719,399.7378234863281,19276700
2024-08-12,407.05999755859375,408.760009765625,404.239990234375,406.80999755859375,400.5155944824219,16762900
2024-08-13,409.5899963378906,414.95001220703125,409.57000732421875,414.010009765625,407.6042175292969,19414300
2024-08-14,414.79998779296875,417.7200012207031,412.45001220703125,416.8599853515625,410.4101257324219,18267000
2024-08-15,419.79998779296875,421.1099853515625,417.6600036621094,421.0299987792969,415.2627258300781,20752100
2024-08-16,420.6000061035156,421.3399963378906,417.29998779296875,418.4700012207031,412.73779296875,22775600
2024-08-19,418.9599914550781,421.75,416.4599914550781,421.5299987792969,415.755859375,15234000
2024-08-20,421.70001220703125,425.8599853515625,421.6400146484375,424.79998779296875,418.98101806640625,16387600
2024-08-21,424.0799865722656,426.3999938964844,421.7200012207031,424.1400146484375,418.3301086425781,16067300
2024-08-22,424.3599853515625,426.7900085449219,414.6099853515625,415.54998779296875,409.8577575683594,19361900
2024-08-23,416.9800109863281,419.260009765625,412.0899963378906,416.7900085449219,411.0807800292969,18493800
2024-08-26,416.3699951171875,417.2799987792969,411.3399963378906,413.489990234375,407.8259582519531,13152800
2024-08-27,412.8599853515625,414.3599853515625,410.25,413.8399963378906,408.17120361328125,13492900
2024-08-28,414.8800048828125,415.0,407.30999755859375,410.6000061035156,404.9756164550781,14882700
2024-08-29,414.94000244140625,422.04998779296875,410.6000061035156,413.1199951171875,407.4610595703125,17045200
2024-08-30,415.6000061035156,417.489990234375,412.1300048828125,417.1400146484375,411.426025390625,24308300
2024-09-03,417.9100036621094,419.8800048828125,407.0299987792969,409.44000244140625,403.8314514160156,20313600
2024-09-04,405.9100036621094,411.239990234375,404.3699951171875,408.8999938964844,403.298828125,15135800
2024-09-05,407.6199951171875,413.1000061035156,406.1300048828125,408.3900146484375,402.79583740234375,14195500
2024-09-06,409.05999755859375,410.6499938964844,400.79998779296875,401.70001220703125,396.1974792480469,19609500
2024-09-09,407.239990234375,408.6499938964844,402.1499938964844,405.7200012207031,400.1624450683594,15295100
2024-09-10,408.20001220703125,416.3299865722656,407.70001220703125,414.20001220703125,408.5262451171875,19594300
2024-09-11,415.5,423.989990234375,409.5799865722656,423.0400085449219,417.2451477050781,19266900
2024-09-12,423.30999755859375,427.3699951171875,419.75,427.0,421.15093994140625,17395700
2024-09-13,425.8299865722656,431.8299865722656,425.4599914550781,430.5899963378906,424.6917419433594,15874600
2024-09-16,430.6000061035156,433.5299987792969,428.2200012207031,431.3399963378906,425.4314880371094,13834700
2024-09-17,440.2300109863281,441.8500061035156,432.2699890136719,435.1499938964844,429.1893005371094,18874200
2024-09-18,435.0,436.0299987792969,430.4100036621094,430.80999755859375,424.90875244140625,18898000
2024-09-19,441.2300109863281,441.5,436.8999938964844,438.69000244140625,432.6808166503906,21706600
2024-09-20,437.2200012207031,439.239990234375,434.2200012207031,435.2699890136719,429.3076171875,55167100
2024-09-23,434.2799987792969,436.4599914550781,430.3900146484375,433.510009765625,427.57177734375,15128900
2024-09-24,433.0,433.3500061035156,426.1000061035156,429.1700134277344,423.29119873046875,17015800
2024-09-25,429.8299865722656,433.1199951171875,428.57000732421875,432.1099853515625,426.1909484863281,13396400
2024-09-26,435.0899963378906,435.29998779296875,429.1300048828125,431.30999755859375,425.40191650390625,14492000
2024-09-27,431.5199890136719,431.8500061035156,427.4700012207031,428.0199890136719,422.15692138671875,14896100
2024-09-30,428.2099914550781,430.4200134277344,425.3699951171875,430.29998779296875,424.40570068359375,16807300
2024-10-01,428.45001220703125,428.4800109863281,418.80999755859375,420.69000244140625,414.9273376464844,19092900
2024-10-02,422.5799865722656,422.82000732421875,416.7099914550781,417.1300048828125,411.4161071777344,16582300
2024-10-03,417.6300048828125,419.54998779296875,414.2900085449219,416.5400085449219,410.834228515625,13686400
2024-10-04,418.239990234375,419.75,414.9700012207031,416.05999755859375,410.36077880859375,19169700
2024-10-07,416.0,417.1099853515625,409.0,409.5400085449219,403.93011474609375,20919800
2024-10-08,410.8999938964844,415.6600036621094,408.1700134277344,414.7099914550781,409.0292663574219,19229300
2024-10-09,415.8599853515625,420.3800048828125,414.29998779296875,417.4599914550781,411.7416076660156,14974300
2024-10-10,415.2300109863281,417.3500061035156,413.1499938964844,415.8399963378906,410.1437683105469,13848400
2024-10-11,416.1400146484375,417.1300048828125,413.25,416.32000732421875,410.61724853515625,14144900
2024-10-14,417.7699890136719,424.0400085449219,417.5199890136719,419.1400146484375,413.3985900878906,16653100
2024-10-15,422.17999267578125,422.4800109863281,415.260009765625,418.739990234375,413.0040588378906,18900200
2024-10-16,415.1700134277344,416.3599853515625,410.4800109863281,416.1199951171875,410.41998291015625,15508900
2024-10-17,422.3599853515625,422.5,415.5899963378906,416.7200012207031,411.0117492675781,14820000
2024-10-18,417.1400146484375,419.6499938964844,416.260009765625,418.1600036621094,412.4320373535156,17145300
2024-10-21,416.1199951171875,418.9599914550781,413.75,418.7799987792969,413.04351806640625,14206100
2024-10-22,418.489990234375,430.5799865722656,418.0400085449219,427.510009765625,421.6539611816406,25482200
2024-10-23,430.8599853515625,431.0799865722656,422.5299987792969,424.6000061035156,418.7838134765625,19654400
2024-10-24,425.3299865722656,425.9800109863281,422.3999938964844,424.7300109863281,418.91204833984375,13581600
2024-10-25,426.760009765625,432.5199890136719,426.57000732421875,428.1499938964844,422.28509521484375,16899100
2024-10-28,431.6600036621094,431.94000244140625,426.29998779296875,426.5899963378906,420.74658203125,14882400
2024-10-29,428.0,433.1700134277344,425.79998779296875,431.95001220703125,426.03314208984375,17644100
2024-10-30,437.44000244140625,438.5,432.1000061035156,432.5299987792969,426.60516357421875,29749100
2024-10-31,415.3599853515625,416.1600036621094,406.29998779296875,406.3500061035156,400.7838134765625,53971000
2024-11-01,409.010009765625,415.5,407.5,410.3699951171875,404.74871826171875,24230400
2024-11-04,409.79998779296875,410.4200134277344,405.57000732421875,408.4599914550781,402.8648986816406,19672300
2024-11-05,408.3699951171875,414.8999938964844,408.0799865722656,411.4599914550781,405.82379150390625,17626000
2024-11-06,412.4200134277344,420.45001220703125,410.5199890136719,420.17999267578125,414.42431640625,26681800
2024-11-07,421.2799987792969,426.8500061035156,419.8800048828125,425.42999267578125,419.6024169921875,19901800
2024-11-08,425.32000732421875,426.5,421.7799987792969,422.5400085449219,416.75201416015625,16891400
2024-11-11,422.5199890136719,424.80999755859375,416.0,418.010009765625,412.2840576171875,24503300
2024-11-12,418.25,424.44000244140625,417.20001220703125,423.0299987792969,417.2353210449219,19401200
2024-11-13,421.6400146484375,429.3299865722656,418.2099914550781,425.20001220703125,419.37554931640625,21502200
2024-11-14,425.0,428.1700134277344,420.0,426.8900146484375,421.04241943359375,30246900
2024-11-15,419.82000732421875,422.79998779296875,413.6400146484375,415.0,409.3152770996094,28247600
2024-11-18,414.8699951171875,418.3999938964844,412.1000061035156,415.760009765625,410.06488037109375,24727000
2024-11-19,413.1099853515625,417.94000244140625,411.54998779296875,417.7900085449219,412.0671081542969,18133500
2024-11-20,416.8699951171875,417.2900085449219,410.5799865722656,415.489990234375,409.798583984375,19191700
2024-11-21,419.5,419.7799987792969,410.2900085449219,412.8699951171875,408.0295715332031,20780200
2024-11-22,411.3699951171875,417.3999938964844,411.05999755859375,417.0,412.11114501953125,24814600
2024-11-25,418.3800048828125,421.0799865722656,414.8500061035156,418.7900085449219,413.8801574707031,27691100
2024-11-26,419.5899963378906,429.0400085449219,418.8500061035156,427.989990234375,422.9722900390625,23458900
2024-11-27,425.1099853515625,427.2300109863281,422.0199890136719,422.989990234375,418.03094482421875,18332400
2024-11-29,420.0899963378906,424.8800048828125,417.79998779296875,423.4599914550781,418.495361328125,16271900
2024-12-02,421.57000732421875,433.0,421.30999755859375,430.9800109863281,425.92724609375,20207200
2024-12-03,429.8399963378906,432.4700012207031,427.739990234375,431.20001220703125,426.1446533203125,18302000
2024-12-04,433.0299987792969,439.6700134277344,432.6300048828125,437.4200134277344,432.2917785644531,26009400
2024-12-05,437.9200134277344,444.6600036621094,436.1700134277344,442.6199951171875,437.4307556152344,21697800
2024-12-06,442.29998779296875,446.1000061035156,441.7699890136719,443.57000732421875,438.3696594238281,18821000
2024-12-09,442.6000061035156,448.3299865722656,440.5,446.0199890136719,440.7909240722656,19144400
2024-12-10,444.3900146484375,449.6199951171875,441.6000061035156,443.3299865722656,438.1324768066406,18469500
2024-12-11,444.04998779296875,450.3500061035156,444.04998779296875,448.989990234375,443.72613525390625,19200200
2024-12-12,449.1099853515625,456.1600036621094,449.1099853515625,449.55999755859375,444.2894287109375,20834800
2024-12-13,448.44000244140625,451.42999267578125,445.5799865722656,447.2699890136719,442.0262451171875,20177800
2024-12-16,447.2699890136719,452.17999267578125,445.2799987792969,451.5899963378906,446.2956237792969,23598800
2024-12-17,451.010009765625,455.2900085449219,449.57000732421875,454.4599914550781,449.1319580078125,22733500
2024-12-18,451.32000732421875,452.6499938964844,437.0199890136719,437.3900146484375,432.26214599609375,24444500
2024-12-19,441.6199951171875,443.17999267578125,436.32000732421875,437.0299987792969,431.90631103515625,22963700
2024-12-20,433.1099853515625,443.739990234375,428.6300048828125,436.6000061035156,431.48138427734375,64263700
2024-12-23,436.739990234375,437.6499938964844,432.8299865722656,435.25,430.1471862792969,19152500
2024-12-24,434.6499938964844,439.6000061035156,434.19000244140625,439.3299865722656,434.1793518066406,7164500
2024-12-26,439.0799865722656,440.94000244140625,436.6300048828125,438.1099853515625,432.9736633300781,8194200
2024-12-27,434.6000061035156,435.2200012207031,426.3500061035156,430.5299987792969,425.4825134277344,18117700
2024-12-30,426.05999755859375,427.54998779296875,421.8999938964844,424.8299865722656,419.8493347167969,13158700
2024-12-31,426.1000061035156,426.7300109863281,420.6600036621094,421.5,416.55841064453125,13246500
2025-01-02,425.5299987792969,426.07000732421875,414.8500061035156,418.5799865722656,413.6726379394531,16896500
2025-01-03,421.0799865722656,424.0299987792969,419.5400085449219,423.3500061035156,418.38671875,16662900
2025-01-06,428.0,434.32000732421875,425.4800109863281,427.8500061035156,422.83392333984375,20573600
2025-01-07,429.0,430.6499938964844,420.79998779296875,422.3699951171875,417.4181823730469,18139100
2025-01-08,423.4599914550781,426.9700012207031,421.5400085449219,424.55999755859375,419.58251953125,15054600
2025-01-10,424.6300048828125,424.7099914550781,415.0199890136719,418.95001220703125,414.0382995605469,20201100
2025-01-13,415.239990234375,418.5,412.2900085449219,417.19000244140625,412.2989196777344,17604800
2025-01-14,417.80999755859375,419.739990234375,410.7200012207031,415.6700134277344,410.7967529296875,16935900
2025-01-15,419.1300048828125,428.1499938964844,418.2699890136719,426.30999755859375,421.3119812011719,19637800
2025-01-16,428.70001220703125,429.489990234375,424.3900146484375,424.5799865722656,419.602294921875,15300000
2025-01-17,434.0899963378906,434.4800109863281,428.1700134277344,429.0299987792969,424.0001525878906,26197500
2025-01-21,430.20001220703125,430.8999938964844,425.6000061035156,428.5,423.476318359375,26085700
2025-01-22,437.55999755859375,447.2699890136719,436.0,446.20001220703125,440.9688720703125,27803800
2025-01-23,442.0,446.75,441.5,446.7099914550781,441.47283935546875,18389300
2025-01-24,445.1600036621094,446.6499938964844,441.3999938964844,444.05999755859375,438.8539123535156,15549500
2025-01-27,424.010009765625,435.20001220703125,423.5,434.55999755859375,429.4653015136719,35647800
2025-01-28,434.6000061035156,448.3800048828125,431.3800048828125,447.20001220703125,441.9571228027344,23491700
2025-01-29,446.69000244140625,446.8800048828125,440.3999938964844,442.3299865722656,437.1441955566406,23581400
2025-01-30,418.7699890136719,422.8599853515625,413.1600036621094,414.989990234375,410.12469482421875,54586300
2025-01-31,418.9800109863281,420.69000244140625,414.9100036621094,415.05999755859375,410.1939392089844,34161900
2025-02-03,411.6000061035156,415.4100036621094,408.6600036621094,410.9200134277344,406.1024475097656,25679100
2025-02-04,412.69000244140625,413.9200134277344,409.739990234375,412.3699951171875,407.53546142578125,20532100
2025-02-05,412.3500061035156,413.8299865722656,410.3999938964844,413.2900085449219,408.4447021484375,16316700
2025-02-06,414.0,418.20001220703125,414.0,415.82000732421875,410.9449768066406,16309800
2025-02-07,416.4800109863281,418.6499938964844,408.1000061035156,409.75,404.9461975097656,22886800
2025-02-10,413.7099914550781,415.4599914550781,410.9200134277344,412.2200012207031,407.38720703125,20817900
2025-02-11,409.6400146484375,412.489990234375,409.29998779296875,411.44000244140625,406.6163330078125,18140600
2025-02-12,407.2099914550781,410.75,404.3699951171875,409.0400085449219,404.2444763183594,19121700
2025-02-13,407.0,411.0,406.3599853515625,410.5400085449219,405.72686767578125,23891700
2025-02-14,407.7900085449219,408.9100036621094,405.8800048828125,408.42999267578125,403.6416320800781,22758500
2025-02-18,408.0,410.6000061035156,406.5,409.6400146484375,404.83746337890625,21423100
2025-02-19,407.8800048828125,415.489990234375,407.6499938964844,414.7699890136719,409.90728759765625,24114200
2025-02-20,415.2900085449219,419.30999755859375,412.5400085449219,416.1300048828125,412.075927734375,23508700
2025-02-21,417.3399963378906,418.04998779296875,407.8900146484375,408.2099914550781,404.23309326171875,27524800
2025-02-24,408.510009765625,409.3699951171875,399.32000732421875,404.0,400.0641174316406,26443700
2025-02-25,401.1000061035156,401.9200134277344,396.70001220703125,397.8999938964844,394.0235290527344,29387400
2025-02-26,398.010009765625,403.6000061035156,394.25,399.7300109863281,395.83575439453125,19619000
2025-02-27,401.2699890136719,405.739990234375,392.1700134277344,392.5299987792969,388.7059020996094,21127400
2025-02-28,392.6600036621094,397.6300048828125,386.57000732421875,396.989990234375,393.1224365234375,32845700
2025-03-03,398.82000732421875,398.82000732421875,386.1600036621094,388.489990234375,384.7052001953125,23007700
2025-03-04,383.3999938964844,392.5799865722656,381.0,388.6099853515625,384.82403564453125,29342900
2025-03-05,389.3399963378906,401.6700134277344,388.80999755859375,401.0199890136719,397.1131286621094,23433100
2025-03-06,394.2799987792969,402.1499938964844,392.67999267578125,396.8900146484375,393.0234375,23304600
2025-03-07,392.32000732421875,394.79998779296875,385.5400085449219,393.30999755859375,389.478271484375,22034100
2025-03-10,385.8399963378906,386.3999938964844,377.2200012207031,380.1600036621094,376.4563903808594,32840100
2025-03-11,379.0,386.0,376.9100036621094,380.45001220703125,376.7435607910156,30380200
2025-03-12,382.95001220703125,385.2200012207031,378.95001220703125,383.2699890136719,379.53607177734375,24253600
2025-03-13,383.1600036621094,385.32000732421875,377.45001220703125,378.7699890136719,375.0799255371094,20473000
2025-03-14,379.7799987792969,390.2300109863281,379.510009765625,388.55999755859375,384.7745666503906,19952800
2025-03-17,386.70001220703125,392.7099914550781,385.57000732421875,388.70001220703125,384.9132080078125,22474300
2025-03-18,387.07000732421875,387.3699951171875,381.1000061035156,383.5199890136719,379.78363037109375,19486900
2025-03-19,385.5299987792969,389.67999267578125,384.0,387.82000732421875,384.041748046875,19185500
2025-03-20,385.739990234375,391.7900085449219,383.2799987792969,386.8399963378906,383.07135009765625,18470500
2025-03-21,383.2200012207031,391.739990234375,382.79998779296875,391.260009765625,387.4482727050781,39675900
2025-03-24,395.3999938964844,395.3999938964844,389.80999755859375,393.0799865722656,389.25048828125,21004500
2025-03-25,393.9200134277344,396.3599853515625,392.6400146484375,395.1600036621094,391.31024169921875,15775000
2025-03-26,395.0,395.30999755859375,388.57000732421875,389.9700012207031,386.17083740234375,16108400
2025-03-27,390.1300048828125,392.239990234375,387.3999938964844,390.5799865722656,386.77490234375,13766800
2025-03-28,388.0799865722656,389.1300048828125,376.92999267578125,378.79998779296875,375.109619140625,21632000
2025-03-31,372.5400085449219,377.07000732421875,367.239990234375,375.3900146484375,371.7328796386719,35184700
2025-04-01,374.6499938964844,382.8500061035156,373.2300109863281,382.19000244140625,378.4666442871094,19689500
2025-04-02,377.9700012207031,385.0799865722656,376.6199951171875,382.1400146484375,378.4171142578125,16092600
2025-04-03,374.7900085449219,377.4800109863281,369.3500061035156,373.1099853515625,369.4750671386719,30198000
2025-04-04,364.1300048828125,374.5899963378906,359.4800109863281,359.8399963378906,356.3343505859375,49209900
2025-04-07,350.8800048828125,371.0,344.7900085449219,357.8599853515625,354.3736267089844,50425000
2025-04-08,368.260009765625,373.6499938964844,350.25,354.55999755859375,351.10577392578125,35868900
2025-04-09,353.5400085449219,393.2300109863281,353.1000061035156,390.489990234375,386.68572998046875,50199700
2025-04-10,382.05999755859375,383.8999938964844,367.79998779296875,381.3500061035156,377.6347961425781,38024400
2025-04-11,380.6400146484375,390.04998779296875,378.8900146484375,388.45001220703125,384.6656494140625,23839200
2025-04-14,393.2200012207031,394.6499938964844,384.2099914550781,387.80999755859375,384.0318603515625,19251200
2025-04-15,388.510009765625,391.8900146484375,384.1600036621094,385.7300109863281,381.9721374511719,17199900
2025-04-16,380.6700134277344,381.6099853515625,368.0,371.6099853515625,367.9896545410156,21967800
2025-04-17,373.75,374.32000732421875,366.8900146484375,367.7799987792969,364.1969909667969,21120200
2025-04-21,362.82000732421875,364.4800109863281,355.6700134277344,359.1199951171875,355.62139892578125,20807300
2025-04-22,363.3800048828125,367.7699890136719,359.8599853515625,366.82000732421875,363.2463073730469,19485000
2025-04-23,376.05999755859375,380.3900146484375,373.0199890136719,374.3900146484375,370.74261474609375,20545500
2025-04-24,375.70001220703125,388.45001220703125,375.19000244140625,387.29998779296875,383.52679443359375,22232300
2025-04-25,387.0,392.1600036621094,384.6000061035156,391.8500061035156,388.0325012207031,18973200
2025-04-28,391.9599914550781,392.739990234375,386.6400146484375,391.1600036621094,387.3492431640625,16579400
2025-04-29,391.29998779296875,395.1000061035156,390.3800048828125,394.0400085449219,390.2012023925781,14974000
2025-04-30,390.29998779296875,396.6600036621094,384.44000244140625,395.260009765625,391.4092712402344,36461100
2025-05-01,431.1099853515625,436.989990234375,424.8999938964844,425.3999938964844,421.25567626953125,58938100
2025-05-02,431.739990234375,439.44000244140625,429.989990234375,435.2799987792969,431.0394287109375,30757400
2025-05-05,432.8699951171875,439.5,432.1099853515625,436.1700134277344,431.9207458496094,20136100
2025-05-06,432.20001220703125,437.7300109863281,431.1700134277344,433.30999755859375,429.0885925292969,15104200
2025-05-07,433.8399963378906,438.1199951171875,431.1099853515625,433.3500061035156,429.1282043457031,23295300
2025-05-08,437.92999267578125,443.6700134277344,435.6600036621094,438.1700134277344,433.9012451171875,23491300
2025-05-09,440.0,440.739990234375,435.8800048828125,438.7300109863281,434.4557800292969,15324200
2025-05-12,445.94000244140625,449.3699951171875,439.7799987792969,449.260009765625,444.8832092285156,22821900
2025-05-13,447.7799987792969,450.6700134277344,445.3599853515625,449.1400146484375,444.7643737792969,23618800
2025-05-14,448.1400146484375,453.8999938964844,448.1400146484375,452.94000244140625,448.5273742675781,19902800
2025-05-15,450.7699890136719,456.19000244140625,450.42999267578125,453.1300048828125,449.5392761230469,21992300
2025-05-16,452.04998779296875,454.3599853515625,448.7300109863281,454.2699890136719,450.67022705078125,23849800
2025-05-19,450.8800048828125,459.5899963378906,450.79998779296875,458.8699951171875,455.2337951660156,21336500
2025-05-20,455.5899963378906,458.3399963378906,454.32000732421875,458.1700134277344,454.5393371582031,15441800
2025-05-21,454.57000732421875,457.7799987792969,451.80999755859375,452.57000732421875,448.9837341308594,19216900
2025-05-22,454.95001220703125,460.25,453.8999938964844,454.8599853515625,451.2555847167969,18025600
2025-05-23,449.9800109863281,453.69000244140625,448.9100036621094,450.17999267578125,446.6126403808594,16883500
2025-05-27,456.4800109863281,460.95001220703125,456.1199951171875,460.69000244140625,457.03936767578125,20974300
2025-05-28,461.2200012207031,462.5199890136719,456.92999267578125,457.3599853515625,453.7357482910156,17086300
2025-05-29,461.54998779296875,461.7200012207031,455.30999755859375,458.67999267578125,455.0453186035156,13974800
2025-05-30,459.7200012207031,461.67999267578125,455.5400085449219,460.3599853515625,456.71197509765625,34770500
2025-06-02,457.1400146484375,462.1099853515625,456.8900146484375,461.9700012207031,458.3092041015625,16626500
2025-06-03,461.4700012207031,464.1400146484375,460.8599853515625,462.9700012207031,459.3013000488281,15743800
2025-06-04,464.0,465.69000244140625,463.0199890136719,463.8699951171875,460.1941223144531,14162700
2025-06-05,464.9599914550781,469.6499938964844,464.0299987792969,467.67999267578125,463.9739990234375,20131700
2025-06-06,470.0899963378906,473.3399963378906,468.7799987792969,470.3800048828125,466.6525573730469,15285600
2025-06-09,469.70001220703125,473.42999267578125,468.6199951171875,472.75,469.00384521484375,16469900
2025-06-10,471.19000244140625,472.79998779296875,466.9599914550781,470.9200134277344,467.18829345703125,15375900
2025-06-11,470.0199890136719,475.4700012207031,469.6600036621094,472.6199951171875,468.8748474121094,16399200
2025-06-12,475.0199890136719,480.4200134277344,473.5199890136719,478.8699951171875,475.07525634765625,18950600
2025-06-13,476.4100036621094,479.17999267578125,472.760009765625,474.9599914550781,471.1962890625,16814500
2025-06-16,475.2099914550781,480.69000244140625,475.0,479.1400146484375,475.3431701660156,15626100
2025-06-17,475.3999938964844,478.739990234375,474.0799865722656,478.0400085449219,474.25189208984375,15414100
2025-06-18,478.0,481.0,474.4599914550781,480.239990234375,476.4344482421875,17526500
2025-06-20,482.2300109863281,483.4599914550781,476.8699951171875,477.3999938964844,473.616943359375,37576200
2025-06-23,478.2099914550781,487.75,472.510009765625,486.0,482.1488037109375,24864000
2025-06-24,488.95001220703125,491.8500061035156,486.79998779296875,490.1099853515625,486.2261962890625,22305600
2025-06-25,492.0400085449219,494.55999755859375,489.3900146484375,492.2699890136719,488.36907958984375,17495100
2025-06-26,492.9800109863281,498.0400085449219,492.80999755859375,497.45001220703125,493.508056640625,21578900
2025-06-27,497.54998779296875,499.29998779296875,493.0299987792969,495.94000244140625,492.010009765625,34539200
2025-06-30,497.0400085449219,500.760009765625,495.3299865722656,497.4100036621094,493.4683837890625,28369000
2025-07-01,496.4700012207031,498.04998779296875,490.9800109863281,492.04998779296875,488.15087890625,19945400
2025-07-02,489.989990234375,493.5,488.70001220703125,491.0899963378906,487.198486328125,16319600
2025-07-03,493.80999755859375,500.1300048828125,493.44000244140625,498.8399963378906,494.8870849609375,13984800
2025-07-07,497.3800048828125,498.75,495.2300109863281,497.7200012207031,493.77593994140625,13981600
2025-07-08,497.239990234375,498.20001220703125,494.1099853515625,496.6199951171875,492.68463134765625,11846600
2025-07-09,500.29998779296875,506.7799987792969,499.739990234375,503.510009765625,499.5200500488281,18659500
2025-07-10,503.04998779296875,504.44000244140625,497.75,501.4800109863281,497.50616455078125,16492100
2025-07-11,498.4700012207031,505.0299987792969,497.79998779296875,503.32000732421875,499.33154296875,16459500
2025-07-14,501.5199890136719,503.9700012207031,501.0299987792969,503.0199890136719,499.033935546875,12058800
2025-07-15,503.0199890136719,508.29998779296875,502.7900085449219,505.82000732421875,501.811767578125,14927200
2025-07-16,505.17999267578125,506.7200012207031,501.8900146484375,505.6199951171875,501.61334228515625,15154400
2025-07-17,505.67999267578125,513.3699951171875,505.6199951171875,511.70001220703125,507.6451721191406,17503100
2025-07-18,514.47998046875,514.6400146484375,507.42999267578125,510.04998779296875,506.0082092285156,21209700
2025-07-21,506.7099914550781,512.0900268554688,505.54998779296875,510.05999755859375,506.01812744140625,14066800
2025-07-22,510.9700012207031,511.20001220703125,505.2699890136719,505.2699890136719,501.26611328125,13868600
2025-07-23,506.75,506.7900085449219,500.70001220703125,505.8699951171875,501.861328125,16396600
2025-07-24,508.7699890136719,513.6699829101562,507.29998779296875,510.8800048828125,506.8316345214844,16107000
2025-07-25,512.469970703125,518.2899780273438,510.3599853515625,513.7100219726562,509.6392517089844,19125700
2025-07-28,514.0800170898438,515.0,510.1199951171875,512.5,508.4388427734375,14308000
2025-07-29,515.530029296875,517.6199951171875,511.55999755859375,512.5700073242188,508.5082702636719,16469200
2025-07-30,515.1699829101562,515.9500122070312,509.44000244140625,513.239990234375,509.1729431152344,26380400
2025-07-31,555.22998046875,555.4500122070312,531.9000244140625,533.5,529.2723388671875,51617300
2025-08-01,535.0,535.7999877929688,520.8599853515625,524.1099853515625,519.956787109375,28977600
2025-08-04,528.27001953125,538.25,528.1300048828125,535.6400146484375,531.3954467773438,25349000
2025-08-05,537.1799926757812,537.2999877929688,527.239990234375,527.75,523.5679931640625,19171600
2025-08-06,530.9000244140625,531.7000122070312,524.030029296875,524.9400024414062,520.7802124023438,21355700
2025-08-07,526.7999877929688,528.0900268554688,517.5499877929688,520.8400268554688,516.7127075195312,16079100
2025-08-08,522.5999755859375,524.6599731445312,519.4099731445312,522.0399780273438,517.9031982421875,15531000
2025-08-11,522.2999877929688,527.5900268554688,519.719970703125,521.77001953125,517.6354370117188,20194400
2025-08-12,523.75,530.97998046875,522.7000122070312,529.239990234375,525.0462036132812,18667000
2025-08-13,532.1099853515625,532.7000122070312,519.3699951171875,520.5800170898438,516.454833984375,19619200
2025-08-14,522.5599975585938,525.9500122070312,520.1400146484375,522.47998046875,518.3396606445312,20269100
2025-08-15,522.77001953125,526.0999755859375,519.0800170898438,520.1699829101562,516.0479736328125,25213300
2025-08-18,521.5900268554688,522.8200073242188,514.02001953125,517.0999755859375,513.0023193359375,23760600
2025-08-19,515.0,515.1599731445312,508.54998779296875,509.7699890136719,505.7304382324219,21481000
2025-08-20,509.8699951171875,511.0,504.44000244140625,505.7200012207031,501.7125549316406,27723000
2025-08-21,503.69000244140625,507.6300048828125,502.7200012207031,504.239990234375,501.066650390625,18443300
2025-08-22,504.25,510.7300109863281,502.4100036621094,507.2300109863281,504.0378112792969,24324200
2025-08-25,506.6300048828125,508.19000244140625,504.1199951171875,504.260009765625,501.0865173339844,21638600
2025-08-26,504.3599853515625,504.9800109863281,498.510009765625,502.0400085449219,498.8804626464844,30835700
2025-08-27,502.0,507.2900085449219,499.8999938964844,506.739990234375,503.5509033203125,17277900
2025-08-28,507.0899963378906,511.0899963378906,505.5,509.6400146484375,506.4326477050781,18015600
2025-08-29,508.6600036621094,509.6000061035156,504.489990234375,506.69000244140625,503.5011901855469,20961600
2025-09-02,500.4700012207031,506.0,496.80999755859375,505.1199951171875,501.9410705566406,18128000
2025-09-03,503.7900085449219,507.7900085449219,502.32000732421875,505.3500061035156,502.1696472167969,16345100
2025-09-04,504.29998779296875,508.1499938964844,503.1499938964844,507.9700012207031,504.77313232421875,15509500
2025-09-05,509.07000732421875,511.9700012207031,492.3699951171875,495.0,491.884765625,31994800
2025-09-08,498.1099853515625,501.20001220703125,495.0299987792969,498.20001220703125,495.06463623046875,16771000
2025-09-09,501.42999267578125,502.25,497.70001220703125,498.4100036621094,495.2733154296875,14410500
2025-09-10,502.9800109863281,503.2300109863281,496.7200012207031,500.3699951171875,497.2209777832031,21611800
2025-09-11,502.25,503.1700134277344,497.8800048828125,501.010009765625,497.8569641113281,18881600
2025-09-12,506.6499938964844,512.5499877929688,503.8500061035156,509.8999938964844,506.6910095214844,23624900
2025-09-15,508.7900085449219,515.469970703125,507.0,515.3599853515625,512.1166381835938,17143800
2025-09-16,516.8800048828125,517.22998046875,508.6000061035156,509.0400085449219,505.8364562988281,19711900
2025-09-17,510.6199951171875,511.2900085449219,505.92999267578125,510.0199890136719,506.81024169921875,15816600
2025-09-18,511.489990234375,513.0700073242188,507.6600036621094,508.45001220703125,505.2501525878906,18913700
2025-09-19,510.55999755859375,519.2999877929688,510.30999755859375,517.9299926757812,514.6705322265625,52474100
2025-09-22,515.5900268554688,517.739990234375,512.5399780273438,514.4500122070312,511.21240234375,20009300
2025-09-23,513.7999877929688,514.5900268554688,507.30999755859375,509.2300109863281,506.0252380371094,19799600
2025-09-24,510.3800048828125,512.47998046875,506.9200134277344,510.1499938964844,506.9394226074219,13533700
2025-09-25,508.29998779296875,510.010009765625,505.0400085449219,507.0299987792969,503.83905029296875,15786500
2025-09-26,510.05999755859375,513.9400024414062,506.6199951171875,511.4599914550781,508.2411804199219,16213100
2025-09-29,511.5,516.8499755859375,508.8800048828125,514.5999755859375,511.3613586425781,17617800
2025-09-30,513.239990234375,518.1599731445312,509.6600036621094,517.9500122070312,514.6903686523438,19728200
2025-10-01,514.7999877929688,520.510009765625,511.69000244140625,519.7100219726562,516.439208984375,22632300
2025-10-02,517.6400146484375,521.5999755859375,510.67999267578125,515.739990234375,512.4942626953125,21222900
2025-10-03,517.0999755859375,520.489990234375,515.0,517.3499755859375,514.0940551757812,15112300
2025-10-06,518.6099853515625,531.030029296875,518.2000122070312,528.5700073242188,525.2435302734375,21388600
2025-10-07,528.2899780273438,529.7999877929688,521.4400024414062,523.97998046875,520.682373046875,14615200
2025-10-08,523.280029296875,526.9500122070312,523.0900268554688,524.8499755859375,521.5468139648438,13363400
2025-10-09,522.3400268554688,524.3300170898438,517.4000244140625,522.4000244140625,519.1123046875,18343600
2025-10-10,519.6400146484375,523.5800170898438,509.6300048828125,510.9599914550781,507.74432373046875,24133800
2025-10-13,516.4099731445312,516.4099731445312,511.67999267578125,514.0499877929688,510.81488037109375,14284200
2025-10-14,510.2300109863281,515.280029296875,506.0,513.5700073242188,510.3379211425781,14684300
2025-10-15,514.9600219726562,517.1900024414062,510.0,513.4299926757812,510.19879150390625,14694700
2025-10-16,512.5800170898438,516.8499755859375,508.1300048828125,511.6099853515625,508.3902587890625,15559600
2025-10-17,509.0400085449219,515.47998046875,507.30999755859375,513.5800170898438,510.3478698730469,19867800
2025-10-20,514.6099853515625,518.7000122070312,513.4299926757812,516.7899780273438,513.5376586914062,14665600
2025-10-21,517.5,518.6900024414062,513.0399780273438,517.6599731445312,514.4021606445312,15586200
2025-10-22,521.1500244140625,525.22998046875,517.7100219726562,520.5399780273438,517.2640380859375,18962700
2025-10-23,522.4600219726562,523.9500122070312,518.6099853515625,520.5599975585938,517.2838745117188,14023500
2025-10-24,522.7899780273438,525.3499755859375,520.7100219726562,523.6099853515625,520.3146362304688,15532400
2025-10-27,531.780029296875,534.5800170898438,529.010009765625,531.52001953125,528.1749877929688,18734700
2025-10-28,550.0,553.719970703125,540.77001953125,542.0700073242188,538.6585083007812,29986700
2025-10-29,544.9400024414062,546.27001953125,536.72998046875,541.5499877929688,538.1417846679688,36023000
2025-10-30,530.47998046875,534.969970703125,522.1199951171875,525.760009765625,522.4512329101562,41023100
2025-10-31,528.8800048828125,529.3200073242188,515.0999755859375,517.8099975585938,514.5512084960938,34006400
2025-11-03,519.8099975585938,524.9600219726562,514.5900268554688,517.030029296875,513.776123046875,22374700
2025-11-04,511.760009765625,515.5499877929688,507.8399963378906,514.3300170898438,511.0931701660156,20958700
2025-11-05,513.2999877929688,514.8300170898438,506.5799865722656,507.1600036621094,503.96826171875,23024300
2025-11-06,505.6600036621094,505.70001220703125,495.80999755859375,497.1000061035156,493.9715576171875,27406500
2025-11-07,496.95001220703125,499.3800048828125,493.25,496.82000732421875,493.6933288574219,24019800
2025-11-10,500.0400085449219,506.8500061035156,498.79998779296875,506.0,502.8155517578125,26101500
2025-11-11,504.79998779296875,509.6000061035156,502.3500061035156,508.67999267578125,505.47869873046875,17980000
2025-11-12,509.3599853515625,511.6700134277344,499.1199951171875,511.1400146484375,507.9232177734375,26574900
2025-11-13,510.30999755859375,513.5,501.2900085449219,503.2900085449219,500.12261962890625,25273100
2025-11-14,498.2300109863281,511.6000061035156,497.44000244140625,510.17999267578125,506.96923828125,28505700
2025-11-17,508.45001220703125,512.1199951171875,504.9100036621094,507.489990234375,504.296142578125,19092800
2025-11-18,495.3699951171875,502.9800109863281,486.7799987792969,493.7900085449219,490.6824035644531,33815100
2025-11-19,490.1000061035156,495.19000244140625,482.8299865722656,487.1199951171875,484.0543518066406,23245300
2025-11-20,492.7099914550781,493.57000732421875,475.5,478.42999267578125,476.308837890625,26802500
2025-11-21,478.5,478.9200134277344,468.2699890136719,472.1199951171875,470.0268249511719,31769200
2025-11-24,475.0,476.8999938964844,468.0199890136719,474.0,471.89849853515625,34421000
2025-11-25,474.07000732421875,479.1499938964844,464.8900146484375,476.989990234375,474.8752136230469,28019800
2025-11-26,486.30999755859375,488.30999755859375,481.20001220703125,485.5,483.3475341796875,25709100
2025-11-28,487.6000061035156,492.6300048828125,486.6499938964844,492.010009765625,489.82867431640625,14386700
2025-12-01,488.44000244140625,489.8599853515625,484.6499938964844,486.739990234375,484.5820007324219,23964000
2025-12-02,486.7200012207031,493.5,486.32000732421875,490.0,487.82757568359375,19562700
2025-12-03,476.32000732421875,484.239990234375,475.20001220703125,477.7300109863281,475.6119689941406,34615100
2025-12-04,479.760009765625,481.32000732421875,476.489990234375,480.8399963378906,478.70819091796875,22318200
2025-12-05,482.5199890136719,483.3999938964844,478.8800048828125,483.1600036621094,481.01788330078125,22608700
2025-12-08,484.8900146484375,492.29998779296875,484.3800048828125,491.0199890136719,488.8430480957031,21965900
2025-12-09,489.1000061035156,492.1199951171875,488.5,492.0199890136719,489.8385925292969,14696100
2025-12-10,484.0299987792969,484.25,475.0799865722656,478.55999755859375,476.43829345703125,35756200
2025-12-11,476.6300048828125,486.0299987792969,475.8599853515625,483.4700012207031,481.3265075683594,24669200
2025-12-12,479.82000732421875,482.45001220703125,476.3399963378906,478.5299987792969,476.4084167480469,21248100
2025-12-15,480.1000061035156,480.7200012207031,472.5199890136719,474.82000732421875,472.7148742675781,23727700
2025-12-16,471.9100036621094,477.8900146484375,470.8800048828125,476.3900146484375,474.2779235839844,20705600
2025-12-17,476.9100036621094,480.0,475.0,476.1199951171875,474.00909423828125,24527200
2025-12-18,478.19000244140625,489.6000061035156,477.8900146484375,483.9800109863281,481.8342590332031,28573500
2025-12-19,487.3599853515625,487.8500061035156,482.489990234375,485.9200134277344,483.7656555175781,70836100
2025-12-22,486.1199951171875,488.7300109863281,482.69000244140625,484.9200134277344,482.7701110839844,16963000
2025-12-23,484.9800109863281,487.8299865722656,484.739990234375,486.8500061035156,484.6915283203125,14683600
2025-12-24,485.67999267578125,489.1600036621094,484.8299865722656,488.0199890136719,485.8563232421875,5855900
2025-12-26,486.7099914550781,488.1199951171875,485.9599914550781,487.7099914550781,485.5476989746094,8842200
2025-12-29,484.8599853515625,488.3500061035156,484.17999267578125,487.1000061035156,484.9404296875,10893400
2025-12-30,485.92999267578125,489.67999267578125,485.5,487.4800109863281,485.3187255859375,13944500
2025-12-31,487.8399963378906,488.1400146484375,483.29998779296875,483.6199951171875,481.4758605957031,15601600
2026-01-02,484.3900146484375,484.6600036621094,470.1600036621094,472.94000244140625,470.84320068359375,25571600
2026-01-05,474.05999755859375,476.07000732421875,469.5,472.8500061035156,470.7536315917969,25250300
2026-01-06,473.79998779296875,478.739990234375,469.75,478.510009765625,476.3885192871094,23037700
2026-01-07,479.760009765625,489.70001220703125,477.95001220703125,483.4700012207031,481.3265075683594,25564200
2026-01-08,481.239990234375,482.6600036621094,475.8599853515625,478.1099853515625,475.9902648925781,18162600
2026-01-09,474.05999755859375,479.82000732421875,472.20001220703125,479.2799987792969,477.15509033203125,18491000
2026-01-12,476.6700134277344,480.989990234375,475.67999267578125,477.17999267578125,475.06439208984375,23519900
2026-01-13,474.67999267578125,475.7799987792969,465.95001220703125,470.6700134277344,468.5832824707031,28545800
2026-01-14,466.4599914550781,468.20001220703125,457.1700134277344,459.3800048828125,457.34332275390625,28184300
2026-01-15,464.1199951171875,464.25,455.8999938964844,456.6600036621094,454.6353759765625,23225800
2026-01-16,457.8299865722656,463.19000244140625,456.4800109863281,459.8599853515625,457.8211669921875,34246700
2026-01-20,451.2200012207031,456.79998779296875,449.2799987792969,454.5199890136719,452.5048828125,26130000
2026-01-21,452.6000061035156,452.69000244140625,438.67999267578125,444.1099853515625,442.1410217285156,37980500
2026-01-22,447.6199951171875,452.8399963378906,444.70001220703125,451.1400146484375,449.1398620605469,25349400
2026-01-23,451.8699951171875,471.1000061035156,450.5299987792969,465.95001220703125,463.8841857910156,38000200
2026-01-26,465.30999755859375,474.25,462.0,470.2799987792969,468.19500732421875,29291200
2026-01-27,473.70001220703125,482.8699951171875,473.1600036621094,480.5799865722656,478.4493103027344,29213900
2026-01-28,483.2099914550781,483.739990234375,478.0,481.6300048828125,479.49468994140625,36875400
2026-01-29,439.989990234375,442.5,421.0199890136719,433.5,431.57806396484375,128855300
2026-01-30,439.1700134277344,439.6000061035156,426.45001220703125,430.2900085449219,428.38232421875,58566800
2026-02-02,430.239990234375,430.739990234375,422.25,423.3699951171875,421.49298095703125,42219900
2026-02-03,422.010009765625,422.04998779296875,408.55999755859375,411.2099914550781,409.3868713378906,61424100
2026-02-04,411.0,419.79998779296875,409.239990234375,414.19000244140625,412.3536682128906,45012400
2026-02-05,407.44000244140625,408.29998779296875,392.32000732421875,393.6700134277344,391.9246520996094,66289200
2026-02-06,399.1700134277344,401.7900085449219,392.9200134277344,401.1400146484375,399.3615417480469,53515300
2026-02-09,404.8500061035156,414.8900146484375,400.8699951171875,413.6000061035156,411.76629638671875,45480500
2026-02-10,419.6199951171875,423.67999267578125,412.70001220703125,413.2699890136719,411.437744140625,44857900
2026-02-11,416.17999267578125,416.4599914550781,401.010009765625,404.3699951171875,402.57720947265625,42491000
2026-02-12,405.0,406.20001220703125,398.010009765625,401.8399963378906,400.05841064453125,40802400
2026-02-13,404.45001220703125,405.5400085449219,398.04998779296875,401.32000732421875,399.5407409667969,34091600
2026-02-17,399.2200012207031,400.5199890136719,394.5299987792969,396.8599853515625,395.1004943847656,32078800
2026-02-18,398.1300048828125,402.55999755859375,396.32000732421875,399.6000061035156,397.828369140625,23223400
2026-02-19,400.69000244140625,404.42999267578125,396.6700134277344,398.4599914550781,397.5988464355469,28234000
2026-02-20,396.1099853515625,400.1199951171875,395.1600036621094,397.2300109863281,396.37152099609375,34015200
2026-02-23,395.0,395.3599853515625,383.1000061035156,384.4700012207031,383.6390686035156,43238300
2026-02-24,384.1400146484375,389.3599853515625,381.7099914550781,389.0,388.1593017578125,33884700
2026-02-25,390.5299987792969,401.4700012207031,390.1600036621094,400.6000061035156,399.7342224121094,43625500
2026-02-26,404.7099914550781,407.489990234375,398.739990234375,401.7200012207031,400.851806640625,34405900
2026-02-27,390.8800048828125,396.82000732421875,389.8800048828125,392.739990234375,391.8912048339844,51367200
2026-03-02,392.8599853515625,401.19000244140625,390.6300048828125,398.54998779296875,397.6886291503906,35474900
2026-03-03,393.1400146484375,406.70001220703125,392.6700134277344,403.92999267578125,403.0570068359375,38199200
2026-03-04,401.2699890136719,411.0299987792969,400.30999755859375,405.20001220703125,404.32427978515625,35808000
2026-03-05,404.4200134277344,411.6099853515625,404.3999938964844,410.67999267578125,409.79241943359375,39001300
2026-03-06,409.20001220703125,413.04998779296875,408.510009765625,408.9599914550781,408.0761413574219,31123900
2026-03-09,404.9200134277344,410.2099914550781,403.5,409.4100036621094,408.5251770019531,30131900
2026-03-10,410.0299987792969,410.20001220703125,402.92999267578125,405.760009765625,404.8830871582031,31706400
2026-03-11,405.57000732421875,409.010009765625,401.5899963378906,404.8800048828125,404.0049743652344,25512100
2026-03-12,404.6300048828125,406.1199951171875,401.7099914550781,401.8599853515625,400.9914855957031,27263900
2026-03-13,401.0,404.79998779296875,394.25,395.54998779296875,394.69512939453125,26848000
2026-03-16,398.07000732421875,400.6300048828125,394.7900085449219,399.95001220703125,399.08563232421875,27733700
2026-03-17,400.2699890136719,404.3999938964844,397.75,399.4100036621094,398.5467834472656,26228300
2026-03-18,397.1300048828125,398.0,391.0,391.7900085449219,390.9432678222656,25908500
2026-03-19,390.1000061035156,392.489990234375,387.05999755859375,389.0199890136719,388.1792297363281,25138800
2026-03-20,386.7900085449219,387.0,380.1199951171875,381.8699951171875,381.0447082519531,50853200
2026-03-23,383.8999938964844,387.2099914550781,381.67999267578125,383.0,382.1722717285156,29680100
2026-03-24,382.3599853515625,382.4700012207031,371.8500061035156,372.739990234375,371.9344177246094,42733600
2026-03-25,376.9200134277344,377.05999755859375,369.6300048828125,371.0400085449219,370.2381286621094,31181200
2026-03-26,370.82000732421875,374.7200012207031,365.19000244140625,365.9700012207031,365.1790771484375,36836600
2026-03-27,361.8999938964844,362.45001220703125,356.510009765625,356.7699890136719,355.9989318847656,37883400
2026-03-30,361.8999938964844,365.3599853515625,356.2799987792969,358.9599914550781,358.1842041015625,44797000
2026-03-31,364.54998779296875,372.8999938964844,363.07000732421875,370.1700134277344,369.3699951171875,45244400
2026-04-01,373.489990234375,373.989990234375,368.20001220703125,369.3699951171875,368.57171630859375,29417200
2026-04-02,367.2099914550781,373.6400146484375,364.1499938964844,373.4599914550781,372.6528625488281,24099100
2026-04-06,373.489990234375,373.7300109863281,369.5,372.8800048828125,372.0741271972656,16146600
2026-04-07,370.3399963378906,372.45001220703125,366.55999755859375,372.2900085449219,371.48541259765625,21443300
2026-04-08,384.9800109863281,385.0,371.4100036621094,374.3299865722656,373.52099609375,33064800
2026-04-09,372.5,373.5,367.04998779296875,373.07000732421875,372.26373291015625,30435300
2026-04-10,372.9800109863281,375.6400146484375,370.0299987792969,370.8699951171875,370.0684814453125,28111100
2026-04-13,373.6099853515625,384.5400085449219,371.0199890136719,384.3699951171875,383.539306640625,35745800
2026-04-14,387.9200134277344,394.69000244140625,386.5199890136719,393.1099853515625,392.2604064941406,37504500
2026-04-15,398.0,414.3699951171875,396.7300109863281,411.2200012207031,410.3312683105469,45063400
2026-04-16,419.8599853515625,420.82000732421875,412.1400146484375,420.260009765625,419.35174560546875,41642400
2026-04-17,424.82000732421875,431.5799865722656,420.69000244140625,422.7900085449219,421.87628173828125,48568200
2026-04-20,421.1499938964844,423.3299865722656,416.29998779296875,418.07000732421875,417.1664733886719,27582200
2026-04-21,420.239990234375,427.17999267578125,417.20001220703125,424.1600036621094,423.2433166503906,32048500
2026-04-22,426.19000244140625,433.70001220703125,423.6700134277344,432.9200134277344,431.984375,29378200
2026-04-23,419.8900146484375,423.6600036621094,411.4100036621094,415.75,414.8514709472656,38308000
2026-04-24,416.9700012207031,424.95001220703125,415.79998779296875,424.6199951171875,423.7023010253906,27457400
2026-04-27,422.3800048828125,427.1099853515625,417.07000732421875,424.82000732421875,423.9018859863281,30867300
2026-04-28,424.57000732421875,429.9200134277344,421.8999938964844,429.25,428.3222961425781,30438100
2026-04-29,424.5799865722656,426.82000732421875,420.2900085449219,424.4599914550781,423.5426330566406,38288300
2026-04-30,410.80999755859375,414.4200134277344,398.010009765625,407.7799987792969,406.8987121582031,70909400
2026-05-01,412.79998779296875,417.1099853515625,410.44000244140625,414.44000244140625,413.5443115234375,31372400
2026-05-04,411.5400085449219,420.7799987792969,410.79998779296875,413.6199951171875,412.72607421875,28066500
2026-05-05,415.32000732421875,416.7799987792969,408.79998779296875,411.3800048828125,410.4909362792969,25700900
2026-05-06,408.0,418.4200134277344,405.1099853515625,413.9599914550781,413.0653381347656,30285900
2026-05-07,420.1099853515625,427.9800109863281,418.760009765625,420.7699890136719,419.8606262207031,34942400
2026-05-08,417.3900146484375,418.6300048828125,414.0,415.1199951171875,414.22283935546875,33383800
2026-05-11,407.8699951171875,412.69000244140625,405.5,412.6600036621094,411.7681579589844,35657900
2026-05-12,414.4800109863281,415.5,406.6400146484375,407.7699890136719,406.8887023925781,38594200
2026-05-13,403.20001220703125,406.30999755859375,401.0299987792969,405.2099914550781,404.3342590332031,29667100
2026-05-14,404.4800109863281,411.8399963378906,400.8800048828125,409.42999267578125,408.5451354980469,27077500
2026-05-15,414.2699890136719,428.1700134277344,412.9100036621094,421.9200134277344,421.0081481933594,50771200
2026-05-18,416.6199951171875,425.1199951171875,415.6099853515625,423.5400085449219,422.6246643066406,32564100
2026-05-19,429.8999938964844,432.70001220703125,416.489990234375,417.4200134277344,416.51788330078125,33018700
2026-05-20,414.1700134277344,422.1000061035156,411.29998779296875,421.05999755859375,420.1499938964844,27864000
2026-05-21,424.75,426.3399963378906,415.7099914550781,419.0899963378906,419.0899963378906,31393500
2026-05-22,419.5400085449219,424.3999938964844,416.3299865722656,418.57000732421875,418.57000732421875,22390300
2026-05-26,416.42999267578125,419.7699890136719,413.0199890136719,416.0299987792969,416.0299987792969,30398000
2026-05-27,411.010009765625,415.94000244140625,409.5799865722656,412.6700134277344,412.6700134277344,28901500
2026-05-28,412.9800109863281,429.489990234375,412.6700134277344,426.989990234375,426.989990234375,47250500
2026-05-29,432.54998779296875,450.3299865722656,432.3599853515625,450.239990234375,450.239990234375,79654400
2026-06-01,464.8399963378906,466.32000732421875,458.2699890136719,460.5199890136719,460.5199890136719,53628900
2026-06-02,446.8800048828125,453.5,440.42999267578125,441.30999755859375,441.30999755859375,37036800
2026-06-03,438.45001220703125,440.3900146484375,424.25,427.3399963378906,427.3399963378906,39037000
2026-06-04,435.80999755859375,436.1499938964844,426.4100036621094,428.04998779296875,428.04998779296875,26899500
2026-06-05,428.3399963378906,429.4700012207031,414.3999938964844,416.6700134277344,416.6700134277344,34782200
2026-06-08,414.1400146484375,417.1600036621094,408.55999755859375,411.739990234375,411.739990234375,32086700
2026-06-09,409.0299987792969,411.9800109863281,398.4800109863281,403.4100036621094,403.4100036621094,35317300
2026-06-10,398.54998779296875,405.0400085449219,397.1600036621094,397.3599853515625,397.3599853515625,32576000
2026-06-11,395.2099914550781,396.8500061035156,384.0,390.3399963378906,390.3399963378906,47224100
2026-06-12,391.42999267578125,391.739990234375,382.2699890136719,390.739990234375,390.739990234375,34865800
2026-06-15,396.79998779296875,401.75,392.8500061035156,399.760009765625,399.760009765625,32266400
2026-06-16,395.7900085449219,396.8399963378906,390.69000244140625,393.8299865722656,393.8299865722656,31506800
2026-06-17,390.25,390.3699951171875,377.32000732421875,378.9100036621094,378.9100036621094,41987800
2026-06-18,377.82000732421875,381.3699951171875,373.2799987792969,379.3999938964844,379.3999938964844,59714200
2026-06-22,375.739990234375,381.6300048828125,367.07000732421875,367.3399963378906,367.3399963378906,45171100
2026-06-23,372.3800048828125,377.2200012207031,370.6700134277344,373.94000244140625,373.94000244140625,40647600
2026-06-24,371.57000732421875,378.8800048828125,364.7799987792969,365.4599914550781,365.4599914550781,44509900
2026-06-25,362.7699890136719,364.2300109863281,349.20001220703125,352.8299865722656,352.8299865722656,66179000
2026-06-26,357.1499938964844,376.6099853515625,355.42999267578125,372.9700012207031,372.9700012207031,186201600
2026-06-29,377.5,380.5,359.8999938964844,368.57000732421875,368.57000732421875,51229900
2026-06-30,371.0299987792969,374.1499938964844,367.45001220703125,373.0199890136719,373.0199890136719,44945700
2026-07-01,380.8299865722656,388.8299865722656,374.8900146484375,384.2799987792969,384.2799987792969,48065800
2026-07-02,384.4800109863281,392.20001220703125,383.70001220703125,390.489990234375,390.489990234375,42128900
2026-07-06,387.0400085449219,389.1499938964844,381.2200012207031,386.739990234375,386.739990234375,34224500
2026-07-07,392.489990234375,395.57000732421875,388.2200012207031,388.8399963378906,388.8399963378906,29297500
2026-07-08,384.0299987792969,385.30999755859375,381.3299865722656,383.3399963378906,383.3399963378906,25908300
2026-07-09,374.45001220703125,384.6499938964844,373.3500061035156,384.3599853515625,384.3599853515625,31083200
2026-07-10,387.79998779296875,391.9100036621094,381.5,385.1000061035156,385.1000061035156,24644600
2026-07-13,387.75,393.6499938964844,384.1499938964844,390.989990234375,390.989990234375,28914900
2026-07-14,382.82000732421875,388.19000244140625,378.6499938964844,384.92999267578125,384.92999267578125,27863900
2026-07-15,387.79998779296875,398.9599914550781,386.3999938964844,395.6300048828125,395.6300048828125,36253700
2026-07-16,398.30999755859375,405.989990234375,392.04998779296875,401.1000061035156,401.1000061035156,37047400
2026-07-17,394.8599853515625,398.3900146484375,389.3900146484375,393.82000732421875,393.82000732421875,33010300
2026-07-20,391.1000061035156,403.17999267578125,389.6700134277344,400.3999938964844,400.3999938964844,17409717
