price_date,open,high,low,close,adj_close,volume
2010-01-04,31.469999313354492,31.6200008392334,31.270000457763672,31.610000610351562,23.879541397094727,5580900
2010-01-05,31.559999465942383,31.670000076293945,31.299999237060547,31.299999237060547,23.645347595214844,5428600
2010-01-06,31.299999237060547,31.6200008392334,31.299999237060547,31.6200008392334,23.88709259033203,4883600
2010-01-07,31.5,31.729999542236328,31.43000030517578,31.729999542236328,23.97018814086914,6114600
2010-01-08,31.790000915527344,31.809999465942383,31.559999465942383,31.780000686645508,24.007953643798828,4284800
2010-01-11,31.950000762939453,32.0,31.81999969482422,31.959999084472656,24.143930435180664,4177700
2010-01-12,31.81999969482422,31.90999984741211,31.610000610351562,31.729999542236328,23.97018814086914,5791400
2010-01-13,31.809999465942383,32.25,31.799999237060547,32.150001525878906,24.28746795654297,8056100
2010-01-14,32.209999084472656,32.45000076293945,32.09000015258789,32.439998626708984,24.506546020507812,7801400
2010-01-15,32.31999969482422,32.5,32.029998779296875,32.220001220703125,24.340356826782227,9691800
2010-01-19,32.33000183105469,33.0099983215332,32.33000183105469,33.0,24.929603576660156,17749900
2010-01-20,33.11000061035156,33.15999984741211,32.470001220703125,32.720001220703125,24.718074798583984,16706200
2010-01-21,32.709999084472656,32.869998931884766,31.979999542236328,32.0099983215332,24.18171501159668,15057200
2010-01-22,31.90999984741211,32.220001220703125,31.600000381469727,31.65999984741211,23.91731071472168,13221000
2010-01-25,31.979999542236328,31.979999542236328,31.6299991607666,31.65999984741211,23.91731071472168,7485600
2010-01-26,31.540000915527344,31.639999389648438,31.309999465942383,31.479999542236328,23.781322479248047,9292600
2010-01-27,31.3700008392334,31.75,31.329999923706055,31.700000762939453,23.947519302368164,13238800
2010-01-28,31.799999237060547,31.84000015258789,31.40999984741211,31.5,23.796438217163086,12890200
2010-01-29,31.600000381469727,31.690000534057617,31.280000686645508,31.280000686645508,23.63024139404297,11902000
2010-02-01,31.329999923706055,31.549999237060547,31.200000762939453,31.459999084472656,23.766223907470703,6463000
2010-02-02,31.549999237060547,32.119998931884766,31.3799991607666,32.11000061035156,24.25725746154785,9894100
2010-02-03,32.0,32.029998779296875,31.579999923706055,31.68000030517578,23.932409286499023,5967400
2010-02-04,31.420000076293945,31.530000686645508,30.860000610351562,30.8799991607666,23.328054428100586,10027700
2010-02-05,30.790000915527344,30.979999542236328,30.270000457763672,30.829999923706055,23.29029083251953,14325900
2010-02-08,30.850000381469727,30.950000762939453,30.59000015258789,30.68000030517578,23.17697525024414,6971500
2010-02-09,31.06999969482422,31.200000762939453,30.68000030517578,30.920000076293945,23.358278274536133,8632900
2010-02-10,30.950000762939453,30.950000762939453,30.489999771118164,30.729999542236328,23.214750289916992,7047300
2010-02-11,30.530000686645508,31.040000915527344,30.489999771118164,30.940000534057617,23.373394012451172,4335600
2010-02-12,30.709999084472656,30.93000030517578,30.5,30.8700008392334,23.32050895690918,6966800
2010-02-16,31.18000030517578,31.18000030517578,30.81999969482422,31.139999389648438,23.524478912353516,5786100
2010-02-17,31.25,31.540000915527344,31.200000762939453,31.3799991607666,23.705778121948242,10161600
2010-02-18,31.389999389648438,31.549999237060547,31.309999465942383,31.530000686645508,23.819095611572266,5326600
2010-02-19,31.43000030517578,31.600000381469727,31.350000381469727,31.530000686645508,23.819095611572266,4369300
2010-02-22,31.639999389648438,31.639999389648438,31.239999771118164,31.440000534057617,23.751102447509766,6989700
2010-02-23,31.350000381469727,31.469999313354492,31.079999923706055,31.139999389648438,23.524478912353516,4313800
2010-02-24,31.229999542236328,31.43000030517578,31.1200008392334,31.3700008392334,23.69822883605957,4352100
2010-02-25,31.149999618530273,31.389999389648438,31.0,31.389999389648438,23.713333129882812,5437900
2010-02-26,31.440000534057617,31.56999969482422,31.31999969482422,31.399999618530273,23.720888137817383,8794500
2010-03-01,31.399999618530273,31.809999465942383,31.399999618530273,31.700000762939453,23.947519302368164,6249900
2010-03-02,31.75,31.940000534057617,31.709999084472656,31.809999465942383,24.030624389648438,5321100
2010-03-03,31.959999084472656,31.959999084472656,31.6299991607666,31.68000030517578,23.932409286499023,5066800
2010-03-04,31.719999313354492,31.739999771118164,31.459999084472656,31.579999923706055,23.856868743896484,10135600
2010-03-05,31.649999618530273,32.02000045776367,31.610000610351562,32.02000045776367,24.189266204833984,5832200
2010-03-08,32.029998779296875,32.029998779296875,31.81999969482422,31.829999923706055,24.04572868347168,4370700
2010-03-09,31.729999542236328,31.889999389648438,31.690000534057617,31.809999465942383,24.030624389648438,4838900
2010-03-10,31.829999923706055,31.940000534057617,31.780000686645508,31.829999923706055,24.04572868347168,4063400
2010-03-11,31.81999969482422,32.08000183105469,31.649999618530273,32.08000183105469,24.23458480834961,6033900
2010-03-12,32.130001068115234,32.130001068115234,31.760000228881836,31.84000015258789,24.05328369140625,4899700
2010-03-15,31.84000015258789,32.04999923706055,31.780000686645508,32.04999923706055,24.21192741394043,5500100
2010-03-16,32.04999923706055,32.15999984741211,31.93000030517578,32.13999938964844,24.27992057800293,5494000
2010-03-17,32.119998931884766,32.22999954223633,32.0,32.150001525878906,24.28746795654297,11159700
2010-03-18,32.150001525878906,32.459999084472656,32.06999969482422,32.369998931884766,24.453664779663086,7125700
2010-03-19,32.25,32.45000076293945,32.130001068115234,32.25,24.444570541381836,8386700
2010-03-22,32.29999923706055,32.689998626708984,32.29999923706055,32.459999084472656,24.603742599487305,7909200
2010-03-23,32.41999816894531,32.619998931884766,32.349998474121094,32.619998931884766,24.725021362304688,5713500
2010-03-24,32.560001373291016,32.599998474121094,32.27000045776367,32.27000045776367,24.45973777770996,6315000
2010-03-25,32.5099983215332,32.5099983215332,32.11000061035156,32.13999938964844,24.3612003326416,5120600
2010-03-26,32.220001220703125,32.220001220703125,31.84000015258789,31.899999618530273,24.179279327392578,6811000
2010-03-29,31.989999771118164,32.2400016784668,31.979999542236328,32.2400016784668,24.436996459960938,4818700
2010-03-30,32.2400016784668,32.279998779296875,32.11000061035156,32.2400016784668,24.436996459960938,3440100
2010-03-31,32.189998626708984,32.279998779296875,31.989999771118164,32.130001068115234,24.353620529174805,4834400
2010-04-01,32.29999923706055,32.369998931884766,32.130001068115234,32.310001373291016,24.490053176879883,5602900
2010-04-05,32.34000015258789,32.41999816894531,32.16999816894531,32.220001220703125,24.42184066772461,4655600
2010-04-06,32.130001068115234,32.2599983215332,32.119998931884766,32.20000076293945,24.40667152404785,3978900
2010-04-07,32.20000076293945,32.20000076293945,31.90999984741211,32.060001373291016,24.300561904907227,4733200
2010-04-08,31.959999084472656,32.02000045776367,31.829999923706055,31.940000534057617,24.20960235595703,4561700
2010-04-09,31.989999771118164,32.119998931884766,31.940000534057617,32.08000183105469,24.31572151184082,4155000
2010-04-12,32.040000915527344,32.18000030517578,31.979999542236328,31.989999771118164,24.247501373291016,4513500
2010-04-13,31.93000030517578,32.09000015258789,31.84000015258789,32.02000045776367,24.27023696899414,7279200
2010-04-14,32.040000915527344,32.040000915527344,31.790000915527344,31.90999984741211,24.186870574951172,6331200
2010-04-15,31.93000030517578,31.950000762939453,31.729999542236328,31.81999969482422,24.118648529052734,5119600
2010-04-16,31.780000686645508,31.8700008392334,31.479999542236328,31.6299991607666,23.97463035583496,8928300
2010-04-19,31.6299991607666,31.920000076293945,31.520000457763672,31.889999389648438,24.171710968017578,11270000
2010-04-20,32.0,32.04999923706055,31.850000381469727,31.959999084472656,24.224763870239258,5741100
2010-04-21,31.979999542236328,31.979999542236328,31.280000686645508,31.399999618530273,23.800294876098633,13931400
2010-04-22,31.239999771118164,31.25,30.84000015258789,31.040000915527344,23.527427673339844,4291800
2010-04-23,31.040000915527344,31.3799991607666,30.84000015258789,31.350000381469727,23.762393951416016,10974900
2010-04-26,31.399999618530273,31.479999542236328,30.989999771118164,31.020000457763672,23.51226043701172,7321500
2010-04-27,30.950000762939453,31.18000030517578,30.610000610351562,30.65999984741211,23.23940658569336,10692000
2010-04-28,30.8799991607666,30.989999771118164,30.600000381469727,30.860000610351562,23.390989303588867,10333300
2010-04-29,31.020000457763672,31.469999313354492,31.020000457763672,31.280000686645508,23.70934295654297,10236400
2010-04-30,31.3700008392334,31.43000030517578,30.8799991607666,30.8799991607666,23.406150817871094,12506600
2010-05-03,30.8799991607666,31.15999984741211,30.860000610351562,31.030000686645508,23.519853591918945,5629700
2010-05-04,30.889999389648438,31.139999389648438,30.719999313354492,30.850000381469727,23.383407592773438,14483400
2010-05-05,30.489999771118164,31.010000228881836,30.399999618530273,30.950000762939453,23.459209442138672,9627700
2010-05-06,30.850000381469727,30.940000534057617,28.530000686645508,30.1200008392334,22.830095291137695,21647700
2010-05-07,30.139999389648438,30.139999389648438,29.34000015258789,29.719999313354492,22.526905059814453,18182100
2010-05-10,30.239999771118164,30.829999923706055,30.239999771118164,30.520000457763672,23.133281707763672,13168100
2010-05-11,30.309999465942383,30.760000228881836,30.239999771118164,30.459999084472656,23.087799072265625,8829300
2010-05-12,30.719999313354492,30.729999542236328,30.420000076293945,30.709999084472656,23.277299880981445,6115800
2010-05-13,30.600000381469727,30.700000762939453,30.3799991607666,30.3799991607666,23.02716636657715,6872600
2010-05-14,30.209999084472656,30.350000381469727,29.729999542236328,29.969999313354492,22.71639633178711,13544100
2010-05-17,30.040000915527344,30.09000015258789,29.520000457763672,29.969999313354492,22.71639633178711,11950000
2010-05-18,30.170000076293945,30.219999313354492,29.700000762939453,29.729999542236328,22.534486770629883,11648200
2010-05-19,29.540000915527344,29.90999984741211,29.479999542236328,29.65999984741211,22.48143196105957,12608800
2010-05-20,29.25,29.399999618530273,28.719999313354492,28.729999542236328,21.776514053344727,15946600
2010-05-21,28.420000076293945,28.8799991607666,28.25,28.799999237060547,21.82957649230957,16465100
2010-05-24,28.68000030517578,29.040000915527344,28.520000457763672,28.729999542236328,21.776514053344727,10310900
2010-05-25,28.139999389648438,28.610000610351562,27.969999313354492,28.610000610351562,21.68556022644043,16411700
2010-05-26,28.780000686645508,28.899999618530273,28.399999618530273,28.43000030517578,21.54911994934082,12620400
2010-05-27,28.670000076293945,29.010000228881836,28.670000076293945,29.010000228881836,21.98874282836914,9438500
2010-05-28,29.0,29.15999984741211,28.770000457763672,28.8700008392334,21.882625579833984,13301500
2010-06-01,28.760000228881836,29.010000228881836,28.5,28.549999237060547,21.640079498291016,11633700
2010-06-02,28.799999237060547,29.200000762939453,28.559999465942383,29.170000076293945,22.11001968383789,10510200
2010-06-03,29.170000076293945,29.43000030517578,29.1299991607666,29.34000015258789,22.23888397216797,8442500
2010-06-04,28.889999389648438,28.969999313354492,28.3799991607666,28.479999542236328,21.587024688720703,11034700
2010-06-07,28.520000457763672,28.799999237060547,28.440000534057617,28.440000534057617,21.556703567504883,9478700
2010-06-08,28.450000762939453,28.549999237060547,28.15999984741211,28.510000228881836,21.609758377075195,10571000
2010-06-09,28.549999237060547,28.709999084472656,28.280000686645508,28.3799991607666,21.511226654052734,8428600
2010-06-10,28.649999618530273,28.989999771118164,28.649999618530273,28.920000076293945,21.9205322265625,6967900
2010-06-11,28.84000015258789,29.209999084472656,28.829999923706055,29.15999984741211,22.102439880371094,7042100
2010-06-14,29.25,29.479999542236328,29.200000762939453,29.209999084472656,22.14034652709961,6416400
2010-06-15,29.350000381469727,29.729999542236328,29.34000015258789,29.709999084472656,22.519332885742188,4921200
2010-06-16,29.6200008392334,29.860000610351562,29.549999237060547,29.81999969482422,22.602706909179688,5576900
2010-06-17,29.8700008392334,29.8700008392334,29.559999465942383,29.860000610351562,22.633012771606445,5710800
2010-06-18,29.760000228881836,29.760000228881836,29.489999771118164,29.549999237060547,22.511882781982422,6962900
2010-06-21,29.860000610351562,29.93000030517578,29.350000381469727,29.5,22.47381019592285,7458600
2010-06-22,29.530000686645508,29.739999771118164,29.170000076293945,29.209999084472656,22.252872467041016,7226400
2010-06-23,29.229999542236328,29.280000686645508,28.940000534057617,29.09000015258789,22.161455154418945,6431100
2010-06-24,28.959999084472656,29.1299991607666,28.84000015258789,28.8799991607666,22.0014591217041,10192000
2010-06-25,28.8799991607666,29.15999984741211,28.780000686645508,29.010000228881836,22.10050392150879,8439200
2010-06-28,29.030000686645508,29.200000762939453,28.780000686645508,28.959999084472656,22.062423706054688,6556200
2010-06-29,28.65999984741211,28.719999313354492,28.270000457763672,28.43000030517578,21.658645629882812,15076600
2010-06-30,28.290000915527344,28.559999465942383,28.139999389648438,28.200000762939453,21.483427047729492,9503400
2010-07-01,28.149999618530273,28.149999618530273,27.489999771118164,27.959999084472656,21.300582885742188,23346200
2010-07-02,28.010000228881836,28.219999313354492,27.8700008392334,28.030000686645508,21.353918075561523,10103400
2010-07-06,28.219999313354492,28.389999389648438,27.940000534057617,28.170000076293945,21.460582733154297,11667300
2010-07-07,28.200000762939453,28.75,28.059999465942383,28.719999313354492,21.879581451416016,8794500
2010-07-08,28.81999969482422,29.030000686645508,28.760000228881836,28.959999084472656,22.062423706054688,7165200
2010-07-09,29.020000457763672,29.040000915527344,28.8799991607666,29.030000686645508,22.115737915039062,4261600
2010-07-12,28.969999313354492,29.079999923706055,28.8700008392334,28.979999542236328,22.07765769958496,5026200
2010-07-13,29.149999618530273,29.3799991607666,29.149999618530273,29.200000762939453,22.245243072509766,5439300
2010-07-14,29.110000610351562,29.260000228881836,28.959999084472656,29.200000762939453,22.245243072509766,5958300
2010-07-15,29.190000534057617,29.360000610351562,29.010000228881836,29.290000915527344,22.313817977905273,4594500
2010-07-16,29.149999618530273,29.329999923706055,28.639999389648438,28.68000030517578,21.84910011291504,9790100
2010-07-19,28.799999237060547,28.920000076293945,28.68000030517578,28.809999465942383,21.94814682006836,5391900
2010-07-20,28.479999542236328,28.739999771118164,28.31999969482422,28.729999542236328,21.88719367980957,8178400
2010-07-21,28.719999313354492,28.809999465942383,28.200000762939453,28.260000228881836,21.529138565063477,14343400
2010-07-22,28.540000915527344,28.729999542236328,28.329999923706055,28.440000534057617,21.666269302368164,10500800
2010-07-23,28.43000030517578,28.5,28.170000076293945,28.43000030517578,21.658645629882812,8858800
2010-07-26,28.549999237060547,28.889999389648438,28.459999084472656,28.84000015258789,21.97099494934082,10261500
2010-07-27,28.899999618530273,28.969999313354492,28.739999771118164,28.8700008392334,21.99384880065918,6225700
2010-07-28,28.81999969482422,28.90999984741211,28.43000030517578,28.479999542236328,21.69674301147461,9662900
2010-07-29,28.639999389648438,28.829999923706055,28.31999969482422,28.459999084472656,21.68151092529297,10540100
2010-07-30,28.200000762939453,28.690000534057617,28.09000015258789,28.56999969482422,21.765304565429688,7539400
2010-08-02,28.8799991607666,29.1299991607666,28.8700008392334,29.110000610351562,22.17669677734375,11733200
2010-08-03,29.149999618530273,29.459999084472656,29.149999618530273,29.350000381469727,22.359525680541992,10266000
2010-08-04,29.3700008392334,29.68000030517578,29.31999969482422,29.639999389648438,22.580455780029297,9458100
2010-08-05,29.540000915527344,29.649999618530273,29.420000076293945,29.649999618530273,22.588075637817383,4285100
2010-08-06,29.360000610351562,29.739999771118164,29.280000686645508,29.709999084472656,22.633785247802734,8894200
2010-08-09,29.899999618530273,29.899999618530273,29.639999389648438,29.790000915527344,22.694734573364258,4061700
2010-08-10,29.579999923706055,29.979999542236328,29.459999084472656,29.860000610351562,22.7480525970459,8692600
2010-08-11,29.450000762939453,29.489999771118164,29.049999237060547,29.09000015258789,22.161455154418945,13216600
2010-08-12,28.860000610351562,29.290000915527344,28.790000915527344,29.209999084472656,22.252872467041016,9553700
2010-08-13,29.020000457763672,29.209999084472656,28.969999313354492,29.100000381469727,22.1690731048584,4340300
2010-08-16,28.93000030517578,29.030000686645508,28.729999542236328,28.950000762939453,22.05479621887207,4641300
2010-08-17,29.1200008392334,29.459999084472656,29.040000915527344,29.350000381469727,22.359525680541992,7183200
2010-08-18,29.299999237060547,29.530000686645508,29.1200008392334,29.309999465942383,22.329059600830078,4410100
2010-08-19,29.149999618530273,29.200000762939453,28.68000030517578,28.770000457763672,21.917665481567383,8736200
2010-08-20,28.729999542236328,28.760000228881836,28.489999771118164,28.670000076293945,21.84148406982422,5606200
2010-08-23,28.850000381469727,29.06999969482422,28.770000457763672,28.799999237060547,21.940523147583008,6570800
2010-08-24,28.489999771118164,28.5,28.09000015258789,28.18000030517578,21.46819305419922,12112600
2010-08-25,28.059999465942383,28.579999923706055,28.020000457763672,28.459999084472656,21.68151092529297,10713000
2010-08-26,28.610000610351562,28.610000610351562,28.170000076293945,28.280000686645508,21.544376373291016,6566000
2010-08-27,28.360000610351562,28.579999923706055,28.0,28.56999969482422,21.765304565429688,7200700
2010-08-30,28.56999969482422,28.600000381469727,28.209999084472656,28.209999084472656,21.491046905517578,5835000
2010-08-31,28.170000076293945,28.31999969482422,28.040000915527344,28.100000381469727,21.407249450683594,8756200
2010-09-01,28.3700008392334,28.799999237060547,28.3700008392334,28.75,21.902427673339844,10345200
2010-09-02,28.799999237060547,28.950000762939453,28.719999313354492,28.899999618530273,22.01670265197754,6003300
2010-09-03,29.0,29.190000534057617,28.989999771118164,29.170000076293945,22.222400665283203,6604700
2010-09-07,29.139999389648438,29.139999389648438,28.940000534057617,29.0,22.09288787841797,3954000
2010-09-08,28.959999084472656,29.25,28.950000762939453,29.15999984741211,22.21477699279785,6850700
2010-09-09,29.3700008392334,29.559999465942383,29.34000015258789,29.469999313354492,22.45094871520996,6305700
2010-09-10,29.469999313354492,29.799999237060547,29.469999313354492,29.770000457763672,22.679492950439453,5453100
2010-09-13,29.93000030517578,29.979999542236328,29.690000534057617,29.84000015258789,22.732820510864258,5947100
2010-09-14,29.739999771118164,30.059999465942383,29.709999084472656,29.940000534057617,22.809003829956055,8386700
2010-09-15,29.8700008392334,30.229999542236328,29.829999923706055,30.219999313354492,23.022314071655273,4894200
2010-09-16,30.049999237060547,30.149999618530273,29.950000762939453,30.100000381469727,22.930898666381836,4913900
2010-09-17,30.049999237060547,30.139999389648438,29.8799991607666,29.940000534057617,22.926301956176758,6038900
2010-09-20,30.06999969482422,30.399999618530273,29.969999313354492,30.34000015258789,23.232593536376953,5467800
2010-09-21,30.34000015258789,30.520000457763672,30.229999542236328,30.360000610351562,23.247909545898438,7579700
2010-09-22,30.329999923706055,30.540000915527344,30.290000915527344,30.40999984741211,23.286205291748047,5875600
2010-09-23,30.219999313354492,30.459999084472656,30.190000534057617,30.25,23.163681030273438,8156800
2010-09-24,30.489999771118164,30.68000030517578,30.450000762939453,30.65999984741211,23.47763442993164,5571100
2010-09-27,30.65999984741211,30.65999984741211,30.40999984741211,30.43000030517578,23.301509857177734,4840600
2010-09-28,30.5,30.739999771118164,30.299999237060547,30.68000030517578,23.492956161499023,5634600
2010-09-29,30.56999969482422,30.690000534057617,30.459999084472656,30.56999969482422,23.40871810913086,7966300
2010-09-30,30.68000030517578,30.8799991607666,30.3799991607666,30.489999771118164,23.347450256347656,8680300
2010-10-01,30.709999084472656,30.75,30.329999923706055,30.489999771118164,23.347450256347656,8791700
2010-10-04,30.469999313354492,30.540000915527344,30.110000610351562,30.190000534057617,23.11774444580078,6193600
2010-10-05,30.600000381469727,30.799999237060547,30.440000534057617,30.75,23.546546936035156,6786200
2010-10-06,30.68000030517578,30.790000915527344,30.530000686645508,30.6299991607666,23.454654693603516,5800000
2010-10-07,30.75,30.84000015258789,30.600000381469727,30.690000534057617,23.5006103515625,6052000
2010-10-08,30.709999084472656,30.850000381469727,30.639999389648438,30.770000457763672,23.56186294555664,3678600
2010-10-11,30.75,30.84000015258789,30.68000030517578,30.790000915527344,23.57718276977539,2452400
2010-10-12,30.729999542236328,30.940000534057617,30.600000381469727,30.860000610351562,23.630786895751953,3194600
2010-10-13,30.989999771118164,31.18000030517578,30.90999984741211,31.079999923706055,23.79924774169922,3323600
2010-10-14,31.040000915527344,31.18000030517578,30.8799991607666,31.020000457763672,23.753299713134766,5111500
2010-10-15,31.09000015258789,31.239999771118164,30.950000762939453,31.149999618530273,23.852846145629883,5880600
2010-10-18,31.190000534057617,31.450000762939453,31.139999389648438,31.440000534057617,24.074909210205078,7161000
2010-10-19,31.190000534057617,31.190000534057617,30.700000762939453,30.850000381469727,23.623117446899414,8833000
2010-10-20,30.920000076293945,31.280000686645508,30.84000015258789,31.139999389648438,23.845191955566406,5489400
2010-10-21,31.270000457763672,31.3700008392334,30.989999771118164,31.219999313354492,23.906448364257812,5983600
2010-10-22,31.31999969482422,31.31999969482422,31.149999618530273,31.229999542236328,23.914112091064453,4671900
2010-10-25,31.399999618530273,31.639999389648438,31.3700008392334,31.399999618530273,24.044282913208008,6532600
2010-10-26,31.329999923706055,31.329999923706055,31.15999984741211,31.309999465942383,23.975364685058594,4005800
2010-10-27,31.190000534057617,31.25,30.93000030517578,31.1200008392334,23.82987403869629,5489900
2010-10-28,31.299999237060547,31.40999984741211,31.1299991607666,31.299999237060547,23.96771240234375,5007000
2010-10-29,31.219999313354492,31.270000457763672,31.049999237060547,31.170000076293945,23.868160247802734,6751200
2010-11-01,31.34000015258789,31.5,31.010000228881836,31.170000076293945,23.868160247802734,6943700
2010-11-02,31.420000076293945,31.5,31.389999389648438,31.469999313354492,24.097883224487305,5303500
2010-11-03,31.56999969482422,31.56999969482422,31.170000076293945,31.489999771118164,24.113204956054688,8271300
2010-11-04,31.719999313354492,31.729999542236328,31.549999237060547,31.639999389648438,24.228059768676758,7898400
2010-11-05,31.709999084472656,31.709999084472656,31.329999923706055,31.450000762939453,24.082576751708984,10241400
2010-11-08,31.40999984741211,31.549999237060547,31.299999237060547,31.3700008392334,24.02130889892578,7745100
2010-11-09,31.459999084472656,31.459999084472656,31.170000076293945,31.239999771118164,23.92176628112793,7484100
2010-11-10,31.280000686645508,31.280000686645508,30.93000030517578,31.229999542236328,23.914112091064453,6532400
2010-11-11,31.079999923706055,31.34000015258789,31.0,31.31999969482422,23.9830322265625,5827800
2010-11-12,31.1299991607666,31.18000030517578,30.889999389648438,30.93000030517578,23.68439292907715,6763900
2010-11-15,31.040000915527344,31.110000610351562,30.889999389648438,30.940000534057617,23.692041397094727,4181900
2010-11-16,30.739999771118164,30.84000015258789,30.399999618530273,30.489999771118164,23.347450256347656,12265400
2010-11-17,30.540000915527344,30.65999984741211,30.479999542236328,30.540000915527344,23.385744094848633,5810200
2010-11-18,30.719999313354492,31.040000915527344,30.6299991607666,30.969999313354492,23.715024948120117,5721600
2010-11-19,30.940000534057617,31.020000457763672,30.81999969482422,31.0,23.73798942565918,5078100
2010-11-22,30.959999084472656,31.040000915527344,30.709999084472656,31.010000228881836,23.745651245117188,7405200
2010-11-23,30.690000534057617,30.75,30.549999237060547,30.559999465942383,23.40106201171875,9030600
2010-11-24,30.68000030517578,30.8700008392334,30.68000030517578,30.850000381469727,23.623117446899414,5591000
2010-11-26,30.690000534057617,30.729999542236328,30.540000915527344,30.579999923706055,23.4163818359375,2863600
2010-11-29,30.399999618530273,30.610000610351562,30.139999389648438,30.549999237060547,23.393402099609375,7439200
2010-11-30,30.219999313354492,30.459999084472656,30.18000030517578,30.270000457763672,23.17899513244629,8214800
2010-12-01,30.610000610351562,30.899999618530273,30.610000610351562,30.850000381469727,23.623117446899414,8571300
2010-12-02,30.899999618530273,31.09000015258789,30.84000015258789,31.09000015258789,23.806903839111328,5519300
2010-12-03,30.959999084472656,31.110000610351562,30.940000534057617,31.09000015258789,23.806903839111328,7769400
2010-12-06,30.979999542236328,31.020000457763672,30.860000610351562,30.889999389648438,23.653759002685547,5092200
2010-12-07,31.110000610351562,31.1299991607666,30.8700008392334,30.90999984741211,23.6690731048584,6938200
2010-12-08,30.950000762939453,30.989999771118164,30.790000915527344,30.940000534057617,23.692041397094727,5222000
2010-12-09,31.040000915527344,31.040000915527344,30.889999389648438,30.989999771118164,23.73032569885254,3670300
2010-12-10,31.040000915527344,31.31999969482422,31.040000915527344,31.290000915527344,23.960052490234375,5730100
2010-12-13,31.360000610351562,31.489999771118164,31.299999237060547,31.34000015258789,23.998340606689453,9561500
2010-12-14,31.450000762939453,31.739999771118164,31.440000534057617,31.65999984741211,24.24338150024414,5587600
2010-12-15,31.540000915527344,31.770000457763672,31.530000686645508,31.559999465942383,24.166805267333984,5816700
2010-12-16,31.56999969482422,31.790000915527344,31.440000534057617,31.780000686645508,24.335268020629883,5071800
2010-12-17,31.6200008392334,31.670000076293945,31.440000534057617,31.670000076293945,24.376834869384766,6012600
2010-12-20,31.739999771118164,31.760000228881836,31.530000686645508,31.65999984741211,24.3691349029541,3241800
2010-12-21,31.690000534057617,31.709999084472656,31.579999923706055,31.579999923706055,24.307552337646484,2946300
2010-12-22,31.56999969482422,31.670000076293945,31.540000915527344,31.670000076293945,24.376834869384766,2646000
2010-12-23,31.610000610351562,31.700000762939453,31.610000610351562,31.649999618530273,24.361431121826172,2874100
2010-12-27,31.600000381469727,31.6200008392334,31.489999771118164,31.59000015258789,24.315256118774414,835200
2010-12-28,31.579999923706055,31.65999984741211,31.520000457763672,31.610000610351562,24.330642700195312,1652600
2010-12-29,31.649999618530273,31.690000534057617,31.59000015258789,31.6200008392334,24.33834457397461,1990500
2010-12-30,31.579999923706055,31.600000381469727,31.489999771118164,31.510000228881836,24.2536678314209,3877200
2010-12-31,31.540000915527344,31.56999969482422,31.43000030517578,31.5,24.245983123779297,3908500
2011-01-03,31.670000076293945,31.989999771118164,31.65999984741211,31.790000915527344,24.469194412231445,6877800
2011-01-04,31.850000381469727,31.920000076293945,31.719999313354492,31.889999389648438,24.546171188354492,4161000
2011-01-05,31.770000457763672,32.02000045776367,31.770000457763672,31.959999084472656,24.60004234313965,7962800
2011-01-06,32.0099983215332,32.11000061035156,31.969999313354492,32.09000015258789,24.700109481811523,4966800
2011-01-07,32.119998931884766,32.119998931884766,31.889999389648438,32.06999969482422,24.684707641601562,6199000
2011-01-10,31.920000076293945,32.04999923706055,31.8799991607666,31.979999542236328,24.615442276000977,4481000
2011-01-11,32.060001373291016,32.189998626708984,32.0099983215332,32.13999938964844,24.738590240478516,3356200
2011-01-12,32.279998779296875,32.36000061035156,32.18000030517578,32.310001373291016,24.86944580078125,2886100
2011-01-13,32.220001220703125,32.220001220703125,32.04999923706055,32.13999938964844,24.738590240478516,7414600
2011-01-14,32.08000183105469,32.18000030517578,32.060001373291016,32.18000030517578,24.769386291503906,3907500
2011-01-18,32.189998626708984,32.310001373291016,32.16999816894531,32.29999923706055,24.86174774169922,8160100
2011-01-19,32.33000183105469,32.33000183105469,31.959999084472656,32.08000183105469,24.692411422729492,9936400
2011-01-20,32.06999969482422,32.220001220703125,31.950000762939453,32.15999984741211,24.753992080688477,8811800
2011-01-21,32.2599983215332,32.33000183105469,32.150001525878906,32.189998626708984,24.777074813842773,8079700
2011-01-24,32.18000030517578,32.27000045776367,32.119998931884766,32.150001525878906,24.74629020690918,3711500
2011-01-25,32.040000915527344,32.2400016784668,32.029998779296875,32.150001525878906,24.74629020690918,8002500
2011-01-26,32.18000030517578,32.220001220703125,32.08000183105469,32.11000061035156,24.715505599975586,7671800
2011-01-27,32.150001525878906,32.25,32.04999923706055,32.189998626708984,24.777074813842773,6871900
2011-01-28,32.209999084472656,32.25,31.579999923706055,31.610000610351562,24.330642700195312,11096100
2011-01-31,31.770000457763672,31.770000457763672,31.559999465942383,31.68000030517578,24.384532928466797,9021600
2011-02-01,31.809999465942383,32.290000915527344,31.809999465942383,32.25,24.82326889038086,13051200
2011-02-02,32.150001525878906,32.18000030517578,32.040000915527344,32.13999938964844,24.738590240478516,4627700
2011-02-03,32.029998779296875,32.25,31.790000915527344,32.18000030517578,24.769386291503906,6316300
2011-02-04,32.25,32.34000015258789,32.060001373291016,32.33000183105469,24.884843826293945,4380100
2011-02-07,32.31999969482422,32.380001068115234,32.25,32.279998779296875,24.846359252929688,9145200
2011-02-08,32.25,32.38999938964844,32.25,32.369998931884766,24.915632247924805,5160100
2011-02-09,32.279998779296875,32.369998931884766,32.20000076293945,32.29999923706055,24.86174774169922,4933400
2011-02-10,32.189998626708984,32.36000061035156,32.18000030517578,32.310001373291016,24.86944580078125,4383300
2011-02-11,32.16999816894531,32.459999084472656,32.13999938964844,32.380001068115234,24.923328399658203,4341900
2011-02-14,32.439998626708984,32.4900016784668,32.310001373291016,32.4900016784668,25.00799560546875,9054900
2011-02-15,32.369998931884766,32.45000076293945,32.290000915527344,32.41999816894531,24.954116821289062,5502400
2011-02-16,32.5,32.709999084472656,32.470001220703125,32.59000015258789,25.084962844848633,4256200
2011-02-17,32.5099983215332,32.7599983215332,32.45000076293945,32.72999954223633,25.192720413208008,8772000
2011-02-18,32.709999084472656,32.849998474121094,32.650001525878906,32.810001373291016,25.25429344177246,4583200
2011-02-22,32.47999954223633,32.630001068115234,32.22999954223633,32.310001373291016,24.86944580078125,12072400
2011-02-23,32.220001220703125,32.31999969482422,31.989999771118164,32.0,24.630840301513672,9817600
2011-02-24,31.940000534057617,32.18000030517578,31.8700008392334,32.11000061035156,24.715505599975586,9063800
2011-02-25,32.209999084472656,32.369998931884766,32.13999938964844,32.310001373291016,24.86944580078125,6129200
2011-02-28,32.43000030517578,32.709999084472656,32.310001373291016,32.66999816894531,25.14653968811035,15415100
2011-03-01,32.77000045776367,32.810001373291016,32.400001525878906,32.40999984741211,24.9464111328125,10264400
2011-03-02,32.36000061035156,32.56999969482422,32.310001373291016,32.5099983215332,25.02338981628418,11750700
2011-03-03,32.709999084472656,33.20000076293945,32.709999084472656,33.18000030517578,25.539098739624023,11733900
2011-03-04,33.15999984741211,33.22999954223633,32.900001525878906,33.130001068115234,25.5006103515625,8793600
2011-03-07,33.209999084472656,33.209999084472656,32.68000030517578,32.880001068115234,25.308185577392578,8359500
2011-03-08,32.900001525878906,33.15999984741211,32.779998779296875,33.060001373291016,25.446735382080078,5795000
2011-03-09,33.04999923706055,33.20000076293945,32.939998626708984,33.11000061035156,25.485210418701172,8000200
2011-03-10,32.849998474121094,32.91999816894531,32.560001373291016,32.59000015258789,25.084962844848633,12703000
2011-03-11,32.59000015258789,32.790000915527344,32.470001220703125,32.70000076293945,25.16963768005371,8004000
2011-03-14,32.54999923706055,32.75,32.400001525878906,32.540000915527344,25.046480178833008,7608100
2011-03-15,31.989999771118164,32.31999969482422,31.84000015258789,32.15999984741211,24.753992080688477,12855500
2011-03-16,32.11000061035156,32.119998931884766,31.440000534057617,31.600000381469727,24.322946548461914,20826500
2011-03-17,31.920000076293945,32.060001373291016,31.809999465942383,31.969999313354492,24.607746124267578,10301600
2011-03-18,32.15999984741211,32.220001220703125,31.889999389648438,31.969999313354492,24.719863891601562,16696000
2011-03-21,32.209999084472656,32.5,32.16999816894531,32.2400016784668,24.928634643554688,8783300
2011-03-22,32.349998474121094,32.40999984741211,32.20000076293945,32.220001220703125,24.913166046142578,6413300
2011-03-23,32.15999984741211,32.27000045776367,31.950000762939453,32.20000076293945,24.8976993560791,7349200
2011-03-24,32.31999969482422,32.630001068115234,32.20000076293945,32.58000183105469,25.191526412963867,10593600
2011-03-25,32.58000183105469,32.810001373291016,32.56999969482422,32.66999816894531,25.261110305786133,5281100
2011-03-28,32.68000030517578,32.7400016784668,32.650001525878906,32.65999984741211,25.253381729125977,3925300
2011-03-29,32.630001068115234,32.86000061035156,32.59000015258789,32.849998474121094,25.40029525756836,4031500
2011-03-30,33.0099983215332,33.2599983215332,33.0099983215332,33.09000015258789,25.58586883544922,5202600
2011-03-31,33.06999969482422,33.22999954223633,33.02000045776367,33.11000061035156,25.6013240814209,3280600
2011-04-01,33.22999954223633,33.349998474121094,33.16999816894531,33.279998779296875,25.7327880859375,3929600
2011-04-04,33.38999938964844,33.540000915527344,33.38999938964844,33.47999954223633,25.88742446899414,4286700
2011-04-05,33.349998474121094,33.43000030517578,33.290000915527344,33.33000183105469,25.77143669128418,4311300
2011-04-06,33.43000030517578,33.5099983215332,33.36000061035156,33.400001525878906,25.825565338134766,3954000
2011-04-07,33.31999969482422,33.470001220703125,33.22999954223633,33.34000015258789,25.779165267944336,7031500
2011-04-08,33.400001525878906,33.5,33.22999954223633,33.31999969482422,25.76371192932129,6907600
2011-04-11,33.41999816894531,33.59000015258789,33.41999816894531,33.5099983215332,25.910619735717773,8928500
2011-04-12,33.369998931884766,33.599998474121094,33.369998931884766,33.470001220703125,25.879688262939453,6200400
2011-04-13,33.459999084472656,33.56999969482422,33.369998931884766,33.439998626708984,25.856491088867188,4442000
2011-04-14,33.41999816894531,33.68000030517578,33.290000915527344,33.619998931884766,25.995670318603516,8316200
2011-04-15,33.790000915527344,34.0099983215332,33.75,33.91999816894531,26.227638244628906,9761800
2011-04-18,33.70000076293945,33.70000076293945,33.349998474121094,33.540000915527344,25.933818817138672,7603400
2011-04-19,33.599998474121094,33.84000015258789,33.540000915527344,33.81999969482422,26.150318145751953,5456100
2011-04-20,34.18000030517578,34.279998779296875,34.06999969482422,34.150001525878906,26.40547752380371,7116900
2011-04-21,34.36000061035156,34.45000076293945,34.130001068115234,34.25,26.482797622680664,4828600
2011-04-25,34.13999938964844,34.31999969482422,34.11000061035156,34.290000915527344,26.51373291015625,6363700
2011-04-26,34.34000015258789,34.7400016784668,34.34000015258789,34.689998626708984,26.82302474975586,5800000
2011-04-27,34.650001525878906,35.13999938964844,34.630001068115234,35.08000183105469,27.124582290649414,8745300
2011-04-28,35.08000183105469,35.279998779296875,35.04999923706055,35.2599983215332,27.263750076293945,5219400
2011-04-29,35.33000183105469,35.349998474121094,35.189998626708984,35.2400016784668,27.248292922973633,11660100
2011-05-02,35.47999954223633,35.66999816894531,35.43000030517578,35.599998474121094,27.526647567749023,14846400
2011-05-03,35.52000045776367,35.599998474121094,35.33000183105469,35.5099983215332,27.457054138183594,11291300
2011-05-04,35.459999084472656,35.540000915527344,35.290000915527344,35.47999954223633,27.43386459350586,9434600
2011-05-05,35.41999816894531,35.54999923706055,35.150001525878906,35.25,27.256023406982422,11700000
2011-05-06,35.5099983215332,35.66999816894531,35.36000061035156,35.5,27.449331283569336,7405100
2011-05-09,35.31999969482422,35.7400016784668,35.31999969482422,35.70000076293945,27.603961944580078,9030400
2011-05-10,35.849998474121094,35.93000030517578,35.63999938964844,35.91999816894531,27.774080276489258,7764600
2011-05-11,35.959999084472656,36.04999923706055,35.66999816894531,35.86000061035156,27.727691650390625,13491000
2011-05-12,35.72999954223633,36.20000076293945,35.630001068115234,36.189998626708984,27.982847213745117,7867600
2011-05-13,36.25,36.34000015258789,35.88999938964844,36.08000183105469,27.897804260253906,10091200
2011-05-16,36.0,36.279998779296875,35.93000030517578,36.13999938964844,27.94419288635254,7557200
2011-05-17,35.970001220703125,36.15999984741211,35.88999938964844,36.13999938964844,27.94419288635254,7397600
2011-05-18,36.13999938964844,36.45000076293945,36.08000183105469,36.41999816894531,28.16069793701172,5666800
2011-05-19,36.56999969482422,36.56999969482422,36.16999816894531,36.34000015258789,28.098831176757812,17052500
2011-05-20,36.36000061035156,36.36000061035156,35.93000030517578,36.040000915527344,27.866867065429688,11701300
2011-05-23,35.65999984741211,35.7400016784668,35.5099983215332,35.66999816894531,27.580778121948242,27910000
2011-05-24,35.65999984741211,35.720001220703125,35.529998779296875,35.56999969482422,27.503446578979492,10177500
2011-05-25,35.40999984741211,35.709999084472656,35.40999984741211,35.619998931884766,27.542112350463867,7239400
2011-05-26,35.540000915527344,35.709999084472656,35.33000183105469,35.66999816894531,27.580778121948242,6576400
2011-05-27,35.66999816894531,35.720001220703125,35.52000045776367,35.689998626708984,27.596240997314453,7043300
2011-05-31,35.95000076293945,36.119998931884766,35.810001373291016,36.11000061035156,27.92099952697754,10185900
2011-06-01,35.9900016784668,36.08000183105469,35.58000183105469,35.61000061035156,27.534378051757812,12042500
2011-06-02,35.619998931884766,35.619998931884766,35.38999938964844,35.529998779296875,27.472524642944336,7603400
2011-06-03,35.130001068115234,35.38999938964844,35.130001068115234,35.189998626708984,27.209623336791992,12026700
2011-06-06,35.09000015258789,35.18000030517578,34.93000030517578,34.97999954223633,27.0472469329834,6513500
2011-06-07,35.22999954223633,35.349998474121094,35.029998779296875,35.04999923706055,27.101377487182617,8211900
2011-06-08,35.0099983215332,35.150001525878906,34.939998626708984,35.09000015258789,27.132308959960938,6631100
2011-06-09,35.16999816894531,35.630001068115234,35.11000061035156,35.459999084472656,27.41840171813965,6971000
2011-06-10,35.31999969482422,35.31999969482422,34.779998779296875,34.810001373291016,26.91580581665039,17102600
2011-06-13,34.790000915527344,35.130001068115234,34.790000915527344,34.97999954223633,27.0472469329834,10150700
2011-06-14,35.25,35.41999816894531,35.150001525878906,35.279998779296875,27.279207229614258,8585800
2011-06-15,35.130001068115234,35.2400016784668,34.720001220703125,34.79999923706055,26.90807342529297,15194100
2011-06-16,34.810001373291016,34.959999084472656,34.630001068115234,34.86000061035156,26.954463958740234,10648300
2011-06-17,34.97999954223633,35.06999969482422,34.65999984741211,34.77000045776367,27.016624450683594,16765100
2011-06-20,34.70000076293945,35.15999984741211,34.650001525878906,35.119998931884766,27.28858757019043,8445200
2011-06-21,35.2599983215332,35.41999816894531,35.15999984741211,35.34000015258789,27.45952606201172,12641600
2011-06-22,35.290000915527344,35.369998931884766,35.11000061035156,35.130001068115234,27.296342849731445,7622800
2011-06-23,35.0,35.130001068115234,34.630001068115234,35.09000015258789,27.265270233154297,19458700
2011-06-24,35.08000183105469,35.08000183105469,34.619998931884766,34.68000030517578,26.946704864501953,11042000
2011-06-27,34.75,34.95000076293945,34.540000915527344,34.86000061035156,27.086557388305664,6268200
2011-06-28,34.93000030517578,35.439998626708984,34.88999938964844,35.349998474121094,27.46729850769043,9300200
2011-06-29,35.540000915527344,35.540000915527344,35.31999969482422,35.41999816894531,27.521682739257812,6541700
2011-06-30,35.56999969482422,35.630001068115234,35.45000076293945,35.529998779296875,27.607158660888672,11835800
2011-07-01,35.529998779296875,35.97999954223633,35.5099983215332,35.959999084472656,27.94127082824707,10374800
2011-07-05,35.9900016784668,35.9900016784668,35.7400016784668,35.86000061035156,27.863574981689453,6410500
2011-07-06,35.79999923706055,36.0099983215332,35.79999923706055,35.959999084472656,27.94127082824707,6899800
2011-07-07,36.119998931884766,36.119998931884766,35.79999923706055,35.939998626708984,27.925722122192383,7400100
2011-07-08,35.70000076293945,35.81999969482422,35.56999969482422,35.779998779296875,27.80141258239746,6741200
2011-07-11,35.470001220703125,35.540000915527344,35.20000076293945,35.290000915527344,27.420679092407227,11117200
2011-07-12,35.27000045776367,35.63999938964844,35.16999816894531,35.290000915527344,27.420679092407227,5988800
2011-07-13,35.470001220703125,35.77000045776367,35.33000183105469,35.43000030517578,27.52945327758789,8597100
2011-07-14,35.5,35.619998931884766,35.279998779296875,35.369998931884766,27.482831954956055,9443600
2011-07-15,35.41999816894531,35.43000030517578,35.0099983215332,35.189998626708984,27.342966079711914,9994600
2011-07-18,35.06999969482422,35.099998474121094,34.66999816894531,34.93000030517578,27.140953063964844,8569400
2011-07-19,35.0,35.310001373291016,34.91999816894531,35.2400016784668,27.38182258605957,9930600
2011-07-20,35.290000915527344,35.310001373291016,34.9900016784668,35.119998931884766,27.28858757019043,6808400
2011-07-21,35.470001220703125,35.790000915527344,35.36000061035156,35.650001525878906,27.700389862060547,14621500
2011-07-22,35.630001068115234,35.65999984741211,35.439998626708984,35.59000015258789,27.653783798217773,7642700
2011-07-25,35.279998779296875,35.459999084472656,35.18000030517578,35.220001220703125,27.366289138793945,6821100
2011-07-26,35.189998626708984,35.209999084472656,34.900001525878906,34.939998626708984,27.148719787597656,8696700
2011-07-27,34.779998779296875,34.79999923706055,34.290000915527344,34.33000183105469,26.674747467041016,13037300
2011-07-28,34.310001373291016,34.68000030517578,34.25,34.29999923706055,26.65143585205078,13788400
2011-07-29,34.0099983215332,34.36000061035156,33.790000915527344,34.119998931884766,26.511573791503906,18230600
2011-08-01,34.45000076293945,34.45000076293945,33.189998626708984,33.540000915527344,26.060909271240234,27608500
2011-08-02,33.310001373291016,33.439998626708984,32.790000915527344,32.81999969482422,25.50145149230957,23052100
2011-08-03,32.81999969482422,32.880001068115234,32.20000076293945,32.880001068115234,25.548086166381836,23351200
2011-08-04,32.41999816894531,32.560001373291016,31.56999969482422,31.56999969482422,24.53019142150879,26524200
2011-08-05,31.809999465942383,32.279998779296875,31.040000915527344,31.809999465942383,24.7166748046875,34270900
2011-08-08,31.18000030517578,31.540000915527344,30.170000076293945,30.18000030517578,23.45016098022461,35749300
2011-08-09,30.559999465942383,31.3700008392334,29.639999389648438,31.280000686645508,24.30486488342285,33607200
2011-08-10,30.899999618530273,31.1200008392334,29.90999984741211,29.959999084472656,23.279216766357422,31686400
2011-08-11,30.06999969482422,31.729999542236328,30.020000457763672,31.329999923706055,24.343719482421875,23576700
2011-08-12,31.559999465942383,31.93000030517578,31.31999969482422,31.639999389648438,24.58458709716797,14175900
2011-08-15,31.93000030517578,32.2400016784668,31.709999084472656,32.16999816894531,24.996397018432617,22841300
2011-08-16,31.989999771118164,32.36000061035156,31.790000915527344,32.13999938964844,24.97309112548828,16553800
2011-08-17,32.22999954223633,32.540000915527344,31.889999389648438,32.16999816894531,24.996397018432617,12656600
2011-08-18,31.530000686645508,31.600000381469727,30.84000015258789,31.110000610351562,24.17276954650879,14270400
2011-08-19,30.81999969482422,31.489999771118164,30.770000457763672,31.030000686645508,24.110612869262695,18010300
2011-08-22,31.520000457763672,31.59000015258789,30.969999313354492,31.010000228881836,24.095077514648438,11770100
2011-08-23,31.1299991607666,32.04999923706055,31.059999465942383,32.02000045776367,24.87985610961914,12479500
2011-08-24,31.899999618530273,32.400001525878906,31.850000381469727,32.38999938964844,25.167343139648438,11758600
2011-08-25,32.310001373291016,32.43000030517578,31.729999542236328,31.84000015258789,24.7399845123291,15550800
2011-08-26,31.65999984741211,32.349998474121094,31.049999237060547,32.2400016784668,25.050800323486328,12478900
2011-08-29,32.599998474121094,33.09000015258789,32.560001373291016,33.060001373291016,25.687946319580078,11473900
2011-08-30,33.0099983215332,33.369998931884766,32.709999084472656,33.16999816894531,25.773414611816406,11804700
2011-08-31,33.34000015258789,33.630001068115234,33.130001068115234,33.400001525878906,25.95212745666504,10386100
2011-09-01,33.38999938964844,33.75,33.11000061035156,33.18000030517578,25.78118133544922,9625000
2011-09-02,32.65999984741211,32.95000076293945,32.380001068115234,32.45000076293945,25.213960647583008,11320900
2011-09-06,31.700000762939453,32.56999969482422,31.639999389648438,32.529998779296875,25.276126861572266,44453200
2011-09-07,32.91999816894531,33.31999969482422,32.779998779296875,33.310001373291016,25.882200241088867,10855700
2011-09-08,33.09000015258789,33.43000030517578,32.88999938964844,32.95000076293945,25.60247039794922,9130800
2011-09-09,32.59000015258789,32.630001068115234,31.81999969482422,31.969999313354492,24.841007232666016,16098500
2011-09-12,31.579999923706055,32.11000061035156,31.489999771118164,32.08000183105469,24.926475524902344,13393200
2011-09-13,32.15999984741211,32.47999954223633,31.989999771118164,32.40999984741211,25.182880401611328,11253500
2011-09-14,32.52000045776367,33.08000183105469,32.060001373291016,32.720001220703125,25.423757553100586,14000300
2011-09-15,32.959999084472656,33.040000915527344,32.5,33.02000045776367,25.6568660736084,12105200
2011-09-16,32.95000076293945,33.11000061035156,32.70000076293945,33.02000045776367,25.79513168334961,11861400
2011-09-19,32.529998779296875,32.83000183105469,32.439998626708984,32.709999084472656,25.552961349487305,11646000
2011-09-20,32.83000183105469,33.349998474121094,32.650001525878906,33.0099983215332,25.787315368652344,10829700
2011-09-21,33.029998779296875,33.08000183105469,32.099998474121094,32.119998931884766,25.092052459716797,14044800
2011-09-22,31.31999969482422,31.639999389648438,31.09000015258789,31.469999313354492,24.584274291992188,26670000
2011-09-23,31.280000686645508,31.68000030517578,31.170000076293945,31.479999542236328,24.592086791992188,17981500
2011-09-26,31.739999771118164,32.040000915527344,31.3700008392334,32.0,24.998319625854492,13336900
2011-09-27,32.5099983215332,32.880001068115234,32.34000015258789,32.4900016784668,25.381101608276367,14319000
2011-09-28,32.61000061035156,32.650001525878906,31.8799991607666,31.93000030517578,24.943628311157227,15072000
2011-09-29,32.34000015258789,32.56999969482422,31.670000076293945,32.13999938964844,25.107683181762695,12782900
2011-09-30,31.799999237060547,32.34000015258789,31.719999313354492,31.729999542236328,24.787395477294922,10356100
2011-10-03,31.489999771118164,31.93000030517578,30.700000762939453,30.719999313354492,23.998380661010742,48032100
2011-10-04,30.450000762939453,31.079999923706055,30.110000610351562,31.049999237060547,24.256175994873047,20949700
2011-10-05,31.079999923706055,31.56999969482422,30.979999542236328,31.549999237060547,24.646772384643555,16962400
2011-10-06,31.530000686645508,31.93000030517578,31.389999389648438,31.93000030517578,24.943628311157227,9795500
2011-10-07,31.979999542236328,32.13999938964844,31.799999237060547,31.899999618530273,24.92018699645996,10780900
2011-10-10,32.22999954223633,32.68000030517578,32.22999954223633,32.630001068115234,25.490468978881836,6615000
2011-10-11,32.5099983215332,32.63999938964844,32.41999816894531,32.58000183105469,25.45140838623047,5107500
2011-10-12,32.70000076293945,32.91999816894531,32.58000183105469,32.599998474121094,25.467029571533203,8411100
2011-10-13,32.52000045776367,32.68000030517578,32.310001373291016,32.56999969482422,25.443593978881836,5970000
2011-10-14,32.95000076293945,32.95000076293945,32.689998626708984,32.880001068115234,25.685771942138672,6229400
2011-10-17,32.7599983215332,32.79999923706055,32.2599983215332,32.310001373291016,25.240482330322266,6750800
2011-10-18,32.20000076293945,32.79999923706055,31.989999771118164,32.54999923706055,25.427968978881836,9932600
2011-10-19,32.75,32.880001068115234,32.349998474121094,32.4900016784668,25.381101608276367,6233500
2011-10-20,32.41999816894531,32.63999938964844,32.09000015258789,32.459999084472656,25.357666015625,6920500
2011-10-21,32.79999923706055,33.15999984741211,32.79999923706055,33.11000061035156,25.865442276000977,6784700
2011-10-24,33.209999084472656,33.619998931884766,33.11000061035156,33.61000061035156,26.256038665771484,36228400
2011-10-25,33.47999954223633,33.52000045776367,32.84000015258789,32.93000030517578,25.72482681274414,8333400
2011-10-26,33.22999954223633,33.4900016784668,32.95000076293945,33.369998931884766,26.06854820251465,8655700
2011-10-27,34.0,34.27000045776367,33.709999084472656,34.18000030517578,26.70131492614746,16385700
2011-10-28,33.97999954223633,34.310001373291016,33.97999954223633,34.209999084472656,26.724761962890625,10215300
2011-10-31,33.959999084472656,34.060001373291016,33.54999923706055,33.560001373291016,26.21698570251465,12897900
2011-11-01,32.93000030517578,33.310001373291016,32.81999969482422,32.91999816894531,25.717008590698242,13507200
2011-11-02,33.27000045776367,33.310001373291016,32.93000030517578,33.13999938964844,25.88887596130371,6063500
2011-11-03,33.41999816894531,33.560001373291016,33.15999984741211,33.5,26.170101165771484,7748400
2011-11-04,33.2599983215332,33.36000061035156,32.95000076293945,33.189998626708984,25.927940368652344,5672500
2011-11-07,33.209999084472656,33.630001068115234,33.06999969482422,33.58000183105469,26.232601165771484,5520200
2011-11-08,33.7400016784668,34.02000045776367,33.47999954223633,33.9900016784668,26.552888870239258,4987600
2011-11-09,33.40999984741211,33.5099983215332,32.880001068115234,33.0099983215332,25.787315368652344,13047000
2011-11-10,33.33000183105469,33.63999938964844,33.150001525878906,33.47999954223633,26.15448760986328,6093300
2011-11-11,33.77000045776367,34.16999816894531,33.77000045776367,34.06999969482422,26.615402221679688,7084000
2011-11-14,33.849998474121094,33.9900016784668,33.689998626708984,33.84000015258789,26.435720443725586,4100200
2011-11-15,33.81999969482422,34.02000045776367,33.619998931884766,33.91999816894531,26.498212814331055,5627500
2011-11-16,33.54999923706055,33.810001373291016,33.25,33.27000045776367,25.99043083190918,10464700
2011-11-17,33.220001220703125,33.25,32.63999938964844,32.91999816894531,25.717008590698242,10134200
2011-11-18,33.0099983215332,33.04999923706055,32.810001373291016,32.849998474121094,25.662328720092773,6194700
2011-11-21,32.38999938964844,32.470001220703125,32.099998474121094,32.220001220703125,25.170185089111328,7436600
2011-11-22,32.209999084472656,32.45000076293945,32.119998931884766,32.29999923706055,25.232664108276367,5160500
2011-11-23,32.08000183105469,32.08000183105469,31.790000915527344,31.829999923706055,24.865509033203125,6472400
2011-11-25,31.739999771118164,31.959999084472656,31.68000030517578,31.709999084472656,24.771764755249023,2497600
2011-11-28,32.25,32.619998931884766,32.25,32.560001373291016,25.435779571533203,7381200
2011-11-29,32.630001068115234,32.900001525878906,32.59000015258789,32.70000076293945,25.545150756835938,4789900
2011-11-30,33.400001525878906,33.91999816894531,33.369998931884766,33.880001068115234,26.46695899963379,13397100
2011-12-01,33.79999923706055,34.119998931884766,33.79999923706055,33.93000030517578,26.506027221679688,5970200
2011-12-02,34.119998931884766,34.15999984741211,33.43000030517578,33.5099983215332,26.17791748046875,15173400
2011-12-05,33.86000061035156,33.9900016784668,33.400001525878906,33.56999969482422,26.22479820251465,43739100
2011-12-06,33.630001068115234,33.91999816894531,33.56999969482422,33.709999084472656,26.334152221679688,5064200
2011-12-07,33.65999984741211,34.119998931884766,33.529998779296875,33.959999084472656,26.529462814331055,6479800
2011-12-08,33.79999923706055,33.869998931884766,33.2599983215332,33.33000183105469,26.037303924560547,7784600
2011-12-09,33.4900016784668,33.88999938964844,33.43000030517578,33.81999969482422,26.420085906982422,5605900
2011-12-12,33.59000015258789,33.66999816894531,33.27000045776367,33.41999816894531,26.107606887817383,5421500
2011-12-13,33.619998931884766,33.810001373291016,33.2599983215332,33.36000061035156,26.06074333190918,5022800
2011-12-14,33.31999969482422,33.5,33.25,33.34000015258789,26.04511070251465,5186800
2011-12-15,33.54999923706055,33.79999923706055,33.529998779296875,33.709999084472656,26.334152221679688,6535300
2011-12-16,33.75,33.75,33.400001525878906,33.40999984741211,26.246170043945312,5777300
2011-12-19,33.560001373291016,33.79999923706055,33.310001373291016,33.40999984741211,26.246170043945312,4601700
2011-12-20,33.790000915527344,34.15999984741211,33.7400016784668,34.11000061035156,26.796079635620117,5208900
2011-12-21,34.20000076293945,34.380001068115234,34.060001373291016,34.33000183105469,26.968910217285156,5196900
2011-12-22,34.470001220703125,34.59000015258789,34.310001373291016,34.58000183105469,27.165298461914062,3699900
2011-12-23,34.65999984741211,34.84000015258789,34.58000183105469,34.79999923706055,27.338132858276367,2240300
2011-12-27,34.72999954223633,34.959999084472656,34.72999954223633,34.880001068115234,27.40097427368164,2224100
2011-12-28,34.880001068115234,34.880001068115234,34.43000030517578,34.5,27.10245704650879,5908200
2011-12-29,34.470001220703125,34.810001373291016,34.470001220703125,34.75,27.298852920532227,4775400
2011-12-30,34.650001525878906,34.869998931884766,34.630001068115234,34.689998626708984,27.251710891723633,2711600
2012-01-03,35.099998474121094,35.2599983215332,35.029998779296875,35.13999938964844,27.605234146118164,18864300
2012-01-04,35.11000061035156,35.130001068115234,34.849998474121094,34.970001220703125,27.47168731689453,6174000
2012-01-05,34.779998779296875,35.11000061035156,34.709999084472656,35.06999969482422,27.55023956298828,5939700
2012-01-06,35.119998931884766,35.209999084472656,34.959999084472656,35.130001068115234,27.59736442565918,6762500
2012-01-09,35.20000076293945,35.220001220703125,34.90999984741211,35.189998626708984,27.64450454711914,10695300
2012-01-10,35.43000030517578,35.529998779296875,35.400001525878906,35.45000076293945,27.848756790161133,7122300
2012-01-11,35.40999984741211,35.540000915527344,35.290000915527344,35.47999954223633,27.872310638427734,3501000
2012-01-12,35.560001373291016,35.619998931884766,35.33000183105469,35.59000015258789,27.958740234375,3404900
2012-01-13,35.36000061035156,35.459999084472656,35.150001525878906,35.43000030517578,27.833044052124023,4826800
2012-01-17,35.709999084472656,35.869998931884766,35.61000061035156,35.650001525878906,28.00587272644043,5792900
2012-01-18,35.63999938964844,35.86000061035156,35.56999969482422,35.849998474121094,28.16299057006836,6940400
2012-01-19,35.7599983215332,35.88999938964844,35.65999984741211,35.849998474121094,28.16299057006836,4447600
2012-01-20,35.900001525878906,35.959999084472656,35.720001220703125,35.849998474121094,28.16299057006836,7768900
2012-01-23,35.86000061035156,35.91999816894531,35.59000015258789,35.689998626708984,28.037296295166016,5658200
2012-01-24,35.59000015258789,35.81999969482422,35.59000015258789,35.70000076293945,28.045143127441406,4382200
2012-01-25,35.560001373291016,36.02000045776367,35.47999954223633,35.959999084472656,28.249399185180664,6827200
2012-01-26,36.099998474121094,36.099998474121094,35.68000030517578,35.79999923706055,28.123714447021484,5074500
2012-01-27,35.65999984741211,35.939998626708984,35.65999984741211,35.81999969482422,28.139423370361328,3500700
2012-01-30,35.599998474121094,35.790000915527344,35.45000076293945,35.77000045776367,28.10013771057129,5297700
2012-01-31,35.900001525878906,36.130001068115234,35.709999084472656,35.79999923706055,28.123714447021484,7538700
2012-02-01,35.90999984741211,36.31999969482422,35.90999984741211,36.150001525878906,28.398645401000977,13009200
2012-02-02,36.189998626708984,36.189998626708984,35.79999923706055,36.0099983215332,28.28867530822754,5953400
2012-02-03,36.220001220703125,36.27000045776367,36.09000015258789,36.220001220703125,28.453645706176758,8292500
2012-02-06,36.060001373291016,36.150001525878906,35.90999984741211,36.02000045776367,28.29652976989746,4095400
2012-02-07,35.97999954223633,36.189998626708984,35.86000061035156,36.150001525878906,28.398645401000977,3442200
2012-02-08,36.15999984741211,36.189998626708984,35.95000076293945,36.150001525878906,28.398645401000977,4758300
2012-02-09,36.130001068115234,36.150001525878906,35.86000061035156,35.959999084472656,28.249399185180664,6164500
2012-02-10,35.75,35.849998474121094,35.619998931884766,35.810001373291016,28.131559371948242,3648100
2012-02-13,35.97999954223633,36.16999816894531,35.970001220703125,36.08000183105469,28.343677520751953,5493800
2012-02-14,36.09000015258789,36.25,36.0,36.22999954223633,28.46151351928711,4253200
2012-02-15,36.2599983215332,36.31999969482422,36.04999923706055,36.15999984741211,28.406505584716797,5725300
2012-02-16,36.099998474121094,36.400001525878906,36.040000915527344,36.36000061035156,28.563631057739258,5059900
2012-02-17,36.34000015258789,36.36000061035156,36.16999816894531,36.2400016784668,28.4693660736084,4531300
2012-02-21,36.29999923706055,36.34000015258789,35.91999816894531,35.97999954223633,28.26511001586914,7076000
2012-02-22,35.95000076293945,36.09000015258789,35.849998474121094,35.97999954223633,28.26511001586914,4212300
2012-02-23,36.0,36.06999969482422,35.93000030517578,36.0099983215332,28.28867530822754,3551600
2012-02-24,36.11000061035156,36.2400016784668,36.040000915527344,36.189998626708984,28.430070877075195,7647200
2012-02-27,36.0099983215332,36.34000015258789,35.91999816894531,36.2599983215332,28.485076904296875,9274100
2012-02-28,36.220001220703125,36.459999084472656,36.18000030517578,36.400001525878906,28.595048904418945,4370300
2012-02-29,36.380001068115234,36.47999954223633,36.18000030517578,36.18000030517578,28.42222023010254,6353900
2012-03-01,36.209999084472656,36.41999816894531,36.18000030517578,36.369998931884766,28.57148551940918,6010100
2012-03-02,36.439998626708984,36.439998626708984,36.220001220703125,36.310001373291016,28.524362564086914,3602700
2012-03-05,36.27000045776367,36.41999816894531,36.18000030517578,36.22999954223633,28.46151351928711,3395800
2012-03-06,36.029998779296875,36.119998931884766,35.68000030517578,35.7599983215332,28.0922794342041,4316000
2012-03-07,35.84000015258789,35.959999084472656,35.720001220703125,35.91999816894531,28.217975616455078,4343200
2012-03-08,36.11000061035156,36.40999984741211,36.11000061035156,36.31999969482422,28.53221321105957,4186400
2012-03-09,36.369998931884766,36.599998474121094,36.349998474121094,36.470001220703125,28.650049209594727,4698200
2012-03-12,36.400001525878906,36.540000915527344,36.38999938964844,36.470001220703125,28.650049209594727,2426600
2012-03-13,36.65999984741211,37.0099983215332,36.58000183105469,36.9900016784668,29.058549880981445,7159400
2012-03-14,36.900001525878906,37.060001373291016,36.900001525878906,36.97999954223633,29.05068588256836,6217000
2012-03-15,36.9900016784668,37.099998474121094,36.88999938964844,37.040000915527344,29.097829818725586,3819900
2012-03-16,36.95000076293945,36.9900016784668,36.79999923706055,36.849998474121094,29.094669342041016,4000200
2012-03-19,36.790000915527344,36.900001525878906,36.720001220703125,36.84000015258789,29.08675765991211,4130800
2012-03-20,36.619998931884766,36.77000045776367,36.61000061035156,36.650001525878906,28.9367618560791,2980600
2012-03-21,36.689998626708984,36.720001220703125,36.56999969482422,36.630001068115234,28.92096519470215,3717900
2012-03-22,36.47999954223633,36.59000015258789,36.400001525878906,36.5099983215332,28.826215744018555,4888200
2012-03-23,36.59000015258789,36.65999984741211,36.459999084472656,36.619998931884766,28.913074493408203,2760400
2012-03-26,36.86000061035156,37.2599983215332,36.810001373291016,37.2599983215332,29.418365478515625,9504600
2012-03-27,37.279998779296875,37.47999954223633,37.279998779296875,37.33000183105469,29.473642349243164,5334600
2012-03-28,37.36000061035156,37.4900016784668,37.06999969482422,37.25,29.410484313964844,8930400
2012-03-29,37.09000015258789,37.369998931884766,37.040000915527344,37.33000183105469,29.473642349243164,8620700
2012-03-30,37.470001220703125,37.65999984741211,37.40999984741211,37.61000061035156,29.694717407226562,7242900
2012-04-02,37.61000061035156,37.84000015258789,37.47999954223633,37.7400016784668,29.79735565185547,10149200
2012-04-03,37.779998779296875,38.0,37.54999923706055,37.720001220703125,29.781570434570312,8863100
2012-04-04,37.56999969482422,37.630001068115234,37.43000030517578,37.52000045776367,29.6236515045166,7096900
2012-04-05,37.400001525878906,37.54999923706055,37.31999969482422,37.5099983215332,29.615758895874023,3536300
2012-04-09,37.189998626708984,37.220001220703125,37.02000045776367,37.040000915527344,29.244688034057617,3188600
2012-04-10,37.02000045776367,37.11000061035156,36.599998474121094,36.619998931884766,28.913074493408203,6500200
2012-04-11,36.93000030517578,36.959999084472656,36.720001220703125,36.75,29.01571273803711,3793600
2012-04-12,36.790000915527344,36.9900016784668,36.77000045776367,36.95000076293945,29.173616409301758,4721900
2012-04-13,36.88999938964844,36.88999938964844,36.58000183105469,36.58000183105469,28.881492614746094,4560700
2012-04-16,36.7599983215332,36.7599983215332,36.47999954223633,36.59000015258789,28.889379501342773,7243300
2012-04-17,36.779998779296875,37.15999984741211,36.70000076293945,37.130001068115234,29.315736770629883,4194700
2012-04-18,37.060001373291016,37.13999938964844,36.9900016784668,37.029998779296875,29.236793518066406,4080300
2012-04-19,37.209999084472656,37.38999938964844,36.95000076293945,37.09000015258789,29.28414535522461,9542800
2012-04-20,37.209999084472656,37.47999954223633,37.150001525878906,37.290000915527344,29.442060470581055,5714600
2012-04-23,36.900001525878906,37.04999923706055,36.88999938964844,37.0,29.213098526000977,4906800
2012-04-24,37.029998779296875,37.209999084472656,36.95000076293945,37.130001068115234,29.315736770629883,2971200
2012-04-25,37.31999969482422,37.58000183105469,37.290000915527344,37.52000045776367,29.6236515045166,6216400
2012-04-26,37.349998474121094,37.560001373291016,37.220001220703125,37.5099983215332,29.615758895874023,5472700
2012-04-27,37.58000183105469,37.70000076293945,37.41999816894531,37.529998779296875,29.631546020507812,3979400
2012-04-30,37.5099983215332,37.630001068115234,37.40999984741211,37.5099983215332,29.615758895874023,4775100
2012-05-01,37.439998626708984,37.7400016784668,37.2599983215332,37.650001525878906,29.726295471191406,5532400
2012-05-02,37.5,37.61000061035156,37.470001220703125,37.58000183105469,29.671024322509766,2863300
2012-05-03,37.619998931884766,37.619998931884766,37.380001068115234,37.439998626708984,29.560497283935547,3297100
2012-05-04,37.290000915527344,37.31999969482422,36.93000030517578,36.95000076293945,29.173616409301758,4886400
2012-05-07,36.72999954223633,37.150001525878906,36.72999954223633,37.029998779296875,29.236793518066406,5690200
2012-05-08,36.81999969482422,37.119998931884766,36.65999984741211,37.040000915527344,29.244688034057617,3984500
2012-05-09,36.83000183105469,37.02000045776367,36.58000183105469,36.790000915527344,29.04729652404785,8694500
2012-05-10,36.970001220703125,37.20000076293945,36.970001220703125,37.04999923706055,29.252580642700195,3400000
2012-05-11,36.97999954223633,37.29999923706055,36.970001220703125,37.0099983215332,29.22099494934082,3514200
2012-05-14,36.79999923706055,37.040000915527344,36.630001068115234,36.88999938964844,29.126239776611328,8433800
2012-05-15,36.79999923706055,36.939998626708984,36.58000183105469,36.66999816894531,28.952543258666992,5206200
2012-05-16,36.7599983215332,36.900001525878906,36.68000030517578,36.72999954223633,28.999910354614258,6770700
2012-05-17,36.79999923706055,36.810001373291016,36.349998474121094,36.38999938964844,28.731477737426758,5766800
2012-05-18,36.4900016784668,36.5,35.959999084472656,36.06999969482422,28.47881507873535,6830700
2012-05-21,36.11000061035156,36.45000076293945,36.09000015258789,36.41999816894531,28.75515365600586,7835900
2012-05-22,36.45000076293945,36.65999984741211,36.220001220703125,36.31999969482422,28.676212310791016,5614400
2012-05-23,36.22999954223633,36.34000015258789,35.810001373291016,36.15999984741211,28.549875259399414,6769800
2012-05-24,36.2599983215332,36.5099983215332,36.15999984741211,36.5099983215332,28.826215744018555,6592400
2012-05-25,36.41999816894531,36.619998931884766,36.310001373291016,36.41999816894531,28.75515365600586,3065800
2012-05-29,36.619998931884766,36.7400016784668,36.41999816894531,36.540000915527344,28.84990692138672,9650100
2012-05-30,36.40999984741211,36.43000030517578,36.220001220703125,36.33000183105469,28.684106826782227,3818200
2012-05-31,36.33000183105469,36.40999984741211,35.95000076293945,36.150001525878906,28.54197120666504,4766300
2012-06-01,35.79999923706055,35.900001525878906,35.470001220703125,35.5099983215332,28.03667449951172,10556700
2012-06-04,35.52000045776367,35.66999816894531,35.380001068115234,35.59000015258789,28.0998477935791,5566800
2012-06-05,35.47999954223633,35.880001068115234,35.45000076293945,35.790000915527344,28.257755279541016,7621900
2012-06-06,35.93000030517578,36.349998474121094,35.869998931884766,36.349998474121094,28.69989776611328,8536400
2012-06-07,36.59000015258789,36.599998474121094,36.290000915527344,36.369998931884766,28.715682983398438,7312700
2012-06-08,36.2599983215332,36.630001068115234,36.2599983215332,36.59000015258789,28.889379501342773,5226300
2012-06-11,36.70000076293945,36.77000045776367,36.25,36.27000045776367,28.63672637939453,7851500
2012-06-12,36.34000015258789,36.61000061035156,36.13999938964844,36.61000061035156,28.905176162719727,8854000
2012-06-13,36.599998474121094,36.900001525878906,36.470001220703125,36.56999969482422,28.873594284057617,15159000
2012-06-14,36.650001525878906,37.220001220703125,36.58000183105469,37.119998931884766,29.307838439941406,14048400
2012-06-15,37.0,37.150001525878906,36.970001220703125,37.060001373291016,29.418169021606445,7422700
2012-06-18,37.04999923706055,37.310001373291016,37.02000045776367,37.310001373291016,29.61662483215332,7202300
2012-06-19,37.380001068115234,37.75,37.380001068115234,37.650001525878906,29.886516571044922,6074500
2012-06-20,37.59000015258789,37.72999954223633,37.29999923706055,37.54999923706055,29.8071346282959,5874100
2012-06-21,37.470001220703125,37.63999938964844,36.97999954223633,37.029998779296875,29.39437484741211,5341100
2012-06-22,37.209999084472656,37.4900016784668,37.130001068115234,37.41999816894531,29.703941345214844,4764100
2012-06-25,36.880001068115234,37.119998931884766,36.880001068115234,36.959999084472656,29.33880615234375,8618200
2012-06-26,37.029998779296875,37.189998626708984,36.939998626708984,37.06999969482422,29.426116943359375,6401600
2012-06-27,37.18000030517578,37.599998474121094,37.119998931884766,37.470001220703125,29.743633270263672,8066400
2012-06-28,37.349998474121094,37.40999984741211,36.91999816894531,37.29999923706055,29.60869598388672,12607300
2012-06-29,37.619998931884766,38.029998779296875,37.619998931884766,38.0099983215332,30.172292709350586,9551200
2012-07-02,38.13999938964844,38.150001525878906,37.849998474121094,38.130001068115234,30.267555236816406,6582600
2012-07-03,38.119998931884766,38.220001220703125,37.970001220703125,38.119998931884766,30.259597778320312,3697200
2012-07-05,38.029998779296875,38.060001373291016,37.84000015258789,37.880001068115234,30.069095611572266,3692500
2012-07-06,37.72999954223633,37.779998779296875,37.470001220703125,37.630001068115234,29.870651245117188,5904300
2012-07-09,37.459999084472656,37.88999938964844,37.459999084472656,37.83000183105469,30.029401779174805,6279600
2012-07-10,38.04999923706055,38.04999923706055,37.529998779296875,37.650001525878906,29.886516571044922,5669500
2012-07-11,37.619998931884766,37.689998626708984,37.41999816894531,37.619998931884766,29.862709045410156,6572000
2012-07-12,37.58000183105469,37.83000183105469,37.38999938964844,37.709999084472656,29.934162139892578,3999600
2012-07-13,37.720001220703125,38.189998626708984,37.70000076293945,38.130001068115234,30.267555236816406,5157800
2012-07-16,38.09000015258789,38.2400016784668,38.0,38.20000076293945,30.32309913635254,3850600
2012-07-17,38.290000915527344,38.77000045776367,38.119998931884766,38.689998626708984,30.712068557739258,6453900
2012-07-18,38.54999923706055,38.84000015258789,38.439998626708984,38.75,30.759702682495117,5748700
2012-07-19,38.83000183105469,38.84000015258789,38.52000045776367,38.75,30.759702682495117,4801800
2012-07-20,38.61000061035156,38.70000076293945,38.189998626708984,38.25,30.362812042236328,4197500
2012-07-23,37.869998931884766,37.900001525878906,37.59000015258789,37.79999923706055,30.005582809448242,4674000
2012-07-24,37.77000045776367,37.810001373291016,37.18000030517578,37.380001068115234,29.672195434570312,4431100
2012-07-25,37.439998626708984,37.619998931884766,37.209999084472656,37.560001373291016,29.815078735351562,5069100
2012-07-26,37.95000076293945,38.099998474121094,37.77000045776367,37.91999816894531,30.100847244262695,8521200
2012-07-27,38.150001525878906,38.900001525878906,38.130001068115234,38.83000183105469,30.823211669921875,6373100
2012-07-30,38.7400016784668,38.81999969482422,38.56999969482422,38.630001068115234,30.66444206237793,5215400
2012-07-31,38.599998474121094,38.7599983215332,38.380001068115234,38.38999938964844,30.473939895629883,5167100
2012-08-01,38.61000061035156,38.70000076293945,38.34000015258789,38.40999984741211,30.48980140686035,6243900
2012-08-02,38.119998931884766,38.29999923706055,37.779998779296875,38.040000915527344,30.196104049682617,5332100
2012-08-03,38.459999084472656,38.720001220703125,38.400001525878906,38.4900016784668,30.553300857543945,4462600
2012-08-06,38.619998931884766,38.630001068115234,38.459999084472656,38.5,30.561250686645508,3532300
2012-08-07,38.43000030517578,38.529998779296875,38.369998931884766,38.40999984741211,30.48980140686035,4235700
2012-08-08,38.4900016784668,38.61000061035156,38.380001068115234,38.54999923706055,30.600940704345703,3203500
2012-08-09,38.52000045776367,38.65999984741211,38.45000076293945,38.529998779296875,30.585060119628906,3110300
2012-08-10,38.5099983215332,38.720001220703125,38.439998626708984,38.689998626708984,30.712068557739258,3949100
2012-08-13,38.560001373291016,38.630001068115234,38.40999984741211,38.59000015258789,30.632701873779297,2251000
2012-08-14,38.7599983215332,38.77000045776367,38.61000061035156,38.689998626708984,30.712068557739258,2448700
2012-08-15,38.70000076293945,38.880001068115234,38.630001068115234,38.779998779296875,30.783510208129883,2294600
2012-08-16,38.779998779296875,38.779998779296875,38.540000915527344,38.68000030517578,30.704124450683594,4592800
2012-08-17,38.720001220703125,38.720001220703125,38.36000061035156,38.47999954223633,30.54537582397461,6007800
2012-08-20,38.47999954223633,38.61000061035156,38.43000030517578,38.560001373291016,30.60888671875,4566500
2012-08-21,38.56999969482422,38.75,38.41999816894531,38.43000030517578,30.50568199157715,5663500
2012-08-22,38.38999938964844,38.540000915527344,38.349998474121094,38.459999084472656,30.529499053955078,2509800
2012-08-23,38.43000030517578,38.5099983215332,38.33000183105469,38.40999984741211,30.48980140686035,2565300
2012-08-24,38.45000076293945,38.84000015258789,38.40999984741211,38.7400016784668,30.75176429748535,5991200
2012-08-27,38.77000045776367,38.939998626708984,38.650001525878906,38.779998779296875,30.783510208129883,3611000
2012-08-28,38.650001525878906,38.849998474121094,38.599998474121094,38.720001220703125,30.73588752746582,3558900
2012-08-29,38.70000076293945,38.9900016784668,38.689998626708984,38.849998474121094,30.839075088500977,2849200
2012-08-30,38.65999984741211,38.810001373291016,38.54999923706055,38.720001220703125,30.73588752746582,3808000
2012-08-31,38.86000061035156,39.04999923706055,38.66999816894531,38.84000015258789,30.83114242553711,4666300
2012-09-04,38.79999923706055,39.02000045776367,38.619998931884766,38.91999816894531,30.894641876220703,6334400
2012-09-05,38.9900016784668,39.08000183105469,38.81999969482422,38.93000030517578,30.902584075927734,2779800
2012-09-06,39.099998474121094,39.560001373291016,39.099998474121094,39.54999923706055,31.39474105834961,5035600
2012-09-07,39.630001068115234,39.650001525878906,39.41999816894531,39.529998779296875,31.378860473632812,3980900
2012-09-10,39.540000915527344,39.56999969482422,39.38999938964844,39.38999938964844,31.267744064331055,2781300
2012-09-11,39.400001525878906,39.52000045776367,39.369998931884766,39.40999984741211,31.283594131469727,2392000
2012-09-12,39.41999816894531,39.540000915527344,39.36000061035156,39.43000030517578,31.29947853088379,2864200
2012-09-13,39.439998626708984,39.90999984741211,39.290000915527344,39.83000183105469,31.616994857788086,6849400
2012-09-14,39.83000183105469,39.88999938964844,39.54999923706055,39.66999816894531,31.48999786376953,11318700
2012-09-17,39.56999969482422,39.900001525878906,39.56999969482422,39.900001525878906,31.67256736755371,2602500
2012-09-18,39.84000015258789,40.08000183105469,39.810001373291016,40.029998779296875,31.775758743286133,3210600
2012-09-19,40.029998779296875,40.209999084472656,39.9900016784668,40.06999969482422,31.807527542114258,4891100
2012-09-20,40.040000915527344,40.2400016784668,39.93000030517578,40.2400016784668,31.94245147705078,4835600
2012-09-21,40.13999938964844,40.31999969482422,40.08000183105469,40.189998626708984,32.06131362915039,8167400
2012-09-24,40.13999938964844,40.380001068115234,40.09000015258789,40.29999923706055,32.14907455444336,6990000
2012-09-25,40.41999816894531,40.68000030517578,40.2599983215332,40.27000045776367,32.12514877319336,4965300
2012-09-26,40.36000061035156,40.45000076293945,40.040000915527344,40.060001373291016,31.957605361938477,6669000
2012-09-27,40.119998931884766,40.400001525878906,40.09000015258789,40.290000915527344,32.14109420776367,3146100
2012-09-28,40.220001220703125,40.22999954223633,39.95000076293945,40.119998931884766,32.00547790527344,4719600
2012-10-01,40.2400016784668,40.61000061035156,40.220001220703125,40.36000061035156,32.19694900512695,5344500
2012-10-02,40.5,40.650001525878906,40.34000015258789,40.540000915527344,32.34054183959961,6266600
2012-10-03,40.59000015258789,40.90999984741211,40.54999923706055,40.880001068115234,32.61176681518555,5786000
2012-10-04,40.939998626708984,41.27000045776367,40.90999984741211,41.130001068115234,32.81121063232422,6372200
2012-10-05,41.27000045776367,41.34000015258789,41.06999969482422,41.16999816894531,32.84312057495117,4033500
2012-10-08,41.150001525878906,41.189998626708984,40.939998626708984,41.13999938964844,32.819190979003906,3126100
2012-10-09,40.91999816894531,40.9900016784668,40.61000061035156,40.63999938964844,32.42030334472656,6128200
2012-10-10,40.65999984741211,40.65999984741211,40.209999084472656,40.34000015258789,32.18098449707031,6180400
2012-10-11,40.52000045776367,40.63999938964844,40.36000061035156,40.369998931884766,32.20490646362305,3791900
2012-10-12,40.540000915527344,40.630001068115234,40.290000915527344,40.310001373291016,32.157047271728516,3508400
2012-10-15,40.40999984741211,40.91999816894531,40.400001525878906,40.88999938964844,32.619754791259766,12298100
2012-10-16,41.02000045776367,41.33000183105469,41.0099983215332,41.33000183105469,32.97074508666992,5658200
2012-10-17,41.400001525878906,41.400001525878906,41.16999816894531,41.33000183105469,32.97074508666992,5398000
2012-10-18,41.08000183105469,41.36000061035156,41.0099983215332,41.34000015258789,32.97873306274414,4289300
2012-10-19,41.2400016784668,41.33000183105469,40.529998779296875,40.599998474121094,32.388397216796875,6218500
2012-10-22,40.599998474121094,40.68000030517578,40.38999938964844,40.630001068115234,32.41232681274414,4485800
2012-10-23,40.31999969482422,40.31999969482422,39.849998474121094,40.09000015258789,31.9815616607666,5915600
2012-10-24,40.33000183105469,40.380001068115234,40.11000061035156,40.15999984741211,32.03738021850586,5884400
2012-10-25,40.40999984741211,40.58000183105469,40.290000915527344,40.47999954223633,32.29266357421875,4746300
2012-10-26,40.43000030517578,40.52000045776367,40.13999938964844,40.31999969482422,32.165042877197266,3641200
2012-10-31,40.52000045776367,40.58000183105469,39.849998474121094,40.029998779296875,31.933679580688477,8629900
2012-11-01,39.9900016784668,40.47999954223633,39.9900016784668,40.36000061035156,32.19694900512695,4900600
2012-11-02,40.41999816894531,40.54999923706055,40.09000015258789,40.13999938964844,32.02143478393555,7033000
2012-11-05,40.09000015258789,40.25,39.900001525878906,40.15999984741211,32.03738021850586,4693900
2012-11-06,40.130001068115234,40.45000076293945,39.95000076293945,40.20000076293945,32.06930160522461,7549200
2012-11-07,39.959999084472656,39.970001220703125,39.15999984741211,39.529998779296875,31.534807205200195,11973000
2012-11-08,39.5099983215332,39.54999923706055,39.04999923706055,39.060001373291016,31.159862518310547,8889000
2012-11-09,38.97999954223633,39.43000030517578,38.900001525878906,39.16999816894531,31.247617721557617,7340700
2012-11-12,39.459999084472656,39.540000915527344,39.290000915527344,39.369998931884766,31.40718650817871,3573800
2012-11-13,39.209999084472656,39.650001525878906,39.189998626708984,39.220001220703125,31.287519454956055,5221700
2012-11-14,39.25,39.380001068115234,38.650001525878906,38.75,30.912578582763672,6858800
2012-11-15,38.720001220703125,38.79999923706055,38.47999954223633,38.63999938964844,30.824817657470703,8624600
2012-11-16,38.65999984741211,39.040000915527344,38.58000183105469,38.93000030517578,31.05617332458496,9847100
2012-11-19,39.29999923706055,39.36000061035156,39.16999816894531,39.34000015258789,31.38323211669922,7423800
2012-11-20,39.33000183105469,39.56999969482422,39.2400016784668,39.560001373291016,31.55874252319336,4895700
2012-11-21,39.459999084472656,39.66999816894531,39.459999084472656,39.529998779296875,31.534807205200195,5205700
2012-11-23,39.7599983215332,40.029998779296875,39.650001525878906,40.02000045776367,31.92571258544922,2853400
2012-11-26,39.83000183105469,39.86000061035156,39.63999938964844,39.84000015258789,31.782119750976562,4703900
2012-11-27,39.66999816894531,39.88999938964844,39.58000183105469,39.599998474121094,31.59065818786621,5396700
2012-11-28,39.47999954223633,39.939998626708984,39.290000915527344,39.90999984741211,31.837942123413086,7531100
2012-11-29,40.15999984741211,40.27000045776367,40.0099983215332,40.189998626708984,32.06131362915039,8403400
2012-11-30,40.22999954223633,40.31999969482422,40.06999969482422,40.2400016784668,32.101226806640625,4229000
2012-12-03,40.34000015258789,40.5,40.09000015258789,40.150001525878906,32.02940368652344,9937000
2012-12-04,40.150001525878906,40.369998931884766,40.13999938964844,40.2400016784668,32.101226806640625,4080400
2012-12-05,40.31999969482422,40.540000915527344,40.08000183105469,40.369998931884766,32.20490646362305,6294400
2012-12-06,40.349998474121094,40.439998626708984,40.2599983215332,40.349998474121094,32.18897247314453,2943900
2012-12-07,40.5,40.5099983215332,40.15999984741211,40.47999954223633,32.29266357421875,4619000
2012-12-10,40.380001068115234,40.720001220703125,40.31999969482422,40.650001525878906,32.42827606201172,5240900
2012-12-11,40.84000015258789,41.18000030517578,40.709999084472656,41.08000183105469,32.771324157714844,3891200
2012-12-12,41.150001525878906,41.29999923706055,40.95000076293945,41.02000045776367,32.72344970703125,6757600
2012-12-13,40.97999954223633,41.04999923706055,40.59000015258789,40.66999816894531,32.444236755371094,5929200
2012-12-14,40.54999923706055,40.68000030517578,40.459999084472656,40.5099983215332,32.316612243652344,5246300
2012-12-17,40.63999938964844,40.84000015258789,40.540000915527344,40.83000183105469,32.5718879699707,5549100
2012-12-18,40.97999954223633,41.209999084472656,40.7400016784668,41.150001525878906,32.82716369628906,8472500
2012-12-19,41.16999816894531,41.16999816894531,40.68000030517578,40.709999084472656,32.47615432739258,6996900
2012-12-20,40.63999938964844,40.779998779296875,40.560001373291016,40.77000045776367,32.52401351928711,4718700
2012-12-21,40.189998626708984,40.369998931884766,40.060001373291016,40.209999084472656,32.25050354003906,5572500
2012-12-24,40.04999923706055,40.18000030517578,39.970001220703125,40.04999923706055,32.122188568115234,3332700
2012-12-26,40.099998474121094,40.119998931884766,39.7599983215332,39.90999984741211,32.0098876953125,4404200
2012-12-27,39.95000076293945,40.04999923706055,39.4900016784668,39.849998474121094,31.961761474609375,5483700
2012-12-28,39.720001220703125,39.84000015258789,39.43000030517578,39.459999084472656,31.648969650268555,5801000
2012-12-31,39.38999938964844,39.95000076293945,39.2400016784668,39.880001068115234,31.985843658447266,11873100
2013-01-02,40.68000030517578,40.70000076293945,40.380001068115234,40.66999816894531,32.61945343017578,9533500
2013-01-03,40.70000076293945,40.72999954223633,40.5099983215332,40.720001220703125,32.6595573425293,5279600
2013-01-04,40.849998474121094,40.97999954223633,40.79999923706055,40.900001525878906,32.80393600463867,4645900
2013-01-07,40.81999969482422,41.08000183105469,40.779998779296875,41.029998779296875,32.908199310302734,4133100
2013-01-08,41.02000045776367,41.20000076293945,41.0099983215332,41.040000915527344,32.91622543334961,5787300
2013-01-09,41.15999984741211,41.4900016784668,41.13999938964844,41.4900016784668,33.27714157104492,5665200
2013-01-10,41.650001525878906,41.83000183105469,41.45000076293945,41.779998779296875,33.50972366333008,5518800
2013-01-11,41.81999969482422,41.880001068115234,41.650001525878906,41.77000045776367,33.5017204284668,3854100
2013-01-14,41.75,41.880001068115234,41.63999938964844,41.810001373291016,33.5338134765625,4643600
2013-01-15,41.650001525878906,41.79999923706055,41.619998931884766,41.7599983215332,33.49369430541992,5747600
2013-01-16,41.720001220703125,41.79999923706055,41.61000061035156,41.66999816894531,33.421504974365234,3812000
2013-01-17,41.900001525878906,42.15999984741211,41.790000915527344,42.040000915527344,33.71826934814453,4360900
2013-01-18,42.060001373291016,42.189998626708984,41.90999984741211,42.18000030517578,33.83056640625,6024400
2013-01-22,42.11000061035156,42.310001373291016,41.970001220703125,42.29999923706055,33.92680358886719,7608900
2013-01-23,42.349998474121094,42.43000030517578,42.13999938964844,42.25,33.88669967651367,5544800
2013-01-24,42.439998626708984,42.65999984741211,42.349998474121094,42.52000045776367,34.10326385498047,8999800
2013-01-25,42.560001373291016,42.869998931884766,42.5099983215332,42.849998474121094,34.367923736572266,4046200
2013-01-28,42.91999816894531,42.959999084472656,42.68000030517578,42.70000076293945,34.24762725830078,5686600
2013-01-29,42.75,43.22999954223633,42.72999954223633,43.15999984741211,34.6165771484375,7230200
2013-01-30,43.20000076293945,43.290000915527344,42.97999954223633,43.029998779296875,34.51231002807617,5346400
2013-01-31,42.95000076293945,43.060001373291016,42.88999938964844,42.90999984741211,34.41605758666992,6007300
2013-02-01,43.09000015258789,43.33000183105469,42.95000076293945,43.25,34.68876266479492,5623600
2013-02-04,43.04999923706055,43.08000183105469,42.7400016784668,42.77000045776367,34.30375289916992,7593400
2013-02-05,42.97999954223633,43.31999969482422,42.97999954223633,43.2400016784668,34.68072509765625,8056200
2013-02-06,43.290000915527344,43.31999969482422,43.099998474121094,43.22999954223633,34.6727180480957,3968900
2013-02-07,43.27000045776367,43.279998779296875,42.84000015258789,43.06999969482422,34.544395446777344,6529300
2013-02-08,43.18000030517578,43.38999938964844,43.09000015258789,43.38999938964844,34.801025390625,4192600
2013-02-11,43.38999938964844,43.38999938964844,43.209999084472656,43.29999923706055,34.72886657714844,2447900
2013-02-12,43.2599983215332,43.380001068115234,43.220001220703125,43.25,34.68876266479492,5133300
2013-02-13,43.310001373291016,43.33000183105469,43.09000015258789,43.220001220703125,34.66469192504883,4843300
2013-02-14,43.16999816894531,43.38999938964844,43.09000015258789,43.310001373291016,34.73687744140625,5172500
2013-02-15,43.33000183105469,43.45000076293945,43.2400016784668,43.40999984741211,34.81709289550781,8230000
2013-02-19,43.29999923706055,43.689998626708984,43.29999923706055,43.68000030517578,35.03364181518555,7245100
2013-02-20,43.650001525878906,43.7400016784668,43.380001068115234,43.400001525878906,34.80905532836914,6739600
2013-02-21,43.31999969482422,43.33000183105469,43.040000915527344,43.20000076293945,34.64864730834961,7447200
2013-02-22,43.34000015258789,43.43000030517578,43.16999816894531,43.38999938964844,34.801025390625,6168100
2013-02-25,43.61000061035156,43.72999954223633,42.880001068115234,42.90999984741211,34.41605758666992,6078700
2013-02-26,43.09000015258789,43.130001068115234,42.709999084472656,43.02000045776367,34.5042839050293,6548800
2013-02-27,43.06999969482422,43.630001068115234,42.880001068115234,43.4900016784668,34.88124465942383,6849900
2013-02-28,43.5,43.790000915527344,43.43000030517578,43.45000076293945,34.84916687011719,4358800
2013-03-01,43.36000061035156,43.790000915527344,43.220001220703125,43.779998779296875,35.11384582519531,7491500
2013-03-04,43.70000076293945,44.029998779296875,43.61000061035156,44.02000045776367,35.30632781982422,4903500
2013-03-05,44.18000030517578,44.47999954223633,44.13999938964844,44.400001525878906,35.611122131347656,6582600
2013-03-06,44.529998779296875,44.599998474121094,44.400001525878906,44.4900016784668,35.68330383300781,5068400
2013-03-07,44.59000015258789,44.65999984741211,44.40999984741211,44.459999084472656,35.65922546386719,4437200
2013-03-08,44.61000061035156,44.66999816894531,44.34000015258789,44.540000915527344,35.72340774536133,4029300
2013-03-11,44.56999969482422,44.77000045776367,44.43000030517578,44.77000045776367,35.90787887573242,6748700
2013-03-12,44.83000183105469,45.0,44.81999969482422,44.970001220703125,36.06828308105469,4612400
2013-03-13,44.959999084472656,45.02000045776367,44.779998779296875,44.97999954223633,36.07631301879883,4098300
2013-03-14,45.060001373291016,45.099998474121094,44.880001068115234,45.02000045776367,36.108375549316406,3777700
2013-03-15,44.709999084472656,44.84000015258789,44.560001373291016,44.72999954223633,36.03105545043945,5778400
2013-03-18,44.40999984741211,44.68000030517578,44.2599983215332,44.439998626708984,35.79744338989258,4042100
2013-03-19,44.5099983215332,44.61000061035156,44.220001220703125,44.470001220703125,35.821617126464844,7023300
2013-03-20,44.630001068115234,44.939998626708984,44.630001068115234,44.84000015258789,36.11966323852539,4387000
2013-03-21,44.7599983215332,44.84000015258789,44.5,44.59000015258789,35.918277740478516,4420000
2013-03-22,44.7400016784668,44.93000030517578,44.689998626708984,44.93000030517578,36.19215774536133,6881400
2013-03-25,45.040000915527344,45.099998474121094,44.599998474121094,44.79999923706055,36.08743667602539,6813400
2013-03-26,44.880001068115234,45.349998474121094,44.880001068115234,45.31999969482422,36.50631332397461,4855800
2013-03-27,45.209999084472656,45.58000183105469,45.06999969482422,45.54999923706055,36.691593170166016,5264700
2013-03-28,45.68000030517578,46.040000915527344,45.560001373291016,45.95000076293945,37.01380920410156,7415700
2013-04-01,45.97999954223633,46.11000061035156,45.83000183105469,46.06999969482422,37.11045837402344,6364600
2013-04-02,46.400001525878906,46.790000915527344,46.38999938964844,46.7400016784668,37.65016174316406,8849300
2013-04-03,46.81999969482422,46.869998931884766,46.369998931884766,46.459999084472656,37.42461395263672,8472800
2013-04-04,46.529998779296875,46.93000030517578,46.47999954223633,46.66999816894531,37.59378433227539,9794600
2013-04-05,46.27000045776367,46.41999816894531,46.13999938964844,46.40999984741211,37.38433074951172,9969300
2013-04-08,46.41999816894531,46.45000076293945,46.02000045776367,46.45000076293945,37.41655349731445,7700600
2013-04-09,46.59000015258789,46.81999969482422,46.47999954223633,46.599998474121094,37.53738021850586,5937500
2013-04-10,46.81999969482422,47.43000030517578,46.779998779296875,47.380001068115234,38.16569137573242,9062100
2013-04-11,47.5099983215332,48.0099983215332,47.5,47.84000015258789,38.5362434387207,7660400
2013-04-12,47.720001220703125,47.9900016784668,47.65999984741211,47.93000030517578,38.608726501464844,5624200
2013-04-15,47.90999984741211,48.0,47.02000045776367,47.060001373291016,37.90791702270508,10745300
2013-04-16,47.43000030517578,47.75,47.220001220703125,47.7400016784668,38.45568084716797,8771800
2013-04-17,47.45000076293945,47.65999984741211,47.13999938964844,47.52000045776367,38.278465270996094,16487600
2013-04-18,47.470001220703125,47.5099983215332,46.77000045776367,46.939998626708984,37.81126403808594,10353400
2013-04-19,47.0,47.63999938964844,47.0,47.599998474121094,38.34290313720703,12796700
2013-04-22,47.79999923706055,47.959999084472656,47.540000915527344,47.88999938964844,38.57651138305664,4716400
2013-04-23,48.040000915527344,48.380001068115234,47.68000030517578,48.189998626708984,38.81816482543945,10824200
2013-04-24,48.119998931884766,48.130001068115234,47.31999969482422,47.36000061035156,38.14957809448242,12635900
2013-04-25,47.619998931884766,47.68000030517578,47.29999923706055,47.54999923706055,38.3026237487793,10833800
2013-04-26,47.38999938964844,47.650001525878906,47.27000045776367,47.540000915527344,38.294578552246094,6174900
2013-04-29,47.58000183105469,47.86000061035156,47.58000183105469,47.689998626708984,38.4154167175293,3950000
2013-04-30,47.560001373291016,47.560001373291016,47.09000015258789,47.33000183105469,38.12540054321289,8217900
2013-05-01,46.93000030517578,47.279998779296875,46.79999923706055,46.83000183105469,37.72264862060547,9250700
2013-05-02,47.189998626708984,47.45000076293945,47.08000183105469,47.349998474121094,38.14152908325195,9803300
2013-05-03,47.779998779296875,47.90999984741211,47.59000015258789,47.66999816894531,38.399295806884766,6232600
2013-05-06,47.68000030517578,47.709999084472656,47.349998474121094,47.36000061035156,38.14957809448242,10919000
2013-05-07,47.380001068115234,47.560001373291016,47.31999969482422,47.5099983215332,38.2703971862793,9847400
2013-05-08,47.470001220703125,47.790000915527344,47.470001220703125,47.650001525878906,38.38319396972656,20766200
2013-05-09,47.59000015258789,47.90999984741211,47.54999923706055,47.709999084472656,38.43151092529297,7140300
2013-05-10,47.77000045776367,48.22999954223633,47.709999084472656,48.18000030517578,38.81011962890625,6045100
2013-05-13,48.130001068115234,48.59000015258789,48.06999969482422,48.58000183105469,39.13230895996094,9155900
2013-05-14,48.599998474121094,49.11000061035156,48.599998474121094,49.06999969482422,39.52703094482422,6580500
2013-05-15,49.04999923706055,49.61000061035156,49.02000045776367,49.33000183105469,39.73646926879883,11796400
2013-05-16,49.22999954223633,49.310001373291016,48.779998779296875,48.81999969482422,39.32564926147461,7954100
2013-05-17,48.880001068115234,49.13999938964844,48.70000076293945,49.099998474121094,39.55118942260742,9246700
2013-05-20,49.130001068115234,49.16999816894531,48.720001220703125,48.7599983215332,39.277313232421875,8967600
2013-05-21,48.88999938964844,49.36000061035156,48.790000915527344,49.290000915527344,39.7042350769043,8319100
2013-05-22,49.560001373291016,50.400001525878906,49.060001373291016,49.290000915527344,39.7042350769043,20132000
2013-05-23,48.880001068115234,49.43000030517578,48.72999954223633,49.27000045776367,39.68812942504883,6668500
2013-05-24,49.08000183105469,49.20000076293945,48.7400016784668,49.119998931884766,39.567298889160156,5906800
2013-05-28,49.52000045776367,50.060001373291016,49.41999816894531,49.619998931884766,39.97006607055664,9923800
2013-05-29,49.349998474121094,49.349998474121094,48.58000183105469,48.84000015258789,39.34177017211914,15882100
2013-05-30,48.900001525878906,49.36000061035156,48.849998474121094,49.189998626708984,39.623687744140625,9719600
2013-05-31,48.970001220703125,49.20000076293945,48.099998474121094,48.11000061035156,38.75371170043945,13329700
2013-06-03,48.380001068115234,48.439998626708984,47.939998626708984,48.369998931884766,38.96316146850586,12698200
2013-06-04,48.369998931884766,48.58000183105469,47.79999923706055,48.06999969482422,38.72149658203125,13141400
2013-06-05,48.0,48.310001373291016,47.279998779296875,47.369998931884766,38.15762710571289,12852100
2013-06-06,47.36000061035156,48.060001373291016,47.15999984741211,48.060001373291016,38.71343994140625,16861800
2013-06-07,48.29999923706055,48.7599983215332,48.290000915527344,48.5,39.067874908447266,7663500
2013-06-10,48.720001220703125,48.77000045776367,48.40999984741211,48.56999969482422,39.124263763427734,5663700
2013-06-11,48.189998626708984,48.66999816894531,47.9900016784668,48.369998931884766,38.96316146850586,9941700
2013-06-12,48.59000015258789,48.810001373291016,47.880001068115234,47.880001068115234,38.568458557128906,8582800
2013-06-13,47.7599983215332,48.68000030517578,47.52000045776367,48.619998931884766,39.16453552246094,6904900
2013-06-14,48.4900016784668,48.84000015258789,48.439998626708984,48.540000915527344,39.10009765625,7314000
2013-06-17,48.75,49.029998779296875,48.40999984741211,48.650001525878906,39.18871307373047,8437400
2013-06-18,48.630001068115234,49.099998474121094,48.630001068115234,49.060001373291016,39.518978118896484,7399700
2013-06-19,49.060001373291016,49.130001068115234,48.27000045776367,48.279998779296875,38.890663146972656,22305700
2013-06-20,48.0099983215332,48.0099983215332,46.900001525878906,47.040000915527344,37.891807556152344,28952100
2013-06-21,47.2400016784668,47.59000015258789,46.88999938964844,47.290000915527344,38.26564407348633,15980600
2013-06-24,46.880001068115234,47.290000915527344,46.45000076293945,46.88999938964844,37.94198226928711,19003300
2013-06-25,47.290000915527344,47.31999969482422,46.810001373291016,47.130001068115234,38.13618850708008,5688300
2013-06-26,47.439998626708984,47.9900016784668,47.400001525878906,47.810001373291016,38.68642044067383,7600000
2013-06-27,48.119998931884766,48.2599983215332,47.90999984741211,47.97999954223633,38.82396697998047,5338200
2013-06-28,47.939998626708984,48.15999984741211,47.560001373291016,47.61000061035156,38.52458190917969,8770700
2013-07-01,47.75,48.2599983215332,47.18000030517578,47.7400016784668,38.629783630371094,25892000
2013-07-02,47.709999084472656,47.91999816894531,47.5,47.63999938964844,38.54886245727539,5127400
2013-07-03,47.459999084472656,47.72999954223633,47.22999954223633,47.56999969482422,38.492225646972656,3926100
2013-07-05,47.88999938964844,48.22999954223633,47.75,48.220001220703125,39.01818084716797,4384400
2013-07-08,48.470001220703125,48.630001068115234,48.36000061035156,48.4900016784668,39.23666000366211,6630200
2013-07-09,48.68000030517578,48.75,48.41999816894531,48.630001068115234,39.34994125366211,5581000
2013-07-10,48.56999969482422,49.11000061035156,48.56999969482422,48.95000076293945,39.608882904052734,5040000
2013-07-11,49.45000076293945,49.63999938964844,49.349998474121094,49.58000183105469,40.11864471435547,7471900
2013-07-12,49.59000015258789,49.88999938964844,49.459999084472656,49.880001068115234,40.36141586303711,5578200
2013-07-15,50.0,50.0,49.709999084472656,49.93000030517578,40.40187454223633,4266200
2013-07-16,49.97999954223633,50.04999923706055,49.52000045776367,49.63999938964844,40.16718673706055,7064100
2013-07-17,49.77000045776367,50.02000045776367,49.70000076293945,49.77000045776367,40.27238082885742,4668600
2013-07-18,49.880001068115234,50.09000015258789,49.849998474121094,49.90999984741211,40.38568878173828,6544700
2013-07-19,49.81999969482422,50.599998474121094,49.720001220703125,50.56999969482422,40.91972732543945,6559600
2013-07-22,50.54999923706055,50.91999816894531,50.47999954223633,50.81999969482422,41.12202453613281,6172800
2013-07-23,50.900001525878906,50.91999816894531,50.540000915527344,50.63999938964844,40.97637176513672,5310900
2013-07-24,50.790000915527344,50.86000061035156,50.40999984741211,50.560001373291016,40.91162872314453,3790100
2013-07-25,50.540000915527344,50.81999969482422,50.20000076293945,50.810001373291016,41.113929748535156,3869100
2013-07-26,50.720001220703125,51.150001525878906,50.459999084472656,51.13999938964844,41.380950927734375,4832700
2013-07-29,51.08000183105469,51.209999084472656,50.84000015258789,50.9900016784668,41.25959396362305,6497400
2013-07-30,51.380001068115234,51.47999954223633,50.79999923706055,51.0,41.26768112182617,5698800
2013-07-31,51.099998474121094,51.439998626708984,50.97999954223633,51.02000045776367,41.28386306762695,6477200
2013-08-01,51.34000015258789,51.5,51.20000076293945,51.34000015258789,41.542789459228516,8762400
2013-08-02,51.13999938964844,51.36000061035156,51.130001068115234,51.36000061035156,41.5589714050293,3817700
2013-08-05,51.31999969482422,51.459999084472656,51.189998626708984,51.290000915527344,41.5023307800293,3479800
2013-08-06,51.209999084472656,51.369998931884766,50.869998931884766,51.04999923706055,41.30813980102539,4280200
2013-08-07,50.95000076293945,51.18000030517578,50.75,51.09000015258789,41.34050369262695,3955200
2013-08-08,51.27000045776367,51.33000183105469,50.90999984741211,51.09000015258789,41.34050369262695,3629500
2013-08-09,50.959999084472656,51.22999954223633,50.72999954223633,50.90999984741211,41.194847106933594,3902400
2013-08-12,50.869998931884766,50.869998931884766,50.54999923706055,50.70000076293945,41.02491760253906,3841800
2013-08-13,50.900001525878906,51.0099983215332,50.439998626708984,50.88999938964844,41.17866897583008,4430100
2013-08-14,50.7400016784668,51.02000045776367,50.459999084472656,50.4900016784668,40.85499572753906,5878500
2013-08-15,50.029998779296875,50.18000030517578,49.630001068115234,49.63999938964844,40.16718673706055,6461300
2013-08-16,49.52000045776367,49.619998931884766,49.34000015258789,49.40999984741211,39.98110580444336,10277800
2013-08-19,49.380001068115234,49.75,49.27000045776367,49.5,40.053916931152344,8096300
2013-08-20,49.529998779296875,49.84000015258789,49.47999954223633,49.63999938964844,40.16718673706055,5029400
2013-08-21,49.54999923706055,49.79999923706055,49.22999954223633,49.34000015258789,39.924442291259766,6178400
2013-08-22,49.52000045776367,49.7400016784668,49.40999984741211,49.65999984741211,40.183380126953125,2768500
2013-08-23,49.66999816894531,49.849998474121094,49.47999954223633,49.790000915527344,40.28857421875,2366700
2013-08-26,49.880001068115234,50.16999816894531,49.790000915527344,49.86000061035156,40.345211029052734,3936700
2013-08-27,49.45000076293945,49.5099983215332,48.95000076293945,49.04999923706055,39.689788818359375,6653400
2013-08-28,49.060001373291016,49.439998626708984,48.81999969482422,49.2599983215332,39.85972213745117,6008600
2013-08-29,49.16999816894531,49.72999954223633,49.0099983215332,49.40999984741211,39.98110580444336,4042600
2013-08-30,49.47999954223633,49.47999954223633,49.06999969482422,49.220001220703125,39.827354431152344,4127300
2013-09-03,49.720001220703125,49.869998931884766,49.310001373291016,49.540000915527344,40.08627700805664,6062900
2013-09-04,49.5,50.15999984741211,49.5,50.11000061035156,40.54750442504883,4049700
2013-09-05,50.209999084472656,50.2400016784668,50.0,50.18000030517578,40.60414123535156,4288000
2013-09-06,50.31999969482422,50.5,49.599998474121094,50.20000076293945,40.62033462524414,5636300
2013-09-09,50.290000915527344,50.52000045776367,50.13999938964844,50.5099983215332,40.87118911743164,4286700
2013-09-10,50.7400016784668,50.880001068115234,50.560001373291016,50.83000183105469,41.130104064941406,6500100
2013-09-11,50.95000076293945,51.209999084472656,50.810001373291016,51.16999816894531,41.40523147583008,6753900
2013-09-12,51.099998474121094,51.29999923706055,51.04999923706055,51.09000015258789,41.34050369262695,3098400
2013-09-13,51.189998626708984,51.279998779296875,51.029998779296875,51.209999084472656,41.43758773803711,3668600
2013-09-16,51.65999984741211,51.84000015258789,51.52000045776367,51.66999816894531,41.809810638427734,6845800
2013-09-17,51.709999084472656,51.709999084472656,51.4900016784668,51.70000076293945,41.8340950012207,3654000
2013-09-18,51.70000076293945,52.119998931884766,51.369998931884766,52.02000045776367,42.09302520751953,6868600
2013-09-19,52.189998626708984,52.189998626708984,51.75,51.849998474121094,41.95545959472656,6104100
2013-09-20,51.790000915527344,51.880001068115234,51.52000045776367,51.540000915527344,41.87663650512695,8986300
2013-09-23,51.47999954223633,51.47999954223633,51.0,51.18000030517578,41.584129333496094,4773800
2013-09-24,51.220001220703125,51.2400016784668,50.900001525878906,50.91999816894531,41.37289810180664,5956800
2013-09-25,51.0,51.02000045776367,50.52000045776367,50.52000045776367,41.04789352416992,5207500
2013-09-26,50.5,50.880001068115234,50.5,50.70000076293945,41.19414138793945,4319300
2013-09-27,50.41999816894531,50.790000915527344,50.369998931884766,50.70000076293945,41.19414138793945,3937100
2013-09-30,50.34000015258789,50.7400016784668,50.27000045776367,50.59000015258789,41.104774475097656,8585300
2013-10-01,50.630001068115234,51.2599983215332,50.560001373291016,51.22999954223633,41.624778747558594,11685100
2013-10-02,50.88999938964844,51.130001068115234,50.779998779296875,51.11000061035156,41.52727127075195,6404800
2013-10-03,51.04999923706055,51.06999969482422,50.45000076293945,50.65999984741211,41.16164779663086,7228300
2013-10-04,50.7400016784668,51.2599983215332,50.630001068115234,51.220001220703125,41.61663818359375,4503400
2013-10-07,50.869998931884766,50.97999954223633,50.650001525878906,50.650001525878906,41.15351104736328,3971800
2013-10-08,50.7599983215332,50.95000076293945,49.88999938964844,49.91999816894531,40.560394287109375,7360000
2013-10-09,50.02000045776367,50.130001068115234,49.58000183105469,49.83000183105469,40.48728942871094,11388100
2013-10-10,50.2599983215332,51.02000045776367,50.2599983215332,50.9900016784668,41.429786682128906,7330100
2013-10-11,50.95000076293945,51.29999923706055,50.939998626708984,51.22999954223633,41.624778747558594,4694600
2013-10-14,50.97999954223633,51.599998474121094,50.849998474121094,51.599998474121094,41.92538833618164,8858200
2013-10-15,51.540000915527344,51.70000076293945,51.2400016784668,51.27000045776367,41.65727233886719,8043100
2013-10-16,51.52000045776367,52.34000015258789,51.52000045776367,52.31999969482422,42.510406494140625,7239000
2013-10-17,52.040000915527344,52.810001373291016,52.040000915527344,52.7599983215332,42.8679084777832,6823400
2013-10-18,52.81999969482422,52.849998474121094,52.279998779296875,52.54999923706055,42.697288513183594,7646000
2013-10-21,52.599998474121094,52.61000061035156,52.13999938964844,52.279998779296875,42.477901458740234,4103300
2013-10-22,52.43000030517578,52.88999938964844,52.369998931884766,52.77000045776367,42.87603759765625,5053300
2013-10-23,52.63999938964844,52.79999923706055,52.41999816894531,52.66999816894531,42.79478073120117,5140800
2013-10-24,52.869998931884766,52.970001220703125,52.630001068115234,52.66999816894531,42.79478073120117,3725600
2013-10-25,52.7400016784668,52.7599983215332,52.470001220703125,52.7400016784668,42.851661682128906,3855900
2013-10-28,52.75,53.029998779296875,52.65999984741211,52.91999816894531,42.99790954589844,8983400
2013-10-29,53.08000183105469,53.279998779296875,52.91999816894531,53.27000045776367,43.28229522705078,7262900
2013-10-30,53.459999084472656,53.5,52.81999969482422,52.97999954223633,43.04667282104492,8240300
2013-10-31,52.970001220703125,53.18000030517578,52.70000076293945,52.77000045776367,42.87603759765625,5904000
2013-11-01,52.88999938964844,53.18000030517578,52.7400016784668,53.119998931884766,43.16041946411133,10779200
2013-11-04,53.16999816894531,53.31999969482422,52.9900016784668,53.15999984741211,43.19292449951172,3156100
2013-11-05,53.0,53.099998474121094,52.7400016784668,52.97999954223633,43.04667282104492,4248100
2013-11-06,53.18000030517578,53.29999923706055,52.79999923706055,52.86000061035156,42.94916534423828,4731100
2013-11-07,53.06999969482422,53.220001220703125,52.36000061035156,52.38999938964844,42.567291259765625,6050900
2013-11-08,52.38999938964844,53.20000076293945,52.38999938964844,53.15999984741211,43.19292449951172,6663800
2013-11-11,53.099998474121094,53.380001068115234,53.099998474121094,53.290000915527344,43.298553466796875,5095700
2013-11-12,53.20000076293945,53.29999923706055,53.02000045776367,53.2599983215332,43.2741584777832,3064100
2013-11-13,53.040000915527344,53.560001373291016,52.90999984741211,53.560001373291016,43.517921447753906,5214800
2013-11-14,53.70000076293945,54.06999969482422,53.68000030517578,54.0099983215332,43.883548736572266,6201800
2013-11-15,54.029998779296875,54.31999969482422,53.91999816894531,54.31999969482422,44.13542175292969,4004400
2013-11-18,54.369998931884766,54.52000045776367,53.959999084472656,54.08000183105469,43.940433502197266,3796600
2013-11-19,53.91999816894531,54.220001220703125,53.779998779296875,54.13999938964844,43.98917007446289,4515100
2013-11-20,54.189998626708984,54.54999923706055,54.08000183105469,54.29999923706055,44.119171142578125,4744000
2013-11-21,54.47999954223633,54.689998626708984,54.380001068115234,54.52000045776367,44.297916412353516,4590300
2013-11-22,54.790000915527344,55.25,54.72999954223633,55.25,44.891048431396484,5924700
2013-11-25,55.540000915527344,55.709999084472656,55.380001068115234,55.470001220703125,45.06980895996094,5270100
2013-11-26,55.47999954223633,55.619998931884766,55.27000045776367,55.310001373291016,44.9398078918457,5035300
2013-11-27,55.38999938964844,55.56999969482422,55.18000030517578,55.290000915527344,44.923561096191406,4449500
2013-11-29,55.400001525878906,55.470001220703125,55.13999938964844,55.2599983215332,44.899169921875,2837700
2013-12-02,55.2400016784668,55.40999984741211,55.099998474121094,55.279998779296875,44.915435791015625,4724400
2013-12-03,55.18000030517578,55.18000030517578,54.68000030517578,54.79999923706055,44.52543258666992,4402300
2013-12-04,54.56999969482422,54.97999954223633,54.16999816894531,54.61000061035156,44.371063232421875,3474900
2013-12-05,54.540000915527344,54.810001373291016,54.380001068115234,54.5099983215332,44.2897834777832,3612800
2013-12-06,54.970001220703125,55.2400016784668,54.81999969482422,55.220001220703125,44.86668014526367,4846500
2013-12-09,55.43000030517578,55.4900016784668,55.2599983215332,55.33000183105469,44.9560546875,3896200
2013-12-10,55.310001373291016,55.310001373291016,54.869998931884766,55.11000061035156,44.777305603027344,3545500
2013-12-11,55.119998931884766,55.119998931884766,54.09000015258789,54.15999984741211,44.00543212890625,9989200
2013-12-12,54.13999938964844,54.189998626708984,53.75,53.77000045776367,43.688560485839844,5645400
2013-12-13,53.93000030517578,54.040000915527344,53.58000183105469,53.810001373291016,43.721046447753906,4319500
2013-12-16,54.0099983215332,54.380001068115234,53.810001373291016,53.90999984741211,43.80229187011719,6211600
2013-12-17,53.93000030517578,54.02000045776367,53.400001525878906,53.650001525878906,43.59105682373047,5132600
2013-12-18,53.79999923706055,55.0,53.5,54.97999954223633,44.671695709228516,10210000
2013-12-19,54.849998474121094,54.900001525878906,54.54999923706055,54.86000061035156,44.574180603027344,6691000
2013-12-20,54.790000915527344,55.06999969482422,54.689998626708984,54.90999984741211,44.79853820800781,6813200
2013-12-23,55.20000076293945,55.209999084472656,54.970001220703125,55.119998931884766,44.969871520996094,3849400
2013-12-24,55.130001068115234,55.150001525878906,54.939998626708984,55.02000045776367,44.88829803466797,3291900
2013-12-26,55.040000915527344,55.43000030517578,55.040000915527344,55.43000030517578,45.22278594970703,2592600
2013-12-27,55.59000015258789,55.59000015258789,55.279998779296875,55.380001068115234,45.181983947753906,2668100
2013-12-30,55.380001068115234,55.470001220703125,55.099998474121094,55.470001220703125,45.25541687011719,2374200
2013-12-31,55.52000045776367,55.560001373291016,55.22999954223633,55.439998626708984,45.23093795776367,6008000
2014-01-02,55.310001373291016,55.41999816894531,55.0,55.130001068115234,44.97803497314453,8771800
2014-01-03,55.220001220703125,55.5,55.150001525878906,55.2599983215332,45.084083557128906,3642500
2014-01-06,55.43000030517578,55.61000061035156,54.95000076293945,55.029998779296875,44.89643096923828,9123500
2014-01-07,55.279998779296875,55.790000915527344,55.279998779296875,55.61000061035156,45.369632720947266,5714000
2014-01-08,55.70000076293945,56.18000030517578,55.54999923706055,56.099998474121094,45.76939392089844,7793300
2014-01-09,56.18000030517578,56.560001373291016,56.04999923706055,56.52000045776367,46.112056732177734,6204700
2014-01-10,56.65999984741211,56.75,56.209999084472656,56.7400016784668,46.29155349731445,7734300
2014-01-13,56.86000061035156,57.06999969482422,56.15999984741211,56.279998779296875,45.9162483215332,12815600
2014-01-14,56.369998931884766,57.08000183105469,56.310001373291016,56.9900016784668,46.49553298950195,6943500
2014-01-15,57.11000061035156,57.11000061035156,56.790000915527344,56.939998626708984,46.45471954345703,10054100
2014-01-16,56.91999816894531,57.18000030517578,56.849998474121094,57.08000183105469,46.56893539428711,5489900
2014-01-17,57.08000183105469,57.2400016784668,56.86000061035156,57.02000045776367,46.519996643066406,6907500
2014-01-21,57.310001373291016,57.45000076293945,56.90999984741211,57.349998474121094,46.78921127319336,5697400
2014-01-22,57.38999938964844,57.5,57.209999084472656,57.400001525878906,46.830020904541016,5391300
2014-01-23,57.16999816894531,57.349998474121094,56.630001068115234,57.0,46.5036735534668,7052900
2014-01-24,56.65999984741211,56.77000045776367,55.65999984741211,55.65999984741211,45.410438537597656,13101900
2014-01-27,55.63999938964844,55.7599983215332,55.029998779296875,55.209999084472656,45.043296813964844,13825900
2014-01-28,55.560001373291016,56.18000030517578,55.529998779296875,55.95000076293945,45.647037506103516,8806300
2014-01-29,55.56999969482422,56.0,55.25,55.439998626708984,45.23093795776367,12281200
2014-01-30,55.9900016784668,56.58000183105469,55.959999084472656,56.45000076293945,46.05495071411133,10714100
2014-01-31,55.869998931884766,56.290000915527344,55.689998626708984,55.959999084472656,45.65517807006836,10821300
2014-02-03,56.099998474121094,56.2599983215332,54.7599983215332,54.86000061035156,44.75774002075195,15808800
2014-02-04,55.16999816894531,55.470001220703125,55.0,55.400001525878906,45.198299407958984,10080000
2014-02-05,55.369998931884766,55.470001220703125,54.650001525878906,55.09000015258789,44.94539260864258,16384200
2014-02-06,55.220001220703125,55.470001220703125,55.13999938964844,55.400001525878906,45.198299407958984,7842200
2014-02-07,55.47999954223633,56.369998931884766,55.33000183105469,56.349998474121094,45.97337341308594,11497100
2014-02-10,56.459999084472656,56.84000015258789,56.2400016784668,56.81999969482422,46.35682678222656,7902800
2014-02-11,56.86000061035156,57.63999938964844,56.72999954223633,57.59000015258789,46.98503112792969,10380300
2014-02-12,57.77000045776367,57.90999984741211,57.41999816894531,57.59000015258789,46.98503112792969,6535800
2014-02-13,57.279998779296875,58.029998779296875,57.18000030517578,58.0,47.31953811645508,8256400
2014-02-14,57.95000076293945,58.29999923706055,57.83000183105469,58.209999084472656,47.49085998535156,8379800
2014-02-18,58.470001220703125,58.869998931884766,58.349998474121094,58.75,47.931419372558594,10874200
2014-02-19,58.72999954223633,58.939998626708984,58.310001373291016,58.38999938964844,47.637718200683594,10732700
2014-02-20,58.470001220703125,59.0099983215332,58.27000045776367,58.91999816894531,48.07011795043945,9852300
2014-02-21,58.97999954223633,59.220001220703125,58.7400016784668,58.810001373291016,47.980369567871094,5196300
2014-02-24,59.0099983215332,59.59000015258789,58.91999816894531,59.25,48.33935546875,6464300
2014-02-25,59.15999984741211,59.43000030517578,58.93000030517578,59.099998474121094,48.21696472167969,6858600
2014-02-26,59.27000045776367,59.470001220703125,58.959999084472656,59.099998474121094,48.21696472167969,7449000
2014-02-27,59.099998474121094,59.439998626708984,58.939998626708984,59.439998626708984,48.49436569213867,5980100
2014-02-28,59.4900016784668,60.0099983215332,58.93000030517578,59.439998626708984,48.49436569213867,10341200
2014-03-03,58.65999984741211,59.2400016784668,58.61000061035156,59.0,48.135379791259766,8919900
2014-03-04,59.540000915527344,60.20000076293945,59.540000915527344,60.119998931884766,49.04913330078125,9658900
2014-03-05,60.209999084472656,60.2400016784668,59.880001068115234,59.970001220703125,48.9267692565918,10740200
2014-03-06,60.290000915527344,60.5,59.470001220703125,59.599998474121094,48.62489700317383,14206800
2014-03-07,59.91999816894531,60.0,59.06999969482422,59.45000076293945,48.502525329589844,12630300
2014-03-10,59.45000076293945,59.72999954223633,59.150001525878906,59.70000076293945,48.706478118896484,7775900
2014-03-11,59.70000076293945,60.0,59.45000076293945,59.58000183105469,48.60856628417969,6031700
2014-03-12,59.290000915527344,59.63999938964844,59.11000061035156,59.56999969482422,48.600406646728516,8822700
2014-03-13,59.7599983215332,59.790000915527344,58.63999938964844,58.7599983215332,47.939579010009766,12551400
2014-03-14,58.66999816894531,58.900001525878906,58.40999984741211,58.439998626708984,47.67851638793945,8006100
2014-03-17,58.79999923706055,59.2599983215332,58.70000076293945,59.0099983215332,48.14353561401367,6430200
2014-03-18,59.130001068115234,59.7599983215332,59.06999969482422,59.63999938964844,48.657527923583984,6147200
2014-03-19,59.709999084472656,60.040000915527344,59.08000183105469,59.459999084472656,48.51066970825195,8404800
2014-03-20,59.459999084472656,59.529998779296875,59.13999938964844,59.459999084472656,48.51066970825195,4895400
2014-03-21,59.5099983215332,59.720001220703125,58.06999969482422,58.18000030517578,47.63060760498047,19504500
2014-03-24,58.380001068115234,58.45000076293945,57.11000061035156,57.529998779296875,47.09845733642578,20490000
2014-03-25,57.720001220703125,58.43000030517578,57.439998626708984,58.040000915527344,47.5159797668457,14646400
2014-03-26,58.310001373291016,58.7599983215332,58.0099983215332,58.060001373291016,47.532352447509766,13638300
2014-03-27,58.09000015258789,58.2400016784668,57.43000030517578,57.93000030517578,47.425926208496094,12961000
2014-03-28,58.11000061035156,58.650001525878906,57.52000045776367,57.709999084472656,47.245819091796875,13128800
2014-03-31,58.189998626708984,58.540000915527344,58.0,58.4900016784668,47.88439178466797,9508100
2014-04-01,58.65999984741211,59.130001068115234,58.459999084472656,58.86000061035156,48.187294006347656,10114900
2014-04-02,59.0,59.15999984741211,58.810001373291016,59.119998931884766,48.400150299072266,8999300
2014-04-03,59.22999954223633,59.27000045776367,58.599998474121094,58.9900016784668,48.29374313354492,9609100
2014-04-04,59.310001373291016,59.4900016784668,57.97999954223633,58.0099983215332,47.491416931152344,20115400
2014-04-07,57.709999084472656,58.36000061035156,57.15999984741211,57.43000030517578,47.0165901184082,15263300
2014-04-08,57.47999954223633,57.5099983215332,56.61000061035156,56.959999084472656,46.631813049316406,15165000
2014-04-09,57.09000015258789,58.189998626708984,57.04999923706055,58.18000030517578,47.63060760498047,14438600
2014-04-10,58.15999984741211,58.25,56.11000061035156,56.2400016784668,46.042362213134766,17622500
2014-04-11,55.9900016784668,56.689998626708984,55.560001373291016,55.709999084472656,45.60847091674805,14710100
2014-04-14,56.09000015258789,56.34000015258789,55.38999938964844,56.02000045776367,45.862266540527344,11085300
2014-04-15,56.2400016784668,56.7400016784668,55.41999816894531,56.619998931884766,46.35345458984375,17424500
2014-04-16,57.11000061035156,57.209999084472656,56.540000915527344,56.900001525878906,46.58269500732422,29585700
2014-04-17,56.91999816894531,57.18000030517578,56.59000015258789,56.88999938964844,46.574501037597656,8656900
2014-04-21,57.0,57.59000015258789,56.88999938964844,57.56999969482422,47.131202697753906,5545000
2014-04-22,57.97999954223633,58.5099983215332,57.900001525878906,58.20000076293945,47.646968841552734,8980300
2014-04-23,58.29999923706055,58.33000183105469,57.709999084472656,57.90999984741211,47.409542083740234,8668900
2014-04-24,58.209999084472656,58.209999084472656,57.279998779296875,57.81999969482422,47.33587646484375,8012600
2014-04-25,57.779998779296875,57.79999923706055,57.2400016784668,57.38999938964844,46.98383712768555,6368600
2014-04-28,57.869998931884766,58.130001068115234,56.97999954223633,57.72999954223633,47.26219940185547,9735200
2014-04-29,57.83000183105469,58.119998931884766,57.68000030517578,58.06999969482422,47.54054260253906,8955800
2014-04-30,57.970001220703125,58.209999084472656,57.77000045776367,58.119998931884766,47.58146286010742,11115200
2014-05-01,58.15999984741211,58.56999969482422,57.790000915527344,58.25,47.68790054321289,6857500
2014-05-02,58.22999954223633,58.34000015258789,57.630001068115234,57.75,47.278568267822266,6126300
2014-05-05,57.54999923706055,58.150001525878906,57.209999084472656,58.130001068115234,47.58967590332031,7218700
2014-05-06,58.06999969482422,58.06999969482422,57.59000015258789,57.619998931884766,47.17213439941406,6117700
2014-05-07,57.70000076293945,57.790000915527344,57.029998779296875,57.779998779296875,47.303123474121094,9058100
2014-05-08,57.810001373291016,58.119998931884766,57.310001373291016,57.470001220703125,47.049339294433594,7710000
2014-05-09,57.529998779296875,57.880001068115234,57.11000061035156,57.81999969482422,47.33587646484375,7298600
2014-05-12,58.04999923706055,58.45000076293945,57.95000076293945,58.40999984741211,47.81889724731445,5244500
2014-05-13,58.560001373291016,58.709999084472656,58.41999816894531,58.5,47.892574310302734,3230400
2014-05-14,58.470001220703125,58.720001220703125,58.29999923706055,58.540000915527344,47.92531967163086,3746700
2014-05-15,58.33000183105469,58.38999938964844,57.68000030517578,57.95000076293945,47.44231414794922,6469400
2014-05-16,58.02000045776367,58.20000076293945,57.709999084472656,58.150001525878906,47.606040954589844,8913400
2014-05-19,58.150001525878906,58.54999923706055,58.0,58.5099983215332,47.9007682800293,4386100
2014-05-20,58.5099983215332,58.54999923706055,57.970001220703125,58.13999938964844,47.59785079956055,4611800
2014-05-21,58.34000015258789,58.68000030517578,58.220001220703125,58.630001068115234,47.99899673461914,3921500
2014-05-22,58.650001525878906,59.16999816894531,58.459999084472656,58.97999954223633,48.28553771972656,3526100
2014-05-23,59.0,59.119998931884766,58.810001373291016,59.0099983215332,48.310089111328125,2796300
2014-05-27,59.33000183105469,59.380001068115234,59.0099983215332,59.33000183105469,48.57207107543945,3246500
2014-05-28,59.29999923706055,59.45000076293945,59.15999984741211,59.15999984741211,48.432891845703125,4401700
2014-05-29,59.310001373291016,59.630001068115234,59.310001373291016,59.630001068115234,48.81768035888672,2682200
2014-05-30,59.5099983215332,59.81999969482422,59.5,59.790000915527344,48.948673248291016,7778100
2014-06-02,59.7400016784668,59.939998626708984,59.41999816894531,59.869998931884766,49.01415252685547,4880300
2014-06-03,59.72999954223633,60.02000045776367,59.61000061035156,59.97999954223633,49.10421371459961,3054500
2014-06-04,59.93000030517578,60.150001525878906,59.779998779296875,60.150001525878906,49.24338912963867,3599800
2014-06-05,60.220001220703125,60.40999984741211,59.790000915527344,60.220001220703125,49.30070495605469,3929800
2014-06-06,60.27000045776367,60.400001525878906,60.040000915527344,60.15999984741211,49.25157165527344,3950900
2014-06-09,60.11000061035156,60.15999984741211,59.72999954223633,59.849998474121094,48.99779510498047,5533400
2014-06-10,59.86000061035156,60.04999923706055,59.459999084472656,60.04999923706055,49.161529541015625,6921400
2014-06-11,59.79999923706055,60.06999969482422,59.77000045776367,59.97999954223633,49.10421371459961,5901200
2014-06-12,59.849998474121094,59.970001220703125,59.540000915527344,59.68000030517578,48.858612060546875,4305300
2014-06-13,59.72999954223633,59.779998779296875,59.470001220703125,59.630001068115234,48.81768035888672,2950700
2014-06-16,59.900001525878906,60.20000076293945,59.54999923706055,59.75,48.915924072265625,9021700
2014-06-17,59.77000045776367,59.869998931884766,59.540000915527344,59.720001220703125,48.891357421875,3728200
2014-06-18,59.65999984741211,60.209999084472656,59.58000183105469,60.20000076293945,49.28432083129883,5374200
2014-06-19,60.16999816894531,60.400001525878906,60.130001068115234,60.400001525878906,49.44805908203125,4313800
2014-06-20,60.36000061035156,60.689998626708984,60.29999923706055,60.68000030517578,49.86387634277344,4426700
2014-06-23,60.720001220703125,60.77000045776367,60.400001525878906,60.45000076293945,49.674869537353516,3406700
2014-06-24,60.650001525878906,60.970001220703125,60.41999816894531,60.4900016784668,49.707725524902344,4868300
2014-06-25,60.459999084472656,61.189998626708984,60.41999816894531,61.150001525878906,50.25008773803711,20099100
2014-06-26,61.29999923706055,61.34000015258789,60.720001220703125,61.22999954223633,50.31583023071289,11236400
2014-06-27,61.04999923706055,61.220001220703125,60.86000061035156,61.06999969482422,50.18436050415039,4840900
2014-06-30,61.11000061035156,61.25,60.7599983215332,60.83000183105469,49.98713302612305,6434500
2014-07-01,61.06999969482422,61.720001220703125,61.0,61.599998474121094,50.61988067626953,8145300
2014-07-02,61.58000183105469,62.06999969482422,61.4900016784668,62.06999969482422,51.006107330322266,4036600
2014-07-03,62.20000076293945,62.34000015258789,61.93000030517578,62.31999969482422,51.21153259277344,2468600
2014-07-07,62.06999969482422,62.33000183105469,61.79999923706055,61.849998474121094,50.8253059387207,3900300
2014-07-08,61.75,61.779998779296875,61.060001373291016,61.27000045776367,50.34870910644531,7145400
2014-07-09,61.439998626708984,61.59000015258789,61.11000061035156,61.529998779296875,50.56234359741211,5879900
2014-07-10,61.040000915527344,61.619998931884766,60.810001373291016,61.4900016784668,50.52949142456055,4726600
2014-07-11,61.58000183105469,61.68000030517578,61.2400016784668,61.619998931884766,50.63630676269531,3779600
2014-07-14,61.97999954223633,61.97999954223633,61.66999816894531,61.81999969482422,50.80067825317383,4078700
2014-07-15,61.86000061035156,61.900001525878906,61.150001525878906,61.290000915527344,50.36514663696289,5498900
2014-07-16,61.4900016784668,61.529998779296875,60.81999969482422,61.09000015258789,50.20078659057617,5279000
2014-07-17,60.849998474121094,61.36000061035156,60.349998474121094,60.41999816894531,49.650203704833984,7321900
2014-07-18,60.63999938964844,61.52000045776367,60.5,61.40999984741211,50.463748931884766,8938700
2014-07-21,61.22999954223633,61.2599983215332,60.95000076293945,61.15999984741211,50.258296966552734,3731900
2014-07-22,61.470001220703125,61.86000061035156,61.439998626708984,61.689998626708984,50.69382858276367,5640400
2014-07-23,62.150001525878906,62.279998779296875,61.900001525878906,62.189998626708984,51.104705810546875,7264400
2014-07-24,62.33000183105469,62.400001525878906,62.0,62.060001373291016,50.997886657714844,6107400
2014-07-25,61.93000030517578,61.95000076293945,61.52000045776367,61.83000183105469,50.80887985229492,4129300
2014-07-28,61.849998474121094,62.04999923706055,61.560001373291016,61.88999938964844,50.858184814453125,7004900
2014-07-29,62.08000183105469,62.16999816894531,61.81999969482422,61.939998626708984,50.899261474609375,5321800
2014-07-30,62.25,62.47999954223633,61.869998931884766,62.189998626708984,51.104705810546875,7752700
2014-07-31,61.630001068115234,61.7599983215332,60.90999984741211,60.90999984741211,50.052860260009766,8415200
2014-08-01,60.77000045776367,61.27000045776367,60.5,60.959999084472656,50.09395217895508,16923800
2014-08-04,61.09000015258789,61.34000015258789,60.66999816894531,61.220001220703125,50.307621002197266,9208900
2014-08-05,60.959999084472656,61.15999984741211,60.43000030517578,60.630001068115234,49.822784423828125,10309500
2014-08-06,60.369998931884766,60.849998474121094,60.150001525878906,60.599998474121094,49.798118591308594,9568000
2014-08-07,60.72999954223633,60.79999923706055,59.709999084472656,59.81999969482422,49.15716552734375,10947000
2014-08-08,59.900001525878906,60.56999969482422,59.70000076293945,60.529998779296875,49.74060821533203,5472600
2014-08-11,60.77000045776367,60.95000076293945,60.470001220703125,60.5,49.71596908569336,4700600
2014-08-12,60.439998626708984,60.599998474121094,60.279998779296875,60.45000076293945,49.674869537353516,2878500
2014-08-13,60.689998626708984,61.2400016784668,60.66999816894531,61.18000030517578,50.27474594116211,4751900
2014-08-14,61.290000915527344,61.900001525878906,61.099998474121094,61.900001525878906,50.86640930175781,4797400
2014-08-15,62.20000076293945,62.27000045776367,61.38999938964844,61.959999084472656,50.91569900512695,7777600
2014-08-18,62.27000045776367,62.529998779296875,62.189998626708984,62.439998626708984,51.310150146484375,7448800
2014-08-19,62.529998779296875,62.88999938964844,62.310001373291016,62.849998474121094,51.647071838378906,3874500
2014-08-20,62.72999954223633,62.95000076293945,62.560001373291016,62.84000015258789,51.63884735107422,4513800
2014-08-21,62.93000030517578,63.119998931884766,62.869998931884766,62.93000030517578,51.71281433105469,3125900
2014-08-22,63.029998779296875,63.16999816894531,62.84000015258789,62.9900016784668,51.762115478515625,3248900
2014-08-25,63.369998931884766,63.599998474121094,63.209999084472656,63.470001220703125,52.156558990478516,4863000
2014-08-26,63.560001373291016,63.7400016784668,63.43000030517578,63.70000076293945,52.345558166503906,3601300
2014-08-27,63.849998474121094,63.880001068115234,63.560001373291016,63.650001525878906,52.30447769165039,4151700
2014-08-28,63.470001220703125,63.77000045776367,63.400001525878906,63.630001068115234,52.288028717041016,3466000
2014-08-29,63.72999954223633,63.91999816894531,63.56999969482422,63.86000061035156,52.4770393371582,4139100
2014-09-02,63.9900016784668,64.05000305175781,63.65999984741211,63.83000183105469,52.45238494873047,5076800
2014-09-03,64.2300033569336,64.41000366210938,63.970001220703125,64.12000274658203,52.690696716308594,5421900
2014-09-04,64.26000213623047,64.41999816894531,63.66999816894531,63.79999923706055,52.427730560302734,6231400
2014-09-05,63.81999969482422,64.18000030517578,63.150001525878906,64.16999816894531,52.731781005859375,6349400
2014-09-08,64.05000305175781,64.30000305175781,63.93000030517578,64.18000030517578,52.73999786376953,7204800
2014-09-09,64.2699966430664,64.29000091552734,63.849998474121094,64.01000213623047,52.60029220581055,6667300
2014-09-10,64.0999984741211,64.54000091552734,63.970001220703125,64.45999908447266,52.97008514404297,7039600
2014-09-11,64.20999908447266,64.37000274658203,63.959999084472656,64.27999877929688,52.82215881347656,6360300
2014-09-12,64.25,64.27999877929688,63.630001068115234,63.810001373291016,52.43594741821289,7340200
2014-09-15,63.810001373291016,63.880001068115234,63.41999816894531,63.63999938964844,52.2962646484375,6082500
2014-09-16,63.54999923706055,64.55999755859375,63.470001220703125,64.51000213623047,53.01117706298828,6907900
2014-09-17,64.47000122070312,64.80999755859375,64.08999633789062,64.55999755859375,53.05226135253906,6704300
2014-09-18,64.7699966430664,65.06999969482422,64.6500015258789,65.04000091552734,53.446693420410156,5460700
2014-09-19,65.16000366210938,65.30999755859375,64.79000091552734,64.87999725341797,53.505245208740234,6833500
2014-09-22,64.73999786376953,64.80000305175781,64.27999877929688,64.52999877929688,53.21661376953125,4005700
2014-09-23,63.93000030517578,64.43000030517578,63.83000183105469,64.1500015258789,52.90323257446289,7833900
2014-09-24,64.30999755859375,65.2699966430664,64.29000091552734,65.2699966430664,53.82687759399414,8120900
2014-09-25,65.19000244140625,65.20999908447266,64.19999694824219,64.19999694824219,52.94447326660156,11661500
2014-09-26,64.5,64.5,63.849998474121094,64.4000015258789,53.109405517578125,6513000
2014-09-29,63.86000061035156,64.4800033569336,63.810001373291016,64.26000213623047,52.99394989013672,10284100
2014-09-30,64.38999938964844,64.51000213623047,63.86000061035156,63.90999984741211,52.70530700683594,7580800
2014-10-01,64.0999984741211,64.0999984741211,63.029998779296875,63.2400016784668,52.152793884277344,11141700
2014-10-02,63.2400016784668,63.38999938964844,62.56999969482422,63.11000061035156,52.04558181762695,7225200
2014-10-03,63.63999938964844,64.48999786376953,63.599998474121094,64.41000366210938,53.11765670776367,11383100
2014-10-06,64.69000244140625,64.91000366210938,63.849998474121094,64.11000061035156,52.87025451660156,8287500
2014-10-07,63.97999954223633,64.01000213623047,63.09000015258789,63.09000015258789,52.029075622558594,11281800
2014-10-08,63.220001220703125,64.75,63.060001373291016,64.69999694824219,53.356807708740234,11412300
2014-10-09,64.5999984741211,64.66999816894531,63.31999969482422,63.36000061035156,52.251747131347656,15686000
2014-10-10,63.290000915527344,64.05999755859375,62.970001220703125,62.970001220703125,51.930110931396484,15606800
2014-10-13,63.0,63.029998779296875,61.40999984741211,61.47999954223633,50.70133590698242,17937500
2014-10-14,61.849998474121094,62.060001373291016,60.599998474121094,61.02000045776367,50.32199478149414,19321000
2014-10-15,60.33000183105469,60.790000915527344,59.209999084472656,60.52000045776367,49.90965270996094,32120100
2014-10-16,59.70000076293945,60.91999816894531,59.45000076293945,60.209999084472656,49.65400695800781,30185000
2014-10-17,60.790000915527344,61.560001373291016,60.650001525878906,61.16999816894531,50.4456787109375,15704700
2014-10-20,60.970001220703125,61.959999084472656,60.970001220703125,61.90999984741211,51.05595779418945,9848900
2014-10-21,62.43000030517578,63.59000015258789,62.369998931884766,63.54999923706055,52.40843200683594,14961400
2014-10-22,63.56999969482422,63.72999954223633,63.04999923706055,63.22999954223633,52.14453125,13813800
2014-10-23,63.72999954223633,64.66000366210938,63.72999954223633,64.30999755859375,53.035186767578125,11165000
2014-10-24,64.48999786376953,65.23999786376953,64.3499984741211,65.20999908447266,53.777400970458984,9703500
2014-10-27,65.22000122070312,65.3499984741211,64.98999786376953,65.27999877929688,53.835147857666016,9110800
2014-10-28,65.80000305175781,65.80000305175781,65.18000030517578,65.76000213623047,54.23097229003906,8770600
2014-10-29,65.73999786376953,65.97000122070312,65.3499984741211,65.79000091552734,54.255706787109375,10162400
2014-10-30,65.69000244140625,67.04000091552734,65.62999725341797,67.0,55.253562927246094,11630600
2014-10-31,67.86000061035156,67.98999786376953,67.05000305175781,67.2699966430664,55.476234436035156,11388000
2014-11-03,67.37000274658203,67.45999908447266,66.87000274658203,67.3499984741211,55.54220962524414,8680700
2014-11-04,67.33000183105469,67.54000091552734,66.94999694824219,67.36000061035156,55.55046463012695,5716000
2014-11-05,67.97000122070312,67.98999786376953,67.12999725341797,67.29000091552734,55.49272918701172,6592100
2014-11-06,67.37999725341797,67.8499984741211,67.37999725341797,67.69999694824219,55.830841064453125,7962400
2014-11-07,67.69999694824219,67.76000213623047,66.81999969482422,67.02999877929688,55.2783317565918,13895600
2014-11-10,67.18000030517578,67.73999786376953,66.91999816894531,67.70999908447266,55.83909606933594,5455300
2014-11-11,67.86000061035156,68.20999908447266,67.69000244140625,67.95999908447266,56.045257568359375,9777500
2014-11-12,67.69999694824219,67.97000122070312,67.58999633789062,67.86000061035156,55.962791442871094,3879900
2014-11-13,67.95999908447266,68.19999694824219,67.48999786376953,67.80999755859375,55.92156982421875,5216600
2014-11-14,67.79000091552734,67.79000091552734,66.9800033569336,67.25,55.45976257324219,6331800
2014-11-17,67.11000061035156,67.76000213623047,67.11000061035156,67.58000183105469,55.73189926147461,8587200
2014-11-18,67.62999725341797,68.72000122070312,67.56999969482422,68.66999816894531,56.630802154541016,8240100
2014-11-19,68.58999633789062,68.62999725341797,68.11000061035156,68.29000091552734,56.317413330078125,6253600
2014-11-20,67.98999786376953,68.2699966430664,67.77999877929688,68.0,56.07825469970703,9041600
2014-11-21,68.68000030517578,68.81999969482422,68.12999725341797,68.31999969482422,56.3421630859375,8098700
2014-11-24,68.58999633789062,68.68000030517578,68.44999694824219,68.66999816894531,56.630802154541016,5020100
2014-11-25,68.80999755859375,68.97000122070312,68.48999786376953,68.76000213623047,56.70500946044922,5510200
2014-11-26,68.98999786376953,69.20999908447266,68.72000122070312,69.18000030517578,57.05137634277344,5325900
2014-11-28,69.25,69.98999786376953,69.25,69.61000061035156,57.406002044677734,4395500
2014-12-01,69.36000061035156,69.94000244140625,69.2699966430664,69.44000244140625,57.26579284667969,8537400
2014-12-02,69.69000244140625,70.30999755859375,69.69000244140625,70.20999908447266,57.90081787109375,7444800
2014-12-03,70.37000274658203,70.43000030517578,70.05000305175781,70.31999969482422,57.99153137207031,6577000
2014-12-04,70.19999694824219,70.61000061035156,69.95999908447266,70.2300033569336,57.91730499267578,4235400
2014-12-05,70.27999877929688,70.8499984741211,70.20999908447266,70.79000091552734,58.37911605834961,8325100
2014-12-08,70.69999694824219,71.43000030517578,70.69999694824219,71.04000091552734,58.585304260253906,5942800
2014-12-09,70.22000122070312,70.80999755859375,69.80999755859375,70.73999786376953,58.33787536621094,9776300
2014-12-10,70.69000244140625,70.7300033569336,69.5999984741211,69.6500015258789,57.438961029052734,9011200
2014-12-11,69.91000366210938,70.66999816894531,69.69000244140625,69.8499984741211,57.603912353515625,7383300
2014-12-12,69.45999908447266,69.86000061035156,68.72000122070312,68.77999877929688,56.72152328491211,10438600
2014-12-15,69.19000244140625,69.20999908447266,67.91000366210938,68.1500015258789,56.20195388793945,17776200
2014-12-16,67.86000061035156,69.0199966430664,67.31999969482422,67.36000061035156,55.55046463012695,14735600
2014-12-17,67.44000244140625,68.79000091552734,67.30999755859375,68.62000274658203,56.58956527709961,17776200
2014-12-18,69.43000030517578,70.51000213623047,69.27999877929688,70.5,58.13996505737305,16048100
2014-12-19,70.5,70.93000030517578,70.0199966430664,70.41000366210938,58.280677795410156,17822000
2014-12-22,70.0,70.12000274658203,69.38999938964844,69.73999786376953,57.72608184814453,9896600
2014-12-23,69.9000015258789,69.94999694824219,67.77999877929688,68.13999938964844,56.401710510253906,22190400
2014-12-24,68.19000244140625,69.02999877929688,68.12999725341797,68.63999938964844,56.81557846069336,4519100
2014-12-26,68.91000366210938,69.31999969482422,68.87000274658203,69.12999725341797,57.22118377685547,4242800
2014-12-29,69.05999755859375,69.47000122070312,68.9800033569336,69.37000274658203,57.41981887817383,5225900
2014-12-30,69.26000213623047,69.41999816894531,68.98999786376953,69.06999969482422,57.1714973449707,4965100
2014-12-31,69.2699966430664,69.66000366210938,68.37000274658203,68.37999725341797,56.60034942626953,7863600
2015-01-02,68.70999908447266,69.3499984741211,68.3499984741211,68.62999725341797,56.80729675292969,7516800
2015-01-05,68.31999969482422,68.87999725341797,68.1500015258789,68.27999877929688,56.5175895690918,10784800
2015-01-06,68.51000213623047,69.08999633789062,67.62999725341797,68.05000305175781,56.32722473144531,13344500
2015-01-07,68.51000213623047,69.66999816894531,68.36000061035156,69.6500015258789,57.651580810546875,14146400
2015-01-08,70.33999633789062,70.91999816894531,70.22000122070312,70.83999633789062,58.63660430908203,22138400
2015-01-09,70.9000015258789,70.9800033569336,69.97000122070312,70.20999908447266,58.11513900756836,9724300
2015-01-12,70.75,71.0,70.05000305175781,70.23999786376953,58.13997268676758,11972100
2015-01-13,70.9000015258789,71.29000091552734,69.33999633789062,69.93000030517578,57.88336181640625,14219800
2015-01-14,69.26000213623047,70.0,69.06999969482422,69.81999969482422,57.79231643676758,12548000
2015-01-15,70.08000183105469,70.20999908447266,69.02999877929688,69.06999969482422,57.1714973449707,16382800
2015-01-16,68.95999908447266,70.5,68.94000244140625,70.37000274658203,58.247562408447266,13759300
2015-01-20,70.4800033569336,70.66000366210938,69.55000305175781,70.37000274658203,58.247562408447266,10387200
2015-01-21,70.30000305175781,70.77999877929688,69.94999694824219,70.51000213623047,58.363441467285156,8391000
2015-01-22,70.81999969482422,71.36000061035156,69.83999633789062,71.3499984741211,59.05873107910156,11497400
2015-01-23,71.25,71.31999969482422,70.91000366210938,70.94000244140625,58.719383239746094,6815600
2015-01-26,71.01000213623047,71.3499984741211,70.58000183105469,71.30999755859375,59.0256233215332,7871700
2015-01-27,70.66999816894531,71.30000305175781,70.5,70.80000305175781,58.6035041809082,10040100
2015-01-28,70.93000030517578,71.19000244140625,69.66999816894531,69.77999877929688,57.75918960571289,11005400
2015-01-29,69.77999877929688,70.43000030517578,69.22000122070312,70.37000274658203,58.247562408447266,12120000
2015-01-30,70.06999969482422,70.52999877929688,69.16999816894531,69.2699966430664,57.337039947509766,13886500
2015-02-02,69.4000015258789,69.69000244140625,68.44000244140625,69.66000366210938,57.65985870361328,18042300
2015-02-03,70.0,70.16000366210938,69.06999969482422,70.12999725341797,58.04889678955078,17432800
2015-02-04,69.29000091552734,69.62999725341797,68.87000274658203,69.25,57.32051467895508,15184800
2015-02-05,69.69000244140625,70.4800033569336,69.69000244140625,70.41999816894531,58.288944244384766,10801400
2015-02-06,70.41999816894531,70.70999908447266,69.58999633789062,69.77999877929688,57.75918960571289,11886100
2015-02-09,69.45999908447266,69.66000366210938,68.80000305175781,68.95999908447266,57.08045196533203,8139000
2015-02-10,69.5199966430664,70.19000244140625,69.36000061035156,70.12000274658203,58.0406379699707,8629000
2015-02-11,70.18000030517578,70.56999969482422,69.79000091552734,70.19000244140625,58.09857940673828,8088100
2015-02-12,70.5199966430664,70.63999938964844,69.8499984741211,70.44000244140625,58.305519104003906,10124100
2015-02-13,70.48999786376953,70.77999877929688,70.16999816894531,70.72000122070312,58.537269592285156,8592300
2015-02-17,70.79000091552734,71.26000213623047,70.72000122070312,71.2300033569336,58.959415435791016,8381700
2015-02-18,71.22000122070312,71.3499984741211,70.87000274658203,71.30999755859375,59.0256233215332,7780900
2015-02-19,71.2300033569336,71.55000305175781,71.11000061035156,71.43000030517578,59.12495422363281,5383600
2015-02-20,71.33000183105469,72.20999908447266,71.19999694824219,72.18000030517578,59.74574661254883,8213700
2015-02-23,72.29000091552734,72.73999786376953,72.16000366210938,72.51000213623047,60.01890182495117,8577500
2015-02-24,72.61000061035156,72.6500015258789,72.1500015258789,72.41999816894531,59.94443893432617,8052200
2015-02-25,72.36000061035156,72.61000061035156,72.0999984741211,72.38999938964844,59.9195556640625,9629700
2015-02-26,72.38999938964844,72.62000274658203,72.05000305175781,72.58999633789062,60.085140228271484,4424900
2015-02-27,72.55999755859375,72.6500015258789,72.19999694824219,72.23999786376953,59.795433044433594,6745300
2015-03-02,72.47000122070312,72.91000366210938,72.33999633789062,72.88999938964844,60.333457946777344,6769900
2015-03-03,72.8499984741211,72.86000061035156,71.87000274658203,72.2300033569336,59.787139892578125,10144000
2015-03-04,72.0199966430664,72.68000030517578,71.5999984741211,72.58000183105469,60.07685470581055,9153500
2015-03-05,72.66999816894531,73.16999816894531,72.58000183105469,72.83999633789062,60.29206466674805,6252100
2015-03-06,72.5,72.66000366210938,71.31999969482422,71.41000366210938,59.10840606689453,12314900
2015-03-09,71.62999725341797,71.91999816894531,71.22000122070312,71.8499984741211,59.472599029541016,10306300
2015-03-10,71.22000122070312,71.54000091552734,71.0,71.05000305175781,58.81040573120117,12323900
2015-03-11,71.43000030517578,71.51000213623047,70.95999908447266,71.01000213623047,58.777320861816406,7525100
2015-03-12,71.33999633789062,71.94999694824219,71.2699966430664,71.94999694824219,59.55536651611328,7574200
2015-03-13,71.8499984741211,72.27999877929688,71.33000183105469,71.80999755859375,59.43950653076172,6480400
2015-03-16,72.43000030517578,73.41000366210938,72.16999816894531,73.4000015258789,60.75558853149414,13635100
2015-03-17,73.13999938964844,73.33999633789062,72.73999786376953,73.19000244140625,60.581783294677734,10142500
2015-03-18,73.02999877929688,74.44999694824219,72.75,74.13999938964844,61.368106842041016,12886900
2015-03-19,74.13999938964844,74.66999816894531,74.01000213623047,74.56999969482422,61.724029541015625,9403900
2015-03-20,75.4000015258789,76.01000213623047,74.4800033569336,74.9000015258789,62.170589447021484,9544300
2015-03-23,74.66999816894531,75.08999633789062,74.4000015258789,74.69000244140625,61.99631118774414,4667800
2015-03-24,74.77999877929688,74.9800033569336,74.02999877929688,74.04000091552734,61.45677947998047,8467700
2015-03-25,74.25,74.62000274658203,72.66999816894531,72.69000244140625,60.336212158203125,15039100
2015-03-26,72.27999877929688,73.12000274658203,71.91999816894531,72.5199966430664,60.195098876953125,18253800
2015-03-27,72.72000122070312,73.31999969482422,72.5999984741211,73.04000091552734,60.62674331665039,8841600
2015-03-30,73.62999725341797,73.88999938964844,73.54000091552734,73.77999877929688,61.240970611572266,8008200
2015-03-31,73.48999786376953,74.16999816894531,72.5,72.5,60.17847442626953,8442900
2015-04-01,72.52999877929688,72.80999755859375,71.30999755859375,71.7699966430664,59.57255172729492,21829300
2015-04-02,71.83999633789062,72.31999969482422,71.63999938964844,71.98999786376953,59.75516128540039,7560100
2015-04-06,71.58999633789062,72.48999786376953,71.5,72.0999984741211,59.84647750854492,5746200
2015-04-07,72.27999877929688,72.80999755859375,72.20999908447266,72.2699966430664,59.98757553100586,5599300
2015-04-08,72.43000030517578,73.19999694824219,72.33999633789062,72.87999725341797,60.493900299072266,12577100
2015-04-09,72.9000015258789,73.55000305175781,72.80000305175781,73.43000030517578,60.95045471191406,8181400
2015-04-10,73.5,74.16000366210938,73.20999908447266,74.05999755859375,61.47334671020508,5084300
2015-04-13,74.11000061035156,74.44000244140625,73.62999725341797,73.66000366210938,61.14134979248047,6814800
2015-04-14,73.73999786376953,73.86000061035156,73.18000030517578,73.77999877929688,61.240970611572266,5878700
2015-04-15,74.19000244140625,74.33000183105469,73.83000183105469,73.97000122070312,61.398651123046875,6254600
2015-04-16,74.05000305175781,74.2300033569336,73.81999969482422,73.93000030517578,61.36544418334961,4439500
2015-04-17,73.45999908447266,73.6500015258789,72.81999969482422,73.29000091552734,60.834232330322266,12115400
2015-04-20,73.66000366210938,73.94000244140625,73.55000305175781,73.73999786376953,61.2077522277832,6659500
2015-04-21,74.11000061035156,74.44999694824219,74.08000183105469,74.2300033569336,61.614463806152344,6577200
2015-04-22,74.4000015258789,74.51000213623047,73.97000122070312,74.3499984741211,61.71409225463867,6078200
2015-04-23,74.23999786376953,74.81999969482422,73.88999938964844,74.62999725341797,61.946475982666016,10532500
2015-04-24,74.4800033569336,74.7300033569336,74.06999969482422,74.38999938964844,61.747314453125,10397200
2015-04-27,74.56999969482422,74.63999938964844,72.94000244140625,73.04000091552734,60.62674331665039,17847700
2015-04-28,73.25,73.52999877929688,72.19999694824219,73.4000015258789,60.92552947998047,15798400
2015-04-29,72.88999938964844,73.41000366210938,72.25,72.7300033569336,60.36940002441406,13661300
2015-04-30,72.41999816894531,72.77999877929688,71.33000183105469,71.70999908447266,59.52273941040039,14554400
2015-05-01,72.19999694824219,72.72000122070312,72.19000244140625,72.68000030517578,60.32789611816406,11508300
2015-05-04,72.95999908447266,73.43000030517578,72.79000091552734,73.13999938964844,60.709716796875,8561700
2015-05-05,72.98999786376953,73.0,72.1500015258789,72.22000122070312,59.94609451293945,11373800
2015-05-06,72.41000366210938,72.44999694824219,71.41999816894531,71.94000244140625,59.71366500854492,10152200
2015-05-07,71.83999633789062,72.52999877929688,71.7300033569336,72.27999877929688,59.995880126953125,9019700
2015-05-08,73.0199966430664,73.6500015258789,72.95999908447266,73.44999694824219,60.9670295715332,11222400
2015-05-11,73.70999908447266,73.83999633789062,73.41999816894531,73.48999786376953,61.00022506713867,7980700
2015-05-12,72.95999908447266,73.31999969482422,72.68000030517578,73.0199966430664,60.610084533691406,7019800
2015-05-13,73.26000213623047,73.63999938964844,72.97000122070312,73.0999984741211,60.67652893066406,6005800
2015-05-14,73.48999786376953,74.13999938964844,73.19000244140625,74.11000061035156,61.51485824584961,6894400
2015-05-15,74.23999786376953,74.3499984741211,74.02999877929688,74.26000213623047,61.63938522338867,3872300
2015-05-18,74.20999908447266,74.79000091552734,74.16999816894531,74.69999694824219,62.004600524902344,6792200
2015-05-19,74.80000305175781,75.23999786376953,74.61000061035156,75.05000305175781,62.29510498046875,5869200
2015-05-20,75.18000030517578,75.47000122070312,74.8499984741211,75.1500015258789,62.37812423706055,10577000
2015-05-21,75.12999725341797,75.23999786376953,74.87999725341797,75.16000366210938,62.38643264770508,4537900
2015-05-22,75.02999877929688,75.33999633789062,74.91999816894531,74.9800033569336,62.237022399902344,4612300
2015-05-26,74.75,74.83000183105469,74.06999969482422,74.22000122070312,61.606163024902344,9533800
2015-05-27,74.4800033569336,75.16000366210938,74.27999877929688,75.08000183105469,62.32000732421875,13043700
2015-05-28,75.06999969482422,75.33999633789062,74.7699966430664,75.12999725341797,62.36150360107422,5766400
2015-05-29,75.01000213623047,75.62000274658203,74.70999908447266,74.94000244140625,62.203819274902344,9839200
2015-06-01,75.37000274658203,75.52999877929688,74.73999786376953,75.23999786376953,62.45281982421875,7466700
2015-06-02,75.0,75.08999633789062,74.45999908447266,74.75,62.046104431152344,5722400
2015-06-03,75.0,75.06999969482422,74.68000030517578,74.88999938964844,62.16230392456055,5357600
2015-06-04,74.61000061035156,74.91000366210938,74.11000061035156,74.37000274658203,61.73067092895508,6479500
2015-06-05,74.2699966430664,74.38999938964844,73.73999786376953,74.33999633789062,61.70579147338867,7772200
2015-06-08,74.36000061035156,74.5199966430664,73.97000122070312,73.97000122070312,61.398651123046875,6736600
2015-06-09,74.20999908447266,74.20999908447266,73.66000366210938,73.94999694824219,61.382049560546875,8297500
2015-06-10,74.12000274658203,74.94999694824219,73.9800033569336,74.86000061035156,62.137420654296875,7728800
2015-06-11,75.44000244140625,75.48999786376953,74.97000122070312,75.37000274658203,62.56069564819336,4912000
2015-06-12,75.0,75.11000061035156,74.33999633789062,74.44000244140625,61.788795471191406,6330600
2015-06-15,73.97000122070312,74.68000030517578,73.58999633789062,74.52999877929688,61.863494873046875,7150200
2015-06-16,74.48999786376953,74.94000244140625,74.33000183105469,74.9000015258789,62.170589447021484,6041400
2015-06-17,74.98999786376953,75.16000366210938,74.5,74.97000122070312,62.22871017456055,5132100
2015-06-18,75.11000061035156,76.27999877929688,75.08000183105469,76.02999877929688,63.10856246948242,9511200
2015-06-19,75.83999633789062,76.01000213623047,75.66000366210938,75.70999908447266,63.059417724609375,10327400
2015-06-22,76.2699966430664,76.66000366210938,76.20999908447266,76.30000305175781,63.55084228515625,6635000
2015-06-23,76.41000366210938,76.6500015258789,76.18000030517578,76.44999694824219,63.67578125,4631600
2015-06-24,76.3499984741211,76.41999816894531,75.68000030517578,75.68000030517578,63.034446716308594,7294400
2015-06-25,75.91000366210938,76.45999908447266,75.70999908447266,76.0999984741211,63.38423156738281,9232500
2015-06-26,76.20999908447266,76.5,75.72000122070312,75.98999786376953,63.29262161254883,6147500
2015-06-29,75.33000183105469,75.72000122070312,74.08999633789062,74.12999725341797,61.743431091308594,13675900
2015-06-30,74.93000030517578,74.94999694824219,74.1500015258789,74.38999938964844,61.959983825683594,8722200
2015-07-01,75.16000366210938,75.26000213623047,74.75,75.19000244140625,62.626319885253906,7756500
2015-07-02,75.36000061035156,75.41000366210938,74.69000244140625,74.83999633789062,62.33478927612305,5678800
2015-07-06,74.13999938964844,75.27999877929688,74.13999938964844,74.80999755859375,62.30980682373047,9352600
2015-07-07,74.91000366210938,75.16999816894531,73.88999938964844,75.16999816894531,62.609642028808594,10653300
2015-07-08,74.56999969482422,74.80000305175781,73.86000061035156,73.87999725341797,61.53521728515625,13074900
2015-07-09,74.68000030517578,74.87000274658203,74.23999786376953,74.27999877929688,61.86835479736328,6654600
2015-07-10,75.20999908447266,75.37000274658203,74.77999877929688,75.27999877929688,62.70128631591797,8059500
2015-07-13,75.81999969482422,76.08000183105469,75.61000061035156,75.91999816894531,63.23434829711914,7815100
2015-07-14,75.95999908447266,76.77999877929688,75.79000091552734,76.68000030517578,63.86732864379883,5831800
2015-07-15,76.91999816894531,77.26000213623047,76.55999755859375,76.77999877929688,63.950626373291016,6994900
2015-07-16,77.05999755859375,77.25,76.83999633789062,77.13999938964844,64.25048065185547,5109200
2015-07-17,77.05000305175781,77.06999969482422,76.66000366210938,76.97000122070312,64.10889434814453,3877900
2015-07-20,77.06999969482422,77.4000015258789,76.98999786376953,77.22000122070312,64.3171157836914,3874800
2015-07-21,77.19000244140625,77.38999938964844,76.52999877929688,76.87999725341797,64.03392028808594,8140200
2015-07-22,76.66999816894531,77.12000274658203,76.55000305175781,77.05000305175781,64.17550659179688,5765400
2015-07-23,77.19000244140625,77.3499984741211,76.62999725341797,76.7699966430664,63.942283630371094,5677400
2015-07-24,76.0,76.05000305175781,74.70999908447266,74.8499984741211,62.34312438964844,13229700
2015-07-27,74.66999816894531,74.93000030517578,74.38999938964844,74.77999877929688,62.28481674194336,11037000
2015-07-28,75.19999694824219,76.1500015258789,74.81999969482422,76.12999725341797,63.409236907958984,11445100
2015-07-29,76.45999908447266,76.61000061035156,75.94000244140625,76.26000213623047,63.51752471923828,9367000
2015-07-30,76.19000244140625,76.33000183105469,75.55999755859375,76.1500015258789,63.42591094970703,5381100
2015-07-31,76.44000244140625,76.93000030517578,76.38999938964844,76.58999633789062,63.79236602783203,7910300
2015-08-03,76.66999816894531,76.9000015258789,76.01000213623047,76.52999877929688,63.74241638183594,8447800
2015-08-04,76.91000366210938,76.94999694824219,76.25,76.48999786376953,63.70908737182617,10778700
2015-08-05,76.95999908447266,77.26000213623047,76.83000183105469,77.12999725341797,64.24217224121094,5391200
2015-08-06,77.19999694824219,77.2699966430664,75.37999725341797,75.44999694824219,62.84286117553711,13360200
2015-08-07,75.43000030517578,75.56999969482422,74.52999877929688,75.31999969482422,62.734588623046875,10863600
2015-08-10,75.56999969482422,76.26000213623047,75.56999969482422,75.93000030517578,63.242671966552734,7951100
2015-08-11,75.41000366210938,75.69000244140625,74.91000366210938,75.29000091552734,62.70957946777344,7914900
2015-08-12,74.72000122070312,75.41999816894531,73.9000015258789,75.33999633789062,62.7512321472168,9665900
2015-08-13,75.4000015258789,75.68000030517578,74.98999786376953,75.16999816894531,62.609642028808594,6329300
2015-08-14,74.95999908447266,75.41999816894531,74.80000305175781,75.37999725341797,62.7845573425293,5504000
2015-08-17,75.12999725341797,76.16000366210938,74.83000183105469,76.13999938964844,63.41758728027344,5796000
2015-08-18,76.05999755859375,76.44000244140625,75.91000366210938,76.02999877929688,63.325950622558594,5465900
2015-08-19,75.62000274658203,76.23999786376953,75.18000030517578,75.72000122070312,63.067745208740234,10070300
2015-08-20,75.16000366210938,75.44999694824219,73.95999908447266,73.95999908447266,61.601802825927734,12992900
2015-08-21,73.22000122070312,73.8499984741211,71.69000244140625,71.69999694824219,59.7194709777832,24008300
2015-08-24,67.38999938964844,71.06999969482422,56.630001068115234,68.6500015258789,57.1790771484375,33675700
2015-08-25,70.80000305175781,71.33999633789062,67.86000061035156,67.95999908447266,56.60437774658203,17883700
2015-08-26,69.83999633789062,70.9000015258789,68.16999816894531,70.83000183105469,58.99484634399414,26115600
2015-08-27,71.75,72.30999755859375,70.69000244140625,72.20999908447266,60.144248962402344,18689700
2015-08-28,71.8499984741211,72.23999786376953,71.2300033569336,71.80000305175781,59.80274963378906,10045600
2015-08-31,71.4800033569336,72.0999984741211,70.30999755859375,70.48999786376953,58.71165466308594,15143100
2015-09-01,68.63999938964844,69.76000213623047,68.31999969482422,68.63999938964844,57.170753479003906,21723600
2015-09-02,69.77999877929688,70.05000305175781,68.91000366210938,70.05000305175781,58.345157623291016,12491700
2015-09-03,70.44999694824219,70.83999633789062,69.38999938964844,69.55000305175781,57.92869567871094,14080100
2015-09-04,68.48999786376953,69.2699966430664,68.18000030517578,68.68000030517578,57.20408248901367,16587900
2015-09-08,69.94000244140625,70.69999694824219,69.5199966430664,70.5999984741211,58.80325698852539,11697400
2015-09-09,71.41999816894531,71.47000122070312,69.33000183105469,69.51000213623047,57.895389556884766,12424000
2015-09-10,69.54000091552734,70.70999908447266,69.31999969482422,70.18000030517578,58.453453063964844,17313700
2015-09-11,69.88999938964844,70.66000366210938,69.69000244140625,70.62999725341797,58.82823944091797,7633000
2015-09-14,70.6500015258789,70.77999877929688,70.08999633789062,70.41000366210938,58.645023345947266,6232200
2015-09-15,70.76000213623047,71.58999633789062,70.5,71.41999816894531,59.48625183105469,8414600
2015-09-16,71.44999694824219,71.75,70.91000366210938,71.62000274658203,59.65282440185547,12003400
2015-09-17,71.55000305175781,73.26000213623047,71.55000305175781,72.2699966430664,60.1942024230957,19149000
2015-09-18,71.0199966430664,71.66999816894531,70.80999755859375,70.91000366210938,59.27556228637695,23716000
2015-09-21,71.4000015258789,71.56999969482422,69.5,69.97000122070312,58.48976135253906,23860100
2015-09-22,69.01000213623047,69.66000366210938,68.76000213623047,69.54000091552734,58.13032150268555,29234000
2015-09-23,69.5999984741211,70.12000274658203,69.11000061035156,69.47000122070312,58.07181167602539,9578700
2015-09-24,68.9000015258789,69.16999816894531,67.98999786376953,68.76000213623047,57.47827911376953,20064500
2015-09-25,69.30999755859375,69.5199966430664,66.3499984741211,66.87999725341797,55.90674591064453,30973700
2015-09-28,66.45999908447266,66.5999984741211,63.72999954223633,64.29000091552734,53.741703033447266,66470200
2015-09-29,64.45999908447266,65.9800033569336,64.08000183105469,64.87999725341797,54.234901428222656,31776000
2015-09-30,65.83999633789062,66.41999816894531,65.37999725341797,66.2300033569336,55.363399505615234,26565600
2015-10-01,66.38999938964844,66.94999694824219,65.75,66.9000015258789,55.923484802246094,19853100
2015-10-02,66.02999877929688,68.30000305175781,65.72000122070312,68.29000091552734,57.08539962768555,23741800
2015-10-05,68.87999725341797,69.0199966430664,67.80000305175781,68.47000122070312,57.235870361328125,18389800
2015-10-06,68.25,68.44999694824219,65.91000366210938,66.86000061035156,55.89004135131836,30431600
2015-10-07,67.3499984741211,68.26000213623047,66.52999877929688,67.93000030517578,56.78447723388672,27466100
2015-10-08,67.54000091552734,68.3499984741211,66.87000274658203,68.12999725341797,56.95165252685547,23182700
2015-10-09,68.23999786376953,68.7300033569336,67.94000244140625,68.44000244140625,57.21080017089844,13890000
2015-10-12,68.13999938964844,68.83999633789062,68.05000305175781,68.62000274658203,57.36125946044922,11074500
2015-10-13,68.30999755859375,69.19000244140625,67.69000244140625,67.76000213623047,56.64237594604492,17273300
2015-10-14,68.12000274658203,68.68000030517578,67.44000244140625,67.62999725341797,56.5336799621582,21786200
2015-10-15,67.26000213623047,69.13999938964844,67.19000244140625,69.13999938964844,57.79594421386719,22133300
2015-10-16,69.33000183105469,69.86000061035156,69.16000366210938,69.76000213623047,58.31422424316406,17657000
2015-10-19,69.52999877929688,70.19999694824219,69.1500015258789,70.01000213623047,58.523189544677734,15694700
2015-10-20,69.79000091552734,70.01000213623047,68.61000061035156,68.91000366210938,57.603668212890625,14802000
2015-10-21,69.30000305175781,69.56999969482422,67.16000366210938,68.29000091552734,57.08539962768555,36068300
2015-10-22,68.38999938964844,68.5,67.02999877929688,67.87999725341797,56.742679595947266,35524500
2015-10-23,68.58000183105469,69.69000244140625,68.30000305175781,69.33000183105469,57.95477294921875,26524200
2015-10-26,69.16000366210938,70.06999969482422,68.93000030517578,69.5999984741211,58.18047332763672,17831900
2015-10-27,69.79000091552734,70.87999725341797,69.77999877929688,70.87999725341797,59.25045394897461,25160900
2015-10-28,70.7699966430664,71.51000213623047,70.13999938964844,71.47000122070312,59.74365997314453,18158000
2015-10-29,71.87999725341797,73.0,71.48999786376953,71.79000091552734,60.011146545410156,22780700
2015-10-30,72.01000213623047,72.20999908447266,71.33999633789062,71.33999633789062,59.63496398925781,12427200
2015-11-02,71.75,72.91000366210938,71.33999633789062,72.86000061035156,60.90556716918945,18646600
2015-11-03,72.66999816894531,72.83000183105469,72.08999633789062,72.5999984741211,60.6882438659668,10428700
2015-11-04,72.86000061035156,72.87999725341797,71.83999633789062,72.27999877929688,60.42075729370117,11533000
2015-11-05,72.33000183105469,72.3499984741211,71.37000274658203,72.05000305175781,60.22849655151367,9172000
2015-11-06,71.61000061035156,71.81999969482422,70.91999816894531,71.75,59.977699279785156,12661100
2015-11-09,71.62000274658203,71.62000274658203,70.79000091552734,71.19999694824219,59.5179557800293,15625000
2015-11-10,71.22000122070312,71.83999633789062,71.08000183105469,71.68000030517578,59.9192008972168,9737400
2015-11-11,71.94999694824219,71.94999694824219,70.95999908447266,70.97000122070312,59.325706481933594,10580900
2015-11-12,70.77999877929688,70.88999938964844,69.73999786376953,69.73999786376953,58.2974967956543,10870800
2015-11-13,69.5999984741211,70.27999877929688,69.4800033569336,69.56999969482422,58.1553955078125,18196800
2015-11-16,69.41999816894531,70.44000244140625,69.41000366210938,70.44000244140625,58.88264465332031,12959800
2015-11-17,70.58000183105469,71.20999908447266,70.22000122070312,70.73999786376953,59.1334114074707,7882300
2015-11-18,70.77999877929688,72.19999694824219,70.77999877929688,72.12000274658203,60.287017822265625,12816300
2015-11-19,71.66000366210938,71.75,70.8499984741211,70.91000366210938,59.27556228637695,11128000
2015-11-20,71.27999877929688,71.87000274658203,71.27999877929688,71.5199966430664,59.78545379638672,9224500
2015-11-23,71.37999725341797,71.77999877929688,71.12999725341797,71.33999633789062,59.63496398925781,10362700
2015-11-24,70.9000015258789,71.62999725341797,70.86000061035156,71.55999755859375,59.81888198852539,7174700
2015-11-25,71.75,72.05000305175781,71.5999984741211,71.94999694824219,60.1448974609375,4594400
2015-11-27,72.13999938964844,72.22000122070312,71.9000015258789,72.08999633789062,60.26191711425781,2658000
2015-11-30,72.19999694824219,72.20999908447266,71.11000061035156,71.11000061035156,59.44272994995117,8846100
2015-12-01,71.4800033569336,72.37000274658203,71.31999969482422,72.30999755859375,60.44583511352539,10659200
2015-12-02,72.38999938964844,72.61000061035156,71.58999633789062,71.69999694824219,59.93592834472656,9875100
2015-12-03,71.76000213623047,71.8499984741211,69.81999969482422,70.12999725341797,58.623504638671875,13191400
2015-12-04,70.44000244140625,71.88999938964844,70.2699966430664,71.77999877929688,60.00278854370117,14929800
2015-12-07,71.62999725341797,72.0,71.01000213623047,71.37999725341797,59.66840362548828,8511000
2015-12-08,70.83999633789062,71.73999786376953,70.83999633789062,71.54000091552734,59.802162170410156,7483600
2015-12-09,71.20999908447266,71.9000015258789,70.54000091552734,70.81999969482422,59.20030212402344,17593600
2015-12-10,70.81999969482422,71.83999633789062,70.75,71.3499984741211,59.643341064453125,9778500
2015-12-11,70.58999633789062,70.87999725341797,70.20999908447266,70.30000305175781,58.765621185302734,15178300
2015-12-14,70.56999969482422,70.8499984741211,69.66999816894531,70.76000213623047,59.150150299072266,21091500
2015-12-15,71.52999877929688,72.0199966430664,71.30000305175781,71.68000030517578,59.9192008972168,14006300
2015-12-16,72.27999877929688,72.72000122070312,71.2699966430664,72.61000061035156,60.69661331176758,15273700
2015-12-17,72.80999755859375,72.80999755859375,71.7699966430664,71.83000183105469,60.044593811035156,11469100
2015-12-18,71.33999633789062,71.43000030517578,70.4800033569336,70.48999786376953,59.174068450927734,15159800
2015-12-21,70.91000366210938,71.12999725341797,70.55000305175781,71.12999725341797,59.71133041381836,6707200
2015-12-22,71.37999725341797,71.70999908447266,70.97000122070312,71.61000061035156,60.114261627197266,7495800
2015-12-23,72.05999755859375,72.54000091552734,71.98999786376953,72.37999725341797,60.76066589355469,8091000
2015-12-24,72.13999938964844,72.68000030517578,72.11000061035156,72.44999694824219,60.81940841674805,2568300
2015-12-28,72.23999786376953,72.30000305175781,71.91000366210938,72.11000061035156,60.534000396728516,6534700
2015-12-29,72.58999633789062,73.16000366210938,72.44000244140625,72.98999786376953,61.272727966308594,7243100
2015-12-30,72.91000366210938,73.0999984741211,72.61000061035156,72.68000030517578,61.012508392333984,8496500
2015-12-31,72.41999816894531,72.75,72.02999877929688,72.02999877929688,60.46684265136719,6591700
2016-01-04,70.7699966430664,71.0,70.01000213623047,70.7300033569336,59.37553405761719,19666300
2016-01-05,70.93000030517578,71.37999725341797,70.76000213623047,71.06999969482422,59.66094207763672,14540000
2016-01-06,70.05999755859375,70.9800033569336,70.0,70.48999786376953,59.174068450927734,14651700
2016-01-07,69.12999725341797,70.01000213623047,68.87000274658203,69.05999755859375,57.97361373901367,17850400
2016-01-08,69.47000122070312,69.6500015258789,67.9000015258789,68.0199966430664,57.10057830810547,17022800
2016-01-11,68.31999969482422,68.3499984741211,66.26000213623047,67.20999908447266,56.42061233520508,28563800
2016-01-12,67.75,68.45999908447266,66.95999908447266,68.06999969482422,57.14255905151367,13727000
2016-01-13,68.19999694824219,68.5199966430664,65.9800033569336,66.05000305175781,55.44682693481445,16202500
2016-01-14,66.22000122070312,68.26000213623047,65.80999755859375,67.81999969482422,56.93266677856445,23342300
2016-01-15,66.0999984741211,67.18000030517578,65.91999816894531,66.87000274658203,56.13517761230469,17882300
2016-01-19,67.5999984741211,67.8499984741211,66.12999725341797,66.86000061035156,56.126800537109375,13495200
2016-01-20,65.68000030517578,67.63999938964844,64.86000061035156,66.98999786376953,56.23591232299805,24665600
2016-01-21,67.16000366210938,67.5,66.16000366210938,66.79000091552734,56.068023681640625,17102800
2016-01-22,67.7300033569336,68.02999877929688,67.41000366210938,67.8499984741211,56.9578742980957,11343800
2016-01-25,67.6500015258789,68.0999984741211,67.12999725341797,67.22000122070312,56.42900085449219,10131900
2016-01-26,67.26000213623047,67.86000061035156,66.73999786376953,67.7300033569336,56.85714340209961,12449700
2016-01-27,67.61000061035156,68.31999969482422,66.48999786376953,66.95999908447266,56.21074676513672,15924700
2016-01-28,67.27999877929688,67.31999969482422,65.05000305175781,65.4000015258789,54.90116882324219,26127300
2016-01-29,65.26000213623047,66.5,65.06999969482422,66.47000122070312,55.79940414428711,17578200
2016-02-01,66.0199966430664,66.91000366210938,65.66999816894531,66.56999969482422,55.883338928222656,16705700
2016-02-02,66.0999984741211,66.27999877929688,65.41000366210938,65.61000061035156,55.07746124267578,12968700
2016-02-03,65.80000305175781,66.11000061035156,64.56999969482422,66.04000091552734,55.438438415527344,19453100
2016-02-04,65.83999633789062,66.41999816894531,65.08999633789062,65.68000030517578,55.13621520996094,18958100
2016-02-05,65.31999969482422,65.5,64.06999969482422,64.4000015258789,54.06169128417969,16744000
2016-02-08,63.68000030517578,63.95000076293945,62.7599983215332,63.52000045776367,53.322959899902344,24652800
2016-02-09,62.75,64.62999725341797,62.68000030517578,63.9900016784668,53.71753692626953,20741700
2016-02-10,64.41000366210938,65.55999755859375,64.36000061035156,64.55999755859375,54.196006774902344,14728500
2016-02-11,63.400001525878906,64.02999877929688,63.040000915527344,63.52000045776367,53.322959899902344,22801100
2016-02-12,63.869998931884766,64.4000015258789,63.33000183105469,64.37000274658203,54.03651809692383,10316000
2016-02-16,65.05999755859375,65.61000061035156,64.83999633789062,65.58000183105469,55.052276611328125,17303000
2016-02-17,66.08999633789062,66.48999786376953,65.58999633789062,66.41000366210938,55.74903106689453,12140000
2016-02-18,66.48999786376953,66.76000213623047,65.83999633789062,66.0,55.404850006103516,9722100
2016-02-19,65.68000030517578,66.12000274658203,65.5199966430664,65.93000030517578,55.34607696533203,8875100
2016-02-22,66.47000122070312,66.87999725341797,66.36000061035156,66.87000274658203,56.13517761230469,7515700
2016-02-23,66.69000244140625,67.04000091552734,66.30000305175781,66.37000274658203,55.7154541015625,8211900
2016-02-24,65.98999786376953,66.68000030517578,65.29000091552734,66.58999633789062,55.90013122558594,11118600
2016-02-25,66.88999938964844,67.45999908447266,66.55999755859375,67.41999816894531,56.596885681152344,9496400
2016-02-26,67.7300033569336,68.0,67.23999786376953,67.30000305175781,56.496150970458984,10365700
2016-02-29,67.0999984741211,67.2699966430664,66.19999694824219,66.2300033569336,55.597923278808594,11091700
2016-03-01,66.5999984741211,67.66999816894531,66.16000366210938,67.6500015258789,56.78995132446289,14549100
2016-03-02,67.48999786376953,67.77999877929688,67.3499984741211,67.76000213623047,56.882320404052734,10923700
2016-03-03,67.58999633789062,67.6500015258789,66.94999694824219,67.56999969482422,56.72283172607422,10815000
2016-03-04,67.56999969482422,67.83999633789062,67.0999984741211,67.41000366210938,56.5885009765625,9855700
2016-03-07,66.97000122070312,68.18000030517578,66.95999908447266,67.94999694824219,57.04182434082031,11082400
2016-03-08,67.55000305175781,67.7699966430664,67.02999877929688,67.12000274658203,56.345054626464844,8204200
2016-03-09,67.30000305175781,67.52999877929688,66.77999877929688,67.23999786376953,56.44578552246094,13032500
2016-03-10,67.56999969482422,68.02999877929688,66.76000213623047,67.27999877929688,56.47936248779297,11287700
2016-03-11,67.70999908447266,68.5999984741211,67.66000366210938,68.58999633789062,57.57905960083008,10618300
2016-03-14,68.33999633789062,68.56999969482422,68.12999725341797,68.30000305175781,57.33561325073242,6140900
2016-03-15,67.8499984741211,67.98999786376953,67.04000091552734,67.23999786376953,56.44578552246094,15226500
2016-03-16,67.11000061035156,67.47000122070312,66.55000305175781,67.08000183105469,56.311492919921875,16881300
2016-03-17,67.0199966430664,67.02999877929688,65.66000366210938,66.30000305175781,55.65669250488281,20920400
2016-03-18,66.18000030517578,67.08000183105469,66.05999755859375,66.83999633789062,56.31129837036133,19524800
2016-03-21,66.9000015258789,67.37000274658203,66.79000091552734,67.2300033569336,56.639869689941406,12183600
2016-03-22,67.01000213623047,68.11000061035156,67.01000213623047,67.9000015258789,57.2043342590332,13200200
2016-03-23,67.8499984741211,67.97000122070312,67.36000061035156,67.41999816894531,56.7999267578125,9105100
2016-03-24,67.12000274658203,67.63999938964844,66.87000274658203,67.38999938964844,56.7746696472168,8492800
2016-03-28,67.56999969482422,67.63999938964844,67.0999984741211,67.19999694824219,56.61459732055664,7156300
2016-03-29,67.08000183105469,68.04000091552734,66.8499984741211,67.9800033569336,57.2717170715332,10455600
2016-03-30,68.31999969482422,68.5,67.87000274658203,67.98999786376953,57.28013610839844,7607700
2016-03-31,67.88999938964844,68.29000091552734,67.75,67.77999877929688,57.10322570800781,8602700
2016-04-01,67.5,68.80000305175781,67.37000274658203,68.55000305175781,57.7519416809082,9120200
2016-04-04,68.70999908447266,69.62000274658203,68.69999694824219,69.37000274658203,58.4427604675293,17381200
2016-04-05,68.55999755859375,68.87999725341797,68.30999755859375,68.47000122070312,57.68452453613281,16555000
2016-04-06,68.48999786376953,70.33999633789062,68.48999786376953,70.30999755859375,59.23469161987305,24546600
2016-04-07,69.80999755859375,70.27999877929688,69.18000030517578,69.54000091552734,58.58599090576172,19216700
2016-04-08,69.97000122070312,70.0,68.94000244140625,69.3499984741211,58.42591094970703,12883800
2016-04-11,69.31999969482422,69.5199966430664,68.66999816894531,68.81999969482422,57.979400634765625,8695500
2016-04-12,68.80999755859375,69.52999877929688,68.80000305175781,69.37999725341797,58.451194763183594,13510500
2016-04-13,69.69999694824219,70.06999969482422,69.33000183105469,70.02999877929688,58.998817443847656,9706200
2016-04-14,70.01000213623047,70.30000305175781,69.80999755859375,70.06999969482422,59.03250503540039,6655200
2016-04-15,70.23999786376953,70.23999786376953,69.55000305175781,70.0199966430664,58.99039077758789,7945300
2016-04-18,69.81999969482422,70.75,69.70999908447266,70.66999816894531,59.53797912597656,11505400
2016-04-19,70.79000091552734,71.30000305175781,70.52999877929688,70.91999816894531,59.748626708984375,6655000
2016-04-20,70.94000244140625,71.63999938964844,70.87999725341797,71.30000305175781,60.068756103515625,10763400
2016-04-21,71.33999633789062,71.87999725341797,71.25,71.72000122070312,60.422607421875,12463100
2016-04-22,71.76000213623047,72.11000061035156,71.44000244140625,71.87000274658203,60.54897689819336,12052800
2016-04-25,71.5999984741211,71.81999969482422,71.36000061035156,71.58999633789062,60.31308364868164,8937500
2016-04-26,71.7300033569336,71.7300033569336,71.11000061035156,71.31999969482422,60.085594177246094,7433500
2016-04-27,71.37000274658203,71.54000091552734,70.94000244140625,71.23999786376953,60.018184661865234,9121200
2016-04-28,70.83000183105469,71.58999633789062,70.51000213623047,70.9000015258789,59.73177719116211,19512000
2016-04-29,70.26000213623047,70.4000015258789,69.37000274658203,69.79000091552734,58.796592712402344,13577900
2016-05-02,69.91999816894531,70.22000122070312,69.62999725341797,70.19000244140625,59.133609771728516,9074800
2016-05-03,69.94000244140625,70.4000015258789,69.69999694824219,69.97000122070312,58.94825744628906,9436800
2016-05-04,69.52999877929688,69.6500015258789,69.11000061035156,69.30000305175781,58.383792877197266,11802000
2016-05-05,69.30999755859375,69.69000244140625,69.16000366210938,69.58999633789062,58.62813949584961,10145200
2016-05-06,69.33999633789062,69.54000091552734,68.61000061035156,69.18000030517578,58.282676696777344,14164300
2016-05-09,69.18000030517578,70.19000244140625,69.1500015258789,69.97000122070312,58.94825744628906,13606600
2016-05-10,70.25,70.56999969482422,70.05999755859375,70.55999755859375,59.445316314697266,11073000
2016-05-11,70.44999694824219,70.62999725341797,69.69999694824219,69.70999908447266,58.72920608520508,8452500
2016-05-12,69.86000061035156,70.06999969482422,68.9000015258789,69.30000305175781,58.383792877197266,11322900
2016-05-13,69.22000122070312,69.66999816894531,69.08000183105469,69.13999938964844,58.24900436401367,11947300
2016-05-16,69.1500015258789,70.2300033569336,69.12000274658203,70.08000183105469,59.040931701660156,8338100
2016-05-17,69.94999694824219,70.12999725341797,69.0999984741211,69.3499984741211,58.42591094970703,14920000
2016-05-18,69.23999786376953,69.98999786376953,69.16999816894531,69.63999938964844,58.67023849487305,11515200
2016-05-19,69.23999786376953,69.55999755859375,68.61000061035156,69.05000305175781,58.17318344116211,8765700
2016-05-20,69.30999755859375,69.93000030517578,69.27999877929688,69.69000244140625,58.71236801147461,7925700
2016-05-23,69.58999633789062,69.72000122070312,69.3499984741211,69.41000366210938,58.476470947265625,5061400
2016-05-24,69.76000213623047,70.5199966430664,69.66999816894531,70.41000366210938,59.31895065307617,11936400
2016-05-25,70.5999984741211,70.98999786376953,70.58999633789062,70.8499984741211,59.68962860107422,8949200
2016-05-26,70.87999725341797,71.0,70.62999725341797,70.86000061035156,59.698062896728516,5257700
2016-05-27,70.80999755859375,71.33999633789062,70.80999755859375,71.18000030517578,59.9676513671875,9641300
2016-05-31,71.4000015258789,71.5199966430664,71.04000091552734,71.3499984741211,60.11088180541992,7669800
2016-06-01,71.12999725341797,71.7699966430664,71.06999969482422,71.61000061035156,60.329917907714844,9301700
2016-06-02,71.55000305175781,72.52999877929688,71.45999908447266,72.52999877929688,61.10499954223633,12473100
2016-06-03,72.30999755859375,72.55000305175781,71.70999908447266,72.29000091552734,60.90279006958008,13896000
2016-06-06,72.30000305175781,72.80999755859375,72.12000274658203,72.68000030517578,61.231388092041016,9117600
2016-06-07,72.37999725341797,72.44999694824219,72.05000305175781,72.2300033569336,60.85224914550781,6439100
2016-06-08,72.16999816894531,72.61000061035156,72.01000213623047,72.4800033569336,61.06288528442383,4621300
2016-06-09,72.31999969482422,72.83000183105469,72.1500015258789,72.36000061035156,60.961761474609375,9608500
2016-06-10,71.94000244140625,71.9800033569336,71.44999694824219,71.77999877929688,60.47314453125,10270900
2016-06-13,71.5199966430664,72.05999755859375,71.19000244140625,71.20999908447266,59.99292755126953,8538400
2016-06-14,71.04000091552734,71.3499984741211,70.73999786376953,71.31999969482422,60.085594177246094,8000500
2016-06-15,71.51000213623047,71.66000366210938,70.7699966430664,70.83000183105469,59.672813415527344,7861100
2016-06-16,70.62000274658203,71.19999694824219,70.2699966430664,71.08000183105469,59.88340759277344,9341200
2016-06-17,70.9000015258789,70.93000030517578,69.80000305175781,70.05999755859375,59.26167297363281,10799100
2016-06-20,70.66000366210938,71.0,70.41000366210938,70.5,59.63387680053711,7983700
2016-06-21,70.73999786376953,70.80999755859375,70.0999984741211,70.26000213623047,59.430850982666016,7014900
2016-06-22,70.26000213623047,71.25,70.19999694824219,70.45999908447266,59.60002899169922,11207600
2016-06-23,71.08000183105469,71.38999938964844,70.75,71.37999725341797,60.37825012207031,7626900
2016-06-24,69.3499984741211,70.4000015258789,69.05000305175781,69.30999755859375,58.62728500366211,22576500
2016-06-27,68.83999633789062,69.08000183105469,68.08999633789062,68.37999725341797,57.84062576293945,18241500
2016-06-28,68.86000061035156,69.7699966430664,68.8499984741211,69.70999908447266,58.96565628051758,13652400
2016-06-29,70.19999694824219,71.23999786376953,70.19999694824219,71.04000091552734,60.09062957763672,8968400
2016-06-30,71.18000030517578,71.75,70.83000183105469,71.70999908447266,60.65739440917969,9535200
2016-07-01,71.87000274658203,72.33000183105469,71.63999938964844,72.16000366210938,61.038002014160156,6793100
2016-07-05,71.7300033569336,72.37999725341797,71.7300033569336,72.08999633789062,60.97881317138672,8359800
2016-07-06,71.9800033569336,73.05000305175781,71.9000015258789,72.9000015258789,61.66394805908203,18791500
2016-07-07,73.33999633789062,73.3499984741211,72.45999908447266,72.79000091552734,61.5709228515625,8022400
2016-07-08,73.1500015258789,73.70999908447266,72.76000213623047,73.69000244140625,62.33220291137695,11013200
2016-07-11,73.91000366210938,74.0999984741211,73.41999816894531,73.48999786376953,62.163021087646484,7375100
2016-07-12,73.6500015258789,73.95999908447266,73.58999633789062,73.8499984741211,62.467529296875,10237200
2016-07-13,74.08000183105469,74.18000030517578,73.75,73.81999969482422,62.44218063354492,6401900
2016-07-14,74.30999755859375,74.66000366210938,73.87000274658203,74.13999938964844,62.71284103393555,4813200
2016-07-15,74.41999816894531,74.62999725341797,73.98999786376953,74.08000183105469,62.66210174560547,7131300
2016-07-18,74.0999984741211,74.25,73.83999633789062,74.11000061035156,62.68744659423828,3954300
2016-07-19,74.19999694824219,74.37999725341797,73.7300033569336,73.94999694824219,62.55211639404297,6634700
2016-07-20,74.29000091552734,74.75,74.19000244140625,74.62000274658203,63.11884307861328,6855000
2016-07-21,74.62000274658203,74.98999786376953,74.55000305175781,74.83999633789062,63.30493927001953,9230800
2016-07-22,74.83000183105469,75.08000183105469,74.61000061035156,74.98999786376953,63.431819915771484,5446500
2016-07-25,75.01000213623047,75.06999969482422,74.44999694824219,74.91000366210938,63.364166259765625,5868400
2016-07-26,74.62000274658203,74.88999938964844,74.4800033569336,74.77999877929688,63.254188537597656,6904200
2016-07-27,74.62999725341797,75.23999786376953,74.48999786376953,75.12000274658203,63.54179382324219,7983100
2016-07-28,75.0,75.23999786376953,74.68000030517578,75.05000305175781,63.48257827758789,5470100
2016-07-29,74.91000366210938,75.33999633789062,74.7300033569336,75.19999694824219,63.609466552734375,4889200
2016-08-01,75.2699966430664,76.0,75.2699966430664,75.68000030517578,64.01546478271484,9255100
2016-08-02,75.73999786376953,75.73999786376953,74.93000030517578,75.38999938964844,63.77018737792969,12149300
2016-08-03,75.33999633789062,75.38999938964844,75.02999877929688,75.18000030517578,63.5925407409668,9761200
2016-08-04,75.2300033569336,75.3499984741211,74.97000122070312,75.06999969482422,63.49951934814453,8415500
2016-08-05,75.4000015258789,75.4000015258789,74.83000183105469,75.25,63.651756286621094,8244400
2016-08-08,75.19000244140625,75.19000244140625,74.3499984741211,74.61000061035156,63.11037826538086,6655500
2016-08-09,75.01000213623047,75.05000305175781,74.58000183105469,74.79000091552734,63.26265335083008,11261100
2016-08-10,74.76000213623047,74.76000213623047,74.33999633789062,74.54000091552734,63.05120086669922,7031600
2016-08-11,74.73999786376953,75.05000305175781,74.5999984741211,74.97000122070312,63.41490936279297,6599800
2016-08-12,74.83000183105469,74.86000061035156,74.51000213623047,74.77999877929688,63.254188537597656,6211900
2016-08-15,74.77999877929688,75.08000183105469,74.77999877929688,74.91000366210938,63.364166259765625,4122500
2016-08-16,74.80000305175781,74.80999755859375,74.23999786376953,74.23999786376953,62.797420501708984,6042300
2016-08-17,74.08000183105469,74.44999694824219,73.93000030517578,74.38999938964844,62.9243278503418,7296300
2016-08-18,74.37999725341797,74.58000183105469,74.19000244140625,74.41999816894531,62.94968795776367,4180100
2016-08-19,74.2699966430664,74.41000366210938,74.04000091552734,74.36000061035156,62.89893341064453,4323500
2016-08-22,74.38999938964844,74.79000091552734,74.30999755859375,74.51000213623047,63.02580261230469,4090200
2016-08-23,74.7699966430664,75.0,74.54000091552734,74.58000183105469,63.08503341674805,8557900
2016-08-24,74.55000305175781,74.70999908447266,73.2300033569336,73.41000366210938,62.09536361694336,8670400
2016-08-25,73.20999908447266,73.51000213623047,72.47000122070312,72.79000091552734,61.5709228515625,8766500
2016-08-26,72.87000274658203,73.44999694824219,72.62999725341797,73.06999969482422,61.8077392578125,9974300
2016-08-29,73.0999984741211,73.41000366210938,72.91999816894531,73.2300033569336,61.943119049072266,7372100
2016-08-30,73.31999969482422,73.31999969482422,72.80000305175781,72.9800033569336,61.73164749145508,5497900
2016-08-31,72.87999725341797,72.97000122070312,72.4800033569336,72.76000213623047,61.54553985595703,4756800
2016-09-01,72.76000213623047,72.8499984741211,72.23999786376953,72.56999969482422,61.384822845458984,9501400
2016-09-02,72.72000122070312,72.87000274658203,72.44999694824219,72.6500015258789,61.452491760253906,8052300
2016-09-06,72.7699966430664,73.06999969482422,72.66000366210938,72.91000366210938,61.67242431640625,8735800
2016-09-07,72.8499984741211,73.16999816894531,72.69999694824219,72.91000366210938,61.67242431640625,7561600
2016-09-08,72.68000030517578,73.02999877929688,72.61000061035156,72.97000122070312,61.723148345947266,4822200
2016-09-09,72.55999755859375,72.55999755859375,71.48999786376953,71.51000213623047,60.48822021484375,14135500
2016-09-12,71.11000061035156,72.76000213623047,71.08999633789062,72.56999969482422,61.384822845458984,13023400
2016-09-13,72.12000274658203,72.12000274658203,71.22000122070312,71.5999984741211,60.56435775756836,12194200
2016-09-14,71.56999969482422,72.06999969482422,71.30999755859375,71.5999984741211,60.56435775756836,13108500
2016-09-15,71.47000122070312,72.54000091552734,71.30000305175781,72.33999633789062,61.190284729003906,9613600
2016-09-16,71.98999786376953,72.20999908447266,71.83000183105469,72.11000061035156,61.23187255859375,8691000
2016-09-19,72.29000091552734,72.44000244140625,71.76000213623047,71.8499984741211,61.01108169555664,9919700
2016-09-20,72.16000366210938,72.33999633789062,72.04000091552734,72.06999969482422,61.19791030883789,5286600
2016-09-21,72.30999755859375,72.93000030517578,71.87000274658203,72.79000091552734,61.809303283691406,8485900
2016-09-22,73.08999633789062,73.47000122070312,73.05000305175781,73.33999633789062,62.276309967041016,6501900
2016-09-23,73.2300033569336,73.41000366210938,73.0999984741211,73.11000061035156,62.081031799316406,5420400
2016-09-26,72.83999633789062,72.9000015258789,72.08999633789062,72.26000213623047,61.359249114990234,5534100
2016-09-27,72.16999816894531,72.77999877929688,72.01000213623047,72.7699966430664,61.792320251464844,7839000
2016-09-28,72.83999633789062,72.8499984741211,72.27999877929688,72.66000366210938,61.698917388916016,6522600
2016-09-29,72.56999969482422,72.66000366210938,71.16999816894531,71.37999725341797,60.61201858520508,8857900
2016-09-30,71.52999877929688,72.30999755859375,71.48999786376953,72.11000061035156,61.23187255859375,7453500
2016-10-03,71.79000091552734,72.05000305175781,71.48999786376953,72.05000305175781,61.180931091308594,9187900
2016-10-04,71.97000122070312,72.2699966430664,71.55000305175781,71.91000366210938,61.062049865722656,10594600
2016-10-05,72.0999984741211,72.3499984741211,71.98999786376953,72.19000244140625,61.299827575683594,12842100
2016-10-06,71.94999694824219,72.0199966430664,71.48999786376953,71.91999816894531,61.070552825927734,9308900
2016-10-07,71.8499984741211,72.20999908447266,71.44999694824219,71.87000274658203,61.028076171875,9920400
2016-10-10,72.0,72.41999816894531,72.0,72.19999694824219,61.308311462402344,11039500
2016-10-11,71.8499984741211,71.8499984741211,70.08000183105469,70.38999938964844,59.77134704589844,12499700
2016-10-12,70.43000030517578,70.70999908447266,69.98999786376953,70.05999755859375,59.49111557006836,11746400
2016-10-13,69.6500015258789,70.3499984741211,69.41999816894531,70.08999633789062,59.516597747802734,13623100
2016-10-14,70.25,70.44000244140625,69.5999984741211,69.62000274658203,59.117523193359375,8382400
2016-10-17,69.51000213623047,69.6500015258789,69.23999786376953,69.38999938964844,58.92220687866211,8463000
2016-10-18,70.02999877929688,70.37000274658203,69.86000061035156,70.22000122070312,59.62697982788086,5495800
2016-10-19,70.30999755859375,70.37000274658203,69.94000244140625,69.95999908447266,59.40623474121094,5296700
2016-10-20,70.05000305175781,70.51000213623047,69.91999816894531,70.29000091552734,59.68645477294922,6876000
2016-10-21,69.93000030517578,69.93000030517578,69.52999877929688,69.70999908447266,59.1939582824707,5511600
2016-10-24,70.0199966430664,70.08999633789062,69.58000183105469,69.58000183105469,59.083553314208984,7384700
2016-10-25,69.5,69.70999908447266,69.29000091552734,69.37999725341797,58.91371536254883,7922100
2016-10-26,69.2699966430664,69.37999725341797,68.68000030517578,68.95999908447266,58.55707550048828,8073700
2016-10-27,69.48999786376953,69.76000213623047,69.0999984741211,69.27999877929688,58.82878875732422,6974700
2016-10-28,68.44999694824219,68.63999938964844,67.4800033569336,67.77999877929688,57.555076599121094,18469300
2016-10-31,67.76000213623047,67.7699966430664,67.33000183105469,67.36000061035156,57.19844055175781,12689000
2016-11-01,67.4000015258789,67.58999633789062,66.4800033569336,67.0,56.89273452758789,14908700
2016-11-02,66.87000274658203,67.38999938964844,66.6500015258789,66.6500015258789,56.595550537109375,17942900
2016-11-03,66.87000274658203,67.1500015258789,65.95999908447266,66.0199966430664,56.060577392578125,22074200
2016-11-04,66.19999694824219,67.02999877929688,66.12999725341797,66.4800033569336,56.45119094848633,21382600
2016-11-07,67.19999694824219,68.36000061035156,67.16000366210938,68.18000030517578,57.89472961425781,17367800
2016-11-08,67.73999786376953,68.83000183105469,67.6500015258789,68.37000274658203,58.05607223510742,15943900
2016-11-09,68.37000274658203,71.56999969482422,68.37000274658203,70.77999877929688,60.102516174316406,49750100
2016-11-10,71.94000244140625,72.08000183105469,71.05999755859375,71.55999755859375,60.76483917236328,28378900
2016-11-11,71.36000061035156,71.36000061035156,70.18000030517578,70.48999786376953,59.85625076293945,15866100
2016-11-14,70.80000305175781,70.87999725341797,70.12999725341797,70.2699966430664,59.6694450378418,17406200
2016-11-15,70.54000091552734,70.54000091552734,69.81999969482422,70.47000122070312,59.83927536010742,10371600
2016-11-16,70.29000091552734,70.62999725341797,70.08000183105469,70.16999816894531,59.584537506103516,7585000
2016-11-17,70.19000244140625,70.47000122070312,70.0199966430664,70.44999694824219,59.82229232788086,12856200
2016-11-18,70.51000213623047,70.69999694824219,69.66000366210938,69.69999694824219,59.18544006347656,12185000
2016-11-21,69.8499984741211,70.0199966430664,69.7699966430664,69.94999694824219,59.397727966308594,6791800
2016-11-22,69.91999816894531,69.91999816894531,68.47000122070312,68.94000244140625,58.54009246826172,14522100
2016-11-23,67.79000091552734,69.22000122070312,67.79000091552734,69.20999908447266,58.769378662109375,13676000
2016-11-25,69.41000366210938,69.54000091552734,69.20999908447266,69.4800033569336,58.998626708984375,4009300
2016-11-28,69.3499984741211,69.36000061035156,68.8499984741211,68.95999908447266,58.55707550048828,6507200
2016-11-29,69.12000274658203,69.61000061035156,69.11000061035156,69.41000366210938,58.93918991088867,7093900
2016-11-30,69.45999908447266,69.4800033569336,68.72000122070312,68.75,58.37874984741211,8640700
2016-12-01,68.83000183105469,69.0,68.05000305175781,68.25,57.95417022705078,11360700
2016-12-02,68.37000274658203,68.68000030517578,68.13999938964844,68.41000366210938,58.09005355834961,7964500
2016-12-05,68.69000244140625,68.79000091552734,68.06999969482422,68.29000091552734,57.988136291503906,5832100
2016-12-06,68.48999786376953,68.5,68.08999633789062,68.4800033569336,58.14948654174805,5490800
2016-12-07,67.94000244140625,67.94000244140625,66.97000122070312,67.88999938964844,57.64847183227539,12758900
2016-12-08,67.68000030517578,68.08999633789062,67.29000091552734,68.0199966430664,57.75887680053711,7586600
2016-12-09,68.26000213623047,68.9800033569336,68.26000213623047,68.8499984741211,58.46366882324219,12100200
2016-12-12,68.8499984741211,69.27999877929688,68.72000122070312,69.18000030517578,58.74386978149414,15018100
2016-12-13,69.43000030517578,69.83999633789062,69.2300033569336,69.73999786376953,59.219398498535156,11041400
2016-12-14,69.7300033569336,70.0999984741211,69.13999938964844,69.37999725341797,58.91371536254883,11682200
2016-12-15,69.66000366210938,69.9000015258789,69.41000366210938,69.83000183105469,59.29582977294922,8210100
2016-12-16,69.68000030517578,69.87000274658203,69.37999725341797,69.58000183105469,59.34273910522461,8257100
2016-12-19,69.62999725341797,69.94000244140625,69.19999694824219,69.29000091552734,59.095420837402344,9318300
2016-12-20,69.31999969482422,69.4800033569336,69.08000183105469,69.23999786376953,59.05274963378906,4885000
2016-12-21,69.27999877929688,69.30999755859375,68.7300033569336,68.8499984741211,58.72013854980469,5432300
2016-12-22,68.76000213623047,68.95999908447266,68.4800033569336,68.94000244140625,58.79689407348633,4458400
2016-12-23,68.95999908447266,69.5,68.95999908447266,69.45999908447266,59.24039077758789,4188700
2016-12-27,69.55000305175781,70.0,69.52999877929688,69.5999984741211,59.35978698730469,5141200
2016-12-28,69.66999816894531,69.75,69.05999755859375,69.06999969482422,58.907779693603516,4558800
2016-12-29,69.11000061035156,69.41000366210938,69.08000183105469,69.19000244140625,59.01013946533203,5539200
2016-12-30,69.19999694824219,69.2699966430664,68.72000122070312,68.94000244140625,58.79689407348633,6649000
2017-01-03,69.30999755859375,69.86000061035156,69.22000122070312,69.83999633789062,59.56448745727539,11792900
2017-01-04,69.94999694824219,70.58000183105469,69.94999694824219,70.38999938964844,60.033565521240234,9174500
2017-01-05,70.33000183105469,70.7699966430664,70.2699966430664,70.75,60.340599060058594,5979300
2017-01-06,70.7699966430664,71.1500015258789,70.5199966430664,70.94999694824219,60.51115798950195,5769300
2017-01-09,70.94999694824219,71.37000274658203,70.81999969482422,71.25,60.767024993896484,5751900
2017-01-10,71.37000274658203,71.91000366210938,71.20999908447266,71.5,60.98024368286133,10320500
2017-01-11,71.58999633789062,71.83999633789062,70.05000305175781,70.77999877929688,60.366180419921875,23742000
2017-01-12,70.43000030517578,70.88999938964844,70.26000213623047,70.8499984741211,60.425899505615234,9358900
2017-01-13,70.91000366210938,71.16000366210938,70.75,70.91999816894531,60.48558044433594,5279000
2017-01-17,70.4800033569336,70.68000030517578,69.9800033569336,70.55999755859375,60.178558349609375,6038200
2017-01-18,70.69999694824219,70.86000061035156,70.33000183105469,70.47000122070312,60.10178756713867,6174200
2017-01-19,70.44999694824219,70.61000061035156,69.91000366210938,70.0199966430664,59.71800994873047,6470700
2017-01-20,70.0199966430664,70.37000274658203,69.77999877929688,69.83999633789062,59.56448745727539,7006900
2017-01-23,69.75,69.94000244140625,69.29000091552734,69.55000305175781,59.31716537475586,10003700
2017-01-24,69.4800033569336,69.52999877929688,68.75,69.06999969482422,58.907779693603516,8703500
2017-01-25,69.12999725341797,69.75,69.08999633789062,69.72000122070312,59.46213150024414,6553800
2017-01-26,69.56999969482422,69.69000244140625,69.16999816894531,69.18000030517578,59.00157928466797,6612500
2017-01-27,69.33999633789062,69.80000305175781,69.31999969482422,69.75,59.48772430419922,7264900
2017-01-30,69.58000183105469,69.72000122070312,69.12000274658203,69.41000366210938,59.197757720947266,7281900
2017-01-31,69.04000091552734,70.5199966430664,68.98999786376953,70.5199966430664,60.14443588256836,14342500
2017-02-01,70.5199966430664,71.12999725341797,70.37999725341797,71.12999725341797,60.66468048095703,19490500
2017-02-02,70.77999877929688,71.1500015258789,70.55999755859375,71.11000061035156,60.647640228271484,14539400
2017-02-03,71.33999633789062,71.48999786376953,71.0,71.41999816894531,60.91204071044922,15104800
2017-02-06,71.29000091552734,71.5,71.1500015258789,71.5,60.98024368286133,11561600
2017-02-07,71.55000305175781,71.83000183105469,71.33000183105469,71.56999969482422,61.03993606567383,11278000
2017-02-08,71.19000244140625,71.54000091552734,70.98999786376953,71.45999908447266,60.946128845214844,6812900
2017-02-09,71.44999694824219,71.93000030517578,71.38999938964844,71.72000122070312,61.167884826660156,7869200
2017-02-10,71.83000183105469,72.0199966430664,71.66000366210938,71.86000061035156,61.28727340698242,4440300
2017-02-13,71.93000030517578,72.33999633789062,71.93000030517578,72.30000305175781,61.66252899169922,6465200
2017-02-14,72.22000122070312,72.87000274658203,72.16999816894531,72.87000274658203,62.14868927001953,10403000
2017-02-15,72.70999908447266,73.80000305175781,72.63999938964844,73.66000366210938,62.82245635986328,10091700
2017-02-16,73.68000030517578,73.75,73.05999755859375,73.55999755859375,62.737159729003906,11332600
2017-02-17,73.27999877929688,73.69999694824219,73.27999877929688,73.66000366210938,62.82245635986328,12118400
2017-02-21,73.6500015258789,74.2300033569336,73.6500015258789,73.98999786376953,63.10389709472656,10651800
2017-02-22,73.9000015258789,74.13999938964844,73.81999969482422,73.87999725341797,63.010093688964844,6634300
2017-02-23,73.95999908447266,74.55000305175781,73.87000274658203,74.41999816894531,63.47064208984375,8685600
2017-02-24,74.30000305175781,74.81999969482422,74.2699966430664,74.77999877929688,63.777679443359375,9103000
2017-02-27,74.83000183105469,75.18000030517578,74.66999816894531,75.13999938964844,64.08468627929688,8178200
2017-02-28,74.93000030517578,75.2300033569336,74.7699966430664,74.98999786376953,63.956764221191406,10258600
2017-03-01,75.44000244140625,75.93000030517578,75.22000122070312,75.73999786376953,64.59642028808594,15196600
2017-03-02,75.62000274658203,75.88999938964844,75.48999786376953,75.5,64.3917236328125,7889300
2017-03-03,75.38999938964844,75.86000061035156,75.36000061035156,75.80000305175781,64.6475830078125,6635300
2017-03-06,75.69000244140625,75.75,75.23999786376953,75.51000213623047,64.4002685546875,5886900
2017-03-07,74.88999938964844,75.36000061035156,74.73999786376953,74.9800033569336,63.94821548461914,12330600
2017-03-08,74.97000122070312,75.54000091552734,74.91999816894531,75.27999877929688,64.2041015625,8130000
2017-03-09,75.2699966430664,75.79000091552734,75.22000122070312,75.69000244140625,64.55378723144531,8451400
2017-03-10,76.01000213623047,76.08999633789062,75.69999694824219,75.9800033569336,64.80110168457031,10455800
2017-03-13,76.05000305175781,76.05000305175781,75.62000274658203,75.91999816894531,64.74993896484375,6898500
2017-03-14,75.70999908447266,75.95999908447266,75.55999755859375,75.63999938964844,64.5111312866211,7296300
2017-03-15,75.75,76.75,75.75,76.58999633789062,65.32137298583984,11044900
2017-03-16,76.4000015258789,76.4000015258789,75.55999755859375,75.8499984741211,64.69021606445312,12129400
2017-03-17,75.38999938964844,75.52999877929688,75.12000274658203,75.16000366210938,64.33415222167969,10401000
2017-03-20,75.18000030517578,75.29000091552734,74.9000015258789,75.05000305175781,64.24002075195312,4728300
2017-03-21,75.12999725341797,75.38999938964844,72.33000183105469,74.45999908447266,63.734962463378906,16650400
2017-03-22,74.56999969482422,74.66999816894531,74.11000061035156,74.4800033569336,63.75209426879883,9954300
2017-03-23,74.38999938964844,74.7699966430664,74.11000061035156,74.25,63.55524826049805,13250500
2017-03-24,74.29000091552734,74.62000274658203,73.9800033569336,74.29000091552734,63.58948516845703,9229500
2017-03-27,73.76000213623047,74.62000274658203,73.62000274658203,74.48999786376953,63.76066589355469,6946300
2017-03-28,74.33999633789062,74.63999938964844,74.11000061035156,74.54000091552734,63.80345916748047,7392300
2017-03-29,74.56999969482422,74.73999786376953,74.38999938964844,74.55999755859375,63.82059097290039,4357800
2017-03-30,74.47000122070312,74.72000122070312,74.2699966430664,74.56999969482422,63.829132080078125,7137400
2017-03-31,74.38999938964844,74.55999755859375,74.27999877929688,74.36000061035156,63.64935302734375,5895400
2017-04-03,74.44000244140625,74.79000091552734,74.12999725341797,74.41999816894531,63.70074462890625,12354800
2017-04-04,74.4000015258789,74.4800033569336,74.16999816894531,74.37999725341797,63.66651153564453,5228600
2017-04-05,74.4800033569336,74.91999816894531,74.0999984741211,74.1500015258789,63.469627380371094,6470100
2017-04-06,74.16999816894531,74.41999816894531,73.94999694824219,74.27999877929688,63.58092498779297,5253300
2017-04-07,74.33000183105469,74.5999984741211,74.12999725341797,74.41000366210938,63.692169189453125,5638200
2017-04-10,74.38999938964844,74.63999938964844,74.19999694824219,74.2699966430664,63.572349548339844,4530000
2017-04-11,74.1500015258789,74.33999633789062,73.76000213623047,74.16999816894531,63.48676300048828,5472600
2017-04-12,74.08999633789062,74.29000091552734,73.87000274658203,74.16999816894531,63.48676300048828,3782200
2017-04-13,74.08000183105469,74.33000183105469,73.9800033569336,73.9800033569336,63.32413101196289,6671100
2017-04-17,73.88999938964844,74.2699966430664,73.83000183105469,74.25,63.55524826049805,6149900
2017-04-18,73.83999633789062,73.83999633789062,73.16000366210938,73.44000244140625,62.86189270019531,7519500
2017-04-19,73.68000030517578,73.87000274658203,73.52999877929688,73.66000366210938,63.05022048950195,5023100
2017-04-20,73.80999755859375,74.2699966430664,73.47000122070312,74.12000274658203,63.443965911865234,7307300
2017-04-21,73.98999786376953,74.05999755859375,73.51000213623047,73.68000030517578,63.067344665527344,6763000
2017-04-24,74.38999938964844,74.58999633789062,74.30999755859375,74.41000366210938,63.692169189453125,5450000
2017-04-25,74.70999908447266,74.94000244140625,74.5,74.7300033569336,63.966094970703125,9035700
2017-04-26,75.0,75.44000244140625,74.94000244140625,75.13999938964844,64.31702423095703,6240400
2017-04-27,75.16000366210938,75.6500015258789,75.01000213623047,75.30000305175781,64.45402526855469,6962800
2017-04-28,75.36000061035156,75.54000091552734,75.23999786376953,75.5,64.62518310546875,5781100
2017-05-01,75.62999725341797,75.81999969482422,75.5,75.66999816894531,64.77067565917969,7182000
2017-05-02,75.73999786376953,75.9000015258789,75.30000305175781,75.87999725341797,64.9504165649414,5243800
2017-05-03,75.6500015258789,75.70999908447266,75.33999633789062,75.51000213623047,64.63375854492188,8094100
2017-05-04,75.7699966430664,76.01000213623047,75.66000366210938,76.01000213623047,65.06172943115234,4275400
2017-05-05,76.18000030517578,76.19999694824219,75.66000366210938,75.97000122070312,65.02750396728516,5720100
2017-05-08,75.91000366210938,75.97000122070312,75.38999938964844,75.5,64.62518310546875,6558500
2017-05-09,75.54000091552734,75.7300033569336,75.44999694824219,75.58999633789062,64.70222473144531,3830200
2017-05-10,75.47000122070312,75.4800033569336,75.05999755859375,75.37000274658203,64.51392364501953,4314900
2017-05-11,75.25,75.44000244140625,75.02999877929688,75.41000366210938,64.54814147949219,6791600
2017-05-12,75.37999725341797,75.48999786376953,75.2300033569336,75.27999877929688,64.43685913085938,2638000
2017-05-15,75.31999969482422,75.80999755859375,75.25,75.7699966430664,64.8563003540039,7320800
2017-05-16,75.69000244140625,75.76000213623047,75.2699966430664,75.4800033569336,64.60807037353516,5471700
2017-05-17,74.87000274658203,75.08000183105469,74.48999786376953,74.48999786376953,63.76066589355469,11434000
2017-05-18,74.44999694824219,75.25,74.44999694824219,74.81999969482422,64.0431137084961,10690500
2017-05-19,74.94999694824219,75.2699966430664,74.8499984741211,75.02999877929688,64.22288513183594,9209800
2017-05-22,74.95999908447266,75.31999969482422,74.80000305175781,75.2300033569336,64.39408111572266,4999100
2017-05-23,75.33000183105469,75.63999938964844,75.2699966430664,75.4800033569336,64.60807037353516,4216100
2017-05-24,75.5199966430664,75.7300033569336,75.33999633789062,75.66999816894531,64.77067565917969,5186400
2017-05-25,75.83999633789062,76.18000030517578,75.66000366210938,76.02999877929688,65.0788345336914,4479400
2017-05-26,75.97000122070312,76.19000244140625,75.80999755859375,75.88999938964844,64.958984375,4507400
2017-05-30,75.6500015258789,75.97000122070312,75.6500015258789,75.77999877929688,64.86487579345703,4651200
2017-05-31,75.93000030517578,76.25,75.86000061035156,76.08000183105469,65.12164306640625,5884400
2017-06-01,76.20999908447266,76.9800033569336,76.12999725341797,76.91999816894531,65.84065246582031,9149900
2017-06-02,77.13999938964844,77.5199966430664,77.06999969482422,77.41999816894531,66.26863861083984,4833000
2017-06-05,77.41999816894531,77.5,77.0199966430664,77.19999694824219,66.0802993774414,5558900
2017-06-06,77.05000305175781,77.29000091552734,76.87999725341797,77.01000213623047,65.91767883300781,4316500
2017-06-07,77.11000061035156,77.30000305175781,76.97000122070312,77.22000122070312,66.0974349975586,4415700
2017-06-08,77.16999816894531,77.36000061035156,76.80000305175781,77.0,65.90913391113281,6304400
2017-06-09,77.0999984741211,77.76000213623047,77.0,77.5199966430664,66.35421752929688,13419000
2017-06-12,77.45999908447266,77.73999786376953,77.05000305175781,77.41999816894531,66.26863861083984,7700600
2017-06-13,77.48999786376953,77.68000030517578,77.30999755859375,77.58000183105469,66.40559387207031,5592500
2017-06-14,77.70999908447266,78.16999816894531,77.68000030517578,77.94999694824219,66.7222900390625,6782300
2017-06-15,77.6500015258789,77.93000030517578,77.44000244140625,77.87000274658203,66.65380096435547,8186000
2017-06-16,77.66000366210938,77.8499984741211,77.27999877929688,77.69000244140625,66.76380157470703,14165200
2017-06-19,77.80000305175781,78.56999969482422,77.76000213623047,78.5,67.45990753173828,8294400
2017-06-20,78.48999786376953,79.19000244140625,78.45999908447266,78.76000213623047,67.68333435058594,7697200
2017-06-21,78.91999816894531,79.79000091552734,78.87000274658203,79.76000213623047,68.54269409179688,9481200
2017-06-22,79.88999938964844,81.08000183105469,79.86000061035156,80.58999633789062,69.25594329833984,12341100
2017-06-23,80.48999786376953,80.63999938964844,80.16999816894531,80.47000122070312,69.15286254882812,8779600
2017-06-26,80.69999694824219,80.69999694824219,80.2699966430664,80.38999938964844,69.08409118652344,7434400
2017-06-27,80.38999938964844,80.48999786376953,79.63999938964844,79.66000366210938,68.45675659179688,8428000
2017-06-28,79.91999816894531,80.27999877929688,79.87999725341797,80.08000183105469,68.81769561767578,8674200
2017-06-29,79.98999786376953,80.05999755859375,78.86000061035156,79.3499984741211,68.19034576416016,8445800
2017-06-30,79.66000366210938,79.66000366210938,79.23999786376953,79.23999786376953,68.09581756591797,7817400
2017-07-03,79.51000213623047,79.75,79.37000274658203,79.37999725341797,68.21614837646484,5904200
2017-07-05,79.48999786376953,79.94999694824219,79.20999908447266,79.8499984741211,68.62002563476562,8955500
2017-07-06,79.51000213623047,79.66000366210938,78.70999908447266,78.81999969482422,67.7348861694336,6367700
2017-07-07,79.0999984741211,79.30999755859375,78.9000015258789,79.22000122070312,68.07865142822266,4371400
2017-07-10,79.25,79.27999877929688,78.87000274658203,79.06999969482422,67.9497299194336,3580000
2017-07-11,79.0199966430664,79.19000244140625,78.58000183105469,78.9800033569336,67.87240600585938,4117500
2017-07-12,79.37000274658203,79.77999877929688,79.3499984741211,79.5199966430664,68.3364486694336,8808200
2017-07-13,79.58999633789062,79.83999633789062,79.05000305175781,79.58999633789062,68.39659118652344,9437700
2017-07-14,79.76000213623047,80.30000305175781,79.5999984741211,80.12999725341797,68.86066436767578,5750000
2017-07-17,80.2300033569336,80.29000091552734,79.81999969482422,79.83999633789062,68.61143493652344,5743700
2017-07-18,79.73999786376953,79.9800033569336,79.36000061035156,79.9000015258789,68.66302490234375,8042700
2017-07-19,80.23999786376953,80.55000305175781,80.23999786376953,80.55000305175781,69.2215805053711,8177900
2017-07-20,80.73999786376953,81.20999908447266,80.61000061035156,81.08000183105469,69.67707061767578,8276800
2017-07-21,80.91000366210938,81.11000061035156,80.8499984741211,80.98999786376953,69.59970092773438,4043600
2017-07-24,80.91999816894531,81.04000091552734,80.61000061035156,80.95999908447266,69.57390594482422,4476800
2017-07-25,81.1500015258789,81.20999908447266,80.26000213623047,80.37999725341797,69.07550048828125,8486000
2017-07-26,80.19999694824219,80.27999877929688,79.88999938964844,80.11000061035156,68.84347534179688,4964100
2017-07-27,80.19000244140625,80.19000244140625,79.2300033569336,79.55999755859375,68.3708267211914,12536800
2017-07-28,79.58999633789062,80.05999755859375,79.25,79.95999908447266,68.71458435058594,6426100
2017-07-31,80.05999755859375,80.22000122070312,79.87999725341797,79.88999938964844,68.6544189453125,5516800
2017-08-01,80.18000030517578,80.18000030517578,79.61000061035156,79.70999908447266,68.49974060058594,8678800
2017-08-02,79.69999694824219,79.69999694824219,79.25,79.52999877929688,68.34504699707031,7718500
2017-08-03,79.56999969482422,79.81999969482422,79.30999755859375,79.66000366210938,68.45675659179688,8003600
2017-08-04,80.02999877929688,80.02999877929688,79.37999725341797,79.4800033569336,68.30207061767578,3930100
2017-08-07,79.4000015258789,79.66000366210938,79.33000183105469,79.6500015258789,68.44816589355469,4583300
2017-08-08,79.55000305175781,79.69000244140625,79.12000274658203,79.27999877929688,68.13018798828125,4423300
2017-08-09,79.08999633789062,79.44999694824219,78.94999694824219,79.37000274658203,68.20756530761719,4886500
2017-08-10,79.12999725341797,79.19999694824219,78.37000274658203,78.37999725341797,67.35678100585938,7054700
2017-08-11,78.41999816894531,78.98999786376953,78.41999816894531,78.5999984741211,67.54582214355469,8318600
2017-08-14,78.94000244140625,79.26000213623047,78.94000244140625,79.12999725341797,68.00131225585938,3955800
2017-08-15,79.2300033569336,79.38999938964844,79.11000061035156,79.12999725341797,68.00131225585938,4653800
2017-08-16,79.26000213623047,79.5,79.16999816894531,79.3499984741211,68.19034576416016,3756900
2017-08-17,79.0999984741211,79.44000244140625,78.33000183105469,78.36000061035156,67.33961486816406,7133400
2017-08-18,78.06999969482422,78.52999877929688,77.94999694824219,78.0,67.03022003173828,8434600
2017-08-21,77.93000030517578,78.44999694824219,77.81999969482422,78.3499984741211,67.33098602294922,10269000
2017-08-22,78.37000274658203,79.38999938964844,78.31999969482422,79.30000305175781,68.14739227294922,5455500
2017-08-23,79.02999877929688,79.05000305175781,78.66999816894531,78.69999694824219,67.63179779052734,5662500
2017-08-24,78.77999877929688,79.04000091552734,78.62999725341797,78.93000030517578,67.82940673828125,5502800
2017-08-25,79.0999984741211,79.4000015258789,78.88999938964844,78.94999694824219,67.84661865234375,5476500
2017-08-28,79.16999816894531,79.5,79.1500015258789,79.37000274658203,68.20756530761719,7432800
2017-08-29,79.04000091552734,79.5999984741211,78.97000122070312,79.5199966430664,68.3364486694336,4243500
2017-08-30,79.43000030517578,80.12999725341797,79.41000366210938,79.93000030517578,68.68878173828125,3667900
2017-08-31,80.12999725341797,81.37000274658203,80.12999725341797,81.29000091552734,69.85751342773438,6987200
2017-09-01,81.41000366210938,81.58000183105469,80.91999816894531,81.2300033569336,69.80595397949219,6471600
2017-09-05,80.88999938964844,81.37000274658203,80.51000213623047,80.87999725341797,69.50518035888672,8076900
2017-09-06,81.16000366210938,81.3499984741211,80.80000305175781,81.2699966430664,69.84032440185547,8791000
2017-09-07,81.26000213623047,82.3499984741211,81.23999786376953,82.16999816894531,70.61376190185547,7251000
2017-09-08,82.05000305175781,82.68000030517578,81.91000366210938,82.54000091552734,70.93171691894531,4302600
2017-09-11,82.91000366210938,83.19999694824219,82.7300033569336,83.18000030517578,71.48169708251953,6286200
2017-09-12,83.19999694824219,83.37000274658203,83.04000091552734,83.36000061035156,71.63639068603516,6984800
2017-09-13,83.26000213623047,83.41000366210938,82.88999938964844,83.05000305175781,71.37001037597656,5873800
2017-09-14,82.81999969482422,83.29000091552734,82.72000122070312,83.16000366210938,71.46452331542969,6373800
2017-09-15,83.05999755859375,83.05999755859375,82.5,82.58999633789062,71.2359619140625,7091300
2017-09-18,82.68000030517578,82.9000015258789,82.44000244140625,82.56999969482422,71.21869659423828,7783100
2017-09-19,82.61000061035156,82.70999908447266,81.83000183105469,81.91999816894531,70.65805053710938,7329200
2017-09-20,81.94999694824219,82.08999633789062,81.41000366210938,82.0,70.7270736694336,5101800
2017-09-21,81.94999694824219,82.04000091552734,81.54000091552734,81.58000183105469,70.36481475830078,4527900
2017-09-22,81.47000122070312,81.69000244140625,81.16000366210938,81.58000183105469,70.36481475830078,6473300
2017-09-25,81.47000122070312,81.83999633789062,81.22000122070312,81.33999633789062,70.15780639648438,12439300
2017-09-26,81.56999969482422,81.80000305175781,81.18000030517578,81.20999908447266,70.04566192626953,4579400
2017-09-27,81.41999816894531,81.41999816894531,80.83000183105469,81.18000030517578,70.01982879638672,5384700
2017-09-28,81.11000061035156,81.5199966430664,80.98999786376953,81.25,70.08016967773438,4229000
2017-09-29,81.26000213623047,81.7699966430664,81.05999755859375,81.7300033569336,70.49418640136719,6902700
2017-10-02,81.97000122070312,82.56999969482422,81.87999725341797,82.55999755859375,71.21009063720703,8764900
2017-10-03,82.68000030517578,82.80000305175781,82.22000122070312,82.54000091552734,71.19285583496094,5141700
2017-10-04,82.66000366210938,82.97000122070312,82.58000183105469,82.94000244140625,71.53783416748047,3291100
2017-10-05,82.94000244140625,83.01000213623047,82.62000274658203,83.0,71.589599609375,7709600
2017-10-06,82.8499984741211,83.20999908447266,82.76000213623047,82.88999938964844,71.49470520019531,4035900
2017-10-09,82.87999725341797,82.9000015258789,82.23999786376953,82.37000274658203,71.04618072509766,4558800
2017-10-10,82.4000015258789,82.55999755859375,82.11000061035156,82.55999755859375,71.21009063720703,4037700
2017-10-11,82.51000213623047,82.80999755859375,82.48999786376953,82.72000122070312,71.34808349609375,4031600
2017-10-12,82.69000244140625,82.81999969482422,82.52999877929688,82.62999725341797,71.27044677734375,4731600
2017-10-13,82.36000061035156,82.52999877929688,82.22000122070312,82.41999816894531,71.08930969238281,5909600
2017-10-16,82.36000061035156,82.68000030517578,81.91000366210938,82.05999755859375,70.7788314819336,10219700
2017-10-17,82.2300033569336,83.37999725341797,82.2300033569336,83.16000366210938,71.72760009765625,8437800
2017-10-18,83.37000274658203,83.7300033569336,83.18000030517578,83.27999877929688,71.83110809326172,6938700
2017-10-19,83.18000030517578,83.80999755859375,83.05999755859375,83.79000091552734,72.27096557617188,6410400
2017-10-20,83.81999969482422,83.94999694824219,83.58999633789062,83.87999725341797,72.34862518310547,6343800
2017-10-23,83.98999786376953,84.30999755859375,83.62999725341797,83.66999816894531,72.16751098632812,7159600
2017-10-24,83.68000030517578,83.69000244140625,82.62999725341797,83.11000061035156,71.6844711303711,7145500
2017-10-25,83.02999877929688,83.2300033569336,82.66999816894531,82.98999786376953,71.58096313476562,6819100
2017-10-26,82.4000015258789,82.63999938964844,81.66000366210938,82.16000366210938,70.86507415771484,13466900
2017-10-27,81.87000274658203,82.2300033569336,81.83000183105469,82.13999938964844,70.84782409667969,6122000
2017-10-30,81.87000274658203,81.91999816894531,81.08000183105469,81.26000213623047,70.08879852294922,5884000
2017-10-31,81.20999908447266,81.45999908447266,80.97000122070312,81.11000061035156,69.95941162109375,6548600
2017-11-01,81.25,81.6500015258789,81.08999633789062,81.30999755859375,70.1319351196289,7427800
2017-11-02,81.45999908447266,81.4800033569336,80.76000213623047,80.94000244140625,69.81278991699219,10200300
2017-11-03,80.8499984741211,81.66000366210938,80.8499984741211,81.61000061035156,70.39069366455078,6862700
2017-11-06,81.4800033569336,81.56999969482422,81.30000305175781,81.36000061035156,70.17505645751953,4853200
2017-11-07,81.5,81.6500015258789,81.23999786376953,81.52999877929688,70.3216781616211,4439800
2017-11-08,81.44000244140625,81.80999755859375,81.33999633789062,81.72000122070312,70.48554229736328,6186200
2017-11-09,81.5199966430664,81.80999755859375,81.2300033569336,81.7300033569336,70.49418640136719,7086400
2017-11-10,81.52999877929688,81.52999877929688,80.69000244140625,81.19999694824219,70.03703308105469,4826300
2017-11-13,80.93000030517578,81.44000244140625,80.69999694824219,81.27999877929688,70.1060562133789,4704000
2017-11-14,81.01000213623047,81.0999984741211,80.58000183105469,80.94999694824219,69.82142639160156,7430100
2017-11-15,80.6500015258789,80.97000122070312,80.44000244140625,80.72000122070312,69.62303924560547,4952300
2017-11-16,80.83999633789062,81.66000366210938,80.83999633789062,81.55999755859375,70.34757232666016,4780500
2017-11-17,81.19000244140625,81.5,81.11000061035156,81.23999786376953,70.07154846191406,6129800
2017-11-20,81.2300033569336,81.30000305175781,80.7699966430664,80.9000015258789,69.7782974243164,4898500
2017-11-21,81.33999633789062,81.80000305175781,81.30999755859375,81.61000061035156,70.39069366455078,7974500
2017-11-22,81.61000061035156,81.91999816894531,81.44999694824219,81.58000183105469,70.36481475830078,4853100
2017-11-24,81.69000244140625,81.80000305175781,81.51000213623047,81.7699966430664,70.52869415283203,1650600
2017-11-27,81.7699966430664,81.9800033569336,81.69999694824219,81.83999633789062,70.58908081054688,4241400
2017-11-28,82.04000091552734,82.51000213623047,81.81999969482422,82.44000244140625,71.10658264160156,8290400
2017-11-29,82.51000213623047,83.1500015258789,82.51000213623047,82.8499984741211,71.46021270751953,8144600
2017-11-30,83.11000061035156,83.72000122070312,82.86000061035156,83.47000122070312,71.9949951171875,10639600
2017-12-01,83.43000030517578,83.6500015258789,82.16999816894531,83.30000305175781,71.84834289550781,15315400
2017-12-04,83.77999877929688,83.80000305175781,82.27999877929688,82.27999877929688,70.96855163574219,9770300
2017-12-05,82.33000183105469,82.73999786376953,82.06999969482422,82.13999938964844,70.84782409667969,13240800
2017-12-06,82.19000244140625,82.45999908447266,81.70999908447266,82.06999969482422,70.78743743896484,8533000
2017-12-07,82.0199966430664,82.25,81.7699966430664,82.08999633789062,70.80470275878906,3979200
2017-12-08,82.33000183105469,83.0199966430664,82.2699966430664,83.01000213623047,71.59822082519531,8444100
2017-12-11,83.08000183105469,83.41000366210938,82.94999694824219,83.36000061035156,71.90010070800781,6588600
2017-12-12,83.38999938964844,83.81999969482422,83.38999938964844,83.69000244140625,72.18473815917969,6068600
2017-12-13,83.68000030517578,84.22000122070312,83.6500015258789,83.9800033569336,72.43487548828125,8459800
2017-12-14,84.05000305175781,84.16000366210938,83.05000305175781,83.12999725341797,71.70170593261719,6772100
2017-12-15,83.11000061035156,83.73999786376953,83.11000061035156,83.70999908447266,72.49061584472656,8012200
2017-12-18,83.9800033569336,84.19999694824219,83.69000244140625,83.73999786376953,72.51659393310547,5655400
2017-12-19,83.87000274658203,84.16000366210938,83.5999984741211,83.63999938964844,72.42999267578125,4777100
2017-12-20,83.81999969482422,83.94999694824219,83.36000061035156,83.37000274658203,72.1961898803711,4686700
2017-12-21,83.62999725341797,83.68000030517578,83.12000274658203,83.18000030517578,72.03165435791016,4304200
2017-12-22,83.05999755859375,83.16000366210938,82.70999908447266,82.91000366210938,71.7978515625,7023600
2017-12-26,82.83999633789062,83.04000091552734,82.75,82.93000030517578,71.8151626586914,2504100
2017-12-27,82.98999786376953,83.29000091552734,82.9800033569336,83.06999969482422,71.93640899658203,4053300
2017-12-28,83.22000122070312,83.33999633789062,82.93000030517578,83.19000244140625,72.04032897949219,5380600
2017-12-29,83.33000183105469,83.45999908447266,82.58999633789062,82.68000030517578,71.59867095947266,4877200
2018-01-02,82.98999786376953,83.6500015258789,82.87000274658203,83.61000061035156,72.40402221679688,6708900
2018-01-03,83.5999984741211,84.47000122070312,83.36000061035156,84.41000366210938,73.09679412841797,7606500
2018-01-04,84.68000030517578,84.83999633789062,84.31999969482422,84.52999877929688,73.20072937011719,7762500
2018-01-05,84.80000305175781,85.33000183105469,84.63999938964844,85.25,73.82421112060547,7579300
2018-01-08,85.1500015258789,85.26000213623047,84.51000213623047,84.94000244140625,73.5557632446289,5167300
2018-01-09,85.19999694824219,86.12000274658203,85.12000274658203,85.94000244140625,74.42173767089844,6962900
2018-01-10,85.6500015258789,85.80999755859375,85.1500015258789,85.79000091552734,74.29185485839844,10835800
2018-01-11,85.94000244140625,86.18000030517578,85.69999694824219,86.16000366210938,74.61225891113281,4247800
2018-01-12,86.31999969482422,86.91999816894531,86.25,86.81999969482422,75.18379211425781,5391700
2018-01-16,87.36000061035156,87.94999694824219,87.11000061035156,87.25,75.55616760253906,8920000
2018-01-17,87.6500015258789,88.27999877929688,87.43000030517578,88.08999633789062,76.28360748291016,7214600
2018-01-18,88.0999984741211,88.19999694824219,87.5999984741211,88.11000061035156,76.3009033203125,7954800
2018-01-19,88.44999694824219,88.47000122070312,88.0,88.44000244140625,76.58667755126953,4802400
2018-01-22,88.41000366210938,89.06999969482422,88.25,89.0199966430664,77.08892822265625,11152500
2018-01-23,89.01000213623047,89.18000030517578,88.51000213623047,88.58999633789062,76.7165756225586,7637600
2018-01-24,89.02999877929688,89.18000030517578,88.54000091552734,88.8499984741211,76.94170379638672,8291100
2018-01-25,89.27999877929688,89.69999694824219,88.94000244140625,89.61000061035156,77.599853515625,6339300
2018-01-26,90.0199966430664,91.55999755859375,90.0,91.54000091552734,79.27119445800781,9784400
2018-01-29,91.30000305175781,91.79000091552734,91.27999877929688,91.29000091552734,79.0546875,12643800
2018-01-30,89.48999786376953,90.11000061035156,89.22000122070312,89.37000274658203,77.39203643798828,14270600
2018-01-31,89.83000183105469,90.08999633789062,87.79000091552734,88.0999984741211,76.29224395751953,15858400
2018-02-01,87.76000213623047,88.52999877929688,87.54000091552734,88.12999725341797,76.3182144165039,12848700
2018-02-02,87.41000366210938,88.18000030517578,86.87000274658203,86.88999938964844,75.24441528320312,10539200
2018-02-05,86.45999908447266,86.98999786376953,82.37000274658203,83.04000091552734,71.91041564941406,34979800
2018-02-06,81.44000244140625,84.31999969482422,81.4000015258789,83.95999908447266,72.70711517333984,33313400
2018-02-07,83.72000122070312,85.04000091552734,83.43000030517578,83.86000061035156,72.62052154541016,17338000
2018-02-08,83.83999633789062,84.11000061035156,80.87999725341797,80.94999694824219,70.10053253173828,20252500
2018-02-09,81.69000244140625,82.80000305175781,79.55999755859375,82.0999984741211,71.09640502929688,35535700
2018-02-12,82.62999725341797,83.51000213623047,81.88999938964844,82.87000274658203,71.7632064819336,13389200
2018-02-13,82.38999938964844,83.12000274658203,81.87999725341797,82.93000030517578,71.8151626586914,8415200
2018-02-14,82.4000015258789,84.0199966430664,82.31999969482422,83.87000274658203,72.62919616699219,10110800
2018-02-15,84.44000244140625,84.83000183105469,83.58999633789062,84.80000305175781,73.43453216552734,9519100
2018-02-16,84.37999725341797,86.01000213623047,84.37999725341797,85.41000366210938,73.9627685546875,9323000
2018-02-20,85.0,85.27999877929688,84.2300033569336,84.47000122070312,73.14876556396484,8872100
2018-02-21,84.45999908447266,85.58999633789062,84.11000061035156,84.12000274658203,72.84566497802734,9417400
2018-02-22,84.38999938964844,84.98999786376953,83.79000091552734,83.98999786376953,72.73309326171875,6316100
2018-02-23,84.48999786376953,85.36000061035156,84.12000274658203,85.33000183105469,73.89348602294922,5498500
2018-02-26,85.4800033569336,86.51000213623047,85.4800033569336,86.41000366210938,74.82875061035156,6266100
2018-02-27,86.41000366210938,86.69999694824219,85.51000213623047,85.51000213623047,74.04936218261719,7460700
2018-02-28,85.79000091552734,85.9000015258789,84.12000274658203,84.13999938964844,72.86296844482422,6279000
2018-03-01,83.98999786376953,84.41999816894531,82.16999816894531,82.80000305175781,71.70258331298828,12720300
2018-03-02,82.3499984741211,83.81999969482422,82.33999633789062,83.63999938964844,72.42999267578125,11206000
2018-03-05,83.26000213623047,84.6500015258789,83.08000183105469,84.4000015258789,73.088134765625,11028800
2018-03-06,84.58999633789062,84.7300033569336,83.86000061035156,84.27999877929688,72.9842300415039,9573300
2018-03-07,83.55999755859375,84.80000305175781,83.52999877929688,84.70999908447266,73.35657501220703,6868200
2018-03-08,84.94000244140625,85.3499984741211,84.80000305175781,85.27999877929688,73.85021209716797,6403000
2018-03-09,85.80000305175781,86.54000091552734,85.4800033569336,86.51000213623047,74.91535186767578,8253100
2018-03-12,86.54000091552734,86.66999816894531,86.04000091552734,86.13999938964844,74.59494018554688,5760200
2018-03-13,86.47000122070312,86.8499984741211,86.05999755859375,86.25,74.69017791748047,6400700
2018-03-14,86.55000305175781,86.75,85.55000305175781,85.83000183105469,74.32649230957031,9416400
2018-03-15,86.12999725341797,86.37999725341797,85.58000183105469,85.69000244140625,74.20526123046875,5883100
2018-03-16,85.37999725341797,85.8499984741211,85.37999725341797,85.38999938964844,74.20525360107422,7067700
2018-03-19,85.2300033569336,85.33999633789062,83.33000183105469,84.01000213623047,73.00597381591797,7190200
2018-03-20,84.19999694824219,84.43000030517578,83.6500015258789,84.12999725341797,73.11028289794922,5534400
2018-03-21,84.2699966430664,84.7300033569336,83.69999694824219,83.7699966430664,72.79744720458984,5498700
2018-03-22,82.95999908447266,83.0199966430664,81.22000122070312,81.36000061035156,70.70311737060547,14648500
2018-03-23,81.44000244140625,81.61000061035156,79.61000061035156,79.66999816894531,69.23448181152344,11049000
2018-03-26,80.56999969482422,81.43000030517578,79.6500015258789,81.31999969482422,70.66834259033203,9183500
2018-03-27,81.61000061035156,81.8499984741211,79.9000015258789,80.36000061035156,69.83409881591797,10948400
2018-03-28,80.58999633789062,81.56999969482422,80.4800033569336,80.79000091552734,70.20780181884766,10146800
2018-03-29,81.22000122070312,81.98999786376953,80.66999816894531,81.4000015258789,70.73788452148438,6914900
2018-04-02,81.05999755859375,81.4800033569336,78.73999786376953,79.55000305175781,69.13020324707031,11364900
2018-04-03,79.9800033569336,80.91000366210938,79.48999786376953,80.76000213623047,70.18171691894531,8590700
2018-04-04,79.79000091552734,82.13999938964844,79.79000091552734,81.91000366210938,71.18109893798828,9085800
2018-04-05,82.19999694824219,82.2699966430664,81.54000091552734,81.8499984741211,71.1289291381836,8031300
2018-04-06,81.16999816894531,81.56999969482422,79.16000366210938,79.87999725341797,69.41697692871094,12171800
2018-04-09,80.30999755859375,81.79000091552734,80.08000183105469,80.66999816894531,70.1034927368164,6952600
2018-04-10,81.47000122070312,82.3499984741211,81.19000244140625,82.02999877929688,71.28533935546875,8097800
2018-04-11,81.41999816894531,81.91000366210938,81.25,81.36000061035156,70.70311737060547,6205800
2018-04-12,81.80000305175781,82.30000305175781,81.73999786376953,81.91000366210938,71.18109893798828,5096900
2018-04-13,82.30000305175781,82.37000274658203,81.43000030517578,81.87000274658203,71.14630126953125,7837000
2018-04-16,82.47000122070312,82.81999969482422,82.27999877929688,82.5199966430664,71.71116638183594,7217200
2018-04-17,83.1500015258789,83.33999633789062,82.72000122070312,83.16000366210938,72.26736450195312,6500900
2018-04-18,83.37000274658203,83.5199966430664,82.83000183105469,83.2300033569336,72.32817840576172,4704500
2018-04-19,83.08000183105469,83.16000366210938,82.2300033569336,82.52999877929688,71.71986389160156,5833600
2018-04-20,82.5999984741211,82.72000122070312,81.81999969482422,82.08999633789062,71.33749389648438,5250500
2018-04-23,82.30999755859375,82.66999816894531,82.0999984741211,82.41000366210938,71.6155776977539,9257300
2018-04-24,82.66999816894531,82.7300033569336,81.16999816894531,81.79000091552734,71.07677459716797,8904800
2018-04-25,81.69000244140625,82.19999694824219,81.12000274658203,82.16000366210938,71.39833068847656,8068800
2018-04-26,82.4000015258789,83.5199966430664,82.4000015258789,83.19999694824219,72.3021240234375,9463300
2018-04-27,83.13999938964844,83.66999816894531,82.95999908447266,83.54000091552734,72.59756469726562,6663300
2018-04-30,83.9000015258789,83.94999694824219,82.25,82.26000213623047,71.4852523803711,7241000
2018-05-01,82.16000366210938,82.44999694824219,81.52999877929688,82.22000122070312,71.45044708251953,8498000
2018-05-02,81.79000091552734,81.8499984741211,80.91000366210938,81.08999633789062,70.46846008300781,11594300
2018-05-03,80.72000122070312,80.7300033569336,79.30999755859375,80.36000061035156,69.83409881591797,13524100
2018-05-04,80.12000274658203,81.2699966430664,79.80999755859375,81.0,70.39025115966797,7889500
2018-05-07,81.26000213623047,81.58000183105469,80.66999816894531,80.87999725341797,70.28596496582031,5886700
2018-05-08,80.68000030517578,80.75,79.79000091552734,80.2699966430664,69.75590515136719,9522300
2018-05-09,80.41999816894531,81.08000183105469,79.9800033569336,80.7300033569336,70.1556396484375,11340200
2018-05-10,81.06999969482422,82.16999816894531,81.02999877929688,81.80999755859375,71.09415435791016,7845500
2018-05-11,81.87999725341797,83.19000244140625,81.7300033569336,83.02999877929688,72.15436553955078,10434000
2018-05-14,83.18000030517578,83.93000030517578,83.01000213623047,83.58000183105469,72.63233184814453,11837600
2018-05-15,83.02999877929688,83.12999725341797,82.2300033569336,82.5,71.69380187988281,8806800
2018-05-16,82.45999908447266,83.25,82.44999694824219,82.95999908447266,72.09355163574219,7013600
2018-05-17,82.87999725341797,83.12999725341797,82.5199966430664,82.98999786376953,72.11959075927734,6610400
2018-05-18,83.05000305175781,83.37000274658203,82.7699966430664,83.19999694824219,72.3021240234375,5838900
2018-05-21,83.58999633789062,83.75,83.16000366210938,83.27999877929688,72.37162780761719,6406500
2018-05-22,83.44999694824219,83.55000305175781,82.98999786376953,83.12000274658203,72.23258972167969,5770200
2018-05-23,82.7699966430664,83.41999816894531,82.66999816894531,83.38999938964844,72.46721649169922,8360500
2018-05-24,83.33999633789062,83.4800033569336,82.69000244140625,83.05999755859375,72.18043518066406,7166500
2018-05-25,83.08999633789062,83.45999908447266,82.80000305175781,82.94000244140625,72.07615661621094,6853300
2018-05-29,82.4000015258789,82.55000305175781,81.56999969482422,82.08999633789062,71.33749389648438,18236800
2018-05-30,82.6500015258789,83.51000213623047,82.55999755859375,83.31999969482422,72.4063949584961,13167700
2018-05-31,83.16000366210938,83.2300033569336,82.37999725341797,82.41000366210938,71.6155776977539,11543500
2018-06-01,82.73999786376953,83.38999938964844,82.6500015258789,83.36000061035156,72.44116973876953,8037800
2018-06-04,83.45999908447266,83.79000091552734,83.19000244140625,83.66999816894531,72.71055603027344,7230800
2018-06-05,83.69999694824219,83.87999725341797,83.0999984741211,83.5,72.56281280517578,5444400
2018-06-06,83.79000091552734,84.52999877929688,83.44999694824219,84.44000244140625,73.37969207763672,7218900
2018-06-07,84.69000244140625,84.7699966430664,84.13999938964844,84.55000305175781,73.47528076171875,7405600
2018-06-08,84.5199966430664,85.0999984741211,84.37999725341797,85.04000091552734,73.90109252929688,6247100
2018-06-11,85.05000305175781,85.61000061035156,84.8499984741211,85.19999694824219,74.04014587402344,7074400
2018-06-12,85.29000091552734,85.29000091552734,84.7699966430664,85.1500015258789,73.99667358398438,6829200
2018-06-13,85.30000305175781,85.72000122070312,85.05999755859375,85.16999816894531,74.01408386230469,10379200
2018-06-14,85.33999633789062,85.66000366210938,85.0999984741211,85.61000061035156,74.39642333984375,9379800
2018-06-15,85.19000244140625,85.5,84.80000305175781,85.45999908447266,74.54121398925781,9349300
2018-06-18,84.94000244140625,84.94000244140625,84.29000091552734,84.63999938964844,73.82598114013672,7342600
2018-06-19,84.05999755859375,84.88999938964844,83.93000030517578,84.86000061035156,74.01789855957031,6431700
2018-06-20,84.97000122070312,85.23999786376953,84.79000091552734,85.04000091552734,74.17488098144531,5900800
2018-06-21,84.95999908447266,84.97000122070312,84.3499984741211,84.55000305175781,73.74750518798828,7423400
2018-06-22,84.86000061035156,85.26000213623047,84.63999938964844,84.93000030517578,74.07893371582031,9829800
2018-06-25,84.61000061035156,84.94000244140625,83.51000213623047,84.1500015258789,73.39859008789062,9925100
2018-06-26,84.22000122070312,84.27999877929688,83.77999877929688,83.88999938964844,73.17182159423828,5560100
2018-06-27,83.88999938964844,84.31999969482422,83.12000274658203,83.18000030517578,72.55252838134766,7420500
2018-06-28,82.87000274658203,83.5,82.29000091552734,83.29000091552734,72.6484603881836,9026900
2018-06-29,83.55000305175781,84.19999694824219,83.4000015258789,83.45999908447266,72.79674530029297,6479300
2018-07-02,83.0,83.7699966430664,82.72000122070312,83.72000122070312,73.02350616455078,9364700
2018-07-03,84.0199966430664,84.30999755859375,83.69999694824219,83.91999816894531,73.1979751586914,3023100
2018-07-05,84.30999755859375,84.87999725341797,84.11000061035156,84.79000091552734,73.95682525634766,7458600
2018-07-06,85.19999694824219,86.16000366210938,85.0999984741211,86.01000213623047,75.02094268798828,9822500
2018-07-09,86.3499984741211,86.80999755859375,86.31999969482422,86.63999938964844,75.57046508789062,7874400
2018-07-10,86.80999755859375,87.01000213623047,86.58000183105469,86.97000122070312,75.85831451416016,6122900
2018-07-11,86.5,86.58999633789062,86.22000122070312,86.27999877929688,75.25645446777344,6434500
2018-07-12,86.70999908447266,87.30000305175781,86.66000366210938,87.23999786376953,76.09380340576172,4461600
2018-07-13,87.05000305175781,87.58999633789062,87.0,87.4000015258789,76.23336029052734,6048700
2018-07-16,87.47000122070312,87.47000122070312,86.75,86.87000274658203,75.77106475830078,5388500
2018-07-17,86.83999633789062,87.4800033569336,86.80000305175781,87.3499984741211,76.18975067138672,5849300
2018-07-18,87.37000274658203,87.44000244140625,87.11000061035156,87.41999816894531,76.25080871582031,7575700
2018-07-19,87.20999908447266,87.38999938964844,86.55000305175781,86.93000030517578,75.82342529296875,5204000
2018-07-20,86.69000244140625,86.88999938964844,86.51000213623047,86.76000213623047,75.67512512207031,4822600
2018-07-23,86.70999908447266,87.05000305175781,86.61000061035156,86.94000244140625,75.83213806152344,3824600
2018-07-24,87.4000015258789,87.87999725341797,87.33999633789062,87.7300033569336,76.52117919921875,6467100
2018-07-25,87.68000030517578,88.87000274658203,87.58999633789062,88.8499984741211,77.49808502197266,9285900
2018-07-26,88.69999694824219,88.91000366210938,88.41000366210938,88.5999984741211,77.28004455566406,5763000
2018-07-27,88.63999938964844,88.63999938964844,87.63999938964844,87.95999908447266,76.72180938720703,5742900
2018-07-30,87.88999938964844,88.18000030517578,87.75,88.01000213623047,76.76545715332031,5531200
2018-07-31,88.33000183105469,89.05000305175781,88.19999694824219,88.93000030517578,77.5678939819336,6719100
2018-08-01,88.87999725341797,89.27999877929688,88.87999725341797,88.94999694824219,77.58531951904297,5733000
2018-08-02,88.56999969482422,89.47000122070312,88.52999877929688,89.27999877929688,77.8731689453125,5666200
2018-08-03,89.3499984741211,89.87999725341797,89.2300033569336,89.80999755859375,78.33543395996094,5884800
2018-08-06,89.76000213623047,90.16999816894531,89.44000244140625,89.97000122070312,78.47500610351562,4751100
2018-08-07,89.9800033569336,90.27999877929688,89.86000061035156,89.9800033569336,78.48373413085938,5170300
2018-08-08,89.98999786376953,90.25,89.79000091552734,90.12000274658203,78.60584259033203,5020400
2018-08-09,90.12999725341797,90.37999725341797,89.93000030517578,90.0199966430664,78.51861572265625,5680300
2018-08-10,89.69000244140625,90.16000366210938,89.31999969482422,89.62999725341797,78.17843627929688,5389500
2018-08-13,89.7300033569336,90.08999633789062,89.43000030517578,89.66000366210938,78.2046127319336,6563900
2018-08-14,89.79000091552734,90.23999786376953,89.69999694824219,90.08000183105469,78.57096099853516,5497700
2018-08-15,89.80000305175781,90.04000091552734,89.36000061035156,89.93000030517578,78.44011688232422,6840600
2018-08-16,90.19000244140625,90.93000030517578,90.08000183105469,90.80999755859375,79.20767211914062,6916700
2018-08-17,90.73999786376953,91.37000274658203,90.52999877929688,91.08999633789062,79.45191192626953,5455300
2018-08-20,91.30000305175781,91.55999755859375,91.25,91.38999938964844,79.71355438232422,8144900
2018-08-21,91.62000274658203,91.66000366210938,91.19999694824219,91.38999938964844,79.71355438232422,6395900
2018-08-22,91.18000030517578,91.68000030517578,91.06999969482422,91.4800033569336,79.79207611083984,3954300
2018-08-23,91.43000030517578,91.66999816894531,91.2300033569336,91.44999694824219,79.76590728759766,6058300
2018-08-24,91.66000366210938,91.88999938964844,91.48999786376953,91.88999938964844,80.1496810913086,4028900
2018-08-27,92.22000122070312,92.29000091552734,91.83000183105469,92.22000122070312,80.43753051757812,4671300
2018-08-28,92.36000061035156,92.38999938964844,92.06999969482422,92.2699966430664,80.48113250732422,4954100
2018-08-29,92.29000091552734,92.97000122070312,92.19000244140625,92.87000274658203,81.00448608398438,5338500
2018-08-30,92.80000305175781,93.11000061035156,92.5999984741211,92.80000305175781,80.94343566894531,5266100
2018-08-31,92.58000183105469,92.86000061035156,92.4000015258789,92.77999877929688,80.92598724365234,5808100
2018-09-04,92.69999694824219,92.76000213623047,91.81999969482422,92.04000091552734,80.2805404663086,6875500
2018-09-05,91.97000122070312,92.41000366210938,91.80000305175781,92.41000366210938,80.60324096679688,10218900
2018-09-06,92.4000015258789,92.5999984741211,91.8499984741211,92.41000366210938,80.60324096679688,5940300
2018-09-07,92.19000244140625,92.63999938964844,92.05000305175781,92.55000305175781,80.7253646850586,5591100
2018-09-10,92.77999877929688,92.94999694824219,92.22000122070312,92.30999755859375,80.51603698730469,4234000
2018-09-11,92.1500015258789,92.41000366210938,91.83999633789062,92.2300033569336,80.44625854492188,5683900
2018-09-12,92.29000091552734,92.86000061035156,92.11000061035156,92.69000244140625,80.84749603271484,11056600
2018-09-13,93.08999633789062,93.83999633789062,93.0,93.83999633789062,81.85053253173828,10603800
2018-09-14,93.91999816894531,93.91999816894531,93.36000061035156,93.52999877929688,81.5801773071289,5929000
2018-09-17,93.52999877929688,93.54000091552734,93.08000183105469,93.19000244140625,81.28359985351562,5543000
2018-09-18,93.19000244140625,93.97000122070312,93.05000305175781,93.7300033569336,81.754638671875,5422900
2018-09-19,93.66999816894531,93.87000274658203,93.5,93.5999984741211,81.6412124633789,4186600
2018-09-20,93.87000274658203,94.56999969482422,93.80999755859375,94.51000213623047,82.43495178222656,5083000
2018-09-21,94.38999938964844,94.4800033569336,94.06999969482422,94.2699966430664,82.54615020751953,8579100
2018-09-24,94.20999908447266,94.6500015258789,94.08000183105469,94.45999908447266,82.71253204345703,5392600
2018-09-25,94.58999633789062,94.7300033569336,94.06999969482422,94.16999816894531,82.45858764648438,5215900
2018-09-26,94.3499984741211,95.12000274658203,94.18000030517578,94.37999725341797,82.64247131347656,10880500
2018-09-27,94.51000213623047,95.12000274658203,94.4000015258789,94.86000061035156,83.06277465820312,7168800
2018-09-28,94.66999816894531,95.20999908447266,94.62999725341797,95.1500015258789,83.31671142578125,5995800
2018-10-01,95.51000213623047,96.05999755859375,95.33999633789062,95.62000274658203,83.72825622558594,7307100
2018-10-02,95.62000274658203,95.69999694824219,95.33000183105469,95.51000213623047,83.6319351196289,5572700
2018-10-03,95.83000183105469,96.0,95.18000030517578,95.33000183105469,83.47433471679688,6367500
2018-10-04,95.26000213623047,95.30000305175781,93.91000366210938,94.4000015258789,82.66000366210938,10976400
2018-10-05,94.4800033569336,94.97000122070312,93.69999694824219,94.29000091552734,82.56367492675781,12291000
2018-10-08,94.16999816894531,94.5199966430664,93.45999908447266,94.25,82.5286636352539,11924000
2018-10-09,94.0,94.73999786376953,93.70999908447266,94.41000366210938,82.66873931884766,7463900
2018-10-10,94.4000015258789,94.51000213623047,92.12000274658203,92.18000030517578,80.71607208251953,22549300
2018-10-11,91.93000030517578,92.13999938964844,89.04000091552734,89.69000244140625,78.53573608398438,46581800
2018-10-12,90.7699966430664,91.41000366210938,90.0199966430664,91.06999969482422,79.7441177368164,20797300
2018-10-15,90.91999816894531,91.31999969482422,90.37000274658203,90.44000244140625,79.1924819946289,13909700
2018-10-16,91.13999938964844,93.08000183105469,91.12999725341797,92.91999816894531,81.36405181884766,13505900
2018-10-17,92.86000061035156,93.63999938964844,92.38999938964844,93.41000366210938,81.7931137084961,14232300
2018-10-18,93.36000061035156,93.37000274658203,91.61000061035156,92.3499984741211,80.86493682861328,14455600
2018-10-19,92.51000213623047,92.83000183105469,91.38999938964844,91.51000213623047,80.12940979003906,11318600
2018-10-22,91.5,91.66999816894531,90.33999633789062,90.76000213623047,79.4726791381836,8288300
2018-10-23,89.5999984741211,90.70999908447266,88.87999725341797,90.2699966430664,79.04362487792969,15424500
2018-10-24,90.2300033569336,90.75,87.18000030517578,87.29000091552734,76.43424224853516,17431900
2018-10-25,87.27999877929688,89.02999877929688,86.2699966430664,88.41999816894531,77.42369079589844,15725100
2018-10-26,87.5999984741211,88.22000122070312,86.3499984741211,87.41999816894531,76.54808044433594,25507900
2018-10-29,88.43000030517578,89.08000183105469,86.41000366210938,87.63999938964844,76.74067687988281,14024300
2018-10-30,87.6500015258789,88.72000122070312,87.19999694824219,88.58000183105469,77.56380462646484,15432000
2018-10-31,89.29000091552734,89.6500015258789,88.62999725341797,88.69999694824219,77.66886901855469,13460700
2018-11-01,89.0,89.97000122070312,88.97000122070312,89.81999969482422,78.64956665039062,9668500
2018-11-02,90.69000244140625,90.83999633789062,88.66999816894531,89.26000213623047,78.15921783447266,12953000
2018-11-05,89.37999725341797,90.44999694824219,89.37999725341797,90.05000305175781,78.8509750366211,7783500
2018-11-06,89.93000030517578,90.61000061035156,89.80000305175781,90.51000213623047,79.2537612915039,7980500
2018-11-07,91.3499984741211,93.25,91.29000091552734,93.16999816894531,81.58294677734375,13310600
2018-11-08,93.0,93.55999755859375,92.87000274658203,93.22000122070312,81.62672424316406,7345600
2018-11-09,93.11000061035156,93.26000213623047,92.5,92.94999694824219,81.39030456542969,8486500
2018-11-12,92.80999755859375,92.94999694824219,91.4800033569336,91.69000244140625,80.28701782226562,8423200
2018-11-13,92.0,92.37000274658203,90.77999877929688,91.05000305175781,79.72660827636719,14227000
2018-11-14,91.61000061035156,91.62000274658203,89.88999938964844,90.31999969482422,79.08739471435547,11664000
2018-11-15,89.68000030517578,91.2300033569336,88.83000183105469,91.12000274658203,79.78789520263672,15563900
2018-11-16,90.95999908447266,92.4800033569336,90.91000366210938,92.04000091552734,80.59349822998047,11323200
2018-11-19,92.12999725341797,92.19000244140625,90.47000122070312,90.87000274658203,79.56900787353516,8821000
2018-11-20,90.30000305175781,90.97000122070312,89.80999755859375,90.0199966430664,78.82469940185547,11604300
2018-11-21,90.30999755859375,90.31999969482422,89.48999786376953,89.51000213623047,78.37813568115234,9345100
2018-11-23,89.02999877929688,90.18000030517578,88.9800033569336,89.63999938964844,78.4919662475586,3939500
2018-11-26,90.36000061035156,90.75,89.9800033569336,90.51000213623047,79.2537612915039,7141200
2018-11-27,90.20999908447266,91.44999694824219,89.87999725341797,91.44999694824219,80.07686614990234,9262000
2018-11-28,91.72000122070312,93.68000030517578,91.69999694824219,93.6500015258789,82.00328063964844,11870400
2018-11-29,93.43000030517578,94.51000213623047,93.30000305175781,93.95999908447266,82.27472686767578,8796000
2018-11-30,93.9000015258789,95.87000274658203,93.80000305175781,95.87000274658203,83.94717407226562,15875900
2018-12-03,95.80999755859375,95.80999755859375,94.86000061035156,95.41000366210938,83.54438781738281,12158200
2018-12-04,95.38999938964844,95.91999816894531,93.11000061035156,93.27999877929688,81.67927551269531,15011300
2018-12-06,92.12000274658203,92.93000030517578,90.13999938964844,92.93000030517578,81.372802734375,18492900
2018-12-07,92.66999816894531,92.80000305175781,90.11000061035156,90.55999755859375,79.29753875732422,14930800
2018-12-10,90.61000061035156,91.25,88.6500015258789,90.91000366210938,79.60403442382812,15372000
2018-12-11,91.66999816894531,92.27999877929688,90.54000091552734,91.19000244140625,79.84918212890625,13632300
2018-12-12,92.19999694824219,93.16999816894531,91.91000366210938,91.97000122070312,80.53218841552734,12581000
2018-12-13,92.22000122070312,92.7300033569336,91.44000244140625,92.05999755859375,80.61099243164062,11567100
2018-12-14,91.16000366210938,91.23999786376953,88.69000244140625,88.95999908447266,77.89653015136719,19422700
2018-12-17,88.04000091552734,88.77999877929688,86.58999633789062,87.19000244140625,76.3466567993164,22089500
2018-12-18,87.94000244140625,88.0999984741211,85.5999984741211,86.43000030517578,75.68118286132812,24712500
2018-12-19,86.5999984741211,87.63999938964844,84.52999877929688,85.30000305175781,74.69171905517578,23075600
2018-12-20,84.91000366210938,85.26000213623047,83.5,84.0999984741211,73.64093780517578,25321600
2018-12-21,83.8499984741211,85.2699966430664,82.51000213623047,82.68000030517578,72.72614288330078,28909200
2018-12-24,82.12999725341797,82.44000244140625,80.6500015258789,80.69999694824219,70.9845199584961,14235500
2018-12-26,81.0,84.30000305175781,80.61000061035156,84.22000122070312,74.08074188232422,20575100
2018-12-27,83.2300033569336,85.19999694824219,82.0999984741211,85.1500015258789,74.89878845214844,14045700
2018-12-28,85.69999694824219,86.44000244140625,84.9000015258789,85.25,74.98674011230469,15770600
2018-12-31,85.7300033569336,86.58999633789062,85.66999816894531,86.51000213623047,76.09506225585938,10163100
2019-01-02,85.18000030517578,85.83000183105469,84.2699966430664,85.19999694824219,74.9427490234375,14179900
2019-01-03,85.31999969482422,85.5,83.25,83.47000122070312,73.42103576660156,17668000
2019-01-04,84.44999694824219,86.43000030517578,84.41000366210938,85.95999908447266,75.61127471923828,16262600
2019-01-07,85.98999786376953,87.0999984741211,85.7300033569336,86.29000091552734,75.90154266357422,12387200
2019-01-08,86.9800033569336,87.25,86.0,86.95999908447266,76.49089050292969,13371000
2019-01-09,87.33999633789062,87.86000061035156,87.08999633789062,87.3499984741211,76.83393096923828,11259700
2019-01-10,86.95999908447266,87.58000183105469,86.5199966430664,87.5199966430664,76.98347473144531,10396800
2019-01-11,87.11000061035156,87.83999633789062,86.94999694824219,87.80999755859375,77.2385482788086,7187900
2019-01-14,87.27999877929688,87.31999969482422,86.83000183105469,86.83999633789062,76.38533782958984,5449000
2019-01-15,86.95999908447266,88.41999816894531,86.94000244140625,88.4000015258789,77.75751495361328,10540600
2019-01-16,88.5199966430664,88.9000015258789,88.18000030517578,88.23999786376953,77.61677551269531,8288900
2019-01-17,88.0,89.38999938964844,87.93000030517578,89.0199966430664,78.30287170410156,8731600
2019-01-18,89.68000030517578,90.12999725341797,89.01000213623047,90.08000183105469,79.2352523803711,13367500
2019-01-22,89.44999694824219,89.62000274658203,88.83999633789062,89.45999908447266,78.68989562988281,12244500
2019-01-23,89.62999725341797,90.05000305175781,88.58999633789062,89.55999755859375,78.7778549194336,7722800
2019-01-24,89.47000122070312,89.55000305175781,88.38999938964844,88.80999755859375,78.11814880371094,11307000
2019-01-25,89.25,89.25,88.66000366210938,88.91999816894531,78.21492004394531,7241900
2019-01-28,88.30999755859375,88.4000015258789,87.48999786376953,87.91000366210938,77.32649230957031,7113800
2019-01-29,87.91000366210938,88.41000366210938,87.66000366210938,88.33999633789062,77.70475769042969,11099200
2019-01-30,88.66999816894531,89.80000305175781,88.44999694824219,89.55000305175781,78.76907348632812,11706500
2019-01-31,89.44999694824219,90.87999725341797,89.36000061035156,90.66999816894531,79.75421905517578,13409900
2019-02-01,90.77999877929688,90.95999908447266,90.12999725341797,90.75,79.82460021972656,9386500
2019-02-04,90.76000213623047,90.76000213623047,89.72000122070312,90.48999786376953,79.59590148925781,9308600
2019-02-05,90.63999938964844,91.1500015258789,90.33999633789062,90.36000061035156,79.48155975341797,8921400
2019-02-06,90.19999694824219,90.80999755859375,90.08999633789062,90.7699966430664,79.8421859741211,6135900
2019-02-07,90.18000030517578,90.33000183105469,89.29000091552734,89.7699966430664,78.96259307861328,9511700
2019-02-08,89.41999816894531,89.94999694824219,89.29000091552734,89.94000244140625,79.11211395263672,7284200
2019-02-11,90.13999938964844,90.19999694824219,89.58000183105469,89.83000183105469,79.01537322998047,5017400
2019-02-12,90.22000122070312,91.11000061035156,90.05999755859375,91.05999755859375,80.0972671508789,9093200
2019-02-13,91.23999786376953,91.52999877929688,90.8499984741211,91.26000213623047,80.27320861816406,6435600
2019-02-14,91.02999877929688,91.87999725341797,90.9000015258789,91.47000122070312,80.45794677734375,6938600
2019-02-15,92.16000366210938,92.9000015258789,91.47000122070312,92.8499984741211,81.6717758178711,8234200
2019-02-19,92.5999984741211,92.98999786376953,92.58999633789062,92.62999725341797,81.47826385498047,6284100
2019-02-20,92.4000015258789,92.63999938964844,92.05999755859375,92.5199966430664,81.38150787353516,6959900
2019-02-21,92.19000244140625,92.25,91.30000305175781,91.70999908447266,80.66902160644531,8368500
2019-02-22,91.88999938964844,92.62999725341797,91.77999877929688,92.55000305175781,81.40789794921875,6488100
2019-02-25,93.0199966430664,93.23999786376953,92.61000061035156,92.68000030517578,81.52224731445312,7652600
2019-02-26,92.47000122070312,92.72000122070312,92.23999786376953,92.3499984741211,81.23198699951172,7288000
2019-02-27,92.04000091552734,92.36000061035156,91.61000061035156,91.91999816894531,80.85372924804688,9827600
2019-02-28,91.75,92.25,91.55000305175781,91.6500015258789,80.61624908447266,9464100
2019-03-01,92.22000122070312,93.08000183105469,92.13999938964844,92.94999694824219,81.75975036621094,10795200
2019-03-04,93.27999877929688,93.44999694824219,91.05999755859375,91.69000244140625,80.65143585205078,15208400
2019-03-05,91.7300033569336,91.97000122070312,91.16999816894531,91.63999938964844,80.60745239257812,13591700
2019-03-06,91.6500015258789,91.7699966430664,90.05000305175781,90.30000305175781,79.42877960205078,11662400
2019-03-07,90.16999816894531,90.36000061035156,89.27999877929688,89.58999633789062,78.80424499511719,14430700
2019-03-08,89.11000061035156,89.44999694824219,88.62999725341797,89.4000015258789,78.63711547851562,11531200
2019-03-11,89.63999938964844,90.5,89.37999725341797,90.41999816894531,79.53436279296875,9694300
2019-03-12,90.6500015258789,91.29000091552734,90.5199966430664,91.08000183105469,80.1148910522461,8981600
2019-03-13,91.3499984741211,92.30999755859375,91.29000091552734,92.05999755859375,80.97687530517578,10098300
2019-03-14,92.02999877929688,92.1500015258789,91.58000183105469,91.91000366210938,80.84495544433594,9283800
2019-03-15,91.7300033569336,92.13999938964844,91.41000366210938,91.98999786376953,81.2166519165039,10219400
2019-03-18,92.08000183105469,92.16999816894531,91.5199966430664,91.8499984741211,81.09306335449219,7183500
2019-03-19,92.16999816894531,92.83999633789062,91.83999633789062,92.58000183105469,81.73753356933594,11308700
2019-03-20,92.47000122070312,92.58000183105469,91.58000183105469,91.94000244140625,81.17250061035156,11123700
2019-03-21,91.16999816894531,92.44000244140625,91.04000091552734,92.30000305175781,81.49034881591797,7398200
2019-03-22,91.9000015258789,92.23999786376953,90.5999984741211,90.62000274658203,80.00709533691406,12162600
2019-03-25,90.77999877929688,90.86000061035156,89.91999816894531,90.56999969482422,79.96293640136719,9893300
2019-03-26,91.0999984741211,91.7699966430664,90.55000305175781,91.19000244140625,80.51033020019531,8107200
2019-03-27,91.08000183105469,91.29000091552734,89.80000305175781,90.43000030517578,79.83936309814453,10817400
2019-03-28,90.69999694824219,90.91000366210938,90.19000244140625,90.66000366210938,80.04243469238281,6726800
2019-03-29,91.19999694824219,91.83000183105469,91.0,91.75,81.00474548339844,10120900
2019-04-01,92.30999755859375,92.44999694824219,91.68000030517578,91.88999938964844,81.12837982177734,9082000
2019-04-02,91.91000366210938,92.05000305175781,91.51000213623047,91.68000030517578,80.94295501708984,7002200
2019-04-03,92.08999633789062,92.13999938964844,91.29000091552734,91.55999755859375,80.83700561523438,7398700
2019-04-04,91.63999938964844,91.75,90.83999633789062,91.37000274658203,80.66925811767578,9212400
2019-04-05,91.58999633789062,92.16000366210938,91.52999877929688,92.0,81.22547912597656,6262000
2019-04-08,91.93000030517578,92.06999969482422,91.33000183105469,91.9800033569336,81.20781707763672,5961200
2019-04-09,91.66000366210938,91.94000244140625,91.41000366210938,91.73999786376953,80.99591064453125,7207600
2019-04-10,91.8499984741211,92.0199966430664,91.61000061035156,91.7699966430664,81.02239990234375,5433400
2019-04-11,91.97000122070312,92.0199966430664,90.23999786376953,90.63999938964844,80.02474975585938,8534200
2019-04-12,90.98999786376953,91.0199966430664,89.66000366210938,89.80999755859375,79.2919692993164,11659000
2019-04-15,89.91999816894531,90.23999786376953,89.75,90.16999816894531,79.60978698730469,7921900
2019-04-16,90.91999816894531,91.02999877929688,88.16999816894531,88.31999969482422,77.97644805908203,14857100
2019-04-17,88.62000274658203,88.63999938964844,85.33000183105469,85.77999877929688,75.73391723632812,34381800
2019-04-18,86.04000091552734,86.44999694824219,84.6500015258789,85.91999816894531,75.85751342773438,35300900
2019-04-22,85.77999877929688,86.47000122070312,85.51000213623047,85.97000122070312,75.90167236328125,18717700
2019-04-23,85.94000244140625,87.79000091552734,85.79000091552734,87.33000183105469,77.10240936279297,30503400
2019-04-24,87.36000061035156,87.54000091552734,86.83999633789062,87.2300033569336,77.01412200927734,14612800
2019-04-25,87.04000091552734,88.38999938964844,86.68000030517578,88.12999725341797,77.80870056152344,16166400
2019-04-26,88.25,89.04000091552734,88.05999755859375,89.01000213623047,78.58562469482422,11321700
2019-04-29,89.04000091552734,89.19999694824219,88.47000122070312,88.8499984741211,78.44436645507812,13264400
2019-04-30,89.11000061035156,89.43000030517578,88.4800033569336,89.26000213623047,78.8063735961914,11750900
2019-05-01,89.37999725341797,89.7300033569336,88.5999984741211,89.0999984741211,78.66510009765625,25596400
2019-05-02,89.01000213623047,89.56999969482422,88.5,89.4800033569336,79.0006103515625,18927500
2019-05-03,89.7300033569336,90.19000244140625,89.58000183105469,90.16000366210938,79.60095977783203,13624000
2019-05-06,88.8499984741211,90.8499984741211,88.69999694824219,90.62000274658203,80.00709533691406,25168300
2019-05-07,89.91999816894531,90.36000061035156,88.36000061035156,88.87999725341797,78.47087860107422,18011600
2019-05-08,88.83999633789062,89.4800033569336,88.33999633789062,89.06999969482422,78.63861846923828,13783300
2019-05-09,88.27999877929688,89.16999816894531,87.86000061035156,88.87999725341797,78.47087860107422,15692300
2019-05-10,88.58999633789062,89.13999938964844,87.01000213623047,88.91000366210938,78.49736022949219,17771800
2019-05-13,87.4000015258789,88.86000061035156,86.9000015258789,87.23999786376953,77.02293395996094,17436000
2019-05-14,87.63999938964844,88.29000091552734,87.47000122070312,87.68000030517578,77.41140747070312,13147000
2019-05-15,87.22000122070312,88.23999786376953,86.83000183105469,87.94000244140625,77.64095306396484,10587700
2019-05-16,88.12999725341797,89.38999938964844,88.06999969482422,88.62999725341797,78.2501449584961,15124000
2019-05-17,87.9000015258789,89.13999938964844,87.9000015258789,88.44000244140625,78.08240509033203,13354100
2019-05-20,88.05999755859375,88.68000030517578,87.75,88.4000015258789,78.04708099365234,10757400
2019-05-21,88.9000015258789,89.61000061035156,88.83999633789062,89.2300033569336,78.77987670898438,11690600
2019-05-22,88.97000122070312,89.94000244140625,88.88999938964844,89.73999786376953,79.23014831542969,9021800
2019-05-23,89.29000091552734,89.43000030517578,88.68000030517578,89.43000030517578,78.95646667480469,13545300
2019-05-24,89.73999786376953,90.0999984741211,89.33999633789062,89.55999755859375,79.07122039794922,9986400
2019-05-28,89.63999938964844,90.18000030517578,88.2699966430664,88.27999877929688,77.9411392211914,20796000
2019-05-29,87.8499984741211,87.86000061035156,86.81999969482422,87.43000030517578,77.19068145751953,16302700
2019-05-30,87.5999984741211,88.05000305175781,87.51000213623047,87.91000366210938,77.61448669433594,12457600
2019-05-31,87.33999633789062,87.69000244140625,86.7699966430664,87.27999877929688,77.05824279785156,10712900
2019-06-03,87.36000061035156,88.23999786376953,87.30999755859375,87.48999786376953,77.24365234375,19371000
2019-06-04,88.22000122070312,89.08999633789062,88.11000061035156,88.94000244140625,78.52384948730469,15837200
2019-06-05,89.58999633789062,89.81999969482422,88.97000122070312,89.61000061035156,79.1153793334961,24291700
2019-06-06,89.75,90.43000030517578,89.54000091552734,90.06999969482422,79.52147674560547,18840900
2019-06-07,90.36000061035156,91.2300033569336,90.33000183105469,91.01000213623047,80.35140991210938,9302700
2019-06-10,91.29000091552734,91.58000183105469,90.94999694824219,91.27999877929688,80.58979797363281,8552800
2019-06-11,91.7300033569336,91.95999908447266,90.9000015258789,91.12999725341797,80.45735168457031,8317900
2019-06-12,91.1500015258789,91.5999984741211,91.05999755859375,91.56999969482422,80.84584045410156,5799200
2019-06-13,91.7300033569336,91.7300033569336,91.0999984741211,91.45999908447266,80.74871826171875,9031800
2019-06-14,91.5,91.7699966430664,91.18000030517578,91.25,80.56331634521484,5056300
2019-06-17,91.33999633789062,91.72000122070312,91.20999908447266,91.66000366210938,80.92530059814453,4861500
2019-06-18,92.12000274658203,92.76000213623047,91.94000244140625,92.44000244140625,81.61395263671875,7979600
2019-06-19,92.45999908447266,93.4800033569336,92.4000015258789,93.2699966430664,82.34674072265625,6988100
2019-06-20,94.04000091552734,94.33000183105469,93.13999938964844,93.68000030517578,82.70872497558594,9241200
2019-06-21,93.19000244140625,93.91000366210938,92.66000366210938,93.7300033569336,83.1059341430664,9026100
2019-06-24,93.61000061035156,93.66999816894531,93.06999969482422,93.23999786376953,82.67150115966797,6493600
2019-06-25,93.30999755859375,93.73999786376953,92.7699966430664,92.86000061035156,82.33456420898438,14930600
2019-06-26,92.98999786376953,93.0,91.5,91.69000244140625,81.29718780517578,10498400
2019-06-27,92.01000213623047,92.51000213623047,91.83000183105469,92.33000183105469,81.8646469116211,7416200
2019-06-28,92.37000274658203,92.72000122070312,91.83999633789062,92.63999938964844,82.13948822021484,9390600
2019-07-01,93.37000274658203,93.41000366210938,92.72000122070312,93.0999984741211,82.54734802246094,7797200
2019-07-02,93.18000030517578,93.5999984741211,92.6500015258789,93.5999984741211,82.99066925048828,7952500
2019-07-03,93.80999755859375,94.41999816894531,93.80000305175781,94.4000015258789,83.70001983642578,4066000
2019-07-05,94.0,94.2300033569336,93.54000091552734,93.75,83.12364196777344,5934300
2019-07-08,93.38999938964844,93.41999816894531,92.62000274658203,93.05000305175781,82.50300598144531,15202000
2019-07-09,92.70999908447266,93.23999786376953,92.69999694824219,93.13999938964844,82.58283233642578,5537300
2019-07-10,93.3499984741211,93.70999908447266,93.06999969482422,93.45999908447266,82.86652374267578,5347300
2019-07-11,94.11000061035156,94.1500015258789,92.8499984741211,93.4800033569336,82.88427734375,13691700
2019-07-12,93.16999816894531,93.19000244140625,91.80000305175781,92.44000244140625,81.9621810913086,11508200
2019-07-15,92.48999786376953,92.86000061035156,92.18000030517578,92.63999938964844,82.13948822021484,5811100
2019-07-16,92.56999969482422,92.69999694824219,92.12000274658203,92.18000030517578,81.73162841796875,9092300
2019-07-17,92.37000274658203,92.68000030517578,92.19000244140625,92.19999694824219,81.74935913085938,9566700
2019-07-18,92.19000244140625,92.87000274658203,91.73999786376953,92.72000122070312,82.21041870117188,6559500
2019-07-19,92.93000030517578,92.97000122070312,91.68000030517578,91.76000213623047,81.35924530029297,8105900
2019-07-22,91.86000061035156,91.91999816894531,91.48999786376953,91.56999969482422,81.19076538085938,5192500
2019-07-23,91.69999694824219,92.27999877929688,91.31999969482422,92.13999938964844,81.69613647460938,6688600
2019-07-24,92.0,92.19999694824219,91.16999816894531,92.19000244140625,81.740478515625,5430400
2019-07-25,91.94000244140625,92.29000091552734,91.54000091552734,91.73999786376953,81.34151458740234,6618700
2019-07-26,92.05999755859375,92.23999786376953,91.72000122070312,92.06999969482422,81.63407897949219,3812400
2019-07-29,92.12000274658203,92.5199966430664,91.97000122070312,92.44999694824219,81.97102355957031,5887500
2019-07-30,91.73999786376953,92.08999633789062,91.36000061035156,92.05000305175781,81.6163558959961,7959200
2019-07-31,91.94999694824219,92.33000183105469,90.58000183105469,91.13999938964844,80.80952453613281,8557400
2019-08-01,91.1500015258789,92.23999786376953,90.70999908447266,91.26000213623047,80.91590118408203,16422500
2019-08-02,91.12999725341797,91.41000366210938,90.45999908447266,91.05000305175781,80.72972106933594,15956600
2019-08-05,90.0199966430664,90.37999725341797,88.19000244140625,88.91000366210938,78.832275390625,17626200
2019-08-06,89.36000061035156,90.08000183105469,88.87000274658203,90.05999755859375,79.8519287109375,10135900
2019-08-07,89.33000183105469,90.33999633789062,88.19999694824219,90.08999633789062,79.87853240966797,12452500
2019-08-08,90.37000274658203,91.37999725341797,90.25,91.29000091552734,80.94249725341797,12034800
2019-08-09,91.12999725341797,91.9800033569336,90.61000061035156,91.4000015258789,81.04004669189453,7253100
2019-08-12,91.05999755859375,91.4000015258789,90.16000366210938,90.51000213623047,80.25091552734375,7097100
2019-08-13,90.4800033569336,92.16999816894531,90.4000015258789,91.69000244140625,81.29718780517578,12232500
2019-08-14,90.75,90.97000122070312,89.08999633789062,89.13999938964844,79.03618621826172,16426100
2019-08-15,89.5199966430664,89.79000091552734,88.87000274658203,89.44999694824219,79.31107330322266,12315200
2019-08-16,90.05999755859375,90.79000091552734,90.0,90.55000305175781,80.286376953125,10239300
2019-08-19,91.26000213623047,91.6500015258789,91.11000061035156,91.41999816894531,81.0577621459961,6427200
2019-08-20,91.44999694824219,91.63999938964844,90.56999969482422,90.63999938964844,80.36618041992188,4708800
2019-08-21,91.2699966430664,91.52999877929688,91.04000091552734,91.30999755859375,80.9602279663086,5687100
2019-08-22,91.4800033569336,91.69000244140625,90.5,90.86000061035156,80.56126403808594,6486900
2019-08-23,90.69999694824219,91.04000091552734,88.31999969482422,88.76000213623047,78.69927215576172,9822700
2019-08-26,89.47000122070312,89.76000213623047,89.0999984741211,89.69000244140625,79.52385711669922,8913900
2019-08-27,90.23999786376953,90.55000305175781,89.0999984741211,89.16000366210938,79.05394744873047,8252000
2019-08-28,88.8499984741211,90.0,88.72000122070312,89.80999755859375,79.63025665283203,5691500
2019-08-29,90.48999786376953,90.75,89.91000366210938,90.48999786376953,80.23318481445312,4360300
2019-08-30,90.91000366210938,91.08999633789062,90.20999908447266,90.5999984741211,80.33074188232422,4784100
2019-09-03,90.06999969482422,90.5,89.75,90.06999969482422,79.86078643798828,6437800
2019-09-04,90.66000366210938,90.70999908447266,89.70999908447266,90.12999725341797,79.91399383544922,9318700
2019-09-05,90.9000015258789,91.22000122070312,90.41999816894531,91.0199966430664,80.70310974121094,7897400
2019-09-06,91.20999908447266,91.52999877929688,91.08000183105469,91.2699966430664,80.92477416992188,13166400
2019-09-09,91.3499984741211,91.37999725341797,90.0999984741211,90.43000030517578,80.18000030517578,10675900
2019-09-10,89.97000122070312,90.69999694824219,89.0199966430664,90.69000244140625,80.4105224609375,8770700
2019-09-11,90.83999633789062,91.62000274658203,90.62000274658203,91.58999633789062,81.20848846435547,8124300
2019-09-12,92.0,92.37999725341797,91.51000213623047,91.55999755859375,81.1819076538086,9344700
2019-09-13,91.66999816894531,92.25,91.31999969482422,91.51000213623047,81.1375732421875,6351000
2019-09-16,91.01000213623047,91.54000091552734,90.9000015258789,91.30999755859375,80.9602279663086,6668100
2019-09-17,91.26000213623047,91.69999694824219,91.12999725341797,91.44999694824219,81.08435821533203,3932900
2019-09-18,91.44999694824219,91.55999755859375,90.79000091552734,91.44000244140625,81.07550048828125,5369800
2019-09-19,91.55000305175781,92.27999877929688,91.37999725341797,91.87000274658203,81.45675659179688,5058600
2019-09-20,91.69999694824219,92.43000030517578,91.69000244140625,92.0,81.91082000732422,8935700
2019-09-23,91.7300033569336,92.05999755859375,91.4800033569336,91.51000213623047,81.47457122802734,4232900
2019-09-24,91.8499984741211,91.91000366210938,90.3499984741211,90.66999816894531,80.72669219970703,10542600
2019-09-25,90.68000030517578,90.76000213623047,90.0999984741211,90.2300033569336,80.33493041992188,7956800
2019-09-26,90.52999877929688,90.55999755859375,89.04000091552734,89.7300033569336,79.88978576660156,10004500
2019-09-27,90.02999877929688,90.16000366210938,89.0,89.33000183105469,79.5336685180664,10017300
2019-09-30,89.44999694824219,90.68000030517578,89.38999938964844,90.12999725341797,80.24591064453125,8031600
2019-10-01,90.37000274658203,90.56999969482422,89.06999969482422,89.25,79.46240234375,13413900
2019-10-02,88.97000122070312,89.1500015258789,87.55999755859375,87.94999694824219,78.30497741699219,13385000
2019-10-03,87.83000183105469,88.7699966430664,87.19999694824219,88.73999786376953,79.00833129882812,11958800
2019-10-04,89.0,90.18000030517578,88.94999694824219,90.12999725341797,80.24591064453125,9146600
2019-10-07,89.76000213623047,90.41999816894531,89.62999725341797,89.83000183105469,79.97881317138672,8247200
2019-10-08,89.08000183105469,89.12000274658203,88.0999984741211,88.12000274658203,78.45633697509766,10649300
2019-10-09,88.66000366210938,89.0199966430664,88.36000061035156,88.76000213623047,79.02616119384766,7350200
2019-10-10,88.5,89.51000213623047,88.41999816894531,89.19999694824219,79.41787719726562,8232300
2019-10-11,90.05000305175781,91.0,89.9000015258789,89.94000244140625,80.07674407958984,10773200
2019-10-14,89.87999725341797,90.33999633789062,89.76000213623047,89.9000015258789,80.04112243652344,4915600
2019-10-15,90.88999938964844,91.86000061035156,90.83000183105469,91.54000091552734,81.50126647949219,12607900
2019-10-16,91.47000122070312,91.88999938964844,91.2699966430664,91.41999816894531,81.3944320678711,7851500
2019-10-17,91.72000122070312,92.36000061035156,91.68000030517578,92.0999984741211,81.99984741210938,7536100
2019-10-18,91.83999633789062,92.23999786376953,91.3499984741211,91.76000213623047,81.69717407226562,6784700
2019-10-21,92.13999938964844,92.27999877929688,91.4800033569336,91.66000366210938,81.6081314086914,4948400
2019-10-22,92.36000061035156,92.94999694824219,91.81999969482422,91.86000061035156,81.78618621826172,8702400
2019-10-23,92.0199966430664,92.69999694824219,91.83000183105469,92.43000030517578,82.29368591308594,5525000
2019-10-24,92.58999633789062,92.69000244140625,91.62999725341797,91.95999908447266,81.87520599365234,6892300
2019-10-25,91.72000122070312,92.30999755859375,91.4800033569336,92.05999755859375,81.9642333984375,5536900
2019-10-28,92.30000305175781,93.19999694824219,92.22000122070312,93.01000213623047,82.81008911132812,6937900
2019-10-29,93.2300033569336,94.4800033569336,93.0,94.33000183105469,83.98531341552734,13768400
2019-10-30,94.36000061035156,94.9000015258789,93.98999786376953,94.86000061035156,84.45719909667969,10179700
2019-10-31,94.68000030517578,94.80999755859375,94.13999938964844,94.75,84.3592758178711,9675200
2019-11-01,95.26000213623047,95.66999816894531,94.8499984741211,94.87000274658203,84.46611785888672,14670800
2019-11-04,95.30999755859375,95.36000061035156,94.54000091552734,94.58000183105469,84.20790100097656,9878200
2019-11-05,94.72000122070312,94.7300033569336,93.69999694824219,93.91000366210938,83.61138153076172,13273800
2019-11-06,94.0,94.41000366210938,93.70999908447266,94.2300033569336,83.8962631225586,13130200
2019-11-07,94.58999633789062,94.73999786376953,94.16000366210938,94.44000244140625,84.08325958251953,7827900
2019-11-08,94.37999725341797,95.1500015258789,94.2699966430664,95.12999725341797,84.69757843017578,7756900
2019-11-11,94.7699966430664,94.97000122070312,94.4800033569336,94.73999786376953,84.35034942626953,6092500
2019-11-12,94.88999938964844,95.6500015258789,94.76000213623047,95.30999755859375,84.85784149169922,13801500
2019-11-13,95.05000305175781,95.6500015258789,94.9000015258789,95.41999816894531,84.95576477050781,6507700
2019-11-14,95.4000015258789,95.56999969482422,94.8499984741211,95.43000030517578,84.96470642089844,6498800
2019-11-15,95.76000213623047,97.62999725341797,95.66999816894531,97.45999908447266,86.77205657958984,11337700
2019-11-18,97.37000274658203,97.93000030517578,97.01000213623047,97.12999725341797,86.478271484375,11251400
2019-11-19,97.47000122070312,97.93000030517578,97.22000122070312,97.79000091552734,87.06588745117188,10025800
2019-11-20,97.62999725341797,97.97000122070312,97.08000183105469,97.66000366210938,86.95014190673828,12305600
2019-11-21,97.72000122070312,97.9800033569336,97.05000305175781,97.91000366210938,87.17271423339844,9122400
2019-11-22,98.08000183105469,98.4000015258789,97.87000274658203,98.26000213623047,87.48432159423828,6141800
2019-11-25,98.66000366210938,99.43000030517578,98.51000213623047,99.41000366210938,88.50823974609375,11726500
2019-11-26,99.4000015258789,99.55999755859375,99.0,99.33000183105469,88.4369888305664,11073300
2019-11-27,99.47000122070312,99.98999786376953,99.37999725341797,99.83999633789062,88.89105987548828,6333200
2019-11-29,99.58000183105469,99.80999755859375,99.29000091552734,99.48999786376953,88.57947540283203,2392000
2019-12-02,99.69000244140625,99.72000122070312,98.7300033569336,99.05000305175781,88.18770599365234,6682200
2019-12-03,98.30000305175781,98.91000366210938,98.02999877929688,98.83000183105469,87.9918441772461,7709700
2019-12-04,99.2300033569336,99.87999725341797,99.12999725341797,99.75,88.81092071533203,6237600
2019-12-05,99.80999755859375,99.9000015258789,98.91000366210938,99.75,88.81092071533203,7390400
2019-12-06,100.2699966430664,100.75,100.19999694824219,100.41000366210938,89.3985595703125,5658500
2019-12-09,100.44999694824219,100.47000122070312,99.70999908447266,99.70999908447266,88.77530670166016,5148900
2019-12-10,99.69000244140625,100.0199966430664,99.30000305175781,99.93000030517578,88.9712142944336,6027900
2019-12-11,100.01000213623047,100.2699966430664,99.81999969482422,100.0199966430664,89.05132293701172,6064300
2019-12-12,100.06999969482422,101.27999877929688,100.0199966430664,100.94999694824219,89.87934112548828,9769100
2019-12-13,100.8499984741211,101.47000122070312,100.47000122070312,100.87999725341797,89.81700134277344,6433200
2019-12-16,101.47000122070312,102.33999633789062,101.47000122070312,101.97000122070312,90.7874755859375,7730300
2019-12-17,102.0999984741211,102.25,101.72000122070312,101.86000061035156,90.68954467773438,4643600
2019-12-18,101.9000015258789,102.19999694824219,101.79000091552734,102.0,90.8141860961914,5202900
2019-12-19,102.20999908447266,102.51000213623047,102.05000305175781,102.4000015258789,91.17032623291016,6637200
2019-12-20,102.27999877929688,102.93000030517578,102.27999877929688,102.69999694824219,91.8158187866211,8586500
2019-12-23,102.94000244140625,103.22000122070312,102.68000030517578,103.11000061035156,92.18234252929688,4770900
2019-12-24,103.11000061035156,103.23999786376953,102.7300033569336,102.9800033569336,92.0661392211914,2071800
2019-12-26,103.11000061035156,103.2300033569336,102.58000183105469,102.91000366210938,92.00355529785156,2910100
2019-12-27,103.12999725341797,103.13999938964844,102.70999908447266,102.94000244140625,92.03038024902344,3605000
2019-12-30,102.2699966430664,102.48999786376953,101.51000213623047,101.66000366210938,91.47787475585938,5665100
2019-12-31,101.44000244140625,101.94999694824219,101.2699966430664,101.86000061035156,91.65782928466797,4746700
2020-01-02,102.16999816894531,102.29000091552734,101.4000015258789,102.12999725341797,91.90077209472656,6277400
2020-01-03,100.94999694824219,101.81999969482422,100.44999694824219,101.23999786376953,91.09992980957031,8247500
2020-01-06,100.77999877929688,101.9000015258789,100.75,101.87000274658203,91.66682434082031,6441800
2020-01-07,101.58999633789062,101.76000213623047,101.0999984741211,101.66999816894531,91.48686981201172,6335300
2020-01-08,101.72000122070312,102.79000091552734,101.68000030517578,102.33000183105469,92.08076477050781,7494700
2020-01-09,102.63999938964844,103.05000305175781,102.41999816894531,102.7699966430664,92.47669219970703,6660600
2020-01-10,103.16000366210938,103.33000183105469,102.62000274658203,102.80000305175781,92.50370025634766,9300300
2020-01-13,102.97000122070312,102.98999786376953,102.08999633789062,102.44000244140625,92.17974090576172,7621700
2020-01-14,102.12999725341797,103.08000183105469,101.94999694824219,103.05999755859375,92.73765563964844,7294900
2020-01-15,103.18000030517578,104.22000122070312,103.0999984741211,103.94999694824219,93.53849029541016,7521800
2020-01-16,104.37999725341797,104.55999755859375,103.97000122070312,104.48999786376953,94.02442932128906,5479900
2020-01-17,104.2300033569336,104.6500015258789,104.2300033569336,104.48999786376953,94.02442932128906,6533400
2020-01-21,104.25,104.83999633789062,104.20999908447266,104.5999984741211,94.12340545654297,6644800
2020-01-22,104.83000183105469,105.08000183105469,104.58999633789062,104.7300033569336,94.24038696289062,9431500
2020-01-23,104.55000305175781,104.69999694824219,103.4800033569336,104.19999694824219,93.7634506225586,8522600
2020-01-24,104.31999969482422,104.37000274658203,102.19999694824219,102.45999908447266,92.19775390625,15962700
2020-01-27,101.22000122070312,102.06999969482422,101.08000183105469,101.68000030517578,91.49585723876953,11762300
2020-01-28,101.9800033569336,102.58000183105469,101.69999694824219,102.18000030517578,91.9457778930664,8079900
2020-01-29,102.27999877929688,102.63999938964844,101.87999725341797,101.9000015258789,91.69381713867188,6435700
2020-01-30,101.1500015258789,101.22000122070312,100.29000091552734,101.16000366210938,91.02796173095703,10989400
2020-01-31,100.76000213623047,100.83999633789062,98.80999755859375,99.13999938964844,89.21025848388672,14476700
2020-02-03,99.83000183105469,100.76000213623047,99.83000183105469,100.04000091552734,90.0201187133789,11850600
2020-02-04,101.29000091552734,102.20999908447266,101.2699966430664,101.80000305175781,91.60386657714844,9575100
2020-02-05,102.27999877929688,104.12000274658203,102.2699966430664,103.76000213623047,93.36751556396484,14131000
2020-02-06,104.23999786376953,104.23999786376953,103.4000015258789,103.8499984741211,93.44851684570312,6166500
2020-02-07,103.86000061035156,103.94999694824219,102.87999725341797,103.04000091552734,92.71963500976562,6057200
2020-02-10,102.66000366210938,103.58999633789062,102.58000183105469,103.58999633789062,93.21455383300781,4010100
2020-02-11,103.94999694824219,104.30000305175781,103.73999786376953,104.20999908447266,93.77245330810547,10277100
2020-02-12,104.5999984741211,104.83999633789062,103.91999816894531,104.33999633789062,93.8894271850586,4705700
2020-02-13,103.95999908447266,104.27999877929688,103.63999938964844,103.8499984741211,93.44851684570312,4778500
2020-02-14,103.95999908447266,104.0,103.41999816894531,103.93000030517578,93.52051544189453,5114200
2020-02-18,103.93000030517578,104.05999755859375,103.22000122070312,103.55999755859375,93.18755340576172,8409300
2020-02-19,103.83000183105469,104.19000244140625,103.7300033569336,104.04000091552734,93.61949157714844,6427900
2020-02-20,103.80000305175781,103.9000015258789,102.43000030517578,103.37000274658203,93.0166015625,8080900
2020-02-21,102.97000122070312,103.52999877929688,102.61000061035156,103.43000030517578,93.07058715820312,6510800
2020-02-24,100.93000030517578,101.61000061035156,99.69000244140625,100.16999816894531,90.1371078491211,16284500
2020-02-25,100.52999877929688,100.75,96.79000091552734,97.12999725341797,87.40158081054688,20301600
2020-02-26,97.66999816894531,98.81999969482422,96.91000366210938,97.12000274658203,87.39258575439453,13721600
2020-02-27,96.06999969482422,97.33999633789062,93.80000305175781,93.81999969482422,84.423095703125,22047900
2020-02-28,91.3499984741211,92.66000366210938,89.9800033569336,92.61000061035156,83.33430480957031,27750600
2020-03-02,92.63999938964844,97.0999984741211,92.31999969482422,96.94999694824219,87.23960876464844,22359400
2020-03-03,97.19000244140625,98.88999938964844,93.2699966430664,94.54000091552734,85.07099914550781,33385500
2020-03-04,97.37999725341797,100.1500015258789,97.18000030517578,99.98999786376953,89.97512817382812,26418700
2020-03-05,97.8499984741211,99.19000244140625,96.55999755859375,97.66999816894531,87.8874740600586,17873000
2020-03-06,94.98999786376953,97.5,94.5999984741211,97.1500015258789,87.41960144042969,17917700
2020-03-09,91.38999938964844,94.27999877929688,90.01000213623047,92.0999984741211,82.87537384033203,21968500
2020-03-10,94.76000213623047,95.41999816894531,90.94000244140625,95.26000213623047,85.71886444091797,26473200
2020-03-11,93.01000213623047,93.66999816894531,90.44999694824219,91.62000274658203,82.44347381591797,23217900
2020-03-12,86.01000213623047,89.7300033569336,82.9000015258789,84.77999877929688,76.28853607177734,20652200
2020-03-13,88.72000122070312,90.9000015258789,84.16000366210938,90.66000366210938,81.57960510253906,29162800
2020-03-16,82.5199966430664,87.05000305175781,80.66999816894531,81.72000122070312,73.53504180908203,21474800
2020-03-17,83.41000366210938,87.55000305175781,82.3499984741211,86.8499984741211,78.15121459960938,27899700
2020-03-18,82.4000015258789,85.30000305175781,79.91999816894531,83.97000122070312,75.5596694946289,28931000
2020-03-19,83.02999877929688,84.26000213623047,81.33000183105469,82.25,74.01194763183594,27121100
2020-03-20,82.95999908447266,83.80999755859375,78.63999938964844,79.08999633789062,71.16844177246094,22004900
2020-03-23,78.19999694824219,78.30999755859375,73.54000091552734,74.62000274658203,67.47203826904297,33633000
2020-03-24,78.1500015258789,80.52999877929688,77.56999969482422,80.37000274658203,72.67125701904297,16775800
2020-03-25,79.83999633789062,84.08999633789062,78.87000274658203,81.44000244140625,73.63874816894531,16851800
2020-03-26,82.16999816894531,87.30999755859375,82.01000213623047,86.8499984741211,78.53050994873047,18822500
2020-03-27,84.33999633789062,87.2300033569336,84.27999877929688,84.98999786376953,76.84868621826172,13043200
2020-03-30,86.5199966430664,89.13999938964844,86.51000213623047,88.97000122070312,80.44743347167969,13766700
2020-03-31,89.05000305175781,89.52999877929688,87.63999938964844,88.58000183105469,80.09479522705078,13584900
2020-04-01,85.62000274658203,86.38999938964844,84.38999938964844,85.20999908447266,77.047607421875,15255200
2020-04-02,84.77999877929688,87.7699966430664,83.93000030517578,87.56999969482422,79.18153381347656,13588000
2020-04-03,87.29000091552734,88.12000274658203,85.80000305175781,86.77999877929688,78.46724700927734,12934200
2020-04-06,89.54000091552734,91.8499984741211,89.13999938964844,91.33000183105469,82.58136749267578,13472900
2020-04-07,93.6500015258789,93.81999969482422,90.48999786376953,90.58000183105469,81.9031982421875,16699200
2020-04-08,91.36000061035156,94.86000061035156,90.22000122070312,94.30999755859375,85.27590942382812,32624300
2020-04-09,95.16999816894531,95.3499984741211,93.97000122070312,94.83000183105469,85.74608612060547,12982500
2020-04-13,94.48999786376953,94.81999969482422,92.66000366210938,94.0,84.99559020996094,9606600
2020-04-14,95.83999633789062,97.47000122070312,95.5199966430664,97.12000274658203,87.81674194335938,12830800
2020-04-15,95.83000183105469,97.19000244140625,95.29000091552734,96.62000274658203,87.36463165283203,11019000
2020-04-16,97.33999633789062,98.9800033569336,97.02999877929688,98.7300033569336,89.27251434326172,11331600
2020-04-17,101.12999725341797,101.12999725341797,99.38999938964844,100.77999877929688,91.12613677978516,11504400
2020-04-20,99.81999969482422,101.41000366210938,99.70999908447266,99.9800033569336,90.40277862548828,10558100
2020-04-21,98.2699966430664,98.83000183105469,96.62000274658203,96.94000244140625,87.65398406982422,9291400
2020-04-22,98.3499984741211,99.02999877929688,97.73999786376953,98.41999816894531,88.9922103881836,11994100
2020-04-23,98.94000244140625,100.48999786376953,98.73999786376953,98.95999908447266,89.4804916381836,16013300
2020-04-24,99.55999755859375,100.48999786376953,98.94000244140625,100.29000091552734,90.68305969238281,7853300
2020-04-27,100.98999786376953,102.01000213623047,100.83000183105469,101.58000183105469,91.84950256347656,8022100
2020-04-28,102.26000213623047,102.26000213623047,99.41000366210938,99.52999877929688,89.99585723876953,11517500
2020-04-29,101.05999755859375,101.05999755859375,99.54000091552734,100.19000244140625,90.5926513671875,9939900
2020-04-30,99.76000213623047,100.37999725341797,99.20999908447266,99.7300033569336,90.17672729492188,12768900
2020-05-01,98.58999633789062,98.7699966430664,96.94999694824219,97.83000183105469,88.45873260498047,10102000
2020-05-04,97.52999877929688,98.0,96.88999938964844,97.77999877929688,88.41350555419922,8991300
2020-05-05,98.63999938964844,100.62000274658203,98.38999938964844,99.9000015258789,90.33043670654297,11498300
2020-05-06,100.41999816894531,100.48999786376953,98.86000061035156,98.91000366210938,89.43528747558594,9493200
2020-05-07,99.91999816894531,99.93000030517578,98.77999877929688,98.9000015258789,89.42621612548828,9453900
2020-05-08,99.95999908447266,100.0,99.11000061035156,99.41000366210938,89.88738250732422,10374500
2020-05-11,99.0,101.37999725341797,99.0,101.12000274658203,91.4335708618164,15115100
2020-05-12,101.70999908447266,101.80000305175781,99.56999969482422,99.58000183105469,90.04107666015625,18471000
2020-05-13,99.44999694824219,100.22000122070312,97.70999908447266,98.5,89.0645523071289,12667200
2020-05-14,97.58999633789062,99.62999725341797,97.56999969482422,99.58000183105469,90.04107666015625,12021400
2020-05-15,99.30000305175781,100.51000213623047,99.06999969482422,100.41999816894531,90.80061340332031,15170200
2020-05-18,102.30000305175781,102.7699966430664,101.19000244140625,101.25,91.55111694335938,10557300
2020-05-19,100.93000030517578,101.44999694824219,100.0199966430664,100.02999877929688,90.4479751586914,10561400
2020-05-20,100.79000091552734,101.16999816894531,99.91999816894531,100.1500015258789,90.55650329589844,10058000
2020-05-21,99.87000274658203,99.93000030517578,98.83000183105469,99.41000366210938,89.88738250732422,12259500
2020-05-22,99.41999816894531,99.69999694824219,98.9000015258789,99.62000274658203,90.07726287841797,10233200
2020-05-26,101.19000244140625,101.27999877929688,99.27999877929688,99.44000244140625,89.91448974609375,10828800
2020-05-27,99.58000183105469,100.47000122070312,98.06999969482422,100.47000122070312,90.84583282470703,15551900
2020-05-28,101.29000091552734,102.80000305175781,101.26000213623047,101.77999877929688,92.03034973144531,11707700
2020-05-29,102.22000122070312,103.2300033569336,100.69000244140625,103.01000213623047,93.14251708984375,19055300
2020-06-01,102.36000061035156,102.4800033569336,101.3499984741211,101.98999786376953,92.22023010253906,8436200
2020-06-02,102.02999877929688,102.62999725341797,101.41999816894531,102.58000183105469,92.75372314453125,13162300
2020-06-03,102.87999725341797,102.9800033569336,101.94999694824219,102.37999725341797,92.5728759765625,10020900
2020-06-04,101.76000213623047,102.47000122070312,100.91999816894531,101.56999969482422,91.8404541015625,10848300
2020-06-05,102.20999908447266,104.04000091552734,101.68000030517578,103.20999908447266,93.32334899902344,14579500
2020-06-08,102.80000305175781,103.95999908447266,102.55000305175781,103.91999816894531,93.9653549194336,8191300
2020-06-09,103.70999908447266,104.22000122070312,102.72000122070312,102.83999633789062,92.98883056640625,10371100
2020-06-10,103.18000030517578,103.5199966430664,102.2300033569336,102.68000030517578,92.84416198730469,10519700
2020-06-11,101.79000091552734,101.9800033569336,96.62999725341797,96.97000122070312,87.68111419677734,39561900
2020-06-12,99.0,99.31999969482422,95.91999816894531,97.5999984741211,88.25076293945312,19397200
2020-06-15,96.13999938964844,98.37999725341797,95.41999816894531,97.81999969482422,88.44967651367188,14521800
2020-06-16,100.12000274658203,100.87000274658203,98.58000183105469,100.2300033569336,90.6288070678711,13272800
2020-06-17,100.7300033569336,100.91000366210938,99.77999877929688,100.12999725341797,90.53839111328125,9086200
2020-06-18,99.55999755859375,100.0199966430664,99.16000366210938,99.79000091552734,90.2309799194336,7115200
2020-06-19,100.93000030517578,101.33999633789062,99.70999908447266,100.75,91.0989990234375,12177000
2020-06-22,99.91000366210938,100.08000183105469,98.91000366210938,99.94000244140625,90.74942779541016,6889200
2020-06-23,100.62999725341797,101.2300033569336,100.18000030517578,100.37000274658203,91.13986206054688,5369900
2020-06-24,99.62000274658203,99.81999969482422,97.04000091552734,97.75,88.76081848144531,15739700
2020-06-25,97.66000366210938,98.83000183105469,96.83999633789062,98.70999908447266,89.63255310058594,10506300
2020-06-26,98.52999877929688,98.77999877929688,97.04000091552734,97.51000213623047,88.54287719726562,16631400
2020-06-29,98.27999877929688,98.56999969482422,97.5199966430664,98.38999938964844,89.34194946289062,7490200
2020-06-30,98.41999816894531,100.5999984741211,98.12999725341797,100.06999969482422,90.8674545288086,9183000
2020-07-01,100.54000091552734,101.26000213623047,99.91000366210938,100.83999633789062,91.566650390625,10932800
2020-07-02,101.7300033569336,102.18000030517578,101.37999725341797,101.5999984741211,92.25675201416016,6502400
2020-07-06,102.7699966430664,103.22000122070312,102.13999938964844,102.62999725341797,93.1920394897461,6374400
2020-07-07,101.87999725341797,102.97000122070312,101.5999984741211,101.73999786376953,92.38389587402344,5913200
2020-07-08,102.08999633789062,102.4000015258789,101.06999969482422,101.75,92.3929672241211,5624900
2020-07-09,101.63999938964844,102.0199966430664,99.68000030517578,100.94999694824219,91.66653442382812,10521700
2020-07-10,101.02999877929688,101.12999725341797,99.97000122070312,100.70999908447266,91.44860076904297,10502700
2020-07-13,101.29000091552734,103.1500015258789,101.0199966430664,101.27999877929688,91.96617889404297,10167200
2020-07-14,101.04000091552734,103.45999908447266,100.8499984741211,103.29000091552734,93.79136657714844,10889900
2020-07-15,104.05000305175781,104.93000030517578,103.83000183105469,104.62999725341797,95.00811767578125,9606900
2020-07-16,104.52999877929688,104.54000091552734,103.72000122070312,104.45999908447266,94.85374450683594,6412200
2020-07-17,105.01000213623047,106.25,104.86000061035156,105.88999938964844,96.15225982666016,7548600
2020-07-20,106.12999725341797,106.48999786376953,105.5199966430664,105.87000274658203,96.13408660888672,6776300
2020-07-21,106.2300033569336,106.62999725341797,105.58000183105469,105.80000305175781,96.07052612304688,7458600
2020-07-22,106.27999877929688,106.93000030517578,105.7300033569336,106.75,96.93314361572266,5648400
2020-07-23,107.08999633789062,107.52999877929688,105.91999816894531,106.2699966430664,96.49730682373047,6970100
2020-07-24,106.0999984741211,106.16000366210938,104.43000030517578,105.0999984741211,95.43489074707031,6241000
2020-07-27,105.05999755859375,106.16000366210938,104.7300033569336,105.88999938964844,96.15225982666016,5934200
2020-07-28,105.94000244140625,106.47000122070312,105.56999969482422,105.7699966430664,96.04329681396484,6239400
2020-07-29,106.01000213623047,107.30999755859375,105.94000244140625,106.87999725341797,97.05121612548828,5449800
2020-07-30,105.8499984741211,106.31999969482422,105.0,106.13999938964844,96.3792724609375,5349200
2020-07-31,105.80999755859375,106.0999984741211,104.1500015258789,105.52999877929688,95.82537841796875,6920400
2020-08-03,106.19000244140625,106.97000122070312,106.0,106.62000274658203,96.81510162353516,8811800
2020-08-04,106.37999725341797,106.62999725341797,105.48999786376953,106.1500015258789,96.38833618164062,6092900
2020-08-05,106.7300033569336,106.83000183105469,106.37000274658203,106.63999938964844,96.83325958251953,4406600
2020-08-06,106.51000213623047,106.95999908447266,105.30000305175781,106.06999969482422,96.31568145751953,5369700
2020-08-07,105.95999908447266,106.43000030517578,105.66000366210938,106.41000366210938,96.62443542480469,4274000
2020-08-10,106.43000030517578,106.5199966430664,105.7699966430664,106.05000305175781,96.29752349853516,4640200
2020-08-11,106.63999938964844,106.73999786376953,105.12999725341797,105.37999725341797,95.68913269042969,8115900
2020-08-12,105.94999694824219,107.48999786376953,105.91000366210938,107.1500015258789,97.29637145996094,8205500
2020-08-13,107.0199966430664,107.12000274658203,106.29000091552734,107.01000213623047,97.16925048828125,5323300
2020-08-14,106.80999755859375,107.27999877929688,106.38999938964844,106.80000305175781,96.97857666015625,3826200
2020-08-17,106.98999786376953,107.83999633789062,106.94000244140625,107.43000030517578,97.55061340332031,4610200
2020-08-18,107.6500015258789,107.83000183105469,106.83999633789062,107.4000015258789,97.52338409423828,4220500
2020-08-19,107.5,107.80000305175781,106.81999969482422,107.05000305175781,97.20556640625,6308100
2020-08-20,106.58000183105469,106.94999694824219,106.43000030517578,106.70999908447266,96.8968505859375,4938300
2020-08-21,106.54000091552734,106.95999908447266,105.98999786376953,106.81999969482422,96.99673461914062,6466700
2020-08-24,107.33000183105469,107.37000274658203,105.68000030517578,106.33000183105469,96.5517807006836,6363200
2020-08-25,106.87000274658203,107.08999633789062,106.45999908447266,107.05000305175781,97.20556640625,5096500
2020-08-26,106.83000183105469,107.04000091552734,105.7699966430664,106.91999816894531,97.0875244140625,6995300
2020-08-27,107.0999984741211,108.26000213623047,106.33999633789062,107.76000213623047,97.85028839111328,7775200
2020-08-28,108.05999755859375,108.05999755859375,107.19999694824219,108.0,98.06822204589844,5159600
2020-08-31,107.7699966430664,108.77999877929688,107.68000030517578,108.26000213623047,98.30429077148438,6721100
2020-09-01,108.12000274658203,108.29000091552734,106.63999938964844,107.29000091552734,97.42350769042969,10999300
2020-09-02,107.38999938964844,109.7300033569336,106.94000244140625,109.44000244140625,99.37580871582031,8495800
2020-09-03,109.58000183105469,109.73999786376953,105.69999694824219,106.45999908447266,96.66980743408203,13337300
2020-09-04,106.83000183105469,107.0199966430664,104.41000366210938,105.69999694824219,95.97970581054688,14715500
2020-09-08,105.52999877929688,105.56999969482422,103.66999816894531,103.95999908447266,94.39974212646484,9660200
2020-09-09,104.73999786376953,106.66999816894531,104.72000122070312,105.80000305175781,96.07052612304688,8200800
2020-09-10,106.0999984741211,106.0999984741211,103.9000015258789,104.18000030517578,94.59947204589844,9186200
2020-09-11,104.66999816894531,105.08999633789062,103.79000091552734,104.58999633789062,94.97178649902344,8764300
2020-09-14,105.44000244140625,106.66000366210938,105.2300033569336,106.08999633789062,96.33386993408203,5846900
2020-09-15,106.63999938964844,107.08000183105469,105.95999908447266,106.2300033569336,96.46097564697266,5580500
2020-09-16,106.80000305175781,107.01000213623047,105.93000030517578,106.05000305175781,96.29752349853516,7193300
2020-09-17,105.06999969482422,106.05999755859375,104.7300033569336,105.69999694824219,95.97970581054688,7597300
2020-09-18,105.83000183105469,106.22000122070312,104.55999755859375,105.54000091552734,95.83444213867188,8649300
2020-09-21,103.72000122070312,103.72000122070312,101.73999786376953,103.18000030517578,94.06400299072266,8783000
2020-09-22,103.01000213623047,103.27999877929688,102.02999877929688,102.95999908447266,93.86343383789062,7833300
2020-09-23,103.38999938964844,103.43000030517578,101.80000305175781,101.9000015258789,92.8970947265625,7681900
2020-09-24,101.54000091552734,101.9000015258789,100.7699966430664,101.38999938964844,92.4321517944336,8434600
2020-09-25,101.04000091552734,103.30000305175781,100.93000030517578,103.0199966430664,93.91815185546875,6769000
2020-09-28,104.01000213623047,104.76000213623047,103.75,103.94999694824219,94.7659912109375,6511100
2020-09-29,104.12999725341797,104.66000366210938,103.41000366210938,103.81999969482422,94.6474609375,5402700
2020-09-30,104.13999938964844,106.33000183105469,104.12000274658203,105.4800033569336,96.16080474853516,7565500
2020-10-01,105.97000122070312,106.4000015258789,104.66999816894531,105.12000274658203,95.8326187133789,9113200
2020-10-02,104.12000274658203,105.20999908447266,103.70999908447266,104.16000366210938,94.95742797851562,8628700
2020-10-05,104.91000366210938,106.41000366210938,104.87999725341797,106.30000305175781,96.90836334228516,6661200
2020-10-06,106.5999984741211,106.66000366210938,104.79000091552734,104.88999938964844,95.6229476928711,7747200
2020-10-07,105.62999725341797,107.19999694824219,105.61000061035156,106.87000274658203,97.4280014038086,7873100
2020-10-08,107.48999786376953,107.73999786376953,107.16000366210938,107.38999938964844,97.90205383300781,5942700
2020-10-09,107.98999786376953,108.68000030517578,107.70999908447266,108.36000061035156,98.786376953125,5636300
2020-10-12,108.8499984741211,109.52999877929688,108.48999786376953,109.0999984741211,99.46097564697266,5065000
2020-10-13,108.44999694824219,109.0199966430664,107.98999786376953,108.2699966430664,98.70429229736328,6773600
2020-10-14,108.2300033569336,108.68000030517578,107.30000305175781,107.63999938964844,98.12996673583984,5999900
2020-10-15,106.30999755859375,107.05999755859375,106.12999725341797,106.86000061035156,97.41888427734375,6197700
2020-10-16,107.20999908447266,108.72000122070312,107.16999816894531,107.91999816894531,98.38523864746094,7462100
2020-10-19,108.19999694824219,108.52999877929688,105.8499984741211,106.20999908447266,96.82630157470703,8308500
2020-10-20,106.58999633789062,107.2300033569336,106.16999816894531,106.3499984741211,96.95394134521484,7421100
2020-10-21,106.33999633789062,106.63999938964844,105.56999969482422,105.81999969482422,96.47076416015625,5474300
2020-10-22,105.97000122070312,107.61000061035156,105.95999908447266,107.41999816894531,97.92940521240234,6127100
2020-10-23,107.95999908447266,108.5999984741211,107.20999908447266,107.81999969482422,98.2940673828125,5697900
2020-10-26,106.94999694824219,107.08000183105469,105.5999984741211,106.62000274658203,97.20008087158203,8135500
2020-10-27,106.2300033569336,106.76000213623047,105.83000183105469,105.88999938964844,96.53459167480469,6893100
2020-10-28,104.13999938964844,104.7699966430664,102.4000015258789,102.52999877929688,93.47142791748047,11431700
2020-10-29,102.45999908447266,102.91000366210938,101.05999755859375,101.69000244140625,92.70565032958984,15974200
2020-10-30,101.55999755859375,102.16000366210938,100.30999755859375,101.66000366210938,92.67830657958984,10741700
2020-11-02,103.16000366210938,103.7300033569336,102.41000366210938,103.48999786376953,94.34661865234375,10287300
2020-11-03,104.76000213623047,106.13999938964844,104.68000030517578,105.0,95.72322082519531,9812900
2020-11-04,107.98999786376953,111.41999816894531,107.77999877929688,109.66000366210938,99.97149658203125,25531500
2020-11-05,111.16999816894531,111.25,109.68000030517578,109.87999725341797,100.17206573486328,12864800
2020-11-06,110.0,110.66999816894531,109.20999908447266,109.91999816894531,100.20853424072266,12311200
2020-11-09,113.91999816894531,114.41000366210938,110.80999755859375,110.94999694824219,101.14754486083984,20443000
2020-11-10,111.45999908447266,111.66999816894531,110.06999969482422,111.2699966430664,101.43922424316406,12526500
2020-11-11,112.16000366210938,112.16000366210938,110.58999633789062,111.12999725341797,101.31163024902344,9935400
2020-11-12,110.91999816894531,111.36000061035156,109.9800033569336,110.72000122070312,100.93785095214844,7856300
2020-11-13,111.2699966430664,112.55000305175781,111.06999969482422,112.12000274658203,102.21415710449219,6576100
2020-11-16,113.01000213623047,113.19000244140625,111.37000274658203,111.93000030517578,102.04094696044922,7586000
2020-11-17,111.36000061035156,111.61000061035156,110.66999816894531,111.19999694824219,101.37545776367188,8898100
2020-11-18,111.44000244140625,111.4800033569336,109.0999984741211,109.12999725341797,99.48833465576172,9849900
2020-11-19,109.12999725341797,109.22000122070312,108.23999786376953,109.05000305175781,99.4154052734375,10410900
2020-11-20,108.80000305175781,109.30999755859375,108.41999816894531,108.80000305175781,99.18746948242188,7674500
2020-11-23,109.33999633789062,109.4000015258789,107.83999633789062,108.5199966430664,98.93221282958984,7747700
2020-11-24,109.05000305175781,109.58000183105469,108.47000122070312,108.83999633789062,99.22393798828125,9615900
2020-11-25,108.97000122070312,109.05000305175781,107.98999786376953,108.44000244140625,98.8592758178711,11671800
2020-11-27,108.87999725341797,109.5199966430664,108.52999877929688,109.44000244140625,99.77095794677734,4443900
2020-11-30,109.4800033569336,109.83999633789062,108.9000015258789,109.73999786376953,100.04443359375,12723400
2020-12-01,110.80000305175781,111.87000274658203,110.47000122070312,110.66000366210938,100.88317108154297,12682400
2020-12-02,110.73999786376953,111.68000030517578,110.66999816894531,111.48999786376953,101.63982391357422,8552400
2020-12-03,111.44999694824219,111.79000091552734,110.87000274658203,111.3499984741211,101.5121841430664,9795700
2020-12-04,111.38999938964844,112.55999755859375,111.25,112.54000091552734,102.59707641601562,7859600
2020-12-07,112.41999816894531,112.5199966430664,111.44000244140625,111.8499984741211,101.968017578125,5803200
2020-12-08,111.58000183105469,112.79000091552734,111.54000091552734,112.69999694824219,102.742919921875,7953200
2020-12-09,113.1500015258789,113.16000366210938,111.80999755859375,112.30999755859375,102.38735961914062,7386400
2020-12-10,112.29000091552734,112.73999786376953,111.88999938964844,112.12000274658203,102.21415710449219,5411000
2020-12-11,111.66000366210938,111.93000030517578,110.91000366210938,111.68000030517578,101.81303405761719,5222400
2020-12-14,112.52999877929688,113.08999633789062,110.7699966430664,110.83999633789062,101.0472640991211,8469300
2020-12-15,111.61000061035156,112.27999877929688,111.0199966430664,112.04000091552734,102.14122009277344,5007500
2020-12-16,111.94000244140625,112.33999633789062,111.2300033569336,111.70999908447266,101.84038543701172,5355400
2020-12-17,111.88999938964844,112.9800033569336,111.87999725341797,112.91000366210938,102.93437957763672,4263700
2020-12-18,113.0199966430664,113.2699966430664,111.79000091552734,113.0,103.01642608642578,7876700
2020-12-21,110.87000274658203,111.51000213623047,109.37000274658203,111.41000366210938,101.98567199707031,6129600
2020-12-22,111.20999908447266,111.47000122070312,110.44000244140625,111.06999969482422,101.67442321777344,13104100
2020-12-23,111.45999908447266,111.97000122070312,111.06999969482422,111.1500015258789,101.74765014648438,3920700
2020-12-24,111.19999694824219,111.68000030517578,111.05000305175781,111.47000122070312,102.04058837890625,1674700
2020-12-28,112.05000305175781,112.30000305175781,111.44999694824219,111.75,102.29688262939453,4390100
2020-12-29,112.2699966430664,112.79000091552734,111.9000015258789,112.27999877929688,102.78205871582031,5053300
2020-12-30,112.51000213623047,112.88999938964844,112.13999938964844,112.26000213623047,102.7637710571289,3563700
2020-12-31,112.2699966430664,113.62000274658203,111.9000015258789,113.44000244140625,103.84394073486328,5581200
2021-01-04,113.87999725341797,113.9000015258789,111.11000061035156,112.94999694824219,103.39539337158203,12911800
2021-01-05,112.75,114.16000366210938,112.2699966430664,113.7699966430664,104.14602661132812,11081900
2021-01-06,112.18000030517578,115.62999725341797,112.18000030517578,115.33000183105469,105.5740737915039,17833700
2021-01-07,115.4800033569336,117.0,115.30000305175781,116.83000183105469,106.94718170166016,12407100
2021-01-08,117.04000091552734,117.91000366210938,116.27999877929688,117.38999938964844,107.45980834960938,9350600
2021-01-11,117.41999816894531,118.12999725341797,117.2699966430664,117.94000244140625,107.96328735351562,6428200
2021-01-12,117.70999908447266,117.83999633789062,116.12999725341797,116.66000366210938,106.79154968261719,9225500
2021-01-13,116.5999984741211,117.37999725341797,116.16999816894531,116.9800033569336,107.08451080322266,5259600
2021-01-14,117.16999816894531,117.61000061035156,116.47000122070312,116.61000061035156,106.74581146240234,5792300
2021-01-15,116.29000091552734,117.23999786376953,115.83000183105469,116.97000122070312,107.07535552978516,10335200
2021-01-19,117.9000015258789,118.2300033569336,117.2300033569336,117.8499984741211,107.88090515136719,6194500
2021-01-20,118.05000305175781,118.69000244140625,117.33999633789062,118.5,108.47590637207031,6872000
2021-01-21,118.3499984741211,118.47000122070312,117.54000091552734,117.94000244140625,107.96328735351562,5796200
2021-01-22,117.58999633789062,118.25,117.44000244140625,117.58999633789062,107.64289093017578,4796400
2021-01-25,117.66000366210938,118.43000030517578,117.41999816894531,118.36000061035156,108.34774017333984,6962000
2021-01-26,118.69999694824219,118.98999786376953,117.86000061035156,117.91999816894531,107.94498443603516,5504000
2021-01-27,116.62000274658203,116.62000274658203,114.05000305175781,114.33999633789062,104.66781616210938,13096900
2021-01-28,115.30999755859375,117.47000122070312,115.08999633789062,116.01000213623047,106.19654083251953,12626100
2021-01-29,115.83999633789062,116.66000366210938,114.0999984741211,115.02999877929688,105.29945373535156,10462400
2021-02-01,115.97000122070312,116.3499984741211,115.29000091552734,115.47000122070312,105.70223236083984,10105300
2021-02-02,116.37999725341797,116.94999694824219,115.7699966430664,115.80000305175781,106.00432586669922,11515700
2021-02-03,115.80000305175781,115.86000061035156,114.62000274658203,114.9800033569336,105.25366973876953,11280300
2021-02-04,114.9800033569336,115.93000030517578,114.7300033569336,115.45999908447266,105.69308471679688,8451500
2021-02-05,116.25,116.43000030517578,115.38999938964844,115.66999816894531,105.88529968261719,5557000
2021-02-08,116.08000183105469,116.23999786376953,115.47000122070312,115.80999755859375,106.01347351074219,6956700
2021-02-09,115.80000305175781,116.08999633789062,115.69000244140625,115.9800033569336,106.16909790039062,4730300
2021-02-10,116.81999969482422,116.8499984741211,115.77999877929688,116.19000244140625,106.361328125,5406400
2021-02-11,116.5999984741211,116.69999694824219,115.86000061035156,116.41000366210938,106.56269836425781,4684000
2021-02-12,116.18000030517578,117.41000366210938,116.02999877929688,117.27999877929688,107.3591079711914,6345300
2021-02-16,117.43000030517578,117.54000091552734,115.73999786376953,116.12000274658203,106.2972412109375,9531900
2021-02-17,115.73999786376953,116.5999984741211,115.61000061035156,116.54000091552734,106.68170928955078,5022200
2021-02-18,115.97000122070312,116.27999877929688,115.33000183105469,115.80999755859375,106.01347351074219,7756600
2021-02-19,115.9000015258789,115.98999786376953,114.30999755859375,114.41000366210938,104.73189544677734,9390800
2021-02-22,113.86000061035156,114.48999786376953,113.12000274658203,114.13999938964844,104.48473358154297,7213300
2021-02-23,114.05999755859375,114.76000213623047,113.41999816894531,113.94999694824219,104.310791015625,8731500
2021-02-24,114.08000183105469,115.36000061035156,113.72000122070312,114.73999786376953,105.03396606445312,9842000
2021-02-25,114.58000183105469,115.04000091552734,113.01000213623047,113.58999633789062,103.98126220703125,14494800
2021-02-26,113.98999786376953,113.98999786376953,112.31999969482422,112.61000061035156,103.08416748046875,14687000
2021-03-01,113.52999877929688,114.61000061035156,113.5,114.08000183105469,104.42979431152344,7361800
2021-03-02,114.31999969482422,114.58999633789062,113.63999938964844,113.75,104.12772369384766,8456100
2021-03-03,113.33000183105469,113.44999694824219,112.05000305175781,112.30999755859375,102.8095474243164,14946600
2021-03-04,112.05999755859375,112.80000305175781,109.93000030517578,110.80000305175781,101.4272689819336,23441700
2021-03-05,111.44999694824219,113.37999725341797,110.55000305175781,113.0199966430664,103.45946502685547,15645200
2021-03-08,113.11000061035156,114.52999877929688,112.5999984741211,112.73999786376953,103.2031478881836,12691800
2021-03-09,113.56999969482422,115.19999694824219,113.3499984741211,113.4000015258789,103.80733489990234,11022300
2021-03-10,114.1500015258789,114.80000305175781,113.62000274658203,113.66000366210938,104.04532623291016,11641100
2021-03-11,114.05000305175781,114.9800033569336,113.88999938964844,114.3499984741211,104.67696380615234,6549400
2021-03-12,114.11000061035156,114.76000213623047,113.93000030517578,114.5999984741211,104.90581512451172,7452400
2021-03-15,114.38999938964844,115.41999816894531,114.26000213623047,115.38999938964844,105.62899017333984,7119100
2021-03-16,115.51000213623047,115.72000122070312,114.9000015258789,115.31999969482422,105.56491088867188,8618600
2021-03-17,114.81999969482422,115.47000122070312,114.20999908447266,114.9000015258789,105.18043518066406,7524900
2021-03-18,114.37000274658203,115.5999984741211,114.31999969482422,114.66000366210938,104.96076965332031,8553300
2021-03-19,114.77999877929688,115.75,114.19999694824219,115.06999969482422,105.3360595703125,12595800
2021-03-22,114.5999984741211,115.75,114.02999877929688,115.66999816894531,106.25279998779297,6156800
2021-03-23,115.52999877929688,115.72000122070312,114.20999908447266,114.5,105.17807006835938,9170500
2021-03-24,114.55999755859375,115.25,114.33999633789062,114.37000274658203,105.05863952636719,12647000
2021-03-25,114.54000091552734,115.06999969482422,113.3499984741211,114.8499984741211,105.49956512451172,11505300
2021-03-26,115.13999938964844,117.16999816894531,114.83000183105469,117.0199966430664,107.49288177490234,8286500
2021-03-29,116.55000305175781,117.97000122070312,116.51000213623047,117.56999969482422,107.99811553955078,8958900
2021-03-30,117.25,117.25,116.23999786376953,116.51000213623047,107.02444458007812,6865700
2021-03-31,116.76000213623047,117.44999694824219,116.55999755859375,116.73999786376953,107.2356948852539,8504100
2021-04-01,116.93000030517578,117.04000091552734,116.0199966430664,116.38999938964844,106.91417694091797,6676400
2021-04-05,116.9800033569336,117.55999755859375,116.79000091552734,117.19999694824219,107.65824890136719,7190900
2021-04-06,117.3499984741211,117.69000244140625,116.58000183105469,116.75,107.24490356445312,5206700
2021-04-07,116.68000030517578,117.08000183105469,116.19000244140625,116.48999786376953,107.00603485107422,5753200
2021-04-08,116.83000183105469,117.18000030517578,116.51000213623047,116.66999816894531,107.17138671875,4292400
2021-04-09,116.73999786376953,118.0199966430664,116.66999816894531,117.94999694824219,108.3471908569336,5919100
2021-04-12,117.77999877929688,118.30999755859375,117.6500015258789,118.06999969482422,108.45740509033203,8279500
2021-04-13,117.69999694824219,118.88999938964844,117.58999633789062,118.55999755859375,108.90752410888672,6519600
2021-04-14,118.41999816894531,119.02999877929688,118.33999633789062,118.55000305175781,108.8983383178711,6226600
2021-04-15,119.0199966430664,120.93000030517578,119.0199966430664,120.58000183105469,110.76305389404297,8438300
2021-04-16,121.19999694824219,121.62000274658203,120.77999877929688,121.4800033569336,111.58979797363281,7447400
2021-04-19,121.25,121.54000091552734,120.88999938964844,121.51000213623047,111.61735534667969,7094300
2021-04-20,120.94999694824219,122.29000091552734,120.94999694824219,121.9800033569336,112.04907989501953,8063900
2021-04-21,122.36000061035156,123.48999786376953,122.30000305175781,123.41999816894531,113.37184143066406,9635900
2021-04-22,123.31999969482422,123.5999984741211,122.4000015258789,122.87000274658203,112.8666000366211,10030800
2021-04-23,122.80999755859375,123.95999908447266,122.55000305175781,123.68000030517578,113.61068725585938,4974500
2021-04-26,123.61000061035156,123.62000274658203,123.02999877929688,123.26000213623047,113.22486114501953,6907100
2021-04-27,122.94999694824219,122.97000122070312,122.3499984741211,122.55000305175781,112.57269287109375,7034700
2021-04-28,122.3499984741211,122.48999786376953,121.95999908447266,122.18000030517578,112.2328109741211,6788100
2021-04-29,122.30999755859375,122.33999633789062,121.02999877929688,121.69000244140625,111.7826919555664,8148900
2021-04-30,121.20999908447266,121.91999816894531,121.11000061035156,121.33000183105469,111.45199584960938,7153400
2021-05-03,121.98999786376953,122.83999633789062,121.81999969482422,122.70999908447266,112.71964263916016,13179100
2021-05-04,122.52999877929688,122.93000030517578,122.0,122.83999633789062,112.83906555175781,16186300
2021-05-05,123.01000213623047,123.44000244140625,122.80999755859375,123.05999755859375,113.0411605834961,16713700
2021-05-06,122.36000061035156,123.2300033569336,121.7300033569336,123.22000122070312,113.18812561035156,16115000
2021-05-07,123.51000213623047,124.72000122070312,123.45999908447266,124.06999969482422,113.96891784667969,7576700
2021-05-10,124.5199966430664,125.19000244140625,124.18000030517578,124.2300033569336,114.11591339111328,8846700
2021-05-11,123.58000183105469,124.0999984741211,122.61000061035156,122.88999938964844,112.88499450683594,11357800
2021-05-12,122.2300033569336,122.83999633789062,121.61000061035156,121.7300033569336,111.81942749023438,10946500
2021-05-13,121.94999694824219,123.38999938964844,121.76000213623047,122.83000183105469,112.82987976074219,11228000
2021-05-14,123.54000091552734,123.86000061035156,123.13999938964844,123.44999694824219,113.3994140625,6590400
2021-05-17,123.30999755859375,123.87999725341797,123.13999938964844,123.22000122070312,113.18812561035156,5997700
2021-05-18,123.18000030517578,123.97000122070312,122.7699966430664,123.26000213623047,113.22486114501953,9202000
2021-05-19,122.45999908447266,123.12999725341797,121.58999633789062,123.05000305175781,113.0319595336914,10063000
2021-05-20,123.01000213623047,124.87000274658203,123.01000213623047,124.33999633789062,114.21693420410156,7522700
2021-05-21,124.75,125.66000366210938,124.26000213623047,124.36000061035156,114.23531341552734,8423300
2021-05-24,125.0,125.25,124.43000030517578,124.4800033569336,114.34555053710938,4958800
2021-05-25,124.66000366210938,124.66999816894531,123.97000122070312,124.11000061035156,114.00569152832031,6798500
2021-05-26,124.08000183105469,124.12000274658203,122.86000061035156,123.38999938964844,113.34427642822266,6848800
2021-05-27,123.6500015258789,123.75,123.05000305175781,123.12000274658203,113.09626007080078,8102900
2021-05-28,123.58999633789062,124.62000274658203,123.5199966430664,123.5999984741211,113.53717803955078,10059900
2021-06-01,123.75,123.79000091552734,121.47000122070312,121.56999969482422,111.6724624633789,13368300
2021-06-02,121.68000030517578,121.98999786376953,121.04000091552734,121.33000183105469,111.45199584960938,13245100
2021-06-03,120.87999725341797,122.0199966430664,120.61000061035156,121.69999694824219,111.7918930053711,13244400
2021-06-04,122.33999633789062,122.69999694824219,121.94999694824219,122.08999633789062,112.15011596679688,11228900
2021-06-07,122.38999938964844,123.61000061035156,122.18000030517578,122.52999877929688,112.5543212890625,13978500
2021-06-08,122.83000183105469,122.9000015258789,121.20999908447266,122.1500015258789,112.2052230834961,10799500
2021-06-09,122.45999908447266,123.54000091552734,122.45999908447266,123.33000183105469,113.28916931152344,7965600
2021-06-10,123.62999725341797,125.58000183105469,123.58000183105469,125.44000244140625,115.22740173339844,9350900
2021-06-11,125.25,125.30999755859375,123.91999816894531,124.55000305175781,114.40985870361328,6958100
2021-06-14,124.4800033569336,124.68000030517578,123.77999877929688,124.66000366210938,114.5108871459961,5156000
2021-06-15,124.79000091552734,124.9800033569336,124.16999816894531,124.69999694824219,114.54762268066406,5409100
2021-06-16,124.83000183105469,125.45999908447266,123.87000274658203,124.22000122070312,114.10670471191406,11653200
2021-06-17,124.0,125.5,123.9800033569336,125.16999816894531,114.97938537597656,6527000
2021-06-18,124.23999786376953,124.41000366210938,123.56999969482422,123.73999786376953,113.6657943725586,11152600
2021-06-21,123.6500015258789,124.97000122070312,123.19999694824219,124.73999786376953,115.0315170288086,6655400
2021-06-22,124.81999969482422,125.18000030517578,124.4000015258789,125.01000213623047,115.2804946899414,7194000
2021-06-23,124.83999633789062,125.12999725341797,124.44000244140625,124.48999786376953,114.80096435546875,6506600
2021-06-24,125.22000122070312,126.01000213623047,124.98999786376953,125.12999725341797,115.39116668701172,7029200
2021-06-25,125.08000183105469,126.08000183105469,125.01000213623047,125.69999694824219,115.91680908203125,8344200
2021-06-28,125.83000183105469,126.05000305175781,125.41000366210938,125.88999938964844,116.0920181274414,4631400
2021-06-29,125.9000015258789,126.41999816894531,125.73999786376953,126.02999877929688,116.22113800048828,6165500
2021-06-30,125.9000015258789,126.20999908447266,125.47000122070312,125.94999694824219,116.1473617553711,8542700
2021-07-01,126.04000091552734,127.16000366210938,125.98999786376953,127.06999969482422,117.18016815185547,12021000
2021-07-02,127.2300033569336,128.41000366210938,127.01000213623047,128.2899932861328,118.30522918701172,12327900
2021-07-06,127.91000366210938,128.17999267578125,127.26000213623047,128.1699981689453,118.19457244873047,11413100
2021-07-07,128.17999267578125,128.97999572753906,127.70999908447266,128.97999572753906,118.94152069091797,18435700
2021-07-08,127.77999877929688,128.3699951171875,127.11000061035156,128.27000427246094,118.28680419921875,8386600
2021-07-09,128.72999572753906,129.10000610351562,128.4199981689453,128.7100067138672,118.69255065917969,5224200
2021-07-12,128.7100067138672,129.60000610351562,128.61000061035156,128.9600067138672,118.92308044433594,9097900
2021-07-13,128.8000030517578,129.25999450683594,128.52999877929688,128.83999633789062,118.81241607666016,9698800
2021-07-14,129.1300048828125,129.24000549316406,128.49000549316406,128.72000122070312,118.70176696777344,7487000
2021-07-15,128.02999877929688,128.58999633789062,127.4800033569336,128.27000427246094,118.28680419921875,8750600
2021-07-16,128.60000610351562,129.08999633789062,128.17999267578125,128.6199951171875,118.60954284667969,6511000
2021-07-19,127.77999877929688,128.38999938964844,126.2300033569336,127.2699966430664,117.36460876464844,19460400
2021-07-20,127.68000030517578,129.5500030517578,127.68000030517578,128.82000732421875,118.79399108886719,15053700
2021-07-21,129.33999633789062,129.3800048828125,127.63999938964844,129.02999877929688,118.98762512207031,8295700
2021-07-22,129.13999938964844,129.97999572753906,128.7899932861328,129.97999572753906,119.86370086669922,9261100
2021-07-23,130.52999877929688,131.61000061035156,130.3699951171875,131.47999572753906,121.24696350097656,8303800
2021-07-26,131.11000061035156,131.49000549316406,130.1999969482422,130.6300048828125,120.46311950683594,6626500
2021-07-27,130.4499969482422,131.24000549316406,130.10000610351562,131.24000549316406,121.02564239501953,9551600
2021-07-28,131.0500030517578,132.08999633789062,130.72000122070312,131.7100067138672,121.45906066894531,7432600
2021-07-29,132.13999938964844,132.22999572753906,131.63999938964844,132.02999877929688,121.75416564941406,5662700
2021-07-30,131.80999755859375,132.63999938964844,131.6300048828125,132.14999389648438,121.86478424072266,6634400
2021-08-02,132.6699981689453,132.85000610351562,131.94000244140625,132.3300018310547,122.03080749511719,8366300
2021-08-03,132.38999938964844,134.2100067138672,132.3000030517578,134.1699981689453,123.72760772705078,7701700
2021-08-04,133.64999389648438,134.47000122070312,133.42999267578125,133.60000610351562,123.20198059082031,8322100
2021-08-05,133.5,133.52000427246094,132.0399932861328,133.0500030517578,122.69478607177734,8240900
2021-08-06,132.99000549316406,133.11000061035156,132.08999633789062,132.94000244140625,122.59333038330078,6923700
2021-08-09,133.1300048828125,133.6999969482422,133.02999877929688,133.4499969482422,123.06365966796875,9852500
2021-08-10,133.52000427246094,133.7899932861328,132.6300048828125,133.13999938964844,122.77778625488281,5832600
2021-08-11,133.35000610351562,133.55999755859375,131.7100067138672,131.82000732421875,121.56049346923828,14512500
2021-08-12,131.9499969482422,132.97000122070312,131.86000061035156,132.86000061035156,122.51954650878906,8220300
2021-08-13,133.19000244140625,133.72000122070312,133.02999877929688,133.69000244140625,123.28496551513672,7922900
2021-08-16,133.69000244140625,135.22999572753906,133.22999572753906,135.2100067138672,124.68661499023438,8404200
2021-08-17,134.85000610351562,136.80999755859375,134.77999877929688,136.80999755859375,126.162109375,13874500
2021-08-18,136.6300048828125,136.77999877929688,134.64999389648438,134.72999572753906,124.2439956665039,12427700
2021-08-19,133.83999633789062,136.0399932861328,133.8000030517578,135.33999633789062,124.80655670166016,11669200
2021-08-20,135.47000122070312,136.52000427246094,135.0,136.11000061035156,125.51659393310547,7252700
2021-08-23,136.8800048828125,136.97999572753906,136.1199951171875,136.16000366210938,125.56270599365234,8471300
2021-08-24,136.16000366210938,136.17999267578125,135.2899932861328,135.67999267578125,125.12004852294922,6548100
2021-08-25,135.5500030517578,135.6199951171875,134.75,135.30999755859375,124.77886962890625,6918500
2021-08-26,135.38999938964844,135.69000244140625,134.52000427246094,134.77999877929688,124.29013061523438,5972100
2021-08-27,135.0800018310547,135.4499969482422,134.41000366210938,134.6300048828125,124.15178680419922,8679200
2021-08-30,134.50999450683594,135.8800048828125,134.5,135.38999938964844,124.85263061523438,6417200
2021-08-31,135.4199981689453,136.0500030517578,134.72999572753906,135.2100067138672,124.68661499023438,9299100
2021-09-01,135.32000732421875,135.44000244140625,133.97000122070312,135.25,124.72351837158203,10571100
2021-09-02,135.75,136.72000122070312,135.60000610351562,136.6999969482422,126.06071472167969,6847800
2021-09-03,136.55999755859375,137.0399932861328,135.91000366210938,136.85000610351562,126.19905090332031,5632800
2021-09-07,136.33999633789062,136.55999755859375,135.16000366210938,136.0500030517578,125.4612808227539,8739100
2021-09-08,135.77999877929688,136.2100067138672,135.4199981689453,135.99000549316406,125.40595245361328,6986200
2021-09-09,135.8000030517578,136.11000061035156,134.33999633789062,134.4199981689453,123.9581527709961,8905600
2021-09-10,134.89999389648438,135.02000427246094,133.1199951171875,133.19000244140625,122.8238296508789,10561600
2021-09-13,133.88999938964844,133.97000122070312,131.6999969482422,132.3699951171875,122.06768798828125,11676700
2021-09-14,132.99000549316406,133.3000030517578,132.1199951171875,132.35000610351562,122.04924011230469,10436300
2021-09-15,132.17999267578125,133.8300018310547,131.97999572753906,133.2100067138672,122.8423080444336,10299900
2021-09-16,133.3800048828125,133.6300048828125,131.9600067138672,132.8699951171875,122.52877807617188,10525700
2021-09-17,132.75999450683594,133.11000061035156,132.1300048828125,133.0,122.6486587524414,13541400
2021-09-20,131.02999877929688,132.32000732421875,130.00999450683594,131.14999389648438,121.36880493164062,17245000
2021-09-21,131.75,132.6999969482422,131.3300018310547,131.35000610351562,121.55388641357422,11741800
2021-09-22,131.74000549316406,132.22999572753906,130.94000244140625,131.57000732421875,121.75747680664062,11964100
2021-09-23,131.8699951171875,133.2899932861328,131.77000427246094,132.52000427246094,122.63658905029297,10366500
2021-09-24,132.3000030517578,132.7899932861328,131.6999969482422,131.97999572753906,122.13688659667969,6962600
2021-09-27,131.60000610351562,131.75999450683594,129.82000732421875,130.10000610351562,120.39710998535156,11631400
2021-09-28,129.27000427246094,129.27000427246094,127.43000030517578,127.87000274658203,118.33344268798828,17433400
2021-09-29,128.44000244140625,129.47999572753906,128.17999267578125,128.8800048828125,119.26810455322266,11171400
2021-09-30,129.30999755859375,130.1199951171875,127.19000244140625,127.30000305175781,117.8059310913086,21653100
2021-10-01,127.47000122070312,127.93000030517578,125.27999877929688,127.33000183105469,117.83369445800781,23188900
2021-10-04,126.80999755859375,127.45999908447266,124.76000213623047,125.38999938964844,116.03837585449219,27580700
2021-10-05,125.9000015258789,127.41999816894531,125.7300033569336,126.13999938964844,116.73245239257812,19151800
2021-10-06,125.44000244140625,126.0199966430664,124.5,125.91000366210938,116.51959991455078,21322100
2021-10-07,126.77999877929688,128.39999389648438,126.54000091552734,127.58000183105469,118.06505584716797,15806400
2021-10-08,127.76000213623047,128.0,126.68000030517578,126.94000244140625,117.47279357910156,9552300
2021-10-11,126.83000183105469,127.5,125.91000366210938,125.94999694824219,116.55659484863281,7843400
2021-10-12,126.3499984741211,126.4800033569336,125.02999877929688,125.33999633789062,115.99211120605469,13007200
2021-10-13,125.55000305175781,126.11000061035156,124.7699966430664,125.54000091552734,116.17720031738281,10609000
2021-10-14,126.83999633789062,127.83999633789062,126.83999633789062,127.33999633789062,117.84294128417969,8857900
2021-10-15,128.0,128.5500030517578,127.7300033569336,127.97000122070312,118.42598724365234,8976100
2021-10-18,127.41000366210938,127.54000091552734,126.55000305175781,127.0999984741211,117.62084197998047,11660700
2021-10-19,127.79000091552734,129.10000610351562,127.79000091552734,128.77000427246094,119.16629791259766,9487000
2021-10-20,129.5399932861328,130.8000030517578,129.4199981689453,130.61000061035156,120.86908721923828,13665700
2021-10-21,130.8800048828125,131.22000122070312,129.92999267578125,131.13999938964844,121.35954284667969,8267500
2021-10-22,131.02000427246094,131.72000122070312,130.82000732421875,131.6699981689453,121.85003662109375,8009700
2021-10-25,131.72999572753906,131.97000122070312,130.7100067138672,131.8300018310547,121.99807739257812,10629700
2021-10-26,132.1300048828125,132.86000061035156,131.41000366210938,132.47999572753906,122.5995864868164,9271600
2021-10-27,132.69000244140625,132.8300018310547,131.38999938964844,131.42999267578125,121.62791442871094,11851400
2021-10-28,131.6699981689453,133.0399932861328,131.6699981689453,132.52999877929688,122.64588928222656,9282500
2021-10-29,132.36000061035156,133.99000549316406,131.85000610351562,133.82000732421875,123.83967590332031,15415100
2021-11-01,133.94000244140625,134.49000549316406,133.14999389648438,133.66000366210938,123.69158935546875,14356700
2021-11-02,134.17999267578125,135.1699981689453,133.00999450683594,134.5,124.46892547607422,20851500
2021-11-03,134.24000549316406,135.33999633789062,133.74000549316406,135.2899932861328,125.20004272460938,14610000
2021-11-04,134.97999572753906,135.19000244140625,133.42999267578125,134.36000061035156,124.3393783569336,15818500
2021-11-05,133.14999389648438,133.6999969482422,131.89999389648438,132.86000061035156,122.95128631591797,14867300
2021-11-08,133.10000610351562,133.82000732421875,132.5800018310547,133.64999389648438,123.68238067626953,8948800
2021-11-09,133.69000244140625,133.80999755859375,132.89999389648438,133.16000366210938,123.22888946533203,7287000
2021-11-10,133.1199951171875,134.0800018310547,133.10000610351562,133.5399932861328,123.58056640625,8445400
2021-11-11,133.52000427246094,133.61000061035156,132.8300018310547,133.14999389648438,123.21963500976562,8597300
2021-11-12,134.0,134.1199951171875,133.07000732421875,133.80999755859375,123.83041381835938,8317600
2021-11-15,134.1199951171875,134.19000244140625,132.85000610351562,132.97999572753906,123.06230163574219,6268900
2021-11-16,132.9499969482422,134.25999450683594,132.72000122070312,133.5399932861328,123.58056640625,6150900
2021-11-17,133.69000244140625,134.25,133.11000061035156,133.72999572753906,123.75637817382812,8229000
2021-11-18,133.8699951171875,134.1199951171875,133.32000732421875,133.77999877929688,123.80262756347656,9029300
2021-11-19,134.17999267578125,134.6300048828125,132.85000610351562,132.97000122070312,123.05306243896484,10166100
2021-11-22,133.16000366210938,133.6199951171875,132.1999969482422,132.3699951171875,122.4977798461914,11146200
2021-11-23,131.75,132.64999389648438,131.35000610351562,132.50999450683594,122.62734985351562,12075200
2021-11-24,132.25999450683594,132.6999969482422,131.8000030517578,132.4600067138672,122.58110046386719,6760800
2021-11-26,132.94000244140625,133.72000122070312,131.50999450683594,131.97000122070312,122.12763214111328,11896900
2021-11-29,132.69000244140625,133.22000122070312,132.19000244140625,132.3300018310547,122.4607925415039,17137100
2021-11-30,131.57000732421875,132.1699981689453,129.5399932861328,129.72999572753906,120.05471801757812,19467000
2021-12-01,130.35000610351562,132.08999633789062,129.47999572753906,129.5,119.84185028076172,22241400
2021-12-02,129.4600067138672,130.66000366210938,128.83999633789062,130.1300048828125,120.42485046386719,17531100
2021-12-03,131.0399932861328,131.5399932861328,129.2899932861328,130.3699951171875,120.64695739746094,22111900
2021-12-06,130.7100067138672,131.67999267578125,130.50999450683594,131.11000061035156,121.3317642211914,15230900
2021-12-07,132.0,133.1199951171875,131.82000732421875,132.8000030517578,122.8957290649414,11974700
2021-12-08,133.17999267578125,133.88999938964844,132.50999450683594,133.8000030517578,123.8211669921875,15144700
2021-12-09,133.6699981689453,134.5500030517578,133.57000732421875,134.11000061035156,124.10804748535156,9095800
2021-12-10,133.75999450683594,134.86000061035156,133.6999969482422,134.5800018310547,124.54296875,8554300
2021-12-13,134.5800018310547,136.22999572753906,134.5800018310547,135.85000610351562,125.71826934814453,12201800
2021-12-14,135.22000122070312,136.00999450683594,134.6300048828125,135.3000030517578,125.20928955078125,11070800
2021-12-15,135.58999633789062,138.13999938964844,135.47000122070312,138.07000732421875,127.77268981933594,14996300
2021-12-16,138.05999755859375,139.58999633789062,137.80999755859375,138.88999938964844,128.53155517578125,19227500
2021-12-17,138.19000244140625,139.0399932861328,137.3800048828125,137.9199981689453,127.63387298583984,21504200
2021-12-20,137.11000061035156,137.52999877929688,135.3800048828125,136.55999755859375,126.86094665527344,16185700
2021-12-21,136.9499969482422,137.19000244140625,135.67999267578125,137.1300048828125,127.3905029296875,10773400
2021-12-22,137.05999755859375,138.80999755859375,136.82000732421875,138.72999572753906,128.87684631347656,7246000
2021-12-23,139.08999633789062,139.75,138.67999267578125,139.3000030517578,129.40638732910156,7743800
2021-12-27,139.8000030517578,140.77000427246094,139.64999389648438,140.77000427246094,130.77197265625,6968900
2021-12-28,140.89999389648438,141.14999389648438,140.02999877929688,140.39999389648438,130.42825317382812,6065900
2021-12-29,140.25999450683594,141.49000549316406,140.16000366210938,141.1999969482422,131.17144775390625,7103600
2021-12-30,141.4600067138672,141.97999572753906,141.30999755859375,141.49000549316406,131.44081115722656,7931700
2021-12-31,141.32000732421875,141.86000061035156,140.83999633789062,140.88999938964844,130.8834228515625,7882800
2022-01-03,140.2899932861328,140.5500030517578,138.24000549316406,139.44000244140625,129.5364227294922,15122300
2022-01-04,139.1300048828125,139.2899932861328,137.00999450683594,137.60000610351562,127.82711029052734,14304500
2022-01-05,137.89999389648438,138.72999572753906,136.57000732421875,136.6199951171875,126.91671752929688,15370700
2022-01-06,135.77000427246094,136.60000610351562,134.8000030517578,135.0399932861328,125.44892120361328,15182000
2022-01-07,134.72000122070312,134.97000122070312,134.07000732421875,134.35000610351562,124.80793762207031,9619400
2022-01-10,133.75999450683594,135.80999755859375,133.44000244140625,135.72999572753906,126.08993530273438,15589900
2022-01-11,135.92999267578125,136.8300018310547,135.0,136.80999755859375,127.09322357177734,12168300
2022-01-12,136.02999877929688,136.6300048828125,135.8300018310547,136.4199981689453,126.73090362548828,10831800
2022-01-13,136.17999267578125,136.35000610351562,134.05999755859375,134.3000030517578,124.76150512695312,13804900
2022-01-14,133.94000244140625,134.2100067138672,132.69000244140625,134.07000732421875,124.5478286743164,14341800
2022-01-18,132.75,132.9600067138672,131.85000610351562,132.19000244140625,122.80134582519531,16471400
2022-01-19,132.44000244140625,133.47999572753906,131.52000427246094,131.64999389648438,122.29971313476562,14639600
2022-01-20,131.97000122070312,133.32000732421875,130.7100067138672,130.7899932861328,121.50079345703125,15127800
2022-01-21,131.19000244140625,131.60000610351562,129.25999450683594,129.47000122070312,120.2745361328125,25804800
2022-01-24,128.3000030517578,129.25999450683594,124.91999816894531,129.0399932861328,119.87506103515625,37938000
2022-01-25,127.33000183105469,129.30999755859375,126.2699966430664,128.2100067138672,119.10403442382812,19326800
2022-01-26,128.4199981689453,129.5800018310547,126.54000091552734,127.54000091552734,118.48162078857422,29557400
2022-01-27,128.16000366210938,129.83999633789062,127.44999694824219,127.87000274658203,118.7882080078125,18483600
2022-01-28,127.76000213623047,130.52999877929688,126.86000061035156,130.47999572753906,121.21279907226562,20906800
2022-01-31,130.24000549316406,131.47000122070312,129.97999572753906,131.22999572753906,121.9095458984375,19044400
2022-02-01,131.6999969482422,131.82000732421875,130.52999877929688,131.5800018310547,122.23470306396484,14674800
2022-02-02,131.49000549316406,133.6699981689453,131.22000122070312,133.35000610351562,123.87894439697266,13595200
2022-02-03,133.1699981689453,133.27999877929688,132.52999877929688,132.77999877929688,123.34945678710938,13805600
2022-02-04,131.57000732421875,133.22999572753906,131.3300018310547,132.3000030517578,122.90351867675781,12004100
2022-02-07,132.35000610351562,132.80999755859375,131.6999969482422,132.07000732421875,122.68988037109375,9229200
2022-02-08,131.3699951171875,133.3800048828125,131.07000732421875,133.14999389648438,123.69316864013672,11071600
2022-02-09,133.7899932861328,134.4600067138672,133.64999389648438,134.17999267578125,124.65001678466797,10811000
2022-02-10,132.6300048828125,133.7899932861328,131.55999755859375,132.0800018310547,122.69915771484375,14393300
2022-02-11,131.89999389648438,132.89999389648438,130.08999633789062,130.25,120.99913024902344,13072300
2022-02-14,129.97999572753906,130.22999572753906,127.94999694824219,128.9199981689453,119.76359558105469,14386900
2022-02-15,130.0399932861328,130.8800048828125,129.7100067138672,130.3699951171875,121.11060333251953,8969900
2022-02-16,129.6999969482422,130.94000244140625,129.33999633789062,130.57000732421875,121.29642486572266,8779200
2022-02-17,130.0399932861328,130.11000061035156,128.27999877929688,128.47000122070312,119.34555053710938,11906800
2022-02-18,128.35000610351562,129.0399932861328,127.08000183105469,127.51000213623047,118.45374298095703,13505600
2022-02-22,127.05999755859375,128.22999572753906,126.33999633789062,127.19000244140625,118.15645599365234,13682100
2022-02-23,127.83999633789062,128.27999877929688,126.43000030517578,126.55000305175781,117.56192016601562,12022800
2022-02-24,124.29000091552734,127.31999969482422,124.05999755859375,127.05999755859375,118.03569793701172,23220000
2022-02-25,127.62999725341797,131.27000427246094,127.48999786376953,130.9499969482422,121.6493911743164,17012300
2022-02-28,128.85000610351562,130.11000061035156,128.4499969482422,129.9600067138672,120.729736328125,17987700
2022-03-01,129.27999877929688,130.33999633789062,128.24000549316406,129.24000549316406,120.06089782714844,14064200
2022-03-02,129.80999755859375,131.89999389648438,129.63999938964844,131.19000244140625,121.87235260009766,12395600
2022-03-03,131.77000427246094,132.6300048828125,130.74000549316406,131.86000061035156,122.4947738647461,11172600
2022-03-04,130.52999877929688,132.63999938964844,130.13999938964844,132.52000427246094,123.1078872680664,12160400
2022-03-07,131.69000244140625,131.94000244140625,129.6199951171875,130.2100067138672,120.96198272705078,15704000
2022-03-08,129.35000610351562,130.30999755859375,127.47000122070312,127.55000305175781,118.49090576171875,21794600
2022-03-09,129.6300048828125,130.6300048828125,128.6699981689453,129.9600067138672,120.729736328125,15576500
2022-03-10,128.38999938964844,130.19000244140625,128.25,129.91000366210938,120.68329620361328,10708800
2022-03-11,130.25999450683594,131.02000427246094,128.80999755859375,128.94000244140625,119.78217315673828,9869100
2022-03-14,129.97999572753906,131.72000122070312,129.47000122070312,129.85000610351562,120.62754821777344,14373200
2022-03-15,130.89999389648438,132.5800018310547,130.67999267578125,132.44000244140625,123.0335922241211,14374100
2022-03-16,133.11000061035156,134.0500030517578,131.75,134.02999877929688,124.51063537597656,13840400
2022-03-17,133.63999938964844,136.2100067138672,133.4600067138672,136.14999389648438,126.48009490966797,10973100
2022-03-18,136.07000732421875,137.16000366210938,135.66000366210938,136.99000549316406,127.26045989990234,11364200
2022-03-21,136.5,137.6699981689453,135.82000732421875,136.4600067138672,127.16354370117188,11473100
2022-03-22,136.60000610351562,136.7899932861328,135.99000549316406,136.49000549316406,127.19149017333984,8892100
2022-03-23,135.83999633789062,136.08999633789062,134.0,134.0399932861328,124.90834045410156,10013400
2022-03-24,134.5399932861328,135.63999938964844,134.25,135.63999938964844,126.39936828613281,7189200
2022-03-25,136.10000610351562,136.5,135.22999572753906,136.27000427246094,126.9864730834961,7040100
2022-03-28,136.5,137.3000030517578,136.00999450683594,137.25999450683594,127.90904998779297,8467000
2022-03-29,138.39999389648438,138.9499969482422,137.25,138.07000732421875,128.6638641357422,12327700
2022-03-30,138.08999633789062,138.88999938964844,137.63999938964844,138.33999633789062,128.9154052734375,10752900
2022-03-31,138.0500030517578,138.80999755859375,136.75,136.99000549316406,127.65740966796875,15843000
2022-04-01,137.3699951171875,138.1199951171875,136.4499969482422,138.07000732421875,128.6638641357422,20785700
2022-04-04,137.75999450683594,138.0,136.60000610351562,136.9199981689453,127.59217834472656,16769500
2022-04-05,136.57000732421875,138.83999633789062,136.5,137.2100067138672,127.86241149902344,15025100
2022-04-06,136.86000061035156,139.6300048828125,136.77000427246094,139.3000030517578,129.81004333496094,23197800
2022-04-07,138.8000030517578,142.33999633789062,138.8000030517578,141.97999572753906,132.30747985839844,18160200
2022-04-08,141.99000549316406,143.4199981689453,141.77999877929688,142.8300018310547,133.09959411621094,19102700
2022-04-11,142.4199981689453,143.0,139.77999877929688,139.99000549316406,130.4530487060547,16570700
2022-04-12,139.63999938964844,140.4600067138672,138.02999877929688,138.6300048828125,129.18569946289062,14085400
2022-04-13,138.6199951171875,139.4499969482422,137.89999389648438,139.30999755859375,129.81935119628906,15496400
2022-04-14,139.44000244140625,140.14999389648438,138.5399932861328,138.63999938964844,129.19500732421875,10993400
2022-04-18,138.5,138.82000732421875,136.52999877929688,137.11000061035156,127.76924133300781,10125000
2022-04-19,137.47000122070312,138.91000366210938,137.4199981689453,138.4199981689453,128.99000549316406,11733100
2022-04-20,138.8000030517578,140.82000732421875,138.63999938964844,140.27999877929688,130.72329711914062,13674800
2022-04-21,140.6699981689453,140.8300018310547,138.4199981689453,138.72999572753906,129.2788543701172,11409700
2022-04-22,137.47999572753906,137.52000427246094,133.52999877929688,133.6699981689453,124.56360626220703,17525300
2022-04-25,133.27999877929688,134.86000061035156,131.77999877929688,134.57000732421875,125.40229797363281,16501900
2022-04-26,133.75999450683594,134.47999572753906,132.00999450683594,132.1999969482422,123.1937255859375,20087700
2022-04-27,132.17999267578125,133.25,131.25999450683594,131.91000366210938,122.92350006103516,16726700
2022-04-28,132.83999633789062,134.1699981689453,131.61000061035156,133.72999572753906,124.61951446533203,15510700
2022-04-29,132.42999267578125,133.1199951171875,130.08999633789062,130.2899932861328,121.41385650634766,17430200
2022-05-02,130.17999267578125,130.91000366210938,127.37999725341797,129.47999572753906,120.65901947021484,23615100
2022-05-03,129.8800048828125,131.13999938964844,129.42999267578125,129.88999938964844,121.04112243652344,13585300
2022-05-04,129.67999267578125,133.25,128.58999633789062,132.77000427246094,123.72490692138672,19053500
2022-05-05,132.1199951171875,132.25999450683594,128.85000610351562,130.19000244140625,121.3206787109375,16119800
2022-05-06,128.92999267578125,130.13999938964844,128.27000427246094,129.77999877929688,120.9385986328125,21742300
2022-05-09,128.3300018310547,128.36000061035156,125.93000030517578,126.41999816894531,117.80750274658203,17289800
2022-05-10,127.73999786376953,128.22000122070312,125.69999694824219,126.87000274658203,118.22685241699219,21850200
2022-05-11,126.23999786376953,129.08999633789062,125.87999725341797,126.02999877929688,117.44406127929688,19987300
2022-05-12,125.56999969482422,127.33000183105469,125.27999877929688,127.25,118.58097076416016,17497100
2022-05-13,128.08999633789062,129.0,127.52999877929688,128.60000610351562,119.83899688720703,9841500
2022-05-16,128.4499969482422,130.42999267578125,128.4199981689453,129.5500030517578,120.7242660522461,8839800
2022-05-17,130.89999389648438,131.38999938964844,129.92999267578125,131.3300018310547,122.38299560546875,9058700
2022-05-18,130.44000244140625,130.75999450683594,127.52999877929688,127.94000244140625,119.22395324707031,10005000
2022-05-19,126.91999816894531,129.0,126.45999908447266,128.22000122070312,119.48487091064453,9672800
2022-05-20,129.0800018310547,130.05999755859375,127.33000183105469,129.77999877929688,120.9385986328125,12833700
2022-05-23,130.64999389648438,131.42999267578125,130.3800048828125,130.9199981689453,122.00093841552734,9196500
2022-05-24,130.5399932861328,131.52999877929688,129.6999969482422,131.30999755859375,122.36437225341797,9031300
2022-05-25,131.22000122070312,132.1300048828125,130.0399932861328,131.27000427246094,122.32707214355469,8532400
2022-05-26,131.60000610351562,132.3300018310547,131.22000122070312,131.8300018310547,122.84894561767578,9090100
2022-05-27,132.05999755859375,134.0500030517578,131.50999450683594,134.02000427246094,124.88975524902344,13696000
2022-05-31,132.83999633789062,133.0800018310547,131.16000366210938,132.22999572753906,123.2216796875,11740800
2022-06-01,132.7100067138672,132.72999572753906,129.2899932861328,130.3300018310547,121.45111083984375,9259900
2022-06-02,130.5,131.38999938964844,128.1699981689453,131.36000061035156,122.41095733642578,9575400
2022-06-03,130.4499969482422,131.02999877929688,129.64999389648438,129.82000732421875,120.97589874267578,5852600
2022-06-06,130.75,131.02000427246094,129.49000549316406,129.83999633789062,120.99451446533203,7729000
2022-06-07,129.83999633789062,131.66000366210938,129.3699951171875,131.52999877929688,122.56936645507812,7219100
2022-06-08,131.16000366210938,131.63999938964844,130.1199951171875,130.49000549316406,121.60025024414062,5372000
2022-06-09,130.0500030517578,130.49000549316406,127.51000213623047,127.54000091552734,118.8511962890625,7772900
2022-06-10,126.02999877929688,126.66000366210938,125.0,125.48999786376953,116.94085693359375,11289000
2022-06-13,123.01000213623047,123.76000213623047,121.18000030517578,121.69000244140625,113.3997573852539,14886200
2022-06-14,121.55000305175781,121.86000061035156,119.66999816894531,120.52999877929688,112.31875610351562,9299500
2022-06-15,121.19000244140625,123.02999877929688,119.88999938964844,121.75,113.45564270019531,10301600
2022-06-16,119.5199966430664,120.04000091552734,118.75,119.95999908447266,111.78760528564453,9383300
2022-06-17,120.0,121.79000091552734,119.8499984741211,119.88999938964844,111.72237396240234,13724900
2022-06-21,121.05999755859375,123.1500015258789,120.66000366210938,122.5999984741211,114.73004150390625,7987200
2022-06-22,121.81999969482422,125.66999816894531,121.76000213623047,124.30000305175781,116.3209228515625,10188900
2022-06-23,124.87999725341797,127.19000244140625,124.87999725341797,127.08999633789062,118.93183135986328,11943300
2022-06-24,128.02000427246094,129.22000122070312,127.16000366210938,129.1999969482422,120.90637969970703,10448100
2022-06-27,129.1999969482422,130.22999572753906,128.7899932861328,129.67999267578125,121.3555679321289,8963600
2022-06-28,129.94000244140625,130.58999633789062,127.18000030517578,127.41999816894531,119.24064636230469,7518700
2022-06-29,127.58999633789062,129.1699981689453,127.38999938964844,128.52999877929688,120.27938842773438,9157700
2022-06-30,127.86000061035156,128.97000122070312,126.88999938964844,128.24000549316406,120.00802612304688,10697600
2022-07-01,128.2899932861328,129.85000610351562,126.86000061035156,129.67999267578125,121.3555679321289,9366600
2022-07-05,128.42999267578125,128.9600067138672,126.16999816894531,128.92999267578125,120.65371704101562,9987000
2022-07-06,129.11000061035156,130.47000122070312,128.8800048828125,129.8000030517578,121.4678726196289,9033300
2022-07-07,129.61000061035156,130.52000427246094,129.5399932861328,130.35000610351562,121.98255157470703,6805500
2022-07-08,129.97999572753906,132.0399932861328,129.85000610351562,130.74000549316406,122.34752655029297,6505800
2022-07-11,130.00999450683594,131.13999938964844,129.8699951171875,130.41000366210938,122.03870391845703,7027300
2022-07-12,130.0,130.8800048828125,128.1699981689453,128.75,120.48527526855469,9280400
2022-07-13,127.66000366210938,128.52999877929688,127.16999816894531,127.5,119.31549835205078,9296500
2022-07-14,126.04000091552734,127.31999969482422,125.2300033569336,127.12999725341797,118.96926879882812,7784800
2022-07-15,129.02000427246094,130.25999450683594,128.4499969482422,130.1999969482422,121.8421859741211,9684800
2022-07-18,130.3300018310547,130.4499969482422,127.0199966430664,127.44999694824219,119.26872253417969,7047700
2022-07-19,128.80999755859375,129.83999633789062,128.25,129.6199951171875,121.29940795898438,6585700
2022-07-20,129.44000244140625,129.61000061035156,127.81999969482422,128.33999633789062,120.10157775878906,7599500
2022-07-21,128.72000122070312,130.3699951171875,128.38999938964844,130.3699951171875,122.00125885009766,9507700
2022-07-22,130.6699981689453,130.9199981689453,129.0399932861328,129.8300018310547,121.4959487915039,8657100
2022-07-25,129.92999267578125,130.75,129.80999755859375,130.50999450683594,122.13228607177734,5489000
2022-07-26,130.8800048828125,131.99000549316406,130.52999877929688,131.17999267578125,122.75927734375,7482400
2022-07-27,131.10000610351562,132.58999633789062,130.49000549316406,132.0,123.52665710449219,7680700
2022-07-28,132.1699981689453,133.80999755859375,129.9199981689453,132.83999633789062,124.31272888183594,11052600
2022-07-29,132.1699981689453,132.63999938964844,131.47000122070312,132.39999389648438,123.90098571777344,8309500
2022-08-01,131.66000366210938,132.3800048828125,131.1199951171875,131.4199981689453,122.98387145996094,7665400
2022-08-02,131.74000549316406,132.8000030517578,130.8800048828125,130.9499969482422,122.54403686523438,7935100
2022-08-03,131.66000366210938,132.6699981689453,131.3000030517578,132.14999389648438,123.66700744628906,6825700
2022-08-04,132.4600067138672,132.49000549316406,131.2899932861328,131.5,123.05874633789062,5493000
2022-08-05,130.67999267578125,131.50999450683594,130.3699951171875,131.4499969482422,123.0119400024414,8883400
2022-08-08,131.6999969482422,132.6300048828125,131.08999633789062,131.75999450683594,123.30205535888672,7075100
2022-08-09,131.92999267578125,132.55999755859375,131.0500030517578,131.36000061035156,122.927734375,5802500
2022-08-10,132.75999450683594,132.88999938964844,132.02000427246094,132.7899932861328,124.26593780517578,6736300
2022-08-11,132.38999938964844,133.69000244140625,131.64999389648438,131.92999267578125,123.46114349365234,8471400
2022-08-12,132.25,133.67999267578125,132.02999877929688,133.6199951171875,125.04264831542969,7515500
2022-08-15,133.5500030517578,134.47000122070312,133.07000732421875,134.2899932861328,125.66966247558594,7486100
2022-08-16,134.0,134.3800048828125,133.41000366210938,133.92999267578125,125.3327407836914,7138400
2022-08-17,133.14999389648438,133.9199981689453,132.9499969482422,133.14999389648438,124.60283660888672,7251800
2022-08-18,133.11000061035156,133.3800048828125,131.85000610351562,132.55999755859375,124.0506820678711,7053600
2022-08-19,132.55999755859375,133.55999755859375,132.3699951171875,132.9199981689453,124.3875961303711,5946500
2022-08-22,132.10000610351562,132.52000427246094,130.74000549316406,131.17999267578125,122.75927734375,6420400
2022-08-23,130.60000610351562,130.74000549316406,128.99000549316406,129.35000610351562,121.04676055908203,7501900
2022-08-24,129.47999572753906,130.00999450683594,129.0399932861328,129.50999450683594,121.19650268554688,6719500
2022-08-25,130.05999755859375,130.97999572753906,129.14999389648438,130.94000244140625,122.53467559814453,5636600
2022-08-26,130.97999572753906,130.99000549316406,127.19000244140625,127.29000091552734,119.11898803710938,9044500
2022-08-29,126.5199966430664,127.19000244140625,125.73999786376953,126.4000015258789,118.2861328125,6727700
2022-08-30,126.8499984741211,126.8499984741211,125.25,125.55999755859375,117.50005340576172,7910500
2022-08-31,125.97000122070312,126.76000213623047,124.73999786376953,124.76000213623047,116.75140380859375,8954500
2022-09-01,124.55999755859375,126.87000274658203,124.38999938964844,126.80999755859375,118.6697998046875,11212400
2022-09-02,127.54000091552734,127.66000366210938,124.44999694824219,124.98999786376953,116.96662902832031,9730300
2022-09-06,125.4800033569336,126.68000030517578,124.76000213623047,125.11000061035156,117.07893371582031,9663400
2022-09-07,125.08000183105469,127.36000061035156,124.68000030517578,127.1500015258789,118.98798370361328,9038300
2022-09-08,126.68000030517578,129.39999389648438,126.41999816894531,129.36000061035156,121.05612182617188,9394800
2022-09-09,129.67999267578125,130.85000610351562,129.44000244140625,130.5,122.12293243408203,8880400
2022-09-12,131.0,132.0500030517578,130.64999389648438,131.3699951171875,122.93706512451172,7982400
2022-09-13,129.27999877929688,129.57000732421875,126.69000244140625,127.02999877929688,118.87568664550781,11928500
2022-09-14,127.44999694824219,128.1999969482422,126.26000213623047,127.0999984741211,118.94120788574219,8080100
2022-09-15,127.6500015258789,129.02999877929688,127.5199966430664,127.80999755859375,119.60559844970703,8624200
2022-09-16,127.41000366210938,127.7300033569336,126.47000122070312,127.44999694824219,119.26872253417969,10810100
2022-09-19,126.13999938964844,126.29000091552734,124.45999908447266,126.26000213623047,118.6260757446289,9430100
2022-09-20,125.41000366210938,125.5999984741211,124.01000213623047,124.77999877929688,117.23555755615234,9010600
2022-09-21,125.27999877929688,126.11000061035156,122.68000030517578,122.70999908447266,115.29071807861328,11642400
2022-09-22,122.5199966430664,124.19999694824219,122.0,123.36000061035156,115.90142822265625,9505600
2022-09-23,122.69999694824219,122.94999694824219,121.19999694824219,122.7300033569336,115.30950927734375,16611100
2022-09-26,122.0,122.58999633789062,121.0199966430664,121.55999755859375,114.21025085449219,10450600
2022-09-27,122.41000366210938,123.19999694824219,120.69999694824219,121.19000244140625,113.86261749267578,13239900
2022-09-28,122.88999938964844,124.45999908447266,122.0999984741211,123.83999633789062,116.35238647460938,16360000
2022-09-29,123.47000122070312,123.7699966430664,121.97000122070312,122.80000305175781,115.37528991699219,10791700
2022-09-30,122.80999755859375,123.66000366210938,120.97000122070312,121.11000061035156,113.78746032714844,12389800
2022-10-03,121.98999786376953,124.06999969482422,121.62000274658203,123.5999984741211,116.12689971923828,9326800
2022-10-04,124.62999725341797,126.5199966430664,124.33999633789062,126.47000122070312,118.8233871459961,13717900
2022-10-05,125.66000366210938,127.55000305175781,125.19000244140625,126.88999938964844,119.21797943115234,9913400
2022-10-06,126.41999816894531,126.80999755859375,124.94000244140625,125.2699966430664,117.69593048095703,9399300
2022-10-07,124.31999969482422,124.54000091552734,121.91999816894531,122.62000274658203,115.20616912841797,10068700
2022-10-10,122.91000366210938,123.08000183105469,121.37999725341797,121.8499984741211,114.48274230957031,8377800
2022-10-11,121.5999984741211,123.80000305175781,121.29000091552734,122.5,115.0934066772461,10792900
2022-10-12,122.88999938964844,123.62000274658203,121.87000274658203,121.9000015258789,114.5296859741211,9292800
2022-10-13,120.1500015258789,125.33000183105469,119.94999694824219,124.73999786376953,117.19798278808594,14063600
2022-10-14,125.47000122070312,126.4000015258789,123.5199966430664,123.9000015258789,116.40877532958984,11442300
2022-10-17,124.69000244140625,126.13999938964844,124.54000091552734,125.88999938964844,118.27845764160156,8420400
2022-10-18,127.76000213623047,127.80000305175781,125.97000122070312,126.58999633789062,118.93611907958984,10016700
2022-10-19,126.19999694824219,126.20999908447266,123.7300033569336,124.81999969482422,117.27314758300781,7676200
2022-10-20,124.5999984741211,125.51000213623047,123.5999984741211,123.76000213623047,116.27722930908203,7196600
2022-10-21,123.66999816894531,126.87999725341797,123.01000213623047,126.54000091552734,118.88916015625,8433100
2022-10-24,127.5999984741211,129.3699951171875,127.5999984741211,128.97999572753906,121.1816177368164,7411300
2022-10-25,128.58999633789062,130.11000061035156,128.52000427246094,129.9600067138672,122.10237121582031,7174200
2022-10-26,130.36000061035156,132.6199951171875,130.32000732421875,131.39999389648438,123.45528411865234,8277100
2022-10-27,131.6999969482422,131.72000122070312,130.50999450683594,130.7100067138672,122.8070297241211,6496800
2022-10-28,130.91000366210938,132.9600067138672,130.5,132.86000061035156,124.82705688476562,6267100
2022-10-31,132.1699981689453,133.27000427246094,131.8699951171875,132.75,124.72367858886719,7852800
2022-11-01,132.91000366210938,133.57000732421875,131.41000366210938,132.8300018310547,124.79885864257812,8033300
2022-11-02,132.52000427246094,134.02999877929688,130.5,130.57000732421875,122.67550659179688,10228700
2022-11-03,129.6199951171875,130.74000549316406,128.6999969482422,130.02000427246094,122.15876007080078,7916600
2022-11-04,131.0,131.27999877929688,128.97000122070312,130.80999755859375,122.9009780883789,8082200
2022-11-07,131.02000427246094,132.55999755859375,130.52999877929688,132.2100067138672,124.2163314819336,6054400
2022-11-08,132.24000549316406,133.88999938964844,131.3300018310547,132.8699951171875,124.83641815185547,8930700
2022-11-09,132.66000366210938,133.5500030517578,131.27999877929688,131.44000244140625,123.49288940429688,8963500
2022-11-10,134.47000122070312,135.0500030517578,132.66000366210938,134.77999877929688,126.63092803955078,12416800
2022-11-11,134.61000061035156,134.6300048828125,131.39999389648438,133.1300048828125,125.08071899414062,10487200
2022-11-14,133.52999877929688,134.83999633789062,133.1999969482422,133.25,125.19345092773438,10552600
2022-11-15,134.10000610351562,134.66000366210938,131.97000122070312,133.0800018310547,125.03369903564453,8184100
2022-11-16,133.41000366210938,134.30999755859375,132.7899932861328,133.02000427246094,124.97737884521484,6122200
2022-11-17,131.97000122070312,133.5,131.86000061035156,132.9600067138672,124.92100524902344,6498700
2022-11-18,134.08999633789062,134.8000030517578,133.64999389648438,134.57000732421875,126.43366241455078,6720700
2022-11-21,134.2899932861328,135.2100067138672,134.13999938964844,134.6300048828125,126.48999786376953,7995200
2022-11-22,134.9499969482422,135.89999389648438,134.92999267578125,135.8000030517578,127.58927154541016,5931100
2022-11-23,135.82000732421875,136.5399932861328,135.47999572753906,136.33999633789062,128.09661865234375,5340600
2022-11-25,136.5,137.25999450683594,136.47999572753906,137.14999389648438,128.857666015625,3256000
2022-11-28,136.72999572753906,137.5399932861328,135.85000610351562,136.1199951171875,127.88993072509766,5026800
2022-11-29,135.8300018310547,136.0500030517578,135.0500030517578,135.77999877929688,127.57048797607422,5439600
2022-11-30,135.97999572753906,139.11000061035156,135.25999450683594,139.02000427246094,130.61459350585938,9377400
2022-12-01,139.82000732421875,140.16000366210938,138.6699981689453,139.4199981689453,130.99037170410156,15140200
2022-12-02,138.02000427246094,139.97000122070312,138.02000427246094,139.77999877929688,131.32864379882812,7779800
2022-12-05,138.8800048828125,139.1999969482422,137.97000122070312,138.44000244140625,130.06968688964844,6921500
2022-12-06,138.17999267578125,138.6199951171875,136.7100067138672,137.38999938964844,129.0831298828125,8171500
2022-12-07,137.38999938964844,138.9199981689453,137.35000610351562,138.52000427246094,130.1448516845703,7427000
2022-12-08,138.75999450683594,139.92999267578125,138.49000549316406,139.77000427246094,131.31927490234375,6765000
2022-12-09,139.5800018310547,140.0,137.94000244140625,137.97999572753906,129.637451171875,6203000
2022-12-12,138.07000732421875,139.4499969482422,138.07000732421875,139.4499969482422,131.01856994628906,5669700
2022-12-13,141.35000610351562,141.77000427246094,138.91000366210938,139.8800048828125,131.42259216308594,9886500
2022-12-14,139.82000732421875,141.27999877929688,138.9199981689453,140.10000610351562,131.62928771972656,10882200
2022-12-15,138.85000610351562,139.1999969482422,137.0399932861328,137.52999877929688,129.2146453857422,8746700
2022-12-16,136.49000549316406,136.5800018310547,134.77999877929688,135.52999877929688,127.33558654785156,10843900
2022-12-19,134.92999267578125,135.17999267578125,133.86000061035156,134.47000122070312,126.86009979248047,6801600
2022-12-20,134.52000427246094,134.9600067138672,133.7100067138672,134.44000244140625,126.8318099975586,4815500
2022-12-21,135.25999450683594,136.6300048828125,134.83999633789062,136.2100067138672,128.5016632080078,5937500
2022-12-22,135.4499969482422,136.05999755859375,134.25999450683594,136.02000427246094,128.3223876953125,5483300
2022-12-23,135.88999938964844,136.22999572753906,135.10000610351562,136.10000610351562,128.3978729248047,3766900
2022-12-27,136.36000061035156,136.47000122070312,135.2100067138672,135.75,128.0676727294922,7050500
2022-12-28,136.1999969482422,136.86000061035156,134.82000732421875,134.8699951171875,127.23745727539062,5054200
2022-12-29,135.7100067138672,137.0399932861328,135.39999389648438,136.33999633789062,128.62428283691406,6297300
2022-12-30,135.8800048828125,136.02000427246094,134.47000122070312,135.85000610351562,128.16201782226562,6369500
2023-01-03,135.9600067138672,136.3300018310547,134.42999267578125,135.4600067138672,127.7940902709961,7239200
2023-01-04,136.22000122070312,136.57000732421875,134.94000244140625,135.82000732421875,128.1337127685547,8469800
2023-01-05,134.9199981689453,135.25,133.89999389648438,134.42999267578125,126.8223648071289,6714200
2023-01-06,135.3300018310547,136.0399932861328,133.61000061035156,135.6699981689453,127.9921875,7175700
2023-01-09,135.80999755859375,135.85000610351562,133.22000122070312,133.39999389648438,125.85066986083984,7719500
2023-01-10,133.35000610351562,134.72999572753906,133.14999389648438,134.52000427246094,126.90730285644531,7675200
2023-01-11,134.61000061035156,135.3000030517578,133.99000549316406,135.27999877929688,127.62428283691406,7307200
2023-01-12,134.99000549316406,135.41000366210938,133.5399932861328,134.85000610351562,127.21863555908203,7580500
2023-01-13,134.11000061035156,135.86000061035156,134.0500030517578,135.4499969482422,127.78465270996094,6334100
2023-01-17,135.3800048828125,135.61000061035156,134.63999938964844,134.82000732421875,127.19031524658203,6664100
2023-01-18,134.82000732421875,135.1699981689453,132.7899932861328,132.9199981689453,125.39783477783203,10629100
2023-01-19,132.52999877929688,133.77000427246094,132.25999450683594,133.24000549316406,125.69972229003906,9902300
2023-01-20,133.5399932861328,134.00999450683594,132.52000427246094,133.91000366210938,126.33181762695312,5962200
2023-01-23,133.99000549316406,135.1199951171875,133.69000244140625,134.3699951171875,126.7657470703125,7211000
2023-01-24,133.6999969482422,134.47999572753906,132.6199951171875,133.47999572753906,125.9261703491211,5754800
2023-01-25,132.58999633789062,133.5500030517578,132.2100067138672,133.52000427246094,125.96387481689453,5999000
2023-01-26,133.8300018310547,133.9499969482422,132.72999572753906,133.77000427246094,126.19971466064453,6861100
2023-01-27,133.57000732421875,133.7100067138672,132.69000244140625,132.86000061035156,125.34125518798828,5854600
2023-01-30,132.61000061035156,133.44000244140625,131.4600067138672,131.66000366210938,124.20915985107422,7055400
2023-01-31,131.9600067138672,133.3800048828125,131.8300018310547,133.36000061035156,125.81293487548828,6290600
2023-02-01,133.36000061035156,134.80999755859375,132.36000061035156,133.99000549316406,126.40727233886719,11843000
2023-02-02,133.00999450683594,133.25999450683594,132.1300048828125,133.0800018310547,125.54875183105469,11274600
2023-02-03,133.1699981689453,133.60000610351562,132.25,132.69000244140625,125.18085479736328,10046800
2023-02-06,132.5,132.77999877929688,131.77000427246094,131.9499969482422,124.48272705078125,7328300
2023-02-07,131.49000549316406,133.19000244140625,131.02999877929688,132.8000030517578,125.28462219238281,7551000
2023-02-08,132.32000732421875,133.14999389648438,132.2100067138672,132.41000366210938,124.91670989990234,5614100
2023-02-09,132.74000549316406,133.25,131.0399932861328,131.25,123.82234191894531,8085700
2023-02-10,131.42999267578125,132.6300048828125,131.25,132.49000549316406,124.99217224121094,6198600
2023-02-13,132.50999450683594,133.60000610351562,132.50999450683594,133.58999633789062,126.02992248535156,6300300
2023-02-14,133.77000427246094,134.00999450683594,132.1300048828125,132.8000030517578,125.28462219238281,6905900
2023-02-15,132.27999877929688,132.4600067138672,131.69000244140625,132.13999938964844,124.6619644165039,6491900
2023-02-16,130.92999267578125,131.99000549316406,130.5399932861328,130.82000732421875,123.41668701171875,8008000
2023-02-17,130.1999969482422,132.22999572753906,130.0800018310547,131.99000549316406,124.5204849243164,10798800
2023-02-21,131.02999877929688,131.57000732421875,130.08999633789062,130.27999877929688,122.90723419189453,9066200
2023-02-22,130.4199981689453,130.72999572753906,129.57000732421875,129.83999633789062,122.49213409423828,7318900
2023-02-23,129.80999755859375,130.85000610351562,129.24000549316406,130.19000244140625,122.82234191894531,9955500
2023-02-24,129.08999633789062,129.33999633789062,128.1300048828125,128.50999450683594,121.2374038696289,9008000
2023-02-27,129.2100067138672,129.57000732421875,127.83000183105469,128.1199951171875,120.86945343017578,6463900
2023-02-28,127.83000183105469,127.91000366210938,127.05999755859375,127.16999816894531,119.97322845458984,10282800
2023-03-01,126.55999755859375,127.23999786376953,126.41000366210938,126.95999908447266,119.7751235961914,11101000
2023-03-02,126.38999938964844,128.10000610351562,126.38999938964844,127.73999786376953,120.51097869873047,10203100
2023-03-03,128.3300018310547,129.22000122070312,127.69000244140625,129.1699981689453,121.86004638671875,10048000
2023-03-06,129.25999450683594,129.6999969482422,128.80999755859375,129.11000061035156,121.8034439086914,8153400
2023-03-07,129.3699951171875,129.52000427246094,126.80999755859375,127.02999877929688,119.84117126464844,9604400
2023-03-08,126.7699966430664,127.16000366210938,125.83999633789062,126.3499984741211,119.19964599609375,10793200
2023-03-09,126.83999633789062,127.05000305175781,124.55999755859375,125.06999969482422,117.99207305908203,13270300
2023-03-10,124.86000061035156,125.9000015258789,123.66999816894531,124.1500015258789,117.12413787841797,20483200
2023-03-13,123.75,127.0199966430664,123.5999984741211,125.30999755859375,118.2184829711914,21294200
2023-03-14,126.16000366210938,126.81999969482422,125.16999816894531,126.43000030517578,119.27510070800781,14582900
2023-03-15,125.06999969482422,126.5,124.83999633789062,126.31999969482422,119.17132568359375,17244600
2023-03-16,125.37000274658203,127.55999755859375,125.0199966430664,127.5,120.28455352783203,16011400
2023-03-17,127.38999938964844,127.48999786376953,125.45999908447266,125.86000061035156,118.73738098144531,15071400
2023-03-20,125.58000183105469,127.1500015258789,125.58000183105469,126.95999908447266,120.24230194091797,10592100
2023-03-21,127.44999694824219,127.87999725341797,126.68000030517578,127.7300033569336,120.9715576171875,8816300
2023-03-22,127.80000305175781,128.27000427246094,125.77999877929688,125.80000305175781,119.1436767578125,10480000
2023-03-23,126.31999969482422,127.08000183105469,124.83999633789062,125.55999755859375,118.91637420654297,10092300
2023-03-24,125.44000244140625,127.41999816894531,124.97000122070312,127.30000305175781,120.56430053710938,8163700
2023-03-27,128.1999969482422,128.77999877929688,127.66999816894531,127.81999969482422,121.0567855834961,9455400
2023-03-28,127.69000244140625,128.14999389648438,126.73999786376953,127.05000305175781,120.3275375366211,8037400
2023-03-29,127.68000030517578,127.83999633789062,126.8499984741211,127.4000015258789,120.65901947021484,8183100
2023-03-30,128.08999633789062,128.1300048828125,127.27999877929688,128.08999633789062,121.31251525878906,6820400
2023-03-31,128.52000427246094,129.52999877929688,128.4499969482422,129.4600067138672,122.61003112792969,9202500
2023-04-03,129.55999755859375,131.05999755859375,129.1999969482422,130.91000366210938,123.98329162597656,8937300
2023-04-04,131.0500030517578,131.69000244140625,130.69000244140625,130.92999267578125,124.00220489501953,9052600
2023-04-05,131.66000366210938,133.4199981689453,131.50999450683594,133.19000244140625,126.14265441894531,12325800
2023-04-06,133.7100067138672,134.11000061035156,133.07000732421875,133.52000427246094,126.45518493652344,8276300
2023-04-10,133.16000366210938,133.5,132.4600067138672,133.42999267578125,126.36995697021484,8024300
2023-04-11,133.74000549316406,134.3699951171875,133.66000366210938,133.8800048828125,126.79617309570312,8887500
2023-04-12,134.39999389648438,134.89999389648438,133.67999267578125,133.9199981689453,126.83401489257812,8988600
2023-04-13,134.49000549316406,135.80999755859375,134.1999969482422,135.66000366210938,128.48194885253906,9373500
2023-04-14,135.35000610351562,135.63999938964844,134.07000732421875,134.57000732421875,127.44963836669922,6632100
2023-04-17,134.61000061035156,134.75999450683594,133.75999450683594,134.4600067138672,127.34547424316406,7187000
2023-04-18,134.72999572753906,134.72999572753906,133.36000061035156,133.5399932861328,126.47412872314453,7194200
2023-04-19,133.5800018310547,134.14999389648438,133.1699981689453,133.9499969482422,126.86244201660156,7048100
2023-04-20,133.30999755859375,133.60000610351562,132.77000427246094,133.39999389648438,126.34153747558594,6672000
2023-04-21,134.1300048828125,134.75,133.7100067138672,134.3000030517578,127.19391632080078,6535900
2023-04-24,134.44000244140625,135.08999633789062,134.10000610351562,135.0500030517578,127.90423583984375,6299800
2023-04-25,134.85000610351562,135.25999450683594,133.4199981689453,133.61000061035156,126.54045104980469,7752000
2023-04-26,132.42999267578125,132.52000427246094,130.9199981689453,131.7100067138672,124.74095916748047,10128800
2023-04-27,131.77000427246094,132.58999633789062,130.6199951171875,132.39999389648438,125.39445495605469,10008900
2023-04-28,132.24000549316406,133.91000366210938,132.02999877929688,133.52999877929688,126.46466827392578,7917300
2023-05-01,133.72000122070312,134.75999450683594,133.4600067138672,134.22000122070312,127.11815643310547,6793900
2023-05-02,134.0,134.85000610351562,132.67999267578125,133.63999938964844,126.5688705444336,14365800
2023-05-03,134.25999450683594,134.89999389648438,133.27000427246094,133.4600067138672,126.39837646484375,8961500
2023-05-04,132.89999389648438,132.97999572753906,131.83999633789062,132.39999389648438,125.39445495605469,9625300
2023-05-05,133.27000427246094,134.0500030517578,132.8300018310547,133.58999633789062,126.52149963378906,7650300
2023-05-08,133.38999938964844,133.42999267578125,132.67999267578125,133.3000030517578,126.24684143066406,5305700
2023-05-09,132.7899932861328,133.4199981689453,132.3699951171875,132.41000366210938,125.4039306640625,6452700
2023-05-10,132.7899932861328,133.11000061035156,132.0,132.77999877929688,125.75434112548828,6556600
2023-05-11,132.5,132.5800018310547,131.5399932861328,132.3699951171875,125.36603546142578,8764800
2023-05-12,132.57000732421875,132.85000610351562,131.60000610351562,132.19000244140625,125.19556427001953,6626800
2023-05-15,132.2100067138672,132.3000030517578,131.38999938964844,131.9600067138672,124.97773742675781,5725600
2023-05-16,131.67999267578125,131.72999572753906,130.8300018310547,130.86000061035156,123.9359359741211,7106000
2023-05-17,131.0800018310547,131.19000244140625,129.55999755859375,131.02000427246094,124.08747100830078,15512700
2023-05-18,130.74000549316406,130.91000366210938,129.69000244140625,130.6999969482422,123.784423828125,12196900
2023-05-19,131.0,132.19000244140625,130.94000244140625,131.30999755859375,124.36214447021484,9277000
2023-05-22,131.5,132.36000061035156,131.1300048828125,131.44000244140625,124.4852523803711,12856100
2023-05-23,130.91000366210938,131.10000610351562,129.7100067138672,130.0,123.12144470214844,8723100
2023-05-24,129.75,129.77999877929688,128.80999755859375,129.11000061035156,122.2785415649414,7952900
2023-05-25,128.49000549316406,128.66000366210938,126.91000366210938,127.79000091552734,121.02838897705078,13737000
2023-05-26,127.66999816894531,128.8699951171875,127.29000091552734,127.52999877929688,120.78215026855469,8794900
2023-05-30,126.88999938964844,127.87000274658203,126.41999816894531,126.73999786376953,120.03392028808594,12114500
2023-05-31,126.38999938964844,128.0500030517578,126.05000305175781,127.83000183105469,121.06627655029297,15099100
2023-06-01,127.94999694824219,128.9199981689453,126.95999908447266,128.6699981689453,121.86183166503906,9751900
2023-06-02,129.0800018310547,130.5500030517578,128.77999877929688,130.32000732421875,123.42450714111328,10293000
2023-06-05,130.61000061035156,131.3800048828125,130.4499969482422,130.7899932861328,123.86964416503906,7880200
2023-06-06,131.32000732421875,131.36000061035156,129.1300048828125,129.6999969482422,122.8373031616211,9413500
2023-06-07,129.58999633789062,129.77000427246094,129.0,129.19000244140625,122.35429382324219,7519600
2023-06-08,129.2100067138672,130.1999969482422,128.77999877929688,130.02000427246094,123.14039611816406,6583100
2023-06-09,130.0500030517578,130.8699951171875,129.33999633789062,130.4199981689453,123.51921081542969,10446100
2023-06-12,130.35000610351562,130.9199981689453,129.83999633789062,130.88999938964844,123.96435546875,7321100
2023-06-13,130.60000610351562,131.75,130.47000122070312,131.5500030517578,124.58943939208984,8362700
2023-06-14,130.8800048828125,130.99000549316406,129.6999969482422,130.1999969482422,123.31085205078125,12401600
2023-06-15,130.2100067138672,132.39999389648438,130.19000244140625,132.22000122070312,125.22396850585938,10598600
2023-06-16,132.55999755859375,133.25,132.07000732421875,132.2100067138672,125.21451568603516,10535000
2023-06-20,130.41000366210938,132.10000610351562,130.38999938964844,131.52000427246094,125.0737533569336,8585100
2023-06-21,131.1999969482422,131.99000549316406,130.58999633789062,131.5399932861328,125.0927734375,9444800
2023-06-22,131.74000549316406,132.6300048828125,131.57000732421875,132.44000244140625,125.94868469238281,8036400
2023-06-23,132.25999450683594,132.5399932861328,131.63999938964844,132.0,125.5302505493164,8096500
2023-06-26,131.6699981689453,131.8800048828125,129.97999572753906,131.25,124.81700134277344,7092800
2023-06-27,131.25,131.38999938964844,130.0399932861328,130.9499969482422,124.53169250488281,8578200
2023-06-28,130.9199981689453,130.9499969482422,130.11000061035156,130.52999877929688,124.13229370117188,10897800
2023-06-29,130.22999572753906,131.4600067138672,130.00999450683594,131.3800048828125,124.94063568115234,7843300
2023-06-30,131.91000366210938,133.0399932861328,131.8300018310547,132.72999572753906,126.22444152832031,8260900
2023-07-03,132.35000610351562,132.35000610351562,131.0800018310547,131.63999938964844,125.1878890991211,5240300
2023-07-05,131.36000061035156,131.85000610351562,131.05999755859375,131.57000732421875,125.12133026123047,7942100
2023-07-06,130.69000244140625,131.00999450683594,130.19000244140625,130.52000427246094,124.1227798461914,8213100
2023-07-07,129.8000030517578,130.25999450683594,128.92999267578125,129.0,122.6772689819336,8749700
2023-07-10,129.00999450683594,130.17999267578125,129.0,130.02000427246094,123.64730072021484,7476500
2023-07-11,129.83999633789062,130.47000122070312,129.47999572753906,130.0500030517578,123.6758041381836,7278300
2023-07-12,130.3800048828125,130.5,129.49000549316406,129.6999969482422,123.34294891357422,11900400
2023-07-13,130.02999877929688,130.36000061035156,129.6199951171875,129.75,123.39051818847656,7526200
2023-07-14,130.72999572753906,132.1199951171875,130.58999633789062,131.6999969482422,125.24493408203125,13298600
2023-07-17,131.35000610351562,131.6300048828125,130.61000061035156,131.10000610351562,124.67435455322266,7905000
2023-07-18,131.14999389648438,132.57000732421875,130.91000366210938,132.07000732421875,125.59679412841797,8130300
2023-07-19,132.72000122070312,133.50999450683594,132.4499969482422,132.67999267578125,126.17691802978516,12484000
2023-07-20,133.57000732421875,135.42999267578125,133.47000122070312,134.8800048828125,128.26907348632812,12650200
2023-07-21,135.00999450683594,136.66000366210938,134.77999877929688,136.24000549316406,129.56243896484375,11308900
2023-07-24,136.24000549316406,136.85000610351562,135.82000732421875,135.94000244140625,129.27716064453125,12034000
2023-07-25,135.02999877929688,136.42999267578125,134.85000610351562,135.8800048828125,129.2200927734375,7802900
2023-07-26,135.22999572753906,136.22999572753906,134.8800048828125,135.7899932861328,129.1344757080078,8205300
2023-07-27,135.99000549316406,136.47999572753906,134.75999450683594,134.7899932861328,128.1834716796875,8800800
2023-07-28,135.1999969482422,135.4199981689453,134.4199981689453,135.19000244140625,128.5638885498047,6897600
2023-07-31,134.9499969482422,135.0,133.64999389648438,134.14999389648438,127.5748519897461,9735900
2023-08-01,133.83999633789062,134.3300018310547,133.1199951171875,133.4499969482422,126.90921020507812,10555300
2023-08-02,133.47999572753906,134.38999938964844,133.17999267578125,133.5399932861328,126.9947509765625,13873000
2023-08-03,133.10000610351562,133.27000427246094,132.61000061035156,132.8699951171875,126.35759735107422,11863400
2023-08-04,132.91000366210938,133.72999572753906,132.07000732421875,132.39999389648438,125.91063690185547,12631200
2023-08-07,132.8000030517578,134.05999755859375,132.72999572753906,133.92999267578125,127.36563110351562,8165600
2023-08-08,134.77999877929688,135.1300048828125,134.0399932861328,134.9600067138672,128.3451690673828,12601200
2023-08-09,134.83999633789062,135.64999389648438,134.75,134.9199981689453,128.30711364746094,9833600
2023-08-10,135.25,136.52999877929688,134.69000244140625,134.8300018310547,128.2215576171875,9541700
2023-08-11,134.7899932861328,135.8300018310547,134.47000122070312,135.6699981689453,129.02035522460938,7674400
2023-08-14,135.69000244140625,136.50999450683594,135.57000732421875,136.0800018310547,129.41026306152344,8723300
2023-08-15,135.74000549316406,136.13999938964844,135.42999267578125,135.5800018310547,128.9347686767578,9118500
2023-08-16,135.36000061035156,135.8000030517578,134.52000427246094,134.5500030517578,127.95523834228516,9462400
2023-08-17,134.07000732421875,134.5399932861328,133.4199981689453,133.47999572753906,126.9377212524414,11163800
2023-08-18,133.22000122070312,133.8800048828125,133.10000610351562,133.52999877929688,126.9852523803711,9463000
2023-08-21,133.47999572753906,133.8300018310547,133.05999755859375,133.6699981689453,127.11840057373047,6872400
2023-08-22,133.47000122070312,133.7899932861328,133.1300048828125,133.1999969482422,126.67143249511719,6939400
2023-08-23,134.0,134.3000030517578,133.2100067138672,133.60000610351562,127.05180358886719,7276800
2023-08-24,133.33999633789062,134.38999938964844,132.44000244140625,132.44000244140625,125.94868469238281,10241700
2023-08-25,132.8699951171875,133.8800048828125,132.4199981689453,133.41000366210938,126.87112426757812,8509100
2023-08-28,133.8800048828125,134.30999755859375,133.22999572753906,133.72000122070312,127.16593933105469,6768400
2023-08-29,133.89999389648438,134.9199981689453,133.72000122070312,134.9199981689453,128.30711364746094,10737000
2023-08-30,135.25,135.66000366210938,134.6999969482422,134.82000732421875,128.21202087402344,7892700
2023-08-31,134.83999633789062,134.91000366210938,133.17999267578125,133.2100067138672,126.68093872070312,7540200
2023-09-01,134.24000549316406,134.24000549316406,133.22000122070312,133.57000732421875,127.0232925415039,10183900
2023-09-05,133.63999938964844,133.74000549316406,132.19000244140625,132.19000244140625,125.71092987060547,11042600
2023-09-06,132.02999877929688,132.16000366210938,130.8300018310547,131.47000122070312,125.02621459960938,12840000
2023-09-07,131.8699951171875,132.6300048828125,131.77000427246094,132.05999755859375,125.5872802734375,11055700
2023-09-08,131.77999877929688,132.4600067138672,131.75,132.05999755859375,125.5872802734375,8716900
2023-09-11,132.0,133.22999572753906,131.97999572753906,132.97000122070312,126.45269775390625,7179000
2023-09-12,132.57000732421875,133.14999389648438,131.85000610351562,132.8000030517578,126.29100799560547,6941700
2023-09-13,132.47999572753906,133.35000610351562,132.44000244140625,132.82000732421875,126.31002807617188,6430300
2023-09-14,133.57000732421875,133.64999389648438,132.83999633789062,133.24000549316406,126.7094497680664,6433300
2023-09-15,132.9199981689453,133.5500030517578,132.10000610351562,132.19000244140625,125.71092987060547,9611900
2023-09-18,131.86000061035156,131.99000549316406,130.9499969482422,131.4499969482422,125.51993560791016,6559400
2023-09-19,131.22999572753906,131.83999633789062,130.67999267578125,131.55999755859375,125.62496948242188,6252400
2023-09-20,132.13999938964844,132.50999450683594,131.5500030517578,131.57000732421875,125.63453674316406,6350700
2023-09-21,131.32000732421875,131.5399932861328,130.36000061035156,130.4199981689453,124.53638458251953,7979500
2023-09-22,130.25,130.9199981689453,130.0,130.14999389648438,124.27857971191406,7790300
2023-09-25,130.02000427246094,130.89999389648438,129.66000366210938,130.86000061035156,124.9565658569336,6826300
2023-09-26,130.25999450683594,130.67999267578125,129.64999389648438,129.75,123.8966293334961,8200700
2023-09-27,129.99000549316406,130.1199951171875,128.14999389648438,129.10000610351562,123.27595520019531,9888600
2023-09-28,129.32000732421875,130.08999633789062,129.32000732421875,129.72000122070312,123.86797332763672,9129000
2023-09-29,130.0,130.1199951171875,128.5399932861328,128.74000549316406,122.93220520019531,12692700
2023-10-02,128.3300018310547,128.60000610351562,127.05999755859375,128.55999755859375,122.76033782958984,16035100
2023-10-03,127.93000030517578,128.1999969482422,126.87999725341797,127.41999816894531,121.67174530029297,11971100
2023-10-04,127.52999877929688,128.13999938964844,126.93000030517578,127.95999908447266,122.18739318847656,10064300
2023-10-05,128.25,128.88999938964844,127.5199966430664,128.66000366210938,122.8558120727539,9609700
2023-10-06,128.3000030517578,130.4199981689453,128.22999572753906,130.00999450683594,124.14490509033203,10692400
2023-10-09,129.64999389648438,130.5800018310547,129.1300048828125,130.4600067138672,124.57462310791016,8047600
2023-10-10,130.4199981689453,131.6699981689453,129.97000122070312,131.0800018310547,125.16664123535156,8154900
2023-10-11,131.24000549316406,131.4499969482422,129.9199981689453,130.5,124.61279296875,9591800
2023-10-12,130.60000610351562,130.85000610351562,129.27999877929688,129.3800048828125,123.54334259033203,10927700
2023-10-13,129.86000061035156,130.94000244140625,129.4600067138672,130.19000244140625,124.31678771972656,11383800
2023-10-16,130.7100067138672,131.9199981689453,130.60000610351562,131.1699981689453,125.25259399414062,10545000
2023-10-17,130.5399932861328,131.7100067138672,130.44000244140625,130.99000549316406,125.08070373535156,9149900
2023-10-18,131.1699981689453,131.5399932861328,129.6199951171875,129.85000610351562,123.99214172363281,10085700
2023-10-19,129.67999267578125,129.82000732421875,127.7699966430664,128.57000732421875,122.7698745727539,15492500
2023-10-20,128.30999755859375,128.97999572753906,128.0399932861328,128.05999755859375,122.28286743164062,12296800
2023-10-23,127.97000122070312,128.39999389648438,127.13999938964844,127.26000213623047,121.51896667480469,12344200
2023-10-24,126.8499984741211,128.0500030517578,126.8499984741211,127.6500015258789,121.8913803100586,9375900
2023-10-25,127.06999969482422,127.45999908447266,125.56999969482422,126.51000213623047,120.80280303955078,11427000
2023-10-26,125.47000122070312,126.41000366210938,125.16000366210938,125.26000213623047,119.60919189453125,14699100
2023-10-27,124.91000366210938,125.06999969482422,122.58999633789062,123.13999938964844,117.58483123779297,13566100
2023-10-30,123.77999877929688,124.20999908447266,122.88999938964844,123.83000183105469,118.24370574951172,15224500
2023-10-31,124.2699966430664,124.69999694824219,123.55000305175781,124.54000091552734,118.92168426513672,13917400
2023-11-01,124.38999938964844,125.41000366210938,124.16999816894531,124.80000305175781,119.1699447631836,13802600
2023-11-02,125.27999877929688,126.88999938964844,124.94999694824219,126.77999877929688,121.06060791015625,11894000
2023-11-03,127.6500015258789,128.1999969482422,127.19999694824219,127.41000366210938,121.66219329833984,11635600
2023-11-06,127.94999694824219,128.4600067138672,127.43000030517578,128.25999450683594,122.47384643554688,8425100
2023-11-07,128.2100067138672,128.66000366210938,127.87000274658203,128.35000610351562,122.55980682373047,8241900
2023-11-08,128.88999938964844,128.88999938964844,127.38999938964844,128.1699981689453,122.38790893554688,10021100
2023-11-09,128.0500030517578,128.1999969482422,125.4000015258789,125.5199966430664,119.85745239257812,13905500
2023-11-10,126.0,126.44999694824219,124.5999984741211,126.2699966430664,120.57361602783203,10401300
2023-11-13,126.4000015258789,127.25,125.66999816894531,127.0,121.27069854736328,11373800
2023-11-14,127.7300033569336,128.7100067138672,127.41000366210938,127.86000061035156,122.0918960571289,11216900
2023-11-15,127.94999694824219,128.47000122070312,127.63999938964844,127.95999908447266,122.18739318847656,9262700
2023-11-16,128.33999633789062,128.77999877929688,127.8499984741211,128.50999450683594,122.71257019042969,7665900
2023-11-17,128.77999877929688,128.99000549316406,127.86000061035156,128.25,122.46430206298828,6766100
2023-11-20,127.75,129.30999755859375,127.66000366210938,129.02999877929688,123.20911407470703,6910000
2023-11-21,129.47000122070312,130.07000732421875,129.30999755859375,129.80999755859375,123.95392608642578,8373000
2023-11-22,130.24000549316406,130.74000549316406,130.07000732421875,130.42999267578125,124.54596710205078,6737700
2023-11-24,130.69000244140625,131.16000366210938,130.67999267578125,131.1300048828125,125.21440887451172,3708800
2023-11-27,130.85000610351562,131.2899932861328,130.07000732421875,130.30999755859375,124.43136596679688,10530200
2023-11-28,130.0800018310547,130.3699951171875,129.5500030517578,129.63999938964844,123.79159545898438,6261300
2023-11-29,129.5,130.3800048828125,129.44000244140625,129.67999267578125,123.82978057861328,6979000
2023-11-30,129.77999877929688,131.38999938964844,129.3300018310547,131.30999755859375,125.38626098632812,7743100
2023-12-01,131.1300048828125,131.97000122070312,131.02999877929688,131.8300018310547,125.8828125,9370900
2023-12-04,131.47999572753906,132.3300018310547,131.44000244140625,132.0800018310547,126.12151336669922,6943900
2023-12-05,131.80999755859375,132.1199951171875,131.08999633789062,131.91000366210938,125.9592056274414,6581000
2023-12-06,132.1999969482422,132.4499969482422,131.75,132.00999450683594,126.05469512939453,6210400
2023-12-07,132.02999877929688,132.35000610351562,131.25,131.85000610351562,125.90190124511719,6396700
2023-12-08,131.94000244140625,132.3800048828125,131.27999877929688,132.07000732421875,126.11197662353516,6007600
2023-12-11,132.77999877929688,133.19000244140625,132.1300048828125,132.94000244140625,126.9427261352539,9016800
2023-12-12,133.1300048828125,133.6999969482422,132.5,133.50999450683594,127.48701477050781,6779000
2023-12-13,132.94000244140625,136.00999450683594,132.75999450683594,135.97000122070312,129.83607482910156,9074300
2023-12-14,136.42999267578125,136.50999450683594,134.8000030517578,135.30999755859375,129.20579528808594,10098700
2023-12-15,134.67999267578125,134.94000244140625,133.66000366210938,134.16000366210938,128.1077117919922,8296600
2023-12-18,134.05999755859375,134.1999969482422,133.42999267578125,133.77999877929688,128.31680297851562,5944300
2023-12-19,133.9499969482422,134.75,133.74000549316406,134.67999267578125,129.1800537109375,6358200
2023-12-20,134.60000610351562,134.67999267578125,132.72000122070312,132.72999572753906,127.30962371826172,7299000
2023-12-21,133.52999877929688,134.4499969482422,133.22000122070312,134.35000610351562,128.86349487304688,5606800
2023-12-22,134.67999267578125,135.44000244140625,134.47999572753906,135.02000427246094,129.5061492919922,5355100
2023-12-26,134.91000366210938,135.67999267578125,134.74000549316406,135.32000732421875,129.79388427734375,3688600
2023-12-27,135.1699981689453,135.97999572753906,135.13999938964844,135.88999938964844,130.3406219482422,5444100
2023-12-28,136.0,136.6999969482422,135.97999572753906,136.24000549316406,130.6763153076172,5800200
2023-12-29,136.24000549316406,136.6199951171875,135.82000732421875,136.3800048828125,130.8105926513672,5590000
2024-01-02,136.0399932861328,139.0500030517578,135.97000122070312,138.77999877929688,133.1125946044922,11785900
2024-01-03,139.24000549316406,139.52999877929688,138.3800048828125,138.5500030517578,132.89198303222656,9585000
2024-01-04,138.97999572753906,140.0,138.74000549316406,139.24000549316406,133.55380249023438,11649200
2024-01-05,138.9199981689453,139.6999969482422,138.52999877929688,139.1199951171875,133.43870544433594,9437700
2024-01-08,139.16000366210938,140.3800048828125,138.58999633789062,140.35000610351562,134.6184844970703,7999400
2024-01-09,140.1999969482422,141.55999755859375,139.8699951171875,140.3300018310547,134.5992889404297,9201300
2024-01-10,140.41000366210938,141.13999938964844,139.8800048828125,140.97000122070312,135.21316528320312,9773300
2024-01-11,140.7899932861328,141.02999877929688,140.0,140.8699951171875,135.11727905273438,7182300
2024-01-12,140.47999572753906,141.16000366210938,140.0500030517578,140.52000427246094,134.7815399169922,8026400
2024-01-16,140.1699981689453,140.36000061035156,139.4600067138672,139.67999267578125,133.975830078125,7426900
2024-01-17,139.4499969482422,140.08999633789062,139.00999450683594,139.39999389648438,133.707275390625,8337200
2024-01-18,138.1999969482422,139.50999450683594,137.52000427246094,139.3800048828125,133.68809509277344,8929300
2024-01-19,139.4600067138672,139.82000732421875,138.69000244140625,139.4600067138672,133.76483154296875,8842000
2024-01-22,139.5800018310547,140.44000244140625,139.22999572753906,140.07000732421875,134.34991455078125,7831400
2024-01-23,139.88999938964844,140.05999755859375,138.97000122070312,139.97000122070312,134.25401306152344,6407400
2024-01-24,140.33999633789062,140.67999267578125,138.6699981689453,138.69000244140625,133.02626037597656,9104900
2024-01-25,138.1999969482422,138.50999450683594,137.2100067138672,138.47999572753906,132.82484436035156,10050200
2024-01-26,139.44000244140625,139.55999755859375,138.9199981689453,139.27000427246094,133.58258056640625,5759100
2024-01-29,139.39999389648438,140.25999450683594,139.30999755859375,140.25,134.52256774902344,6229600
2024-01-30,140.47999572753906,140.82000732421875,139.80999755859375,140.57000732421875,134.82949829101562,5940300
2024-01-31,141.63999938964844,141.75,140.35000610351562,140.3800048828125,134.6472625732422,10223100
2024-02-01,140.5500030517578,142.1999969482422,139.8699951171875,142.1999969482422,136.39292907714844,8503600
2024-02-02,142.14999389648438,142.64999389648438,141.27000427246094,141.99000549316406,136.1915283203125,10629200
2024-02-05,142.5,143.30999755859375,141.77999877929688,142.42999267578125,136.61354064941406,9631700
2024-02-06,143.5399932861328,144.08999633789062,142.82000732421875,143.97999572753906,138.10023498535156,10159000
2024-02-07,144.33999633789062,145.02999877929688,144.07000732421875,144.3699951171875,138.4743194580078,7884600
2024-02-08,144.22999572753906,144.22999572753906,143.47000122070312,144.1199951171875,138.2345428466797,6672400
2024-02-09,144.05999755859375,144.2899932861328,143.5399932861328,144.00999450683594,138.1290283203125,7447800
2024-02-12,143.82000732421875,144.24000549316406,143.13999938964844,144.1999969482422,138.31124877929688,6645500
2024-02-13,143.47000122070312,144.47000122070312,142.14999389648438,142.86000061035156,137.02598571777344,11170000
2024-02-14,143.35000610351562,144.14999389648438,143.07000732421875,144.10000610351562,138.21534729003906,9701100
2024-02-15,144.1999969482422,145.42999267578125,143.99000549316406,145.14999389648438,139.2224884033203,9294800
2024-02-16,145.33999633789062,146.60000610351562,144.82000732421875,145.6199951171875,139.6732635498047,8424100
2024-02-20,145.72999572753906,146.19000244140625,144.75999450683594,145.1300048828125,139.20327758789062,9120400
2024-02-21,144.66000366210938,145.49000549316406,144.24000549316406,145.4499969482422,139.5102081298828,7213500
2024-02-22,145.63999938964844,147.42999267578125,145.3300018310547,147.16000366210938,141.150390625,9130000
2024-02-23,147.66000366210938,148.27000427246094,147.33999633789062,147.86000061035156,141.82180786132812,9194600
2024-02-26,147.77000427246094,148.11000061035156,146.97000122070312,147.10000610351562,141.0928192138672,7248300
2024-02-27,146.3800048828125,147.19000244140625,146.0399932861328,146.74000549316406,140.7475128173828,7374000
2024-02-28,146.1199951171875,146.27999877929688,145.32000732421875,146.00999450683594,140.04734802246094,8038800
2024-02-29,146.0,146.24000549316406,144.72000122070312,144.82000732421875,138.90591430664062,9435600
2024-03-01,145.14999389648438,146.44000244140625,144.50999450683594,146.33999633789062,140.3638916015625,8741400
2024-03-04,145.9199981689453,146.67999267578125,145.77000427246094,146.1199951171875,140.15284729003906,10657800
2024-03-05,146.1699981689453,146.41000366210938,144.5500030517578,145.02999877929688,139.10736083984375,9743400
2024-03-06,145.3000030517578,146.55999755859375,145.3000030517578,146.02000427246094,140.0569305419922,8085300
2024-03-07,146.3800048828125,147.0500030517578,146.17999267578125,146.6999969482422,140.70916748046875,6438300
2024-03-08,146.55999755859375,147.25,146.1699981689453,146.42999267578125,140.45018005371094,7802500
2024-03-11,146.10000610351562,146.61000061035156,145.2899932861328,146.35000610351562,140.3734588623047,7723800
2024-03-12,146.4499969482422,147.38999938964844,145.9600067138672,147.02999877929688,141.02569580078125,7143700
2024-03-13,147.58999633789062,147.6999969482422,145.88999938964844,146.4600067138672,140.4789581298828,7874200
2024-03-14,146.5500030517578,146.66000366210938,145.1300048828125,145.94000244140625,139.98019409179688,9605700
2024-03-15,145.02000427246094,145.66000366210938,144.85000610351562,145.36000061035156,139.4238739013672,10570500
2024-03-18,145.42999267578125,145.57000732421875,144.72000122070312,144.82000732421875,139.40750122070312,6407000
2024-03-19,144.94000244140625,145.8699951171875,144.52000427246094,145.77999877929688,140.3316650390625,5240200
2024-03-20,145.42999267578125,145.5,144.63999938964844,145.4499969482422,140.0139617919922,8268200
2024-03-21,145.75,146.1699981689453,145.33999633789062,145.63999938964844,140.19686889648438,8865300
2024-03-22,145.85000610351562,146.22000122070312,145.25999450683594,145.44000244140625,140.0043487548828,5537200
2024-03-25,145.7100067138672,145.86000061035156,145.00999450683594,145.24000549316406,139.81185913085938,5253000
2024-03-26,145.52999877929688,145.94000244140625,145.13999938964844,145.77000427246094,140.322021484375,6942400
2024-03-27,147.00999450683594,147.7100067138672,146.6199951171875,147.7100067138672,142.1895294189453,8797400
2024-03-28,147.9199981689453,148.22999572753906,147.67999267578125,147.72999572753906,142.20877075195312,8090200
2024-04-01,147.63999938964844,147.72999572753906,145.94000244140625,146.47000122070312,140.995849609375,7378300
2024-04-02,144.49000549316406,144.64999389648438,143.44000244140625,144.19000244140625,138.8010711669922,10776400
2024-04-03,144.44000244140625,145.08999633789062,143.69000244140625,144.02999877929688,138.64706420898438,8453400
2024-04-04,144.92999267578125,145.02000427246094,141.8699951171875,141.9499969482422,136.64479064941406,12685700
2024-04-05,141.72999572753906,143.69000244140625,141.61000061035156,143.22000122070312,137.86732482910156,9073100
2024-04-08,143.11000061035156,143.11000061035156,142.5399932861328,142.75999450683594,137.4244842529297,9128200
2024-04-09,143.07000732421875,143.35000610351562,142.27999877929688,143.27000427246094,137.91546630859375,10534400
2024-04-10,141.83999633789062,142.24000549316406,141.10000610351562,141.58999633789062,136.29824829101562,13052700
2024-04-11,142.02000427246094,142.0500030517578,140.60000610351562,141.00999450683594,135.73989868164062,8153900
2024-04-12,140.27999877929688,140.2899932861328,138.4600067138672,138.91000366210938,133.71841430664062,13799400
2024-04-15,140.1199951171875,140.6300048828125,138.41000366210938,138.6300048828125,133.4488525390625,10383600
2024-04-16,139.8300018310547,139.8300018310547,138.58999633789062,138.67999267578125,133.4969940185547,10170500
2024-04-17,139.49000549316406,139.6199951171875,138.22000122070312,138.44000244140625,133.26597595214844,8480100
2024-04-18,138.52999877929688,139.25,138.2100067138672,138.42999267578125,133.25633239746094,8105800
2024-04-19,139.14999389648438,139.33999633789062,138.4499969482422,138.9499969482422,133.7569122314453,9668400
2024-04-22,139.3800048828125,140.58999633789062,138.92999267578125,139.47999572753906,134.26708984375,8531300
2024-04-23,140.82000732421875,141.55999755859375,140.17999267578125,141.3000030517578,136.01907348632812,8615500
2024-04-24,140.99000549316406,141.14999389648438,140.22000122070312,140.86000061035156,135.5955047607422,7378600
2024-04-25,140.77000427246094,141.0,139.1999969482422,139.9199981689453,134.69065856933594,9693300
2024-04-26,139.39999389648438,140.3300018310547,139.3000030517578,139.9600067138672,134.72914123535156,6013800
2024-04-29,140.1300048828125,140.8300018310547,139.72999572753906,140.42999267578125,135.1815948486328,6388600
2024-04-30,140.89999389648438,141.1999969482422,140.22999572753906,140.3300018310547,135.0853271484375,9677700
2024-05-01,139.7100067138672,141.83999633789062,139.5500030517578,140.5800018310547,135.3260040283203,10710200
2024-05-02,141.33999633789062,141.44000244140625,139.72000122070312,140.47999572753906,135.22970581054688,8425500
2024-05-03,141.08999633789062,141.22999572753906,140.10000610351562,140.8300018310547,135.56666564941406,8539300
2024-05-06,140.9499969482422,141.44000244140625,140.63999938964844,141.39999389648438,136.11532592773438,5605100
2024-05-07,141.72000122070312,142.6999969482422,141.6999969482422,142.57000732421875,137.24163818359375,7720600
2024-05-08,142.86000061035156,142.8800048828125,141.89999389648438,142.0800018310547,136.7699432373047,5461100
2024-05-09,142.25,143.3800048828125,142.22999572753906,143.3000030517578,137.9443359375,6821800
2024-05-10,143.49000549316406,144.08999633789062,143.38999938964844,143.58999633789062,138.22348022460938,6324900
2024-05-13,143.8800048828125,144.00999450683594,143.19000244140625,143.4499969482422,138.08871459960938,5351500
2024-05-14,143.64999389648438,144.1300048828125,143.11000061035156,144.05999755859375,138.67593383789062,6198700
2024-05-15,144.6999969482422,146.36000061035156,144.63999938964844,146.1999969482422,140.73594665527344,8433700
2024-05-16,145.88999938964844,146.44000244140625,145.6199951171875,146.02999877929688,140.572265625,6740800
2024-05-17,146.0,146.33999633789062,145.44000244140625,146.30999755859375,140.84181213378906,7071600
2024-05-20,146.16000366210938,146.36000061035156,145.69000244140625,146.0,140.5434112548828,3890000
2024-05-21,146.25999450683594,146.8800048828125,145.8800048828125,146.25,140.78407287597656,4048900
2024-05-22,145.86000061035156,146.9499969482422,145.77000427246094,146.50999450683594,141.03436279296875,6831200
2024-05-23,146.27000427246094,146.27999877929688,144.80999755859375,144.91000366210938,139.494140625,5155900
2024-05-24,145.10000610351562,145.3300018310547,144.3300018310547,144.4199981689453,139.0225067138672,3949500
2024-05-28,144.10000610351562,144.10000610351562,142.07000732421875,142.6699981689453,137.337890625,8375100
2024-05-29,141.4499969482422,141.72999572753906,140.9499969482422,141.55999755859375,136.2693634033203,6838200
2024-05-30,140.99000549316406,142.13999938964844,140.67999267578125,141.6300048828125,136.3367462158203,7395500
2024-05-31,142.0800018310547,143.77999877929688,141.91000366210938,143.6999969482422,138.32937622070312,7945900
2024-06-03,143.60000610351562,145.13999938964844,143.35000610351562,144.7100067138672,139.30165100097656,10303300
2024-06-04,144.5800018310547,145.52999877929688,144.0399932861328,145.1300048828125,139.70594787597656,6964200
2024-06-05,145.3000030517578,145.9499969482422,144.49000549316406,145.7899932861328,140.3412628173828,5373400
2024-06-06,145.67999267578125,146.5800018310547,145.17999267578125,146.27000427246094,140.8033447265625,5425800
2024-06-07,146.1300048828125,147.16000366210938,145.9600067138672,146.42999267578125,140.9573516845703,5222300
2024-06-10,146.1999969482422,147.00999450683594,145.6699981689453,146.97000122070312,141.4771728515625,5396700
2024-06-11,146.86000061035156,146.86000061035156,145.72999572753906,146.36000061035156,140.88998413085938,5194000
2024-06-12,146.99000549316406,147.0399932861328,145.6699981689453,146.0500030517578,140.59153747558594,6522700
2024-06-13,145.50999450683594,146.1699981689453,144.5800018310547,145.92999267578125,140.47604370117188,4720600
2024-06-14,145.6300048828125,145.9199981689453,145.02999877929688,145.8800048828125,140.4279022216797,4109600
2024-06-17,145.25999450683594,145.9600067138672,144.9600067138672,145.72999572753906,140.2834930419922,4542800
2024-06-18,145.88999938964844,146.39999389648438,145.60000610351562,145.9199981689453,140.46640014648438,4872600
2024-06-20,145.47000122070312,146.58999633789062,145.27000427246094,146.39999389648438,140.928466796875,6653600
2024-06-21,146.58999633789062,147.1199951171875,146.24000549316406,146.80999755859375,141.32315063476562,8535400
2024-06-24,146.8300018310547,147.61000061035156,146.4499969482422,147.08999633789062,142.14749145507812,6446100
2024-06-25,147.25999450683594,147.47000122070312,146.27999877929688,146.6300048828125,141.7029571533203,5171600
2024-06-26,146.3699951171875,146.6300048828125,145.77000427246094,146.11000061035156,141.200439453125,4572700
2024-06-27,146.22000122070312,146.27999877929688,145.02999877929688,145.8699951171875,140.96849060058594,4637900
2024-06-28,146.41000366210938,147.02000427246094,145.10000610351562,145.75,140.85255432128906,7656800
2024-07-01,146.0399932861328,147.49000549316406,144.64999389648438,144.92999267578125,140.06007385253906,6562000
2024-07-02,144.41000366210938,144.6199951171875,143.58999633789062,144.39999389648438,139.54786682128906,7536100
2024-07-03,144.66000366210938,144.6699981689453,142.72999572753906,143.3000030517578,138.48484802246094,7654000
2024-07-05,143.61000061035156,144.49000549316406,142.8800048828125,144.41000366210938,139.5575714111328,4846900
2024-07-08,144.57000732421875,144.97000122070312,143.8800048828125,144.25,139.40292358398438,4001500
2024-07-09,144.55999755859375,145.02999877929688,143.6999969482422,144.9499969482422,140.0793914794922,8336700
2024-07-10,145.11000061035156,146.33999633789062,144.7899932861328,146.32000732421875,141.40338134765625,5342300
2024-07-11,146.3300018310547,147.74000549316406,146.14999389648438,147.35000610351562,142.3987579345703,7690700
2024-07-12,147.85000610351562,148.88999938964844,147.74000549316406,148.27000427246094,143.28787231445312,6614600
2024-07-15,148.83999633789062,148.97999572753906,147.52999877929688,147.75,142.78530883789062,5804100
2024-07-16,148.63999938964844,149.88999938964844,148.30999755859375,149.86000061035156,144.8244171142578,7602500
2024-07-17,148.8300018310547,151.3300018310547,148.63999938964844,150.5399932861328,145.4815673828125,10395500
2024-07-18,149.5800018310547,150.55999755859375,146.86000061035156,147.1199951171875,142.17648315429688,11033400
2024-07-19,147.86000061035156,148.5800018310547,147.27999877929688,147.8699951171875,142.90126037597656,5985700
2024-07-22,148.6199951171875,148.99000549316406,147.8800048828125,148.72000122070312,143.72271728515625,5190200
2024-07-23,149.3300018310547,149.4199981689453,148.47000122070312,148.6300048828125,143.63575744628906,3553300
2024-07-24,148.7100067138672,150.05999755859375,148.2100067138672,149.8699951171875,144.8340606689453,6870400
2024-07-25,149.4199981689453,151.52999877929688,148.9600067138672,149.1199951171875,144.10926818847656,11472800
2024-07-26,149.10000610351562,150.92999267578125,149.00999450683594,149.9600067138672,144.9210662841797,6028800
2024-07-29,149.97999572753906,150.55999755859375,149.25999450683594,150.0500030517578,145.00804138183594,8227200
2024-07-30,150.0500030517578,151.11000061035156,149.11000061035156,150.17999267578125,145.1336669921875,7269400
2024-07-31,150.1199951171875,150.66000366210938,149.0500030517578,149.6300048828125,144.60214233398438,8417800
2024-08-01,150.39999389648438,151.3300018310547,149.49000549316406,151.16000366210938,146.0807342529297,10357700
2024-08-02,151.38999938964844,151.77000427246094,148.6199951171875,150.86000061035156,145.79080200195312,15742100
2024-08-05,148.5,148.7899932861328,146.19000244140625,146.8300018310547,141.896240234375,17575600
2024-08-06,147.4199981689453,149.3800048828125,146.9499969482422,147.50999450683594,142.5533905029297,13335600
2024-08-07,147.41000366210938,148.1199951171875,145.5399932861328,146.00999450683594,141.103759765625,11485000
2024-08-08,148.2899932861328,149.3699951171875,147.6199951171875,149.24000549316406,144.22528076171875,11479100
2024-08-09,149.5,150.36000061035156,149.17999267578125,149.97999572753906,144.9403839111328,8550400
2024-08-12,150.33999633789062,150.33999633789062,148.97999572753906,149.41000366210938,144.38954162597656,5044300
2024-08-13,150.0,151.3699951171875,149.8300018310547,151.22000122070312,146.1387176513672,4815700
2024-08-14,151.02999877929688,151.97999572753906,150.6699981689453,151.75999450683594,146.6605682373047,4837300
2024-08-15,152.4600067138672,152.9499969482422,151.75,152.7100067138672,147.5786590576172,5886800
2024-08-16,152.66000366210938,153.1199951171875,152.22999572753906,152.8699951171875,147.73326110839844,4562500
2024-08-19,152.8800048828125,153.94000244140625,152.7899932861328,153.8000030517578,148.63201904296875,4729600
2024-08-20,154.2100067138672,155.2100067138672,154.0500030517578,154.4199981689453,149.23118591308594,4878300
2024-08-21,154.74000549316406,155.0800018310547,154.13999938964844,154.67999267578125,149.48245239257812,5530100
2024-08-22,155.1999969482422,155.35000610351562,153.99000549316406,154.77999877929688,149.57908630371094,4951800
2024-08-23,155.19000244140625,155.55999755859375,154.63999938964844,155.4499969482422,150.2265625,4069400
2024-08-26,155.60000610351562,156.0800018310547,155.22000122070312,155.3699951171875,150.14927673339844,4433600
2024-08-27,155.52000427246094,156.0399932861328,155.05999755859375,155.61000061035156,150.38119506835938,3785400
2024-08-28,155.50999450683594,156.44000244140625,155.05999755859375,155.7899932861328,150.5551300048828,5150100
2024-08-29,156.41000366210938,156.8300018310547,155.4600067138672,156.1199951171875,150.87405395507812,4339200
2024-08-30,156.22999572753906,157.27999877929688,155.5500030517578,157.1999969482422,151.9177703857422,7020600
2024-09-03,156.8800048828125,157.83999633789062,156.47000122070312,156.89999389648438,151.6278533935547,7674900
2024-09-04,156.69000244140625,159.63999938964844,155.86000061035156,156.6300048828125,151.366943359375,8235500
2024-09-05,156.4600067138672,156.5500030517578,153.72999572753906,154.47999572753906,149.2891845703125,7245600
2024-09-06,155.02000427246094,155.66000366210938,153.6300048828125,153.9499969482422,148.7769775390625,7651800
2024-09-09,154.33999633789062,155.52000427246094,153.75,155.02999877929688,149.82069396972656,6169200
2024-09-10,155.24000549316406,155.85000610351562,154.66000366210938,155.74000549316406,150.50685119628906,7337200
2024-09-11,155.17999267578125,155.4600067138672,152.85000610351562,155.27999877929688,150.0623016357422,6636500
2024-09-12,155.24000549316406,155.97999572753906,153.7899932861328,155.83999633789062,150.6034698486328,4838100
2024-09-13,155.91000366210938,156.63999938964844,155.6999969482422,156.16000366210938,150.9127197265625,4358500
2024-09-16,156.97999572753906,157.58999633789062,156.6699981689453,157.24000549316406,151.95643615722656,4711900
2024-09-17,157.0500030517578,157.08999633789062,155.07000732421875,155.6199951171875,150.39085388183594,6280000
2024-09-18,155.49000549316406,156.97999572753906,154.75999450683594,155.36000061035156,150.1396026611328,7148900
2024-09-19,156.75999450683594,156.75999450683594,155.50999450683594,155.9199981689453,150.6807861328125,6717400
2024-09-20,155.41000366210938,155.97999572753906,154.89999389648438,155.27999877929688,150.0623016357422,8541600
2024-09-23,155.19000244140625,155.2100067138672,154.1199951171875,154.39999389648438,149.76837158203125,6416400
2024-09-24,154.3300018310547,154.38999938964844,153.36000061035156,154.08999633789062,149.46768188476562,5341600
2024-09-25,154.55999755859375,154.77999877929688,152.52999877929688,152.58999633789062,148.01266479492188,5940100
2024-09-26,152.49000549316406,153.2899932861328,152.22999572753906,153.10000610351562,148.50738525390625,6172900
2024-09-27,153.3000030517578,154.1999969482422,153.00999450683594,153.02000427246094,148.42979431152344,7312500
2024-09-30,152.80999755859375,154.05999755859375,152.5800018310547,154.02000427246094,149.39979553222656,7233800
2024-10-01,154.13999938964844,154.35000610351562,152.6300048828125,153.2100067138672,148.6140899658203,10560200
2024-10-02,153.02000427246094,153.3800048828125,151.8699951171875,152.89999389648438,148.31336975097656,7158400
2024-10-03,152.52000427246094,152.66000366210938,151.24000549316406,151.52000427246094,146.9747772216797,5551000
2024-10-04,151.75,152.02000427246094,150.8800048828125,151.63999938964844,147.0911865234375,6590100
2024-10-07,151.64999389648438,152.11000061035156,150.69000244140625,150.97000122070312,146.44125366210938,5922800
2024-10-08,151.3699951171875,152.02999877929688,151.24000549316406,151.7899932861328,147.23666381835938,4726600
2024-10-09,151.92999267578125,153.4600067138672,151.57000732421875,153.33999633789062,148.7401580810547,7840000
2024-10-10,153.33999633789062,153.4600067138672,152.39999389648438,152.77000427246094,148.18727111816406,4385500
2024-10-11,153.25,154.07000732421875,153.02999877929688,153.88999938964844,149.273681640625,9354000
2024-10-14,154.05999755859375,155.00999450683594,153.52999877929688,154.74000549316406,150.0981903076172,4819800
2024-10-15,152.6699981689453,154.58999633789062,152.50999450683594,152.85000610351562,148.26492309570312,9088600
2024-10-16,152.64999389648438,153.61000061035156,152.24000549316406,153.27999877929688,148.68199157714844,4510200
2024-10-17,152.77000427246094,153.02000427246094,152.2899932861328,152.38999938964844,147.81869506835938,5430000
2024-10-18,152.5,153.5,152.05999755859375,153.1300048828125,148.53648376464844,9823900
2024-10-21,152.72999572753906,153.13999938964844,151.17999267578125,151.3300018310547,146.7904815673828,4825900
2024-10-22,150.52999877929688,151.38999938964844,150.39999389648438,151.11000061035156,146.57708740234375,5166900
2024-10-23,150.6999969482422,150.92999267578125,149.60000610351562,150.39999389648438,145.88839721679688,4910200
2024-10-24,150.39999389648438,151.00999450683594,149.3699951171875,149.41000366210938,144.92807006835938,5066300
2024-10-25,149.9199981689453,150.0,148.4199981689453,148.58999633789062,144.13267517089844,5314500
2024-10-28,149.00999450683594,149.49000549316406,148.6199951171875,148.80999755859375,144.3460693359375,4923500
2024-10-29,148.7100067138672,149.32000732421875,148.3300018310547,148.39999389648438,143.9483642578125,7342600
2024-10-30,146.13999938964844,148.1699981689453,145.6199951171875,148.1199951171875,143.6767578125,9211800
2024-10-31,147.24000549316406,147.92999267578125,146.83999633789062,146.8699951171875,142.46424865722656,6701100
2024-11-01,147.44000244140625,148.47000122070312,147.42999267578125,147.74000549316406,143.3081817626953,6896900
2024-11-04,147.3800048828125,148.08999633789062,146.47999572753906,146.77000427246094,142.3672637939453,5985900
2024-11-05,146.47999572753906,147.88999938964844,145.94000244140625,147.85000610351562,143.4148712158203,5035300
2024-11-06,150.6699981689453,150.91000366210938,147.35000610351562,148.0399932861328,143.5991668701172,10685600
2024-11-07,148.92999267578125,149.2899932861328,148.2100067138672,149.11000061035156,144.63706970214844,9381600
2024-11-08,149.30999755859375,150.9499969482422,149.13999938964844,150.17999267578125,145.6749725341797,8701100
2024-11-11,149.85000610351562,150.60000610351562,149.0800018310547,149.3000030517578,144.82138061523438,6071900
2024-11-12,149.05999755859375,149.30999755859375,147.19000244140625,147.22000122070312,142.8037872314453,7022300
2024-11-13,147.16000366210938,147.60000610351562,146.67999267578125,146.8300018310547,142.4254608154297,5981200
2024-11-14,146.5800018310547,146.58999633789062,144.36000061035156,144.52000427246094,140.1847686767578,7936700
2024-11-15,143.72000122070312,143.85000610351562,141.57000732421875,141.83999633789062,137.5851287841797,14246100
2024-11-18,141.47000122070312,142.08999633789062,141.30999755859375,141.94000244140625,137.68215942382812,7933100
2024-11-19,140.64999389648438,141.61000061035156,140.25999450683594,141.2100067138672,136.97406005859375,6205800
2024-11-20,141.50999450683594,143.0800018310547,141.27999877929688,142.8800048828125,138.5939483642578,9328800
2024-11-21,142.8800048828125,144.22999572753906,142.13999938964844,144.02999877929688,139.70944213867188,7969600
2024-11-22,144.3300018310547,145.02000427246094,143.94000244140625,144.16000366210938,139.83555603027344,6330300
2024-11-25,144.80999755859375,145.85000610351562,144.7899932861328,145.38999938964844,141.02867126464844,6834300
2024-11-26,145.8300018310547,146.3300018310547,144.69000244140625,146.1699981689453,141.78526306152344,6018400
2024-11-27,146.30999755859375,147.75999450683594,146.30999755859375,146.9499969482422,142.5418701171875,5952800
2024-11-29,146.94000244140625,147.7899932861328,146.7100067138672,147.41000366210938,142.98805236816406,3521200
2024-12-02,147.32000732421875,147.3800048828125,146.38999938964844,147.14999389648438,142.73587036132812,6220800
2024-12-03,147.13999938964844,147.42999267578125,146.74000549316406,146.82000732421875,142.415771484375,4236200
2024-12-04,147.0800018310547,147.5800018310547,146.36000061035156,146.74000549316406,142.3381805419922,5597400
2024-12-05,146.08999633789062,146.25,144.8300018310547,145.10000610351562,140.7473907470703,8948700
2024-12-06,145.2899932861328,145.4600067138672,144.10000610351562,144.27999877929688,139.9519500732422,6545200
2024-12-09,144.4199981689453,145.08999633789062,143.9199981689453,144.6999969482422,140.35935974121094,6258600
2024-12-10,144.99000549316406,145.10000610351562,143.6199951171875,144.10000610351562,139.77735900878906,7200500
2024-12-11,143.52000427246094,143.63999938964844,142.10000610351562,142.13999938964844,137.8761749267578,6895000
2024-12-12,142.1699981689453,142.5399932861328,140.91000366210938,141.00999450683594,136.780029296875,5994200
2024-12-13,140.8300018310547,141.4499969482422,140.1300048828125,140.99000549316406,136.76065063476562,7599400
2024-12-16,140.8800048828125,141.64999389648438,139.1999969482422,139.30999755859375,135.13104248046875,9476600
2024-12-17,138.6999969482422,140.24000549316406,138.60000610351562,139.2100067138672,135.0340576171875,10280100
2024-12-18,139.1199951171875,140.0399932861328,137.22999572753906,137.32000732421875,133.2007598876953,14448100
2024-12-19,137.05999755859375,137.8000030517578,135.9499969482422,136.27999877929688,132.19192504882812,11929300
2024-12-20,137.49000549316406,139.2899932861328,137.0500030517578,138.0,133.8603515625,12098400
2024-12-23,137.60000610351562,138.9499969482422,136.99000549316406,138.75,135.19720458984375,8050500
2024-12-24,138.6300048828125,139.32000732421875,138.0399932861328,139.32000732421875,135.75262451171875,3139300
2024-12-26,138.8300018310547,139.72000122070312,138.67999267578125,139.60000610351562,136.0254364013672,4720300
2024-12-27,138.8300018310547,139.80999755859375,138.36000061035156,138.9499969482422,135.39208984375,5948000
2024-12-30,138.14999389648438,138.14999389648438,136.72999572753906,137.24000549316406,133.72589111328125,6890300
2024-12-31,137.5800018310547,138.1199951171875,136.7899932861328,137.57000732421875,134.04742431640625,6626900
2025-01-02,138.25999450683594,138.77000427246094,137.1199951171875,137.61000061035156,134.08639526367188,8973000
2025-01-03,137.88999938964844,139.35000610351562,137.74000549316406,138.9600067138672,135.40185546875,8288700
2025-01-06,138.89999389648438,140.0399932861328,138.55999755859375,139.02000427246094,135.46029663085938,8653300
2025-01-07,139.36000061035156,140.92999267578125,139.36000061035156,139.7100067138672,136.1326446533203,12639700
2025-01-08,139.97000122070312,140.63999938964844,138.69000244140625,140.42999267578125,136.83419799804688,7827400
2025-01-10,139.9499969482422,140.9499969482422,139.35000610351562,139.63999938964844,136.06442260742188,10343700
2025-01-13,139.7899932861328,141.82000732421875,139.6699981689453,141.4600067138672,137.8378448486328,9422200
2025-01-14,141.27000427246094,141.27000427246094,138.8800048828125,140.0,136.4152069091797,10277800
2025-01-15,140.38999938964844,141.24000549316406,139.77000427246094,140.57000732421875,136.97059631347656,11388400
2025-01-16,140.1300048828125,141.33999633789062,139.5800018310547,141.1300048828125,137.51626586914062,8512100
2025-01-17,140.94000244140625,141.39999389648438,140.17999267578125,140.17999267578125,136.59059143066406,7668100
2025-01-21,140.9199981689453,142.50999450683594,140.89999389648438,142.5,138.85121154785156,7257800
2025-01-22,141.8000030517578,142.6300048828125,141.1300048828125,142.17999267578125,138.53936767578125,8189900
2025-01-23,142.57000732421875,144.10000610351562,141.8699951171875,144.0800018310547,140.3907470703125,8032900
2025-01-24,143.44000244140625,144.61000061035156,143.27000427246094,144.30999755859375,140.61485290527344,8127900
2025-01-27,145.10000610351562,147.5800018310547,144.97000122070312,147.5500030517578,143.77188110351562,12311300
2025-01-28,147.5399932861328,147.74000549316406,146.47999572753906,146.52000427246094,142.7682647705078,9686400
2025-01-29,146.08999633789062,146.5800018310547,145.3000030517578,145.66000366210938,141.93026733398438,8159100
2025-01-30,146.25,147.75,146.24000549316406,147.33999633789062,143.5672607421875,7705200
2025-01-31,147.5800018310547,148.58999633789062,146.82000732421875,146.8699951171875,143.10928344726562,9211800
2025-02-03,145.97999572753906,148.16000366210938,145.94000244140625,147.44000244140625,143.66470336914062,13001500
2025-02-04,145.82000732421875,147.1999969482422,145.58999633789062,147.0399932861328,143.27493286132812,11762000
2025-02-05,147.39999389648438,148.72000122070312,147.10000610351562,148.4499969482422,144.64881896972656,10042300
2025-02-06,148.14999389648438,148.4600067138672,146.89999389648438,147.1199951171875,143.35287475585938,12422100
2025-02-07,147.3300018310547,147.9199981689453,146.32000732421875,146.42999267578125,142.68057250976562,11199700
2025-02-10,146.60000610351562,146.64999389648438,145.4600067138672,146.3000030517578,142.55389404296875,7374300
2025-02-11,145.8800048828125,146.32000732421875,145.44000244140625,146.02999877929688,142.29078674316406,6634900
2025-02-12,145.67999267578125,146.61000061035156,145.3699951171875,145.82000732421875,142.08619689941406,7572200
2025-02-13,146.11000061035156,146.7100067138672,145.16000366210938,146.38999938964844,142.64157104492188,6293100
2025-02-14,146.5,146.6999969482422,144.8000030517578,144.8000030517578,141.09230041503906,5299200
2025-02-18,143.9199981689453,144.88999938964844,143.83999633789062,144.52000427246094,140.8194580078125,11366800
2025-02-19,144.52999877929688,146.44000244140625,144.5,146.39999389648438,142.6513214111328,6295900
2025-02-20,146.19000244140625,147.3000030517578,146.10000610351562,147.22000122070312,143.45034790039062,6264800
2025-02-21,145.47999572753906,147.13999938964844,145.33999633789062,146.42999267578125,142.68057250976562,8647000
2025-02-24,146.58999633789062,148.22000122070312,146.27000427246094,147.6199951171875,143.840087890625,7559400
2025-02-25,147.89999389648438,149.08999633789062,147.41000366210938,148.88999938964844,145.07757568359375,11981300
2025-02-26,148.30999755859375,148.9499969482422,147.35000610351562,147.82000732421875,144.0349884033203,6566800
2025-02-27,147.5500030517578,148.91000366210938,147.16000366210938,147.22000122070312,143.45034790039062,7377000
2025-02-28,147.4600067138672,149.16000366210938,146.49000549316406,148.92999267578125,145.1165313720703,8453700
2025-03-03,149.02000427246094,150.32000732421875,148.9600067138672,149.5800018310547,145.74990844726562,9459300
2025-03-04,149.7899932861328,150.07000732421875,147.97000122070312,148.19000244140625,144.3955078125,10804700
2025-03-05,147.52000427246094,149.91000366210938,147.24000549316406,149.67999267578125,145.84732055664062,7597700
2025-03-06,149.0,149.47999572753906,147.92999267578125,149.27000427246094,145.44784545898438,7122200
2025-03-07,148.66000366210938,150.27999877929688,148.4499969482422,149.27999877929688,145.4575653076172,8532400
2025-03-10,148.1199951171875,149.91000366210938,147.33999633789062,147.6699981689453,143.88880920410156,13577800
2025-03-11,147.67999267578125,147.88999938964844,145.2899932861328,146.05999755859375,142.32003784179688,9411600
2025-03-12,145.72999572753906,145.99000549316406,144.1199951171875,144.60000610351562,140.89744567871094,7141100
2025-03-13,144.66000366210938,145.07000732421875,143.49000549316406,143.8300018310547,140.14715576171875,8041600
2025-03-14,143.92999267578125,145.14999389648438,143.41000366210938,144.92999267578125,141.21897888183594,6761200
2025-03-17,144.72000122070312,147.11000061035156,144.72000122070312,146.77000427246094,143.01187133789062,6017300
2025-03-18,146.82000732421875,147.05999755859375,146.0399932861328,146.83999633789062,143.08006286621094,5528000
2025-03-19,146.9499969482422,147.30999755859375,145.89999389648438,146.9199981689453,143.1580352783203,6156200
2025-03-20,146.94000244140625,147.63999938964844,146.50999450683594,147.00999450683594,143.24571228027344,8033800
2025-03-21,146.5800018310547,146.86000061035156,145.72999572753906,146.60000610351562,142.84620666503906,7635300
2025-03-24,146.4199981689453,147.38999938964844,146.11000061035156,147.14999389648438,143.93685913085938,6500600
2025-03-25,147.5,147.58999633789062,144.35000610351562,145.27000427246094,142.09793090820312,6502000
2025-03-26,145.3800048828125,145.97000122070312,144.38999938964844,144.74000549316406,141.57948303222656,8758600
2025-03-27,144.52000427246094,145.4199981689453,144.4600067138672,144.97000122070312,141.80447387695312,6264300
2025-03-28,144.85000610351562,145.24000549316406,144.4499969482422,144.52000427246094,141.36428833007812,6210500
2025-03-31,143.7899932861328,146.6199951171875,143.47999572753906,146.00999450683594,142.82174682617188,8085600
2025-04-01,145.47999572753906,145.47999572753906,142.89999389648438,143.33999633789062,140.2100372314453,9906100
2025-04-02,142.77000427246094,144.39999389648438,142.19000244140625,144.3000030517578,141.14907836914062,6392700
2025-04-03,143.75999450683594,145.19000244140625,143.0500030517578,143.1300048828125,140.004638671875,10990600
2025-04-04,141.13999938964844,141.7100067138672,135.22999572753906,135.27999877929688,132.32606506347656,21341100
2025-04-07,131.7100067138672,137.3699951171875,129.66000366210938,134.47000122070312,131.53375244140625,29940300
2025-04-08,139.42999267578125,139.44000244140625,131.27999877929688,132.97999572753906,130.07627868652344,20860400
2025-04-09,130.1300048828125,139.24000549316406,129.67999267578125,138.75999450683594,135.7300567626953,39444700
2025-04-10,137.6999969482422,137.74000549316406,131.3300018310547,134.88999938964844,131.944580078125,21957400
2025-04-11,135.14999389648438,137.75999450683594,133.64999389648438,136.8699951171875,133.88133239746094,10755600
2025-04-14,138.2100067138672,139.0399932861328,136.9600067138672,138.5399932861328,135.51487731933594,7437200
2025-04-15,139.0,139.0399932861328,137.2899932861328,137.69000244140625,134.68344116210938,6239000
2025-04-16,138.1199951171875,138.6199951171875,135.63999938964844,136.2899932861328,133.31398010253906,8150700
2025-04-17,135.33999633789062,136.57000732421875,135.10000610351562,135.49000549316406,132.53147888183594,9662800
2025-04-21,135.19000244140625,135.36000061035156,131.55999755859375,132.57000732421875,129.6752471923828,6456000
2025-04-22,133.63999938964844,135.27999877929688,133.13999938964844,135.05999755859375,132.11085510253906,8012500
2025-04-23,136.5399932861328,137.92999267578125,135.1300048828125,135.72999572753906,132.76622009277344,9503200
2025-04-24,135.9499969482422,137.5399932861328,135.1199951171875,137.38999938964844,134.3899688720703,5433000
2025-04-25,137.58999633789062,138.1999969482422,135.8800048828125,138.0500030517578,135.0355682373047,6438400
2025-04-28,138.24000549316406,139.0399932861328,137.39999389648438,138.60000610351562,135.5735626220703,5803300
2025-04-29,138.4199981689453,139.97000122070312,137.72999572753906,139.27999877929688,136.23870849609375,7811900
2025-04-30,139.5500030517578,140.7899932861328,138.25999450683594,140.47000122070312,137.40272521972656,6827800
2025-05-01,138.80999755859375,139.11000061035156,136.47000122070312,136.63999938964844,133.65635681152344,10363200
2025-05-02,138.7899932861328,139.00999450683594,137.5500030517578,138.52999877929688,135.50509643554688,9777000
2025-05-05,138.25,138.67999267578125,137.5800018310547,138.13999938964844,135.1236114501953,5479700
2025-05-06,137.1300048828125,137.19000244140625,133.97000122070312,134.3300018310547,131.3968048095703,11625900
2025-05-07,134.75,135.75,134.39999389648438,135.36000061035156,132.40431213378906,6417500
2025-05-08,134.41000366210938,135.3300018310547,133.69000244140625,134.13999938964844,131.2109375,10558100
2025-05-09,134.30999755859375,134.77000427246094,132.6199951171875,132.67999267578125,129.78282165527344,7555200
2025-05-12,132.8800048828125,136.1300048828125,132.63999938964844,135.9600067138672,132.99122619628906,15211100
2025-05-13,133.94000244140625,133.94000244140625,131.8300018310547,131.8699951171875,128.9905242919922,17817000
2025-05-14,132.27999877929688,132.5500030517578,128.67999267578125,128.77000427246094,125.95821380615234,19579500
2025-05-15,128.47000122070312,130.5399932861328,127.3499984741211,130.4600067138672,127.61132049560547,18792700
2025-05-16,130.6999969482422,133.13999938964844,130.30999755859375,133.08999633789062,130.18386840820312,12901800
2025-05-19,133.02000427246094,134.44000244140625,132.64999389648438,134.3699951171875,131.43589782714844,11645200
2025-05-20,134.39999389648438,135.08999633789062,134.19000244140625,134.6999969482422,131.75872802734375,11644500
2025-05-21,133.55999755859375,134.13999938964844,131.52000427246094,131.5800018310547,128.70684814453125,16635900
2025-05-22,130.6300048828125,131.24000549316406,129.97999572753906,130.5500030517578,127.6993408203125,12722600
2025-05-23,129.92999267578125,130.60000610351562,129.5500030517578,130.33999633789062,127.4939193725586,9127100
2025-05-27,131.42999267578125,132.38999938964844,131.16000366210938,132.16000366210938,129.274169921875,12304000
2025-05-28,132.11000061035156,132.5800018310547,131.1300048828125,131.47999572753906,128.6090087890625,11087500
2025-05-29,131.67999267578125,132.75999450683594,131.2899932861328,132.36000061035156,129.46981811523438,10670300
2025-05-30,132.07000732421875,133.33999633789062,130.8800048828125,132.63999938964844,129.74368286132812,11651300
2025-06-02,132.3000030517578,132.77999877929688,131.11000061035156,132.72000122070312,129.82196044921875,11845000
2025-06-03,132.3699951171875,133.52000427246094,131.72999572753906,133.02999877929688,130.12518310546875,14304300
2025-06-04,133.42999267578125,134.3300018310547,133.2899932861328,133.2899932861328,130.37950134277344,9986100
2025-06-05,133.6199951171875,133.91000366210938,132.57000732421875,133.11000061035156,130.20343017578125,13705000
2025-06-06,133.80999755859375,134.83999633789062,133.7899932861328,134.3800048828125,131.44570922851562,9153500
2025-06-09,134.35000610351562,134.80999755859375,133.38999938964844,134.14999389648438,131.22073364257812,9976600
2025-06-10,134.27000427246094,136.08999633789062,134.25,135.67999267578125,132.71731567382812,11488000
2025-06-11,135.7100067138672,136.57000732421875,135.33999633789062,135.75,132.78578186035156,13644000
2025-06-12,135.75999450683594,136.83999633789062,135.49000549316406,136.80999755859375,133.82264709472656,9809500
2025-06-13,136.05999755859375,137.3300018310547,135.67999267578125,136.1300048828125,133.15750122070312,13722800
2025-06-16,136.4199981689453,136.8300018310547,135.0800018310547,135.7100067138672,132.74667358398438,14171000
2025-06-17,135.10000610351562,135.41000366210938,133.2899932861328,133.47000122070312,130.5555877685547,13506000
2025-06-18,133.47999572753906,134.1199951171875,132.49000549316406,133.24000549316406,130.33059692382812,12185300
2025-06-20,133.6999969482422,133.8000030517578,132.41000366210938,132.60000610351562,129.70458984375,13744900
2025-06-23,132.05999755859375,132.74000549316406,130.97999572753906,132.16000366210938,129.8913116455078,14181600
2025-06-24,132.50999450683594,134.0800018310547,132.0,133.77999877929688,131.48348999023438,11272900
2025-06-25,133.52000427246094,134.2899932861328,132.77000427246094,133.89999389648438,131.6014404296875,11996400
2025-06-26,134.17999267578125,135.16000366210938,133.75,134.22000122070312,131.9159393310547,13177700
2025-06-27,134.32000732421875,135.1300048828125,133.6999969482422,133.92999267578125,131.6309356689453,13818500
2025-06-30,133.89999389648438,134.9499969482422,133.8000030517578,134.7899932861328,132.47616577148438,12407700
2025-07-01,134.5800018310547,137.75999450683594,134.4600067138672,136.7100067138672,134.3632049560547,21204300
2025-07-02,136.02999877929688,136.2899932861328,135.24000549316406,135.36000061035156,133.036376953125,13720400
2025-07-03,135.5500030517578,135.89999389648438,135.1699981689453,135.5,133.17398071289062,7282700
2025-07-07,135.4499969482422,135.4499969482422,133.64999389648438,134.36000061035156,132.0535430908203,14052300
2025-07-08,134.25999450683594,136.22000122070312,134.00999450683594,134.97000122070312,132.653076171875,19485900
2025-07-09,135.25,135.9199981689453,134.4199981689453,135.49000549316406,133.16416931152344,13963900
2025-07-10,135.50999450683594,137.6300048828125,135.0,136.32000732421875,133.9799041748047,17668300
2025-07-11,135.8800048828125,135.8800048828125,134.35000610351562,135.19000244140625,132.8693084716797,14246600
2025-07-14,134.64999389648438,135.30999755859375,134.39999389648438,135.02999877929688,132.7120361328125,11095400
2025-07-15,135.22999572753906,135.47000122070312,132.47000122070312,132.60000610351562,130.3237762451172,17095600
2025-07-16,133.13999938964844,134.4199981689453,133.0,134.25,131.9454345703125,14142100
2025-07-17,133.2899932861328,133.67999267578125,132.27999877929688,132.72000122070312,130.4416961669922,15740900
2025-07-18,133.07000732421875,133.24000549316406,131.66000366210938,131.83999633789062,129.57679748535156,13245500
2025-07-21,131.91000366210938,132.32000732421875,131.02999877929688,131.08999633789062,128.83969116210938,9468700
2025-07-22,131.30999755859375,133.80999755859375,131.30999755859375,133.52999877929688,131.23779296875,16681900
2025-07-23,135.25999450683594,136.32000732421875,134.8000030517578,136.27000427246094,133.93075561523438,16624000
2025-07-24,136.1300048828125,136.92999267578125,135.5399932861328,135.75999450683594,133.42950439453125,11054800
2025-07-25,136.25,136.6999969482422,135.74000549316406,136.47999572753906,134.13714599609375,9539900
2025-07-28,136.13999938964844,136.38999938964844,134.92999267578125,135.2899932861328,132.96759033203125,9780300
2025-07-29,133.89999389648438,135.10000610351562,132.94000244140625,134.42999267578125,132.12234497070312,14967600
2025-07-30,134.8800048828125,135.19000244140625,133.63999938964844,134.19000244140625,131.88645935058594,11634600
2025-07-31,133.02000427246094,133.7899932861328,129.97999572753906,130.42999267578125,128.19100952148438,26441600
2025-08-01,130.6999969482422,131.39999389648438,129.86000061035156,131.1300048828125,128.87901306152344,20736200
2025-08-04,131.38999938964844,133.07000732421875,131.36000061035156,133.00999450683594,130.72671508789062,11331000
2025-08-05,132.4499969482422,132.9499969482422,132.0399932861328,132.5,130.22547912597656,14319200
2025-08-06,131.94000244140625,132.0500030517578,130.35000610351562,130.50999450683594,128.26963806152344,14342800
2025-08-07,129.77000427246094,130.24000549316406,127.95999908447266,129.00999450683594,126.79537963867188,24421900
2025-08-08,129.22999572753906,130.44000244140625,129.22999572753906,130.16000366210938,127.92564392089844,13747100
2025-08-11,130.2899932861328,131.32000732421875,130.13999938964844,130.2899932861328,128.05340576171875,14474000
2025-08-12,130.33999633789062,131.22999572753906,130.1300048828125,131.19000244140625,128.93795776367188,17219500
2025-08-13,131.82000732421875,133.3699951171875,131.64999389648438,133.2899932861328,131.0019073486328,15069900
2025-08-14,133.05999755859375,134.10000610351562,132.41000366210938,133.9600067138672,131.66041564941406,15464000
2025-08-15,135.47999572753906,136.60000610351562,135.17999267578125,136.2100067138672,133.8717803955078,13929600
2025-08-18,136.52999877929688,137.19000244140625,135.82000732421875,135.88999938964844,133.55728149414062,12572000
2025-08-19,135.8699951171875,137.22000122070312,135.77999877929688,136.75999450683594,134.41233825683594,13578200
2025-08-20,137.00999450683594,138.2100067138672,137.00999450683594,137.5,135.1396484375,14607000
2025-08-21,137.2100067138672,138.4600067138672,136.94000244140625,137.0399932861328,134.6875457763672,13218900
2025-08-22,137.8000030517578,139.02000427246094,137.8000030517578,138.1699981689453,135.7981414794922,11898600
2025-08-25,138.13999938964844,138.25999450683594,136.10000610351562,136.1999969482422,133.86195373535156,10681000
2025-08-26,136.58999633789062,137.1699981689453,136.33999633789062,137.0500030517578,134.69737243652344,11397500
2025-08-27,136.99000549316406,137.7100067138672,136.72999572753906,136.97000122070312,134.61874389648438,8321700
2025-08-28,136.8300018310547,136.85000610351562,135.75999450683594,136.42999267578125,134.08799743652344,9165700
2025-08-29,136.5399932861328,137.47000122070312,136.3699951171875,137.42999267578125,135.0708465576172,9655700
2025-09-02,136.88999938964844,137.74000549316406,136.4600067138672,137.55999755859375,135.1986083984375,13325300
2025-09-03,137.11000061035156,137.75999450683594,136.24000549316406,136.91000366210938,134.5597686767578,12586000
2025-09-04,136.8000030517578,137.47000122070312,136.0800018310547,137.42999267578125,135.0708465576172,11778600
2025-09-05,137.27999877929688,138.3800048828125,137.0500030517578,137.89999389648438,135.53277587890625,14664000
2025-09-08,137.4600067138672,137.8699951171875,136.3699951171875,137.85000610351562,135.48365783691406,15753300
2025-09-09,138.05999755859375,138.97000122070312,137.72000122070312,138.58999633789062,136.2109375,12249600
2025-09-10,138.50999450683594,138.50999450683594,136.80999755859375,137.3300018310547,134.97256469726562,13588300
2025-09-11,138.0399932861328,140.0,137.88999938964844,139.72000122070312,137.32154846191406,16470800
2025-09-12,139.22999572753906,139.80999755859375,138.10000610351562,138.11000061035156,135.73916625976562,11345400
2025-09-15,138.25999450683594,138.5399932861328,136.66000366210938,136.92999267578125,134.5794219970703,11233800
2025-09-16,136.66000366210938,137.38999938964844,136.5399932861328,136.92999267578125,134.5794219970703,12443800
2025-09-17,137.1300048828125,138.2899932861328,136.83999633789062,137.1999969482422,134.8448028564453,12501500
2025-09-18,137.1999969482422,137.94000244140625,136.88999938964844,137.47000122070312,135.1101531982422,11472900
2025-09-19,137.82000732421875,137.89999389648438,137.17999267578125,137.2899932861328,134.93324279785156,11280900
2025-09-22,136.19000244140625,137.25999450683594,135.88999938964844,136.6300048828125,134.89869689941406,9732700
2025-09-23,136.25999450683594,137.35000610351562,136.14999389648438,136.94000244140625,135.20477294921875,9903000
2025-09-24,136.82000732421875,137.05999755859375,136.16000366210938,136.38999938964844,134.6617431640625,7471600
2025-09-25,136.1300048828125,136.17999267578125,133.72999572753906,134.1300048828125,132.43038940429688,14099700
2025-09-26,135.14999389648438,135.6199951171875,134.63999938964844,135.5,133.7830047607422,10071000
2025-09-29,135.67999267578125,135.97000122070312,134.74000549316406,135.89999389648438,134.1779327392578,7735700
2025-09-30,135.75999450683594,139.5,135.6699981689453,139.1699981689453,137.40650939941406,19313500
2025-10-01,139.8000030517578,143.72999572753906,139.60000610351562,143.47000122070312,141.6520233154297,23657900
2025-10-02,142.14999389648438,143.57000732421875,142.14999389648438,143.19000244140625,141.3755645751953,15176200
2025-10-03,143.57000732421875,146.13999938964844,143.55999755859375,144.82000732421875,142.98492431640625,15829200
2025-10-06,144.89999389648438,145.05999755859375,143.97000122070312,144.1199951171875,142.29379272460938,12879900
2025-10-07,144.1199951171875,144.66000366210938,143.27999877929688,144.22999572753906,142.4023895263672,12478700
2025-10-08,144.60000610351562,144.97000122070312,144.02000427246094,144.50999450683594,142.6788330078125,8925800
2025-10-09,144.77999877929688,145.25,143.9600067138672,144.19000244140625,142.3629150390625,7657000
2025-10-10,144.61000061035156,144.74000549316406,141.94000244140625,142.11000061035156,140.30926513671875,13350100
2025-10-13,141.72999572753906,142.94000244140625,141.6300048828125,141.9499969482422,140.15127563476562,8257500
2025-10-14,141.60000610351562,142.86000061035156,141.0500030517578,142.33999633789062,140.5363311767578,10044700
2025-10-15,142.02000427246094,143.25,141.36000061035156,142.55999755859375,140.75355529785156,7260600
2025-10-16,142.85000610351562,143.63999938964844,141.9600067138672,142.32000732421875,140.5166015625,11194100
2025-10-17,141.5800018310547,143.4199981689453,141.38999938964844,143.27000427246094,141.45455932617188,8160300
2025-10-20,143.72000122070312,144.99000549316406,143.55999755859375,144.7899932861328,142.95529174804688,8435900
2025-10-21,145.0500030517578,145.6300048828125,144.33999633789062,145.1300048828125,143.29100036621094,9031800
2025-10-22,146.2100067138672,146.72999572753906,145.5399932861328,145.9600067138672,144.1104736328125,12705300
2025-10-23,145.52000427246094,146.50999450683594,145.3699951171875,146.0399932861328,144.189453125,7924900
2025-10-24,146.2899932861328,146.75999450683594,145.8800048828125,146.02999877929688,144.17958068847656,7007400
2025-10-27,146.08999633789062,146.4499969482422,145.22000122070312,146.3699951171875,144.51527404785156,6466700
2025-10-28,146.41000366210938,146.5399932861328,145.19000244140625,145.4499969482422,143.60691833496094,8652700
2025-10-29,145.22000122070312,145.4499969482422,143.57000732421875,143.97999572753906,142.1555633544922,12425600
2025-10-30,143.9600067138672,145.4499969482422,143.77000427246094,144.3000030517578,142.4715118408203,10756100
2025-10-31,143.02000427246094,144.49000549316406,142.6999969482422,144.25,142.42213439941406,10581100
2025-11-03,144.07000732421875,144.55999755859375,142.8300018310547,144.4499969482422,142.61959838867188,12279300
2025-11-04,143.77000427246094,145.49000549316406,143.49000549316406,145.10000610351562,143.26138305664062,14182200
2025-11-05,144.6300048828125,146.25999450683594,144.3800048828125,145.66000366210938,143.8142852783203,13154600
2025-11-06,145.13999938964844,146.11000061035156,144.94000244140625,145.94000244140625,144.09071350097656,14395800
2025-11-07,145.83999633789062,146.14999389648438,144.72000122070312,146.13999938964844,144.28819274902344,14522900
2025-11-10,145.7899932861328,147.42999267578125,145.72000122070312,147.27999877929688,145.41372680664062,12305900
2025-11-11,147.60000610351562,150.82000732421875,147.60000610351562,150.67999267578125,148.77064514160156,12659500
2025-11-12,150.99000549316406,153.16000366210938,150.72000122070312,152.82000732421875,150.88356018066406,17847500
2025-11-13,152.0399932861328,154.52000427246094,151.86000061035156,152.74000549316406,150.8045654296875,21807600
2025-11-14,152.22000122070312,152.9199981689453,151.19000244140625,151.8300018310547,149.90609741210938,15468900
2025-11-17,151.33999633789062,153.32000732421875,151.13999938964844,151.6999969482422,149.77774047851562,17516500
2025-11-18,151.75,153.1300048828125,151.14999389648438,152.58999633789062,150.6564483642578,24494200
2025-11-19,152.47999572753906,152.92999267578125,151.57000732421875,152.3300018310547,150.39974975585938,17352600
2025-11-20,152.49000549316406,153.33999633789062,151.1199951171875,151.4199981689453,149.50128173828125,25278500
2025-11-21,151.7899932861328,155.7100067138672,151.7100067138672,154.61000061035156,152.65086364746094,25526100
2025-11-24,155.13999938964844,156.16000366210938,154.47999572753906,155.25999450683594,153.29261779785156,17928400
2025-11-25,155.77000427246094,158.88999938964844,155.77000427246094,158.77000427246094,156.75814819335938,17298600
2025-11-26,158.4199981689453,158.9499969482422,158.16000366210938,158.4199981689453,156.41259765625,12398900
2025-11-28,158.1999969482422,158.25,157.16000366210938,157.64999389648438,155.65232849121094,8559700
2025-12-01,157.0399932861328,157.86000061035156,155.17999267578125,155.2899932861328,153.32223510742188,17321200
2025-12-02,155.25,155.47000122070312,154.13999938964844,154.36000061035156,152.40402221679688,16150300
2025-12-03,154.6699981689453,155.77999877929688,154.66000366210938,155.0800018310547,153.1149139404297,12724800
2025-12-04,155.0,155.02999877929688,153.3699951171875,153.89999389648438,151.94984436035156,13674600
2025-12-05,154.4499969482422,154.6300048828125,152.9600067138672,153.25999450683594,151.31796264648438,8868700
2025-12-08,153.35000610351562,153.4199981689453,151.1999969482422,151.42999267578125,149.5111541748047,10996000
2025-12-09,152.0,152.67999267578125,149.85000610351562,149.9600067138672,148.05979919433594,11543300
2025-12-10,150.3800048828125,152.17999267578125,149.8699951171875,152.13999938964844,150.212158203125,15534800
2025-12-11,152.75999450683594,154.3000030517578,152.25999450683594,153.5800018310547,151.63392639160156,14703000
2025-12-12,153.75,154.55999755859375,153.41000366210938,154.05999755859375,152.10781860351562,13175500
2025-12-15,154.47000122070312,156.30999755859375,154.44000244140625,156.10000610351562,154.12197875976562,14681800
2025-12-16,156.0399932861328,156.1199951171875,153.08999633789062,154.07000732421875,152.1177215576172,12491300
2025-12-17,154.22999572753906,154.77999877929688,153.6699981689453,153.7899932861328,151.8412322998047,9093300
2025-12-18,153.75,155.17999267578125,153.67999267578125,153.91000366210938,151.95973205566406,8876400
2025-12-19,153.9199981689453,155.77000427246094,153.9199981689453,154.94000244140625,152.9766845703125,8571500
2025-12-22,154.14999389648438,155.3699951171875,153.8000030517578,155.3000030517578,153.98507690429688,7063700
2025-12-23,154.69000244140625,155.66000366210938,154.63999938964844,154.99000549316406,153.67770385742188,7465800
2025-12-24,155.1699981689453,155.94000244140625,155.14999389648438,155.8000030517578,154.4808349609375,3085700
2025-12-26,155.69000244140625,156.1199951171875,155.35000610351562,156.0500030517578,154.72872924804688,4439100
2025-12-29,156.07000732421875,156.49000549316406,155.67999267578125,155.80999755859375,154.49075317382812,6357300
2025-12-30,155.66000366210938,155.97999572753906,155.1999969482422,155.67999267578125,154.36184692382812,4355000
2025-12-31,155.60000610351562,155.83999633789062,154.77000427246094,154.8000030517578,153.4893035888672,4199500
2026-01-02,154.8699951171875,155.57000732421875,153.5800018310547,155.50999450683594,154.1932830810547,10998000
2026-01-05,154.58999633789062,155.38999938964844,152.97000122070312,155.0399932861328,153.7272491455078,17756200
2026-01-06,155.13999938964844,158.3300018310547,155.13999938964844,158.08999633789062,156.75144958496094,17783800
2026-01-07,158.5399932861328,160.58999633789062,158.5399932861328,159.66000366210938,158.3081512451172,14505700
2026-01-08,159.14999389648438,160.5,157.61000061035156,158.1199951171875,156.78118896484375,17611000
2026-01-09,158.3300018310547,158.92999267578125,157.25999450683594,157.30999755859375,155.97804260253906,12352000
2026-01-12,157.3300018310547,157.5,156.00999450683594,157.3800048828125,156.04745483398438,12250100
2026-01-13,157.64999389648438,157.6699981689453,155.74000549316406,156.74000549316406,155.41287231445312,11756500
2026-01-14,156.61000061035156,157.99000549316406,156.47999572753906,157.86000061035156,156.5233917236328,13516800
2026-01-15,157.30999755859375,157.4499969482422,155.3699951171875,156.9600067138672,155.6310272216797,15303400
2026-01-16,156.63999938964844,156.97000122070312,155.7100067138672,155.74000549316406,154.4213409423828,11950300
2026-01-20,154.0,155.9199981689453,153.22999572753906,155.39999389648438,154.08421325683594,12775200
2026-01-21,155.1999969482422,158.50999450683594,155.14999389648438,158.25999450683594,156.9199981689453,16393900
2026-01-22,157.64999389648438,159.22999572753906,157.5,158.2899932861328,156.94973754882812,10881400
2026-01-23,157.8000030517578,158.3800048828125,156.66000366210938,157.47999572753906,156.1466064453125,10191300
2026-01-26,157.3699951171875,158.3300018310547,156.89999389648438,158.10000610351562,156.76136779785156,6810400
2026-01-27,155.8000030517578,157.08999633789062,155.13999938964844,155.4499969482422,154.1337890625,12697500
2026-01-28,154.3000030517578,155.14999389648438,153.47000122070312,154.30999755859375,153.00343322753906,11426600
2026-01-29,154.25,154.6699981689453,153.5,153.82000732421875,152.51759338378906,12167300
2026-01-30,154.1199951171875,154.92999267578125,153.2899932861328,154.74000549316406,153.42982482910156,11863900
2026-02-02,154.5800018310547,156.00999450683594,154.39999389648438,155.69000244140625,154.37176513671875,11005300
2026-02-03,154.77999877929688,157.1199951171875,153.85000610351562,154.10000610351562,152.7952423095703,21141900
2026-02-04,154.80999755859375,156.77999877929688,154.22999572753906,156.02999877929688,154.70889282226562,22951600
2026-02-05,155.4600067138672,156.97000122070312,154.67999267578125,154.83999633789062,153.52896118164062,21421600
2026-02-06,156.0399932861328,157.8000030517578,155.91000366210938,157.7100067138672,156.37466430664062,13616200
2026-02-09,157.57000732421875,158.14999389648438,156.02999877929688,156.32000732421875,154.99644470214844,11823000
2026-02-10,156.66000366210938,157.16000366210938,155.24000549316406,155.3300018310547,154.0148162841797,11103400
2026-02-11,155.17999267578125,156.3800048828125,154.3800048828125,156.25,154.92701721191406,11738400
2026-02-12,156.2100067138672,157.4199981689453,155.47999572753906,156.0,154.67913818359375,19409100
2026-02-13,156.52000427246094,158.8000030517578,156.52000427246094,157.6699981689453,156.3350067138672,16647900
2026-02-17,158.02999877929688,158.91000366210938,157.1300048828125,157.3699951171875,156.03753662109375,14881100
2026-02-18,157.1999969482422,157.8000030517578,156.47999572753906,157.6699981689453,156.3350067138672,11886300
2026-02-19,157.1999969482422,157.72000122070312,156.19000244140625,157.25999450683594,155.928466796875,11226900
2026-02-20,157.0,157.25,155.8699951171875,156.82000732421875,155.49220275878906,13368500
2026-02-23,157.1300048828125,158.67999267578125,157.1300048828125,158.5399932861328,157.1976318359375,17053500
2026-02-24,158.00999450683594,158.5,157.30999755859375,157.8699951171875,156.53329467773438,12887100
2026-02-25,157.8699951171875,159.22999572753906,157.6199951171875,157.8300018310547,156.49365234375,11011500
2026-02-26,158.07000732421875,158.1699981689453,156.08999633789062,157.4199981689453,156.08712768554688,15344400
2026-02-27,156.74000549316406,160.24000549316406,156.7100067138672,160.1999969482422,158.8435821533203,14250100
2026-03-02,159.19000244140625,159.83999633789062,157.99000549316406,158.52999877929688,157.18771362304688,18641400
2026-03-03,156.66000366210938,157.38999938964844,155.0,156.74000549316406,155.41287231445312,21432600
2026-03-04,156.74000549316406,157.5800018310547,155.6699981689453,157.0500030517578,155.7202606201172,12745700
2026-03-05,155.1300048828125,155.6999969482422,152.72000122070312,153.91000366210938,152.60684204101562,20476400
2026-03-06,152.77999877929688,152.99000549316406,150.9499969482422,152.6999969482422,151.40708923339844,18174000
2026-03-09,151.77999877929688,154.5500030517578,151.1300048828125,154.25999450683594,152.95387268066406,18675700
2026-03-10,154.41000366210938,154.5399932861328,153.00999450683594,153.14999389648438,151.85325622558594,17247500
2026-03-11,152.83999633789062,153.16000366210938,151.94000244140625,152.85000610351562,151.5558319091797,12503800
2026-03-12,151.9499969482422,152.49000549316406,150.02999877929688,150.16000366210938,148.8885955810547,15670500
2026-03-13,151.0399932861328,152.3000030517578,149.6699981689453,149.7899932861328,148.52171325683594,15129300
2026-03-16,150.75,151.72999572753906,150.3800048828125,151.00999450683594,149.73138427734375,10896600
2026-03-17,151.22000122070312,151.85000610351562,149.5399932861328,149.63999938964844,148.37298583984375,11938600
2026-03-18,148.72000122070312,149.0500030517578,147.00999450683594,147.13999938964844,145.8941650390625,15565400
2026-03-19,147.13999938964844,148.08999633789062,146.3000030517578,146.61000061035156,145.36863708496094,16913000
2026-03-20,146.47999572753906,147.02000427246094,144.66000366210938,145.3300018310547,144.0994873046875,16582200
2026-03-23,146.55999755859375,146.77000427246094,144.60000610351562,144.77000427246094,144.13433837890625,21815400
2026-03-24,143.9499969482422,145.3000030517578,143.3800048828125,144.7899932861328,144.15423583984375,24230900
2026-03-25,145.69000244140625,146.69000244140625,145.35000610351562,146.24000549316406,145.59788513183594,17743300
2026-03-26,145.75,146.91000366210938,145.6300048828125,145.74000549316406,145.10008239746094,13321000
2026-03-27,145.72000122070312,145.8000030517578,143.07000732421875,143.25999450683594,142.63095092773438,12932200
2026-03-30,144.3000030517578,144.6300048828125,143.42999267578125,143.82000732421875,143.18850708007812,14799700
2026-03-31,144.80999755859375,146.75,144.60000610351562,146.61000061035156,145.96624755859375,17866000
2026-04-01,147.22000122070312,148.75999450683594,146.9499969482422,147.72999572753906,147.08132934570312,16899200
2026-04-02,146.92999267578125,148.36000061035156,146.27000427246094,146.80999755859375,146.16537475585938,11087900
2026-04-06,146.27999877929688,147.13999938964844,145.75999450683594,146.27999877929688,145.6376953125,7272600
2026-04-07,146.91000366210938,146.91000366210938,144.8800048828125,146.57000732421875,145.9264373779297,10263400
2026-04-08,148.1999969482422,149.6999969482422,147.5,149.6699981689453,149.0128173828125,8130700
2026-04-09,148.8300018310547,150.22000122070312,148.3000030517578,149.3300018310547,148.67431640625,6406400
2026-04-10,149.77999877929688,149.83999633789062,147.11000061035156,147.30999755859375,146.66317749023438,6217800
2026-04-13,146.8800048828125,148.0500030517578,146.24000549316406,147.97000122070312,147.32028198242188,6182800
2026-04-14,147.3800048828125,149.60000610351562,147.24000549316406,148.8300018310547,148.17649841308594,7722300
2026-04-15,148.86000061035156,149.2100067138672,146.88999938964844,147.77000427246094,147.12115478515625,6669200
2026-04-16,147.19000244140625,148.1999969482422,146.2899932861328,146.61000061035156,145.96624755859375,9072300
2026-04-17,147.3699951171875,149.1199951171875,147.36000061035156,148.8000030517578,148.14663696289062,8338100
2026-04-20,148.4499969482422,148.74000549316406,147.14999389648438,147.4199981689453,146.77268981933594,6325700
2026-04-21,148.2899932861328,148.55999755859375,145.8800048828125,145.9199981689453,145.27928161621094,8735300
2026-04-22,146.50999450683594,147.5800018310547,146.00999450683594,146.3800048828125,145.7372589111328,8316900
2026-04-23,146.1999969482422,146.77000427246094,145.16000366210938,146.24000549316406,145.59788513183594,7612000
2026-04-24,145.24000549316406,145.52999877929688,143.67999267578125,144.17999267578125,143.5469207763672,7969700
2026-04-27,143.67999267578125,145.2100067138672,143.4199981689453,143.4600067138672,142.83009338378906,6571900
2026-04-28,144.57000732421875,144.86000061035156,143.27999877929688,143.83999633789062,143.20840454101562,8612400
2026-04-29,142.25999450683594,143.25,141.97000122070312,142.83999633789062,142.21279907226562,11885500
2026-04-30,143.67999267578125,146.2899932861328,143.66000366210938,145.99000549316406,145.34898376464844,12587800
2026-05-01,146.2899932861328,146.61000061035156,145.14999389648438,145.16000366210938,144.5226287841797,8865800
2026-05-04,144.55999755859375,145.2100067138672,144.32000732421875,144.72999572753906,144.09449768066406,10885900
2026-05-05,145.27999877929688,145.66000366210938,144.4199981689453,145.3000030517578,144.66200256347656,7174900
2026-05-06,145.36000061035156,146.14999389648438,144.89999389648438,145.39999389648438,144.7615509033203,10613500
2026-05-07,145.17999267578125,145.83999633789062,144.27000427246094,144.72000122070312,144.0845489501953,7608000
2026-05-08,144.58999633789062,145.07000732421875,143.17999267578125,143.49000549316406,142.85995483398438,10165400
2026-05-11,143.75,145.02000427246094,142.6699981689453,143.0399932861328,142.41192626953125,9255700
2026-05-12,143.80999755859375,146.63999938964844,143.19000244140625,145.85000610351562,145.2095947265625,11897200
2026-05-13,145.32000732421875,146.97999572753906,145.1300048828125,146.7100067138672,146.06581115722656,15841800
2026-05-14,146.85000610351562,147.39999389648438,145.94000244140625,146.6300048828125,145.9861602783203,7763800
2026-05-15,146.75999450683594,147.16000366210938,144.88999938964844,145.10000610351562,144.462890625,9039900
2026-05-18,144.5,145.7899932861328,144.1199951171875,145.72000122070312,145.0801544189453,7949200
2026-05-19,145.6199951171875,148.07000732421875,144.85000610351562,147.32000732421875,146.6731414794922,12388200
2026-05-20,147.5399932861328,148.02000427246094,146.2899932861328,147.1300048828125,146.48397827148438,10527900
2026-05-21,146.89999389648438,148.3000030517578,145.83999633789062,148.14999389648438,147.49948120117188,7157000
2026-05-22,149.08999633789062,150.32000732421875,149.0,149.88999938964844,149.23184204101562,6915200
2026-05-26,149.9499969482422,150.3000030517578,148.44000244140625,148.50999450683594,147.85791015625,6590400
2026-05-27,148.69000244140625,150.1999969482422,148.27999877929688,148.7899932861328,148.1366729736328,10062500
2026-05-28,149.14999389648438,151.35000610351562,149.11000061035156,150.8800048828125,150.21751403808594,10397400
2026-05-29,150.85000610351562,151.0399932861328,149.10000610351562,149.47000122070312,148.81369018554688,13195800
2026-06-01,148.52000427246094,148.8800048828125,147.25999450683594,147.83999633789062,147.1908416748047,12582900
2026-06-02,146.75,147.27000427246094,145.30999755859375,146.39999389648438,145.75717163085938,12024300
2026-06-03,146.16000366210938,148.0500030517578,146.07000732421875,147.5500030517578,146.90213012695312,9836000
2026-06-04,150.3800048828125,152.5399932861328,150.2899932861328,152.0800018310547,151.4122314453125,14051800
2026-06-05,153.3800048828125,154.6999969482422,152.9199981689453,153.00999450683594,152.33815002441406,20723000
2026-06-08,153.24000549316406,154.47000122070312,152.41000366210938,152.64999389648438,151.97972106933594,10639500
2026-06-09,153.47999572753906,154.97999572753906,153.17999267578125,154.57000732421875,153.8913116455078,13125500
2026-06-10,154.9600067138672,155.1300048828125,152.82000732421875,152.85000610351562,152.17886352539062,11712200
2026-06-11,153.4600067138672,155.16000366210938,152.86000061035156,154.08999633789062,153.4134063720703,10548800
2026-06-12,154.97000122070312,155.16000366210938,153.3699951171875,153.80999755859375,153.13462829589844,9111000
2026-06-15,153.7100067138672,153.8800048828125,151.77000427246094,152.88999938964844,152.2186737060547,9525300
2026-06-16,153.60000610351562,153.72000122070312,151.72000122070312,152.94000244140625,152.26846313476562,8630000
2026-06-17,152.0500030517578,152.57000732421875,149.97000122070312,150.7100067138672,150.04824829101562,10991400
2026-06-18,151.27000427246094,151.27000427246094,148.7899932861328,149.39999389648438,148.74398803710938,10879300
2026-06-22,149.3300018310547,150.6199951171875,149.05999755859375,150.05999755859375,150.05999755859375,11706100
2026-06-23,151.49000549316406,152.42999267578125,151.0,152.17999267578125,152.17999267578125,9479900
2026-06-24,153.1300048828125,154.6699981689453,152.4600067138672,153.35000610351562,153.35000610351562,10070100
2026-06-25,153.9499969482422,157.2100067138672,153.58999633789062,155.6300048828125,155.6300048828125,9419200
2026-06-26,156.32000732421875,160.63999938964844,156.17999267578125,160.33999633789062,160.33999633789062,16563800
2026-06-29,160.6999969482422,161.08999633789062,159.8800048828125,160.74000549316406,160.74000549316406,12935000
2026-06-30,161.00999450683594,161.25,157.9600067138672,158.66000366210938,158.66000366210938,11559400
2026-07-01,159.61000061035156,159.9600067138672,158.5,159.5399932861328,159.5399932861328,10123700
2026-07-02,160.6699981689453,163.85000610351562,160.3800048828125,163.74000549316406,163.74000549316406,14719400
2026-07-06,163.1999969482422,163.4499969482422,160.25,161.9600067138672,161.9600067138672,16123400
2026-07-07,164.75,165.61000061035156,163.8800048828125,164.44000244140625,164.44000244140625,12143500
2026-07-08,163.4199981689453,163.99000549316406,162.25999450683594,162.3000030517578,162.3000030517578,9287900
2026-07-09,161.8000030517578,163.4199981689453,161.36000061035156,162.1699981689453,162.1699981689453,9576400
2026-07-10,162.47999572753906,162.66000366210938,160.24000549316406,160.83999633789062,160.83999633789062,9497100
2026-07-13,160.97000122070312,162.24000549316406,160.32000732421875,161.41000366210938,161.41000366210938,6873000
2026-07-14,159.77999877929688,160.0800018310547,157.77999877929688,158.2899932861328,158.2899932861328,11523000
2026-07-15,157.3800048828125,159.35000610351562,157.25,158.2899932861328,158.2899932861328,10885300
2026-07-16,160.35000610351562,162.63999938964844,159.94000244140625,161.8000030517578,161.8000030517578,11819000
2026-07-17,161.80999755859375,164.0,160.8800048828125,161.08999633789062,161.08999633789062,9165800
2026-07-20,161.0,161.48500061035156,159.61000061035156,159.7899932861328,159.7899932861328,4781007
